x,y,z,gx,gy,gz,t
-0.2153617292642593,9.19355297088623,2.950455665588379,-0.4200000166893005,-4.199999809265137,-0.0700000002980232,0.0
-0.21296881636074316,9.194829050700713,2.953008127213309,-0.4200000166893005,-4.199999809265137,-0.0700000002980232,0.03333333333333333
-0.15442233085568943,9.208867708842504,2.9467865784969307,-0.4200000166893005,-4.199999809265137,-0.0700000002980232,0.06666666666666667
-0.16151172161099125,9.184095802307509,2.92761776161159,0.4900000095367431,-4.409999847412109,0.2100000083446502,0.1
-0.12107476588122122,9.171481081644574,2.895597551345865,0.4900000095367431,-4.409999847412109,0.2100000083446502,0.13333333333333333
-0.13594270773673633,9.201216712951522,2.8256160895027467,2.799999952316284,-4.619999885559082,0.4200000166893005,0.16666666666666666
-0.10814030301720806,9.21030330657959,2.828359872817806,2.799999952316284,-4.619999885559082,0.4200000166893005,0.2
-0.13080592445533382,9.196788314819273,2.8401203575134217,2.309999942779541,-4.340000152587891,0.4900000095367431,0.23333333333333334
-0.15263563100488778,9.14411873626722,2.781682368596574,2.309999942779541,-4.340000152587891,0.4900000095367431,0.26666666666666666
-0.15496726413223652,9.157129718139021,2.783290941103482,1.8943362362656821,-4.226637300137959,0.4522124027787522,0.3
-0.18879725539690023,9.205881469726476,2.801004250208795,1.5399999618530271,-4.130000114440918,0.4200000166893005,0.3333333333333333
-0.19300239252975948,9.208325317382055,2.777923761366056,1.5399999618530271,-4.130000114440918,0.4200000166893005,0.36666666666666664
-0.18061669647822634,9.210877342225615,2.812432708739963,0.4900000095367431,-4.269999980926514,0.2100000083446502,0.4
-0.17710710048609143,9.195467096965423,2.7701261361438214,0.4900000095367431,-4.269999980926514,0.2100000083446502,0.43333333333333335
-0.22344018646096486,9.233894083658747,2.7998874950407737,-0.3499999940395355,-4.269999980926514,0.1400000005960464,0.4666666666666667
-0.1784535130261858,9.223493057251646,2.8020762844102722,-0.3499999940395355,-4.269999980926514,0.1400000005960464,0.5
-0.16764395375934538,9.116507690430726,2.789920209886323,-1.0499999523162842,-4.199999809265137,0.2100000083446502,0.5333333333333333
-0.1677588120716431,9.190279286703,2.7881783040361956,-1.0499999523162842,-4.199999809265137,0.2100000083446502,0.5666666666666667
-0.17121257737225892,9.234854240418965,2.7718489718441437,-0.9050999563218626,-4.168499817832688,0.22260000706339678,0.6
-0.1531461179256439,9.240160588582334,2.8260245323181152,0.5600000023841858,-3.849999904632568,0.3499999940395355,0.6333333333333333
-0.15462014921498365,9.233249318440809,2.7809867115021802,0.5600000023841858,-3.849999904632568,0.3499999940395355,0.6666666666666666
-0.15037034356569182,9.174103302003,2.7491450729380578,1.190000057220459,-3.640000104904175,0.4900000095367431,0.7
-0.1553922596770821,9.22041103362961,2.7669101206462856,1.190000057220459,-3.640000104904175,0.4900000095367431,0.7333333333333333
-0.15853813638472314,9.206251551310139,2.775582011540482,0.2800000011920929,-3.569999933242798,0.4200000166893005,0.7666666666666666
-0.14855173885916464,9.176802635192873,2.8024781990033882,0.2800000011920929,-3.569999933242798,0.4200000166893005,0.8
-0.13356521496868287,9.236787644107116,2.786107340394319,1.4446017967682212,-3.4729498783004944,0.5170501542693121,0.8333333333333334
-0.15811698084936246,9.240562032062622,2.752367599488177,1.9600000381469729,-3.430000066757202,0.5600000023841858,0.8666666666666667
-0.18088470828574366,9.183100761411927,2.7524377231602606,1.9600000381469729,-3.430000066757202,0.5600000023841858,0.9
-0.1357002253931644,9.099221140544696,2.756553529103457,1.2599999904632568,-3.009999990463257,0.6299999952316284,0.9333333333333333
-0.16195839917616603,9.152490748086977,2.713187626521695,1.2599999904632568,-3.009999990463257,0.6299999952316284,0.9666666666666667
-0.1957781674860893,9.213902420043603,2.681033311843821,5.460000038146973,-3.0799999237060547,0.6299999952316284,1.0
-0.20252935846635028,9.335430330910128,2.5823689950314166,5.460000038146973,-3.0799999237060547,0.6299999952316284,1.0333333333333332
-0.17340607368976257,9.43941602579801,2.582515834808374,4.619999885559082,-3.0799999237060547,0.4900000095367431,1.0666666666666667
-0.15038949143886116,9.319075683593763,2.5493852272033513,4.619999885559082,-3.0799999237060547,0.4900000095367431,1.1
-0.11028553185023382,9.264810767497549,2.5749808630759383,2.0128612392267073,-3.0799999237060547,0.44126844072163485,1.1333333333333333
-0.11296440627256282,9.238520393370795,2.57930604044557,-2.870000123977661,-3.0799999237060547,0.3499999940395355,1.1666666666666667
-0.1417750178578413,9.239994064330801,2.5798611679072803,-2.870000123977661,-3.0799999237060547,0.3499999940395355,1.2
-0.166163537105169,9.206698379515949,2.6378781700132645,-7.980000019073486,-3.3600001335144043,0.1400000005960464,1.2333333333333334
-0.14501023093915916,9.066154327392352,2.686119092304747,-7.980000019073486,-3.3600001335144043,0.1400000005960464,1.2666666666666666
-0.15090636074532587,9.161162361147518,2.6153528861983895,-1.9600000381469729,-3.0799999237060547,0.4900000095367431,1.3
-0.14612691982921358,9.142644167578451,2.622097655613148,-1.9600000381469729,-3.0799999237060547,0.4900000095367431,1.3333333333333333
-0.13446166680588711,9.220065763919775,2.702793239493194,-2.565840626907724,-3.1473157230050037,0.35536872619291104,1.3666666666666667
-0.12833644842927722,9.22802989196734,2.842238828660361,-2.5899999141693115,-3.150000095367432,0.3499999940395355,1.4
-0.16680803143922132,9.261798746743592,3.05262323697432,-2.5899999141693115,-3.150000095367432,0.3499999940395355,1.4333333333333333
-0.2071428902943672,9.342646715799454,3.0306660251621285,-3.220000028610229,-3.0799999237060547,0.0700000002980232,1.4666666666666666
-0.23035089945843126,9.343004264831912,2.9651195220946396,-3.220000028610229,-3.0799999237060547,0.0700000002980232,1.5
-0.17998496838430164,9.123897069296351,3.008147052763789,-3.430000066757202,-2.940000057220459,0.0,1.5333333333333332
-0.18450278353587884,9.041772595723872,3.0056392199197832,-3.430000066757202,-2.940000057220459,0.0,1.5666666666666667
-0.2394822436573838,8.951390495301311,3.0469377517711065,-5.179999828338623,-2.940000057220459,-0.0700000002980232,1.6
-0.21829702496400374,8.937256202698357,3.0728130849194937,-5.179999828338623,-2.940000057220459,-0.0700000002980232,1.6333333333333333
-0.25957053187569246,9.184066122613546,3.03651564662639,-0.3006487860745235,-2.8346903035720206,0.14061946589978105,1.6666666666666667
-0.22481849646557434,9.267388046264323,2.9520446529380826,4.550000190734863,-2.7300000190734863,0.3499999940395355,1.7
-0.24836472050401445,9.286876678466797,2.895910156250744,4.550000190734863,-2.7300000190734863,0.3499999940395355,1.7333333333333334
-0.25678775644413754,9.330057039896213,2.8375231571202457,4.96999979019165,-2.799999952316284,0.699999988079071,1.7666666666666666
-0.24702469015096648,9.298094345093642,2.8457229061124227,4.96999979019165,-2.799999952316284,0.699999988079071,1.8
-0.2627859708470487,9.223033449808879,2.804915732701611,1.680000066757202,-2.799999952316284,0.8400000333786011,1.8333333333333333
-0.23998635041703031,9.130795143127708,2.7787789580033673,1.680000066757202,-2.799999952316284,0.8400000333786011,1.8666666666666667
-0.2478478463907085,9.116481903076085,2.8181374092113227,0.3499999940395355,-2.799999952316284,0.9800000190734864,1.9
-0.2571961425918677,9.145637306213098,2.8028164285020263,0.3499999940395355,-2.799999952316284,0.9800000190734864,1.9333333333333333
-0.19412908380215305,9.22705364227295,2.8625110644481917,0.6783185865870556,-2.8437757590647212,1.001887922447705,1.9666666666666666
-0.2220810167776965,9.228814613341415,2.7908391838073188,2.450000047683716,-3.0799999237060547,1.1200000047683716,2.0
-0.17952553260363482,9.286640126547276,2.7904819094336917,2.450000047683716,-3.0799999237060547,1.1200000047683716,2.033333333333333
-0.18584919174534825,9.299797884622803,2.798266728719347,0.9100000262260436,-3.150000095367432,1.1200000047683716,2.0666666666666664
-0.22158328890761952,9.246196937561148,2.7504086494450783,0.9100000262260436,-3.150000095367432,1.1200000047683716,2.1
-0.15513063186638537,9.194567731220983,2.7327841014846928,-0.6299999952316284,-3.430000066757202,1.399999976158142,2.1333333333333333
-0.11316860073875432,9.20073127746582,2.7352917633053817,-0.6299999952316284,-3.430000066757202,1.399999976158142,2.1666666666666665
-0.14617915148345895,9.212696075439451,2.7853450775146484,0.771238983257382,-3.53778757458643,1.507787575767973,2.2
-0.11679943923195611,9.195658393860723,2.764593687058011,1.190000057220459,-3.569999933242798,1.5399999618530271,2.2333333333333334
-0.11972835958282253,9.201676147459402,2.748711156842406,1.190000057220459,-3.569999933242798,1.5399999618530271,2.2666666666666666
-0.1602099821563742,9.179119239806875,2.7345196762088575,1.2599999904632568,-3.640000104904175,1.6100000143051147,2.3
-0.11422785826516389,9.204886077880783,2.700419050216726,1.2599999904632568,-3.640000104904175,1.6100000143051147,2.3333333333333335
-0.16774604479492108,9.235859181722223,2.690892146428339,3.0799999237060547,-3.5,1.399999976158142,2.3666666666666667
-0.13718063616716752,9.220965698242965,2.6556492996230765,3.0799999237060547,-3.5,1.399999976158142,2.4
-0.102895051240921,9.186578511556123,2.6857873490651936,0.4900000095367431,-3.640000104904175,1.190000057220459,2.433333333333333
-0.0837517827749252,9.188173947652185,2.6595100072224858,0.4900000095367431,-3.640000104904175,1.190000057220459,2.466666666666667
-0.043528136575623405,9.189450491042427,2.618525164468012,1.423333361046249,-3.640000104904175,1.1100000426873406,2.5
-0.023661075512314923,9.257191075643494,2.6143190504710514,2.940000057220459,-3.640000104904175,0.9800000190734864,2.533333333333333
-0.05794666490957927,9.31132252248134,2.5611518548329606,2.940000057220459,-3.640000104904175,0.9800000190734864,2.5666666666666664
-0.08160773694512706,9.298534248352045,2.5693133239745736,2.1700000762939453,-3.3600001335144043,0.8400000333786011,2.6
-0.08062504889562401,9.25650223541265,2.5691346047719743,2.1700000762939453,-3.3600001335144043,0.8400000333786011,2.6333333333333333
-0.08394321541155729,9.222063906349975,2.5581080195116717,-2.240000009536743,-3.289999961853028,0.2800000011920929,2.6666666666666665
-0.10815944897967693,9.149274711610044,2.634247291566421,-2.240000009536743,-3.289999961853028,0.2800000011920929,2.7
-0.1281386393299417,9.149746587118933,2.538722336453128,0.7699999809265137,-3.220000028610229,0.0700000002980232,2.7333333333333334
-0.08613830838573752,9.21029054514513,2.5652740408611954,0.7699999809265137,-3.220000028610229,0.0700000002980232,2.7666666666666666
-0.12073657018092382,9.247287788392574,2.5602585468293957,0.7699999809265137,-3.220000028610229,0.0700000002980232,2.8
-0.1169142950784234,9.240141446431437,2.588392760594293,1.3300000429153442,-2.940000057220459,-0.1400000005960464,2.8333333333333335
-0.10062976256912759,9.29877033233694,2.5987109012602825,1.3300000429153442,-2.940000057220459,-0.1400000005960464,2.8666666666666667
-0.1424833205939498,9.292293472290734,2.587824790954474,0.0,-2.870000123977661,-0.4900000095367431,2.9
-0.13693815463752024,9.280265449524395,2.6390074939727195,0.0,-2.870000123977661,-0.4900000095367431,2.933333333333333
-0.0911027978667552,9.242821347554598,2.5749413293211596,-0.3499999940395355,-2.940000057220459,-0.4900000095367431,2.966666666666667
-0.09106450957067375,9.244205963134991,2.5655804290760207,-0.3499999940395355,-2.940000057220459,-0.4900000095367431,3.0
-0.12121243888985972,9.245074876993073,2.503355891303806,0.17613569713232957,-2.8185841059558516,-0.4090560477706186,3.033333333333333
-0.1320757700210755,9.258569910685306,2.5881056111651537,0.5600000023841858,-2.7300000190734863,-0.3499999940395355,3.0666666666666664
-0.17006876063401657,9.27822357177819,2.58259877586295,0.5600000023841858,-2.7300000190734863,-0.3499999940395355,3.1
-0.21740368119872572,9.275186251322431,2.5781830984751233,-0.699999988079071,-2.799999952316284,-0.3499999940395355,3.1333333333333333
-0.1862575798034457,9.282313911437935,2.5829496758778783,-0.699999988079071,-2.799999952316284,-0.3499999940395355,3.1666666666666665
-0.19752021050307494,9.267043502807496,2.623278089522587,0.2800000011920929,-2.799999952316284,-0.2100000083446502,3.2
-0.18025298317291943,9.250197827656878,2.5838110656737974,0.2800000011920929,-2.799999952316284,-0.2100000083446502,3.2333333333333334
-0.1938255578279495,9.29711134847003,2.5807608979544954,1.2599999904632568,-2.870000123977661,0.0,3.2666666666666666
-0.1977882096770968,9.304679588317734,2.558516374587917,1.2599999904632568,-2.870000123977661,0.0,3.3
-0.19921909138636126,9.300948836816007,2.5693755957184945,0.9820370294339236,-2.899259355332823,0.014629629691768264,3.3333333333333335
-0.17622650929287206,9.286046546936005,2.5747690200805664,-0.0700000002980232,-3.009999990463257,0.0700000002980232,3.3666666666666667
-0.19979825174806481,9.301578414917032,2.5901220989227642,-0.0700000002980232,-3.009999990463257,0.0700000002980232,3.4
-0.2344411853538394,9.299530019123742,2.54562661997585,0.0700000002980232,-3.150000095367432,0.2800000011920929,3.433333333333333
-0.20015559613663683,9.254938644408924,2.5469028822585074,0.0700000002980232,-3.150000095367432,0.2800000011920929,3.466666666666667
-0.2122030899515182,9.260152328491307,2.474305332182697,1.9600000381469729,-3.289999961853028,0.4200000166893005,3.5
-0.23447309525876472,9.261051724751379,2.517122406005378,1.9600000381469729,-3.289999961853028,0.4200000166893005,3.533333333333333
-0.2527235750776453,9.267175159622784,2.5672515676455667,0.6562242087256671,-3.171475001136885,0.360737460638605,3.5666666666666664
-0.2632964560981761,9.313313270568276,2.526011253357441,0.4200000166893005,-3.150000095367432,0.3499999940395355,3.6
-0.2518105079327338,9.315099543253675,2.5304780432367213,0.4200000166893005,-3.150000095367432,0.3499999940395355,3.6333333333333333
-0.2498897941113482,9.291145037332953,2.480418323516749,1.399999976158142,-3.220000028610229,0.3499999940395355,3.6666666666666665
-0.2059240953920374,9.23423194885254,2.4959372386930476,1.399999976158142,-3.220000028610229,0.3499999940395355,3.6999999999999997
-0.22841105083602786,9.253917999267468,2.495260848999132,0.4900000095367431,-3.430000066757202,0.2800000011920929,3.7333333333333334
-0.25323348979162447,9.23943332672112,2.519413181941031,0.4900000095367431,-3.430000066757202,0.2800000011920929,3.7666666666666666
-0.22636911654325342,9.27607939148055,2.454759963987964,0.1400000005960464,-3.5,0.2800000011920929,3.8
-0.2274602668279391,9.265461532591047,2.512981088002988,0.1400000005960464,-3.5,0.2800000011920929,3.8333333333333335
-0.21824874911506292,9.305913691676471,2.4722552397963216,0.5187020671291057,-3.527050121697308,0.3070501459224642,3.8666666666666667
-0.23056148004520996,9.349512741088812,2.4508929595943467,1.1200000047683716,-3.569999933242798,0.3499999940395355,3.9
-0.1820460659266584,9.327045560200927,2.50621065966294,1.1200000047683716,-3.569999933242798,0.3499999940395355,3.933333333333333
-0.2128348184823017,9.232394470214958,2.5235353266397733,-1.4700000286102295,-3.569999933242798,0.4200000166893005,3.966666666666667
-0.19055205774305434,9.254696426391629,2.4948268680572556,-1.4700000286102295,-3.569999933242798,0.4200000166893005,4.0
-0.2002321698672421,9.278714731853078,2.432247425078418,0.8400000333786011,-3.5,0.5600000023841858,4.033333333333333
-0.20668344918906673,9.25906730906125,2.4871247762046256,0.8400000333786011,-3.5,0.5600000023841858,4.066666666666666
-0.22353590226204148,9.277304649353027,2.468887649535211,0.3499999940395355,-3.430000066757202,0.4900000095367431,4.1
-0.21162878791267742,9.313887616474977,2.4527562821685285,0.3499999940395355,-3.430000066757202,0.4900000095367431,4.133333333333333
-0.25985208705523394,9.326935273629035,2.441120836470212,0.35259258747356487,-3.424814877681564,0.4900000095367431,4.166666666666667
-0.20341633534433257,9.309656791687058,2.396449510574296,0.4200000166893005,-3.289999961853028,0.4900000095367431,4.2
-0.2281302909851208,9.262679092407222,2.3565677407582526,0.4200000166893005,-3.289999961853028,0.4900000095367431,4.233333333333333
-0.2157254512701271,9.265339851379396,2.431194543838501,-2.1700000762939453,-3.5,0.2800000011920929,4.266666666666667
-0.1654552413232189,9.250982284545898,2.579440174102549,-2.1700000762939453,-3.5,0.2800000011920929,4.3
-0.23424336540718996,9.233989906312136,2.5072444324497405,-0.9100000262260436,-3.569999933242798,0.2100000083446502,4.333333333333333
-0.21765253504089038,9.223084877016424,2.477170262656036,-0.9100000262260436,-3.569999933242798,0.2100000083446502,4.366666666666666
-0.19942496240141483,9.23540498733517,2.4925247621536952,0.1575000101297669,-3.4846000146868263,0.1673000036181228,4.4
-0.18738704097280628,9.219530118307057,2.4004569613139317,0.8400000333786011,-3.430000066757202,0.1400000005960464,4.433333333333334
-0.20929969394067346,9.214368054708627,2.3914915517166193,0.8400000333786011,-3.430000066757202,0.1400000005960464,4.466666666666667
-0.20031512010091163,9.185799797058241,2.3735159683226996,1.8899999856948853,-3.220000028610229,0.2100000083446502,4.5
-0.14795191081313583,9.28995861053437,2.232813001632591,1.8899999856948853,-3.220000028610229,0.2100000083446502,4.533333333333333
-0.11792251219387355,9.235412584941004,2.122860504785938,1.190000057220459,-3.5,0.0700000002980232,4.566666666666666
-0.13505573064065884,9.101090660095242,2.138781328201766,1.190000057220459,-3.5,0.0700000002980232,4.6
-0.17482267757271772,9.072037745157706,2.2013350321450322,-10.56999969482422,-3.7799999713897705,-0.5600000023841858,4.633333333333333
-0.20541361633934208,8.990717274983815,2.1907743174234318,-10.56999969482422,-3.7799999713897705,-0.5600000023841858,4.666666666666667
-0.20320576056831177,8.733516197204446,2.2700323081015683,-11.313399715443309,-3.8240999722492472,-0.5852000051743518,4.7
-0.23491337871559967,8.421102806090838,2.32797414652521,-18.82999992370605,-4.269999980926514,-0.8400000333786011,4.733333333333333
-0.22824514559905817,8.169796719869135,2.3543853855132366,-18.82999992370605,-4.269999980926514,-0.8400000333786011,4.766666666666667
-0.18540251541139116,7.844450359344524,2.4524245681762893,-25.76000022888184,-4.480000019073486,-1.190000057220459,4.8
-0.1986368968887497,7.432327798208861,2.548836367924575,-25.76000022888184,-4.480000019073486,-1.190000057220459,4.833333333333333
-0.21290500648682628,7.1224878018746605,2.5932360426543406,-31.63999938964844,-4.829999923706055,-1.190000057220459,4.866666666666666
-0.21419398391063488,7.0207159614522014,2.707221334462034,-31.63999938964844,-4.829999923706055,-1.190000057220459,4.9
-0.21027944195241477,6.923897380322429,2.793278973362733,-30.621593666641445,-5.112890702081046,-1.3597345049750431,4.933333333333334
-0.25406303604463193,6.928840853374128,2.86396007855912,-30.380001068115234,-5.179999828338623,-1.399999976158142,4.966666666666667
-0.3149067020409922,7.059365997312108,3.2914930152828425,-30.380001068115234,-5.179999828338623,-1.399999976158142,5.0
-0.3407182082336363,7.623358596799824,3.626500155765717,-31.989999771118164,-4.690000057220459,-1.820000052452088,5.033333333333333
-0.3035228494803777,8.08058225885947,3.8785210978187608,-31.989999771118164,-4.690000057220459,-1.820000052452088,5.066666666666666
-0.3983330502505628,8.09109232330227,4.283056762692266,-24.780000686645508,-4.340000152587891,-1.2599999904632568,5.1
-0.4294217166105459,8.07234467061389,4.52174108378073,-24.780000686645508,-4.340000152587891,-1.2599999904632568,5.133333333333333
-0.3721578183172832,7.997201240539973,4.633742229460012,-21.0,-4.619999885559082,-0.6299999952316284,5.166666666666667
-0.39873506522281355,7.932394680025475,4.916928279882872,-21.0,-4.619999885559082,-0.6299999952316284,5.2
-0.3635102546500825,7.838348084844798,4.90034396951063,-18.660884863012328,-4.741828760907068,-0.6056342160125634,5.233333333333333
-0.2680503776866493,7.814223339081255,4.911306533812864,-14.279999732971191,-4.96999979019165,-0.5600000023841858,5.266666666666667
-0.28004682159408056,7.738128616334111,4.963465652461353,-14.279999732971191,-4.96999979019165,-0.5600000023841858,5.3
-0.3676655286949902,7.841840653737319,5.066143702189042,-14.699999809265137,-4.96999979019165,-0.699999988079071,5.333333333333333
-0.2957379113832744,8.125888389587475,5.184838442484584,-14.699999809265137,-4.96999979019165,-0.699999988079071,5.366666666666666
-0.23680217921568844,8.477020378113682,5.420032520295839,-9.9399995803833,-4.690000057220459,-1.1200000047683716,5.4
-0.04402950912686751,8.505001614887837,5.4727085304261704,-9.9399995803833,-4.690000057220459,-1.1200000047683716,5.433333333333334
0.11280219396758728,8.34671010920618,5.499415617138441,-19.267778131593673,-5.365925798963705,-0.5116666760461511,5.466666666666667
0.1949741536376144,8.378949905394729,5.816968124388563,-19.600000381469727,-5.389999866485596,-0.4900000095367431,5.5
0.34306006495100516,8.630281041463348,5.907279486339312,-19.600000381469727,-5.389999866485596,-0.4900000095367431,5.533333333333333
0.42458485635121973,8.497822723388872,5.723529857635434,-15.890000343322754,-5.809999942779541,0.3499999940395355,5.566666666666666
0.293351380109751,7.897228492736797,6.0776804122924775,-15.890000343322754,-5.809999942779541,0.3499999940395355,5.6
-0.04495476623023253,7.836767710371103,6.1998973642976205,-22.61000061035156,-5.809999942779541,0.1400000005960464,5.633333333333333
-0.42677356576843367,8.011603246053026,6.166141353606139,-22.61000061035156,-5.809999942779541,0.1400000005960464,5.666666666666667
-0.6798730354303607,7.9441294898974775,6.452352249139814,-15.68000030517578,-4.550000190734863,-0.3499999940395355,5.7
-0.7391916516620589,8.018200907389058,6.443240197497615,-15.68000030517578,-4.550000190734863,-0.3499999940395355,5.733333333333333
-0.6324124269435542,8.094487854161246,6.619108593921576,-12.486430795567278,-3.5142479372117847,-0.73840708911069,5.766666666666667
-0.4326377773283558,7.998726234436225,7.000883178712819,-10.5,-2.870000123977661,-0.9800000190734864,5.8
-0.35769190828040826,8.3912267303445,7.447463792161173,-10.5,-2.870000123977661,-0.9800000190734864,5.833333333333333
-0.47513581991222653,8.9474025599179,7.978147048951679,-8.399999618530273,-1.8899999856948853,-1.399999976158142,5.866666666666666
-0.5396486234668553,9.625712318422796,8.837392196657046,-8.399999618530273,-1.8899999856948853,-1.399999976158142,5.9
-0.48745773315837393,10.602758562710232,9.43944179025682,-7.559999942779541,-1.3300000429153442,-1.5399999618530271,5.933333333333334
-0.2965546987065343,11.976555959061942,9.430591552735422,-7.559999942779541,-1.3300000429153442,-1.5399999618530271,5.966666666666667
-0.22474192941193333,12.109722740173412,9.732282814026028,1.75,-1.680000066757202,0.699999988079071,6.0
-0.08389854857315386,12.062503326416119,9.669339622497496,1.75,-1.680000066757202,0.699999988079071,6.033333333333333
-0.06438969917183057,12.201120444112364,9.34026863581994,2.1549262774313327,-1.7566077378435447,0.9735988173811756,6.066666666666666
-0.2176780626767662,11.327510353092155,9.281611701967147,4.340000152587891,-2.1700000762939453,2.450000047683716,6.1
-0.2512553632259369,10.219600064598273,9.06166241963909,4.340000152587891,-2.1700000762939453,2.450000047683716,6.133333333333333
-0.28870596448581476,9.335761678060162,8.11426843261743,-6.789999961853027,-3.009999990463257,3.009999990463257,6.166666666666667
-0.3277135407922892,8.476847816467664,7.767705074310519,-6.789999961853027,-3.009999990463257,3.009999990463257,6.2
-0.44428327878369067,8.322056134541512,8.157263819378635,-3.640000104904175,-1.5399999618530271,2.450000047683716,6.233333333333333
-0.3605314890492626,8.464513778693977,8.494025866188728,-3.640000104904175,-1.5399999618530271,2.450000047683716,6.266666666666667
-0.09624808175056201,8.79579855903613,8.007848058422882,23.24888868626533,0.18222222635266916,2.949999949301309,6.3
0.022691150496243526,8.368739453631868,7.417504734028121,30.239999771118164,0.6299999952316284,3.0799999237060547,6.333333333333333
-0.12864273568256673,8.24548875427316,6.50275013350374,30.239999771118164,0.6299999952316284,3.0799999237060547,6.366666666666666
-0.36046767020348014,8.17985965728666,5.797384567258578,38.220001220703125,1.680000066757202,2.5199999809265137,6.4
-0.5656260662091911,7.700518767036999,5.308925071712248,38.220001220703125,1.680000066757202,2.5199999809265137,6.433333333333334
-0.5666214761722957,7.312446472173249,4.45828752391968,29.75,2.0299999713897705,1.3300000429153442,6.466666666666667
-0.45490139150599945,6.719802764895462,3.4201931667350376,29.75,2.0299999713897705,1.3300000429153442,6.5
-0.2848581563635481,5.668403762820757,2.4424253012368546,17.850000381469727,1.399999976158142,0.8400000333786011,6.533333333333333
-0.209152934946429,4.678677701293827,1.6880339314012407,17.850000381469727,1.399999976158142,0.8400000333786011,6.566666666666666
-0.2051971666850803,3.5246266073947172,1.4377354109201168,8.632301145462812,1.191858404518384,0.5129203733291126,6.6
-0.21740367710614691,2.8337136427573455,1.2058342075353374,-3.849999904632568,0.9100000262260436,0.0700000002980232,6.633333333333333
-0.21370264728820634,2.084031515124227,1.171854969659953,-3.849999904632568,0.9100000262260436,0.0700000002980232,6.666666666666667
-0.20573267245287505,1.729172786713987,1.1398282737739152,-42.560001373291016,-0.699999988079071,-1.9600000381469729,6.7
-0.15506682479447026,1.7523999621043478,1.5040416272477541,-42.560001373291016,-0.699999988079071,-1.9600000381469729,6.733333333333333
-0.11717592581101774,2.3560510120413123,1.8692440636958418,-19.739999771118164,0.2800000011920929,-1.4700000286102295,6.766666666666667
-0.14376591384371404,3.4728753662093594,2.360249628062651,-19.739999771118164,0.2800000011920929,-1.4700000286102295,6.8
-0.3212303628125402,4.437249159492574,3.0418520297980325,-11.550000190734863,0.8400000333786011,-1.6100000143051147,6.833333333333333
-0.5037932853695444,5.508768118539326,3.543769291560342,-11.550000190734863,0.8400000333786011,-1.6100000143051147,6.866666666666666
-0.6264824810027579,6.020499362945292,3.7339895572655726,-11.550000190734863,0.8400000333786011,-1.6100000143051147,6.8999999999999995
-0.8178896021829632,5.999601046246404,4.173595303844744,-14.420000076293944,-0.2100000083446502,-1.2599999904632568,6.933333333333334
-0.8231986964546284,6.199482688900091,4.728380021413123,-14.420000076293944,-0.2100000083446502,-1.2599999904632568,6.966666666666667
-0.6988248538967281,6.297942714689858,5.404143543242797,-22.68000030517578,-0.6299999952316284,-2.0999999046325684,7.0
-0.6393531544997444,6.2419484329300845,5.7577515284183844,-22.68000030517578,-0.6299999952316284,-2.0999999046325684,7.033333333333333
-0.8110363292682166,5.989289334604934,6.63722518919837,-39.27000045776367,-1.680000066757202,-3.430000066757202,7.066666666666666
-1.0618768692030034,6.368868598952156,7.651563129438483,-39.27000045776367,-1.680000066757202,-3.430000066757202,7.1
-1.0570766537903613,7.411824022021897,7.992901824770011,-12.984814993696343,-1.2883333289400878,-3.1253704311960657,7.133333333333333
-0.63313157621721,8.079472470607891,8.335838762921346,3.009999990463257,-1.0499999523162842,-2.940000057220459,7.166666666666667
-0.37838576960302756,8.76359523773447,8.463409576418625,3.009999990463257,-1.0499999523162842,-2.940000057220459,7.2
-0.274514418443429,9.02460097249313,8.328628115334432,16.65999984741211,-1.399999976158142,-1.6100000143051147,7.233333333333333
-0.4608230514540967,9.056429471334717,7.997041651408276,16.65999984741211,-1.399999976158142,-1.6100000143051147,7.266666666666667
-0.8054145989427187,9.49722290039404,7.769179264071351,14.770000457763672,-2.309999942779541,-0.1400000005960464,7.3
-0.8794032783504885,10.17590252685805,7.886916567483665,14.770000457763672,-2.309999942779541,-0.1400000005960464,7.333333333333333
-0.7996141759550048,10.736200235999394,8.376346112568363,7.630000114440918,-3.3600001335144043,0.9100000262260436,7.366666666666666
-0.9514776654245343,11.74111923980805,9.166445663453379,7.630000114440918,-3.3600001335144043,0.9100000262260436,7.3999999999999995
-1.2442910108566938,12.63537343342339,9.831767318516075,6.71648977232777,-3.62100305665492,1.154690294450613,7.433333333333334
-1.4939723126086009,13.357531801857428,10.12535100301152,3.7100000381469727,-4.480000019073486,1.9600000381469729,7.466666666666667
-1.595112509727976,13.770898933408803,9.939087066654423,3.7100000381469727,-4.480000019073486,1.9600000381469729,7.5
-1.287978038790527,13.051412127183893,9.598707473756392,2.7300000190734863,-5.880000114440918,3.849999904632568,7.533333333333333
-1.0412787542354287,11.600224784861478,9.394831113179958,2.7300000190734863,-5.880000114440918,3.849999904632568,7.566666666666666
-0.8188340091704479,10.443320785522083,9.400262161254714,-26.670000076293945,-8.399999618530273,3.990000009536743,7.6
-0.8401276946066281,9.673167902630745,9.087365168253974,-26.670000076293945,-8.399999618530273,3.990000009536743,7.633333333333333
-0.8839077647103916,9.27413524357726,8.704242019879802,-6.698525021144977,-8.340737340022125,5.41230095098923,7.666666666666667
-0.7410932064058294,8.68081945800982,8.592454162598335,-3.0799999237060547,-8.329999923706055,5.670000076293945,7.7
-0.48941032536944107,8.349603103638106,8.491148358663159,-3.0799999237060547,-8.329999923706055,5.670000076293945,7.733333333333333
-0.2833777395078244,8.37876491292285,8.200661890665176,14.630000114440918,-7.840000152587891,6.510000228881836,7.766666666666667
-0.1318779472106142,8.155853866576118,7.839377368923582,14.630000114440918,-7.840000152587891,6.510000228881836,7.8
-0.1426173234008965,8.060622717534011,6.90484788257748,34.790000915527344,-7.840000152587891,6.860000133514404,7.833333333333333
-0.29786919991290967,7.794786326088375,5.841726919802991,34.790000915527344,-7.840000152587891,6.860000133514404,7.866666666666666
-0.3715707695488159,6.858457565310053,4.960019950870698,27.51000022888184,-8.1899995803833,5.809999942779541,7.8999999999999995
-0.3060050869000807,6.219072608937537,4.068326574948999,27.51000022888184,-8.1899995803833,5.809999942779541,7.933333333333334
-0.23684143088289783,6.056443308658758,3.424039675425873,26.456902692496158,-7.768760804950907,5.178141660070011,7.966666666666667
-0.13107393503199227,5.687387214661202,3.025688768387094,25.40999984741211,-7.349999904632568,4.550000190734863,8.0
-0.011307288133338039,5.088649737041999,2.5983854357445897,25.40999984741211,-7.349999904632568,4.550000190734863,8.033333333333333
0.019985568334555996,4.211888534543515,2.0894299634297173,15.260000228881836,-6.929999828338623,4.269999980926514,8.066666666666666
0.08174174213537802,3.250928297036171,1.8347287559504142,15.260000228881836,-6.929999828338623,4.269999980926514,8.1
0.12049408892976116,2.6253582674600673,1.597677745814282,-8.890000343322754,-6.650000095367432,2.5899999141693115,8.133333333333333
0.2353983444377053,2.254731901167297,1.6226916093825445,-8.890000343322754,-6.650000095367432,2.5899999141693115,8.166666666666666
0.2797213950157303,2.0935839653011286,1.7476269264223392,-19.040000915527344,-6.440000057220459,0.7699999809265137,8.2
0.2539992167949988,2.4957266127265854,1.6688460257846855,-19.040000915527344,-6.440000057220459,0.7699999809265137,8.233333333333333
0.12075362411661474,2.7958483393565454,1.8684165161266075,-19.227906488737244,-6.425545783872958,0.7179645830908381,8.266666666666666
-0.007178723811201441,2.932748174663255,2.837988948820894,-23.59000015258789,-6.090000152587891,-0.4900000095367431,8.3
-0.011007377439777382,3.6389751434095614,3.473545360570341,-23.59000015258789,-6.090000152587891,-0.4900000095367431,8.333333333333334
0.04715624249023904,4.809068705237533,3.568757623669897,-12.670000076293944,-6.019999980926514,-2.0299999713897705,8.366666666666667
0.11574017632138264,5.504722404474831,4.002741888037655,-12.670000076293944,-6.019999980926514,-2.0299999713897705,8.4
-0.01566557138834057,5.940895172122863,4.714641585036351,-19.25,-5.460000038146973,-3.640000104904175,8.433333333333334
-0.10381392788983225,6.5992895520549535,5.347090314233232,-19.25,-5.460000038146973,-3.640000104904175,8.466666666666667
-0.29796492010431946,6.8016021347055515,6.021370215418215,-18.267899627669365,-5.033000154488204,-4.2377999711135175,8.5
-0.378373005545754,7.17344714610056,6.722942381548094,-17.639999389648438,-4.760000228881836,-4.619999885559082,8.533333333333333
-0.18478993248727818,7.69577112325942,7.188200167341582,-17.639999389648438,-4.760000228881836,-4.619999885559082,8.566666666666666
0.08334977424296418,8.668319030765069,7.567313484192305,4.059999942779541,-3.289999961853028,-4.900000095367432,8.6
0.21668899726895055,9.101588930766844,7.816743590038749,4.059999942779541,-3.289999961853028,-4.900000095367432,8.633333333333333
0.08671899030386347,9.652831904099118,8.209142278031903,4.760000228881836,-3.009999990463257,-4.829999923706055,8.666666666666666
-0.030533508211626478,9.515733985898105,8.359193458558895,4.760000228881836,-3.009999990463257,-4.829999923706055,8.7
0.11574017608284871,9.165169690446525,8.15851507568399,-8.890000343322754,-4.059999942779541,-4.900000095367432,8.733333333333333
0.17267862570256315,9.38580215709395,7.914929695125931,-8.890000343322754,-4.059999942779541,-4.900000095367432,8.766666666666666
-0.14831244826735443,10.174836311341325,7.984081449512073,-5.686800250575363,-3.7827999448402645,-4.900000095367432,8.8
-0.4799790854451881,10.063524739584029,8.378968332926217,5.670000076293945,-2.799999952316284,-4.900000095367432,8.833333333333334
-0.6335527125996424,10.464282783499804,8.74142733255605,5.670000076293945,-2.799999952316284,-4.900000095367432,8.866666666666667
-0.5776288924215915,12.013795913700935,9.301731193544247,7.420000076293945,-1.820000052452088,-5.53000020980835,8.9
-0.48693446652084676,13.890206392924695,9.394633684793952,7.420000076293945,-1.820000052452088,-5.53000020980835,8.933333333333334
-0.23185045921566422,14.58625551604655,9.076109186810353,28.280000686645508,-1.3300000429153442,-3.3600001335144043,8.966666666666667
-0.19210266542528842,13.253954307544712,8.993294891360152,28.280000686645508,-1.3300000429153442,-3.3600001335144043,9.0
-0.42374237290570727,11.807285863033028,9.078622362252661,-19.189086031819464,-2.6312979896110265,-2.794218384046003,9.033333333333333
-0.540478185018657,11.146357103982545,8.870956929521425,-30.450000762939453,-2.940000057220459,-2.6600000858306885,9.066666666666666
-0.6373749876017848,9.87131980897021,8.75153495788562,-30.450000762939453,-2.940000057220459,-2.6600000858306885,9.1
-0.7089388895028742,8.707632929491004,8.622668749491313,-35.90999984741211,-2.7300000190734863,-0.3499999940395355,9.133333333333333
-0.7487249827384419,8.101556841535196,8.483561286925422,-35.90999984741211,-2.7300000190734863,-0.3499999940395355,9.166666666666666
-0.6605766134244093,7.9440337600711,8.395910591126913,-3.5,-0.699999988079071,1.4700000286102295,9.2
-0.613496950467665,8.071081576029876,8.171621363321199,-3.5,-0.699999988079071,1.4700000286102295,9.233333333333333
-0.7933224131294206,8.031301500954472,7.808020755764942,22.1200008392334,0.2100000083446502,2.799999952316284,9.266666666666666
-0.916043485638029,7.989900859837026,7.259968215917214,22.1200008392334,0.2100000083446502,2.799999952316284,9.3
-0.8278765627923362,7.642511742452703,6.48214100781568,27.411482225954593,0.2100000083446502,3.294259235370145,9.333333333333334
-0.5487671972910254,7.295619476318255,5.620271326700651,34.86000061035156,0.2100000083446502,3.990000009536743,9.366666666666667
-0.35533727383661246,6.945520984651862,4.752468639377324,34.86000061035156,0.2100000083446502,3.990000009536743,9.4
-0.3061646142005087,6.507408164977178,3.8074678052253113,33.38999938964844,-0.1400000005960464,4.550000190734863,9.433333333333334
-0.3294619610320547,5.873383454635546,3.2310193494135167,33.38999938964844,-0.1400000005960464,4.550000190734863,9.466666666666667
-0.4018171215077155,5.382320518487804,2.7844836330406078,23.170000076293945,0.0700000002980232,4.550000190734863,9.5
-0.45120676040686053,4.925817159013915,2.4923254458081856,23.170000076293945,0.0700000002980232,4.550000190734863,9.533333333333333
-0.3627967771678848,3.9828838024098414,2.5021779238395276,-2.309999942779541,-0.2800000011920929,3.569999933242798,9.566666666666666
-0.24097542273786723,3.1463104114513674,2.432266578670967,-2.309999942779541,-0.2800000011920929,3.569999933242798,9.6
-0.08829032900487825,2.7131987841886964,2.263595232167845,-2.3370666109337135,-0.2823333346091273,3.56626660025238,9.633333333333333
0.024796908303662053,2.497500553766257,2.295124286649603,-10.43000030517578,-0.9800000190734864,2.450000047683716,9.666666666666666
0.0006700144565517339,2.635185297010162,2.54105786132838,-10.43000030517578,-0.9800000190734864,2.450000047683716,9.7
-0.08634250591255904,3.2750042565691526,2.571533861160044,0.0,-0.0700000002980232,2.240000009536743,9.733333333333333
-0.14245779641438544,4.063023972828592,2.760988368351688,0.0,-0.0700000002980232,2.240000009536743,9.766666666666666
-0.1743759921790804,4.293700126649639,3.4024282360142304,-12.460000038146973,-0.699999988079071,1.680000066757202,9.8
-0.2845327173079262,4.483671732583342,4.056840821584842,-12.460000038146973,-0.699999988079071,1.680000066757202,9.833333333333334
-0.24882714485534904,4.673780088227572,4.04352758064363,-14.790442351381838,-1.3905015026887133,1.4210619666246058,9.866666666666667
-0.19765420556136581,4.892635517120861,4.160405654908862,-16.239999771118164,-1.820000052452088,1.2599999904632568,9.9
-0.3438449394700019,5.159588413236356,4.7247810681652656,-16.239999771118164,-1.820000052452088,1.2599999904632568,9.933333333333334
-0.3536399026715934,6.250371754970309,4.768299922942322,-12.880000114440918,-1.820000052452088,-0.2800000011920929,9.966666666666667
-0.47389152050163164,6.884492435453375,5.018981208804755,-12.880000114440918,-1.820000052452088,-0.2800000011920929,10.0
-0.6215307512276954,6.954161067966071,5.699607098904306,-9.520000457763672,-1.8899999856948853,-1.0499999523162842,10.033333333333333
-0.6730133784610303,7.716305508936321,5.911676434834867,-9.520000457763672,-1.8899999856948853,-1.0499999523162842,10.066666666666666
-0.5188398935778192,8.86570499421186,6.3158223533696205,9.65999984741211,-2.0999999046325684,-2.0299999713897705,10.1
-0.3921050972913782,9.637963760380769,6.929210985825009,9.65999984741211,-2.0999999046325684,-2.0299999713897705,10.133333333333333
-0.3380457344192125,10.08403124632538,7.3591797692465954,5.843703592499756,-2.3555555066368887,-2.1492592329825193,10.166666666666666
-0.4944705300326301,9.683275588989753,7.877147090910929,-6.019999980926514,-3.150000095367432,-2.5199999809265137,10.2
-0.6445664873121124,9.830819465636264,8.066142257690302,-6.019999980926514,-3.150000095367432,-2.5199999809265137,10.233333333333333
-0.7710779280665883,10.294979860942986,7.957701836904067,-6.720000267028809,-4.269999980926514,-3.009999990463257,10.266666666666666
-0.9954306225778795,10.267394165038509,7.76854722595189,-6.720000267028809,-4.269999980926514,-3.009999990463257,10.3
-1.024643238385972,9.345741589852981,7.667515754696154,-3.0799999237060547,-4.550000190734863,-2.0999999046325684,10.333333333333334
-0.944401065508343,9.01009623209286,7.650924841561727,-3.0799999237060547,-4.550000190734863,-2.0999999046325684,10.366666666666667
-0.9669042825690379,8.913413073110162,7.740528060272995,-9.832212414511824,-5.107521993936424,-2.8433628715410304,10.4
-0.8774060050631566,8.902013692220796,7.764303993225667,-10.710000038146973,-5.179999828338623,-2.940000057220459,10.433333333333334
-0.6064458521235664,9.024121846517225,7.556216688792846,-10.710000038146973,-5.179999828338623,-2.940000057220459,10.466666666666667
-0.35256149768821643,9.165431579590043,7.6023838958737695,11.199999809265137,-4.409999847412109,-1.190000057220459,10.5
-0.3432770209314606,9.401914794922465,7.419029604593876,11.199999809265137,-4.409999847412109,-1.190000057220459,10.533333333333333
-0.6704290297843029,10.08682868194998,7.304310433706631,15.75,-4.690000057220459,0.1400000005960464,10.566666666666666
-0.9935354175563983,11.328773826596949,7.653438888548814,15.75,-4.690000057220459,0.1400000005960464,10.6
-1.0710465091064845,12.856673797614697,8.128300191245211,16.170000076293945,-4.199999809265137,1.1200000047683716,10.633333333333333
-1.02814007123191,14.09254440054342,8.337881139118714,16.170000076293945,-4.199999809265137,1.1200000047683716,10.666666666666666
-0.9195543337726173,13.47433837114555,8.411686137715346,2.759734719697075,-4.7946901152398995,1.6254867040818306,10.7
-0.78353385448436,11.904175605772444,7.909135430653031,-15.399999618530272,-5.599999904632568,2.309999942779541,10.733333333333333
-0.48167644659799447,10.330024808255226,7.278173453013677,-15.399999618530272,-5.599999904632568,2.309999942779541,10.766666666666666
-0.32133884096186704,8.766275032049789,7.403236614225618,-43.33000183105469,-6.159999847412109,2.240000009536743,10.8
-0.33685125994672716,7.816220465341748,8.165980608621009,-43.33000183105469,-6.159999847412109,2.240000009536743,10.833333333333334
-0.545244853974822,7.954249703726022,8.393498433431496,-21.700000762939453,-4.199999809265137,2.1700000762939453,10.866666666666667
-0.6220795273778091,8.120209434508224,8.186138153076172,-21.700000762939453,-4.199999809265137,2.1700000762939453,10.9
-0.43325675177493794,7.725392008461246,8.081603686012459,11.970000267028809,-3.0799999237060547,3.3600001335144043,10.933333333333334
-0.40912985547597835,7.572871440891281,7.778891188298891,11.970000267028809,-3.0799999237060547,3.3600001335144043,10.966666666666667
-0.5725887247505836,8.125974450794253,7.09377626009766,14.075000150653212,-2.9849999291199643,3.3450001307839905,11.0
-0.6346056151397538,8.154092887880656,6.526187722525126,41.43999862670898,-1.75,3.150000095367432,11.033333333333333
-0.5576624288562719,7.5045746981316475,5.94664480590908,41.43999862670898,-1.75,3.150000095367432,11.066666666666666
-0.3462059414390752,7.0485502433793235,5.164087295533719,32.47999954223633,-2.0999999046325684,3.009999990463257,11.1
-0.252723013161222,6.465988508862206,4.336045201626179,32.47999954223633,-2.0999999046325684,3.009999990463257,11.133333333333333
-0.3508003135513175,5.909206803635515,3.5974661763465163,35.06999969482422,-1.9600000381469729,3.5,11.166666666666666
-0.46843568921019707,5.467795181271933,3.3007773399348075,35.06999969482422,-1.9600000381469729,3.5,11.2
-0.4433656358612521,5.168215767120399,2.9772083056006444,35.312626650200244,-1.5717994052041213,3.8396755228358543,11.233333333333333
-0.35233815948157066,4.789995663958784,2.559875697452281,35.42000198364258,-1.399999976158142,3.990000009536743,11.266666666666666
-0.2550074262627345,3.978219272618862,2.215851980210562,35.42000198364258,-1.399999976158142,3.990000009536743,11.3
-0.1405115590494446,3.3998055623375834,2.228027095159176,2.450000047683716,-2.380000114440918,3.640000104904175,11.333333333333334
-0.062483614544056286,3.0055244973501583,2.1753704865773895,2.450000047683716,-2.380000114440918,3.640000104904175,11.366666666666667
-0.15678333425656657,3.5218246707765273,1.933910002703986,-4.900000095367432,-2.5899999141693115,3.289999961853028,11.4
-0.17573516885506724,4.48273364385296,2.3256196244571132,-4.900000095367432,-2.5899999141693115,3.289999961853028,11.433333333333334
-0.118720147272144,5.5770074055966425,2.4144058818803242,12.529999732971191,-1.8899999856948853,2.870000123977661,11.466666666666667
-0.029499771071954017,5.953880641953943,2.76292826652272,12.529999732971191,-1.8899999856948853,2.870000123977661,11.5
-0.03529363098246227,5.381381987108527,3.9074283483151766,4.341032102320188,-2.053126812665003,2.51112104908273,11.533333333333333
-0.26066744903692984,5.740427023567728,4.49569990158097,-22.61000061035156,-2.5899999141693115,1.3300000429153442,11.566666666666666
-0.29298765778525215,6.676117973324121,3.7651930999741685,-22.61000061035156,-2.5899999141693115,1.3300000429153442,11.6
-0.43422029662024403,7.012477732341808,4.381485015865108,-3.920000076293945,-3.849999904632568,0.8400000333786011,11.633333333333333
-0.5111570951151776,7.6671966565381116,5.086403668721281,-3.920000076293945,-3.849999904632568,0.8400000333786011,11.666666666666666
-0.2800850994560926,8.445586921692627,4.463807479845146,12.31999969482422,-3.0799999237060547,-0.699999988079071,11.7
-0.12383777654093137,8.114000122067933,4.5237383956889285,12.31999969482422,-3.0799999237060547,-0.699999988079071,11.733333333333333
-0.14090628297821828,7.631428795927074,5.077962837393006,-18.308614241987677,-3.1473157230042634,-3.2579942282864485,11.766666666666666
-0.2128539645664848,7.734931724550588,4.815449802398032,-19.530000686645508,-3.150000095367432,-3.3600001335144043,11.8
-0.2703986167907715,8.212121953330232,4.797410806022458,-19.530000686645508,-3.150000095367432,-3.3600001335144043,11.833333333333334
-0.402684955041312,8.022559209188481,5.060171195981487,-18.82999992370605,-3.220000028610229,-4.409999847412109,11.866666666666667
-0.3656746509080944,7.87944416809017,5.119559917449843,-18.82999992370605,-3.220000028610229,-4.409999847412109,11.9
-0.36656162420886973,7.97814688364612,5.464700139363512,-14.0,-3.0799999237060547,-3.990000009536743,11.933333333333334
-0.4928752525643364,8.606715698238482,5.558661886850581,-14.0,-3.0799999237060547,-3.990000009536743,11.966666666666667
-0.7127994656571406,9.008246078492478,5.692441062925843,-1.4700000286102295,-2.7300000190734863,-3.430000066757202,12.0
-0.6703971274687472,8.982913106282657,5.8539467811609285,-1.4700000286102295,-2.7300000190734863,-3.430000066757202,12.033333333333333
-0.5633992626613287,8.476661921252362,6.020606337746678,-9.859675912901443,-3.116135702715635,-3.2895871017565064,12.066666666666666
-0.44067796516433755,8.357241111754897,5.90707565689142,-18.200000762939453,-3.5,-3.150000095367432,12.1
-0.35877029705034164,8.210724929809134,6.014788364411543,-18.200000762939453,-3.5,-3.150000095367432,12.133333333333333
-0.29498493917824375,8.12925124359118,6.130541207633158,-10.989999771118164,-3.849999904632568,-2.0999999046325684,12.166666666666666
-0.28176971530875905,8.034638542175768,5.965558258055855,-10.989999771118164,-3.849999904632568,-2.0999999046325684,12.2
-0.3326142132282257,8.094384841922002,5.963631163271914,-0.699999988079071,-4.269999980926514,-0.4900000095367431,12.233333333333333
-0.4108782799246239,7.999057820640055,6.183293511707467,-0.699999988079071,-4.269999980926514,-0.4900000095367431,12.266666666666666
-0.6022088208196258,8.23711725616382,6.292563465118866,3.430000066757202,-4.409999847412109,-0.0700000002980232,12.3
-0.7167940284434697,8.628073621117185,6.293297059379312,3.430000066757202,-4.409999847412109,-0.0700000002980232,12.333333333333334
-0.7286299185755455,8.825758357316914,6.312449342728696,3.548525145508801,-4.404218142017121,-0.04687315625643785,12.366666666666667
-0.7705163955685095,8.831266593931844,6.565661334991952,6.300000190734863,-4.269999980926514,0.4900000095367431,12.4
-0.8167792836830696,8.937831179299206,6.558163293202831,6.300000190734863,-4.269999980926514,0.4900000095367431,12.433333333333334
-0.6984802950238128,9.316995463052148,6.433789704637985,11.40999984741211,-4.130000114440918,0.4900000095367431,12.466666666666667
-0.7604853434561724,9.563420181277197,6.59163876724176,11.40999984741211,-4.130000114440918,0.4900000095367431,12.5
-0.7089452727636665,10.058751795451496,6.6981643384300105,10.289999961853027,-3.569999933242798,0.5600000023841858,12.533333333333333
-0.6715010730424926,10.956941225688432,6.832352564493826,10.289999961853027,-3.569999933242798,0.5600000023841858,12.566666666666666
-0.7643905711173835,12.024362907409373,6.856495380401491,16.247000102986938,-3.000199947358124,0.9744000041477953,12.6
-0.8202761287700969,12.926208930971763,6.840411713916528,18.34000015258789,-2.799999952316284,1.1200000047683716,12.633333333333333
-1.0637657365799749,12.964660944623526,6.771929740905762,18.34000015258789,-2.799999952316284,1.1200000047683716,12.666666666666666
-1.040474720954954,12.074327423106329,6.846492923737163,-2.450000047683716,-3.3600001335144043,2.1700000762939453,12.7
-0.9052913586349934,10.68171864829226,6.938922836296828,-2.450000047683716,-3.3600001335144043,2.1700000762939453,12.733333333333333
-0.7279545354843047,9.850262400309356,7.2208394432070655,-30.8700008392334,-4.059999942779541,2.309999942779541,12.766666666666666
-0.59535553455434,9.354547805791764,7.538713302606457,-30.8700008392334,-4.059999942779541,2.309999942779541,12.8
-0.4780711326600321,8.73300419871106,7.44416488901587,-21.0,-3.920000076293945,3.849999904632568,12.833333333333334
-0.4985033693314917,8.495047180175616,7.233448444367922,-21.0,-3.920000076293945,3.849999904632568,12.866666666666667
-0.5125130462649958,8.332057991027732,7.187577886582709,-15.071000042087881,-3.5966000700065788,4.0963998794503205,12.9
-0.3420263193448747,8.132313741048227,6.888053105672197,5.949999809265137,-2.450000047683716,4.96999979019165,12.933333333333334
-0.3195649054048998,8.198964711507596,6.62566900507554,5.949999809265137,-2.450000047683716,4.96999979019165,12.966666666666667
-0.33795518374409916,8.348320335386362,6.238636802678145,23.450000762939453,-1.3300000429153442,4.96999979019165,13.0
-0.4390188759159682,7.985178905489021,5.477953573865337,23.450000762939453,-1.3300000429153442,4.96999979019165,13.033333333333333
-0.5628374950085535,7.3502863400830885,5.029229173028489,23.450000762939453,-1.4700000286102295,4.900000095367432,13.066666666666666
-0.5652623190857252,6.879476894379226,4.660064254756228,23.450000762939453,-1.4700000286102295,4.900000095367432,13.1
-0.4689340102611435,7.059673869421127,4.158735049463041,24.725185126875353,-0.9483333658834993,3.7407407571210642,13.133333333333333
-0.4149940729129795,7.162739550275153,4.13338184356286,24.989999771118164,-0.8400000333786011,3.5,13.166666666666666
-0.37118790149565367,7.1892531394925285,3.9790233135208206,24.989999771118164,-0.8400000333786011,3.5,13.2
-0.1750332484643423,7.137215283713382,3.8246009699507755,18.1299991607666,-1.190000057220459,2.6600000858306885,13.233333333333333
-0.1374167408547028,7.045423278808107,3.7829323991139425,18.1299991607666,-1.190000057220459,2.6600000858306885,13.266666666666666
-0.10264618384852194,7.0388062858583424,3.750988752365128,10.079999923706056,-1.5399999618530271,1.75,13.299999999999999
-0.09074545484775214,6.838031623841602,3.891398243584831,10.079999923706056,-1.5399999618530271,1.75,13.333333333333334
-0.1208067610263795,6.860505648294989,4.008191201527919,10.920000076293944,-1.6100000143051147,1.3300000429153442,13.366666666666667
-0.18367961871626298,6.9671145095825615,3.8041877727506836,10.920000076293944,-1.6100000143051147,1.3300000429153442,13.4
-0.23790292983281086,6.924605474472243,3.5854058861728237,16.158566862805536,-1.353566675977781,1.5131667220614675,13.433333333333334
-0.2250226958190849,7.035762163798073,3.5074799493148783,20.93000030517578,-1.1200000047683716,1.680000066757202,13.466666666666667
-0.15932939255265827,7.271090545652531,3.442322700500453,20.93000030517578,-1.1200000047683716,1.680000066757202,13.5
-0.1211385813556485,7.4882327588398665,3.3397212041224775,17.989999771118164,-0.7699999809265137,1.0499999523162842,13.533333333333333
-0.11842023793849019,7.469938079834178,3.215015577316648,17.989999771118164,-0.7699999809265137,1.0499999523162842,13.566666666666666
-0.1870296990875771,7.276354770665286,3.2363603115067674,8.890000343322754,-1.680000066757202,0.9800000190734864,13.6
-0.22828342715804262,7.462874101005352,3.3276098918925547,8.890000343322754,-1.680000066757202,0.9800000190734864,13.633333333333333
-0.32905996648418906,7.818511425022959,3.509592264812969,11.899999618530272,-1.9600000381469729,1.0499999523162842,13.666666666666666
-0.319960525273141,8.457494491580698,3.417474807734005,11.899999618530272,-1.9600000381469729,1.0499999523162842,13.7
-0.3088526572807004,8.866083498006073,3.311617240903441,11.94829961843678,-1.9607000382838315,1.0539666192286645,13.733333333333333
-0.42037971186631146,9.154494379679296,3.2121312885283078,26.38999938964844,-2.1700000762939453,2.240000009536743,13.766666666666666
-0.5089236826895432,9.249929641724622,3.1573369846344983,26.38999938964844,-2.1700000762939453,2.240000009536743,13.799999999999999
-0.5102126657175866,8.875194318137973,3.1305491015100224,10.989999771118164,-3.009999990463257,1.9600000381469729,13.833333333333334
-0.5168681740760803,8.612810061137807,3.255541845957577,10.989999771118164,-3.009999990463257,1.9600000381469729,13.866666666666667
-0.5129437942508093,8.667764137268131,3.257207330702837,2.7300000190734863,-3.289999961853028,1.399999976158142,13.9
-0.5143476405144106,8.914597310384236,3.3317321440379266,2.7300000190734863,-3.289999961853028,1.399999976158142,13.933333333333334
-0.5200080483678733,9.229813853268855,3.4111728516836535,3.23518519174398,-3.657407331718337,1.1703703308866307,13.966666666666667
-0.47437010049715833,9.26246841430619,3.3779247093188007,3.5,-3.849999904632568,1.0499999523162842,14.0
-0.3584257292740108,9.2386036936441,3.232818841934204,3.5,-3.849999904632568,1.0499999523162842,14.033333333333333
-0.3271264851100166,9.066441205344514,3.175389051437378,0.9800000190734864,-4.760000228881836,0.9800000190734864,14.066666666666666
-0.2622627341745016,8.8336595153829,3.172517585754848,0.9800000190734864,-4.760000228881836,0.9800000190734864,14.1
-0.17015809452521638,8.633663408915279,3.0177187836963717,-0.2800000011920929,-5.320000171661377,0.6299999952316284,14.133333333333333
-0.17288282259288432,8.720331581114879,2.9385166899372206,-0.2800000011920929,-5.320000171661377,0.6299999952316284,14.166666666666666
-0.2557157268520147,8.947236610412652,2.72670922660813,10.289999961853027,-5.110000133514404,0.8400000333786011,14.2
-0.2746356569132077,8.835050862630704,2.5500360361735352,10.289999961853027,-5.110000133514404,0.8400000333786011,14.233333333333333
-0.2710480222308319,8.714322177358067,2.4022396862683677,6.851533864377236,-5.185988261638026,0.6500295230028192,14.266666666666666
-0.20134886133468852,8.21025923918952,2.259077625273648,-2.380000114440918,-5.389999866485596,0.1400000005960464,14.299999999999999
-0.17421009246451422,7.367151584615863,1.9379173418662348,-2.380000114440918,-5.389999866485596,0.1400000005960464,14.333333333333334
-0.11640381155456747,6.247142986301607,1.9902167291618151,-19.38999938964844,-6.300000190734863,-0.1400000005960464,14.366666666666667
-0.13576403760931688,5.763902881623857,2.6030819149009483,-19.38999938964844,-6.300000190734863,-0.1400000005960464,14.4
-0.033500714597141996,5.507357660934858,2.6510231494801504,-22.81999969482422,-5.670000076293945,-1.190000057220459,14.433333333333334
0.05742979298076059,5.372078577678836,2.552435239149294,-22.81999969482422,-5.670000076293945,-1.190000057220459,14.466666666666667
-0.08949052825429574,5.495641767455802,2.5596492965722812,-25.855398195082998,-5.917787450613161,-1.561681435184121,14.5
-0.24447225376083018,5.590835027061375,2.252045548124453,-26.25,-5.949999809265137,-1.6100000143051147,14.533333333333333
-0.48623253504686403,5.897701749166002,2.3647801748927795,-26.25,-5.949999809265137,-1.6100000143051147,14.566666666666666
-0.6730580368046324,5.960523353578312,2.7419856090549715,-26.31999969482422,-5.670000076293945,-2.309999942779541,14.6
-0.6101150105766601,6.641819592810911,2.9334691473681196,-26.31999969482422,-5.670000076293945,-2.309999942779541,14.633333333333333
-0.37776042429649487,7.001030142465377,3.4761106204975123,-20.3700008392334,-5.809999942779541,-3.569999933242798,14.666666666666666
-0.22259788286704738,7.732481628413396,4.200185554498631,-20.3700008392334,-5.809999942779541,-3.569999933242798,14.7
-0.3065538615385747,8.293385635376199,4.822022593180628,-33.18000030517578,-6.579999923706055,-5.389999866485596,14.733333333333333
-0.5128480688732062,8.71292306772799,5.307501973471911,-33.18000030517578,-6.579999923706055,-5.389999866485596,14.766666666666666
-0.6033516389079941,8.885799230726713,6.015961486681348,-33.142212859297594,-6.504424774542008,-5.54115042222136,14.799999999999999
-0.43129776636802225,9.496788429259285,6.435678569794557,-33.11000061035156,-6.440000057220459,-5.670000076293945,14.833333333333334
-0.22492698010028186,9.441586171469611,6.514906143185905,-33.11000061035156,-6.440000057220459,-5.670000076293945,14.866666666666667
-0.08637441241743675,9.225407463073811,6.66311962509169,-18.690000534057617,-6.159999847412109,-4.199999809265137,14.9
-0.3099039304256062,9.582505533854066,7.095010738372816,-18.690000534057617,-6.159999847412109,-4.199999809265137,14.933333333333334
-0.5175764549571937,10.501146596271607,7.474328339894928,-4.409999847412109,-5.110000133514404,-3.640000104904175,14.966666666666667
-0.7237685461024186,11.785589309691558,7.463327064508432,-4.409999847412109,-5.110000133514404,-3.640000104904175,15.0
-1.047602366451366,12.717566294363566,8.402699796050365,-3.569999933242798,-3.990000009536743,-3.0799999237060547,15.033333333333333
-1.2002954311371725,14.179033444746107,8.96849210866205,-3.569999933242798,-3.990000009536743,-3.0799999237060547,15.066666666666666
-1.4653068358936308,15.879168822710778,8.995704009470032,-2.064690209330981,-3.9230973614703593,-2.923893735389947,15.1
-1.5029249598164027,16.049362370804825,8.949660934448627,15.329999923706056,-3.150000095367432,-1.1200000047683716,15.133333333333333
-0.9718141943581392,15.015536420178677,8.813603981010493,15.329999923706056,-3.150000095367432,-1.1200000047683716,15.166666666666666
-0.44069710874262014,13.609023574819158,8.281797515869563,-7.840000152587891,-3.990000009536743,1.399999976158142,15.2
-0.3753866462711125,11.764263351437332,8.274255071004085,-7.840000152587891,-3.990000009536743,1.399999976158142,15.233333333333333
-0.5362347618752051,10.760269966116384,8.140418027233418,-19.25,-4.199999809265137,3.150000095367432,15.266666666666666
-0.54692305803234,9.762682456961123,7.941296272279492,-19.25,-4.199999809265137,3.150000095367432,15.299999999999999
-0.4500290658263311,8.921107247157751,7.884279379099637,-12.699115176203513,-4.102949754322824,3.6352507006298262,15.333333333333334
-0.26268388871074194,8.760832204184075,7.373232487992151,-9.800000190734863,-4.059999942779541,3.849999904632568,15.366666666666667
-0.05310341542853121,8.538298202511879,6.632107578268924,-9.800000190734863,-4.059999942779541,3.849999904632568,15.4
-0.009341912888318031,8.126398722330231,6.034786403654672,22.68000030517578,-3.640000104904175,4.550000190734863,15.433333333333334
-0.23721695693383052,7.956987448373979,5.368058653511822,22.68000030517578,-3.640000104904175,4.550000190734863,15.466666666666667
-0.4361409986015078,7.47565527725259,4.691535499573704,23.729999542236328,-2.870000123977661,3.220000028610229,15.5
-0.5175254098572002,7.008081310276912,4.049119627640481,23.729999542236328,-2.870000123977661,3.220000028610229,15.533333333333333
-0.2930514847440573,6.588773551941476,3.5836446463269676,30.799999237060547,-2.5199999809265137,2.0299999713897705,15.566666666666666
-0.17416541779037592,6.0792691574098665,3.180825736999793,30.799999237060547,-2.5199999809265137,2.0299999713897705,15.6
-0.05441571887474784,5.229887689463154,2.8891506926507424,27.778642862659876,-2.568731580862624,1.7863421791826135,15.633333333333333
-0.004581621303407956,4.301957466129352,2.7130154221848235,22.1200008392334,-2.6600000858306885,1.3300000429153442,15.666666666666666
0.14148787045435152,3.6724630985292035,2.4152674026488894,22.1200008392334,-2.6600000858306885,1.3300000429153442,15.7
0.21448114411033747,3.1558948440552865,2.052292044957588,1.3300000429153442,-3.3600001335144043,0.3499999940395355,15.733333333333333
0.20578371508959986,2.965553322473893,1.9620888878506964,1.3300000429153442,-3.3600001335144043,0.3499999940395355,15.766666666666666
0.13482601475497552,3.338489656454595,2.0425097961465246,-4.059999942779541,-3.430000066757202,-0.0700000002980232,15.799999999999999
0.010407555115660223,4.36380928549395,1.834039586397538,-4.059999942779541,-3.430000066757202,-0.0700000002980232,15.833333333333334
-0.11256550257018733,5.582506492084407,1.6983859774564638,12.499645873691001,-2.6222123093752456,0.8051032769531462,15.866666666666667
-0.3096805892018218,5.932076595306904,1.966300440794433,13.15999984741211,-2.5899999141693115,0.8400000333786011,15.9
-0.4916947527738496,5.6789644749870485,2.859793249147536,13.15999984741211,-2.5899999141693115,0.8400000333786011,15.933333333333334
-0.6227176284783726,4.474948722837561,3.3281332028729795,-23.3799991607666,-2.6600000858306885,0.0700000002980232,15.966666666666667
-0.4461337771386558,3.8818904037389586,3.1866835613053954,-23.3799991607666,-2.6600000858306885,0.0700000002980232,16.0
-0.3611504530116039,3.7976025543238965,3.4726138312037746,-43.81999969482422,-4.059999942779541,-1.3300000429153442,16.03333333333333
-0.5376896619797192,4.819425333659877,3.794437506357873,-43.81999969482422,-4.059999942779541,-1.3300000429153442,16.066666666666666
-0.7322298884391785,6.248361530313169,4.073686580661031,-7.490000247955322,-2.799999952316284,-0.7699999809265137,16.1
-0.7919568506878888,6.864966157283753,4.715145861310793,-7.490000247955322,-2.799999952316284,-0.7699999809265137,16.133333333333333
-0.8302967813858537,7.246099982648011,5.465571535726727,-7.279380740658391,-2.65958698730531,-0.8402064933222355,16.166666666666668
-0.7553932170860712,7.84096657943895,5.8279563713085265,-7.070000171661377,-2.5199999809265137,-0.9100000262260436,16.2
-0.5948514382029516,8.106011609396576,6.184671826681557,-7.070000171661377,-2.5199999809265137,-0.9100000262260436,16.233333333333334
-0.39439592504502646,8.439550303141068,6.326523545583099,-8.819999694824219,-3.009999990463257,-1.1200000047683716,16.266666666666666
-0.44414289617542685,9.051778129577736,6.345379642486864,-8.819999694824219,-3.009999990463257,-1.1200000047683716,16.3
-0.534830934841184,9.31945154826064,6.631750222525189,-0.8400000333786011,-2.870000123977661,-0.2100000083446502,16.333333333333332
-0.3763183036637979,9.491964365641362,6.730440013885775,-0.8400000333786011,-2.870000123977661,-0.2100000083446502,16.366666666666667
-0.2110736353398226,9.440500862123724,6.5899540824906415,1.75,-3.5,0.3499999940395355,16.4
-0.2889931035053978,9.784422309882416,6.6508422698982095,1.75,-3.5,0.3499999940395355,16.433333333333334
-0.49152026573908714,10.31015132240505,6.825406890356305,1.213746302101216,-3.5109439423683764,0.25150441953694425,16.466666666666665
-0.43133604001939146,10.456127540588813,7.208243110657227,-1.680000066757202,-3.569999933242798,-0.2800000011920929,16.5
-0.38192726993726556,11.052829424545235,7.798710627241946,-1.680000066757202,-3.569999933242798,-0.2800000011920929,16.53333333333333
-0.6246957837705648,12.12811306252696,8.323357533775711,-3.009999990463257,-3.3600001335144043,-1.3300000429153442,16.566666666666666
-0.8565079569803743,12.904360107418366,8.162706832888938,-3.009999990463257,-3.3600001335144043,-1.3300000429153442,16.6
-0.8025430754080735,13.243629605614029,7.877510916392352,17.079999923706055,-3.7100000381469727,0.3499999940395355,16.633333333333333
-0.35111298747118797,13.254930191042332,7.891223630271151,17.079999923706055,-3.7100000381469727,0.3499999940395355,16.666666666666668
0.02091401707383527,13.453647327422969,7.691141481399813,6.409200043526171,-4.227999897010558,0.45360000550894597,16.7
-0.10533262495378318,13.291188008619049,7.618566247304684,2.6600000858306885,-4.409999847412109,0.4900000095367431,16.733333333333334
-0.4472696237606209,12.333373921701039,7.6769915491672895,2.6600000858306885,-4.409999847412109,0.4900000095367431,16.766666666666666
-0.7190018677714961,10.948799072264073,7.588160243987726,-14.06999969482422,-4.760000228881836,1.9600000381469729,16.8
-0.795619625091502,9.927696797684998,7.407046181996207,-14.06999969482422,-4.760000228881836,1.9600000381469729,16.833333333333332
-0.6482228608111721,9.224431167602877,7.212269671120995,-11.899999618530272,-4.480000019073486,2.0299999713897705,16.866666666666667
-0.5728622155186887,9.227953529357796,6.890522594451537,-11.899999618530272,-4.480000019073486,2.0299999713897705,16.9
-0.5442111285531248,9.298713493345636,6.9331162579828955,15.960000038146973,-2.5899999141693115,2.799999952316284,16.933333333333334
-0.5434772904710352,9.077289390562227,6.765516853333059,15.960000038146973,-2.5899999141693115,2.799999952316284,16.966666666666665
-0.3343718389499314,9.002670701627265,6.049123266103972,20.18787632140254,-2.2430972947623573,2.865044211916704,17.0
-0.23579397328740098,8.970552907308624,5.393595643359179,29.61000061035156,-1.4700000286102295,3.009999990463257,17.03333333333333
-0.2855983779428662,8.219951685587954,4.931943208059315,29.61000061035156,-1.4700000286102295,3.009999990463257,17.066666666666666
-0.4443534522055991,7.438230274200655,4.228498401641951,19.040000915527344,-1.75,3.0799999237060547,17.1
-0.5064861111641037,6.903010297140597,3.485726851780494,19.040000915527344,-1.75,3.0799999237060547,17.133333333333333
-0.4627437562934647,6.817318412783624,2.7753076680377267,27.790000915527344,-1.6100000143051147,2.6600000858306885,17.166666666666668
-0.31259036588659517,6.061198001853475,2.2175750160120486,27.790000915527344,-1.6100000143051147,2.6600000858306885,17.2
-0.3259931379012961,5.335761623043594,2.0353130253380236,20.939086390765304,-1.4807374906391284,2.6600000858306885,17.233333333333334
-0.36326259795804017,4.507926175428428,1.8070412314741822,20.3700008392334,-1.4700000286102295,2.6600000858306885,17.266666666666666
-0.36848869037773185,3.9036561813390085,1.5950360088389914,20.3700008392334,-1.4700000286102295,2.6600000858306885,17.3
-0.3304127379246792,2.9223597768100285,1.7792069168110292,6.720000267028809,-2.380000114440918,2.309999942779541,17.333333333333332
-0.30624756821029425,1.9463085409735965,2.181904743833505,6.720000267028809,-2.380000114440918,2.309999942779541,17.366666666666667
-0.21243280768731562,2.3001590080214736,2.001313541413283,-22.540000915527344,-4.059999942779541,0.2800000011920929,17.4
-0.1323373855349772,3.186115707393488,1.9266610981623915,-22.540000915527344,-4.059999942779541,0.2800000011920929,17.433333333333334
-0.14860916447543013,3.8426658287020476,2.262778572717374,-7.840000152587891,-4.340000152587891,-0.1400000005960464,17.466666666666665
-0.2208175593634813,4.4820892486654555,2.72441189385715,-7.840000152587891,-4.340000152587891,-0.1400000005960464,17.5
-0.2931870819131287,4.837407466569945,2.9884470804517833,-14.543899872965845,-4.669699962927371,-0.6162333086536012,17.53333333333333
-0.2597166757591212,5.089045342762632,3.2847034142815468,-20.64999961853028,-4.96999979019165,-1.0499999523162842,17.566666666666666
-0.23590245151479652,5.163953201298308,3.5193169536597595,-20.64999961853028,-4.96999979019165,-1.0499999523162842,17.6
-0.23901641746361751,5.836277295430855,4.146513905843145,-25.479999542236328,-5.809999942779541,-2.0299999713897705,17.633333333333333
-0.2302743265629791,6.618719810486437,4.907337529501498,-25.479999542236328,-5.809999942779541,-2.0299999713897705,17.666666666666668
-0.1439190691710123,7.5214076957737115,5.215678199771696,-13.93000030517578,-5.53000020980835,-2.6600000858306885,17.7
-0.2096442715327101,7.941985539755357,5.397832950592572,-13.93000030517578,-5.53000020980835,-2.6600000858306885,17.733333333333334
-0.24075845797826656,8.509309005739478,6.035201562246361,-2.7300000190734863,-5.039999961853027,-2.0999999046325684,17.766666666666666
-0.22962346196124625,9.349953422552021,6.266930541996232,-2.7300000190734863,-5.039999961853027,-2.0999999046325684,17.8
-0.17665873366781296,10.347097109902787,6.316592691920891,-0.904631312650304,-4.998702038011267,-1.9926252913911964,17.833333333333332
-0.24826262974758148,10.394193099975775,6.354447315215757,12.739999771118164,-4.690000057220459,-1.190000057220459,17.866666666666667
-0.3489051318168034,10.226734336853001,6.33540587615985,12.739999771118164,-4.690000057220459,-1.190000057220459,17.9
-0.36332640584484716,10.266296429952055,6.152396405537721,7.420000076293945,-4.690000057220459,-0.4200000166893005,17.933333333333334
-0.20302070872007175,10.532260759988404,6.082600204466366,7.420000076293945,-4.690000057220459,-0.4200000166893005,17.966666666666665
-0.20366519391177013,10.554677337646856,6.121020610812055,4.269999980926514,-4.340000152587891,-0.4200000166893005,18.0
-0.5517854668344957,10.314984608958278,6.302690104160002,4.269999980926514,-4.340000152587891,-0.4200000166893005,18.03333333333333
-0.8428189351842436,10.036386132592135,6.174698195274743,-0.3900589323605965,-4.493628499077499,-0.7784661003589483,18.066666666666666
-0.8761872453677411,9.930300689695075,6.082121520995121,-2.0999999046325684,-4.550000190734863,-0.9100000262260436,18.1
-0.6587197168686616,9.498019961039471,6.132799971261997,-2.0999999046325684,-4.550000190734863,-0.9100000262260436,18.133333333333333
-0.3838862603503009,9.176815193176953,6.354051446280283,-15.75,-4.760000228881836,-2.1700000762939453,18.166666666666668
-0.2639282019139596,9.072050613402565,6.259445629120441,-15.75,-4.760000228881836,-2.1700000762939453,18.2
-0.35574566046533285,9.138580017090552,6.390213209788495,-10.220000267028809,-4.409999847412109,-2.1700000762939453,18.233333333333334
-0.43621118704476175,9.380390828450997,6.703046143849858,-10.220000267028809,-4.409999847412109,-2.1700000762939453,18.266666666666666
-0.46929713821380525,10.367743438717397,6.8203621826165755,11.619999885559082,-3.009999990463257,-1.5399999618530271,18.3
-0.4958998951913928,11.484344004314517,7.082733547210646,11.619999885559082,-3.009999990463257,-1.5399999618530271,18.333333333333332
-0.583629570702991,12.870513806287427,7.48416250785938,14.469557666121233,-2.8390265728042388,-1.4640117690375116,18.366666666666667
-0.6899232401836833,14.323411895747908,7.595243286133968,22.1200008392334,-2.380000114440918,-1.2599999904632568,18.4
-0.7440604252806131,14.228225270596383,7.334346179963627,22.1200008392334,-2.380000114440918,-1.2599999904632568,18.433333333333334
-0.7374368163744784,12.738910825094942,6.977292387644532,-13.300000190734863,-3.7799999713897705,-0.6299999952316284,18.466666666666665
-0.6757763962745621,11.278905563355131,6.750278682708542,-13.300000190734863,-3.7799999713897705,-0.6299999952316284,18.5
-0.5498009490950835,9.908860259999452,7.170703208924077,-32.47999954223633,-3.990000009536743,-0.5600000023841858,18.53333333333333
-0.6246957875888943,9.021269622802416,7.498167986552398,-32.47999954223633,-3.990000009536743,-0.5600000023841858,18.566666666666666
-0.7322298884397761,9.04040718078749,7.28161954879694,-4.199999809265137,-3.009999990463257,0.9100000262260436,18.6
-0.692348078884596,9.16659304300886,6.974848461146648,-4.199999809265137,-3.009999990463257,0.9100000262260436,18.633333333333333
-0.5554737369220815,8.75086460113931,6.662653636934739,-4.199999809265137,-3.009999990463257,0.9100000262260436,18.666666666666668
-0.4023914225091547,8.488640373228641,6.313697467799589,12.390000343322754,-2.5899999141693115,2.5199999809265137,18.7
-0.3285558413671409,8.631270640056144,5.632676036831089,12.390000343322754,-2.5899999141693115,2.5199999809265137,18.733333333333334
-0.3209368224954046,8.229223874416025,5.328565828961907,21.06999969482422,-2.0999999046325684,3.3600001335144043,18.766666666666666
-0.3779646143910943,7.823373943330795,5.016530803682435,21.06999969482422,-2.0999999046325684,3.3600001335144043,18.8
-0.35865544811814426,7.155394961042432,4.19435938136364,23.940000534057617,-2.0299999713897705,3.990000009536743,18.833333333333332
-0.43097870183061854,6.819258408842949,3.7333960577659635,23.940000534057617,-2.0299999713897705,3.990000009536743,18.866666666666667
-0.4879626626462915,6.256290001150113,3.6219311435692925,21.521593701607905,-1.8788495443616635,3.6121238776145583,18.9
-0.37771575196584134,5.87292410024007,3.1712030200958434,19.46000099182129,-1.75,3.289999961853028,18.933333333333334
-0.3536590511789092,5.718208201094976,3.0133539784690173,19.46000099182129,-1.75,3.289999961853028,18.966666666666665
-0.4331163656722895,5.466072082517675,3.0570837211605717,16.309999465942383,-1.1200000047683716,2.7300000190734863,19.0
-0.3788771243886849,5.6762652206414215,2.770668490727284,16.309999465942383,-1.1200000047683716,2.7300000190734863,19.03333333333333
-0.26427277247040454,5.338737513220169,2.434799922306921,18.690000534057617,-1.0499999523162842,3.0799999237060547,19.066666666666666
-0.09897068053486748,4.286464042660773,2.6919258403791595,18.690000534057617,-1.0499999523162842,3.0799999237060547,19.1
-0.0408198211790626,3.7731056022634966,2.92811557642606,-17.079999923706055,-1.5399999618530271,1.6100000143051147,19.133333333333333
-0.06448727762691502,4.5348286463416985,2.7612755190533753,-17.079999923706055,-1.5399999618530271,1.6100000143051147,19.166666666666668
-0.16576711490618484,5.547248245340536,2.5445930767903264,-14.749557427600104,-1.5065486378374304,1.6824778877528466,19.2
-0.3095146825309366,6.232657746630667,2.489868743895854,12.18000030517578,-1.1200000047683716,2.5199999809265137,19.233333333333334
-0.38889541784717313,6.868788342775609,2.3191234824103204,12.18000030517578,-1.1200000047683716,2.5199999809265137,19.266666666666666
-0.42750738692266316,7.195398052215057,2.2086159114780948,18.270000457763672,-1.190000057220459,2.940000057220459,19.3
-0.40378889671805573,6.9889825325116135,2.836610788970653,18.270000457763672,-1.190000057220459,2.940000057220459,19.333333333333332
-0.463254236379992,5.995000292476153,3.3626101926288023,-25.76000022888184,-1.3300000429153442,0.9100000262260436,19.366666666666667
-0.4199266552943365,5.799949596420815,3.841823438634851,-25.76000022888184,-1.3300000429153442,0.9100000262260436,19.4
-0.3988956695636328,6.372483728909331,4.098042169503121,-26.721829569091575,-1.0471091681883022,-1.0136578352009957,19.433333333333334
-0.15684715092076837,7.624570980074032,3.6832279173538387,-26.950000762939453,-0.9800000190734864,-1.4700000286102295,19.466666666666665
-0.07571161180645908,7.554889373784367,3.711304731369272,-26.950000762939453,-0.9800000190734864,-1.4700000286102295,19.5
-0.20563694644035918,7.024084993997799,4.43377156448159,-28.559999465942383,-1.4700000286102295,-0.9100000262260436,19.53333333333333
-0.16524466045710184,7.13976775105731,4.5702055562357495,-28.559999465942383,-1.4700000286102295,-0.9100000262260436,19.566666666666666
-0.21474914336065876,7.362959026332195,4.687994071956668,-21.420000076293945,-1.5399999618530271,-0.9100000262260436,19.6
-0.4620928781821626,7.542248378753409,4.954238679249455,-21.420000076293945,-1.5399999618530271,-0.9100000262260436,19.633333333333333
-0.6654709229464132,7.6192810287463635,5.297126249948233,-16.100000381469727,-1.6100000143051147,-1.1200000047683716,19.666666666666668
-0.7381068305965821,7.66302962493942,5.821983901988018,-16.100000381469727,-1.6100000143051147,-1.1200000047683716,19.7
-0.6267160340769431,8.093767692203834,5.849601513518803,-12.566961834526097,-1.6100000143051147,-1.5342182722399378,19.733333333333334
-0.6308471649487173,8.329847348530574,5.918133790333403,-5.949999809265137,-1.6100000143051147,-2.309999942779541,19.766666666666666
-0.6940965075489719,8.388808235166678,5.988510986325142,-5.949999809265137,-1.6100000143051147,-2.309999942779541,19.8
-0.6557206416135576,8.604865926104617,5.863390611015632,-8.470000267028809,-2.450000047683716,-3.3600001335144043,19.833333333333332
-0.6194441286720185,8.675472399393506,5.803663539886,-8.470000267028809,-2.450000047683716,-3.3600001335144043,19.866666666666667
-0.6297176933306851,8.40906215668065,6.079613761901351,-12.600000381469728,-2.870000123977661,-3.150000095367432,19.9
-0.6100958673158191,8.474180870055807,6.14530711491939,-12.600000381469728,-2.870000123977661,-3.150000095367432,19.933333333333334
-0.4676869230141312,8.617197659910651,6.10760044168647,-4.015740790791748,-3.6811111522008018,-2.068518494184246,19.966666666666665
-0.3908097584245778,8.493904502868418,6.3096582374574925,-3.7100000381469727,-3.7100000381469727,-2.0299999713897705,20.0
-0.3976757957138804,8.315872332255315,6.2457005411781825,-3.7100000381469727,-3.7100000381469727,-2.0299999713897705,20.03333333333333
-0.47398085371664717,8.26050379689546,6.182559850059492,-3.009999990463257,-4.760000228881836,-0.9100000262260436,20.066666666666666
-0.45208733987803285,8.438695327756417,6.30253718948216,-3.009999990463257,-4.760000228881836,-0.9100000262260436,20.1
-0.48666646512445805,8.431287381486515,6.280981745403352,1.4700000286102295,-4.829999923706055,-0.2800000011920929,20.133333333333333
-0.4573517281213518,8.423298347472384,6.348487425486217,1.4700000286102295,-4.829999923706055,-0.2800000011920929,20.166666666666668
-0.5853435878743787,8.530928169246428,6.574505592345752,-2.1700000762939453,-5.809999942779541,-0.6299999952316284,20.2
-0.5618931298267811,9.157825599682168,6.848943252562288,-2.1700000762939453,-5.809999942779541,-0.6299999952316284,20.233333333333334
-0.5422724949574768,9.719519378861403,6.9391089315605985,6.763362614251141,-6.1120944909221135,-0.5868436574594084,20.266666666666666
-0.6569011068347005,10.45863552093594,7.189444408417147,12.31999969482422,-6.300000190734863,-0.5600000023841858,20.3
-0.7628590901683837,11.380606943760835,7.556771901445847,12.31999969482422,-6.300000190734863,-0.5600000023841858,20.333333333333332
-0.7067629639311961,12.347539558405131,7.647906686148345,13.230000495910645,-6.650000095367432,-1.399999976158142,20.366666666666667
-0.6199546403885459,13.466578742982602,7.502628368377229,13.230000495910645,-6.650000095367432,-1.399999976158142,20.4
-0.7867307794886259,13.930151618955732,7.635699321747933,11.270000457763672,-6.440000057220459,-0.7699999809265137,20.433333333333334
-0.9372095820115358,13.624880256649837,7.550850297290654,11.270000457763672,-6.440000057220459,-0.7699999809265137,20.466666666666665
-0.8842848420143444,12.260246582032282,7.548265869140833,-18.96999931335449,-6.860000133514404,0.6299999952316284,20.5
-0.8141375253994929,10.592294008890322,7.641876425425387,-18.96999931335449,-6.860000133514404,0.6299999952316284,20.53333333333333
-0.7286369804100667,9.72616184146344,7.648341121219336,-20.666312056891282,-6.673952926979732,0.6518878985938062,20.566666666666666
-0.5990118780142564,9.12618753814744,7.630332923890702,-29.81999969482422,-5.670000076293945,0.7699999809265137,20.6
-0.4656854305271364,8.677986302696967,7.615165404001469,-29.81999969482422,-5.670000076293945,0.7699999809265137,20.633333333333333
-0.4347116311395692,8.10238641103446,7.658901278178347,-13.230000495910645,-3.920000076293945,2.0999999046325684,20.666666666666668
-0.44220941662842816,8.189967346191589,7.144745159156518,-13.230000495910645,-3.920000076293945,2.0999999046325684,20.7
-0.45513749535876463,7.942349098205605,6.661575374603308,16.729999542236328,-2.5199999809265137,2.940000057220459,20.733333333333334
-0.5195673742290684,7.912141000112381,6.214580231984537,16.729999542236328,-2.5199999809265137,2.940000057220459,20.766666666666666
-0.5535241201926027,7.468943752016399,5.84979192345014,19.101326917209157,-1.7654866918785754,2.6166371666109978,20.8
-0.5371664093333876,6.982333559666779,5.324501202895388,19.809999465942383,-1.5399999618530271,2.5199999809265137,20.833333333333332
-0.4887275568617915,6.346687700898363,4.700315919232254,19.809999465942383,-1.5399999618530271,2.5199999809265137,20.866666666666667
-0.38546878361605036,5.934105777738217,4.206540908812063,23.940000534057617,-1.1200000047683716,2.0999999046325684,20.9
-0.43437982185710666,5.749347707111712,3.946269134520469,23.940000534057617,-1.1200000047683716,2.0999999046325684,20.933333333333334
-0.4488074645985124,5.618069679266131,3.823911717731024,24.989999771118164,-0.8400000333786011,1.3300000429153442,20.966666666666665
-0.3978736205103693,5.776020721435112,3.5515159721366474,24.989999771118164,-0.8400000333786011,1.3300000429153442,21.0
-0.43522211551598783,5.928701095580755,3.325153255464071,27.790000915527344,-0.699999988079071,1.1200000047683716,21.03333333333333
-0.42740528662883365,6.049846115111309,2.9412668482435196,27.790000915527344,-0.699999988079071,1.1200000047683716,21.066666666666666
-0.4024871483440039,6.0754741430280665,2.736888659000717,23.355500554699056,-0.8715000122916827,0.9240000039189056,21.1
-0.34432352821029166,5.742437070211565,2.6676140371960697,15.119999885559082,-1.190000057220459,0.5600000023841858,21.133333333333333
-0.32179828921921416,5.56982858022281,2.5095224825551985,15.119999885559082,-1.190000057220459,0.5600000023841858,21.166666666666668
-0.3282304160598564,5.309422935487601,2.400527034757761,3.009999990463257,-1.820000052452088,0.3499999940395355,21.2
-0.3439917039070437,5.328266125994627,2.6225124251035203,3.009999990463257,-1.820000052452088,0.3499999940395355,21.233333333333334
-0.3244910903774847,5.948252791091761,2.719792110443428,5.320000171661377,-1.2599999904632568,-0.2100000083446502,21.266666666666666
-0.4023722915655649,6.704430644994314,2.5262409496269513,5.320000171661377,-1.2599999904632568,-0.2100000083446502,21.3
-0.5038165891431915,6.944783998451092,2.7428725933296954,2.7993804648370193,-1.7770501952015663,-0.4038938213632168,21.333333333333332
-0.6732303503364239,6.974344573974797,3.1786178976738824,2.5899999141693115,-1.820000052452088,-0.4200000166893005,21.366666666666667
-0.634101497172122,6.597266780847713,3.6224416351326996,2.5899999141693115,-1.820000052452088,-0.4200000166893005,21.4
-0.39863295261300885,5.836934584300953,4.54535770034621,-26.880001068115234,-3.150000095367432,-1.6100000143051147,21.433333333333334
-0.20838720027747037,5.303226699832856,5.000463106786231,-26.880001068115234,-3.150000095367432,-1.6100000143051147,21.466666666666665
-0.3041864669311967,6.606149291984569,4.1670102500980715,-16.3799991607666,-4.199999809265137,-2.380000114440918,21.5
-0.5367133180291214,6.894223346709871,4.060605678549169,-16.3799991607666,-4.199999809265137,-2.380000114440918,21.53333333333333
-0.6542912699396952,7.351364668535959,4.313845254251769,-0.6299999952316284,-3.849999904632568,-2.240000009536743,21.566666666666666
-0.5405100653151913,7.891236793526407,4.29768200301074,-0.6299999952316284,-3.849999904632568,-2.240000009536743,21.6
-0.4178977527791515,7.990626000369779,4.287844403315268,-6.498436422147326,-4.457079660966548,-2.523303849877024,21.633333333333333
-0.478785803000207,7.78795858509774,4.478260625211758,-10.779999732971191,-4.900000095367432,-2.7300000190734863,21.666666666666668
-0.5776863002782879,7.499756874090253,4.880518100735852,-10.779999732971191,-4.900000095367432,-2.7300000190734863,21.7
-0.7105724587444892,7.524981339773603,5.159690362295473,-22.46999931335449,-5.25,-3.009999990463257,21.733333333333334
-0.6975040084522953,7.993416716259741,5.26634409459465,-22.46999931335449,-5.25,-3.009999990463257,21.766666666666666
-0.7305261011125327,8.10068282318132,5.544099872591365,-14.489999771118164,-5.179999828338623,-2.870000123977661,21.8
-0.7146946590736948,8.156453783672458,5.942956492109554,-14.489999771118164,-5.179999828338623,-2.870000123977661,21.833333333333332
-0.5310341493281419,8.34467693328936,6.013984165192436,-6.019999980926514,-4.480000019073486,-2.450000047683716,21.866666666666667
-0.4928433513650814,8.608822174074023,5.942069435114901,-6.019999980926514,-4.480000019073486,-2.450000047683716,21.9
-0.6693761706373379,8.69806111653812,6.1208992958062804,-5.441333325566968,-4.405333360018541,-2.366000048299616,21.933333333333334
-0.756063251495086,9.012840232847836,6.238981418609252,-1.680000066757202,-3.920000076293945,-1.820000052452088,21.966666666666665
-0.5609933567044132,9.190777130127401,6.176095962524414,-1.680000066757202,-3.920000076293945,-1.820000052452088,22.0
-0.6217796033215862,8.870758936565839,6.162146661123163,6.159999847412109,-3.7100000381469727,-0.4900000095367431,22.03333333333333
-0.746587336063385,8.857262852985167,6.125194048565311,6.159999847412109,-3.7100000381469727,-0.4900000095367431,22.066666666666666
-0.9182641177192086,9.038071495058256,5.901811317444931,10.289999961853027,-3.3600001335144043,0.2800000011920929,22.1
-0.9988380993205833,9.283487749735661,5.719241841633383,10.289999961853027,-3.3600001335144043,0.2800000011920929,22.133333333333333
-0.9843040432198082,9.394846134129594,5.697048336355355,10.033952485142212,-3.308790568404917,0.9457227560483378,22.166666666666668
-0.9541194601050137,9.698494522095011,5.938030090333228,9.9399995803833,-3.289999961853028,1.190000057220459,22.2
-0.9452497359916631,9.896225542703219,6.0967343991594785,9.9399995803833,-3.289999961853028,1.190000057220459,22.233333333333334
-1.063810395239946,10.343188634238142,6.178661181132139,6.650000095367432,-3.7799999713897705,1.9600000381469729,22.266666666666666
-1.1476386899961744,11.062414009101051,6.464182773594612,6.650000095367432,-3.7799999713897705,1.9600000381469729,22.3
-1.1393114233033066,11.917320518509367,6.701291275013605,4.130000114440918,-3.7100000381469727,2.5199999809265137,22.333333333333332
-1.089602718352497,13.253233044947981,6.687954909009756,4.130000114440918,-3.7100000381469727,2.5199999809265137,22.366666666666667
-1.0458731060041868,13.522285560609857,6.623895099643624,8.609999656677246,-3.430000066757202,4.059999942779541,22.4
-1.0672370195388794,13.024388170869807,6.884811467487717,8.609999656677246,-3.430000066757202,4.059999942779541,22.433333333333334
-1.0476067206865027,12.066652050400684,6.903539657592773,-3.3191153444197443,-3.754601803530284,4.0058996993834874,22.466666666666665
-0.9280846371640239,10.75227411651193,7.052646606442872,-22.26000022888184,-4.269999980926514,3.920000076293945,22.5
-0.8241111597998909,9.764130297340149,7.3329103902132085,-22.26000022888184,-4.269999980926514,3.920000076293945,22.53333333333333
-0.5583707296043797,9.234883003232445,7.224782970429855,-25.82999992370605,-3.430000066757202,3.289999961853028,22.566666666666666
-0.21767806303152107,8.529587959282505,6.879859561919391,-25.82999992370605,-3.430000066757202,3.289999961853028,22.6
0.12225527154667491,7.950989224746812,6.682186302180755,-13.15999984741211,-2.1700000762939453,3.990000009536743,22.633333333333333
0.31033146444943605,7.851125147502313,6.528465859729496,-13.15999984741211,-2.1700000762939453,3.990000009536743,22.666666666666668
0.2153617292642142,7.841559886932418,6.554175376889971,-0.5600000023841858,-1.820000052452088,4.059999942779541,22.7
0.18313723107094126,7.57259715397898,6.303398577370324,-0.5600000023841858,-1.820000052452088,4.059999942779541,22.733333333333334
0.14740313390926824,7.655231825508737,5.838217353818275,-0.5600000023841858,-1.820000052452088,4.059999942779541,22.766666666666666
0.009820493876576394,7.622637615203816,5.7623906364437065,15.260000228881836,-1.8899999856948853,4.199999809265137,22.8
0.03012511806212926,7.678714645386888,5.578762292225948,15.260000228881836,-1.8899999856948853,4.199999809265137,22.833333333333332
0.37859635090738825,7.545311292014272,5.056687196097525,21.13999938964844,-2.309999942779541,3.920000076293945,22.866666666666667
0.6204140863432495,7.45586142730164,5.081024284364108,21.13999938964844,-2.309999942779541,3.920000076293945,22.9
0.4276413931027234,7.524387914021326,4.788100657141605,19.18000030517578,-1.6100000143051147,3.569999933242798,22.933333333333334
0.09133889631472711,7.251219804126262,4.373668050127134,19.18000030517578,-1.6100000143051147,3.569999933242798,22.966666666666665
0.08877053659016727,6.625475436187168,4.153050734934217,13.436283305771635,-1.7233628667543857,3.9100883618867748,23.0
0.017930857973575454,6.093224539439474,4.196733375548376,8.539999961853027,-1.820000052452088,4.199999809265137,23.03333333333333
-0.2572025196145263,5.877473724365821,4.029989177703582,8.539999961853027,-1.820000052452088,4.199999809265137,23.066666666666666
-0.619954648016747,5.753699855804867,3.8340131568908027,10.149999618530272,-1.8899999856948853,4.269999980926514,23.1
-0.9370627880089593,5.794570573170797,3.5287737623856437,10.149999618530272,-1.8899999856948853,4.269999980926514,23.133333333333333
-1.1201681629836318,6.108424441019204,3.424634367623447,21.559999465942383,-1.2599999904632568,4.199999809265137,23.166666666666668
-1.274845738411202,6.562119827273174,3.4687596035019883,21.559999465942383,-1.2599999904632568,4.199999809265137,23.2
-1.1477152595508027,7.051568417870556,3.579369321188936,23.729999542236328,-0.9100000262260436,3.220000028610229,23.233333333333334
-1.0684876871095006,7.674534895584548,3.6335192979173154,23.729999542236328,-0.9100000262260436,3.220000028610229,23.266666666666666
-1.0644417642487392,8.282892151221915,3.3340831984413697,25.379026328846237,-0.8554867458462486,3.138230102238315,23.3
-1.0131254240675236,8.46153997802707,3.002282969792202,32.20000076293945,-0.6299999952316284,2.799999952316284,23.333333333333332
-0.9895727796566004,8.101723467509926,3.2642903900142666,32.20000076293945,-0.6299999952316284,2.799999952316284,23.366666666666667
-1.0259258832946911,7.954064826965687,3.499695045468113,5.460000038146973,-0.7699999809265137,1.0499999523162842,23.4
-0.9795289646782107,8.273017461141421,3.358487968443929,5.460000038146973,-0.7699999809265137,1.0499999523162842,23.433333333333334
-0.82089510790369,8.544659884139413,3.2961320432012,6.510000228881836,-1.4700000286102295,-0.0700000002980232,23.466666666666665
-0.603472287653841,8.881096321109064,3.3979294300079346,6.510000228881836,-1.4700000286102295,-0.0700000002980232,23.5
-0.4367516077710143,9.274551723559261,3.6591870095546293,8.094189050311318,-1.3002654844993418,-0.29631267961051566,23.53333333333333
-0.3593828825150997,9.415965932210023,3.7784337711327822,8.470000267028809,-1.2599999904632568,-0.3499999940395355,23.566666666666666
-0.29490200162038904,9.394556999206545,3.6004653167739145,8.470000267028809,-1.2599999904632568,-0.3499999940395355,23.6
-0.2593593380451284,9.059926500956292,3.514409874598187,7.909999847412109,-1.1200000047683716,0.3499999940395355,23.633333333333333
-0.06297495981050516,8.942667414347476,3.542008033116652,7.909999847412109,-1.1200000047683716,0.3499999940395355,23.666666666666668
0.007006435320755899,9.018449661255183,3.5859162559516773,2.380000114440918,-1.0499999523162842,0.5600000023841858,23.7
0.10598987363384257,8.948589691161086,3.345310976663442,2.380000114440918,-1.0499999523162842,0.5600000023841858,23.733333333333334
0.3243826099262991,8.691814531960157,3.280357977547053,2.799999952316284,-1.75,1.820000052452088,23.766666666666666
0.43426497125422636,8.381131774896051,3.531396266955118,2.799999952316284,-1.75,1.820000052452088,23.8
0.5286491027581945,8.929522887739783,3.454656556171695,5.939999829703652,-1.8372222380713144,2.081666717153177,23.833333333333332
0.44343457555766475,9.040764284769798,3.0190906365710273,10.359999656677246,-1.9600000381469729,2.450000047683716,23.866666666666667
0.18632139682902787,8.959871383666963,3.1610699157733286,10.359999656677246,-1.9600000381469729,2.450000047683716,23.9
0.0989387740688127,8.859024391176487,3.3887408224701105,2.5899999141693115,-2.240000009536743,2.240000009536743,23.933333333333334
0.26880333860638744,8.999312375385669,3.3708416970558037,2.5899999141693115,-2.240000009536743,2.240000009536743,23.966666666666665
0.5491245532046148,8.895300979612882,3.2107084655799563,8.75,-2.7300000190734863,1.680000066757202,24.0
0.7062588413565276,8.777091153462486,3.2898338603962918,8.75,-2.7300000190734863,1.680000066757202,24.03333333333333
0.7331551078170853,8.82623177592144,3.507977669396504,1.8899999856948853,-3.289999961853028,0.9100000262260436,24.066666666666666
0.8113681383134118,8.918904014589415,3.526572246553586,1.8899999856948853,-3.289999961853028,0.9100000262260436,24.1
0.7824103677511638,8.983040441102993,3.450834617504924,1.88194688821005,-3.2945427346489247,0.9100000262260436,24.133333333333333
0.6272418330501697,9.264095736186007,3.5211099840798377,-0.8400000333786011,-4.829999923706055,0.9100000262260436,24.166666666666668
0.30987202596537605,9.51975432586697,3.6174644527433144,-0.8400000333786011,-4.829999923706055,0.9100000262260436,24.2
-0.10146568557517252,9.208120704651892,3.7673434575396674,-1.3300000429153442,-5.740000247955322,1.190000057220459,24.233333333333334
-0.5083493820789132,9.102769579568141,3.955272806167479,-1.3300000429153442,-5.740000247955322,1.190000057220459,24.266666666666666
-1.0796418542897908,9.107599700930187,3.4403891811305995,2.940000057220459,-6.159999847412109,0.9100000262260436,24.3
-1.7467910261182396,9.705647572834158,2.7031694609276933,2.940000057220459,-6.159999847412109,0.9100000262260436,24.333333333333332
-2.1507372631082298,9.14774876709931,2.596390012442084,-3.101887965942618,-6.203156295427292,0.7373746383867816,24.366666666666667
-2.1952538585661725,8.760914878844323,2.6893416309362035,-6.860000133514404,-6.230000019073486,0.6299999952316284,24.4
-1.8843991740563435,8.650777715047129,2.7091867319742113,-6.860000133514404,-6.230000019073486,0.6299999952316284,24.433333333333334
-1.5105631415053489,8.251882736206683,3.0947575728086814,-12.880000114440918,-6.300000190734863,-0.2800000011920929,24.466666666666665
-1.3138596801759714,8.21395382690417,3.448946308135805,-12.880000114440918,-6.300000190734863,-0.2800000011920929,24.5
-1.2690134340902632,8.528509747813827,3.63260042826663,-5.809999942779541,-5.670000076293945,-0.8400000333786011,24.53333333333333
-1.3550113058096276,8.763760688782153,3.6911021563214312,-5.809999942779541,-5.670000076293945,-0.8400000333786011,24.566666666666666
-1.3546922245021267,9.019464057922654,3.382863784787637,11.550000190734863,-3.849999904632568,-1.5399999618530271,24.6
-1.18629533417812,9.791045860302907,2.973038277933308,11.550000190734863,-3.849999904632568,-1.5399999618530271,24.633333333333333
-0.751613703981836,9.651737525975925,2.6979594899211747,11.975926116705315,-3.64555548105676,-1.8125925846485733,24.666666666666668
-0.2643301987656127,9.117975128175148,2.6551899929039475,13.300000190734863,-3.009999990463257,-2.6600000858306885,24.7
0.10604092427001853,8.143602666220808,2.8082786184941417,13.300000190734863,-3.009999990463257,-2.6600000858306885,24.733333333333334
0.20100428660790223,7.875219885509227,2.802095413208008,-12.949999809265137,-3.5,-3.7100000381469727,24.766666666666666
0.003350071607066102,8.014328002930187,2.563283157345724,-12.949999809265137,-3.5,-3.7100000381469727,24.8
-0.34692699559280793,8.242349978127825,2.4491701393178515,-2.0999999046325684,-3.5,-2.5899999141693115,24.833333333333332
-0.6157431101851213,8.125900965368082,2.549940294265051,-2.0999999046325684,-3.5,-2.5899999141693115,24.866666666666667
-0.7269176328180634,7.658191432951585,2.5118596458443783,-6.423900137002538,-3.5,-2.3463999390571177,24.9
-0.6252828292831344,6.982550478612398,2.7081976064072513,-7.070000171661377,-3.5,-2.309999942779541,24.933333333333334
-0.4337544769456796,6.685670196532688,3.2799879226653634,-7.070000171661377,-3.5,-2.309999942779541,24.966666666666665
-0.45423137617109843,6.7576874275210645,3.538058210373174,-19.25,-3.7100000381469727,-3.430000066757202,25.0
-0.5555949563983235,7.515230771384157,3.4053187694545386,-19.25,-3.7100000381469727,-3.430000066757202,25.03333333333333
-0.7299773310021038,7.907846483866646,3.1718476092017123,-8.329999923706055,-4.130000114440918,-2.940000057220459,25.066666666666666
-0.9548469152437524,7.670399951938612,3.1174997844703416,-8.329999923706055,-4.130000114440918,-2.940000057220459,25.1
-0.9045830837889036,7.112233181000273,3.4255276807150774,-19.950000762939453,-4.96999979019165,-2.240000009536743,25.133333333333333
-0.745183500449073,6.820043265024981,3.510108976364092,-19.950000762939453,-4.96999979019165,-2.240000009536743,25.166666666666668
-0.5118430405855237,6.932015323638904,3.648466968536368,-18.823000335693656,-5.239499950408865,-2.3624999761581096,25.2
-0.43021297097209227,7.43983855565431,3.8369163862866436,-16.729999542236328,-5.740000247955322,-2.5899999141693115,25.233333333333334
-0.5343523430821726,7.914048906960896,4.041589927672414,-16.729999542236328,-5.740000247955322,-2.5899999141693115,25.266666666666666
-0.6575902652737741,8.02171672821086,4.332982353210107,-6.090000152587891,-6.650000095367432,-2.240000009536743,25.3
-0.6689932770731508,7.8999724095657795,4.607566801706314,-6.090000152587891,-6.650000095367432,-2.240000009536743,25.333333333333332
-0.4446597543617996,8.241941383350815,4.637774993891901,-0.7699999809265137,-7.349999904632568,-2.1700000762939453,25.366666666666667
-0.2641579134456455,8.872156669618317,4.553053283689956,-0.7699999809265137,-7.349999904632568,-2.1700000762939453,25.4
-0.268682113409011,9.139677782694488,4.596444671630863,4.059999942779541,-7.769999980926514,-1.75,25.433333333333334
-0.5288646092421545,9.039181605020557,4.721277810416104,4.059999942779541,-7.769999980926514,-1.75,25.466666666666665
-0.6694016771309214,9.163708267207708,4.631655467988707,4.059999942779541,-7.769999980926514,-1.75,25.5
-0.6384661838215351,9.731031842549058,4.392351857503663,7.349999904632568,-8.1899995803833,-1.4700000286102295,25.53333333333333
-0.6509220275880577,9.856432759603011,4.26910122426401,7.349999904632568,-8.1899995803833,-1.4700000286102295,25.566666666666666
-0.6612083411217269,9.708506813049405,4.288952922821826,5.670000076293945,-7.769999980926514,-0.699999988079071,25.6
-0.6583049472170636,9.534430948892199,4.48584113438779,5.670000076293945,-7.769999980926514,-0.699999988079071,25.633333333333333
-0.6256593206723151,10.173668902079626,4.757911716461099,-1.820000052452088,-7.699999809265137,-0.9800000190734864,25.666666666666668
-0.6716414594652388,11.072540588379946,5.182541255951154,-1.820000052452088,-7.699999809265137,-0.9800000190734864,25.7
-0.9261511675515963,12.418363176985642,5.569477634430279,5.2229333401929185,-6.83106652576234,-0.568400002710942,25.733333333333334
-1.0242348165516633,13.665866086326757,5.911631669361107,8.960000038146973,-6.369999885559082,-0.3499999940395355,25.766666666666666
-0.9155266494760439,14.077459533690194,5.883777973174481,8.960000038146973,-6.369999885559082,-0.3499999940395355,25.8
-0.6012261198366058,14.451825014750487,5.401253203074724,13.720000267028809,-5.809999942779541,1.1200000047683716,25.833333333333332
-0.45925329542166415,14.368239163716813,4.855963378906253,13.720000267028809,-5.809999942779541,1.1200000047683716,25.866666666666667
-0.6129864902440885,13.574661125191355,4.926366207121856,-8.1899995803833,-6.019999980926514,1.6100000143051147,25.9
-0.8402744477595299,12.716468887325943,5.351601678213312,-8.1899995803833,-6.019999980926514,1.6100000143051147,25.933333333333334
-0.7627633738488033,11.817775090521032,5.604605573018475,-25.40999984741211,-5.809999942779541,1.6100000143051147,25.966666666666665
-0.5533360838859294,11.114291992186324,5.853340129850756,-25.40999984741211,-5.809999942779541,1.6100000143051147,26.0
-0.35127889513876587,10.60409234364786,5.858158047990987,-23.263333256345376,-5.707333278622814,1.6473333438358206,26.03333333333333
-0.2861598960559106,10.26331029256232,5.60307389577245,-9.3100004196167,-5.039999961853027,1.8899999856948853,26.066666666666666
-0.5452001738543848,9.847103958130907,5.235012817384114,-9.3100004196167,-5.039999961853027,1.8899999856948853,26.099999999999998
-0.7145989228878752,9.468731384280908,4.961819229126821,5.740000247955322,-4.760000228881836,2.0999999046325684,26.133333333333333
-0.5497180142413162,8.946617607117595,4.937124721526632,5.740000247955322,-4.760000228881836,2.0999999046325684,26.166666666666668
-0.26130557322670067,8.595039138796297,5.0142334442116505,-0.0700000002980232,-5.179999828338623,0.8400000333786011,26.2
-0.22878754154749653,8.691788874307239,4.438844680786133,-0.0700000002980232,-5.179999828338623,0.8400000333786011,26.233333333333334
-0.41733306470420656,8.142410123596656,3.9084025195947634,15.693834162119844,-4.765162264004479,1.9659882702879143,26.266666666666666
-0.5772460007666715,7.667375152588059,3.573186107635694,18.549999237060547,-4.690000057220459,2.1700000762939453,26.3
-0.6167066585242938,7.301445402782564,3.2063246447266214,18.549999237060547,-4.690000057220459,2.1700000762939453,26.333333333333332
-0.3953339517919567,7.041116224926251,2.823778263094354,23.030000686645508,-3.569999933242798,2.380000114440918,26.366666666666667
-0.18352647709923287,6.795399726868882,2.684000528335498,23.030000686645508,-3.569999933242798,2.380000114440918,26.4
-0.18562585194882614,6.579412485759424,2.691319618226017,17.989999771118164,-3.009999990463257,2.240000009536743,26.433333333333334
-0.30383551557817295,6.329082177481247,2.1726011149100395,17.989999771118164,-3.009999990463257,2.240000009536743,26.466666666666665
-0.30569880461695526,6.00792216110302,1.7252867221832275,23.170000076293945,-2.5199999809265137,3.150000095367432,26.5
-0.2073279352983116,5.15131842549655,1.9151687399546358,23.170000076293945,-2.5199999809265137,3.150000095367432,26.53333333333333
-0.02783961509542177,4.477187616634997,2.080248864351536,11.294985319874124,-2.763451352579251,2.500796529759053,26.566666666666666
0.1149361635442008,4.53710681152253,2.1364456596373684,-7.559999942779541,-3.150000095367432,1.4700000286102295,26.599999999999998
0.09390409660346015,5.211498500823808,2.010834096272053,-7.559999942779541,-3.150000095367432,1.4700000286102295,26.633333333333333
-0.03718898141297907,5.623531688688462,1.622723498344903,1.75,-2.870000123977661,0.5600000023841858,26.666666666666668
-0.28006595492280695,5.880064376830616,1.554854237556037,1.75,-2.870000123977661,0.5600000023841858,26.7
-0.5368345780342133,6.031915186562434,1.8499795366716387,-1.75,-2.309999942779541,0.1400000005960464,26.733333333333334
-0.7513731122016907,5.868297644292103,2.561955832166452,-1.75,-2.309999942779541,0.1400000005960464,26.766666666666666
-0.6580497026424419,5.0418572425847055,3.2782840728782237,-48.86000061035156,-4.199999809265137,-2.240000009536743,26.8
-0.4854412813961835,4.6805282592795985,3.5013031800617282,-48.86000061035156,-4.199999809265137,-2.240000009536743,26.833333333333332
-0.4350306828819224,5.765472920748891,3.4272825082089957,-48.86000061035156,-4.199999809265137,-2.240000009536743,26.866666666666667
-0.5466167955404656,6.4127255935723815,3.3776376304579845,-21.770000457763672,-4.130000114440918,-3.220000028610229,26.9
-0.7401041316994409,6.736144915261631,3.4487293688500475,-21.770000457763672,-4.130000114440918,-3.220000028610229,26.933333333333334
-0.8235113447504109,7.27065043893852,3.4078967164315777,-9.029999732971191,-3.990000009536743,-2.450000047683716,26.966666666666665
-0.896976794242283,8.237883163455459,3.56594995308383,-9.029999732971191,-3.990000009536743,-2.450000047683716,27.0
-0.7141905269620947,8.338008405049932,4.052999154408646,-5.460000038146973,-4.130000114440918,-2.1700000762939453,27.03333333333333
-0.5021916670797912,8.645615598043063,4.496280554453575,-5.460000038146973,-4.130000114440918,-2.1700000762939453,27.066666666666666
-0.32172967190289214,9.216740945793267,4.871431346485714,-10.915044235787331,-4.680088397657271,-2.215840740539888,27.099999999999998
-0.2790577545165226,9.851111022948608,5.243774116516192,-13.789999961853027,-4.96999979019165,-2.240000009536743,27.133333333333333
-0.33189316264771823,9.958447362264078,5.422629601796068,-13.789999961853027,-4.96999979019165,-2.240000009536743,27.166666666666668
-0.3972801709168617,9.950018424986789,5.476390346523381,-4.760000228881836,-4.480000019073486,-0.0700000002980232,27.2
-0.466795754507537,10.2224525248156,5.432935033165802,-4.760000228881836,-4.480000019073486,-0.0700000002980232,27.233333333333334
-0.4445704170068198,10.57700454711848,5.317648105621022,10.079999923706056,-4.340000152587891,1.399999976158142,27.266666666666666
-0.47513583660169045,11.07581443786242,5.415533847812249,10.079999923706056,-4.340000152587891,1.399999976158142,27.3
-0.4259376525878906,11.489991582232818,5.6226638679511725,8.680000305175781,-3.990000009536743,2.0999999046325684,27.333333333333332
-0.4466378845376426,12.569958796180435,5.899194974261597,8.680000305175781,-3.990000009536743,2.0999999046325684,27.366666666666667
-0.6110597748672172,14.029450458763293,6.170674661619587,9.729380717324833,-3.894601777591072,2.0454866590750416,27.4
-0.5052545795420584,15.58442349244048,6.099382425940509,14.06999969482422,-3.5,1.820000052452088,27.433333333333334
-0.24835194941103855,15.895832979836763,5.619320421851302,14.06999969482422,-3.5,1.820000052452088,27.466666666666665
-0.1706239224682258,14.797532714853634,5.413255802153768,6.929999828338623,-3.920000076293945,3.5,27.5
-0.34110108327730926,13.498643369044556,5.36126903025215,6.929999828338623,-3.920000076293945,3.5,27.53333333333333
-0.519292949675825,12.437685419727309,5.5955954297379495,-31.71000099182129,-4.829999923706055,3.009999990463257,27.566666666666666
-0.5472102394111013,11.220097007742494,6.090869956976382,-31.71000099182129,-4.829999923706055,3.009999990463257,27.599999999999998
-0.40122991863275664,10.444404687831623,6.2614744643023705,-31.76796370208673,-3.960555518731617,3.0679628981493727,27.633333333333333
-0.2567749857892822,9.888134295143244,6.308311945591387,-31.780000686645508,-3.7799999713897705,3.0799999237060547,27.666666666666668
-0.16290918350058417,9.622361907956137,6.108711586001761,-31.780000686645508,-3.7799999713897705,3.0799999237060547,27.7
-0.31602338806841523,9.360354817707584,5.988759707133552,0.0700000002980232,-1.6100000143051147,4.059999942779541,27.733333333333334
-0.3026486289493797,9.10880595143534,5.705847751615612,0.0700000002980232,-1.6100000143051147,4.059999942779541,27.766666666666666
-0.22183214962506792,9.064795669555558,5.412049957275634,12.739999771118164,-0.6299999952316284,3.990000009536743,27.8
-0.14267475279300257,8.773932818098547,5.331596913656452,12.739999771118164,-0.6299999952316284,3.990000009536743,27.833333333333332
-0.22954688481478502,8.564492568969946,4.784118858337657,26.040000915527344,0.5600000023841858,3.849999904632568,27.866666666666667
-0.46636822414407786,7.765752342223745,4.15460531616183,26.040000915527344,0.5600000023841858,3.849999904632568,27.9
-0.6994844304072805,7.293082684542729,4.06681441346532,24.548731913628178,0.9166076907671353,2.9746902319647806,27.933333333333334
-0.7077647579506793,7.511051418302336,3.590989224754951,22.81999969482422,1.3300000429153442,1.9600000381469729,27.966666666666665
-0.5309193096170667,6.968071914676491,2.7908582839993525,22.81999969482422,1.3300000429153442,1.9600000381469729,28.0
-0.4905972154933712,6.459422307336523,2.6191877549519846,31.07999992370605,1.680000066757202,1.4700000286102295,28.03333333333333
-0.47890704282164703,6.108596619927697,2.366088333133671,31.07999992370605,1.680000066757202,1.4700000286102295,28.066666666666666
-0.25336110234228126,5.674733600609644,1.8407206392186581,27.51000022888184,1.4700000286102295,0.3499999940395355,28.099999999999998
-0.05803599921131526,4.551407070150803,1.4482517735184879,27.51000022888184,1.4700000286102295,0.3499999940395355,28.133333333333333
0.13236930056554047,3.6653608690830817,1.6031080163340692,-15.329999923706056,-0.2800000011920929,-1.820000052452088,28.166666666666668
0.3312550613897193,3.260767957688088,1.6748250980294859,-15.329999923706056,-0.2800000011920929,-1.820000052452088,28.2
0.3514469126113633,3.774512534308784,1.3756116189041205,-15.26082588200485,-0.27896755279569957,-1.8183481348420338,28.233333333333334
0.1930917348853291,4.983955406196233,1.3128642930969372,8.119999885559082,0.0700000002980232,-1.2599999904632568,28.266666666666666
-0.005474973701390279,6.3350232925484,1.2528309411980076,8.119999885559082,0.0700000002980232,-1.2599999904632568,28.3
-0.2742208824970909,7.700454935712989,0.9118320064557798,27.09000015258789,0.6299999952316284,-0.8400000333786011,28.333333333333332
-0.41554286050844086,7.306141682939907,1.369834645275742,27.09000015258789,0.6299999952316284,-0.8400000333786011,28.366666666666667
-0.4860857810934048,5.791852046961188,2.9663828353945174,-31.290000915527344,-0.7699999809265137,-2.240000009536743,28.4
-0.5914949642815891,4.70901344426452,3.3102532831832217,-31.290000915527344,-0.7699999809265137,-2.240000009536743,28.433333333333334
-0.32694213857104504,4.741211954247725,3.3827997010855655,-23.758148112640114,-1.2292592714694082,-2.6992593000796377,28.466666666666665
-0.4032528841493703,5.880140991217094,3.0391848087292233,-19.809999465942383,-1.4700000286102295,-2.940000057220459,28.5
-0.4926200238868861,7.2092897224482275,3.015829935074952,-19.809999465942383,-1.4700000286102295,-2.940000057220459,28.53333333333333
-0.627158859411959,7.057087952932009,3.2121824436189894,-22.75,-1.8899999856948853,-3.920000076293945,28.566666666666666
-0.7473147602080515,7.364260688781686,3.4330191268931207,-22.75,-1.8899999856948853,-3.920000076293945,28.599999999999998
-0.8229944690081683,7.947543261213225,3.7825304069588217,-16.59000015258789,-1.9600000381469729,-3.7799999713897705,28.633333333333333
-0.8322725834847827,8.618457110088924,4.425833508810634,-16.59000015258789,-1.9600000381469729,-3.7799999713897705,28.666666666666668
-0.7198250412942259,9.71329257964905,4.59231594848673,3.990000009536743,-2.0299999713897705,-3.5,28.7
-0.617076773007845,10.267260559081597,4.596852952320999,3.990000009536743,-2.0299999713897705,-3.5,28.733333333333334
-0.6365135312080383,10.170402763164628,5.027598832561372,-0.6072860770813477,-2.352949839432997,-3.462005935938189,28.766666666666666
-0.6621081142433163,10.118402336119779,5.118679424283537,-12.949999809265137,-3.220000028610229,-3.3600001335144043,28.8
-0.6567352094648856,10.177727645871268,5.038724404654891,-12.949999809265137,-3.220000028610229,-3.3600001335144043,28.833333333333332
-0.7455344168351534,9.81607292429235,5.169862077078936,-7.909999847412109,-4.130000114440918,-1.9600000381469729,28.866666666666667
-0.7448069987301444,9.533556449890042,5.352112243651999,-7.909999847412109,-4.130000114440918,-1.9600000381469729,28.9
-0.7130036404905675,9.97185411580146,5.307189521793286,0.2800000011920929,-4.130000114440918,-0.8400000333786011,28.933333333333334
-0.9337382656748897,10.875167088840065,5.572840526582717,0.2800000011920929,-4.130000114440918,-0.8400000333786011,28.966666666666665
-1.0950425553336183,12.080404911050419,5.944462423327895,15.870400664325453,-3.5210000729399464,0.13439999672372505,29.0
-1.38583835220594,13.847777918515716,6.392829359694633,18.200000762939453,-3.430000066757202,0.2800000011920929,29.03333333333333
-1.8382256088281954,15.816056882243032,6.390519289650512,18.200000762939453,-3.430000066757202,0.2800000011920929,29.066666666666666
-1.7634009590138007,17.077974594114508,5.781189411162105,51.869998931884766,-2.1700000762939453,2.240000009536743,29.099999999999998
-1.4155104322409755,16.50628630573332,5.334340738927416,51.869998931884766,-2.1700000762939453,2.240000009536743,29.133333333333333
-1.0329577989559986,15.026365069064255,5.062372426349837,12.25,-3.0799999237060547,3.0799999237060547,29.166666666666668
-1.0366077604295816,13.7141393203721,4.7700804939271855,12.25,-3.0799999237060547,3.0799999237060547,29.2
-1.1258791948960476,12.237951260876097,4.9705740826934575,-15.75,-3.150000095367432,3.849999904632568,29.233333333333334
-1.0486679992665404,11.363390604649275,4.987847796123547,-15.75,-3.150000095367432,3.849999904632568,29.266666666666666
-0.8267975997924519,10.733054580686538,4.814626808166447,-12.490800018229638,-3.150000095367432,4.454800014510863,29.3
-0.5742979645729065,9.956705729167856,4.630245108287119,-8.960000038146973,-3.150000095367432,5.110000133514404,29.333333333333332
-0.4719772013039807,9.526409810385855,4.394030175530113,-8.960000038146973,-3.150000095367432,5.110000133514404,29.366666666666667
-0.400132513523162,9.132734771728957,4.23207833099354,-4.760000228881836,-3.3600001335144043,5.949999809265137,29.4
-0.3535633289813807,8.793847742716622,4.188801567077688,-4.760000228881836,-3.3600001335144043,5.949999809265137,29.433333333333334
-0.4475631591483454,8.056360420224241,3.9978985900846333,-5.809999942779541,-3.990000009536743,5.740000247955322,29.466666666666665
-0.5629842853551086,7.678669750212653,3.54027885055407,-5.809999942779541,-3.990000009536743,5.740000247955322,29.5
-0.6490013256085718,7.12484227116529,3.232174377438385,9.59000015258789,-3.7100000381469727,5.880000114440918,29.53333333333333
-0.6072307348245221,6.758504084262471,3.0105910619088565,9.59000015258789,-3.7100000381469727,5.880000114440918,29.566666666666666
-0.4476008802879176,6.333095765743806,2.49959362712958,10.09734527648212,-3.7211504699967963,5.829823114149441,29.599999999999998
-0.22631167101773345,5.750834692631683,1.939538127261075,15.960000038146973,-3.849999904632568,5.25,29.633333333333333
-0.07160857039796649,5.225160575862602,1.5445743484488652,15.960000038146973,-3.849999904632568,5.25,29.666666666666668
-0.03195010885563439,4.594977157588412,1.4388843107227263,4.409999847412109,-3.990000009536743,4.269999980926514,29.7
-0.04795387730473856,3.933806880314236,1.4574851710000447,4.409999847412109,-3.990000009536743,4.269999980926514,29.733333333333334
-0.025039389899009307,3.6514054018669007,1.457919173561177,-7.980000019073486,-4.690000057220459,3.3600001335144043,29.766666666666666
0.028312888577169758,3.6915105190342805,1.466297488209574,-7.980000019073486,-4.690000057220459,3.3600001335144043,29.8
0.02089806370434498,4.247954413096549,1.3606075318651998,-4.3213334147011615,-4.781466636658024,2.674000008898639,29.833333333333332
0.0028459653581695537,4.799037774408107,1.407157584508003,-2.380000114440918,-4.829999923706055,2.309999942779541,29.866666666666667
-0.14183245074965423,5.289590419770048,1.8005772371376347,-2.380000114440918,-4.829999923706055,2.309999942779541,29.9
-0.312724382320967,5.360337526957255,2.4553852850618916,-21.420000076293945,-5.039999961853027,0.7699999809265137,29.933333333333334
-0.2349899538754072,5.490722375234909,2.9759225190473444,-21.420000076293945,-5.039999961853027,0.7699999809265137,29.966666666666665
-0.11129894143308203,5.717155090333248,2.9467992725380427,-30.520000457763672,-5.880000114440918,-0.9100000262260436,30.0
-0.11487235168633059,5.978543835958297,3.3084220415758585,-30.520000457763672,-5.880000114440918,-0.9100000262260436,30.03333333333333
-0.11192428831306123,6.367030630751822,4.022121228539988,-36.75,-5.320000171661377,-2.5199999809265137,30.066666666666666
-0.07262954795269119,7.207707286842678,4.509846721649869,-36.75,-5.320000171661377,-2.5199999809265137,30.099999999999998
0.032750936112398016,8.029618560469075,4.730268688202933,-27.459600008481697,-5.043500121462734,-2.3540999821991075,30.133333333333333
0.04462933288963501,8.607353975928978,4.835658725737048,-1.4700000286102295,-4.269999980926514,-1.8899999856948853,30.166666666666668
-0.11734821200243414,9.03104586791621,5.211313442229715,-1.4700000286102295,-4.269999980926514,-1.8899999856948853,30.2
-0.2757523415088433,9.63457541656488,5.259075908660903,9.59000015258789,-3.7100000381469727,-1.9600000381469729,30.233333333333334
-0.31945641279198694,10.024638580321557,4.933627740223967,9.59000015258789,-3.7100000381469727,-1.9600000381469729,30.266666666666666
-0.4362941465372273,9.828439277647542,5.0268874320891195,10.010000228881836,-4.059999942779541,-1.680000066757202,30.3
-0.48094262274208954,9.948997159322001,5.143105992634168,10.010000228881836,-4.059999942779541,-1.680000066757202,30.333333333333332
-0.4962566742854908,10.001798114945395,4.92585406542521,13.565752279796829,-4.23778758569469,-1.3836873622064532,30.366666666666667
-0.5693972692494562,10.151002929689696,4.755282749173556,14.210000038146973,-4.269999980926514,-1.3300000429153442,30.4
-0.6583496219308127,10.42366097259117,4.735437375385914,14.210000038146973,-4.269999980926514,-1.3300000429153442,30.433333333333334
-0.5275564717443535,11.209651194255803,4.882993742625673,4.409999847412109,-4.619999885559082,-1.2599999904632568,30.466666666666665
-0.3651003427493832,12.016131835958635,5.157387172700433,4.409999847412109,-4.619999885559082,-1.2599999904632568,30.5
-0.5527745451954286,13.100840021775443,5.717978384656182,0.2800000011920929,-4.829999923706055,-0.0700000002980232,30.53333333333333
-0.8097664858501041,14.775486554465074,6.404679011027382,0.2800000011920929,-4.829999923706055,-0.0700000002980232,30.566666666666666
-0.7226582264866522,15.943660049446494,6.539817981718286,11.480000495910645,-4.760000228881836,1.8899999856948853,30.599999999999998
-0.21220308581603842,16.286356150308716,6.250275751744025,11.480000495910645,-4.760000228881836,1.8899999856948853,30.633333333333333
0.18017712219730128,14.839372579376796,6.27696521698438,-4.732962553347058,-5.830370436303738,2.551111163306654,30.666666666666668
0.09935354340149583,13.204851966862135,6.347121868133435,-24.56999969482422,-7.139999866485596,3.3600001335144043,30.7
-0.14106671899445433,11.488249415087623,6.638386425022778,-24.56999969482422,-7.139999866485596,3.3600001335144043,30.733333333333334
-0.34196889837583555,10.727336446126735,6.312089650472376,-28.559999465942383,-7.28000020980835,3.640000104904175,30.766666666666666
-0.36552149844179493,10.033827133178574,5.812450382232482,-28.559999465942383,-7.28000020980835,3.640000104904175,30.8
-0.17064305579438488,9.576373285923518,5.390149968464796,-6.230000019073486,-5.389999866485596,3.5,30.833333333333332
0.10175921150133434,9.019196050007567,5.326039222716766,-6.230000019073486,-5.389999866485596,3.5,30.866666666666667
0.12868103110693113,8.752223678587834,5.1499975318900235,-0.4900000095367431,-3.0799999237060547,2.450000047683716,30.9
-0.15204218866596686,8.746066274007436,4.896515406291948,-0.4900000095367431,-3.0799999237060547,2.450000047683716,30.933333333333334
-0.33123070344560446,8.709888601725295,4.71942882481706,-0.05348083856693597,-3.019291962889585,2.4239823487843437,30.966666666666665
-0.2727915287017822,8.654669761657715,4.480959892272949,10.079999923706056,-1.6100000143051147,1.820000052452088,31.0
-0.17101316849391043,8.25760637919111,4.076398642857887,10.079999923706056,-1.6100000143051147,1.820000052452088,31.03333333333333
-0.1338369448595329,7.48270007960879,3.776583340967602,11.6899995803833,-1.2599999904632568,1.680000066757202,31.066666666666666
-0.2274219857457521,6.77415072631939,3.4788289051056553,11.6899995803833,-1.2599999904632568,1.680000066757202,31.099999999999998
-0.15571131026847881,6.396345558171885,3.299348110200921,10.010000228881836,-0.8400000333786011,0.699999988079071,31.133333333333333
0.0442719909553853,6.1479741757703135,3.153827325816848,10.010000228881836,-0.8400000333786011,0.699999988079071,31.166666666666668
0.0816976961444065,5.7734098181285,2.7087508007480396,15.969292513986868,-0.6107964779463874,0.699999988079071,31.2
0.003796747400630192,5.468063209532633,2.4173794657388292,19.11000061035156,-0.4900000095367431,0.699999988079071,31.233333333333334
-0.19730963178403704,5.089925877890437,2.101024332686731,19.11000061035156,-0.4900000095367431,0.699999988079071,31.266666666666666
-0.2071109876631609,4.565458297732447,1.6997879438403511,19.11000061035156,-0.5600000023841858,0.2800000011920929,31.3
-0.1366254815262307,3.924356601717492,1.7490498812980044,19.11000061035156,-0.5600000023841858,0.2800000011920929,31.333333333333332
-0.13768474368299344,3.749412604015654,1.8741064526233282,-4.409999847412109,-0.8400000333786011,-1.680000066757202,31.366666666666667
-0.1411815732717514,4.166454933166787,1.6945618267058276,-4.409999847412109,-0.8400000333786011,-1.680000066757202,31.4
-0.23661075174760915,4.577122669221768,1.6719089301428263,2.240000009536743,-0.8400000333786011,-2.240000009536743,31.433333333333334
-0.29480628768692924,4.662310384115423,2.0788309097332602,2.240000009536743,-0.8400000333786011,-2.240000009536743,31.466666666666665
-0.35601154797563334,4.530572573345747,2.5303673346806796,-5.537777833957529,-1.0150000320425585,-2.6094444327641577,31.5
-0.3506152693431256,4.500492060341977,2.8544648723613744,-25.76000022888184,-1.4700000286102295,-3.569999933242798,31.53333333333333
-0.3160999619965669,4.977797499335752,3.046535787582629,-25.76000022888184,-1.4700000286102295,-3.569999933242798,31.566666666666666
-0.27924280452720796,5.9935839538566995,3.207511333465817,-16.799999237060547,-1.8899999856948853,-4.269999980926514,31.599999999999998
-0.2577768216926671,7.137642963407758,3.610821683883731,-16.799999237060547,-1.8899999856948853,-4.269999980926514,31.633333333333333
-0.21975191720051723,8.20276760992043,3.9562045110110513,-0.0700000002980232,-1.4700000286102295,-3.990000009536743,31.666666666666668
-0.20770442020660404,8.511171905519811,4.307502647410048,-0.0700000002980232,-1.4700000286102295,-3.990000009536743,31.7
-0.08999875787847722,8.890225517363461,5.101891956498833,-14.288879302706489,-2.180943963806352,-4.183893629936131,31.733333333333334
-0.05697035465617174,9.25850568644867,5.567333544408152,-15.470000267028809,-2.240000009536743,-4.199999809265137,31.766666666666666
-0.15012148624500385,9.781328033448057,5.211658287047351,-15.470000267028809,-2.240000009536743,-4.199999809265137,31.8
-0.3956593851241808,9.837277437845973,5.289060866038174,-1.3300000429153442,-3.009999990463257,-2.6600000858306885,31.833333333333332
-0.5325975378354093,9.947574259440113,5.6756271807347725,-1.3300000429153442,-3.009999990463257,-2.6600000858306885,31.866666666666667
-0.5647262930870056,9.647344261176409,5.523176383975191,-2.380000114440918,-3.220000028610229,-2.799999952316284,31.9
-0.6271014633171408,9.320932472229092,5.44927050399979,-2.380000114440918,-3.220000028610229,-2.799999952316284,31.933333333333334
-0.766930243490912,9.63621570332477,5.603310070038163,0.5600000023841858,-3.3600001335144043,-3.7100000381469727,31.966666666666665
-0.8715928277962616,10.39096366883336,5.623104225158961,0.5600000023841858,-3.3600001335144043,-3.7100000381469727,32.0
-0.9253989897634378,11.220007319708886,5.890605467959503,7.692153410909349,-3.327581174959038,-3.418230073656938,32.03333333333333
-1.0850848821000458,12.697631566363022,6.647371185301303,15.960000038146973,-3.289999961853028,-3.0799999237060547,32.06666666666666
-1.221704041481073,14.440453735337515,6.9979544525161845,15.960000038146973,-3.289999961853028,-3.0799999237060547,32.1
-1.374218353905879,16.136380803419268,6.777290247607769,24.07999992370605,-3.640000104904175,-2.7300000190734863,32.13333333333333
-1.522814755121645,16.272897232061474,6.530144014992263,24.07999992370605,-3.640000104904175,-2.7300000190734863,32.166666666666664
-1.272893144604537,15.17915364836683,6.556472633359669,-4.550000190734863,-4.690000057220459,-0.9800000190734864,32.2
-0.9137271696721324,13.737876742042271,6.2335064506533575,-4.550000190734863,-4.690000057220459,-0.9800000190734864,32.233333333333334
-0.8426227243739479,12.204884338372947,6.074763978322272,-19.040000915527344,-5.039999961853027,0.3499999940395355,32.266666666666666
-0.9715206623077391,11.156024703975394,6.015005264281648,-19.040000915527344,-5.039999961853027,0.3499999940395355,32.3
-0.9981845667769151,10.507157931256604,5.7220382766133415,-18.388148979055856,-4.958518482408831,0.46851851618879875,32.333333333333336
-0.9162668512677666,9.854907971704174,5.698452084858923,-12.880000114440918,-4.269999980926514,1.4700000286102295,32.36666666666667
-0.7596430411364415,9.194088981627363,5.459697242738624,-12.880000114440918,-4.269999980926514,1.4700000286102295,32.4
-0.5787583449686696,9.385049163818573,5.272661190036569,3.3600001335144043,-2.7300000190734863,2.5199999809265137,32.43333333333333
-0.5782478555061029,8.879246081036092,5.027442433677754,3.3600001335144043,-2.7300000190734863,2.5199999809265137,32.46666666666667
-0.4587874801157664,8.492430587784058,4.557551830296585,7.139999866485596,-1.8899999856948853,3.430000066757202,32.5
-0.537345068932515,8.200623916624806,4.301561669662535,7.139999866485596,-1.8899999856948853,3.430000066757202,32.53333333333333
-0.631261839451742,7.775341844137949,3.9253150629088864,12.92666677030547,-1.275486686945953,3.7884661504266495,32.56666666666666
-0.662739817620714,7.324481021877211,3.63467422484792,15.050000190734863,-1.0499999523162842,3.920000076293945,32.6
-0.6253913149850333,6.57996111297922,3.208908928550673,15.050000190734863,-1.0499999523162842,3.920000076293945,32.63333333333333
-0.5868368021648058,6.22468783696671,3.110461457569317,14.350000381469728,-1.4700000286102295,3.990000009536743,32.666666666666664
-0.4903547215464801,5.647645854950982,2.773284721376858,14.350000381469728,-1.4700000286102295,3.990000009536743,32.7
-0.3662170245657114,5.205660011295309,2.101273162212101,20.09000015258789,-1.6100000143051147,4.059999942779541,32.733333333333334
-0.3122904609036449,4.786448123930217,1.9471954971965946,20.09000015258789,-1.6100000143051147,4.059999942779541,32.766666666666666
-0.38257815766366016,4.725687179565241,1.909732099534183,10.920000076293944,-1.4700000286102295,2.6600000858306885,32.8
-0.4198373204867931,4.788228263855094,1.493863822936366,10.920000076293944,-1.4700000286102295,2.6600000858306885,32.833333333333336
-0.5057224194370895,4.979543104990751,1.3621435439672425,9.36224189711339,-1.4700000286102295,2.4320354750323587,32.86666666666667
-0.4594383537769317,5.120861724852085,1.3318161048897141,5.179999828338623,-1.4700000286102295,1.820000052452088,32.9
-0.47834551429769145,5.156767916360924,1.3634534997923573,5.179999828338623,-1.4700000286102295,1.820000052452088,32.93333333333333
-0.4463634948726192,5.096492256166546,1.812682157512251,-10.850000381469728,-2.309999942779541,0.699999988079071,32.96666666666667
-0.4841140165341926,4.673272937776601,2.4919169998143054,-10.850000381469728,-2.309999942779541,0.699999988079071,33.0
-0.4340735296409184,4.200829919178616,3.238083140056442,-42.42000198364258,-3.430000066757202,-1.3300000429153442,33.03333333333333
-0.3764841953908891,4.636658191679588,3.334118604658384,-42.42000198364258,-3.430000066757202,-1.3300000429153442,33.06666666666666
-0.4426879882821465,5.405579566956762,3.311784744264949,-31.290000915527344,-3.5,-2.450000047683716,33.1
-0.6066819667840195,6.036509513862025,3.443235206602927,-31.290000915527344,-3.5,-2.450000047683716,33.13333333333333
-0.7494587858509746,6.637289142606314,4.04816226958071,-31.290000915527344,-3.5,-2.450000047683716,33.166666666666664
-0.7327084579455148,7.483427619939536,4.436892002109602,-18.690000534057617,-2.799999952316284,-2.940000057220459,33.2
-0.5701374611845341,8.361879854843984,4.736369026185982,-18.690000534057617,-2.799999952316284,-2.940000057220459,33.233333333333334
-0.5880364236843796,8.457762392675983,5.349074982965947,-8.890000343322754,-2.799999952316284,-2.870000123977661,33.266666666666666
-0.6290668039322327,8.260528999329726,5.629689441681421,-8.890000343322754,-2.799999952316284,-2.870000123977661,33.3
-0.6013601272912812,8.458923594162943,5.681765741992813,-6.369999885559082,-3.430000066757202,-2.309999942779541,33.333333333333336
-0.7936925082232531,9.401371856703,5.890982182823034,-6.369999885559082,-3.430000066757202,-2.309999942779541,33.36666666666667
-0.7416100668909411,10.239923744206488,5.800600643154927,6.095600243224057,-3.228400030126254,-1.4363999747802971,33.4
-0.689763746897374,10.306191243489629,5.486817218780518,19.600000381469727,-3.009999990463257,-0.4900000095367431,33.43333333333333
-0.7565801107066664,10.01430747986168,5.534879433949675,19.600000381469727,-3.009999990463257,-0.4900000095367431,33.46666666666667
-0.8162688136105749,9.939565734862285,5.617973880766827,11.480000495910645,-2.940000057220459,0.5600000023841858,33.5
-0.7456939530371571,10.312987442017532,5.555885893503772,11.480000495910645,-2.940000057220459,0.5600000023841858,33.53333333333333
-0.7263209635418816,10.953903490703386,5.748020329794293,15.539999961853027,-3.569999933242798,1.1200000047683716,33.56666666666666
-0.8615234985349559,11.946278007503231,6.248552906035519,15.539999961853027,-3.569999933242798,1.1200000047683716,33.6
-0.85835206683402,13.408778155005983,6.665716786702581,19.670000076293945,-3.7100000381469727,1.399999976158142,33.63333333333333
-1.1294589955010632,15.315281588235624,6.583636727651155,19.670000076293945,-3.7100000381469727,1.399999976158142,33.666666666666664
-1.2907304373462694,16.49855112396519,6.566711459539636,19.55292048496421,-3.7490265685902178,1.4892035163614026,33.7
-1.0511247781138764,16.389110214236506,6.298497862499478,18.200000762939453,-4.199999809265137,2.5199999809265137,33.733333333333334
-0.7965321243632719,14.95554117587877,6.292084749850206,18.200000762939453,-4.199999809265137,2.5199999809265137,33.766666666666666
-0.7456875696175185,13.178893463142716,6.620181316374364,-23.59000015258789,-5.25,3.3600001335144043,33.8
-0.8845336928380817,11.945933352164168,6.736265800473213,-23.59000015258789,-5.25,3.3600001335144043,33.833333333333336
-0.8320938992502904,10.965134569803594,6.631928908031076,-24.21999931335449,-5.25,3.3600001335144043,33.86666666666667
-0.6698228430750386,10.24767677307273,6.484110774996352,-24.21999931335449,-5.25,3.3600001335144043,33.9
-0.4535757193960969,9.465865564345506,5.958660054206882,-2.4511665700890717,-4.701666816073185,4.127666815125409,33.93333333333333
-0.3308275115478745,9.093050740556238,5.407812544501632,3.569999933242798,-4.550000190734863,4.340000152587891,33.96666666666667
-0.3634348797774074,8.7928846740703,4.902877159122328,3.569999933242798,-4.550000190734863,4.340000152587891,34.0
-0.45435262894644124,8.488691586812406,4.462129259740385,21.90999984741211,-3.849999904632568,4.340000152587891,34.03333333333333
-0.46320319247225133,7.993315024056,4.392326473237323,21.90999984741211,-3.849999904632568,4.340000152587891,34.06666666666666
-0.4176103205672754,7.323638843533949,4.031188695901927,8.680000305175781,-4.340000152587891,2.799999952316284,34.1
-0.3353453216551327,6.912058662413495,3.3687423540700814,8.680000305175781,-4.340000152587891,2.799999952316284,34.13333333333333
-0.38920170839916635,6.147400131224347,3.0591574757835382,17.360000610351562,-4.550000190734863,2.450000047683716,34.166666666666664
-0.4623289840226841,5.88343370437692,2.9128391380306176,17.360000610351562,-4.550000190734863,2.450000047683716,34.2
-0.5288326740264893,5.976846354801077,2.416988633477903,19.535134004194145,-4.457833423604458,2.3762667218763744,34.233333333333334
-0.510365807056128,6.1139247055052,2.394311861039703,25.6200008392334,-4.199999809265137,2.1700000762939453,34.266666666666666
-0.3949638354792126,5.8039316520684,2.385901700978141,25.6200008392334,-4.199999809265137,2.1700000762939453,34.3
-0.2177546322345733,5.876535561879377,2.005671714148605,16.030000686645508,-4.409999847412109,2.0999999046325684,34.333333333333336
-0.10228884448597222,5.827624505360869,2.047021150587514,16.030000686645508,-4.409999847412109,2.0999999046325684,34.36666666666667
-0.18450278818625843,6.168457736969033,1.8630224857325037,9.029999732971191,-3.569999933242798,2.380000114440918,34.4
-0.3159914874230735,6.2596561139432225,1.489333269117418,9.029999732971191,-3.569999933242798,2.380000114440918,34.43333333333333
-0.4929644137472749,6.224131180496272,1.4295030409676874,1.0611110670536918,-3.6907407644583694,2.8025927152650336,34.46666666666667
-0.6841419906623545,6.403287986758345,1.779998195646686,-0.2100000083446502,-3.7100000381469727,2.870000123977661,34.5
-0.6816789024676815,6.82688397089455,1.6471120192204405,-0.2100000083446502,-3.7100000381469727,2.870000123977661,34.53333333333333
-0.579453872839843,7.186253827410884,1.5327438176465988,5.670000076293945,-4.340000152587891,2.799999952316284,34.56666666666666
-0.5456021742827661,7.202040897371956,1.803333806035579,5.670000076293945,-4.340000152587891,2.799999952316284,34.6
-0.5575475692749023,6.924648615512683,1.9612338956188948,-17.989999771118164,-4.829999923706055,0.8400000333786011,34.63333333333333
-0.48948051571809104,5.996155494686081,2.031068529764953,-17.989999771118164,-4.829999923706055,0.8400000333786011,34.666666666666664
-0.4004770922677251,5.458223476398507,2.449380645759253,-38.77999877929688,-5.460000038146973,-0.8400000333786011,34.7
-0.2875318475539123,4.508239065774575,3.7932378228946404,-38.77999877929688,-5.460000038146973,-0.8400000333786011,34.733333333333334
-0.15432492258934521,4.200294825168587,4.076548387876295,-46.57291959295459,-6.2322714055035355,-1.9984071441939153,34.766666666666666
-0.1362043346163703,5.032879272465473,4.041927982330788,-54.31999969482422,-7.0,-3.150000095367432,34.8
-0.0665930357065984,5.889233909619995,4.24080740610859,-54.31999969482422,-7.0,-3.150000095367432,34.833333333333336
-0.0325052639037917,7.124587183633032,4.2785962918588885,-16.030000686645508,-5.460000038146973,-3.150000095367432,34.86666666666667
-0.10180388236056102,7.627767807007589,4.399103118896622,-16.030000686645508,-5.460000038146973,-3.150000095367432,34.9
-0.16779071947065247,7.94056860733639,4.748493364969215,-5.670000076293945,-4.690000057220459,-2.7300000190734863,34.93333333333333
-0.20609638476335485,8.277592152912161,4.923181713105619,-5.670000076293945,-4.690000057220459,-2.7300000190734863,34.96666666666667
-0.2431768960956018,8.368076438906959,5.321425525665718,-10.640000343322754,-4.480000019073486,-2.5899999141693115,35.0
-0.22876839693135628,8.92123395030416,5.594529939018715,-10.640000343322754,-4.480000019073486,-2.5899999141693115,35.03333333333333
-0.19483495039823248,9.808092513973792,5.740565243725579,-9.931740732146205,-4.448200609808111,-2.5553096522015,35.06666666666666
-0.11868824213699532,10.378042411804545,5.8185953140259015,6.510000228881836,-3.7100000381469727,-1.75,35.1
-0.06732048143904064,10.391282971699372,5.688421154020954,6.510000228881836,-3.7100000381469727,-1.75,35.13333333333333
-0.20244002739409572,10.188364283245143,5.659068266551892,10.56999969482422,-3.920000076293945,-0.0700000002980232,35.166666666666664
-0.36515776514935155,10.156459236145738,5.65013465881698,10.56999969482422,-3.920000076293945,-0.0700000002980232,35.2
-0.43453295803066627,10.591853446960338,5.513425964355512,9.520000457763672,-3.569999933242798,-0.4200000166893005,35.233333333333334
-0.4180569969020316,11.477433583574975,5.653471767424167,9.520000457763672,-3.569999933242798,-0.4200000166893005,35.266666666666666
-0.2680056989192962,12.598774887268869,5.8096959477376195,15.99666654502188,-2.941666705261734,-0.5650000018746817,35.3
-0.240031010627799,14.002596537277515,6.132551339465976,18.89999961853028,-2.6600000858306885,-0.6299999952316284,35.333333333333336
-0.32013919027683385,15.422426778154334,6.336650459287997,18.89999961853028,-2.6600000858306885,-0.6299999952316284,35.36666666666667
-0.3287089955806453,15.689877029419488,6.253530353545586,13.510000228881836,-2.309999942779541,-0.4900000095367431,35.4
-0.3400545745689703,15.041367149353947,6.072103242238452,13.510000228881836,-2.309999942779541,-0.4900000095367431,35.43333333333333
-0.5189164834029654,13.979337277718816,6.261551246644492,-14.770000457763672,-2.870000123977661,0.4900000095367431,35.46666666666667
-0.6440751557346809,12.711835845942877,6.334525642393746,-14.770000457763672,-2.870000123977661,0.4900000095367431,35.5
-0.5458383059488903,11.654483057647155,6.252923914584573,-21.350000381469727,-2.940000057220459,1.190000057220459,35.53333333333333
-0.48454793254468764,10.444629287714966,6.515537846887159,-21.350000381469727,-2.940000057220459,1.190000057220459,35.56666666666666
-0.491964953925911,9.956826986454455,6.337077085955567,-19.788938150824094,-2.7015044878805736,1.0599115379999895,35.6
-0.4632031971609202,9.712061256408779,6.090225629167375,-16.309999465942383,-2.1700000762939453,0.7699999809265137,35.63333333333333
-0.4514683788599409,9.296294754023295,5.874263982132405,-16.309999465942383,-2.1700000762939453,0.7699999809265137,35.666666666666664
-0.5848841495501701,8.820450675966645,5.611216133119661,-1.1200000047683716,-0.7699999809265137,1.5399999618530271,35.7
-0.6154878689445712,8.479636833193478,5.092140223188479,-1.1200000047683716,-0.7699999809265137,1.5399999618530271,35.733333333333334
-0.5027148834855694,8.112507044470139,4.731768552139283,10.220000267028809,-0.1400000005960464,2.0999999046325684,35.766666666666666
-0.3836310167308256,7.549108188624261,4.533852523801659,10.220000267028809,-0.1400000005960464,2.0999999046325684,35.8
-0.3983309588956159,6.932946430191056,3.973279112555136,14.227139051069893,0.0538938055434563,2.293893745167819,35.833333333333336
-0.4838587709266996,6.435008458451887,3.6805798034646866,14.5600004196167,0.0700000002980232,2.309999942779541,35.86666666666667
-0.5674446735381541,5.979647548674782,3.5430353546147977,14.5600004196167,0.0700000002980232,2.309999942779541,35.9
-0.5646624906858749,5.611497027079076,3.3934947299957146,15.260000228881836,0.9800000190734864,1.8899999856948853,35.93333333333333
-0.507806991736063,5.218358224232151,3.0581683635704353,15.260000228881836,0.9800000190734864,1.8899999856948853,35.96666666666667
-0.3564475762847752,4.89244424820146,2.842487602233968,17.079999923706055,1.1200000047683716,1.3300000429153442,36.0
-0.3828014985721151,4.470590216317932,2.7392417367307744,17.079999923706055,1.1200000047683716,1.3300000429153442,36.03333333333333
-0.33385216005538015,4.608485944113098,2.51011594708598,17.56999969482422,1.0499999523162842,0.2800000011920929,36.06666666666666
-0.24089883780597182,5.27496501923206,2.306533733371257,17.56999969482422,1.0499999523162842,0.2800000011920929,36.1
-0.2868524959502495,6.098414547686294,2.5014854637915347,15.0607376209553,0.8881120632427993,-0.4889675235994837,36.13333333333333
-0.3585278290906062,7.202436468772227,2.6330475565569524,13.230000495910645,0.7699999809265137,-1.0499999523162842,36.166666666666664
-0.5571647238764295,8.158055305486954,2.5341854248061506,13.230000495910645,0.7699999809265137,-1.0499999523162842,36.2
-0.8337785204239949,9.011494366961257,2.8709089864074864,14.489999771118164,0.5600000023841858,-1.2599999904632568,36.233333333333334
-1.0160607055029347,9.391296409606591,3.4883176231382143,14.489999771118164,0.5600000023841858,-1.2599999904632568,36.266666666666666
-0.8186808805454963,9.515025375370422,4.182554393760795,-8.680000305175781,0.0,-2.380000114440918,36.3
-0.6960618748667945,9.73195743560791,4.170232580823423,-8.680000305175781,0.0,-2.380000114440918,36.333333333333336
-0.6583687933283008,9.718588841753885,4.10441171010553,-3.150000095367432,-0.7699999809265137,-1.680000066757202,36.36666666666667
-0.6394807624827702,9.382018089291664,4.1338921737656715,-3.150000095367432,-0.7699999809265137,-1.680000066757202,36.4
-0.6110386306911245,8.92875868310385,4.117453679219229,-2.8113570163181905,-0.8608554359273737,-1.6139233632600356,36.43333333333333
-0.5304343536695136,8.63720495350975,3.8653760325115387,-0.2800000011920929,-1.5399999618530271,-1.1200000047683716,36.46666666666667
-0.3722024934293288,8.563892974853479,3.7045471744537717,-0.2800000011920929,-1.5399999618530271,-1.1200000047683716,36.5
-0.3881424524783165,8.686684008280805,3.555465754190481,10.010000228881836,-1.6100000143051147,-0.8400000333786011,36.53333333333333
-0.5000029191969398,8.902371243794704,3.235384059270437,10.010000228881836,-1.6100000143051147,-0.8400000333786011,36.56666666666666
-0.7412080645582886,8.842178153989787,2.9857176761634845,10.5,-2.0999999046325684,-0.2800000011920929,36.6
-0.9150416776357746,8.660591840107553,2.937431900660587,10.5,-2.0999999046325684,-0.2800000011920929,36.63333333333333
-0.990021606989675,8.565389759772534,2.912811524748442,3.0234218297440014,-2.6633038999084357,-0.3312094354878181,36.666666666666664
-0.8809730348575698,8.470817817687406,2.7788746280663363,0.2800000011920929,-2.870000123977661,-0.3499999940395355,36.7
-0.6832869111698814,8.32485736847036,2.7495726839695145,0.2800000011920929,-2.870000123977661,-0.3499999940395355,36.733333333333334
-0.6112763436636425,8.13643021901454,2.8003086344400963,-5.320000171661377,-3.220000028610229,-0.2100000083446502,36.766666666666666
-0.5586004829406724,8.143831825256344,2.9205921363830276,-5.320000171661377,-3.220000028610229,-0.2100000083446502,36.8
-0.6102425982166305,8.0994259465496,2.992698489504492,-13.859999656677246,-3.7799999713897705,-0.0700000002980232,36.833333333333336
-0.6401061134338026,8.076696517943965,3.226246405919305,-13.859999656677246,-3.7799999713897705,-0.0700000002980232,36.86666666666667
-0.5779160413727462,7.819143123620787,3.1472866859428734,-21.489999771118164,-5.179999828338623,-0.9800000190734864,36.9
-0.579792081197632,7.465834842677386,3.0160531667077977,-21.489999771118164,-5.179999828338623,-0.9800000190734864,36.93333333333333
-0.6409181759066576,7.125536730156001,3.1957323136249696,-23.058908119456927,-5.125899584942512,-1.575103249224226,36.96666666666667
-0.6821893959044912,6.602664993279759,3.8187367172309927,-25.549999237060547,-5.039999961853027,-2.5199999809265137,37.0
-0.7792521370255954,6.398540667213424,4.1278622830734415,-25.549999237060547,-5.039999961853027,-2.5199999809265137,37.03333333333333
-0.8563867176365595,6.331590034482528,4.460508357998238,-38.92000198364258,-4.059999942779541,-4.269999980926514,37.06666666666666
-0.9054572720528367,6.609365428922194,4.415125980377304,-38.92000198364258,-4.059999942779541,-4.269999980926514,37.1
-0.9833256800964,6.972455565134072,4.49850749969224,-20.51000022888184,-1.6100000143051147,-4.199999809265137,37.13333333333333
-0.964341958361149,6.97213665644553,4.670956611631274,-20.51000022888184,-1.6100000143051147,-4.199999809265137,37.166666666666664
-0.9069121479977064,6.8867893219001495,4.661385059356322,-14.5600004196167,-1.1200000047683716,-3.849999904632568,37.2
-0.7614233652747469,6.907687632242467,4.6015625,-14.5600004196167,-1.1200000047683716,-3.849999904632568,37.233333333333334
-0.6803835113840276,7.1032679557805105,4.867813269299747,-14.5600004196167,-1.1200000047683716,-3.849999904632568,37.266666666666666
-0.7798583178523292,7.416349609375631,5.11959804534916,-11.0600004196167,-1.5399999618530271,-3.430000066757202,37.3
-0.9691979478205921,7.633606513978158,5.1573233617151155,-11.0600004196167,-1.5399999618530271,-3.430000066757202,37.333333333333336
-1.1152163782120317,7.746570860545178,5.29955106735362,-0.5600000023841858,-3.009999990463257,-2.0299999713897705,37.36666666666667
-1.1509505300521499,8.117701068876856,5.329255058288802,-0.5600000023841858,-3.009999990463257,-2.0299999713897705,37.4
-1.1068380794525214,8.68901283772733,5.512213785807162,12.25,-3.5,-1.6100000143051147,37.43333333333333
-1.072597118377656,9.106872070312578,5.533788163502997,12.25,-3.5,-1.6100000143051147,37.46666666666667
-1.0576653385165182,9.192882957458655,5.339535140990985,14.938000183131953,-3.634399986268414,-1.17320000171231,37.5
-1.0822325948084892,9.160020250955782,5.317616041818926,17.850000381469727,-3.7799999713897705,-0.699999988079071,37.53333333333333
-1.0665733877823445,9.239853953041887,5.287829257965512,17.850000381469727,-3.7799999713897705,-0.699999988079071,37.56666666666666
-1.0285675907135456,9.43159904479967,5.144943656921922,12.670000076293944,-3.640000104904175,-0.7699999809265137,37.6
-1.0809882259366461,9.498377583822466,5.1162609545389515,12.670000076293944,-3.640000104904175,-0.7699999809265137,37.63333333333333
-1.149904041289467,9.542764635715963,5.08609092076995,8.329999923706055,-3.920000076293945,-0.1400000005960464,37.666666666666664
-1.12813172626381,9.864983642580965,4.996909030914984,8.329999923706055,-3.920000076293945,-0.1400000005960464,37.7
-1.0766172240605139,10.702935674035905,5.108954605113532,5.179999828338623,-3.7799999713897705,-0.4900000095367431,37.733333333333334
-1.3497405939114702,11.719557713838512,5.5849644953415,5.179999828338623,-3.7799999713897705,-0.4900000095367431,37.766666666666666
-1.558587861273018,12.935658800935528,6.166058084605992,5.902300813677168,-3.6573451282499327,-0.5308849611181704,37.8
-1.7229768133170158,14.261030591331409,6.600840231579109,8.890000343322754,-3.150000095367432,-0.699999988079071,37.833333333333336
-1.79025896612765,14.872887667336485,6.570797804514143,8.890000343322754,-3.150000095367432,-0.699999988079071,37.86666666666667
-1.7931495847707946,14.517926773072709,6.331175289157191,4.480000019073486,-3.640000104904175,0.5600000023841858,37.9
-1.8683443501793138,13.385825558971796,6.310398582457479,4.480000019073486,-3.640000104904175,0.5600000023841858,37.93333333333333
-1.7594574658071767,11.979567998247571,6.187294559478573,-21.559999465942383,-4.480000019073486,1.2599999904632568,37.96666666666667
-1.4035841321943652,10.716591300963803,5.9723155403132635,-21.559999465942383,-4.480000019073486,1.2599999904632568,38.0
-1.081155729293739,9.818301232655422,5.8541698058449105,-15.19933363594398,-4.699333516757452,2.1373334209154593,38.03333333333333
-0.9754450511935683,9.615311088561166,5.759474506383176,-13.440000534057615,-4.760000228881836,2.380000114440918,38.06666666666666
-1.0195703029629337,9.39790737152039,6.151305274964834,-13.440000534057615,-4.760000228881836,2.380000114440918,38.1
-1.2000848531722794,8.984132161458357,6.192201721191619,-14.350000381469728,-5.320000171661377,2.799999952316284,38.13333333333333
-1.2185007181166514,8.837398704528624,5.75494384765625,-14.350000381469728,-5.320000171661377,2.799999952316284,38.166666666666664
-1.1788614158630037,8.346578231809826,5.405368606568415,7.0,-5.740000247955322,4.409999847412109,38.2
-1.0731267690656827,7.973354668935488,5.239747520447511,7.0,-5.740000247955322,4.409999847412109,38.233333333333334
-1.001715957641655,7.679046226502852,4.9452540003510945,15.190000534057615,-6.159999847412109,4.829999923706055,38.266666666666666
-1.0427336254113073,7.171411602010472,4.52602309417507,15.190000534057615,-6.159999847412109,4.829999923706055,38.3
-0.9901486448829847,6.830298453305481,4.137747522652858,16.993068486786754,-6.135634171928991,4.829999923706055,38.333333333333336
-1.0003696126938257,7.041422372182295,4.235287897745809,20.3700008392334,-6.090000152587891,4.829999923706055,38.36666666666667
-0.8393747143751771,7.081840053556898,3.9880396060964167,20.3700008392334,-6.090000152587891,4.829999923706055,38.4
-0.6130949767437007,7.027269293472311,3.2801664702128024,32.689998626708984,-5.670000076293945,4.760000228881836,38.43333333333333
-0.4818678812185626,6.342961101536142,2.823950634000606,32.689998626708984,-5.670000076293945,4.760000228881836,38.46666666666667
-0.5304598898884149,5.700634532930977,2.795376071930141,8.050000190734863,-5.670000076293945,3.7799999713897705,38.5
-0.39606777643954927,5.037907380420715,2.4941504993416515,8.050000190734863,-5.670000076293945,3.7799999713897705,38.53333333333333
-0.23339676865795503,4.770160096936783,2.3151279628103683,4.616902680533888,-5.535368936252152,3.712684401368874,38.56666666666666
-0.11453415262709878,4.306851715087622,2.303585617062526,4.480000019073486,-5.53000020980835,3.7100000381469727,38.6
-0.0358936227858066,3.9972858988492472,2.1365286718976493,4.480000019073486,-5.53000020980835,3.7100000381469727,38.63333333333333
-0.0768921156232345,4.130784750620601,1.7682633288707084,2.5199999809265137,-5.320000171661377,3.849999904632568,38.666666666666664
-0.16503408920762133,4.585692546846545,1.906650078775059,2.5199999809265137,-5.320000171661377,3.849999904632568,38.7
-0.3705880766707397,5.184953305561133,2.2819856071466065,0.2800000011920929,-5.039999961853027,2.6600000858306885,38.733333333333334
-0.5108571694684559,5.771215658819014,2.5497615947702377,0.2800000011920929,-5.039999961853027,2.6600000858306885,38.766666666666666
-0.6033000087737994,6.124696331024134,2.453496503829945,-10.56999969482422,-5.670000076293945,1.399999976158142,38.8
-0.6858712458612812,6.324743359883553,2.743229878743856,-10.56999969482422,-5.670000076293945,1.399999976158142,38.833333333333336
-0.70827256420028,6.902622331207484,3.127580224236721,-14.255840594045438,-5.564690322652089,0.4171091314723028,38.86666666666667
-0.6046783041960129,7.425098205564484,3.3327082729344726,-17.920000076293945,-5.460000038146973,-0.5600000023841858,38.9
-0.49046319802585425,7.606391312915737,3.5859673557237226,-17.920000076293945,-5.460000038146973,-0.5600000023841858,38.93333333333333
-0.5675850234030387,7.71627347437523,4.031846064248819,-21.700000762939453,-5.179999828338623,-1.4700000286102295,38.96666666666667
-0.6459129056929818,7.996467201232267,4.472574840545374,-21.700000762939453,-5.179999828338623,-1.4700000286102295,39.0
-0.7112041678443575,8.333139381403319,5.050063491820095,-18.270000457763672,-4.199999809265137,-2.309999942779541,39.03333333333333
-0.5360815968508211,8.457857994080241,5.25092717616049,-18.270000457763672,-4.199999809265137,-2.309999942779541,39.06666666666666
-0.42155383324634554,8.616727783201894,5.554571506497869,-13.93000030517578,-3.150000095367432,-2.450000047683716,39.1
-0.5827145926181068,9.11331080119834,6.018565689089054,-13.93000030517578,-3.150000095367432,-2.450000047683716,39.13333333333333
-0.7252537360568421,9.578431020968424,5.738459526549087,-10.485000214901275,-2.9438889802838744,-2.283148187840494,39.166666666666664
-0.8848974108706558,9.568760490417159,5.531924819947577,10.640000343322754,-1.680000066757202,-1.2599999904632568,39.2
-1.0870183706293648,9.561422411601331,5.7217621167493915,10.640000343322754,-1.680000066757202,-1.2599999904632568,39.233333333333334
-1.1375884930289581,9.758278846740724,5.507995859786039,7.909999847412109,-0.9100000262260436,-2.0999999046325684,39.266666666666666
-1.0734586000439388,9.880795860286783,5.183038902282269,7.909999847412109,-0.9100000262260436,-2.0999999046325684,39.3
-0.9478787574787445,9.718774195351964,5.127312685648794,10.289999961853027,-1.0499999523162842,-2.0999999046325684,39.333333333333336
-0.7054484429328115,9.674042373661171,4.915824479419124,10.289999961853027,-1.0499999523162842,-2.0999999046325684,39.36666666666667
-0.5542440857505362,9.93264391569855,5.080885136017871,7.4336282511221885,-1.2116813976121743,-1.9383185511172818,39.4
-0.7132524986266179,10.199735422769544,5.029197366078091,6.579999923706055,-1.2599999904632568,-1.8899999856948853,39.43333333333333
-0.8331021159478101,10.554779335019774,5.0164287859603025,6.579999923706055,-1.2599999904632568,-1.8899999856948853,39.46666666666667
-0.8615234985344591,10.856126373289325,5.362908924102236,10.43000030517578,-1.2599999904632568,-0.9800000190734864,39.5
-0.8517413023318013,11.718013862605506,5.8548526077247445,10.43000030517578,-1.2599999904632568,-0.9800000190734864,39.53333333333333
-0.9611450532274756,13.392589815772999,5.715502412161178,18.690000534057617,-0.5600000023841858,-1.820000052452088,39.56666666666666
-1.0296587734225813,14.551389129633174,5.28423022842651,18.690000534057617,-0.5600000023841858,-1.820000052452088,39.6
-1.2180859168370108,14.6447567113255,4.971824913024826,15.539999961853027,-0.5600000023841858,-2.1700000762939453,39.63333333333333
-1.305506842931006,13.37319794972867,5.091980845133374,15.539999961853027,-0.5600000023841858,-2.1700000762939453,39.666666666666664
-1.2025315772122254,12.036200785006411,5.343639103712572,3.3767257794630847,-0.69008850312553,-2.5819469553080348,39.7
-1.0752771797187157,11.113584396365376,5.3790406112658795,-23.729999542236328,-0.9800000190734864,-3.5,39.733333333333334
-1.1378883965813298,10.590360125226638,5.449321662901648,-23.729999542236328,-0.9800000190734864,-3.5,39.766666666666666
-1.013693290711362,10.178148643495794,5.616921070096419,-18.89999961853028,-0.6299999952316284,-2.6600000858306885,39.8
-0.9257810468673235,9.724574117026552,5.430101710000497,-18.89999961853028,-0.6299999952316284,-2.6600000858306885,39.833333333333336
-1.081645516076944,9.526269012449706,5.288798941287568,-4.130000114440918,-0.3499999940395355,0.2100000083446502,39.86666666666667
-1.0339468727100103,9.438318527219115,5.1869250335661015,-4.130000114440918,-0.3499999940395355,0.2100000083446502,39.9
-0.9883540110588056,8.985593663533624,5.331303581237845,-7.699999809265137,-1.399999976158142,1.820000052452088,39.93333333333333
-1.0110260070169743,8.685114262899916,5.307361843106826,-7.699999809265137,-1.399999976158142,1.820000052452088,39.96666666666667
-1.1426614398942583,8.926676246647272,4.887122497565269,-7.699999809265137,-1.399999976158142,1.820000052452088,40.0
-1.1747583580027485,8.562208073931425,4.712625115708265,15.539999961853027,-1.820000052452088,3.430000066757202,40.03333333333333
-1.18251139322765,7.889194672885742,4.494391994486383,15.539999961853027,-1.820000052452088,3.430000066757202,40.06666666666666
-1.0686727380755225,7.24553415298627,3.8715338134759945,10.220000267028809,-3.289999961853028,3.569999933242798,40.1
-1.0163477849966374,6.928426132205777,3.6383051681508274,10.220000267028809,-3.289999961853028,3.569999933242798,40.13333333333333
-0.9138739229836474,6.4070911483761925,3.5688469130195983,-0.8400000333786011,-4.409999847412109,2.5899999141693115,40.166666666666664
-0.8977425446510553,5.910827518462729,3.2053289985648945,-0.8400000333786011,-4.409999847412109,2.5899999141693115,40.2
-0.8876559762477246,5.392301951889877,2.7645076748907456,6.9710914753958795,-4.49094399871311,3.318495483870829,40.233333333333334
-0.6621081142432527,4.855625068666622,2.509114113491133,12.670000076293944,-4.550000190734863,3.849999904632568,40.266666666666666
-0.4899527058618063,4.278883262639422,2.167725969314714,12.670000076293944,-4.550000190734863,3.849999904632568,40.3
-0.3261820866270744,4.011107283275876,1.867368063608034,7.559999942779541,-5.670000076293945,3.990000009536743,40.333333333333336
-0.256487839540418,3.8869186840061944,1.8511664501832263,7.559999942779541,-5.670000076293945,3.990000009536743,40.36666666666667
-0.3015255582338021,3.990490062705643,1.9728474655121617,-9.380000114440918,-6.929999828338623,2.870000123977661,40.4
-0.44065880235087823,4.451568379721837,2.174860017777629,-9.380000114440918,-6.929999828338623,2.870000123977661,40.43333333333333
-0.593185951712585,4.834376246136026,2.6019205919965795,-14.90999984741211,-7.070000171661377,1.399999976158142,40.46666666666667
-0.7473530340206471,5.2516673851069315,3.047607641225978,-14.90999984741211,-7.070000171661377,1.399999976158142,40.5
-0.7073055287717568,5.743572510804514,3.3304056340663686,-15.141268401101973,-7.094778937233295,1.210029476443918,40.53333333333333
-0.6628738447828135,6.260479208633322,3.5813346430456585,-16.8700008392334,-7.28000020980835,-0.2100000083446502,40.56666666666666
-0.6433668222426776,6.653834980016492,3.8329411087078755,-16.8700008392334,-7.28000020980835,-0.2100000083446502,40.6
-0.6635565953254239,7.109623455046824,4.253843856815392,-15.539999961853027,-7.28000020980835,-1.2599999904632568,40.63333333333333
-0.7122379171056613,7.65997962824574,4.527247973124985,-15.539999961853027,-7.28000020980835,-1.2599999904632568,40.666666666666664
-0.7963981208792652,8.130048854822578,4.640289218903449,2.380000114440918,-6.929999828338623,-0.9100000262260436,40.7
-0.8222606368044304,8.609523605352395,4.695944936112879,2.380000114440918,-6.929999828338623,-0.9100000262260436,40.733333333333334
-0.7405238541879235,8.849927322702065,4.684241133101238,7.891416237353371,-6.455899581802175,-0.2581120989303656,40.766666666666666
-0.7121485919951817,9.210552124023213,4.678958507537852,8.890000343322754,-6.369999885559082,-0.1400000005960464,40.8
-0.8014965810767124,9.51815906524097,4.618823037468866,8.890000343322754,-6.369999885559082,-0.1400000005960464,40.833333333333336
-0.8096324690187414,9.769924863180057,4.717857398987273,11.6899995803833,-5.949999809265137,0.8400000333786011,40.86666666666667
-0.8426865386963559,9.647918319701123,4.623864269256726,11.6899995803833,-5.949999809265137,0.8400000333786011,40.9
-0.8049487511297823,9.350234092711503,4.40092156092309,10.640000343322754,-6.019999980926514,1.8899999856948853,40.93333333333333
-0.7549529024760663,9.290469022115047,4.37900912094126,10.640000343322754,-6.019999980926514,1.8899999856948853,40.96666666666667
-0.7755510821345275,9.422065620422307,4.43469059753437,11.899999618530272,-5.53000020980835,1.9600000381469729,41.0
-0.681404503981302,9.835024780273354,4.425476069132477,11.899999618530272,-5.53000020980835,1.9600000381469729,41.03333333333333
-0.6351582956520329,10.080891094376064,4.497206180144112,7.896577922368305,-5.719351153806163,1.9058997486906866,41.06666666666666
-0.6655156116481556,10.623497215268047,4.978320770262501,1.5399999618530271,-6.019999980926514,1.820000052452088,41.1
-0.6892723654118222,11.735063870742422,5.574780324299364,1.5399999618530271,-6.019999980926514,1.820000052452088,41.13333333333333
-0.6852203769688155,13.33518521881853,5.73201037343449,7.210000038146973,-5.179999828338623,1.1200000047683716,41.166666666666664
-0.6969679808619954,14.370581199651633,5.73530297851662,7.210000038146973,-5.179999828338623,1.1200000047683716,41.2
-0.8316089509345386,15.057454040532713,5.601159620918133,17.989999771118164,-4.269999980926514,1.680000066757202,41.233333333333334
-0.9773466178598018,15.174489463802164,4.930628709143931,17.989999771118164,-4.269999980926514,1.680000066757202,41.266666666666666
-0.9882710576047354,14.637418746935005,4.4962744712847735,5.880000114440918,-4.96999979019165,1.75,41.3
-0.8756448467562645,13.011039034511107,5.031807072962375,5.880000114440918,-4.96999979019165,1.75,41.333333333333336
-0.6846907456689306,11.373970731082991,5.498902606970344,5.880000114440918,-4.96999979019165,1.75,41.36666666666667
-0.5203139615064278,10.518228309630594,5.549919536587708,-36.33000183105469,-6.440000057220459,0.0,41.4
-0.3189012757127787,9.965677413939657,5.848548231765126,-36.33000183105469,-6.440000057220459,0.0,41.43333333333333
-0.2036843385291371,9.687551569619643,5.830655741376001,-25.96999931335449,-5.949999809265137,-0.2800000011920929,41.46666666666667
-0.21013561332238292,9.48062487792971,5.602793506622032,-25.96999931335449,-5.949999809265137,-0.2800000011920929,41.5
-0.21190318020191878,9.138554077147171,5.412872786200216,-6.369999885559082,-4.760000228881836,1.5399999618530271,41.53333333333333
-0.20298879488249136,8.749646326702575,5.576547714234976,-6.369999885559082,-4.760000228881836,1.5399999618530271,41.56666666666666
-0.20210501626103589,8.885609378814069,5.467962656020837,2.1700001145676495,-4.119500112524064,1.6680999851245817,41.6
-0.2538460818130383,9.027159858703554,5.189356285094623,7.630000114440918,-3.7100000381469727,1.75,41.63333333333333
-0.4073495238617092,8.809366284688997,5.024366771698657,7.630000114440918,-3.7100000381469727,1.75,41.666666666666664
-0.5858796353334335,8.555737495424747,4.718584957125361,17.920000076293945,-2.309999942779541,2.450000047683716,41.7
-0.6251552087459686,8.188760960897557,4.508500522611779,17.920000076293945,-2.309999942779541,2.450000047683716,41.733333333333334
-0.600064757502557,8.124484700520403,4.468835652666204,20.229999542236328,-1.190000057220459,2.5199999809265137,41.766666666666666
-0.3465122351639876,7.722967208861369,3.665648069379843,20.229999542236328,-1.190000057220459,2.5199999809265137,41.8
-0.3153533730508074,7.09705914307001,2.8990304438249317,32.619998931884766,-0.7699999809265137,4.480000019073486,41.833333333333336
-0.5109975450832814,6.329184342702625,2.938127321879514,32.619998931884766,-0.7699999809265137,4.480000019073486,41.86666666666667
-0.5814766883850098,5.997220520424611,3.0150430434572195,30.275928328511128,-0.6337167988565867,4.275575249594985,41.9
-0.500143308320335,5.992550258637492,2.6272471383391203,20.57999992370605,-0.0700000002980232,3.430000066757202,41.93333333333333
-0.4145729132475037,5.743643010455854,2.223464705780083,20.57999992370605,-0.0700000002980232,3.430000066757202,41.96666666666667
-0.34034809398646687,5.7149921607972525,2.054991209029619,22.88999938964844,0.8400000333786011,2.450000047683716,42.0
-0.4113121893403648,5.672410939535311,1.8669341052365949,22.88999938964844,0.8400000333786011,2.450000047683716,42.03333333333333
-0.31725494273567395,6.228261062628903,1.5835500113111958,17.43000030517578,1.190000057220459,1.2599999904632568,42.06666666666666
-0.3972610266221961,6.894159713751773,1.7604911994957204,17.43000030517578,1.190000057220459,1.2599999904632568,42.1
-0.46117479031002034,7.607358316410773,2.229477485730189,-16.57348027534904,0.11501475971344877,-0.8333923669743606,42.13333333333333
-0.3746336964742875,7.984751396177944,2.41087091128653,-24.63999938964844,-0.1400000005960464,-1.3300000429153442,42.166666666666664
-0.3045693397548788,8.188626937871382,2.775677595135772,-24.63999938964844,-0.1400000005960464,-1.3300000429153442,42.2
-0.4362048165004313,8.563924578350376,3.1871941312148793,-28.770000457763672,-1.0499999523162842,-1.820000052452088,42.233333333333334
-0.5643434278174533,9.173140052796292,2.9199731985731643,-28.770000457763672,-1.0499999523162842,-1.820000052452088,42.266666666666666
-0.6663387684825899,9.101225112911386,2.86888627243211,20.229999542236328,1.1200000047683716,-0.2100000083446502,42.3
-0.7418270084065532,8.533480176289286,3.077477563857853,20.229999542236328,1.1200000047683716,-0.2100000083446502,42.333333333333336
-0.712295342604711,8.561499519349152,2.979049349466512,17.989999771118164,1.9600000381469729,-2.0999999046325684,42.36666666666667
-0.75933672666619,8.892467765808862,2.853494970322286,17.989999771118164,1.9600000381469729,-2.0999999046325684,42.4
-0.7540372518702532,8.962446142834262,3.01046986897844,11.739933156754827,2.042600053154255,-2.898466653850979,42.43333333333333
-0.7419801704090216,9.093140286763578,3.06012746302256,2.0999999046325684,2.1700000762939453,-4.130000114440918,42.46666666666667
-0.7093728098869052,9.29344256591653,2.937438272477011,2.0999999046325684,2.1700000762939453,-4.130000114440918,42.5
-0.6870964148829641,9.342908676144559,2.978175110501966,7.490000247955322,1.75,-3.990000009536743,42.53333333333333
-0.738374856154326,9.26441514587436,2.999462406155417,7.490000247955322,1.75,-3.990000009536743,42.56666666666666
-0.8403127355583258,9.210245758057587,2.9580938911436214,4.059999942779541,1.190000057220459,-3.430000066757202,42.6
-0.835188732624261,9.215586924235087,2.915895646412836,4.059999942779541,1.190000057220459,-3.430000066757202,42.63333333333333
-0.8769125662373014,9.185166958158327,2.9788952682574443,3.92536880273626,0.9880531178798544,-2.0163717206486536,42.666666666666664
-0.8610066418638556,9.155859756468882,2.93376269149834,3.920000076293945,0.9800000190734864,-1.9600000381469729,42.7
-0.8660221371656704,9.235591608681665,2.8628561038966946,3.920000076293945,0.9800000190734864,-1.9600000381469729,42.733333333333334
-0.9267828952470155,9.322974177042056,2.813964169185627,9.449999809265137,1.0499999523162842,-0.2100000083446502,42.766666666666666
-0.9542343158718489,9.544161430358148,2.6264941577905487,9.449999809265137,1.0499999523162842,-0.2100000083446502,42.8
-0.9784377652795645,9.480963236491727,2.4416659444156847,13.369999885559082,0.6299999952316284,1.399999976158142,42.833333333333336
-1.0200106046992412,9.26567791239396,2.580524922688344,13.369999885559082,0.6299999952316284,1.399999976158142,42.86666666666667
-0.9774933853152477,9.354451927185824,2.442010606764215,2.870000123977661,-0.0700000002980232,2.0299999713897705,42.9
-0.9386835861192107,9.5359300181104,2.439885556540221,2.870000123977661,-0.0700000002980232,2.0299999713897705,42.93333333333333
-0.9259283941769316,9.502689927022764,2.6015217072155865,-3.215044200513873,-0.6741887613035739,2.5910324727084477,42.96666666666667
-0.9522816872589046,9.187810134884527,2.747824249268076,-7.0,-1.0499999523162842,2.940000057220459,43.0
-0.9350527850788415,9.179099960330445,2.665508248010015,-7.0,-1.0499999523162842,2.940000057220459,43.03333333333333
-0.8793777709007773,9.20258192698143,2.665603825251567,8.75,-1.5399999618530271,4.409999847412109,43.06666666666666
-0.9190681524277431,9.09151892089788,2.7882738990782157,8.75,-1.5399999618530271,4.409999847412109,43.1
-0.9565634250636695,9.35011899566698,2.6497149257650965,7.699999809265137,-2.1700000762939453,4.409999847412109,43.13333333333333
-0.8769593358038883,9.332647806803301,2.622237980524588,7.699999809265137,-2.1700000762939453,4.409999847412109,43.166666666666664
-0.8012221984864939,9.165833229065024,2.5869442234033504,7.490000247955322,-2.870000123977661,4.760000228881836,43.2
-0.8143098147708223,9.329087292986912,2.565165609997465,7.490000247955322,-2.870000123977661,4.760000228881836,43.233333333333334
-0.7384344882674518,9.254490624488426,2.5312520557438942,7.117905834836367,-3.056047293262258,4.781888113609492,43.266666666666666
-0.6877409381866622,9.259520851135605,2.5290167350766537,5.110000133514404,-4.059999942779541,4.900000095367432,43.3
-0.6523322547277113,9.291311276753733,2.4725185616811456,5.110000133514404,-4.059999942779541,4.900000095367432,43.333333333333336
-0.6129163049059106,9.255985232034508,2.3238454990383977,8.260000228881836,-4.829999923706055,5.110000133514404,43.36666666666667
-0.5859561982152652,9.337012458801675,2.226457382201678,8.260000228881836,-4.829999923706055,5.110000133514404,43.4
-0.5425009840333379,9.300180926006991,2.1256745293953294,9.869999885559082,-5.039999961853027,4.96999979019165,43.43333333333333
-0.5411928763380545,9.229995152791455,2.0733560104372377,9.869999885559082,-5.039999961853027,4.96999979019165,43.46666666666667
-0.48997441013314386,9.335666394866603,1.9443331524333922,8.091504354402158,-5.363362852449271,4.4849558214197,43.5
-0.5115846134811765,9.365140693664346,1.9550441662459468,7.559999942779541,-5.460000038146973,4.340000152587891,43.53333333333333
-0.4651685751289341,9.31690554809583,1.889370029132396,7.559999942779541,-5.460000038146973,4.340000152587891,43.56666666666666
-0.4673253684040582,9.296735092162674,1.8019937591557686,3.7799999713897705,-5.880000114440918,3.289999961853028,43.6
-0.5107550536011248,9.204139533996187,1.7834184096660843,3.7799999713897705,-5.880000114440918,3.289999961853028,43.63333333333333
-0.4959636905989642,9.249853299459138,1.7546205965669446,3.220000028610229,-6.090000152587891,2.0299999713897705,43.666666666666664
-0.4400270934105007,9.29619901275628,1.8132691326142332,3.220000028610229,-6.090000152587891,2.0299999713897705,43.7
-0.3954041338752332,9.347541445414413,1.814028512635454,2.940000057220459,-6.230000019073486,1.190000057220459,43.733333333333334
-0.33700441988323054,9.397957842509436,1.7109101511629068,2.940000057220459,-6.230000019073486,1.190000057220459,43.766666666666666
-0.29026187600264186,9.435469711777035,1.6299304255340885,3.296814180074089,-6.111061876847128,1.0710619909504617,43.8
-0.33641096989279917,9.413062032063955,1.5959420728683782,3.7799999713897705,-5.949999809265137,0.9100000262260436,43.833333333333336
-0.36882691065461437,9.311570777893253,1.621976933479291,3.7799999713897705,-5.949999809265137,0.9100000262260436,43.86666666666667
-0.4362367179391827,9.387034111022908,1.7299576396942005,-2.799999952316284,-6.019999980926514,0.699999988079071,43.9
-0.4423370372453858,9.663111643473316,1.6909628308613955,-2.799999952316284,-6.019999980926514,0.699999988079071,43.93333333333333
-0.48073204382137613,9.645442881264398,1.6749208552036816,-0.699999988079071,-6.090000152587891,0.7699999809265137,43.96666666666667
-0.4359878554339424,9.416169998168584,1.7270095949174875,-0.699999988079071,-6.090000152587891,0.7699999809265137,44.0
-0.3600146245959694,9.23613991546689,1.6765288896565202,-4.760000228881836,-5.599999904632568,0.4900000095367431,44.03333333333333
-0.3434046476688256,9.304826588948657,1.7026593945850492,-4.760000228881836,-5.599999904632568,0.4900000095367431,44.06666666666666
-0.34404276108693843,9.32569889831591,1.7086129589081496,-4.760000228881836,-5.599999904632568,0.4900000095367431,44.1
-0.4324335953394141,9.40994191996248,1.7207434180578396,-2.870000123977661,-5.110000133514404,0.3499999940395355,44.13333333333333
-0.46662983973820815,9.480618494669608,1.7251463381449583,-2.870000123977661,-5.110000133514404,0.3499999940395355,44.166666666666664
-0.5191844692235958,9.37782580566392,1.7339777307516586,-1.2599999904632568,-4.690000057220459,0.0,44.2
-0.49700381310802727,9.38800400288903,1.7326823883059335,-1.2599999904632568,-4.690000057220459,0.0,44.233333333333334
-0.4888360213447066,9.390371419269364,1.8024149354302057,-1.5399999618530271,-4.480000019073486,-0.2100000083446502,44.266666666666666
-0.4005728273425723,9.399361839296882,1.8179401760094518,-1.5399999618530271,-4.480000019073486,-0.2100000083446502,44.3
-0.4248929554726208,9.448958847023277,1.7912434698198436,-0.5282005690825204,-4.318111992168149,-0.12905605089221522,44.333333333333336
-0.374723032554038,9.447144139607666,1.833433365821933,0.2100000083446502,-4.199999809265137,-0.0700000002980232,44.36666666666667
-0.3938343887333765,9.420802368163537,1.88256779289164,0.2100000083446502,-4.199999809265137,-0.0700000002980232,44.4
-0.40295295548499327,9.45410566457117,1.8803981876381475,-1.8899999856948853,-4.130000114440918,0.3499999940395355,44.43333333333333
-0.4055117805006486,9.440966969808088,1.9316319843929204,-1.8899999856948853,-4.130000114440918,0.3499999940395355,44.46666666666667
-0.38945058989519044,9.48900961303792,1.8629651231755315,1.9600000381469729,-3.569999933242798,1.190000057220459,44.5
-0.44608912229514774,9.499832333882479,1.886996235847705,1.9600000381469729,-3.569999933242798,1.190000057220459,44.53333333333333
-0.47182403532567724,9.405596328735124,1.9094003035230664,-3.150000095367432,-3.7100000381469727,1.190000057220459,44.56666666666666
-0.4269905295377477,9.335461853026851,1.953397924422507,-3.150000095367432,-3.7100000381469727,1.190000057220459,44.6
-0.4430127048917748,9.373648806658586,2.00358398720239,-2.823746385851933,-3.612123914180189,1.2552507880114243,44.63333333333333
-0.41365405082709883,9.369638608296611,2.02529352506025,-1.75,-3.289999961853028,1.4700000286102295,44.666666666666664
-0.4110059070586241,9.398864707946796,1.9762549114227792,-1.75,-3.289999961853028,1.4700000286102295,44.7
-0.4431474464731747,9.427598546346294,1.9564480339686958,0.9100000262260436,-3.0799999237060547,1.820000052452088,44.733333333333334
-0.4135583405490197,9.47113037109375,1.9318872559868911,0.9100000262260436,-3.0799999237060547,1.820000052452088,44.766666666666666
-0.34544021797458624,9.398194328310193,1.9394807271969927,-0.5600000023841858,-3.220000028610229,1.820000052452088,44.8
-0.3295704541979354,9.377589434305103,1.939933760642902,-0.5600000023841858,-3.220000028610229,1.820000052452088,44.833333333333336
-0.33665180724980304,9.37485643403719,1.937521447122628,0.21041297393983727,-2.9829499053390296,1.9977875944437378,44.86666666666667
-0.2999366757868623,9.364311134338104,1.9630078210829593,0.3499999940395355,-2.940000057220459,2.0299999713897705,44.9
-0.3027890285643076,9.37131072743838,1.941075965881087,0.3499999940395355,-2.940000057220459,2.0299999713897705,44.93333333333333
-0.36149503024441865,9.437284800211712,1.9134713706970419,1.2599999904632568,-2.799999952316284,1.8899999856948853,44.96666666666667
-0.31048461055792276,9.409469856262302,1.9264442110060152,1.2599999904632568,-2.799999952316284,1.8899999856948853,45.0
-0.311237581173883,9.346603202818729,1.9115506792070303,0.2100000083446502,-2.5199999809265137,1.8899999856948853,45.03333333333333
-0.30846179723766354,9.333522046407412,1.8733598454794527,0.2100000083446502,-2.5199999809265137,1.8899999856948853,45.06666666666666
-0.3498431599146993,9.402980499267647,1.9407441425307783,0.0700000002980232,-2.6600000858306885,1.5399999618530271,45.1
-0.2851389296840529,9.438140182493912,1.947316732407821,0.0700000002980232,-2.6600000858306885,1.5399999618530271,45.13333333333333
-0.29707510351527255,9.330784424272263,1.993646940857247,-0.7485185183798352,-2.5970370756866523,1.4455555538622602,45.166666666666664
-0.28159742593739157,9.287508369445852,2.000183979034598,-1.75,-2.5199999809265137,1.3300000429153442,45.2
-0.26884162894921965,9.334223866780068,1.9817681665430105,-1.75,-2.5199999809265137,1.3300000429153442,45.233333333333334
-0.2077554769523122,9.419475494384256,1.9637416121153242,2.5899999141693115,-2.380000114440918,1.399999976158142,45.266666666666666
-0.23157607841506847,9.466535690307111,1.90777946567495,2.5899999141693115,-2.380000114440918,1.399999976158142,45.3
-0.2018465852338,9.411447710672979,1.862665220578271,0.7699999809265137,-2.450000047683716,1.1200000047683716,45.333333333333336
-0.17632861498999214,9.409961003621396,1.8615357182822405,0.7699999809265137,-2.450000047683716,1.1200000047683716,45.36666666666667
-0.14512508606869964,9.405277458190762,1.8279903821938916,2.5899999141693115,-2.240000009536743,1.1200000047683716,45.4
-0.14903669949387968,9.392151059468857,1.830587444940934,2.5899999141693115,-2.240000009536743,1.1200000047683716,45.43333333333333
-0.18632918204909782,9.342308528303468,1.8168101170065838,2.497492542902264,-2.25156343017589,1.1084365841292245,45.46666666666667
-0.3115566372871399,9.342870330810548,1.8114314556121827,0.3499999940395355,-2.5199999809265137,0.8400000333786011,45.5
-0.3310189604759193,9.370628484090162,1.8653516372044845,0.3499999940395355,-2.5199999809265137,0.8400000333786011,45.53333333333333
-0.301021452585277,9.416335840861292,1.858077180860979,-1.190000057220459,-2.450000047683716,0.3499999940395355,45.56666666666666
-0.268043985605183,9.442472671508703,1.858849350929914,-1.190000057220459,-2.450000047683716,0.3499999940395355,45.6
-0.25883608563981486,9.410490603128956,1.8750508807488755,-1.820000052452088,-2.450000047683716,-0.0700000002980232,45.63333333333333
-0.25126173313559924,9.353296780906916,1.8649559602710868,-1.820000052452088,-2.450000047683716,-0.0700000002980232,45.666666666666664
-0.2743585587075059,9.405610945372349,1.8308288259846213,0.655398236924601,-2.587522196556382,0.06752212417893652,45.7
-0.2459271407525782,9.479368387857596,1.812024899483163,1.9600000381469729,-2.6600000858306885,0.1400000005960464,45.733333333333334
-0.2561113573714922,9.434471013387943,1.8223047815965858,1.9600000381469729,-2.6600000858306885,0.1400000005960464,45.766666666666666
-0.24842214846614707,9.437763343811625,1.7985862655640388,0.4900000095367431,-3.009999990463257,0.0700000002980232,45.8
-0.26010592858002235,9.409980478922723,1.813396796861386,0.4900000095367431,-3.009999990463257,0.0700000002980232,45.833333333333336
-0.2890632887692624,9.406713015239122,1.7936281331371169,0.4200000166893005,-3.220000028610229,0.2100000083446502,45.86666666666667
-0.3004535436644041,9.43456665039095,1.8026254987715864,0.4200000166893005,-3.220000028610229,0.2100000083446502,45.9
-0.3535441946999453,9.438395423890407,1.7866727542876677,-0.1400000005960464,-3.0799999237060547,0.2800000011920929,45.93333333333333
-0.3442277967914025,9.474575958252135,1.751130099295657,-0.1400000005960464,-3.0799999237060547,0.2800000011920929,45.96666666666667
-0.3222449454993701,9.42513344022919,1.7425688438941853,-0.4122222239593667,-3.1577777597588206,0.24111111214019,46.0
-0.32864519127162845,9.394339805602758,1.8171680205667422,-1.1200000047683716,-3.3600001335144043,0.1400000005960464,46.03333333333333
-0.3216323689619168,9.374559074401644,1.7624183003101856,-1.1200000047683716,-3.3600001335144043,0.1400000005960464,46.06666666666666
-0.3090680067541505,9.424726715087616,1.8028361177453163,0.0,-3.430000066757202,0.2100000083446502,46.1
-0.3223342906631266,9.438925267539174,1.7880383796675414,0.0,-3.430000066757202,0.2100000083446502,46.13333333333333
-0.34215395538012644,9.45622386932374,1.7764758364359565,0.6299999952316284,-3.569999933242798,0.4200000166893005,46.166666666666664
-0.3314847779273585,9.422046836852685,1.7967102727888606,0.6299999952316284,-3.569999933242798,0.4200000166893005,46.2
-0.33146563728637785,9.433689359029534,1.780515096981815,-0.7126000309119744,-3.569999933242798,0.4200000166893005,46.233333333333334
-0.3474949179485586,9.424126953126104,1.7778669017162851,-0.8400000333786011,-3.569999933242798,0.4200000166893005,46.266666666666666
-0.3617502715598303,9.468852325438986,1.7965188426980119,-0.8400000333786011,-3.569999933242798,0.4200000166893005,46.3
-0.3770265944797917,9.446084416707066,1.8060712544126811,-2.5899999141693115,-3.7799999713897705,0.5600000023841858,46.333333333333336
-0.5059564940132902,9.467365748087595,1.7868961032232167,-2.5899999141693115,-3.7799999713897705,0.5600000023841858,46.36666666666667
-0.556264984608239,9.453710006712704,1.7666744718550085,-1.1200000047683716,-3.920000076293945,0.699999988079071,46.4
-0.5120823383331299,9.358886711120867,1.7616143112182097,-1.1200000047683716,-3.920000076293945,0.699999988079071,46.43333333333333
-0.6125844717025757,9.281299341838118,1.7157342564281508,-0.1400000005960464,-3.7799999713897705,0.8400000333786011,46.46666666666667
-0.7284394993796665,9.264976150512783,1.73349916839462,-0.1400000005960464,-3.7799999713897705,0.8400000333786011,46.5
-0.9407638466363041,9.408675085704443,1.6950084519372937,0.9337999659475908,-3.7249333572352175,0.8124666794123374,46.53333333333333
-1.1331217892961427,9.419647939046563,1.5873467086158681,2.5899999141693115,-3.640000104904175,0.7699999809265137,46.56666666666666
-1.2160758781419387,9.454456504821282,1.4757734298713736,2.5899999141693115,-3.640000104904175,0.7699999809265137,46.6
-1.2801037480038475,9.208063685098978,1.4821800374965202,-0.699999988079071,-3.220000028610229,0.0,46.63333333333333
-1.2675329968138556,9.23602542877246,1.5692052930191693,-0.699999988079071,-3.220000028610229,0.0,46.666666666666664
-1.156253156661611,9.170197677612418,1.7023147678377124,-5.460000038146973,-3.150000095367432,-1.190000057220459,46.7
-1.0295885817219304,9.219811045328884,1.7782497310633043,-5.460000038146973,-3.150000095367432,-1.190000057220459,46.733333333333334
-0.883716895103623,9.30554692077593,1.8362602364223723,-1.4700000286102295,-2.380000114440918,-1.4700000286102295,46.766666666666666
-0.7679512195587354,9.374399429321134,1.872536738395681,-1.4700000286102295,-2.380000114440918,-1.4700000286102295,46.8
-0.6721530361513551,9.430386911802948,2.0651008653781373,-1.471651945845288,-2.3781417070240027,-1.4702065180887869,46.833333333333336
-0.5275820093158761,9.419526652018277,2.05353630892349,-2.0299999713897705,-1.75,-1.5399999618530271,46.86666666666667
-0.4284836874005165,9.457079109191293,2.0054100437161293,-2.0299999713897705,-1.75,-1.5399999618530271,46.9
-0.3477437805344495,9.468347811381319,1.978028896331957,-1.5399999618530271,-1.5399999618530271,-1.6100000143051147,46.93333333333333
-0.38194004265387826,9.467563491821927,1.913490603766601,-1.5399999618530271,-1.5399999618530271,-1.6100000143051147,46.96666666666667
-0.3392569417927597,9.378093795776865,1.9337377605451176,0.8400000333786011,-1.2599999904632568,-1.6100000143051147,47.0
-0.27910879174723663,9.362804471332472,1.9826423629109533,0.8400000333786011,-1.2599999904632568,-1.6100000143051147,47.03333333333333
-0.22689568785235387,9.62693759052023,1.7878270054271304,7.2702952806577805,-1.2168436894348644,-1.3942182886787144,47.06666666666666
-0.04115801878150729,9.582160911561695,1.6799172401401217,11.270000457763672,-1.190000057220459,-1.2599999904632568,47.1
0.0957163274288177,9.783388646445417,1.591028606096376,11.270000457763672,-1.190000057220459,-1.2599999904632568,47.13333333333333
0.20113190710495354,9.91324409484854,1.3734016036992225,6.929999828338623,-1.399999976158142,-1.2599999904632568,47.166666666666664
0.24713954448702138,9.901853523255491,1.352088751792206,6.929999828338623,-1.399999976158142,-1.2599999904632568,47.2
0.16895844860954637,9.57652042897639,1.4913050107940715,-6.090000152587891,-1.9600000381469729,-0.2800000011920929,47.233333333333334
0.09816028096024307,9.407734372456074,1.5871170422225798,-6.090000152587891,-1.9600000381469729,-0.2800000011920929,47.266666666666666
0.016846072875276594,9.426239204408619,1.5766392736425536,-5.670000076293945,-2.309999942779541,0.9800000190734864,47.3
0.016750356182456,9.546433359783116,1.5630029296861414,-5.670000076293945,-2.309999942779541,0.9800000190734864,47.333333333333336
0.05212163285646551,9.518988609313965,1.4782948831545224,-4.695988264381347,-2.2771680784016763,1.2207669748113203,47.36666666666667
0.052127108440461076,9.512154472350634,1.3770707054136617,0.5600000023841858,-2.0999999046325684,2.5199999809265137,47.4
-0.020425863092489963,9.360010192870096,1.283524047853675,0.5600000023841858,-2.0999999046325684,2.5199999809265137,47.43333333333333
-0.10635359983509855,9.243300056458043,1.3436465711592203,-0.7699999809265137,-1.6100000143051147,3.569999933242798,47.46666666666667
-0.17341883396996427,9.249604255674445,1.4291021156322217,-0.7699999809265137,-1.6100000143051147,3.569999933242798,47.5
-0.2531696796417872,9.26661612192787,1.5279515902203173,-2.240000009536743,-1.190000057220459,3.7100000381469727,47.53333333333333
-0.3142685989542836,9.34749635060633,1.4461141427359172,-2.240000009536743,-1.190000057220459,3.7100000381469727,47.56666666666666
-0.323317889354953,9.3604209697349,1.4273802147498786,5.441415978643313,-0.3846902731351123,3.895840779867522,47.6
-0.26535117991719237,9.36826076507595,1.4312461551037756,6.440000057220459,-0.2800000011920929,3.920000076293945,47.63333333333333
-0.12979771548542252,9.414230005899583,1.5019359086347184,6.440000057220459,-0.2800000011920929,3.920000076293945,47.666666666666664
-0.07440987116164054,9.872698814388201,1.4497002887761685,10.079999923706056,0.2100000083446502,3.3600001335144043,47.7
-0.11321964603771875,10.811611666374041,1.8843544740748273,10.079999923706056,0.2100000083446502,3.3600001335144043,47.733333333333334
-0.2153617292642593,10.614002222690573,0.6383385704428168,43.470001220703125,1.75,3.920000076293945,47.766666666666666
-0.34006094384189145,10.299535926814958,0.5287369599308146,43.470001220703125,1.75,3.920000076293945,47.8
-0.3122904593953058,9.250357149745717,0.9592243477454107,-1.8899999856948853,0.3499999940395355,1.6100000143051147,47.833333333333336
-0.20715564616346088,8.296754542018132,1.2582867694025481,-1.8899999856948853,0.3499999940395355,1.6100000143051147,47.86666666666667
-0.11037023866640704,7.94367132777754,1.6035025140952095,-5.993362904990027,0.3499999940395355,0.8963716894587921,47.9
-0.034776930063443026,8.654478213001395,1.89081221580391,-11.550000190734863,0.3499999940395355,-0.0700000002980232,47.93333333333333
-0.08094410558553776,9.946265945438038,1.4554943005182504,-11.550000190734863,0.3499999940395355,-0.0700000002980232,47.96666666666667
-0.21488315224602253,9.896110725407585,1.2476623296735407,25.549999237060547,1.2599999904632568,1.0499999523162842,48.0
-0.37332556804035616,9.226574986774537,1.3839304574338642,25.549999237060547,1.2599999904632568,1.0499999523162842,48.03333333333333
-0.5415055144631113,9.06889153544191,1.4585125853224152,2.0999999046325684,0.7699999809265137,0.1400000005960464,48.06666666666666
-0.6693633713721371,9.485889694211922,1.5363235368726633,2.0999999046325684,0.7699999809265137,0.1400000005960464,48.1
-0.6521982464798051,9.81017696634885,1.5947424259178087,0.1400000005960464,0.8400000333786011,-0.9100000262260436,48.13333333333333
-0.6341589296665463,9.983295425416474,1.5625626411436884,0.1400000005960464,0.8400000333786011,-0.9100000262260436,48.166666666666664
-0.5872579154959932,9.79593441009374,1.308174094194751,0.1400000005960464,0.8400000333786011,-0.9100000262260436,48.2
-0.49332830659529925,9.457206517536713,1.43784424209588,-0.9800000190734864,0.2100000083446502,-0.6299999952316284,48.233333333333334
-0.45468445324885814,9.244078364053333,1.4499236586895325,-0.9800000190734864,0.2100000083446502,-0.6299999952316284,48.266666666666666
-0.49288162517507855,9.262966224670542,1.4770176916108302,-5.389999866485596,-0.8400000333786011,-0.4900000095367431,48.3
-0.5556842942225385,9.388858812964783,1.4675992202734585,-5.389999866485596,-0.8400000333786011,-0.4900000095367431,48.333333333333336
-0.7236792246497606,9.555073471069313,1.450963795979996,-3.150000095367432,-1.190000057220459,0.0700000002980232,48.36666666666667
-0.8222989296912409,9.569813728332722,1.4281832790379558,-3.150000095367432,-1.190000057220459,0.0700000002980232,48.4
-0.8863007032415153,9.45310218777303,1.3621081901508805,-3.8778760032546855,-1.38410033237881,0.1670501533717689,48.43333333333333
-0.9243708043091753,9.56568496449848,1.223044052443924,-4.199999809265137,-1.4700000286102295,0.2100000083446502,48.46666666666667
-0.8461131691938382,9.530876510620361,1.1722377862914002,-4.199999809265137,-1.4700000286102295,0.2100000083446502,48.5
-0.8227902913087063,9.487950775147272,1.1756644242606629,-2.0999999046325684,-1.4700000286102295,0.3499999940395355,48.53333333333333
-0.7525281016035206,9.485487937927246,1.2219401464469302,-2.0999999046325684,-1.4700000286102295,0.3499999940395355,48.56666666666666
-0.7813323693267359,9.676862983704584,1.226355815887613,-1.1200000047683716,-1.75,0.4200000166893005,48.6
-0.7783651534711009,9.77026903279721,1.111662124633226,-1.1200000047683716,-1.75,0.4200000166893005,48.63333333333333
-0.7071139068597322,9.641447784422382,1.0021244169853118,0.9800000190734864,-2.0299999713897705,0.9800000190734864,48.666666666666664
-0.6580497026443481,9.358836082457566,1.0344445943858802,0.9800000190734864,-2.0299999713897705,0.9800000190734864,48.7
-0.5585005170832554,9.324096508085656,1.1236927059215225,-0.43920355651126897,-2.12787609537787,0.9473746536708986,48.733333333333334
-0.5560161479311919,9.481754659018838,1.207971870104172,-5.110000133514404,-2.450000047683716,0.8400000333786011,48.766666666666666
-0.587985367776211,9.55909332275386,1.2911175060269544,-5.110000133514404,-2.450000047683716,0.8400000333786011,48.8
-0.6853799376489444,9.464800122578575,1.3454141664509076,-8.1899995803833,-2.7300000190734863,1.399999976158142,48.833333333333336
-0.7179617706933934,9.400453552246242,1.3940508101780655,-8.1899995803833,-2.7300000190734863,1.399999976158142,48.86666666666667
-0.6663004517554311,9.41461898803703,1.3961374483107594,-5.110000133514404,-3.009999990463257,1.4700000286102295,48.9
-0.6685210876467118,9.428989824930929,1.4638663158421297,-5.110000133514404,-3.009999990463257,1.4700000286102295,48.93333333333333
-0.5833378191333707,9.327530860899929,1.4617376920407739,-2.3329629689486944,-3.251481447274144,0.9266666993806703,48.96666666666667
-0.5585238890642185,9.251882606506022,1.4772092037201336,-1.8899999856948853,-3.289999961853028,0.8400000333786011,49.0
-0.4469186495142634,9.224960375467345,1.4971054140730096,-1.8899999856948853,-3.289999961853028,0.8400000333786011,49.03333333333333
-0.3772244046529128,9.290130572001148,1.3477114009857072,2.0999999046325684,-3.990000009536743,-0.2100000083446502,49.06666666666666
-0.322027992009872,9.297672904967914,1.1654419870372825,2.0999999046325684,-3.990000009536743,-0.2100000083446502,49.1
-0.124239787160119,9.100612475077407,1.080828696886509,5.179999828338623,-4.829999923706055,-0.7699999809265137,49.13333333333333
0.19092215716759486,9.200221239726018,1.1642295487720344,5.179999828338623,-4.829999923706055,-0.7699999809265137,49.166666666666664
0.4324463522467082,9.81168895722038,1.3959268140809271,1.820000052452088,-5.740000247955322,-1.2599999904632568,49.2
0.5765951363251945,10.523180020671438,1.2718465820868492,1.820000052452088,-5.740000247955322,-1.2599999904632568,49.233333333333334
0.5467265431143585,10.507301721602046,0.9558785366076122,3.715575199699801,-6.687787791688944,-0.4526253669081177,49.266666666666666
0.37750517606648015,9.961044723506149,0.856775940895255,5.599999904632568,-7.630000114440918,0.3499999940395355,49.3
0.19820298425229277,9.397620335893796,0.8184575276373477,5.599999904632568,-7.630000114440918,0.3499999940395355,49.333333333333336
0.04699671536128129,9.007569844563053,0.7648563715619625,-1.9600000381469729,-9.3100004196167,0.7699999809265137,49.36666666666667
0.007063864916455752,8.913984809875863,0.8521049947740792,-1.9600000381469729,-9.3100004196167,0.7699999809265137,49.4
-0.03054626990212999,9.17842955016274,0.8796777036961193,0.4200000166893005,-10.149999618530272,0.2100000083446502,49.43333333333333
0.04665213745483168,9.443289334618635,0.8485953974707844,0.4200000166893005,-10.149999618530272,0.2100000083446502,49.46666666666667
0.12322519707810113,9.58239067077767,0.8728180155747571,6.510000228881836,-10.220000267028809,0.4900000095367431,49.5
0.23313943926487185,9.680665962219729,0.7582391996373844,6.510000228881836,-10.220000267028809,0.4900000095367431,49.53333333333333
0.32124261641616664,9.716491792055255,0.6739106985313439,6.738377799144338,-10.22289110988505,0.5160177084741504,49.56666666666666
0.3144281327719629,9.737221145630045,0.5297898769373834,12.039999961853027,-10.289999961853027,1.1200000047683716,49.6
0.2767796953522191,9.462994575499408,0.5433496673906686,12.039999961853027,-10.289999961853027,1.1200000047683716,49.63333333333333
0.29094572218308695,9.2714467976891,0.6901912619283267,5.740000247955322,-11.0600004196167,1.2599999904632568,49.666666666666664
0.2524039580821574,9.259061004638205,0.5859370489119732,5.740000247955322,-11.0600004196167,1.2599999904632568,49.7
0.06343439722063574,10.282517585754261,0.5892743625642117,17.639999389648438,-11.760000228881836,1.75,49.733333333333334
-0.14697560826880926,9.981253573098,0.44791410915099183,17.639999389648438,-11.760000228881836,1.75,49.766666666666666
-0.39927381206183576,10.583547819228098,0.04768723970030278,26.00166647782865,-11.325000149858928,2.281666653501986,49.8
-0.5196566727959809,10.085067776996285,0.18427944966191384,29.75,-11.130000114440918,2.5199999809265137,49.833333333333336
-0.5498583707813148,9.624838053387784,0.4938196649538071,29.75,-11.130000114440918,2.5199999809265137,49.86666666666667
-0.4775861675742632,9.417701141358355,0.5510006055832467,3.990000009536743,-12.31999969482422,1.0499999523162842,49.9
-0.362165034453081,9.070187273661343,0.5777884057361983,3.990000009536743,-12.31999969482422,1.0499999523162842,49.93333333333333
-0.34544019977294094,8.734529660536728,0.7814599768323547,-5.949999809265137,-12.739999771118164,0.7699999809265137,49.96666666666667
-0.43522213220639766,8.906308135986247,0.8493866682058587,-5.949999809265137,-12.739999771118164,0.7699999809265137,50.0
-0.6882641665157282,9.557977104190536,0.6524024796465657,18.6200008392334,-11.760000228881836,2.309999942779541,50.03333333333333
-0.9280016469956265,10.048682746891883,0.5000539716058543,18.6200008392334,-11.760000228881836,2.309999942779541,50.06666666666666
-1.0658181821359514,10.029926966776234,0.4283305406570434,14.717345705698094,-11.673274647863472,2.353362807135185,50.1
-1.063312620162309,9.81523030344318,0.4037569745376872,6.019999980926514,-11.480000495910645,2.450000047683716,50.13333333333333
-0.9300499862017072,9.726137858075237,0.41715726200919967,6.019999980926514,-11.480000495910645,2.450000047683716,50.166666666666664
-0.7413612103457881,9.646654899596497,0.4459423604012521,-6.019999980926514,-11.199999809265137,1.5399999618530271,50.2
-0.6011240312255572,9.437750579833333,0.5443068450295028,-6.019999980926514,-11.199999809265137,1.5399999618530271,50.233333333333334
-0.5449385417285204,9.194133242290286,0.6326976723672286,-10.289999961853027,-10.989999771118164,1.1200000047683716,50.266666666666666
-0.5784520182608416,9.21055179595216,0.797297830579151,-10.289999961853027,-10.989999771118164,1.1200000047683716,50.3
-0.5710754772028834,9.50503017426006,0.870188989242068,4.222866583119611,-10.734266681666753,1.2478666583718951,50.333333333333336
-0.5872132623990846,9.685253898622669,0.6451662863092787,5.599999904632568,-10.710000038146973,1.2599999904632568,50.36666666666667
-0.5097851467124473,10.168021980286346,0.31201606440290475,5.599999904632568,-10.710000038146973,1.2599999904632568,50.4
-0.26574042836806233,9.98161727905307,-0.17101316243447062,22.190000534057617,-10.220000267028809,1.75,50.43333333333333
0.08148649608153061,9.6854711151112,-0.3430473117034574,22.190000534057617,-10.220000267028809,1.75,50.46666666666667
0.33558143353581726,9.49733761596581,-0.2628561741101114,8.050000190734863,-10.43000030517578,2.5199999809265137,50.5
0.4470909388857687,9.539203379312626,-0.09479106930883736,8.050000190734863,-10.43000030517578,2.5199999809265137,50.53333333333333
0.3964442399323853,9.505862520853636,0.023788696984615186,-7.980000019073486,-10.5,2.6600000858306885,50.56666666666666
0.17585003316246975,9.676557006837141,0.02724086525996138,-7.980000019073486,-10.5,2.6600000858306885,50.6
