sessionId,sensor,t,recvAt,x,y,z,gx,gy,gz,vVert,phase,repIndex
3,right,2167.496,1789025591959,-0.2153617292642593,9.19355297088623,2.950455665588379,-0.4200000166893005,-4.199999809265137,-0.0700000002980232,undefined,undefined,undefined
3,right,2167.505615384616,1789025591959,-0.2321120798587799,9.155266761779783,2.964813232421875,-0.4200000166893005,-4.199999809265137,-0.0700000002980232,undefined,undefined,undefined
3,right,2167.515230769231,1789025591959,-0.2010042816400528,9.198338508605955,2.9600272178649902,-0.4200000166893005,-4.199999809265137,-0.0700000002980232,undefined,undefined,undefined
3,right,2167.5248461538463,1789025591959,-0.1962184607982635,9.179195404052734,2.938491106033325,-0.4200000166893005,-4.199999809265137,-0.0700000002980232,undefined,undefined,undefined
3,right,2167.534461538461,1789025591959,-0.2321120798587799,9.212696075439451,2.9695990085601807,-0.4200000166893005,-4.199999809265137,-0.0700000002980232,undefined,undefined,undefined
3,right,2167.544076923077,1789025591959,-0.1986113786697387,9.172017097473145,2.9672060012817383,-0.4200000166893005,-4.199999809265137,-0.0700000002980232,undefined,undefined,undefined
3,right,2167.5536923076925,1789025591959,-0.1387886703014373,9.222268104553224,2.9624202251434326,-0.4200000166893005,-4.199999809265137,-0.0700000002980232,undefined,undefined,undefined
3,right,2167.563307692308,1789025591959,-0.1555390208959579,9.207910537719728,2.945669889450073,-0.4200000166893005,-4.199999809265137,-0.0700000002980232,undefined,undefined,undefined
3,right,2167.572,1789025592034,-0.1794681102037429,9.186373710632324,2.931312322616577,0.4900000095367431,-4.409999847412109,0.2100000083446502,undefined,undefined,undefined
3,right,2167.581615384616,1789025592034,-0.1890397369861602,9.198338508605955,2.945669889450073,0.4900000095367431,-4.409999847412109,0.2100000083446502,undefined,undefined,undefined
3,right,2167.591230769231,1789025592034,-0.1603248417377472,9.198338508605955,2.9145619869232178,0.4900000095367431,-4.409999847412109,0.2100000083446502,undefined,undefined,undefined
3,right,2167.6008461538463,1789025592034,-0.1627177447080612,9.169623374938965,2.940884113311768,0.4900000095367431,-4.409999847412109,0.2100000083446502,undefined,undefined,undefined
3,right,2167.610461538461,1789025592034,-0.1435744911432266,9.13133716583252,2.91695499420166,0.4900000095367431,-4.409999847412109,0.2100000083446502,undefined,undefined,undefined
3,right,2167.620076923077,1789025592034,-0.1579319387674331,9.157659530639648,2.900204658508301,0.4900000095367431,-4.409999847412109,0.2100000083446502,undefined,undefined,undefined
3,right,2167.6296923076925,1789025592034,-0.1196454018354415,9.172017097473145,2.895418882369995,0.4900000095367431,-4.409999847412109,0.2100000083446502,undefined,undefined,undefined
3,right,2167.639307692308,1789025592034,-0.1172524988651275,9.13133716583252,2.8475606441497803,0.4900000095367431,-4.409999847412109,0.2100000083446502,undefined,undefined,undefined
3,right,2167.648,1789025592109,-0.1124666780233383,9.18398094177246,2.857132196426392,2.799999952316284,-4.619999885559082,0.4200000166893005,undefined,undefined,undefined
3,right,2167.6576153846154,1789025592109,-0.0957163274288177,9.191160202026367,2.809274196624756,2.799999952316284,-4.619999885559082,0.4200000166893005,undefined,undefined,undefined
3,right,2167.667230769231,1789025592109,-0.1722893863916397,9.21030330657959,2.840381860733032,2.799999952316284,-4.619999885559082,0.4200000166893005,undefined,undefined,undefined
3,right,2167.6768461538463,1789025592109,-0.184253916144371,9.174409866333008,2.790130853652954,2.799999952316284,-4.619999885559082,0.4200000166893005,undefined,undefined,undefined
3,right,2167.6864615384616,1789025592109,-0.1651106625795364,9.21030330657959,2.8212387561798096,2.799999952316284,-4.619999885559082,0.4200000166893005,undefined,undefined,undefined
3,right,2167.6960769230773,1789025592109,-0.1076808646321296,9.21030330657959,2.8284173011779785,2.799999952316284,-4.619999885559082,0.4200000166893005,undefined,undefined,undefined
3,right,2167.7056923076925,1789025592109,-0.1651106625795364,9.207910537719728,2.811666965484619,2.799999952316284,-4.619999885559082,0.4200000166893005,undefined,undefined,undefined
3,right,2167.715307692308,1789025592109,-0.1579319387674331,9.23662567138672,2.830810308456421,2.799999952316284,-4.619999885559082,0.4200000166893005,undefined,undefined,undefined
3,right,2167.724,1789025592189,-0.1268241256475448,9.224660873413086,2.8427748680114746,2.309999942779541,-4.340000152587891,0.4900000095367431,undefined,undefined,undefined
3,right,2167.7336153846154,1789025592189,-0.1340028494596481,9.174409866333008,2.837989091873169,2.309999942779541,-4.340000152587891,0.4900000095367431,undefined,undefined,undefined
3,right,2167.743230769231,1789025592189,-0.1196454018354415,9.152873039245604,2.799702405929565,2.309999942779541,-4.340000152587891,0.4900000095367431,undefined,undefined,undefined
3,right,2167.7528461538463,1789025592189,-0.1363957673311233,9.188767433166504,2.852346420288086,2.309999942779541,-4.340000152587891,0.4900000095367431,undefined,undefined,undefined
3,right,2167.7624615384616,1789025592189,-0.1531461179256439,9.143301963806152,2.7805593013763428,2.309999942779541,-4.340000152587891,0.4900000095367431,undefined,undefined,undefined
3,right,2167.7720769230773,1789025592189,-0.12921704351902,9.181588172912598,2.833203077316284,2.309999942779541,-4.340000152587891,0.4900000095367431,undefined,undefined,undefined
3,right,2167.7816923076925,1789025592189,-0.1555390208959579,9.155266761779783,2.787737846374512,2.309999942779541,-4.340000152587891,0.4900000095367431,undefined,undefined,undefined
3,right,2167.791307692308,1789025592189,-0.1627177447080612,9.14808750152588,2.79491662979126,2.309999942779541,-4.340000152587891,0.4900000095367431,undefined,undefined,undefined
3,right,2167.8,1789025592261,-0.1483602970838546,9.164837837219238,2.7733805179595947,1.5399999618530271,-4.130000114440918,0.4200000166893005,undefined,undefined,undefined
3,right,2167.8096153846154,1789025592261,-0.1698964685201645,9.18398094177246,2.7638089656829834,1.5399999618530271,-4.130000114440918,0.4200000166893005,undefined,undefined,undefined
3,right,2167.819230769231,1789025592261,-0.1698964685201645,9.23662567138672,2.7709875106811523,1.5399999618530271,-4.130000114440918,0.4200000166893005,undefined,undefined,undefined
3,right,2167.8288461538464,1789025592261,-0.1890397369861602,9.205517768859863,2.802095413208008,1.5399999618530271,-4.130000114440918,0.4200000166893005,undefined,undefined,undefined
3,right,2167.8384615384616,1789025592261,-0.184253916144371,9.212696075439451,2.7805593013763428,1.5399999618530271,-4.130000114440918,0.4200000166893005,undefined,undefined,undefined
3,right,2167.8480769230773,1789025592261,-0.1722893863916397,9.222268104553224,2.768594741821289,1.5399999618530271,-4.130000114440918,0.4200000166893005,undefined,undefined,undefined
3,right,2167.857692307693,1789025592261,-0.181861013174057,9.195945739746094,2.7494513988494877,1.5399999618530271,-4.130000114440918,0.4200000166893005,undefined,undefined,undefined
3,right,2167.867307692308,1789025592261,-0.2033971846103668,9.21987533569336,2.804488182067871,1.5399999618530271,-4.130000114440918,0.4200000166893005,undefined,undefined,undefined
3,right,2167.876,1789025592335,-0.2488624453544616,9.205517768859863,2.754237174987793,0.4900000095367431,-4.269999980926514,0.2100000083446502,undefined,undefined,undefined
3,right,2167.8856153846154,1789025592335,-0.1675035655498504,9.222268104553224,2.7279152870178223,0.4900000095367431,-4.269999980926514,0.2100000083446502,undefined,undefined,undefined
3,right,2167.895230769231,1789025592335,-0.184253916144371,9.215088844299316,2.811666965484619,0.4900000095367431,-4.269999980926514,0.2100000083446502,undefined,undefined,undefined
3,right,2167.9048461538464,1789025592335,-0.1387886703014373,9.162445068359377,2.8212387561798096,0.4900000095367431,-4.269999980926514,0.2100000083446502,undefined,undefined,undefined
3,right,2167.9144615384616,1789025592335,-0.184253916144371,9.21748161315918,2.761415958404541,0.4900000095367431,-4.269999980926514,0.2100000083446502,undefined,undefined,undefined
3,right,2167.9240769230773,1789025592335,-0.1627177447080612,9.215088844299316,2.7662017345428467,0.4900000095367431,-4.269999980926514,0.2100000083446502,undefined,undefined,undefined
3,right,2167.9336923076926,1789025592335,-0.1890397369861602,9.179195404052734,2.7733805179595947,0.4900000095367431,-4.269999980926514,0.2100000083446502,undefined,undefined,undefined
3,right,2167.943307692308,1789025592335,-0.1794681102037429,9.222268104553224,2.7638089656829834,0.4900000095367431,-4.269999980926514,0.2100000083446502,undefined,undefined,undefined
3,right,2167.952,1789025592410,-0.1268241256475448,9.215088844299316,2.804488182067871,-0.3499999940395355,-4.269999980926514,0.1400000005960464,undefined,undefined,undefined
3,right,2167.9616153846155,1789025592410,-0.2297191768884658,9.229446411132812,2.79491662979126,-0.3499999940395355,-4.269999980926514,0.1400000005960464,undefined,undefined,undefined
3,right,2167.971230769231,1789025592410,-0.1722893863916397,9.270126342773438,2.840381860733032,-0.3499999940395355,-4.269999980926514,0.1400000005960464,undefined,undefined,undefined
3,right,2167.9808461538464,1789025592410,-0.1698964685201645,9.231839179992676,2.818845748901367,-0.3499999940395355,-4.269999980926514,0.1400000005960464,undefined,undefined,undefined
3,right,2167.9904615384617,1789025592410,-0.1770751923322677,9.241411209106444,2.8475606441497803,-0.3499999940395355,-4.269999980926514,0.1400000005960464,undefined,undefined,undefined
3,right,2168.0000769230774,1789025592410,-0.1794681102037429,9.21030330657959,2.768594741821289,-0.3499999940395355,-4.269999980926514,0.1400000005960464,undefined,undefined,undefined
3,right,2168.0096923076926,1789025592410,-0.1483602970838546,9.167230606079102,2.8499536514282227,-0.3499999940395355,-4.269999980926514,0.1400000005960464,-0.001974906059779039,resting,
3,right,2168.019307692308,1789025592410,-0.1866468340158462,9.186373710632324,2.802095413208008,-0.3499999940395355,-4.269999980926514,0.1400000005960464,-0.0039028744951525793,resting,
3,right,2168.028,1789025592485,-0.1722893863916397,9.112194061279297,2.782952070236206,-1.0499999523162842,-4.199999809265137,0.2100000083446502,-0.006311622100379549,resting,
3,right,2168.037615384615,1789025592485,-0.1387886703014373,9.143301963806152,2.833203077316284,-1.0499999523162842,-4.199999809265137,0.2100000083446502,-0.00855222947473615,resting,
3,right,2168.0472307692307,1789025592485,-0.1459673941135406,9.174409866333008,2.756630182266236,-1.0499999523162842,-4.199999809265137,0.2100000083446502,-0.010721555099613082,resting,
3,right,2168.056846153846,1789025592485,-0.1387886703014373,9.181588172912598,2.7925238609313965,-1.0499999523162842,-4.199999809265137,0.2100000083446502,-0.01272318793102075,resting,
3,right,2168.066461538461,1789025592485,-0.1866468340158462,9.195945739746094,2.7853450775146484,-1.0499999523162842,-4.199999809265137,0.2100000083446502,-0.014604771093881986,resting,
3,right,2168.076076923077,1789025592485,-0.1722893863916397,9.195945739746094,2.802095413208008,-1.0499999523162842,-4.199999809265137,0.2100000083446502,-0.016440372500008016,resting,
3,right,2168.085692307692,1789025592485,-0.1411815732717514,9.229446411132812,2.7925238609313965,-1.0499999523162842,-4.199999809265137,0.2100000083446502,-0.017998772622794607,resting,
3,right,2168.0953076923074,1789025592485,-0.1722893863916397,9.231839179992676,2.7709875106811523,-1.0499999523162842,-4.199999809265137,0.2100000083446502,-0.019589522161465155,resting,
3,right,2168.103,1789025592561,-0.1603248417377472,9.265339851379396,2.7805593013763428,0.5600000023841858,-3.849999904632568,0.3499999940395355,-0.020595120990268573,resting,
3,right,2168.1126153846158,1789025592561,-0.1746822893619537,9.215088844299316,2.7853450775146484,0.5600000023841858,-3.849999904632568,0.3499999940395355,-0.02229812997003612,resting,
3,right,2168.122230769231,1789025592561,-0.1531461179256439,9.23662567138672,2.8260245323181152,0.5600000023841858,-3.849999904632568,0.3499999940395355,-0.023692383024127624,resting,
3,right,2168.1318461538463,1789025592561,-0.1531461179256439,9.241411209106444,2.8260245323181152,0.5600000023841858,-3.849999904632568,0.3499999940395355,-0.025041741495547103,resting,
3,right,2168.141461538461,1789025592561,-0.1507532149553299,9.22705364227295,2.7925238609313965,0.5600000023841858,-3.849999904632568,0.3499999940395355,-0.026616480294715222,resting,
3,right,2168.151076923077,1789025592561,-0.1698964685201645,9.22705364227295,2.790130853652954,0.5600000023841858,-3.849999904632568,0.3499999940395355,-0.02819406784179531,resting,
3,right,2168.1606923076924,1789025592561,-0.1531461179256439,9.23423194885254,2.782952070236206,0.5600000023841858,-3.849999904632568,0.3499999940395355,-0.029727481910221502,resting,
3,right,2168.170307692308,1789025592561,-0.1603248417377472,9.229446411132812,2.7733805179595947,0.5600000023841858,-3.849999904632568,0.3499999940395355,-0.03132957666145375,resting,
3,right,2168.179,1789025592650,-0.1435744911432266,9.191160202026367,2.7925238609313965,1.190000057220459,-3.640000104904175,0.4900000095367431,-0.033050098804861164,resting,
3,right,2168.188615384616,1789025592650,-0.1411815732717514,9.212696075439451,2.787737846374512,1.190000057220459,-3.640000104904175,0.4900000095367431,-0.03476775338428864,resting,
3,right,2168.198230769231,1789025592650,-0.1531461179256439,9.162445068359377,2.7374868392944336,1.190000057220459,-3.640000104904175,0.4900000095367431,-0.03708449161861506,resting,
3,right,2168.2078461538463,1789025592650,-0.1411815732717514,9.160052299499512,2.7638089656829834,1.190000057220459,-3.640000104904175,0.4900000095367431,-0.03935098682030459,resting,
3,right,2168.217461538461,1789025592650,-0.1675035655498504,9.224660873413086,2.806881189346313,1.190000057220459,-3.640000104904175,0.4900000095367431,-0.04089836010148237,resting,
3,right,2168.227076923077,1789025592650,-0.1531461179256439,9.21030330657959,2.768594741821289,1.190000057220459,-3.640000104904175,0.4900000095367431,-0.0426856261464757,resting,
3,right,2168.2366923076925,1789025592650,-0.1627177447080612,9.253376007080078,2.761415958404541,1.190000057220459,-3.640000104904175,0.4900000095367431,-0.04409387614787134,resting,
3,right,2168.246307692308,1789025592650,-0.2201475501060485,9.186373710632324,2.7446656227111816,1.190000057220459,-3.640000104904175,0.4900000095367431,-0.04615465008774641,resting,
3,right,2168.256,1789025592715,-0.1220383122563362,9.207910537719728,2.7805593013763428,0.2800000011920929,-3.569999933242798,0.4200000166893005,-0.04794734302117712,resting,
3,right,2168.265615384615,1789025592715,-0.1746822893619537,9.205517768859863,2.7733805179595947,0.2800000011920929,-3.569999933242798,0.4200000166893005,-0.04975851652368262,resting,
3,right,2168.275230769231,1789025592715,-0.1435744911432266,9.21030330657959,2.775773286819458,0.2800000011920929,-3.569999933242798,0.4200000166893005,-0.05152304743623552,resting,
3,right,2168.284846153846,1789025592715,-0.1675035655498504,9.162445068359377,2.818845748901367,0.2800000011920929,-3.569999933242798,0.4200000166893005,-0.05360354710832843,resting,
3,right,2168.2944615384613,1789025592715,-0.1435744911432266,9.176802635192873,2.811666965484619,0.2800000011920929,-3.569999933242798,0.4200000166893005,-0.055574163310127725,resting,
3,right,2168.304076923077,1789025592715,-0.1746822893619537,9.176802635192873,2.754237174987793,0.2800000011920929,-3.569999933242798,0.4200000166893005,0,resting,
3,right,2168.313692307692,1789025592715,-0.184253916144371,9.207910537719728,2.804488182067871,0.2800000011920929,-3.569999933242798,0.4200000166893005,-0.001724005800252256,resting,
3,right,2168.3233076923075,1789025592715,-0.1866468340158462,9.253376007080078,2.7662017345428467,0.2800000011920929,-3.569999933242798,0.4200000166893005,-0.003135090113079831,resting,
3,right,2168.332,1789025592800,-0.1100737750530242,9.229446411132812,2.79491662979126,1.9600000381469729,-3.430000066757202,0.5600000023841858,-0.004547848998199187,resting,
3,right,2168.341615384615,1789025592800,-0.1866468340158462,9.181588172912598,2.7662017345428467,1.9600000381469729,-3.430000066757202,0.5600000023841858,-0.00661795985412846,resting,
3,right,2168.351230769231,1789025592800,-0.1794681102037429,9.222268104553224,2.759022951126098,1.9600000381469729,-3.430000066757202,0.5600000023841858,-0.008333644079144723,resting,
3,right,2168.360846153846,1789025592800,-0.1698964685201645,9.250982284545898,2.7446656227111816,1.9600000381469729,-3.430000066757202,0.5600000023841858,-0.009825138264220983,resting,
3,right,2168.3704615384613,1789025592800,-0.1076808646321296,9.195945739746094,2.7853450775146484,1.9600000381469729,-3.430000066757202,0.5600000023841858,-0.011720602929864096,resting,
3,right,2168.380076923077,1789025592800,-0.1387886703014373,9.181588172912598,2.761415958404541,1.9600000381469729,-3.430000066757202,0.5600000023841858,-0.013808159631703728,resting,
3,right,2168.3896923076923,1789025592800,-0.1698964685201645,9.22705364227295,2.739879846572876,1.9600000381469729,-3.430000066757202,0.5600000023841858,-0.015530698563071089,resting,
3,right,2168.3993076923075,1789025592800,-0.1866468340158462,9.160052299499512,2.759022951126098,1.9600000381469729,-3.430000066757202,0.5600000023841858,-0.017813889194893143,resting,
3,right,2168.407,1789025592876,-0.1603248417377472,9.119372367858888,2.7805593013763428,1.2599999904632568,-3.009999990463257,0.6299999952316284,-0.019895059057692142,resting,
3,right,2168.4166153846154,1789025592876,-0.1627177447080612,9.119372367858888,2.739879846572876,1.2599999904632568,-3.009999990463257,0.6299999952316284,-0.02260713919070366,resting,
3,right,2168.426230769231,1789025592876,-0.1387886703014373,9.116979598999023,2.754237174987793,1.2599999904632568,-3.009999990463257,0.6299999952316284,-0.025303810765019398,resting,
3,right,2168.4358461538463,1789025592876,-0.12921704351902,9.06194305419922,2.761415958404541,1.2599999904632568,-3.009999990463257,0.6299999952316284,-0.028486713503442996,resting,
3,right,2168.4454615384616,1789025592876,-0.1483602970838546,9.088264465332031,2.775773286819458,1.2599999904632568,-3.009999990463257,0.6299999952316284,-0.03138313341270985,resting,
3,right,2168.4550769230773,1789025592876,-0.1411815732717514,9.12415885925293,2.756630182266236,1.2599999904632568,-3.009999990463257,0.6299999952316284,-0.034002509541225634,resting,
3,right,2168.4646923076925,1789025592876,-0.1675035655498504,9.160052299499512,2.7015931606292725,1.2599999904632568,-3.009999990463257,0.6299999952316284,-0.03643878740106359,resting,
3,right,2168.474307692308,1789025592876,-0.1746822893619537,9.121766090393066,2.718343496322632,1.2599999904632568,-3.009999990463257,0.6299999952316284,-0.039178439699358705,resting,
3,right,2168.483,1789025592949,-0.1603248417377472,9.152873039245604,2.7015931606292725,5.460000038146973,-3.0799999237060547,0.6299999952316284,-0.041438371852573055,resting,
3,right,2168.4926153846154,1789025592949,-0.1890397369861602,9.191160202026367,2.677664041519165,5.460000038146973,-3.0799999237060547,0.6299999952316284,-0.04364440533852625,resting,
3,right,2168.502230769231,1789025592949,-0.208183005452156,9.25576877593994,2.6872358322143555,5.460000038146973,-3.0799999237060547,0.6299999952316284,-0.045223813813054445,resting,
3,right,2168.5118461538464,1789025592949,-0.1962184607982635,9.246196746826172,2.6298060417175293,5.460000038146973,-3.0799999237060547,0.6299999952316284,-0.04704633982360278,resting,
3,right,2168.5214615384616,1789025592949,-0.1986113786697387,9.262947082519531,2.605876922607422,5.460000038146973,-3.0799999237060547,0.6299999952316284,-0.048775548728565425,resting,
3,right,2168.5310769230773,1789025592949,-0.2033971846103668,9.351485252380373,2.577162027359009,5.460000038146973,-3.0799999237060547,0.6299999952316284,-0.0497595777519824,resting,
3,right,2168.540692307693,1789025592949,-0.2105759084224701,9.449594497680664,2.565197467803955,5.460000038146973,-3.0799999237060547,0.6299999952316284,-0.04986428458133337,resting,
3,right,2168.550307692308,1789025592949,-0.208183005452156,9.521381378173828,2.529303789138794,5.460000038146973,-3.0799999237060547,0.6299999952316284,-0.04939621031293737,resting,
3,right,2168.559,1789025593025,-0.1962184607982635,9.475915908813477,2.584340810775757,4.619999885559082,-3.0799999237060547,0.4900000095367431,-0.04922547487205053,resting,
3,right,2168.5686153846154,1789025593025,-0.1363957673311233,9.380199432373049,2.579555034637451,4.619999885559082,-3.0799999237060547,0.4900000095367431,-0.049944870232371895,resting,
3,right,2168.578230769231,1789025593025,-0.1603248417377472,9.327555656433104,2.5891265869140625,4.619999885559082,-3.0799999237060547,0.4900000095367431,-0.05112310757942348,resting,
3,right,2168.5878461538464,1789025593025,-0.1483602970838546,9.325162887573242,2.541268348693848,4.619999885559082,-3.0799999237060547,0.4900000095367431,-0.05244692035918776,resting,
3,right,2168.5974615384616,1789025593025,-0.1507532149553299,9.317984580993652,2.550840139389038,4.619999885559082,-3.0799999237060547,0.4900000095367431,-0.0538119394505768,resting,
3,right,2168.6070769230773,1789025593025,-0.1531461179256439,9.315590858459473,2.5532329082489014,4.619999885559082,-3.0799999237060547,0.4900000095367431,-0.055192022122727294,resting,
3,right,2168.6166923076926,1789025593025,-0.1603248417377472,9.315590858459473,2.5340895652771,4.619999885559082,-3.0799999237060547,0.4900000095367431,-0.05661876481590969,resting,
3,right,2168.626307692308,1789025593025,-0.105287954211235,9.277304649353027,2.5699832439422607,4.619999885559082,-3.0799999237060547,0.4900000095367431,-0.05831767201955227,resting,
3,right,2168.635,1789025593101,-0.1196454018354415,9.241411209106444,2.584340810775757,-2.870000123977661,-3.0799999237060547,0.3499999940395355,-0.06011811740857325,resting,
3,right,2168.6446153846155,1789025593101,-0.102895051240921,9.229446411132812,2.5628044605255127,-2.870000123977661,-3.0799999237060547,0.3499999940395355,-0.06227572423816984,resting,
3,right,2168.654230769231,1789025593101,-0.1507532149553299,9.20073127746582,2.5604116916656494,-2.870000123977661,-3.0799999237060547,0.3499999940395355,-0.06469782546246959,resting,
3,right,2168.6638461538464,1789025593101,-0.1076808646321296,9.243803977966309,2.5819478034973145,-2.870000123977661,-3.0799999237060547,0.3499999940395355,-0.0666699596162527,resting,
3,right,2168.6734615384617,1789025593101,-0.1268241256475448,9.205517768859863,2.565197467803955,-2.870000123977661,-3.0799999237060547,0.3499999940395355,-0.0690364948571456,resting,
3,right,2168.6830769230774,1789025593101,-0.1076808646321296,9.222268104553224,2.5747690200805664,-2.870000123977661,-3.0799999237060547,0.3499999940395355,-0.07122435840114344,resting,
3,right,2168.6926923076926,1789025593101,-0.1483602970838546,9.23423194885254,2.5699832439422607,-2.870000123977661,-3.0799999237060547,0.3499999940395355,-0.07330774004645563,resting,
3,right,2168.702307692308,1789025593101,-0.12921704351902,9.250982284545898,2.598698139190674,-2.870000123977661,-3.0799999237060547,0.3499999940395355,-0.07516323398722426,resting,
3,right,2168.711,1789025593174,-0.1435744911432266,9.282090187072754,2.627413034439087,-7.980000019073486,-3.3600001335144043,0.1400000005960464,-0.07651031354047694,resting,
3,right,2168.720615384615,1789025593174,-0.1531461179256439,9.241411209106444,2.6465563774108887,-7.980000019073486,-3.3600001335144043,0.1400000005960464,-0.07832389873894095,resting,
3,right,2168.7302307692307,1789025593174,-0.1675035655498504,9.203125,2.6369848251342773,-7.980000019073486,-3.3600001335144043,0.1400000005960464,-0.08051338914581226,resting,
3,right,2168.739846153846,1789025593174,-0.1890397369861602,9.179195404052734,2.732701063156128,-7.980000019073486,-3.3600001335144043,0.1400000005960464,-0.08266280079438657,resting,
3,right,2168.749461538461,1789025593174,-0.1244312226772308,9.093050956726074,2.6537351608276367,-7.980000019073486,-3.3600001335144043,0.1400000005960464,-0.0858280460878666,resting,
3,right,2168.759076923077,1789025593174,-0.1316099464893341,9.071514129638672,2.703986167907715,-7.980000019073486,-3.3600001335144043,0.1400000005960464,-0.08905275342152534,resting,
3,right,2168.768692307692,1789025593174,-0.1675035655498504,9.057157516479492,2.6561279296875,-7.980000019073486,-3.3600001335144043,0.1400000005960464,-0.0925334611840969,resting,
3,right,2168.7783076923074,1789025593174,-0.1579319387674331,9.088264465332031,2.663306713104248,-7.980000019073486,-3.3600001335144043,0.1400000005960464,-0.09570770712815947,resting,
3,right,2168.787,1789025593250,-0.1531461179256439,9.10740852355957,2.648949146270752,-1.9600000381469729,-3.0799999237060547,0.4900000095367431,-0.09845225778631876,resting,
3,right,2168.796615384615,1789025593250,-0.1507532149553299,9.164837837219238,2.61305570602417,-1.9600000381469729,-3.0799999237060547,0.4900000095367431,-0.10105467719040606,resting,
3,right,2168.8062307692308,1789025593250,-0.1555390208959579,9.188767433166504,2.6513421535491943,-1.9600000381469729,-3.0799999237060547,0.4900000095367431,-0.10333029787834708,resting,
3,right,2168.815846153846,1789025593250,-0.1627177447080612,9.160052299499512,2.6609137058258057,-1.9600000381469729,-3.0799999237060547,0.4900000095367431,-0.105842500332396,resting,
3,right,2168.825461538461,1789025593250,-0.1220383122563362,9.169623374938965,2.6298060417175293,-1.9600000381469729,-3.0799999237060547,0.4900000095367431,-0.10835465293502243,resting,
3,right,2168.835076923077,1789025593250,-0.181861013174057,9.102622032165527,2.6106626987457275,-1.9600000381469729,-3.0799999237060547,0.4900000095367431,-0.11152600087974529,resting,
3,right,2168.844692307692,1789025593250,-0.1387886703014373,9.150480270385742,2.696807384490967,-1.9600000381469729,-3.0799999237060547,0.4900000095367431,-0.11402953037785934,resting,
3,right,2168.8543076923074,1789025593250,-0.1459673941135406,9.164837837219238,2.67287826538086,-1.9600000381469729,-3.0799999237060547,0.4900000095367431,-0.11646282854639128,resting,
3,right,2168.863,1789025593325,-0.1340028494596481,9.222268104553224,2.703986167907715,-2.5899999141693115,-3.150000095367432,0.3499999940395355,-0.11810835264513357,resting,
3,right,2168.872615384615,1789025593325,-0.1651106625795364,9.150480270385742,2.68245005607605,-2.5899999141693115,-3.150000095367432,0.3499999940395355,-0.12064336695767523,resting,
3,right,2168.882230769231,1789025593325,-0.1531461179256439,9.176802635192873,2.7662017345428467,-2.5899999141693115,-3.150000095367432,0.3499999940395355,-0.12270861070636407,resting,
3,right,2168.891846153846,1789025593325,-0.1531461179256439,9.23423194885254,2.823631525039673,-2.5899999141693115,-3.150000095367432,0.3499999940395355,-0.12408580331054887,resting,
3,right,2168.9014615384613,1789025593325,-0.0957163274288177,9.21987533569336,2.866703987121582,-2.5899999141693115,-3.150000095367432,0.3499999940395355,-0.125482879314188,resting,
3,right,2168.911076923077,1789025593325,-0.1483602970838546,9.21030330657959,2.9767775535583496,-2.5899999141693115,-3.150000095367432,0.3499999940395355,-0.12665315805600189,resting,
3,right,2168.920692307692,1789025593325,-0.181861013174057,9.294054985046388,3.046171903610229,-2.5899999141693115,-3.150000095367432,0.3499999940395355,-0.1268512460092407,resting,
3,right,2168.9303076923075,1789025593325,-0.1651106625795364,9.258161544799805,3.053350687026977,-2.5899999141693115,-3.150000095367432,0.3499999940395355,-0.12735769447797962,resting,
3,right,2168.938,1789025593403,-0.1627177447080612,9.27969741821289,3.046171903610229,-3.220000028610229,-3.0799999237060547,0.0700000002980232,-0.1276183806785274,resting,
3,right,2168.947615384616,1789025593403,-0.2129688262939453,9.294054985046388,3.077279806137085,-3.220000028610229,-3.0799999237060547,0.0700000002980232,-0.12771354645156088,resting,
3,right,2168.957230769231,1789025593403,-0.205790102481842,9.315590858459473,3.0509579181671143,-3.220000028610229,-3.0799999237060547,0.0700000002980232,-0.12768362007220876,resting,
3,right,2168.9668461538463,1789025593403,-0.208183005452156,9.363449096679688,3.015064239501953,-3.220000028610229,-3.0799999237060547,0.0700000002980232,-0.1273147853129238,resting,
3,right,2168.976461538461,1789025593403,-0.2010042816400528,9.315590858459473,3.0389933586120605,-3.220000028610229,-3.0799999237060547,0.0700000002980232,-0.12731528725355407,resting,
3,right,2168.986076923077,1789025593403,-0.205790102481842,9.349091529846191,3.0102784633636475,-3.220000028610229,-3.0799999237060547,0.0700000002980232,-0.1270897303011455,resting,
3,right,2168.9956923076925,1789025593403,-0.2321120798587799,9.344305992126465,2.964813232421875,-3.220000028610229,-3.0799999237060547,0.0700000002980232,-0.12703492824262305,resting,
3,right,2169.005307692308,1789025593403,-0.1770751923322677,9.303627014160156,2.9743847846984863,-3.220000028610229,-3.0799999237060547,0.0700000002980232,-0.12733451686728572,resting,
3,right,2169.014,1789025593474,-0.1866468340158462,9.243803977966309,2.9695990085601807,-3.430000066757202,-2.940000057220459,0.0,-0.1281112622956186,resting,
3,right,2169.023615384616,1789025593474,-0.184253916144371,9.14808750152588,2.9839563369750977,-3.430000066757202,-2.940000057220459,0.0,-0.12980328025508167,resting,
3,right,2169.033230769231,1789025593474,-0.1770751923322677,9.10740852355957,3.0246357917785645,-3.430000066757202,-2.940000057220459,0.0,-0.13174605927359412,resting,
3,right,2169.0428461538463,1789025593474,-0.181861013174057,9.06194305419922,3.019850015640259,-3.430000066757202,-2.940000057220459,0.0,-0.13411566344131604,resting,
3,right,2169.0524615384616,1789025593474,-0.208183005452156,9.085871696472168,2.993528127670288,-3.430000066757202,-2.940000057220459,0.0,-0.13633941493178708,resting,
3,right,2169.0620769230773,1789025593474,-0.181861013174057,9.042799949645996,3.0054924488067627,-3.430000066757202,-2.940000057220459,0.0,-0.1389239572373503,resting,
3,right,2169.0716923076925,1789025593474,-0.2249333560466766,9.026049613952637,3.007885456085205,-3.430000066757202,-2.940000057220459,0.0,-0.14164416313655964,resting,
3,right,2169.081307692308,1789025593474,-0.2560411691665649,8.947083473205566,3.0126712322235107,-3.430000066757202,-2.940000057220459,0.0,-0.14506113471519405,resting,
3,right,2169.091,1789025593550,-0.2345049977302551,8.93272590637207,3.027028799057007,-5.179999828338623,-2.940000057220459,-0.0700000002980232,-0.14859551059543655,resting,
3,right,2169.100615384615,1789025593550,-0.2440766245126724,8.968619346618652,3.0653152465820312,-5.179999828338623,-2.940000057220459,-0.0700000002980232,-0.15165297072521866,resting,
3,right,2169.110230769231,1789025593550,-0.2536482512950897,8.920761108398438,3.0748867988586426,-5.179999828338623,-2.940000057220459,-0.0700000002980232,-0.15511176720094969,resting,
3,right,2169.119846153846,1789025593550,-0.2584340870380401,8.918368339538574,3.0964231491088867,-5.179999828338623,-2.940000057220459,-0.0700000002980232,-0.15852172333811326,resting,
3,right,2169.1294615384613,1789025593550,-0.2177546322345733,8.937511444091797,3.0724940299987797,-5.179999828338623,-2.940000057220459,-0.0700000002980232,-0.16184058036829033,resting,
3,right,2169.139076923077,1789025593550,-0.2775773406028747,9.093050956726074,3.0724940299987797,-5.179999828338623,-2.940000057220459,-0.0700000002980232,-0.16373115703623428,resting,
3,right,2169.1486923076923,1789025593550,-0.2919347882270813,9.145694732666016,3.041386127471924,-5.179999828338623,-2.940000057220459,-0.0700000002980232,-0.16523591316139538,resting,
3,right,2169.1583076923075,1789025593550,-0.27997025847435,9.155266761779783,3.0653152465820312,-5.179999828338623,-2.940000057220459,-0.0700000002980232,-0.16658048540573966,resting,
3,right,2169.167,1789025593625,-0.2392908036708831,9.212696075439451,3.007885456085205,4.550000190734863,-2.7300000190734863,0.3499999940395355,-0.1674922889597035,resting,
3,right,2169.176615384615,1789025593625,-0.2871489822864532,9.246196746826172,3.019850015640259,4.550000190734863,-2.7300000190734863,0.3499999940395355,-0.16814471893344693,resting,
3,right,2169.186230769231,1789025593625,-0.2512553632259369,9.215088844299316,2.940884113311768,4.550000190734863,-2.7300000190734863,0.3499999940395355,-0.16932880069982437,resting,
3,right,2169.195846153846,1789025593625,-0.2249333560466766,9.267732620239258,2.9528486728668213,4.550000190734863,-2.7300000190734863,0.3499999940395355,-0.16999950116457654,resting,
3,right,2169.2054615384613,1789025593625,-0.2177546322345733,9.246196746826172,2.902597427368164,4.550000190734863,-2.7300000190734863,0.3499999940395355,-0.17101734406588773,resting,
3,right,2169.215076923077,1789025593625,-0.2680056989192962,9.315590858459473,2.91695499420166,4.550000190734863,-2.7300000190734863,0.3499999940395355,-0.1713435167156756,resting,
3,right,2169.2246923076923,1789025593625,-0.2345049977302551,9.286876678466797,2.8762755393981934,4.550000190734863,-2.7300000190734863,0.3499999940395355,-0.17205831676881655,resting,
3,right,2169.2343076923075,1789025593625,-0.2632198929786682,9.286876678466797,2.91695499420166,4.550000190734863,-2.7300000190734863,0.3499999940395355,-0.17264242782182426,resting,
3,right,2169.242,1789025593708,-0.2392908036708831,9.265339851379396,2.8547394275665283,4.96999979019165,-2.799999952316284,0.699999988079071,-0.17341730920463735,resting,
3,right,2169.2516153846154,1789025593708,-0.1722893863916397,9.298840522766112,2.8475606441497803,4.96999979019165,-2.799999952316284,0.699999988079071,-0.17411254876804536,resting,
3,right,2169.261230769231,1789025593708,-0.2632198929786682,9.327555656433104,2.840381860733032,4.96999979019165,-2.799999952316284,0.699999988079071,-0.17454263539884182,resting,
3,right,2169.2708461538464,1789025593708,-0.2201475501060485,9.344305992126465,2.8212387561798096,4.96999979019165,-2.799999952316284,0.699999988079071,-0.17488171535118063,resting,
3,right,2169.2804615384616,1789025593708,-0.2632198929786682,9.344305992126465,2.8547394275665283,4.96999979019165,-2.799999952316284,0.699999988079071,-0.17511248860498993,resting,
3,right,2169.2900769230773,1789025593708,-0.2440766245126724,9.308412551879885,2.8427748680114746,4.96999979019165,-2.799999952316284,0.699999988079071,-0.17570966513960015,resting,
3,right,2169.299692307693,1789025593708,-0.2488624453544616,9.291662216186523,2.8475606441497803,4.96999979019165,-2.799999952316284,0.699999988079071,-0.17644486703809967,resting,
3,right,2169.309307692308,1789025593708,-0.2416837215423584,9.260554313659668,2.8619179725646973,4.96999979019165,-2.799999952316284,0.699999988079071,-0.1774262646275594,resting,
3,right,2169.318,1789025593774,-0.2392908036708831,9.205517768859863,2.804488182067871,1.680000066757202,-2.799999952316284,0.8400000333786011,-0.17891706516010594,resting,
3,right,2169.3276153846155,1789025593774,-0.2751844227313995,9.229446411132812,2.804488182067871,1.680000066757202,-2.799999952316284,0.8400000333786011,-0.1803364743686585,resting,
3,right,2169.337230769231,1789025593774,-0.205790102481842,9.19355297088623,2.806881189346313,1.680000066757202,-2.799999952316284,0.8400000333786011,-0.18209488523770295,resting,
3,right,2169.3468461538464,1789025593774,-0.2751844227313995,9.172017097473145,2.756630182266236,1.680000066757202,-2.799999952316284,0.8400000333786011,-0.18417459545285497,resting,
3,right,2169.3564615384616,1789025593774,-0.2368979007005691,9.138516426086426,2.797309637069702,1.680000066757202,-2.799999952316284,0.8400000333786011,-0.1864566571680026,resting,
3,right,2169.3660769230773,1789025593774,-0.2416837215423584,9.126551628112791,2.768594741821289,1.680000066757202,-2.799999952316284,0.8400000333786011,-0.18892679453626274,resting,
3,right,2169.3756923076926,1789025593774,-0.1962184607982635,9.090658187866213,2.7805593013763428,1.680000066757202,-2.799999952316284,0.8400000333786011,-0.19170265483934035,resting,
3,right,2169.385307692308,1789025593774,-0.2656128108501434,9.155266761779783,2.7805593013763428,1.680000066757202,-2.799999952316284,0.8400000333786011,-0.19386717549630106,resting,
3,right,2169.394,1789025593850,-0.2368979007005691,9.116979598999023,2.811666965484619,0.3499999940395355,-2.799999952316284,0.9800000190734864,-0.19606862871960265,resting,
3,right,2169.403615384615,1789025593850,-0.2895418703556061,9.11458683013916,2.8427748680114746,0.3499999940395355,-2.799999952316284,0.9800000190734864,-0.19842412822732375,resting,
3,right,2169.4132307692307,1789025593850,-0.2368979007005691,9.14808750152588,2.823631525039673,0.3499999940395355,-2.799999952316284,0.9800000190734864,-0.2005371293356671,resting,
3,right,2169.422846153846,1789025593850,-0.2943277060985565,9.150480270385742,2.809274196624756,0.3499999940395355,-2.799999952316284,0.9800000190734864,-0.20265326559893873,resting,
3,right,2169.432461538461,1789025593850,-0.2392908036708831,9.143301963806152,2.799702405929565,0.3499999940395355,-2.799999952316284,0.9800000190734864,-0.2048751209621735,resting,
3,right,2169.442076923077,1789025593850,-0.2560411691665649,9.164837837219238,2.857132196426392,0.3499999940395355,-2.799999952316284,0.9800000190734864,-0.20673199990671157,resting,
3,right,2169.451692307692,1789025593850,-0.2225404530763626,9.191160202026367,2.7853450775146484,0.3499999940395355,-2.799999952316284,0.9800000190734864,-0.20855647778017444,resting,
3,right,2169.4613076923074,1789025593850,-0.1866468340158462,9.22705364227295,2.871489763259888,0.3499999940395355,-2.799999952316284,0.9800000190734864,-0.20981545719933575,resting,
3,right,2169.47,1789025593924,-0.2345049977302551,9.22705364227295,2.814059972763061,2.450000047683716,-3.0799999237060547,1.1200000047683716,-0.21108993683801497,resting,
3,right,2169.479615384615,1789025593924,-0.2225404530763626,9.260554313659668,2.782952070236206,2.450000047683716,-3.0799999237060547,1.1200000047683716,-0.2122806534381777,resting,
3,right,2169.4892307692307,1789025593924,-0.260826975107193,9.25576877593994,2.7925238609313965,2.450000047683716,-3.0799999237060547,1.1200000047683716,-0.2134791182967111,resting,
3,right,2169.498846153846,1789025593924,-0.205790102481842,9.21748161315918,2.790130853652954,2.450000047683716,-3.0799999237060547,1.1200000047683716,-0.2150482062321722,resting,
3,right,2169.508461538461,1789025593924,-0.2225404530763626,9.212696075439451,2.806881189346313,2.450000047683716,-3.0799999237060547,1.1200000047683716,-0.21661028810898403,resting,
3,right,2169.518076923077,1789025593924,-0.2488624453544616,9.25576877593994,2.790130853652954,2.450000047683716,-3.0799999237060547,1.1200000047683716,-0.2178161770300661,resting,
3,right,2169.527692307692,1789025593924,-0.1770751923322677,9.27969741821289,2.7925238609313965,2.450000047683716,-3.0799999237060547,1.1200000047683716,-0.21881010014332972,resting,
3,right,2169.5373076923074,1789025593924,-0.1914326548576355,9.320377349853516,2.7805593013763428,2.450000047683716,-3.0799999237060547,1.1200000047683716,-0.21945908503050554,resting,
3,right,2169.546,1789025594014,-0.1722893863916397,9.284482955932615,2.799702405929565,0.9100000262260436,-3.150000095367432,1.1200000047683716,-0.22029958129636582,resting,
3,right,2169.555615384615,1789025594014,-0.1770751923322677,9.315590858459473,2.787737846374512,0.9100000262260436,-3.150000095367432,1.1200000047683716,-0.22097476154407766,resting,
3,right,2169.5652307692308,1789025594014,-0.1890397369861602,9.294054985046388,2.802095413208008,0.9100000262260436,-3.150000095367432,1.1200000047683716,-0.22180610645020138,resting,
3,right,2169.574846153846,1789025594014,-0.1890397369861602,9.28926944732666,2.790130853652954,0.9100000262260436,-3.150000095367432,1.1200000047683716,-0.22271403395672673,resting,
3,right,2169.5844615384613,1789025594014,-0.208183005452156,9.270126342773438,2.811666965484619,0.9100000262260436,-3.150000095367432,1.1200000047683716,-0.2237342595432009,resting,
3,right,2169.594076923077,1789025594014,-0.2297191768884658,9.243803977966309,2.739879846572876,0.9100000262260436,-3.150000095367432,1.1200000047683716,-0.22519043900081628,resting,
3,right,2169.603692307692,1789025594014,-0.1890397369861602,9.25576877593994,2.7925238609313965,0.9100000262260436,-3.150000095367432,1.1200000047683716,-0.22639836212344522,resting,
3,right,2169.6133076923074,1789025594014,-0.1244312226772308,9.241411209106444,2.802095413208008,0.9100000262260436,-3.150000095367432,1.1200000047683716,-0.2277222102560084,resting,
3,right,2169.622,1789025594089,-0.1076808646321296,9.205517768859863,2.7638089656829834,-0.6299999952316284,-3.430000066757202,1.399999976158142,-0.22931466127975114,resting,
3,right,2169.631615384615,1789025594089,-0.1698964685201645,9.191160202026367,2.7231295108795166,-0.6299999952316284,-3.430000066757202,1.399999976158142,-0.23131061972186978,resting,
3,right,2169.641230769231,1789025594089,-0.1363957673311233,9.191160202026367,2.768594741821289,-0.6299999952316284,-3.430000066757202,1.399999976158142,-0.23318493474952712,resting,
3,right,2169.650846153846,1789025594089,-0.2010042816400528,9.18398094177246,2.7662017345428467,-0.6299999952316284,-3.430000066757202,1.399999976158142,-0.23512153185950235,resting,
3,right,2169.6604615384613,1789025594089,-0.1076808646321296,9.20073127746582,2.7374868392944336,-0.6299999952316284,-3.430000066757202,1.399999976158142,-0.23699575402895284,resting,
3,right,2169.670076923077,1789025594089,-0.1316099464893341,9.20073127746582,2.7279152870178223,-0.6299999952316284,-3.430000066757202,1.399999976158142,-0.23889203046639693,resting,
3,right,2169.679692307692,1789025594089,-0.1459673941135406,9.241411209106444,2.782952070236206,-0.6299999952316284,-3.430000066757202,1.399999976158142,-0.2402592575934605,resting,
3,right,2169.6893076923075,1789025594089,-0.1148595884442329,9.212696075439451,2.7853450775146484,-0.6299999952316284,-3.430000066757202,1.399999976158142,-0.24188736032903632,resting,
3,right,2169.698,1789025594164,-0.1555390208959579,9.212696075439451,2.7853450775146484,1.190000057220459,-3.569999933242798,1.5399999618530271,-0.24335380189322617,resting,
3,right,2169.707615384615,1789025594164,-0.1531461179256439,9.270126342773438,2.759022951126098,1.190000057220459,-3.569999933242798,1.5399999618530271,-0.2445197433313444,resting,
3,right,2169.717230769231,1789025594164,-0.1387886703014373,9.253376007080078,2.7781662940979004,1.190000057220459,-3.569999933242798,1.5399999618530271,-0.24578839039287417,resting,
3,right,2169.726846153846,1789025594164,-0.1124666780233383,9.186373710632324,2.759022951126098,1.190000057220459,-3.569999933242798,1.5399999618530271,-0.24772935585923897,resting,
3,right,2169.7364615384613,1789025594164,-0.12921704351902,9.222268104553224,2.7805593013763428,1.190000057220459,-3.569999933242798,1.5399999618530271,-0.24927733117079903,resting,
3,right,2169.746076923077,1789025594164,-0.1100737750530242,9.231839179992676,2.782952070236206,1.190000057220459,-3.569999933242798,1.5399999618530271,-0.25073216512270946,resting,
3,right,2169.755692307692,1789025594164,-0.0693943351507186,9.229446411132812,2.797309637069702,1.190000057220459,-3.569999933242798,1.5399999618530271,-0.25217215558543266,resting,
3,right,2169.7653076923075,1789025594164,-0.1387886703014373,9.191160202026367,2.730308055877685,1.190000057220459,-3.569999933242798,1.5399999618530271,-0.2541431418904208,resting,
3,right,2169.774,1789025594239,-0.1316099464893341,9.155266761779783,2.7446656227111816,1.2599999904632568,-3.640000104904175,1.6100000143051147,-0.25618707886353514,resting,
3,right,2169.783615384615,1789025594239,-0.0813588723540306,9.152873039245604,2.7709875106811523,1.2599999904632568,-3.640000104904175,1.6100000143051147,-0.25840116780658495,resting,
3,right,2169.793230769231,1789025594239,-0.1746822893619537,9.188767433166504,2.720736503601074,1.2599999904632568,-3.640000104904175,1.6100000143051147,-0.2604134811277128,resting,
3,right,2169.802846153846,1789025594239,-0.1244312226772308,9.155266761779783,2.768594741821289,1.2599999904632568,-3.640000104904175,1.6100000143051147,-0.2626058131950596,resting,
3,right,2169.8124615384613,1789025594239,-0.1005021408200264,9.188767433166504,2.7279152870178223,1.2599999904632568,-3.640000104904175,1.6100000143051147,-0.264603586018704,resting,
3,right,2169.822076923077,1789025594239,-0.1196454018354415,9.21030330657959,2.696807384490967,1.2599999904632568,-3.640000104904175,1.6100000143051147,-0.2664851378125294,resting,
3,right,2169.8316923076923,1789025594239,-0.1124666780233383,9.203125,2.7015931606292725,1.2599999904632568,-3.640000104904175,1.6100000143051147,-0.2684191097725495,resting,
3,right,2169.8413076923075,1789025594239,-0.1411815732717514,9.207910537719728,2.6944146156311035,1.2599999904632568,-3.640000104904175,1.6100000143051147,-0.27032413239369024,resting,
3,right,2169.849,1789025594314,-0.12921704351902,9.265339851379396,2.713557720184326,3.0799999237060547,-3.5,1.399999976158142,-0.2713833033823515,resting,
3,right,2169.8586153846154,1789025594314,-0.181861013174057,9.250982284545898,2.684842824935913,3.0799999237060547,-3.5,1.399999976158142,-0.27290953698502224,resting,
3,right,2169.868230769231,1789025594314,-0.1483602970838546,9.215088844299316,2.699200391769409,3.0799999237060547,-3.5,1.399999976158142,-0.2747316645411967,resting,
3,right,2169.8778461538463,1789025594314,-0.1483602970838546,9.243803977966309,2.677664041519165,3.0799999237060547,-3.5,1.399999976158142,-0.2763458476658414,resting,
3,right,2169.8874615384616,1789025594314,-0.1244312226772308,9.248589515686035,2.7087719440460205,3.0799999237060547,-3.5,1.399999976158142,-0.27783489141382706,resting,
3,right,2169.8970769230773,1789025594314,-0.1387886703014373,9.21748161315918,2.648949146270752,3.0799999237060547,-3.5,1.399999976158142,-0.2797685953415144,resting,
3,right,2169.9066923076925,1789025594314,-0.1005021408200264,9.239018440246582,2.670485496520996,3.0799999237060547,-3.5,1.399999976158142,-0.2814496652715388,resting,
3,right,2169.916307692308,1789025594314,-0.1316099464893341,9.176802635192873,2.692021608352661,3.0799999237060547,-3.5,1.399999976158142,-0.2836433402768102,resting,
3,right,2169.925,1789025594390,-0.102895051240921,9.21030330657959,2.6944146156311035,0.4900000095367431,-3.640000104904175,1.190000057220459,-0.28534281024646724,resting,
3,right,2169.9346153846154,1789025594390,-0.102895051240921,9.157659530639648,2.6752712726593018,0.4900000095367431,-3.640000104904175,1.190000057220459,-0.28775891107281115,resting,
3,right,2169.944230769231,1789025594390,-0.0861446931958198,9.179195404052734,2.6896286010742188,0.4900000095367431,-3.640000104904175,1.190000057220459,-0.28993805848396936,resting,
3,right,2169.9538461538464,1789025594390,-0.0837517827749252,9.181588172912598,2.670485496520996,0.4900000095367431,-3.640000104904175,1.190000057220459,-0.29214585416053807,resting,
3,right,2169.9634615384616,1789025594390,-0.0837517827749252,9.188767433166504,2.6585209369659424,0.4900000095367431,-3.640000104904175,1.190000057220459,-0.29431836109016907,resting,
3,right,2169.9730769230773,1789025594390,-0.0789659693837165,9.179195404052734,2.6465563774108887,0.4900000095367431,-3.640000104904175,1.190000057220459,-0.2966104901001822,resting,
3,right,2169.982692307693,1789025594390,-0.0550368875265121,9.12415885925293,2.622627258300781,0.4900000095367431,-3.640000104904175,1.190000057220459,-0.29947503548472,resting,
3,right,2169.992307692308,1789025594390,-0.033500712364912,9.18398094177246,2.61305570602417,0.4900000095367431,-3.640000104904175,1.190000057220459,-0.30181182581929533,resting,
3,right,2170.002,1789025594465,-0.0598227009177207,9.198338508605955,2.627413034439087,2.940000057220459,-3.640000104904175,0.9800000190734864,-0.30399291117845473,resting,
3,right,2170.011615384615,1789025594465,-0.0765730589628219,9.181588172912598,2.617841482162476,2.940000057220459,-3.640000104904175,0.9800000190734864,-0.3063345462310701,resting,
3,right,2170.021230769231,1789025594465,-0.0478581637144088,9.20073127746582,2.6082699298858643,2.940000057220459,-3.640000104904175,0.9800000190734864,-0.3085250375820669,resting,
3,right,2170.030846153846,1789025594465,-0.0191432647407054,9.267732620239258,2.615448474884033,2.940000057220459,-3.640000104904175,0.9800000190734864,-0.3100771238169746,resting,
3,right,2170.0404615384614,1789025594465,-0.0813588723540306,9.274911880493164,2.5388755798339844,2.940000057220459,-3.640000104904175,0.9800000190734864,-0.3117585560594012,resting,
3,right,2170.050076923077,1789025594465,-0.0813588723540306,9.282090187072754,2.601091146469116,2.940000057220459,-3.640000104904175,0.9800000190734864,-0.3132108017339508,resting,
3,right,2170.0596923076923,1789025594465,-0.06460852175951,9.317984580993652,2.5604116916656494,2.940000057220459,-3.640000104904175,0.9800000190734864,-0.3144357168989776,resting,
3,right,2170.069307692308,1789025594465,-0.0430723465979099,9.29644775390625,2.5628044605255127,2.940000057220459,-3.640000104904175,0.9800000190734864,-0.3158542386506884,resting,
3,right,2170.078,1789025594540,-0.06460852175951,9.310805320739746,2.5101606845855717,2.1700000762939453,-3.3600001335144043,0.8400000333786011,-0.31713587766692436,resting,
3,right,2170.087615384615,1789025594540,-0.067001424729824,9.29644775390625,2.548447132110596,2.1700000762939453,-3.3600001335144043,0.8400000333786011,-0.31858838549131646,resting,
3,right,2170.097230769231,1789025594540,-0.0837517827749252,9.298840522766112,2.572376251220703,2.1700000762939453,-3.3600001335144043,0.8400000333786011,-0.3199559672041983,resting,
3,right,2170.106846153846,1789025594540,-0.0239290818572044,9.30601978302002,2.5340895652771,2.1700000762939453,-3.3600001335144043,0.8400000333786011,-0.3213570629943769,resting,
3,right,2170.1164615384614,1789025594540,-0.0287148971110582,9.267732620239258,2.491017341613769,2.1700000762939453,-3.3600001335144043,0.8400000333786011,-0.32322067438437374,resting,
3,right,2170.126076923077,1789025594540,-0.0765730589628219,9.260554313659668,2.572376251220703,2.1700000762939453,-3.3600001335144043,0.8400000333786011,-0.3249424433099118,resting,
3,right,2170.1356923076924,1789025594540,-0.0885375961661338,9.248589515686035,2.5628044605255127,2.1700000762939453,-3.3600001335144043,0.8400000333786011,-0.3267973839164735,resting,
3,right,2170.145307692308,1789025594540,-0.105287954211235,9.253376007080078,2.5699832439422607,2.1700000762939453,-3.3600001335144043,0.8400000333786011,-0.3285872765760709,resting,
3,right,2170.153,1789025594615,-0.0574297942221164,9.22705364227295,2.572376251220703,-2.240000009536743,-3.289999961853028,0.2800000011920929,-0.3302110508076635,resting,
3,right,2170.162615384615,1789025594615,-0.0837517827749252,9.222268104553224,2.558018684387207,-2.240000009536743,-3.289999961853028,0.2800000011920929,-0.33231885632181324,resting,
3,right,2170.1722307692307,1789025594615,-0.1196454018354415,9.18398094177246,2.5747690200805664,-2.240000009536743,-3.289999961853028,0.2800000011920929,-0.33473387472073945,resting,
3,right,2170.181846153846,1789025594615,-0.1244312226772308,9.169623374938965,2.617841482162476,-2.240000009536743,-3.289999961853028,0.2800000011920929,-0.3371681461331454,resting,
3,right,2170.191461538461,1789025594615,-0.1363957673311233,9.128944396972656,2.6082699298858643,-2.240000009536743,-3.289999961853028,0.2800000011920929,-0.34000044799363377,resting,
3,right,2170.201076923077,1789025594615,-0.0765730589628219,9.172017097473145,2.663306713104248,-2.240000009536743,-3.289999961853028,0.2800000011920929,-0.34229421040524216,resting,
3,right,2170.210692307692,1789025594615,-0.1196454018354415,9.174409866333008,2.5963053703308105,-2.240000009536743,-3.289999961853028,0.2800000011920929,-0.34473615009070524,resting,
3,right,2170.2203076923074,1789025594615,-0.0861446931958198,9.181588172912598,2.579555034637451,-2.240000009536743,-3.289999961853028,0.2800000011920929,-0.34715779163670246,resting,
3,right,2170.229,1789025594692,-0.12921704351902,9.14808750152588,2.536482572555542,0.7699999809265137,-3.220000028610229,0.0700000002980232,-0.34972351259578394,resting,
3,right,2170.238615384615,1789025594692,-0.0981092303991317,9.195945739746094,2.601091146469116,0.7699999809265137,-3.220000028610229,0.0700000002980232,-0.3519524980044336,resting,
3,right,2170.2482307692308,1789025594692,-0.0933234170079231,9.169623374938965,2.579555034637451,0.7699999809265137,-3.220000028610229,0.0700000002980232,-0.35448052746066483,resting,
3,right,2170.257846153846,1789025594692,-0.0885375961661338,9.215088844299316,2.536482572555542,0.7699999809265137,-3.220000028610229,0.0700000002980232,-0.356698543448178,resting,
3,right,2170.267461538461,1789025594692,-0.0837517827749252,9.205517768859863,2.593912363052368,0.7699999809265137,-3.220000028610229,0.0700000002980232,-0.3588557332921821,resting,
3,right,2170.277076923077,1789025594692,-0.1172524988651275,9.191160202026367,2.615448474884033,0.7699999809265137,-3.220000028610229,0.0700000002980232,-0.3610853888113053,resting,
3,right,2170.286692307692,1789025594692,-0.0813588723540306,9.207910537719728,2.555625915527344,0.7699999809265137,-3.220000028610229,0.0700000002980232,-0.3633179251906694,resting,
3,right,2170.2963076923074,1789025594692,-0.1220383122563362,9.248589515686035,2.5604116916656494,0.7699999809265137,-3.220000028610229,0.0700000002980232,-0.3651563657420007,resting,
3,right,2170.305,1789025594766,-0.1268241256475448,9.229446411132812,2.577162027359009,1.3300000429153442,-2.940000057220459,-0.1400000005960464,-0.3669379583323659,resting,
3,right,2170.314615384615,1789025594766,-0.12921704351902,9.246196746826172,2.558018684387207,1.3300000429153442,-2.940000057220459,-0.1400000005960464,-0.3688016240672525,resting,
3,right,2170.324230769231,1789025594766,-0.0813588723540306,9.241411209106444,2.601091146469116,1.3300000429153442,-2.940000057220459,-0.1400000005960464,-0.37060320073822917,resting,
3,right,2170.333846153846,1789025594766,-0.1483602970838546,9.239018440246582,2.577162027359009,1.3300000429153442,-2.940000057220459,-0.1400000005960464,-0.3724798788253955,resting,
3,right,2170.3434615384613,1789025594766,-0.1124666780233383,9.274911880493164,2.605876922607422,1.3300000429153442,-2.940000057220459,-0.1400000005960464,-0.37395362041978797,resting,
3,right,2170.353076923077,1789025594766,-0.1483602970838546,9.2725191116333,2.6034839153289795,1.3300000429153442,-2.940000057220459,-0.1400000005960464,-0.37545037719152435,resting,
3,right,2170.362692307692,1789025594766,-0.1005021408200264,9.298840522766112,2.598698139190674,1.3300000429153442,-2.940000057220459,-0.1400000005960464,-0.376721142464407,resting,
3,right,2170.3723076923075,1789025594766,-0.1268241256475448,9.277304649353027,2.6034839153289795,1.3300000429153442,-2.940000057220459,-0.1400000005960464,-0.37817511517229696,resting,
3,right,2170.382,1789025594851,-0.1100737750530242,9.284482955932615,2.615448474884033,0.0,-2.870000123977661,-0.4900000095367431,-0.3795436929657463,resting,
3,right,2170.3916153846158,1789025594851,-0.1435744911432266,9.298840522766112,2.58673357963562,0.0,-2.870000123977661,-0.4900000095367431,-0.38083842739000767,resting,
3,right,2170.401230769231,1789025594851,-0.1411815732717514,9.284482955932615,2.5891265869140625,0.0,-2.870000123977661,-0.4900000095367431,-0.3822592572285158,resting,
3,right,2170.4108461538463,1789025594851,-0.1268241256475448,9.30601978302002,2.572376251220703,0.0,-2.870000123977661,-0.4900000095367431,-0.3835250271268175,resting,
3,right,2170.420461538461,1789025594851,-0.1148595884442329,9.315590858459473,2.634591817855835,0.0,-2.870000123977661,-0.4900000095367431,-0.3845425183635619,resting,
3,right,2170.430076923077,1789025594851,-0.1387886703014373,9.277304649353027,2.6393775939941406,0.0,-2.870000123977661,-0.4900000095367431,-0.3858979626695828,resting,
3,right,2170.4396923076924,1789025594851,-0.1076808646321296,9.253376007080078,2.6034839153289795,0.0,-2.870000123977661,-0.4900000095367431,-0.38757114745887455,resting,
3,right,2170.449307692308,1789025594851,-0.1124666780233383,9.260554313659668,2.548447132110596,0.0,-2.870000123977661,-0.4900000095367431,-0.38931916813891343,resting,
3,right,2170.457,1789025594915,-0.0741801485419273,9.241411209106444,2.558018684387207,-0.3499999940395355,-2.940000057220459,-0.4900000095367431,-0.3908419604048745,resting,
3,right,2170.466615384615,1789025594915,-0.102895051240921,9.243803977966309,2.58673357963562,-0.3499999940395355,-2.940000057220459,-0.4900000095367431,-0.39264534339617135,resting,
3,right,2170.476230769231,1789025594915,-0.1076808646321296,9.21987533569336,2.572376251220703,-0.3499999940395355,-2.940000057220459,-0.4900000095367431,-0.3947059434830957,resting,
3,right,2170.485846153846,1789025594915,-0.0813588723540306,9.21987533569336,2.541268348693848,-0.3499999940395355,-2.940000057220459,-0.4900000095367431,-0.3968482634694391,resting,
3,right,2170.4954615384613,1789025594915,-0.0909305065870285,9.243803977966309,2.567590475082397,-0.3499999940395355,-2.940000057220459,-0.4900000095367431,-0.3986993849599655,resting,
3,right,2170.505076923077,1789025594915,-0.0933234170079231,9.250982284545898,2.5316967964172363,-0.3499999940395355,-2.940000057220459,-0.4900000095367431,-0.40057482449118614,resting,
3,right,2170.5146923076923,1789025594915,-0.1316099464893341,9.239018440246582,2.548447132110596,-0.3499999940395355,-2.940000057220459,-0.4900000095367431,-0.40251341178181915,resting,
3,right,2170.5243076923075,1789025594915,-0.1627177447080612,9.253376007080078,2.500588893890381,-0.3499999940395355,-2.940000057220459,-0.4900000095367431,-0.40443625402854266,resting,
3,right,2170.533,1789025595005,-0.0909305065870285,9.239018440246582,2.5053746700286865,0.5600000023841858,-2.7300000190734863,-0.3499999940395355,-0.40628988554310075,resting,
3,right,2170.542615384615,1789025595005,-0.1746822893619537,9.239018440246582,2.5628044605255127,0.5600000023841858,-2.7300000190734863,-0.3499999940395355,-0.4081836840812647,resting,
3,right,2170.552230769231,1789025595005,-0.1555390208959579,9.262947082519531,2.591519355773926,0.5600000023841858,-2.7300000190734863,-0.3499999940395355,-0.4097833763968877,resting,
3,right,2170.561846153846,1789025595005,-0.12921704351902,9.258161544799805,2.5891265869140625,0.5600000023841858,-2.7300000190734863,-0.3499999940395355,-0.411435768917341,resting,
3,right,2170.5714615384613,1789025595005,-0.1627177447080612,9.262947082519531,2.577162027359009,0.5600000023841858,-2.7300000190734863,-0.3499999940395355,-0.4130689944831212,resting,
3,right,2170.581076923077,1789025595005,-0.1722893863916397,9.274911880493164,2.5747690200805664,0.5600000023841858,-2.7300000190734863,-0.3499999940395355,-0.41459508327139105,resting,
3,right,2170.5906923076923,1789025595005,-0.1555390208959579,9.25576877593994,2.601091146469116,0.5600000023841858,-2.7300000190734863,-0.3499999940395355,-0.4162324513567464,resting,
3,right,2170.6003076923075,1789025595005,-0.181861013174057,9.29644775390625,2.567590475082397,0.5600000023841858,-2.7300000190734863,-0.3499999940395355,-0.41757440880446467,resting,
3,right,2170.609,1789025595065,-0.1938255578279495,9.282090187072754,2.5699832439422607,-0.699999988079071,-2.799999952316284,-0.3499999940395355,-0.4188995680136528,resting,
3,right,2170.618615384615,1789025595065,-0.181861013174057,9.30601978302002,2.5963053703308105,-0.699999988079071,-2.799999952316284,-0.3499999940395355,-0.42007766039233224,resting,
3,right,2170.628230769231,1789025595065,-0.2201475501060485,9.274911880493164,2.579555034637451,-0.699999988079071,-2.799999952316284,-0.3499999940395355,-0.42157889819063427,resting,
3,right,2170.637846153846,1789025595065,-0.1962184607982635,9.277304649353027,2.567590475082397,-0.699999988079071,-2.799999952316284,-0.3499999940395355,-0.4230927302858102,resting,
3,right,2170.6474615384614,1789025595065,-0.181861013174057,9.29644775390625,2.5819478034973145,-0.699999988079071,-2.799999952316284,-0.3499999940395355,-0.42439442076842276,resting,
3,right,2170.657076923077,1789025595065,-0.1890397369861602,9.28926944732666,2.584340810775757,-0.699999988079071,-2.799999952316284,-0.3499999940395355,-0.4257544735395269,resting,
3,right,2170.6666923076923,1789025595065,-0.184253916144371,9.277304649353027,2.5819478034973145,-0.699999988079071,-2.799999952316284,-0.3499999940395355,-0.4272316953213024,resting,
3,right,2170.6763076923075,1789025595065,-0.2033971846103668,9.28926944732666,2.601091146469116,-0.699999988079071,-2.799999952316284,-0.3499999940395355,-0.4285443817987734,resting,
3,right,2170.685,1789025595139,-0.1890397369861602,9.282090187072754,2.5819478034973145,0.2800000011920929,-2.799999952316284,-0.2100000083446502,-0.4298377620463004,resting,
3,right,2170.694615384615,1789025595139,-0.205790102481842,9.267732620239258,2.627413034439087,0.2800000011920929,-2.799999952316284,-0.2100000083446502,-0.4312799699938777,resting,
3,right,2170.704230769231,1789025595139,-0.1483602970838546,9.262947082519531,2.598698139190674,0.2800000011920929,-2.799999952316284,-0.2100000083446502,-0.43285035133570227,resting,
3,right,2170.713846153846,1789025595139,-0.1722893863916397,9.2725191116333,2.622627258300781,0.2800000011920929,-2.799999952316284,-0.2100000083446502,-0.43426503523486853,resting,
3,right,2170.7234615384614,1789025595139,-0.1627177447080612,9.267732620239258,2.58673357963562,0.2800000011920929,-2.799999952316284,-0.2100000083446502,-0.43581814380619294,resting,
3,right,2170.733076923077,1789025595139,-0.1914326548576355,9.239018440246582,2.5819478034973145,0.2800000011920929,-2.799999952316284,-0.2100000083446502,-0.4376435637630696,resting,
3,right,2170.7426923076923,1789025595139,-0.2105759084224701,9.260554313659668,2.550840139389038,0.2800000011920929,-2.799999952316284,-0.2100000083446502,-0.43934523043237667,resting,
3,right,2170.752307692308,1789025595139,-0.1962184607982635,9.294054985046388,2.529303789138794,0.2800000011920929,-2.799999952316284,-0.2100000083446502,-0.4407934990911242,resting,
3,right,2170.76,1789025595215,-0.1938255578279495,9.29644775390625,2.58673357963562,1.2599999904632568,-2.870000123977661,0.0,-0.44181651275369294,resting,
3,right,2170.7696153846155,1789025595215,-0.1938255578279495,9.298840522766112,2.565197467803955,1.2599999904632568,-2.870000123977661,0.0,-0.4431277370380045,resting,
3,right,2170.779230769231,1789025595215,-0.1914326548576355,9.282090187072754,2.5316967964172363,1.2599999904632568,-2.870000123977661,0.0,-0.44467925396154906,resting,
3,right,2170.7888461538464,1789025595215,-0.2440766245126724,9.286876678466797,2.5460541248321533,1.2599999904632568,-2.870000123977661,0.0,-0.44613839646167636,resting,
3,right,2170.7984615384617,1789025595215,-0.181861013174057,9.310805320739746,2.5628044605255127,1.2599999904632568,-2.870000123977661,0.0,-0.4473451131230413,resting,
3,right,2170.8080769230774,1789025595215,-0.2225404530763626,9.310805320739746,2.555625915527344,1.2599999904632568,-2.870000123977661,0.0,-0.4485613823726846,resting,
3,right,2170.8176923076926,1789025595215,-0.1962184607982635,9.320377349853516,2.579555034637451,1.2599999904632568,-2.870000123977661,0.0,-0.4496327660001629,resting,
3,right,2170.827307692308,1789025595215,-0.1962184607982635,9.29644775390625,2.572376251220703,1.2599999904632568,-2.870000123977661,0.0,-0.4509435601676971,resting,
3,right,2170.837,1789025595304,-0.2105759084224701,9.317984580993652,2.558018684387207,-0.0700000002980232,-3.009999990463257,0.0700000002980232,-0.45209718367817514,resting,
3,right,2170.8466153846152,1789025595304,-0.1890397369861602,9.28926944732666,2.5340895652771,-0.0700000002980232,-3.009999990463257,0.0700000002980232,-0.4535722215096228,resting,
3,right,2170.856230769231,1789025595304,-0.1890397369861602,9.294054985046388,2.5747690200805664,-0.0700000002980232,-3.009999990463257,0.0700000002980232,-0.45489861044628005,resting,
3,right,2170.865846153846,1789025595304,-0.1698964685201645,9.282090187072754,2.5747690200805664,-0.0700000002980232,-3.009999990463257,0.0700000002980232,-0.45633853118865203,resting,
3,right,2170.8754615384614,1789025595304,-0.2010042816400528,9.32277011871338,2.584340810775757,-0.0700000002980232,-3.009999990463257,0.0700000002980232,-0.4573707480639716,resting,
3,right,2170.885076923077,1789025595304,-0.1938255578279495,9.30601978302002,2.58673357963562,-0.0700000002980232,-3.009999990463257,0.0700000002980232,-0.4585528045647019,resting,
3,right,2170.8946923076924,1789025595304,-0.1962184607982635,9.308412551879885,2.5963053703308105,-0.0700000002980232,-3.009999990463257,0.0700000002980232,-0.45968704798292276,resting,
3,right,2170.904307692308,1789025595304,-0.2225404530763626,9.258161544799805,2.550840139389038,-0.0700000002980232,-3.009999990463257,0.0700000002980232,-0.461397619112589,resting,
3,right,2170.913,1789025595400,-0.2345049977302551,9.32277011871338,2.565197467803955,0.0700000002980232,-3.150000095367432,0.2800000011920929,-0.46236658797984603,resting,
3,right,2170.9226153846157,1789025595400,-0.2010042816400528,9.284482955932615,2.572376251220703,0.0700000002980232,-3.150000095367432,0.2800000011920929,-0.4637811250455424,resting,
3,right,2170.932230769231,1789025595400,-0.2488624453544616,9.30601978302002,2.5340895652771,0.0700000002980232,-3.150000095367432,0.2800000011920929,-0.4650835537714851,resting,
3,right,2170.941846153846,1789025595400,-0.2177546322345733,9.270126342773438,2.555625915527344,0.0700000002980232,-3.150000095367432,0.2800000011920929,-0.4666691130578766,resting,
3,right,2170.951461538461,1789025595400,-0.2273262739181518,9.23423194885254,2.514946460723877,0.0700000002980232,-3.150000095367432,0.2800000011920929,-0.4686878147838172,resting,
3,right,2170.961076923077,1789025595400,-0.1938255578279495,9.250982284545898,2.5532329082489014,0.0700000002980232,-3.150000095367432,0.2800000011920929,-0.47046011470581184,resting,
3,right,2170.9706923076924,1789025595400,-0.2321120798587799,9.274911880493164,2.514946460723877,0.0700000002980232,-3.150000095367432,0.2800000011920929,-0.4720990155482339,resting,
3,right,2170.980307692308,1789025595400,-0.2321120798587799,9.241411209106444,2.514946460723877,0.0700000002980232,-3.150000095367432,0.2800000011920929,-0.4740473558342601,resting,
3,right,2170.988,1789025595455,-0.2321120798587799,9.258161544799805,2.4981961250305176,1.9600000381469729,-3.289999961853028,0.4200000166893005,-0.47551487889705907,resting,
3,right,2170.997615384615,1789025595455,-0.208183005452156,9.260554313659668,2.4694812297821045,1.9600000381469729,-3.289999961853028,0.4200000166893005,-0.4774032159431779,resting,
3,right,2171.007230769231,1789025595455,-0.2345049977302551,9.284482955932615,2.488624334335327,1.9600000381469729,-3.289999961853028,0.4200000166893005,-0.47901484702648905,resting,
3,right,2171.016846153846,1789025595455,-0.2751844227313995,9.286876678466797,2.486231565475464,1.9600000381469729,-3.289999961853028,0.4200000166893005,-0.4805995027814599,resting,
3,right,2171.0264615384613,1789025595455,-0.2273262739181518,9.265339851379396,2.522125244140625,1.9600000381469729,-3.289999961853028,0.4200000166893005,-0.48230543270388265,resting,
3,right,2171.036076923077,1789025595455,-0.2512553632259369,9.250982284545898,2.5053746700286865,1.9600000381469729,-3.289999961853028,0.4200000166893005,-0.48417962160914685,resting,
3,right,2171.045692307692,1789025595455,-0.2177546322345733,9.277304649353027,2.5197322368621826,1.9600000381469729,-3.289999961853028,0.4200000166893005,-0.4857806249854689,resting,
3,right,2171.0553076923075,1789025595455,-0.260826975107193,9.277304649353027,2.5125534534454346,1.9600000381469729,-3.289999961853028,0.4200000166893005,-0.4873886198401743,resting,
3,right,2171.064,1789025595546,-0.2512553632259369,9.265339851379396,2.577162027359009,0.4200000166893005,-3.150000095367432,0.3499999940395355,-0.4887969867866591,resting,
3,right,2171.073615384615,1789025595546,-0.2871489822864532,9.284482955932615,2.54366135597229,0.4200000166893005,-3.150000095367432,0.3499999940395355,-0.49025164224629836,resting,
3,right,2171.083230769231,1789025595546,-0.2440766245126724,9.2725191116333,2.4981961250305176,0.4200000166893005,-3.150000095367432,0.3499999940395355,-0.491942030888682,resting,
3,right,2171.092846153846,1789025595546,-0.2680056989192962,9.320377349853516,2.5197322368621826,0.4200000166893005,-3.150000095367432,0.3499999940395355,-0.49312757853496825,resting,
3,right,2171.1024615384613,1789025595546,-0.2536482512950897,9.298840522766112,2.5388755798339844,0.4200000166893005,-3.150000095367432,0.3499999940395355,-0.4944678212004394,resting,
3,right,2171.112076923077,1789025595546,-0.2297191768884658,9.308412551879885,2.4981961250305176,0.4200000166893005,-3.150000095367432,0.3499999940395355,-0.4958267268682425,resting,
3,right,2171.121692307692,1789025595546,-0.2632198929786682,9.31319808959961,2.5628044605255127,0.4200000166893005,-3.150000095367432,0.3499999940395355,-0.4969699048124465,resting,
3,right,2171.1313076923075,1789025595546,-0.2488624453544616,9.315590858459473,2.522125244140625,0.4200000166893005,-3.150000095367432,0.3499999940395355,-0.49819635794827916,resting,
3,right,2171.14,1789025595605,-0.2368979007005691,9.329948425292969,2.457516670227051,1.399999976158142,-3.220000028610229,0.3499999940395355,-0.49933252104789494,resting,
3,right,2171.149615384615,1789025595605,-0.2392908036708831,9.308412551879885,2.507767677307129,1.399999976158142,-3.220000028610229,0.3499999940395355,-0.5006627141282481,resting,
3,right,2171.159230769231,1789025595605,-0.2464695274829864,9.298840522766112,2.483838558197021,1.399999976158142,-3.220000028610229,0.3499999940395355,-0.5021389771809127,resting,
3,right,2171.168846153846,1789025595605,-0.2560411691665649,9.277304649353027,2.47426700592041,1.399999976158142,-3.220000028610229,0.3499999940395355,-0.5038357005487398,resting,
3,right,2171.1784615384613,1789025595605,-0.2297191768884658,9.258161544799805,2.500588893890381,1.399999976158142,-3.220000028610229,0.3499999940395355,-0.505650294712173,resting,
3,right,2171.188076923077,1789025595605,-0.2177546322345733,9.23423194885254,2.507767677307129,1.399999976158142,-3.220000028610229,0.3499999940395355,-0.5076706822480466,resting,
3,right,2171.1976923076923,1789025595605,-0.2033971846103668,9.23423194885254,2.493410348892212,1.399999976158142,-3.220000028610229,0.3499999940395355,-0.5097289132482334,resting,
3,right,2171.2073076923075,1789025595605,-0.260826975107193,9.224660873413086,2.5125534534454346,1.399999976158142,-3.220000028610229,0.3499999940395355,-0.5118142501044632,resting,
3,right,2171.216,1789025595679,-0.2416837215423584,9.27969741821289,2.500588893890381,0.4900000095367431,-3.430000066757202,0.2800000011920929,-0.5132679014021033,resting,
3,right,2171.225615384615,1789025595679,-0.2321120798587799,9.25576877593994,2.493410348892212,0.4900000095367431,-3.430000066757202,0.2800000011920929,-0.5151174464887697,resting,
3,right,2171.235230769231,1789025595679,-0.2225404530763626,9.250982284545898,2.4981961250305176,0.4900000095367431,-3.430000066757202,0.2800000011920929,-0.5170006079396507,resting,
3,right,2171.244846153846,1789025595679,-0.260826975107193,9.239018440246582,2.529303789138794,0.4900000095367431,-3.430000066757202,0.2800000011920929,-0.518906664035257,resting,
3,right,2171.2544615384613,1789025595679,-0.2368979007005691,9.25576877593994,2.4479448795318604,0.4900000095367431,-3.430000066757202,0.2800000011920929,-0.5208661046219227,resting,
3,right,2171.264076923077,1789025595679,-0.2560411691665649,9.23662567138672,2.5316967964172363,0.4900000095367431,-3.430000066757202,0.2800000011920929,-0.52278755735545,resting,
3,right,2171.2736923076923,1789025595679,-0.1986113786697387,9.265339851379396,2.5101606845855717,0.4900000095367431,-3.430000066757202,0.2800000011920929,-0.5245090862738594,resting,
3,right,2171.2833076923075,1789025595679,-0.2297191768884658,9.241411209106444,2.481445789337158,0.4900000095367431,-3.430000066757202,0.2800000011920929,-0.5265168090312302,resting,
3,right,2171.292,1789025595757,-0.2512553632259369,9.258161544799805,2.476659774780273,0.1400000005960464,-3.5,0.2800000011920929,-0.5281966658963883,resting,
3,right,2171.301615384615,1789025595757,-0.1914326548576355,9.301233291625977,2.424015998840332,0.1400000005960464,-3.5,0.2800000011920929,-0.5297984230919831,resting,
3,right,2171.311230769231,1789025595757,-0.205790102481842,9.29644775390625,2.5101606845855717,0.1400000005960464,-3.5,0.2800000011920929,-0.5312265246601816,resting,
3,right,2171.320846153846,1789025595757,-0.2464695274829864,9.320377349853516,2.4981961250305176,0.1400000005960464,-3.5,0.2800000011920929,-0.5324526014362131,resting,
3,right,2171.3304615384613,1789025595757,-0.2249333560466766,9.258161544799805,2.514946460723877,0.1400000005960464,-3.5,0.2800000011920929,-0.5342183871341243,resting,
3,right,2171.340076923077,1789025595757,-0.1770751923322677,9.353878021240234,2.4981961250305176,0.1400000005960464,-3.5,0.2800000011920929,-0.5351472464744841,resting,
3,right,2171.3496923076923,1789025595757,-0.184253916144371,9.325162887573242,2.483838558197021,0.1400000005960464,-3.5,0.2800000011920929,-0.5363759937220998,resting,
3,right,2171.3593076923075,1789025595757,-0.1914326548576355,9.28926944732666,2.4694812297821045,0.1400000005960464,-3.5,0.2800000011920929,-0.5379714446575733,resting,
3,right,2171.368,1789025595831,-0.260826975107193,9.332341194152832,2.476659774780273,1.1200000047683716,-3.569999933242798,0.3499999940395355,-0.5390227229080763,resting,
3,right,2171.377615384615,1789025595831,-0.2010042816400528,9.317984580993652,2.5101606845855717,1.1200000047683716,-3.569999933242798,0.3499999940395355,-0.5402476384073869,resting,
3,right,2171.387230769231,1789025595831,-0.2392908036708831,9.353878021240234,2.481445789337158,1.1200000047683716,-3.569999933242798,0.3499999940395355,-0.5412017617476493,resting,
3,right,2171.396846153846,1789025595831,-0.2297191768884658,9.349091529846191,2.4479448795318604,1.1200000047683716,-3.569999933242798,0.3499999940395355,-0.5422842204442344,resting,
3,right,2171.4064615384614,1789025595831,-0.2416837215423584,9.361056327819824,2.491017341613769,1.1200000047683716,-3.569999933242798,0.3499999940395355,-0.543146306985122,resting,
3,right,2171.416076923077,1789025595831,-0.1914326548576355,9.332341194152832,2.476659774780273,1.1200000047683716,-3.569999933242798,0.3499999940395355,-0.5443209550847395,resting,
3,right,2171.4256923076923,1789025595831,-0.1938255578279495,9.317984580993652,2.5125534534454346,1.1200000047683716,-3.569999933242798,0.3499999940395355,-0.5455390097075836,resting,
3,right,2171.435307692308,1789025595831,-0.1627177447080612,9.341913223266602,2.495803117752075,1.1200000047683716,-3.569999933242798,0.3499999940395355,-0.5465813985058332,resting,
3,right,2171.444,1789025595953,-0.1770751923322677,9.270126342773438,2.507767677307129,-1.4700000286102295,-3.569999933242798,0.4200000166893005,-0.5480963851528318,resting,
3,right,2171.453615384615,1789025595953,-0.1722893863916397,9.27969741821289,2.507767677307129,-1.4700000286102295,-3.569999933242798,0.4200000166893005,-0.5496832751732444,resting,
3,right,2171.463230769231,1789025595953,-0.2153617292642593,9.229446411132812,2.5245180130004883,-1.4700000286102295,-3.569999933242798,0.4200000166893005,-0.5516855195683308,resting,
3,right,2171.472846153846,1789025595953,-0.1962184607982635,9.250982284545898,2.471873998641968,-1.4700000286102295,-3.569999933242798,0.4200000166893005,-0.5536226285826464,resting,
3,right,2171.4824615384614,1789025595953,-0.1986113786697387,9.22705364227295,2.5316967964172363,-1.4700000286102295,-3.569999933242798,0.4200000166893005,-0.5556299686788454,resting,
3,right,2171.492076923077,1789025595953,-0.1866468340158462,9.260554313659668,2.495803117752075,-1.4700000286102295,-3.569999933242798,0.4200000166893005,-0.5574182481994535,resting,
3,right,2171.5016923076923,1789025595953,-0.1962184607982635,9.246196746826172,2.493410348892212,-1.4700000286102295,-3.569999933242798,0.4200000166893005,-0.5593429750032168,resting,
3,right,2171.511307692308,1789025595953,-0.205790102481842,9.239018440246582,2.464695453643799,-1.4700000286102295,-3.569999933242798,0.4200000166893005,-0.5614031134442157,resting,
3,right,2171.52,1789025595981,-0.1746822893619537,9.246196746826172,2.467088222503662,0.8400000333786011,-3.5,0.5600000023841858,-0.5632043495960888,resting,
3,right,2171.529615384615,1789025595981,-0.2010042816400528,9.27969741821289,2.431194543838501,0.8400000333786011,-3.5,0.5600000023841858,-0.5649685856694596,resting,
3,right,2171.539230769231,1789025595981,-0.1722893863916397,9.267732620239258,2.479052782058716,0.8400000333786011,-3.5,0.5600000023841858,-0.5667300411330539,resting,
3,right,2171.548846153846,1789025595981,-0.2368979007005691,9.291662216186523,2.491017341613769,0.8400000333786011,-3.5,0.5600000023841858,-0.5682267476676572,resting,
3,right,2171.5584615384614,1789025595981,-0.1962184607982635,9.282090187072754,2.476659774780273,0.8400000333786011,-3.5,0.5600000023841858,-0.5698548935663865,resting,
3,right,2171.568076923077,1789025595981,-0.2201475501060485,9.229446411132812,2.500588893890381,0.8400000333786011,-3.5,0.5600000023841858,-0.5719065990275037,resting,
3,right,2171.5776923076924,1789025595981,-0.2368979007005691,9.253376007080078,2.5053746700286865,0.8400000333786011,-3.5,0.5600000023841858,-0.5737194006243059,resting,
3,right,2171.587307692308,1789025595981,-0.1794681102037429,9.253376007080078,2.4694812297821045,0.8400000333786011,-3.5,0.5600000023841858,-0.5756325549753777,resting,
3,right,2171.595,1789025596055,-0.2225404530763626,9.277304649353027,2.471873998641968,0.3499999940395355,-3.430000066757202,0.4900000095367431,-0.5769730520078878,resting,
3,right,2171.604615384615,1789025596055,-0.2321120798587799,9.277304649353027,2.4431591033935547,0.3499999940395355,-3.430000066757202,0.4900000095367431,-0.5787165778318534,resting,
3,right,2171.6142307692307,1789025596055,-0.2321120798587799,9.303627014160156,2.445552110671997,0.3499999940395355,-3.430000066757202,0.4900000095367431,-0.5802086018036309,resting,
3,right,2171.623846153846,1789025596055,-0.2321120798587799,9.317984580993652,2.471873998641968,0.3499999940395355,-3.430000066757202,0.4900000095367431,-0.581501814330856,resting,
3,right,2171.633461538461,1789025596055,-0.1962184607982635,9.310805320739746,2.438373327255249,0.3499999940395355,-3.430000066757202,0.4900000095367431,-0.5829512409970722,resting,
3,right,2171.643076923077,1789025596055,-0.1986113786697387,9.315590858459473,2.486231565475464,0.3499999940395355,-3.430000066757202,0.4900000095367431,-0.5842372000985411,resting,
3,right,2171.652692307692,1789025596055,-0.2033971846103668,9.317984580993652,2.479052782058716,0.3499999940395355,-3.430000066757202,0.4900000095367431,-0.585517030584502,resting,
3,right,2171.6623076923074,1789025596055,-0.260826975107193,9.327555656433104,2.4407663345336914,0.3499999940395355,-3.430000066757202,0.4900000095367431,-0.5867898475340172,resting,
3,right,2171.672,1789025596131,-0.2345049977302551,9.310805320739746,2.4503378868103027,0.4200000166893005,-3.289999961853028,0.4900000095367431,-0.5882103491950705,resting,
3,right,2171.6816153846157,1789025596131,-0.2177546322345733,9.315590858459473,2.373764753341675,0.4200000166893005,-3.289999961853028,0.4900000095367431,-0.589765079215835,resting,
3,right,2171.691230769231,1789025596131,-0.205790102481842,9.315590858459473,2.390515089035034,0.4200000166893005,-3.289999961853028,0.4900000095367431,-0.591280006814365,resting,
3,right,2171.700846153846,1789025596131,-0.2010042816400528,9.303627014160156,2.402479648590088,0.4200000166893005,-3.289999961853028,0.4900000095367431,-0.5928770325544218,resting,
3,right,2171.710461538461,1789025596131,-0.1962184607982635,9.30601978302002,2.392908096313477,0.4200000166893005,-3.289999961853028,0.4900000095367431,-0.5944748755049987,resting,
3,right,2171.720076923077,1789025596131,-0.2488624453544616,9.25576877593994,2.3450498580932617,0.4200000166893005,-3.289999961853028,0.4900000095367431,-0.5966431698111803,resting,
3,right,2171.7296923076924,1789025596131,-0.2273262739181518,9.262947082519531,2.3570144176483154,0.4200000166893005,-3.289999961853028,0.4900000095367431,-0.5987191184143573,resting,
3,right,2171.739307692308,1789025596131,-0.2632198929786682,9.267732620239258,2.3857293128967285,0.4200000166893005,-3.289999961853028,0.4900000095367431,-0.6006727336594655,resting,
3,right,2171.748,1789025596205,-0.2321120798587799,9.243803977966309,2.4407663345336914,-2.1700000762939453,-3.5,0.2800000011920929,-0.6025263049692023,resting,
3,right,2171.7576153846157,1789025596205,-0.208183005452156,9.265339851379396,2.431194543838501,-2.1700000762939453,-3.5,0.2800000011920929,-0.6044031966076848,resting,
3,right,2171.767230769231,1789025596205,-0.2225404530763626,9.265339851379396,2.431194543838501,-2.1700000762939453,-3.5,0.2800000011920929,-0.6062757671978953,resting,
3,right,2171.7768461538462,1789025596205,-0.2033971846103668,9.23662567138672,2.514946460723877,-2.1700000762939453,-3.5,0.2800000011920929,-0.6082133304094282,resting,
3,right,2171.786461538461,1789025596205,-0.208183005452156,9.250982284545898,2.565197467803955,-2.1700000762939453,-3.5,0.2800000011920929,-0.6098905403713898,resting,
3,right,2171.796076923077,1789025596205,-0.1651106625795364,9.250982284545898,2.579555034637451,-2.1700000762939453,-3.5,0.2800000011920929,-0.6115386088329414,resting,
3,right,2171.8056923076924,1789025596205,-0.2129688262939453,9.2725191116333,2.5316967964172363,-2.1700000762939453,-3.5,0.2800000011920929,-0.613094084886859,resting,
3,right,2171.815307692308,1789025596205,-0.2010042816400528,9.207910537719728,2.5197322368621826,-2.1700000762939453,-3.5,0.2800000011920929,-0.6152800789002596,resting,
3,right,2171.824,1789025596280,-0.2368979007005691,9.248589515686035,2.5125534534454346,-0.9100000262260436,-3.569999933242798,0.2100000083446502,-0.6169236591962375,resting,
3,right,2171.8336153846158,1789025596280,-0.2321120798587799,9.222268104553224,2.5029819011688232,-0.9100000262260436,-3.569999933242798,0.2100000083446502,-0.6190099830882426,resting,
3,right,2171.843230769231,1789025596280,-0.1986113786697387,9.262947082519531,2.536482572555542,-0.9100000262260436,-3.569999933242798,0.2100000083446502,-0.6206410209858814,resting,
3,right,2171.8528461538463,1789025596280,-0.184253916144371,9.20073127746582,2.467088222503662,-0.9100000262260436,-3.569999933242798,0.2100000083446502,-0.6230258954699539,resting,
3,right,2171.862461538461,1789025596280,-0.2177546322345733,9.222268104553224,2.476659774780273,-0.9100000262260436,-3.569999933242798,0.2100000083446502,-0.6251786104035925,resting,
3,right,2171.872076923077,1789025596280,-0.2129688262939453,9.260554313659668,2.500588893890381,-0.9100000262260436,-3.569999933242798,0.2100000083446502,-0.6269162110050748,resting,
3,right,2171.8816923076924,1789025596280,-0.1770751923322677,9.21030330657959,2.486231565475464,-0.9100000262260436,-3.569999933242798,0.2100000083446502,-0.6291623074791792,resting,
3,right,2171.891307692308,1789025596280,-0.208183005452156,9.222268104553224,2.51733922958374,-0.9100000262260436,-3.569999933242798,0.2100000083446502,-0.6312119410563035,resting,
3,right,2171.899,1789025596371,-0.1938255578279495,9.243803977966309,2.476659774780273,0.8400000333786011,-3.430000066757202,0.1400000005960464,-0.632775224087737,resting,
3,right,2171.908615384615,1789025596371,-0.1651106625795364,9.207910537719728,2.445552110671997,0.8400000333786011,-3.430000066757202,0.1400000005960464,-0.6351442499583022,resting,
3,right,2171.918230769231,1789025596371,-0.1627177447080612,9.21748161315918,2.471873998641968,0.8400000333786011,-3.430000066757202,0.1400000005960464,-0.6373578684858764,resting,
3,right,2171.927846153846,1789025596371,-0.1866468340158462,9.215088844299316,2.4000868797302246,0.8400000333786011,-3.430000066757202,0.1400000005960464,-0.6397663586237529,resting,
3,right,2171.9374615384613,1789025596371,-0.1914326548576355,9.243803977966309,2.402479648590088,0.8400000333786011,-3.430000066757202,0.1400000005960464,-0.6418995284107507,resting,
3,right,2171.947076923077,1789025596371,-0.1986113786697387,9.262947082519531,2.395301103591919,0.8400000333786011,-3.430000066757202,0.1400000005960464,-0.6438694867976882,resting,
3,right,2171.9566923076923,1789025596371,-0.2464695274829864,9.19355297088623,2.4048726558685303,0.8400000333786011,-3.430000066757202,0.1400000005960464,-0.6464503143361989,resting,
3,right,2171.9663076923075,1789025596371,-0.1866468340158462,9.22705364227295,2.383336544036865,0.8400000333786011,-3.430000066757202,0.1400000005960464,-0.6487822497266981,resting,
3,right,2171.975,1789025596430,-0.2249333560466766,9.23662567138672,2.4288017749786377,1.8899999856948853,-3.220000028610229,0.2100000083446502,-0.6507021680633469,resting,
3,right,2171.984615384615,1789025596430,-0.1651106625795364,9.174409866333008,2.4072654247283936,1.8899999856948853,-3.220000028610229,0.2100000083446502,-0.65346730117143,resting,
3,right,2171.994230769231,1789025596430,-0.2033971846103668,9.179195404052734,2.376157760620117,1.8899999856948853,-3.220000028610229,0.2100000083446502,-0.6562548586963851,resting,
3,right,2172.003846153846,1789025596430,-0.1866468340158462,9.215088844299316,2.361800193786621,1.8899999856948853,-3.220000028610229,0.2100000083446502,-0.6587448043025892,resting,
3,right,2172.0134615384613,1789025596430,-0.184253916144371,9.174409866333008,2.3235137462615967,1.8899999856948853,-3.220000028610229,0.2100000083446502,-0.6617038733676497,resting,
3,right,2172.023076923077,1789025596430,-0.1962184607982635,9.317984580993652,2.242154836654663,1.8899999856948853,-3.220000028610229,0.2100000083446502,-0.6635150014987837,resting,
3,right,2172.0326923076923,1789025596430,-0.1220383122563362,9.274911880493164,2.227797508239746,1.8899999856948853,-3.220000028610229,0.2100000083446502,-0.6657718346659143,resting,
3,right,2172.0423076923075,1789025596430,-0.1603248417377472,9.298840522766112,2.158403158187866,1.8899999856948853,-3.220000028610229,0.2100000083446502,-0.6679584179344469,resting,
3,right,2172.051,1789025596565,-0.1507532149553299,9.274911880493164,2.1392598152160645,1.190000057220459,-3.5,0.0700000002980232,-0.6701756284760209,resting,
3,right,2172.060615384615,1789025596565,-0.1148595884442329,9.231839179992676,2.1249024868011475,1.190000057220459,-3.5,0.0700000002980232,-0.6730655247807016,resting,
3,right,2172.070230769231,1789025596565,-0.12921704351902,9.248589515686035,2.115330696105957,1.190000057220459,-3.5,0.0700000002980232,-0.6758149200074351,resting,
3,right,2172.079846153846,1789025596565,-0.1459673941135406,9.174409866333008,2.0914015769958496,1.190000057220459,-3.5,0.0700000002980232,-0.6793049958838816,resting,
3,right,2172.0894615384614,1789025596565,-0.1627177447080612,9.0978364944458,2.0818300247192383,1.190000057220459,-3.5,0.0700000002980232,-0.6835252990140227,resting,
3,right,2172.099076923077,1789025596565,-0.1220383122563362,9.102622032165527,2.1655819416046143,1.190000057220459,-3.5,0.0700000002980232,-0.6875144845622793,resting,
3,right,2172.1086923076923,1789025596565,-0.1794681102037429,9.078693389892578,2.115330696105957,1.190000057220459,-3.5,0.0700000002980232,-0.6918289360761666,resting,
3,right,2172.118307692308,1789025596565,-0.184253916144371,9.057157516479492,2.1536173820495605,1.190000057220459,-3.5,0.0700000002980232,-0.6962554364897164,resting,
3,right,2172.128,1789025596595,-0.1794681102037429,9.066728591918944,2.19668960571289,-10.56999969482422,-3.7799999713897705,-0.5600000023841858,-0.700528329139296,resting,
3,right,2172.1376153846154,1789025596595,-0.1459673941135406,9.105015754699709,2.2301902770996094,-10.56999969482422,-3.7799999713897705,-0.5600000023841858,-0.7043372477009122,resting,
3,right,2172.147230769231,1789025596595,-0.1722893863916397,9.078693389892578,2.242154836654663,-10.56999969482422,-3.7799999713897705,-0.5600000023841858,-0.7083581997956184,resting,
3,right,2172.1568461538463,1789025596595,-0.1938255578279495,9.03562068939209,2.156010150909424,-10.56999969482422,-3.7799999713897705,-0.5600000023841858,-0.7129750105442408,resting,
3,right,2172.1664615384616,1789025596595,-0.2129688262939453,8.961441040039062,2.21343994140625,-10.56999969482422,-3.7799999713897705,-0.5600000023841858,-0.718144351130615,resting,
3,right,2172.1760769230773,1789025596595,-0.1890397369861602,8.963833808898926,2.2301902770996094,-10.56999969482422,-3.7799999713897705,-0.5600000023841858,-0.7232544910520842,resting,
3,right,2172.1856923076925,1789025596595,-0.1627177447080612,8.820259094238281,2.263690948486328,-10.56999969482422,-3.7799999713897705,-0.5600000023841858,-0.7296260557416149,resting,
3,right,2172.195307692308,1789025596595,-0.205790102481842,8.738900184631348,2.2732627391815186,-10.56999969482422,-3.7799999713897705,-0.5600000023841858,-0.7367201657469381,resting,
3,right,2172.203,1789025596671,-0.1770751923322677,8.679078102111816,2.2373690605163574,-18.82999992370605,-4.269999980926514,-0.8400000333786011,-0.7429121669629313,resting,
3,right,2172.212615384615,1789025596671,-0.2464695274829864,8.571396827697754,2.263690948486328,-18.82999992370605,-4.269999980926514,-0.8400000333786011,-0.7515714101754056,resting,
3,right,2172.222230769231,1789025596671,-0.2225404530763626,8.49003791809082,2.3067634105682373,-18.82999992370605,-4.269999980926514,-0.8400000333786011,-0.760879256294768,resting,
3,right,2172.231846153846,1789025596671,-0.2392908036708831,8.396714210510254,2.3354783058166504,-18.82999992370605,-4.269999980926514,-0.8400000333786011,-0.7709705969302688,resting,
3,right,2172.2414615384614,1789025596671,-0.2345049977302551,8.327320098876953,2.3498356342315674,-18.82999992370605,-4.269999980926514,-0.8400000333786011,-0.7816625241374767,resting,
3,right,2172.251076923077,1789025596671,-0.2010042816400528,8.226818084716797,2.354621648788452,-18.82999992370605,-4.269999980926514,-0.8400000333786011,-0.7932729613282341,resting,
3,right,2172.2606923076924,1789025596671,-0.2297191768884658,8.190924644470215,2.3450498580932617,-18.82999992370605,-4.269999980926514,-0.8400000333786011,-0.8052278925897259,descending,
3,right,2172.270307692308,1789025596671,-0.2225404530763626,8.088028907775879,2.390515089035034,-18.82999992370605,-4.269999980926514,-0.8400000333786011,-0.8180059934636554,descending,
3,right,2172.279,1789025596745,-0.2249333560466766,8.066493034362793,2.4431591033935547,-25.76000022888184,-4.480000019073486,-1.190000057220459,-0.8296002855952008,descending,
3,right,2172.2886153846152,1789025596745,-0.2129688262939453,7.92531156539917,2.491017341613769,-25.76000022888184,-4.480000019073486,-1.190000057220459,-0.8435853299478867,descending,
3,right,2172.298230769231,1789025596745,-0.1770751923322677,7.820023536682129,2.4407663345336914,-25.76000022888184,-4.480000019073486,-1.190000057220459,-0.8586791016116107,descending,
3,right,2172.307846153846,1789025596745,-0.181861013174057,7.724307537078857,2.507767677307129,-25.76000022888184,-4.480000019073486,-1.190000057220459,-0.8744469901297918,descending,
3,right,2172.317461538461,1789025596745,-0.1914326548576355,7.559196472167969,2.548447132110596,-25.76000022888184,-4.480000019073486,-1.190000057220459,-0.8915921852235182,descending,
3,right,2172.327076923077,1789025596745,-0.208183005452156,7.468266010284424,2.536482572555542,-25.76000022888184,-4.480000019073486,-1.190000057220459,-0.9095869087756058,descending,
3,right,2172.3366923076924,1789025596745,-0.1675035655498504,7.315120220184326,2.5891265869140625,-25.76000022888184,-4.480000019073486,-1.190000057220459,-0.9288131437216303,descending,
3,right,2172.346307692308,1789025596745,-0.1866468340158462,7.236154079437256,2.5197322368621826,-25.76000022888184,-4.480000019073486,-1.190000057220459,-0.9489543771963616,descending,
3,right,2172.355,1789025596821,-0.1938255578279495,7.193081855773926,2.5340895652771,-31.63999938964844,-4.829999923706055,-1.190000057220459,-0.9674639670897901,descending,
3,right,2172.3646153846157,1789025596821,-0.2177546322345733,7.104544162750244,2.6082699298858643,-31.63999938964844,-4.829999923706055,-1.190000057220459,-0.9884853745835658,descending,
3,right,2172.374230769231,1789025596821,-0.1746822893619537,7.075829029083252,2.641770601272583,-31.63999938964844,-4.829999923706055,-1.190000057220459,-1.0096530689043879,descending,
3,right,2172.383846153846,1789025596821,-0.2201475501060485,7.011220932006836,2.670485496520996,-31.63999938964844,-4.829999923706055,-1.190000057220459,-1.031283237282354,descending,
3,right,2172.393461538461,1789025596821,-0.2249333560466766,7.044721603393555,2.6800570487976074,-31.63999938964844,-4.829999923706055,-1.190000057220459,-1.0525662025865594,descending,
3,right,2172.403076923077,1789025596821,-0.184253916144371,6.95379114151001,2.782952070236206,-31.63999938964844,-4.829999923706055,-1.190000057220459,-1.0743074221509492,descending,
3,right,2172.4126923076924,1789025596821,-0.2129688262939453,6.949005126953125,2.7853450775146484,-31.63999938964844,-4.829999923706055,-1.190000057220459,-1.0960619113475163,descending,
3,right,2172.422307692308,1789025596821,-0.2392908036708831,6.898754119873047,2.7662017345428467,-31.63999938964844,-4.829999923706055,-1.190000057220459,-1.1183148684750512,descending,
3,right,2172.431,1789025596895,-0.2033971846103668,6.929862022399902,2.799702405929565,-30.380001068115234,-5.179999828338623,-1.399999976158142,-1.138072627229945,descending,
3,right,2172.4406153846157,1789025596895,-0.2105759084224701,6.937040328979492,2.830810308456421,-30.380001068115234,-5.179999828338623,-1.399999976158142,-1.1597399297369242,descending,
3,right,2172.450230769231,1789025596895,-0.2345049977302551,6.949005126953125,2.8475606441497803,-30.380001068115234,-5.179999828338623,-1.399999976158142,-1.1812240860898413,descending,
3,right,2172.4598461538462,1789025596895,-0.2512553632259369,6.915504455566406,2.837989091873169,-30.380001068115234,-5.179999828338623,-1.399999976158142,-1.2030279669786075,descending,
3,right,2172.469461538461,1789025596895,-0.260826975107193,6.9609694480896,2.9265265464782715,-30.380001068115234,-5.179999828338623,-1.399999976158142,-1.2240858422625618,descending,
3,right,2172.479076923077,1789025596895,-0.2560411691665649,6.915504455566406,3.027028799057007,-30.380001068115234,-5.179999828338623,-1.399999976158142,-1.2451539815436905,descending,
3,right,2172.4886923076924,1789025596895,-0.2967205941677093,6.992077350616455,3.105994701385498,-30.380001068115234,-5.179999828338623,-1.399999976158142,-1.2652200508607387,descending,
3,right,2172.498307692308,1789025596895,-0.3206496834754944,7.080615043640137,3.350071430206299,-30.380001068115234,-5.179999828338623,-1.399999976158142,-1.2835302522568888,descending,
3,right,2172.507,1789025596969,-0.3661149442195892,7.228975296020508,3.4936459064483643,-31.989999771118164,-4.690000057220459,-1.8200000524520876,-1.298365033509792,descending,
3,right,2172.5166153846158,1789025596969,-0.3469716608524322,7.334263324737549,3.512789011001587,-31.989999771118164,-4.690000057220459,-1.8200000524520876,-1.3137701718627932,descending,
3,right,2172.526230769231,1789025596969,-0.3445787727832794,7.56158971786499,3.591755151748657,-31.989999771118164,-4.690000057220459,-1.8200000524520876,-1.326867003353146,descending,
3,right,2172.5358461538463,1789025596969,-0.3326142132282257,7.753022193908691,3.6994359493255615,-31.989999771118164,-4.690000057220459,-1.8200000524520876,-1.337857321842575,descending,
3,right,2172.545461538461,1789025596969,-0.3326142132282257,7.877453327178955,3.7784018516540527,-31.989999771118164,-4.690000057220459,-1.8200000524520876,-1.3474378980198123,descending,
3,right,2172.555076923077,1789025596969,-0.3110780417919159,7.989920139312744,3.850189208984375,-31.989999771118164,-4.690000057220459,-1.8200000524520876,-1.3557507418445807,descending,
3,right,2172.5646923076924,1789025596969,-0.3015064299106598,8.104779243469238,3.886082649230957,-31.989999771118164,-4.690000057220459,-1.8200000524520876,-1.3629252816489343,descending,
3,right,2172.574307692308,1789025596969,-0.3254354894161224,8.147851943969727,4.0224785804748535,-31.989999771118164,-4.690000057220459,-1.8200000524520876,-1.3691358402180411,descending,
3,right,2172.583,1789025597045,-0.3421858549118042,8.152637481689453,4.161267280578613,-24.780000686645508,-4.340000152587891,-1.2599999904632568,-1.374162736044736,descending,
3,right,2172.592615384616,1789025597045,-0.3924369215965271,8.078457832336426,4.242626190185547,-24.780000686645508,-4.340000152587891,-1.2599999904632568,-1.379978672074088,descending,
3,right,2172.602230769231,1789025597045,-0.4091872870922088,8.114351272583008,4.357485771179199,-24.780000686645508,-4.340000152587891,-1.2599999904632568,-1.3849666930279758,descending,
3,right,2172.6118461538463,1789025597045,-0.4067943692207336,8.16699504852295,4.446023464202881,-24.780000686645508,-4.340000152587891,-1.2599999904632568,-1.3891039467043675,descending,
3,right,2172.621461538461,1789025597045,-0.4235447347164154,8.109565734863281,4.496274471282959,-24.780000686645508,-4.340000152587891,-1.2599999904632568,-1.3934862026265828,descending,
3,right,2172.631076923077,1789025597045,-0.4307234585285187,8.06410026550293,4.527381896972656,-24.780000686645508,-4.340000152587891,-1.2599999904632568,-1.398098846526828,descending,
3,right,2172.6406923076925,1789025597045,-0.44268798828125,7.9994916915893555,4.496274471282959,-24.780000686645508,-4.340000152587891,-1.2599999904632568,-1.403386831357968,descending,
3,right,2172.650307692308,1789025597045,-0.3972227573394775,7.961205005645752,4.50584602355957,-24.780000686645508,-4.340000152587891,-1.2599999904632568,-1.4089628083404158,descending,
3,right,2172.659,1789025597120,-0.368507832288742,8.009063720703125,4.587204933166504,-21.0,-4.619999885559082,-0.6299999952316284,-1.413300916823752,descending,
3,right,2172.668615384616,1789025597120,-0.3780794739723205,7.977955818176269,4.709243297576904,-21.0,-4.619999885559082,-0.6299999952316284,-1.4177701753683396,descending,
3,right,2172.678230769231,1789025597120,-0.3541503846645355,7.906168460845947,4.716422080993652,-21.0,-4.619999885559082,-0.6299999952316284,-1.4228034573880994,descending,
3,right,2172.6878461538463,1789025597120,-0.3804723918437958,7.891810894012451,4.807352542877197,-21.0,-4.619999885559082,-0.6299999952316284,-1.4274977830118847,descending,
3,right,2172.697461538461,1789025597120,-0.4020085632801056,7.939669132232666,4.936569213867188,-21.0,-4.619999885559082,-0.6299999952316284,-1.431147659446505,descending,
3,right,2172.707076923077,1789025597120,-0.4115802049636841,7.898989677429199,4.919818878173828,-21.0,-4.619999885559082,-0.6299999952316284,-1.435201253832555,descending,
3,right,2172.7166923076925,1789025597120,-0.3972227573394775,7.9013824462890625,4.967677116394043,-21.0,-4.619999885559082,-0.6299999952316284,-1.4389937695566704,descending,
3,right,2172.726307692308,1789025597120,-0.368507832288742,7.820023536682129,4.926997661590576,-21.0,-4.619999885559082,-0.6299999952316284,-1.4436589311683337,descending,
3,right,2172.735,1789025597210,-0.3541503846645355,7.8726677894592285,4.850424766540527,-14.279999732971191,-4.96999979019165,-0.5600000023841858,-1.447835976528996,descending,
3,right,2172.744615384616,1789025597210,-0.3517574965953827,7.887024879455566,4.771458625793457,-14.279999732971191,-4.96999979019165,-0.5600000023841858,-1.45273676391385,descending,
3,right,2172.754230769231,1789025597210,-0.2512553632259369,7.858310222625732,4.850424766540527,-14.279999732971191,-4.96999979019165,-0.5600000023841858,-1.4575059063514373,descending,
3,right,2172.7638461538463,1789025597210,-0.2703986167907715,7.808059215545654,4.919818878173828,-14.279999732971191,-4.96999979019165,-0.5600000023841858,-1.4623223220878907,descending,
3,right,2172.7734615384616,1789025597210,-0.2656128108501434,7.812844753265381,4.864782333374023,-14.279999732971191,-4.96999979019165,-0.5600000023841858,-1.4673793858402524,descending,
3,right,2172.7830769230773,1789025597210,-0.2584340870380401,7.764986991882324,4.771458625793457,-14.279999732971191,-4.96999979019165,-0.5600000023841858,-1.4733031611135692,descending,
3,right,2172.7926923076925,1789025597210,-0.2775773406028747,7.755414962768555,4.893496990203857,-14.279999732971191,-4.96999979019165,-0.5600000023841858,-1.4786716756585128,descending,
3,right,2172.802307692308,1789025597210,-0.284756064414978,7.705163955688477,5.096894264221191,-14.279999732971191,-4.96999979019165,-0.5600000023841858,-1.4833900684663064,descending,
3,right,2172.81,1789025597270,-0.3062922358512878,7.695592403411865,5.106465816497803,-14.699999809265137,-4.96999979019165,-0.699999988079071,-1.4871775092917445,descending,
3,right,2172.819615384615,1789025597270,-0.3493645787239074,7.8463454246521,5.065786361694336,-14.699999809265137,-4.96999979019165,-0.699999988079071,-1.4908911689378213,descending,
3,right,2172.829230769231,1789025597270,-0.368507832288742,7.841559886932373,5.065786361694336,-14.699999809265137,-4.96999979019165,-0.699999988079071,-1.4946354197965495,descending,
3,right,2172.838846153846,1789025597270,-0.2895418703556061,7.867881774902344,5.099287033081055,-14.699999809265137,-4.96999979019165,-0.699999988079071,-1.4980150853113272,descending,
3,right,2172.8484615384614,1789025597270,-0.2488624453544616,7.90856122970581,5.063393592834473,-14.699999809265137,-4.96999979019165,-0.699999988079071,0,resting,
3,right,2172.858076923077,1789025597270,-0.3254354894161224,8.066493034362793,5.1471452713012695,-14.699999809265137,-4.96999979019165,-0.699999988079071,-0.0022412120382907224,resting,
3,right,2172.8676923076923,1789025597270,-0.2632198929786682,8.190924644470215,5.22611141204834,-14.699999809265137,-4.96999979019165,-0.699999988079071,-0.003084947079515243,resting,
3,right,2172.877307692308,1789025597270,-0.2416837215423584,8.30817699432373,5.381650447845459,-14.699999809265137,-4.96999979019165,-0.699999988079071,-0.002172514373470801,resting,
3,right,2172.886,1789025597345,-0.2368979007005691,8.41107177734375,5.398400783538818,-9.9399995803833,-4.690000057220459,-1.1200000047683716,-0.000523077762022675,resting,
3,right,2172.895615384615,1789025597345,-0.2392908036708831,8.475680351257324,5.417543888092041,-9.9399995803833,-4.690000057220459,-1.1200000047683716,0.001920533097241423,resting,
3,right,2172.905230769231,1789025597345,-0.1770751923322677,8.509181022644043,5.479759693145752,-9.9399995803833,-4.690000057220459,-1.1200000047683716,0.004945453111426407,resting,
3,right,2172.914846153846,1789025597345,-0.12921704351902,8.588147163391113,5.491724014282227,-9.9399995803833,-4.690000057220459,-1.1200000047683716,0.008654472727772868,resting,
3,right,2172.9244615384614,1789025597345,-0.0622156113386154,8.549860954284668,5.463009357452393,-9.9399995803833,-4.690000057220459,-1.1200000047683716,0.01188886188489186,resting,
3,right,2172.934076923077,1789025597345,-0.0263219885528087,8.461322784423828,5.482152462005615,-9.9399995803833,-4.690000057220459,-1.1200000047683716,0.014508782565546751,resting,
3,right,2172.9436923076923,1789025597345,-0.016750356182456,8.365606307983398,5.343363761901856,-9.9399995803833,-4.690000057220459,-1.1200000047683716,0.015623630206353732,resting,
3,right,2172.953307692308,1789025597345,0.0550368875265121,8.353642463684082,5.312255859375,-9.9399995803833,-4.690000057220459,-1.1200000047683716,0.01646606135891229,resting,
3,right,2172.963,1789025597420,0.1148595884442329,8.346463203430176,5.506081581115723,-19.600000381469727,-5.389999866485596,-0.4900000095367431,0.01829122768972217,resting,
3,right,2172.9726153846154,1789025597420,0.1220383122563362,8.272283554077148,5.649655818939209,-19.600000381469727,-5.389999866485596,-0.4900000095367431,0.02028355574071206,resting,
3,right,2172.982230769231,1789025597420,0.1387886703014373,8.231603622436523,5.647263050079346,-19.600000381469727,-5.389999866485596,-0.4900000095367431,0.02194353569272614,resting,
3,right,2172.9918461538464,1789025597420,0.1794681102037429,8.33449935913086,5.75494384765625,-19.600000381469727,-5.389999866485596,-0.4900000095367431,0.025006058084671306,resting,
3,right,2173.0014615384616,1789025597420,0.2153617292642593,8.437394142150879,5.898518562316895,-19.600000381469727,-5.389999866485596,-0.4900000095367431,0.02966907347320867,resting,
3,right,2173.0110769230773,1789025597420,0.2416837215423584,8.573789596557617,5.984663009643555,-19.600000381469727,-5.389999866485596,-0.4900000095367431,0.03588476660634163,resting,
3,right,2173.020692307693,1789025597420,0.2871489822864532,8.643183708190918,6.006199359893799,-19.600000381469727,-5.389999866485596,-0.4900000095367431,0.04276741871474366,resting,
3,right,2173.030307692308,1789025597420,0.3493645787239074,8.628826141357422,5.896125316619873,-19.600000381469727,-5.389999866485596,-0.4900000095367431,0.048928892161825936,resting,
3,right,2173.038,1789025597494,0.4020085632801056,8.595325469970703,5.752551078796387,-15.890000343322754,-5.809999942779541,0.3499999940395355,0.05301152689127127,resting,
3,right,2173.0476153846157,1789025597494,0.4379021823406219,8.56900405883789,5.6807637214660645,-15.890000343322754,-5.809999942779541,0.3499999940395355,0.05751076118317949,resting,
3,right,2173.057230769231,1789025597494,0.4259376525878906,8.58575439453125,5.6951212882995605,-15.890000343322754,-5.809999942779541,0.3499999940395355,0.06222026501517965,resting,
3,right,2173.066846153846,1789025597494,0.4235447347164154,8.430214881896973,5.745372295379639,-15.890000343322754,-5.809999942779541,0.3499999940395355,0.06599379063661703,resting,
3,right,2173.076461538461,1789025597494,0.4067943692207336,8.269890785217285,5.836302757263184,-15.890000343322754,-5.809999942779541,0.3499999940395355,0.06902513043136023,resting,
3,right,2173.086076923077,1789025597494,0.3517574965953827,8.088028907775879,5.953555107116699,-15.890000343322754,-5.809999942779541,0.3499999940395355,0.07129604515513656,resting,
3,right,2173.0956923076924,1789025597494,0.2967205941677093,7.898989677429199,6.077986717224121,-15.890000343322754,-5.809999942779541,0.3499999940395355,0.07280134274471191,resting,
3,right,2173.105307692308,1789025597494,0.1914326548576355,7.843952655792236,6.068414688110352,-15.890000343322754,-5.809999942779541,0.3499999940395355,0.0738203705691035,resting,
3,right,2173.114,1789025597591,0.0981092303991317,7.9013824462890625,6.063629150390625,-22.61000061035156,-5.809999942779541,0.1400000005960464,0.07511281322219605,resting,
3,right,2173.1236153846157,1789025597591,0.0119645409286022,7.889418125152588,6.185667514801025,-22.61000061035156,-5.809999942779541,0.1400000005960464,0.07714819130787165,resting,
3,right,2173.133230769231,1789025597591,-0.0837517827749252,7.800880432128906,6.209596633911133,-22.61000061035156,-5.809999942779541,0.1400000005960464,0.0786397220121801,resting,
3,right,2173.142846153846,1789025597591,-0.1794681102037429,7.853524208068848,6.180881500244141,-22.61000061035156,-5.809999942779541,0.1400000005960464,0.08036227820951775,resting,
3,right,2173.152461538461,1789025597591,-0.2703986167907715,7.9994916915893555,6.190453052520752,-22.61000061035156,-5.809999942779541,0.1400000005960464,0.08324669097882906,resting,
3,right,2173.162076923077,1789025597591,-0.4235447347164154,8.011456489562988,6.161738395690918,-22.61000061035156,-5.809999942779541,0.1400000005960464,0.08603843693851282,resting,
3,right,2173.1716923076924,1789025597591,-0.4761887192726135,8.013849258422852,6.23352575302124,-22.61000061035156,-5.809999942779541,0.1400000005960464,0.08927161890365197,resting,
3,right,2173.181307692308,1789025597591,-0.5814766883850098,7.891810894012451,6.307705879211426,-22.61000061035156,-5.809999942779541,0.1400000005960464,0.09202189698365848,resting,
3,right,2173.19,1789025597645,-0.6724071502685547,7.927704334259033,6.374707221984863,-15.68000030517578,-4.550000190734863,-0.3499999940395355,0.09511615745842723,resting,
3,right,2173.1996153846158,1789025597645,-0.6843717098236084,7.954026699066162,6.499138355255127,-15.68000030517578,-4.550000190734863,-0.3499999940395355,0.09949295594523197,resting,
3,right,2173.209230769231,1789025597645,-0.7633376717567444,7.918132781982422,6.546996593475342,-15.68000030517578,-4.550000190734863,-0.3499999940395355,0.10389678255482841,resting,
3,right,2173.2188461538462,1789025597645,-0.7729093432426453,7.954026699066162,6.472816467285156,-15.68000030517578,-4.550000190734863,-0.3499999940395355,0.10813183566554535,resting,
3,right,2173.228461538461,1789025597645,-0.7394086122512817,8.018634796142578,6.4464945793151855,-15.68000030517578,-4.550000190734863,-0.3499999940395355,0.11269858049627314,resting,
3,right,2173.238076923077,1789025597645,-0.7370156645774841,8.013849258422852,6.410600662231445,-15.68000030517578,-4.550000190734863,-0.3499999940395355,0.11701776321289795,resting,
3,right,2173.2476923076924,1789025597645,-0.6867645978927612,8.068885803222656,6.539817810058594,-15.68000030517578,-4.550000190734863,-0.3499999940395355,0.12253899654626074,resting,
3,right,2173.257307692308,1789025597645,-0.6604426503181458,8.085636138916016,6.642713069915772,-15.68000030517578,-4.550000190734863,-0.3499999940395355,0.12881840791442745,resting,
3,right,2173.266,1789025597735,-0.6149773597717285,8.099993705749512,6.604426383972168,-10.5,-2.870000123977661,-0.9800000190734864,0.13438234458489903,resting,
3,right,2173.275615384616,1789025597735,-0.5766908526420593,8.16699504852295,6.67621374130249,-10.5,-2.870000123977661,-0.9800000190734864,0.1414760338189181,resting,
3,right,2173.285230769231,1789025597735,-0.5001177787780762,7.942061901092529,6.755179405212402,-10.5,-2.870000123977661,-0.9800000190734864,0.14739434720014102,resting,
3,right,2173.2948461538463,1789025597735,-0.4355092644691467,7.994706153869629,6.9609694480896,-10.5,-2.870000123977661,-0.9800000190734864,0.154971158852552,resting,
3,right,2173.304461538461,1789025597735,-0.4115802049636841,8.028206825256348,7.293583869934082,-10.5,-2.870000123977661,-0.9800000190734864,0.16485948322518734,resting,
3,right,2173.314076923077,1789025597735,-0.3996156454086303,8.195710182189941,7.341442108154297,-10.5,-2.870000123977661,-0.9800000190734864,0.17627926365590993,resting,
3,right,2173.3236923076925,1789025597735,-0.3661149442195892,8.339284896850586,7.3534064292907715,-10.5,-2.870000123977661,-0.9800000190734864,0.18882312037828214,resting,
3,right,2173.333307692308,1789025597735,-0.3517574965953827,8.42782211303711,7.513731479644775,-10.5,-2.870000123977661,-0.9800000190734864,0.2030155632294695,resting,
3,right,2173.341,1789025597809,-0.4331163763999939,8.595325469970703,7.726700305938721,-8.399999618530273,-1.8899999856948853,-1.399999976158142,0.2164234838689142,ascending,1
3,right,2173.350615384615,1789025597809,-0.4450809061527252,8.714971542358398,7.83916711807251,-8.399999618530273,-1.8899999856948853,-1.399999976158142,0.23476224025110673,ascending,1
3,right,2173.360230769231,1789025597809,-0.4642241597175598,8.877689361572266,7.918132781982422,-8.399999618530273,-1.8899999856948853,-1.399999976158142,0.2547802239518491,ascending,1
3,right,2173.369846153846,1789025597809,-0.5072965025901794,9.152873039245604,8.155031204223633,-8.399999618530273,-1.8899999856948853,-1.399999976158142,0.2782916855522346,ascending,1
3,right,2173.3794615384613,1789025597809,-0.5455830693244934,9.325162887573242,8.463715553283691,-8.399999618530273,-1.8899999856948853,-1.399999976158142,0.3050077627297703,ascending,1
3,right,2173.389076923077,1789025597809,-0.5120823383331299,9.44480800628662,8.703006744384766,-8.399999618530273,-1.8899999856948853,-1.399999976158142,0.3340908493988232,ascending,1
3,right,2173.3986923076923,1789025597809,-0.5503688454627991,9.696063995361328,8.889653205871582,-8.399999618530273,-1.8899999856948853,-1.399999976158142,0.3661671172393736,ascending,1
3,right,2173.4083076923075,1789025597809,-0.5264397859573364,10.035856246948242,9.057157516479492,-8.399999618530273,-1.8899999856948853,-1.399999976158142,0.40173602665339814,ascending,1
3,right,2173.418,1789025597897,-0.5072965025901794,10.236861228942873,9.23423194885254,-7.559999942779541,-1.3300000429153442,-1.5399999618530271,0.4401642710348104,ascending,1
3,right,2173.427615384616,1789025597897,-0.509689450263977,10.52879524230957,9.406521797180176,-7.559999942779541,-1.3300000429153442,-1.5399999618530271,0.4814656676766332,ascending,1
3,right,2173.437230769231,1789025597897,-0.3852581977844238,10.942769050598145,9.590775489807127,-7.559999942779541,-1.3300000429153442,-1.5399999618530271,0.5268677688091667,ascending,1
3,right,2173.4468461538463,1789025597897,-0.3661149442195892,11.40699291229248,9.624276161193848,-7.559999942779541,-1.3300000429153442,-1.5399999618530271,0.5757767419805452,ascending,1
3,right,2173.4564615384616,1789025597897,-0.339792937040329,11.785072326660156,9.483095169067385,-7.559999942779541,-1.3300000429153442,-1.5399999618530271,0.6264441468960388,ascending,1
3,right,2173.4660769230773,1789025597897,-0.2727915346622467,12.081792831420898,9.40173625946045,-7.559999942779541,-1.3300000429153442,-1.5399999618530271,0.6786569281153669,ascending,1
3,right,2173.4756923076925,1789025597897,-0.2584340870380401,12.203831672668455,9.53334617614746,-7.559999942779541,-1.3300000429153442,-1.5399999618530271,0.7325460455704936,ascending,1
3,right,2173.485307692308,1789025597897,-0.2153617292642593,12.172723770141602,9.698456764221191,-7.559999942779541,-1.3300000429153442,-1.5399999618530271,0.7872315064268353,ascending,1
3,right,2173.494,1789025597960,-0.2297191768884658,12.11768627166748,9.74870777130127,1.75,-1.680000066757202,0.699999988079071,0.8365896152970618,ascending,1
3,right,2173.5036153846154,1789025597960,-0.205790102481842,12.079400062561035,9.6697416305542,1.75,-1.680000066757202,0.699999988079071,0.890379189816826,ascending,1
3,right,2173.513230769231,1789025597960,-0.1698964685201645,12.093757629394531,9.703242301940918,1.75,-1.680000066757202,0.699999988079071,0.944457438231993,ascending,1
3,right,2173.5228461538463,1789025597960,-0.1387886703014373,12.007613182067873,9.703242301940918,1.75,-1.680000066757202,0.699999988079071,0.9978931311429377,ascending,1
3,right,2173.5324615384616,1789025597960,-0.0574297942221164,12.088972091674805,9.65299129486084,1.75,-1.680000066757202,0.699999988079071,1.0515471567789956,ascending,1
3,right,2173.5420769230773,1789025597960,-0.0813588723540306,12.146401405334473,9.526166915893556,1.75,-1.680000066757202,0.699999988079071,1.1047751499343579,ascending,1
3,right,2173.5516923076925,1789025597960,-0.1100737750530242,12.187081336975098,9.38498592376709,1.75,-1.680000066757202,0.699999988079071,1.1573668358383618,ascending,1
3,right,2173.561307692308,1789025597960,-0.0550368875265121,12.232545852661133,9.339520454406738,1.75,-1.680000066757202,0.699999988079071,1.2099590386949,ascending,1
3,right,2173.57,1789025598036,-0.1148595884442329,12.03154182434082,9.344305992126465,4.340000152587891,-2.1700000762939453,2.450000047683716,1.2562299620339974,ascending,1
3,right,2173.5796153846154,1789025598036,-0.1483602970838546,11.765929222106934,9.40173625946045,4.340000152587891,-2.1700000762939453,2.450000047683716,1.3058763733471532,ascending,1
3,right,2173.589230769231,1789025598036,-0.1890397369861602,11.50270938873291,9.36584186553955,4.340000152587891,-2.1700000762939453,2.450000047683716,1.3534003948717461,ascending,1
3,right,2173.5988461538464,1789025598036,-0.2297191768884658,11.253847122192385,9.246196746826172,4.340000152587891,-2.1700000762939453,2.450000047683716,1.3983654306889144,ascending,1
3,right,2173.6084615384616,1789025598036,-0.208183005452156,10.928411483764648,9.174409866333008,4.340000152587891,-2.1700000762939453,2.450000047683716,1.4405208987719864,ascending,1
3,right,2173.6180769230773,1789025598036,-0.2512553632259369,10.557510375976562,9.150480270385742,4.340000152587891,-2.1700000762939453,2.450000047683716,1.4798562532892987,ascending,1
3,right,2173.6276923076925,1789025598036,-0.2512553632259369,10.258397102355955,9.090658187866213,4.340000152587891,-2.1700000762939453,2.450000047683716,1.516647667167278,ascending,1
3,right,2173.637307692308,1789025598036,-0.2512553632259369,10.031070709228516,8.920761108398438,4.340000152587891,-2.1700000762939453,2.450000047683716,1.5507044377006176,ascending,1
3,right,2173.645,1789025598139,-0.2368979007005691,9.765458106994627,8.6096830368042,-6.789999961853027,-3.009999990463257,3.009999990463257,1.5748208310148,ascending,1
3,right,2173.654615384615,1789025598139,-0.2967205941677093,9.538131713867188,8.298604965209961,-6.789999961853027,-3.009999990463257,3.009999990463257,1.601338878411675,ascending,1
3,right,2173.664230769231,1789025598139,-0.2871489822864532,9.29644775390625,8.078457832336426,-6.789999961853027,-3.009999990463257,3.009999990463257,1.6247020309150857,ascending,1
3,right,2173.673846153846,1789025598139,-0.2751844227313995,9.023656845092772,8.021027565002441,-6.789999961853027,-3.009999990463257,3.009999990463257,1.6457306319074334,ascending,1
3,right,2173.6834615384614,1789025598139,-0.3230426013469696,8.765222549438477,7.915740013122559,-6.789999961853027,-3.009999990463257,3.009999990463257,1.6642325593084921,ascending,1
3,right,2173.693076923077,1789025598139,-0.3182567656040191,8.49721622467041,7.779344081878662,-6.789999961853027,-3.009999990463257,3.009999990463257,1.6799357870113318,ascending,1
3,right,2173.7026923076924,1789025598139,-0.3493645787239074,8.430214881896973,7.741057872772217,-6.789999961853027,-3.009999990463257,3.009999990463257,1.6949148806674057,ascending,1
3,right,2173.712307692308,1789025598139,-0.4163660109043121,8.413464546203613,7.906168460845947,-6.789999961853027,-3.009999990463257,3.009999990463257,1.7108491226837887,ascending,1
3,right,2173.721,1789025598185,-0.4235447347164154,8.33449935913086,8.078457832336426,-3.640000104904175,-1.5399999618530271,2.450000047683716,1.7257546564322208,ascending,1
3,right,2173.7306153846152,1789025598185,-0.4474738240242004,8.320141792297363,8.169387817382812,-3.640000104904175,-1.5399999618530271,2.450000047683716,1.7427352968258873,ascending,1
3,right,2173.740230769231,1789025598185,-0.4833674430847168,8.23878288269043,8.298604965209961,-3.640000104904175,-1.5399999618530271,2.450000047683716,1.7599881990010497,ascending,1
3,right,2173.749846153846,1789025598185,-0.4307234585285187,8.296212196350098,8.470894813537598,-3.640000104904175,-1.5399999618530271,2.450000047683716,1.7787629406440615,ascending,1
3,right,2173.759461538461,1789025598185,-0.4020085632801056,8.40389347076416,8.509181022644043,-3.640000104904175,-1.5399999618530271,2.450000047683716,1.7985437666836055,ascending,1
3,right,2173.769076923077,1789025598185,-0.2775773406028747,8.58575439453125,8.463715553283691,-3.640000104904175,-1.5399999618530271,2.450000047683716,1.8192831709192592,ascending,1
3,right,2173.7786923076924,1789025598185,-0.205790102481842,8.82983112335205,8.382356643676758,-3.640000104904175,-1.5399999618530271,2.450000047683716,1.841184071313116,ascending,1
3,right,2173.788307692308,1789025598185,-0.1627177447080612,8.848974227905273,8.214853286743164,-3.640000104904175,-1.5399999618530271,2.450000047683716,1.8621020659297,ascending,1
3,right,2173.798,1789025598260,-0.0789659693837165,8.781972885131836,7.954026699066162,30.239999771118164,0.6299999952316284,3.0799999237060547,1.8809751058013517,ascending,1
3,right,2173.807615384615,1789025598260,-0.0239290818572044,8.633612632751465,7.8032732009887695,30.239999771118164,0.6299999952316284,3.0799999237060547,1.8976586535514208,ascending,1
3,right,2173.8172307692307,1789025598260,0.0023929080925881,8.528324127197266,7.707557201385498,30.239999771118164,0.6299999952316284,3.0799999237060547,1.9129672668708606,ascending,1
3,right,2173.826846153846,1789025598260,0.0239290818572044,8.382356643676758,7.504159927368164,30.239999771118164,0.6299999952316284,3.0799999237060547,1.92591874680683,ascending,1
3,right,2173.836461538461,1789025598260,0.0191432647407054,8.329712867736816,7.169152736663818,30.239999771118164,0.6299999952316284,3.0799999237060547,1.9363553034441245,ascending,1
3,right,2173.846076923077,1789025598260,-0.0239290818572044,8.255533218383789,6.905932903289795,30.239999771118164,0.6299999952316284,3.0799999237060547,1.9445989319995312,ascending,1
3,right,2173.855692307692,1789025598260,-0.0765730589628219,8.231603622436523,6.714499950408936,30.239999771118164,0.6299999952316284,3.0799999237060547,1.9514808847288376,ascending,1
3,right,2173.8653076923074,1789025598260,-0.1483602970838546,8.250746726989746,6.422565460205078,30.239999771118164,0.6299999952316284,3.0799999237060547,1.9567074053710032,ascending,1
3,right,2173.874,1789025598336,-0.1914326548576355,8.22203254699707,6.164131164550781,38.220001220703125,1.680000066757202,2.5199999809265137,1.9598278234863018,ascending,1
3,right,2173.883615384615,1789025598336,-0.2584340870380401,8.15981674194336,5.915268898010254,38.220001220703125,1.680000066757202,2.5199999809265137,1.9613410902704076,ascending,1
3,right,2173.8932307692307,1789025598336,-0.339792937040329,8.195710182189941,5.83390998840332,38.220001220703125,1.680000066757202,2.5199999809265137,1.962680151187229,ascending,1
3,right,2173.902846153846,1789025598336,-0.4115802049636841,8.140673637390137,5.707085609436035,38.220001220703125,1.680000066757202,2.5199999809265137,1.962896099154384,ascending,1
3,right,2173.912461538461,1789025598336,-0.4857603311538696,7.992312908172607,5.565904140472412,38.220001220703125,1.680000066757202,2.5199999809265137,1.9612029947525027,ascending,1
3,right,2173.922076923077,1789025598336,-0.5168681740760803,7.774558544158935,5.460616111755371,38.220001220703125,1.680000066757202,2.5199999809265137,1.957278161521691,ascending,1
3,right,2173.931692307692,1789025598336,-0.5814766883850098,7.676449298858643,5.259612083435059,38.220001220703125,1.680000066757202,2.5199999809265137,1.9514757570385208,ascending,1
3,right,2173.9413076923074,1789025598336,-0.5742979645729065,7.623805046081543,5.096894264221191,38.220001220703125,1.680000066757202,2.5199999809265137,1.9443693858655393,ascending,1
3,right,2173.949,1789025598410,-0.5503688454627991,7.473052024841309,4.840853214263916,29.75,2.0299999713897705,1.3300000429153442,1.93660312589208,ascending,1
3,right,2173.9586153846158,1789025598410,-0.5575475692749023,7.355799674987793,4.575240135192871,29.75,2.0299999713897705,1.3300000429153442,1.9245228874975973,ascending,1
3,right,2173.968230769231,1789025598410,-0.5790837407112122,7.252904415130615,4.297662734985352,29.75,2.0299999713897705,1.3300000429153442,1.9101328349319842,ascending,1
3,right,2173.9778461538463,1789025598410,-0.5144752264022827,7.138044834136963,3.991370677947998,29.75,2.0299999713897705,1.3300000429153442,1.89318535266272,ascending,1
3,right,2173.987461538461,1789025598410,-0.4379021823406219,6.970541477203369,3.6156840324401855,29.75,2.0299999713897705,1.3300000429153442,1.8729018080476885,ascending,1
3,right,2173.997076923077,1789025598410,-0.4570454359054565,6.688178062438965,3.3955366611480717,29.75,2.0299999713897705,1.3300000429153442,1.8492599577483706,ascending,1
3,right,2174.0066923076924,1789025598410,-0.3948298394680023,6.451280117034912,3.022243022918701,29.75,2.0299999713897705,1.3300000429153442,1.8217827419034487,ascending,1
3,right,2174.016307692308,1789025598410,-0.3804723918437958,6.125844955444336,2.806881189346313,29.75,2.0299999713897705,1.3300000429153442,1.7906197988749375,ascending,1
3,right,2174.025,1789025598485,-0.2967205941677093,5.774087429046631,2.5340895652771,17.850000381469727,1.399999976158142,0.8400000333786011,1.7586169104488882,ascending,1
3,right,2174.034615384616,1789025598485,-0.2703986167907715,5.539582252502441,2.3306925296783447,17.850000381469727,1.399999976158142,0.8400000333786011,1.7203014133490027,ascending,1
3,right,2174.044230769231,1789025598485,-0.2249333560466766,5.324220657348633,2.010042905807495,17.850000381469727,1.399999976158142,0.8400000333786011,1.6786052711461752,ascending,1
3,right,2174.0538461538463,1789025598485,-0.2464695274829864,5.029892921447754,1.9119335412979128,17.850000381469727,1.399999976158142,0.8400000333786011,1.6340860138678566,ascending,1
3,right,2174.063461538461,1789025598485,-0.205790102481842,4.647027492523193,1.6678569316864014,17.850000381469727,1.399999976158142,0.8400000333786011,1.5852519730932235,ascending,1
3,right,2174.073076923077,1789025598485,-0.1962184607982635,4.3048415184021,1.6247845888137815,17.850000381469727,1.399999976158142,0.8400000333786011,1.5334865655181478,ascending,1
3,right,2174.0826923076925,1789025598485,-0.2129688262939453,3.9578700065612793,1.5099250078201294,17.850000381469727,1.399999976158142,0.8400000333786011,1.4783747538054604,ascending,1
3,right,2174.092307692308,1789025598485,-0.2153617292642593,3.625255823135376,1.4692455530166626,17.850000381469727,1.399999976158142,0.8400000333786011,1.4204100879129398,ascending,1
3,right,2174.101,1789025598560,-0.1914326548576355,3.3883578777313232,1.395065426826477,-3.849999904632568,0.9100000262260436,0.0700000002980232,1.3659447049883446,ascending,1
3,right,2174.110615384616,1789025598560,-0.2105759084224701,3.1921393871307373,1.3472073078155518,-3.849999904632568,0.9100000262260436,0.0700000002980232,1.3038873460537814,ascending,1
3,right,2174.120230769231,1789025598560,-0.2536482512950897,3.0126712322235107,1.2873845100402832,-3.849999904632568,0.9100000262260436,0.0700000002980232,1.2401009451855518,ascending,1
3,right,2174.1298461538463,1789025598560,-0.2153617292642593,2.823631525039673,1.201239824295044,-3.849999904632568,0.9100000262260436,0.0700000002980232,1.1743599570973957,ascending,1
3,right,2174.139461538461,1789025598560,-0.2129688262939453,2.548447132110596,1.1749178171157837,-3.849999904632568,0.9100000262260436,0.0700000002980232,1.1062857832441724,ascending,1
3,right,2174.149076923077,1789025598560,-0.2105759084224701,2.3857293128967285,1.1964540481567385,-3.849999904632568,0.9100000262260436,0.0700000002980232,1.0370387856987726,ascending,1
3,right,2174.1586923076925,1789025598560,-0.205790102481842,2.134474039077759,1.1629533767700195,-3.849999904632568,0.9100000262260436,0.0700000002980232,0.965618802840853,ascending,1
3,right,2174.168307692308,1789025598560,-0.2249333560466766,2.0124356746673584,1.1844894886016846,-3.849999904632568,0.9100000262260436,0.0700000002980232,0.8933621591348198,ascending,1
3,right,2174.177,1789025598636,-0.2105759084224701,1.876039981842041,1.177310824394226,-42.560001373291016,-0.699999988079071,-1.9600000381469729,0.8270373582962388,ascending,1
3,right,2174.1866153846154,1789025598636,-0.2033971846103668,1.7898952960968018,1.1725249290466309,-42.560001373291016,-0.699999988079071,-1.9600000381469729,0.7529853616473264,ascending,1
3,right,2174.196230769231,1789025598636,-0.205790102481842,1.7276796102523804,1.139024257659912,-42.560001373291016,-0.699999988079071,-1.9600000381469729,0.6782925472572915,ascending,1
3,right,2174.2058461538463,1789025598636,-0.1986113786697387,1.6463208198547363,1.268241286277771,-42.560001373291016,-0.699999988079071,-1.9600000381469729,0.6036900492660395,ascending,1
3,right,2174.2154615384616,1789025598636,-0.2153617292642593,1.6774286031723022,1.3687434196472168,-42.560001373291016,-0.699999988079071,-1.9600000381469729,0.5299311243631306,ascending,1
3,right,2174.2250769230773,1789025598636,-0.1698964685201645,1.6846072673797607,1.4955675601959229,-42.560001373291016,-0.699999988079071,-1.9600000381469729,0.4569706541709834,ascending,1
3,right,2174.2346923076925,1789025598636,-0.1363957673311233,1.837753415107727,1.514710783958435,-42.560001373291016,-0.699999988079071,-1.9600000381469729,0.3853589841831356,ascending,1
3,right,2174.244307692308,1789025598636,-0.1866468340158462,1.904754877090454,1.5649619102478027,-42.560001373291016,-0.699999988079071,-1.9600000381469729,0.31460589955233537,ascending,1
3,right,2174.253,1789025598710,-0.1124666780233383,2.110544919967652,1.7444299459457395,-19.739999771118164,0.2800000011920929,-1.4700000286102295,0.2530282716660116,ascending,1
3,right,2174.2626153846154,1789025598710,-0.1172524988651275,2.354621648788452,1.868861198425293,-19.739999771118164,0.2800000011920929,-1.4700000286102295,0.1875470960907064,ascending,1
3,right,2174.272230769231,1789025598710,-0.102895051240921,2.622627258300781,1.9406484365463257,-19.739999771118164,0.2800000011920929,-1.4700000286102295,0.1245763611582965,ascending,1
3,right,2174.2818461538463,1789025598710,-0.1100737750530242,2.9624202251434326,2.093794584274292,-19.739999771118164,0.2800000011920929,-1.4700000286102295,0.06513263627631938,ascending,1
3,right,2174.2914615384616,1789025598710,-0.1268241256475448,3.4051082134246826,2.172760486602783,-19.739999771118164,0.2800000011920929,-1.4700000286102295,0.009571009417828551,resting,
3,right,2174.3010769230773,1789025598710,-0.1627177447080612,3.548682689666748,2.5699832439422607,-19.739999771118164,0.2800000011920929,-1.4700000286102295,-0.04256078553961484,resting,
3,right,2174.3106923076925,1789025598710,-0.1651106625795364,3.893261432647705,2.579555034637451,-19.739999771118164,0.2800000011920929,-1.4700000286102295,-0.09198361842841371,resting,
3,right,2174.320307692308,1789025598710,-0.2249333560466766,4.103837490081787,3.0246357917785645,-19.739999771118164,0.2800000011920929,-1.4700000286102295,-0.13716953317971378,resting,
3,right,2174.329,1789025598784,-0.3206496834754944,4.4268798828125,3.0318145751953125,-11.550000190734863,0.8400000333786011,-1.6100000143051147,-0.17572500972050414,resting,
3,right,2174.3386153846154,1789025598784,-0.3374000489711761,4.725993633270264,3.3213565349578857,-11.550000190734863,0.8400000333786011,-1.6100000143051147,-0.21438015424009033,resting,
3,right,2174.348230769231,1789025598784,-0.4139730930328369,5.156716823577881,3.3979294300079346,-11.550000190734863,0.8400000333786011,-1.6100000143051147,-0.2492879190057146,descending,
3,right,2174.3578461538464,1789025598784,-0.4714028835296631,5.398400783538818,3.591755151748657,-11.550000190734863,0.8400000333786011,-1.6100000143051147,-0.2811988685330835,descending,
3,right,2174.3674615384616,1789025598784,-0.5360113978385925,5.618548393249512,3.4960386753082275,-11.550000190734863,0.8400000333786011,-1.6100000143051147,-0.311992971509698,descending,
3,right,2174.3770769230773,1789025598784,-0.5862624645233154,5.738193511962891,3.61089825630188,-11.550000190734863,0.8400000333786011,-1.6100000143051147,-0.3411879939130697,descending,
3,right,2174.386692307693,1789025598784,-0.6125844717025757,5.946376800537109,3.548682689666748,-11.550000190734863,0.8400000333786011,-1.6100000143051147,-0.3691620508429579,descending,
3,right,2174.396307692308,1789025598784,-0.6269419193267822,6.022949695587158,3.740115404129028,-11.550000190734863,0.8400000333786011,-1.6100000143051147,-0.39540209760769934,descending,
3,right,2174.405,1789025598875,-0.7250511646270752,6.034914016723633,3.6659352779388423,-14.420000076293944,-0.2100000083446502,-1.2599999904632568,-0.4194126820058089,descending,
3,right,2174.4146153846154,1789025598875,-0.7705163955688477,6.0253424644470215,3.886082649230957,-14.420000076293944,-0.2100000083446502,-1.2599999904632568,-0.4447099620156942,descending,
3,right,2174.424230769231,1789025598875,-0.7848738431930542,6.051664352416992,3.960262775421143,-14.420000076293944,-0.2100000083446502,-1.2599999904632568,-0.4693508245781243,descending,
3,right,2174.4338461538464,1789025598875,-0.8470894694328308,5.953555107116699,4.362271308898926,-14.420000076293944,-0.2100000083446502,-1.2599999904632568,-0.492291471368746,descending,
3,right,2174.4434615384616,1789025598875,-0.8231604099273682,6.070807933807373,4.513024806976318,-14.420000076293944,-0.2100000083446502,-1.2599999904632568,-0.5134380592593889,descending,
3,right,2174.4530769230773,1789025598875,-0.8375178575515747,5.996627807617188,4.725993633270264,-14.420000076293944,-0.2100000083446502,-1.2599999904632568,-0.5338378090732913,descending,
3,right,2174.4626923076926,1789025598875,-0.8231604099273682,6.2000250816345215,4.728386402130127,-14.420000076293944,-0.2100000083446502,-1.2599999904632568,-0.5526889209673036,descending,
3,right,2174.472307692308,1789025598875,-0.7800880670547485,6.118666172027588,5.154324054718018,-14.420000076293944,-0.2100000083446502,-1.2599999904632568,-0.5695706143460147,descending,
3,right,2174.481,1789025598935,-0.7441943883895874,6.374707221984863,5.1471452713012695,-22.68000030517578,-0.6299999952316284,-2.0999999046325684,-0.583144100429815,descending,
3,right,2174.4906153846155,1789025598935,-0.6867645978927612,6.255061626434326,5.384043216705322,-22.68000030517578,-0.6299999952316284,-2.0999999046325684,-0.5976080463166513,descending,
3,right,2174.500230769231,1789025598935,-0.708300769329071,6.331634998321533,5.419936656951904,-22.68000030517578,-0.6299999952316284,-2.0999999046325684,-0.6112578508756047,descending,
3,right,2174.5098461538464,1789025598935,-0.6580497026443481,6.295741081237793,5.628119945526123,-22.68000030517578,-0.6299999952316284,-2.0999999046325684,-0.6238898069432763,descending,
3,right,2174.5194615384617,1789025598935,-0.6652284264564514,6.350778102874756,5.556332588195801,-22.68000030517578,-0.6299999952316284,-2.0999999046325684,-0.6365409878394062,descending,
3,right,2174.5290769230774,1789025598935,-0.6389064788818359,6.247882843017578,5.75494384765625,-22.68000030517578,-0.6299999952316284,-2.0999999046325684,-0.6486972202052927,descending,
3,right,2174.5386923076926,1789025598935,-0.6556568145751953,6.0253424644470215,5.860231876373291,-22.68000030517578,-0.6299999952316284,-2.0999999046325684,-0.6617749565311184,descending,
3,right,2174.548307692308,1789025598935,-0.6580497026443481,5.922447681427002,6.214382171630859,-22.68000030517578,-0.6299999952316284,-2.0999999046325684,-0.673321138149479,descending,
3,right,2174.556,1789025599024,-0.7944455146789551,5.848267555236816,6.489566802978516,-39.27000045776367,-1.680000066757202,-3.430000066757202,-0.6814868490575783,descending,
3,right,2174.5656153846157,1789025599024,-0.8183745741844177,6.051664352416992,6.702535629272461,-39.27000045776367,-1.680000066757202,-3.430000066757202,-0.6887834171803532,descending,
3,right,2174.575230769231,1789025599024,-0.9356270432472228,6.082772254943848,6.937040328979492,-39.27000045776367,-1.680000066757202,-3.430000066757202,-0.6942055037060765,descending,
3,right,2174.5848461538462,1789025599024,-1.021771788597107,6.178488731384277,7.243332862854004,-39.27000045776367,-1.680000066757202,-3.430000066757202,-0.6968264501752321,descending,
3,right,2174.594461538461,1789025599024,-1.0576653480529783,6.324456214904785,7.609447956085205,-39.27000045776367,-1.680000066757202,-3.430000066757202,-0.6959082775174105,descending,
3,right,2174.604076923077,1789025599024,-1.0839873552322388,6.602033615112305,7.8726677894592285,-39.27000045776367,-1.680000066757202,-3.430000066757202,-0.6912137108715354,descending,
3,right,2174.6136923076924,1789025599024,-1.110309362411499,6.9107184410095215,7.927704334259033,-39.27000045776367,-1.680000066757202,-3.430000066757202,-0.6839357623221259,descending,
3,right,2174.623307692308,1789025599024,-1.115095138549805,7.260083198547363,7.934883117675781,-39.27000045776367,-1.680000066757202,-3.430000066757202,-0.674167332562528,descending,
3,right,2174.633,1789025599100,-1.021771788597107,7.504159927368164,8.028206825256348,3.009999990463257,-1.0499999523162842,-2.940000057220459,-0.6620574931532442,descending,
3,right,2174.642615384615,1789025599100,-0.8949476480484009,7.712342739105225,8.16699504852295,3.009999990463257,-1.0499999523162842,-2.940000057220459,-0.6477590794284083,descending,
3,right,2174.6522307692308,1789025599100,-0.7968384027481079,7.831988334655762,8.327320098876953,3.009999990463257,-1.0499999523162842,-2.940000057220459,-0.6316193569089609,descending,
3,right,2174.661846153846,1789025599100,-0.6412993669509888,8.061707496643066,8.329712867736816,3.009999990463257,-1.0499999523162842,-2.940000057220459,-0.6140000762082082,descending,
3,right,2174.671461538461,1789025599100,-0.5455830693244934,8.269890785217285,8.401500701904297,3.009999990463257,-1.0499999523162842,-2.940000057220459,-0.594543470156589,descending,
3,right,2174.681076923077,1789025599100,-0.4737958014011383,8.494823455810547,8.274676322937012,3.009999990463257,-1.0499999523162842,-2.940000057220459,-0.5744695496587479,descending,
3,right,2174.690692307692,1789025599100,-0.4259376525878906,8.717364311218262,8.415857315063477,3.009999990463257,-1.0499999523162842,-2.940000057220459,-0.5519576028409271,descending,
3,right,2174.7003076923074,1789025599100,-0.339792937040329,8.801115989685059,8.502002716064453,3.009999990463257,-1.0499999523162842,-2.940000057220459,-0.5283428885449465,descending,
3,right,2174.709,1789025599176,-0.2943277060985565,8.880082130432129,8.454144477844238,16.65999984741211,-1.399999976158142,-1.6100000143051147,-0.5068213297062087,descending,
3,right,2174.718615384615,1789025599176,-0.308685153722763,9.0284423828125,8.322534561157227,16.65999984741211,-1.399999976158142,-1.6100000143051147,-0.482873619972551,descending,
3,right,2174.728230769231,1789025599176,-0.2703986167907715,9.0284423828125,8.346463203430176,16.65999984741211,-1.399999976158142,-1.6100000143051147,-0.45877901932978093,descending,
3,right,2174.737846153846,1789025599176,-0.3062922358512878,8.994941711425781,8.190924644470215,16.65999984741211,-1.399999976158142,-1.6100000143051147,-0.4359319465749667,descending,
3,right,2174.7474615384613,1789025599176,-0.382865309715271,8.963833808898926,8.104779243469238,16.65999984741211,-1.399999976158142,-1.6100000143051147,-0.4138320734512229,descending,
3,right,2174.757076923077,1789025599176,-0.3996156454086303,9.01887035369873,7.980348587036133,16.65999984741211,-1.399999976158142,-1.6100000143051147,-0.39215922694437644,descending,
3,right,2174.766692307692,1789025599176,-0.5049036145210266,9.083478927612305,8.009063720703125,16.65999984741211,-1.399999976158142,-1.6100000143051147,-0.369791080920566,descending,
3,right,2174.7763076923075,1789025599176,-0.5551546812057495,9.241411209106444,8.028206825256348,16.65999984741211,-1.399999976158142,-1.6100000143051147,-0.3461608603350207,descending,
3,right,2174.785,1789025599250,-0.667621374130249,9.31319808959961,7.973169803619385,14.770000457763672,-2.309999942779541,-0.1400000005960464,-0.3246157034038296,descending,
3,right,2174.794615384615,1789025599250,-0.8016242384910583,9.483095169067385,7.757808208465576,14.770000457763672,-2.309999942779541,-0.1400000005960464,-0.30091000502797044,descending,
3,right,2174.804230769231,1789025599250,-0.8279461860656738,9.581204414367676,7.836773872375488,14.770000457763672,-2.309999942779541,-0.1400000005960464,-0.27597087507057055,descending,
3,right,2174.813846153846,1789025599250,-0.9021263718605042,9.853995323181152,7.949240684509277,14.770000457763672,-2.309999942779541,-0.1400000005960464,-0.24831728656502736,descending,
3,right,2174.8234615384613,1789025599250,-0.8925547003746033,10.076536178588867,7.920525550842285,14.770000457763672,-2.309999942779541,-0.1400000005960464,-0.21926057431014068,descending,
3,right,2174.833076923077,1789025599250,-0.8710185289382935,10.239253997802734,7.86548900604248,14.770000457763672,-2.309999942779541,-0.1400000005960464,-0.1893961779521395,descending,
3,right,2174.842692307692,1789025599250,-0.8518753051757812,10.27036190032959,7.815237998962402,14.770000457763672,-2.309999942779541,-0.1400000005960464,-0.15963062987810828,descending,
3,right,2174.8523076923075,1789025599250,-0.8016242384910583,10.411542892456056,7.994706153869629,14.770000457763672,-2.309999942779541,-0.1400000005960464,-0.12772345050556336,descending,
3,right,2174.86,1789025599327,-0.7896596789360046,10.665191650390623,8.358428001403809,7.630000114440918,-3.3600001335144043,0.9100000262260436,-0.09889598283996222,descending,
3,right,2174.869615384616,1789025599327,-0.825553297996521,10.921232223510742,8.423036575317383,7.630000114440918,-3.3600001335144043,0.9100000262260436,-0.06059933809552612,descending,
3,right,2174.879230769231,1789025599327,-0.8399107456207275,11.239489555358888,8.545074462890625,7.630000114440918,-3.3600001335144043,0.9100000262260436,-0.019235991236301216,resting,
3,right,2174.8888461538463,1789025599327,-0.9140908718109132,11.557745933532717,8.920761108398438,7.630000114440918,-3.3600001335144043,0.9100000262260436,0.026826350998081037,resting,
3,right,2174.8984615384616,1789025599327,-0.964341938495636,11.80421543121338,9.250982284545898,7.630000114440918,-3.3600001335144043,0.9100000262260436,0.07676626988826056,resting,
3,right,2174.9080769230773,1789025599327,-1.0265575647354126,12.091364860534668,9.466344833374023,7.630000114440918,-3.3600001335144043,0.9100000262260436,0.13015422427524395,resting,
3,right,2174.9176923076925,1789025599327,-1.1462029218673706,12.330655097961426,9.650598526000977,7.630000114440918,-3.3600001335144043,0.9100000262260436,0.1864702843113658,resting,
3,right,2174.927307692308,1789025599327,-1.2275618314743042,12.589089393615724,9.789386749267578,7.630000114440918,-3.3600001335144043,0.9100000262260436,0.24554890429075266,resting,
3,right,2174.936,1789025599415,-1.299349069595337,12.787700653076172,9.971247673034668,3.7100000381469727,-4.480000019073486,1.9600000381469729,0.30129741618350786,ascending,2
3,right,2174.9456153846154,1789025599415,-1.3854937553405762,13.072457313537598,10.050213813781738,3.7100000381469727,-4.480000019073486,1.9600000381469729,0.365536120799397,ascending,2
3,right,2174.955230769231,1789025599415,-1.4477094411849976,13.22799587249756,10.153108596801758,3.7100000381469727,-4.480000019073486,1.9600000381469729,0.4315456442743512,ascending,2
3,right,2174.9648461538463,1789025599415,-1.5075321197509766,13.395499229431152,10.117215156555176,3.7100000381469727,-4.480000019073486,1.9600000381469729,0.49853975611842727,ascending,2
3,right,2174.9744615384616,1789025599415,-1.5506044626235962,13.55103874206543,10.177038192749023,3.7100000381469727,-4.480000019073486,1.9600000381469729,0.5670252645094487,ascending,2
3,right,2174.9840769230773,1789025599415,-1.56256902217865,13.680255889892578,10.131572723388672,3.7100000381469727,-4.480000019073486,1.9600000381469729,0.6361383423145652,ascending,2
3,right,2174.9936923076925,1789025599415,-1.6008554697036743,13.74965000152588,9.985605239868164,3.7100000381469727,-4.480000019073486,1.9600000381469729,0.7048247349093242,ascending,2
3,right,2175.003307692308,1789025599415,-1.5769264698028564,13.838187217712402,9.79177951812744,3.7100000381469727,-4.480000019073486,1.9600000381469729,0.7729029854271415,ascending,2
3,right,2175.012,1789025599476,-1.4596738815307615,13.658719062805176,9.743921279907228,2.7300000190734863,-5.880000114440918,3.849999904632568,0.8329252424712514,ascending,2
3,right,2175.0216153846154,1789025599476,-1.39745831489563,13.33567714691162,9.66016960144043,2.7300000190734863,-5.880000114440918,3.849999904632568,0.8963862528073849,ascending,2
3,right,2175.031230769231,1789025599476,-1.2610626220703125,12.981526374816896,9.58359718322754,2.7300000190734863,-5.880000114440918,3.849999904632568,0.9567061298296307,ascending,2
3,right,2175.0408461538464,1789025599476,-1.1557745933532717,12.514909744262695,9.612311363220217,2.7300000190734863,-5.880000114440918,3.849999904632568,1.0137342970094407,ascending,2
3,right,2175.0504615384616,1789025599476,-1.079201579093933,12.098543167114258,9.51180934906006,2.7300000190734863,-5.880000114440918,3.849999904632568,1.0670405979387154,ascending,2
3,right,2175.0600769230773,1789025599476,-1.0528795719146729,11.70849895477295,9.39934253692627,2.7300000190734863,-5.880000114440918,3.849999904632568,1.116759111182778,ascending,2
3,right,2175.0696923076925,1789025599476,-1.0098072290420532,11.306490898132324,9.38259220123291,2.7300000190734863,-5.880000114440918,3.849999904632568,1.1633948470009765,ascending,2
3,right,2175.079307692308,1789025599476,-0.8949476480484009,10.89491081237793,9.435236930847168,2.7300000190734863,-5.880000114440918,3.849999904632568,1.2072901331722552,ascending,2
3,right,2175.088,1789025599551,-0.8566610813140869,10.612546920776367,9.475915908813477,-26.670000076293945,-8.399999618530273,3.990000009536743,1.245313161228685,ascending,2
3,right,2175.0976153846154,1789025599551,-0.8111958503723145,10.409150123596191,9.38498592376709,-26.670000076293945,-8.399999618530273,3.990000009536743,1.285297406878469,ascending,2
3,right,2175.107230769231,1789025599551,-0.8423036336898804,10.232074737548828,9.248589515686035,-26.670000076293945,-8.399999618530273,3.990000009536743,1.3231306396579618,ascending,2
3,right,2175.1168461538464,1789025599551,-0.8518753051757812,10.035856246948242,9.23423194885254,-26.670000076293945,-8.399999618530273,3.990000009536743,1.3594447501384157,ascending,2
3,right,2175.1264615384616,1789025599551,-0.8351249098777771,9.743921279907228,9.100229263305664,-26.670000076293945,-8.399999618530273,3.990000009536743,1.3927903634029999,ascending,2
3,right,2175.1360769230773,1789025599551,-0.8518753051757812,9.507023811340332,9.057157516479492,-26.670000076293945,-8.399999618530273,3.990000009536743,1.4241586237967319,ascending,2
3,right,2175.145692307693,1789025599551,-0.9093050956726074,9.38259220123291,8.935118675231934,-26.670000076293945,-8.399999618530273,3.990000009536743,1.453855698899028,ascending,2
3,right,2175.155307692308,1789025599551,-0.8758043646812439,9.349091529846191,8.803508758544922,-26.670000076293945,-8.399999618530273,3.990000009536743,1.4824439831551728,ascending,2
3,right,2175.164,1789025599625,-0.8853759765625,9.260554313659668,8.686256408691406,-3.0799999237060547,-8.329999923706055,5.670000076293945,1.5070250300945687,ascending,2
3,right,2175.1736153846155,1789025599625,-0.8877689242362976,9.026049613952637,8.633612632751465,-3.0799999237060547,-8.329999923706055,5.670000076293945,1.5322048268666701,ascending,2
3,right,2175.183230769231,1789025599625,-0.825553297996521,8.930333137512207,8.612075805664062,-3.0799999237060547,-8.329999923706055,5.670000076293945,1.556548268713122,ascending,2
3,right,2175.1928461538464,1789025599625,-0.746587336063385,8.738900184631348,8.612075805664062,-3.0799999237060547,-8.329999923706055,5.670000076293945,1.5795187759456135,ascending,2
3,right,2175.2024615384616,1789025599625,-0.7298369407653809,8.561824798583984,8.552253723144531,-3.0799999237060547,-8.329999923706055,5.670000076293945,1.600841473494445,ascending,2
3,right,2175.2120769230773,1789025599625,-0.6412993669509888,8.466109275817871,8.540288925170898,-3.0799999237060547,-8.329999923706055,5.670000076293945,1.6213928847005676,ascending,2
3,right,2175.2216923076926,1789025599625,-0.6054057478904724,8.389535903930664,8.51396656036377,-3.0799999237060547,-8.329999923706055,5.670000076293945,1.6412241654555684,ascending,2
3,right,2175.231307692308,1789025599625,-0.4594383537769317,8.339284896850586,8.485252380371094,-3.0799999237060547,-8.329999923706055,5.670000076293945,1.6604887430504816,ascending,2
3,right,2175.24,1789025599700,-0.4642241597175598,8.413464546203613,8.372785568237305,14.630000114440918,-7.840000152587891,6.510000228881836,1.6776935292715391,ascending,2
3,right,2175.249615384615,1789025599700,-0.3541503846645355,8.370392799377441,8.33210563659668,14.630000114440918,-7.840000152587891,6.510000228881836,1.6961259153086345,ascending,2
3,right,2175.2592307692307,1789025599700,-0.3038993179798126,8.384750366210938,8.210067749023438,14.630000114440918,-7.840000152587891,6.510000228881836,1.713838582242606,ascending,2
3,right,2175.268846153846,1789025599700,-0.2464695274829864,8.368000030517578,8.183745384216309,14.630000114440918,-7.840000152587891,6.510000228881836,1.7312416075222392,ascending,2
3,right,2175.278461538461,1789025599700,-0.1698964685201645,8.241175651550293,8.004277229309082,14.630000114440918,-7.840000152587891,6.510000228881836,1.7465575527942818,ascending,2
3,right,2175.288076923077,1789025599700,-0.1555390208959579,8.193317413330078,7.963598251342773,14.630000114440918,-7.840000152587891,6.510000228881836,1.7612587389085026,ascending,2
3,right,2175.297692307692,1789025599700,-0.1268241256475448,8.147851943969727,7.812844753265381,14.630000114440918,-7.840000152587891,6.510000228881836,1.7746425606291987,ascending,2
3,right,2175.3073076923074,1789025599700,-0.0837517827749252,8.152637481689453,7.590304374694824,14.630000114440918,-7.840000152587891,6.510000228881836,1.7865970285068762,ascending,2
3,right,2175.316,1789025599789,-0.067001424729824,8.2124605178833,7.331870555877685,34.790000915527344,-7.840000152587891,6.860000133514404,1.7962646544187895,ascending,2
3,right,2175.325615384615,1789025599789,-0.1148595884442329,8.12631607055664,7.03993558883667,34.790000915527344,-7.840000152587891,6.860000133514404,1.804468939405268,ascending,2
3,right,2175.3352307692307,1789025599789,-0.1866468340158462,7.956419467926025,6.690570831298828,34.790000915527344,-7.840000152587891,6.860000133514404,1.8092320692494157,ascending,2
3,right,2175.344846153846,1789025599789,-0.2105759084224701,7.961205005645752,6.456066131591797,34.790000915527344,-7.840000152587891,6.860000133514404,1.8125600132236699,ascending,2
3,right,2175.354461538461,1789025599789,-0.2488624453544616,7.884632110595703,6.1378092765808105,34.790000915527344,-7.840000152587891,6.860000133514404,1.8133550764613209,ascending,2
3,right,2175.364076923077,1789025599789,-0.3062922358512878,7.779344081878662,5.79083776473999,34.790000915527344,-7.840000152587891,6.860000133514404,1.8112500874118638,ascending,2
3,right,2175.373692307692,1789025599789,-0.3350071310997009,7.530481815338135,5.608976364135742,34.790000915527344,-7.840000152587891,6.860000133514404,1.8062264865385482,ascending,2
3,right,2175.3833076923074,1789025599789,-0.382865309715271,7.293583869934082,5.317041873931885,34.790000915527344,-7.840000152587891,6.860000133514404,1.7976938843971422,ascending,2
3,right,2175.391,1789025599852,-0.3852581977844238,6.941826343536377,5.096894264221191,27.51000022888184,-8.1899995803833,5.809999942779541,1.7877213192427281,ascending,2
3,right,2175.400615384616,1789025599852,-0.3589362204074859,6.781501770019531,4.833674430847168,27.51000022888184,-8.1899995803833,5.809999942779541,1.7724967097645357,ascending,2
3,right,2175.410230769231,1789025599852,-0.2895418703556061,6.611605167388916,4.558489799499512,27.51000022888184,-8.1899995803833,5.809999942779541,1.754382250267583,ascending,2
3,right,2175.4198461538463,1789025599852,-0.284756064414978,6.389064788818359,4.273733615875244,27.51000022888184,-8.1899995803833,5.809999942779541,1.7329318743203277,ascending,2
3,right,2175.429461538461,1789025599852,-0.3062922358512878,6.216775417327881,4.065550804138184,27.51000022888184,-8.1899995803833,5.809999942779541,1.708985561069091,ascending,2
3,right,2175.439076923077,1789025599852,-0.2703986167907715,6.1234517097473145,3.811902523040772,27.51000022888184,-8.1899995803833,5.809999942779541,1.6828891512033741,ascending,2
3,right,2175.4486923076925,1789025599852,-0.2297191768884658,5.996627807617188,3.6276485919952393,27.51000022888184,-8.1899995803833,5.809999942779541,1.6548045722656564,ascending,2
3,right,2175.458307692308,1789025599852,-0.2560411691665649,6.05884313583374,3.4960386753082275,27.51000022888184,-8.1899995803833,5.809999942779541,1.6264911509887143,ascending,2
3,right,2175.467,1789025599927,-0.2177546322345733,6.054057598114014,3.352464199066162,25.40999984741211,-7.349999904632568,4.550000190734863,1.6001699434343928,ascending,2
3,right,2175.476615384616,1789025599927,-0.1722893863916397,5.965519905090332,3.2232472896575928,25.40999984741211,-7.349999904632568,4.550000190734863,1.5696852616629557,ascending,2
3,right,2175.486230769231,1789025599927,-0.1507532149553299,5.829123973846436,3.156245708465576,25.40999984741211,-7.349999904632568,4.550000190734863,1.5378130331498299,ascending,2
3,right,2175.4958461538463,1789025599927,-0.1316099464893341,5.690335273742676,3.027028799057007,25.40999984741211,-7.349999904632568,4.550000190734863,1.5041830308103155,ascending,2
3,right,2175.505461538461,1789025599927,-0.0981092303991317,5.506081581115723,2.943276882171631,25.40999984741211,-7.349999904632568,4.550000190734863,1.4686974715965697,ascending,2
3,right,2175.515076923077,1789025599927,-0.0526439771056175,5.302684307098389,2.79491662979126,25.40999984741211,-7.349999904632568,4.550000190734863,1.430847385044922,ascending,2
3,right,2175.5246923076925,1789025599927,-0.0263219885528087,5.125608921051025,2.6896286010742188,25.40999984741211,-7.349999904632568,4.550000190734863,1.3910754529983302,ascending,2
3,right,2175.534307692308,1789025599927,0.0047858161851763,5.049036026000977,2.500588893890381,25.40999984741211,-7.349999904632568,4.550000190734863,1.3497167604256182,ascending,2
3,right,2175.544,1789025600000,0.0382865294814109,4.776244640350342,2.368978977203369,15.260000228881836,-6.929999828338623,4.269999980926514,1.3051748511630532,ascending,2
3,right,2175.553615384615,1789025600000,0.033500712364912,4.524989128112793,2.0961875915527344,15.260000228881836,-6.929999828338623,4.269999980926514,1.2575509148229902,ascending,2
3,right,2175.563230769231,1789025600000,0.0191432647407054,4.192375183105469,2.0890088081359863,15.260000228881836,-6.929999828338623,4.269999980926514,1.207287243190929,ascending,2
3,right,2175.572846153846,1789025600000,0.0526439771056175,3.907618999481201,1.9597917795181277,15.260000228881836,-6.929999828338623,4.269999980926514,1.15410934057096,ascending,2
3,right,2175.5824615384613,1789025600000,0.0454652532935142,3.601326704025269,1.964577555656433,15.260000228881836,-6.929999828338623,4.269999980926514,1.0985548776167964,ascending,2
3,right,2175.592076923077,1789025600000,0.0622156113386154,3.352464199066162,1.8425391912460327,15.260000228881836,-6.929999828338623,4.269999980926514,1.0404016231601374,ascending,2
3,right,2175.601692307692,1789025600000,0.1100737750530242,3.103601694107056,1.8233959674835205,15.260000228881836,-6.929999828338623,4.269999980926514,0.980206562596347,ascending,2
3,right,2175.6113076923075,1789025600000,0.102895051240921,2.9528486728668213,1.7252867221832275,15.260000228881836,-6.929999828338623,4.269999980926514,0.9183155871244244,ascending,2
3,right,2175.62,1789025600091,0.0693943351507186,2.79491662979126,1.7300724983215332,-8.890000343322754,-6.650000095367432,2.5899999141693115,0.8612603452162854,ascending,2
3,right,2175.629615384615,1789025600091,0.1220383122563362,2.620234251022339,1.5936768054962158,-8.890000343322754,-6.650000095367432,2.5899999141693115,0.7960677606707062,ascending,2
3,right,2175.639230769231,1789025600091,0.1387886703014373,2.491017341613769,1.619998812675476,-8.890000343322754,-6.650000095367432,2.5899999141693115,0.7300195825267014,ascending,2
3,right,2175.648846153846,1789025600091,0.1411815732717514,2.3426570892333984,1.5769264698028564,-8.890000343322754,-6.650000095367432,2.5899999141693115,0.6625901222562947,ascending,2
3,right,2175.6584615384613,1789025600091,0.2249333560466766,2.292405843734741,1.6247845888137815,-8.890000343322754,-6.650000095367432,2.5899999141693115,0.5950783018537378,ascending,2
3,right,2175.668076923077,1789025600091,0.2488624453544616,2.206261157989502,1.619998812675476,-8.890000343322754,-6.650000095367432,2.5899999141693115,0.5268981216960235,ascending,2
3,right,2175.6776923076923,1789025600091,0.2871489822864532,2.2086541652679443,1.6295703649520874,-8.890000343322754,-6.650000095367432,2.5899999141693115,0.45883780538596497,ascending,2
3,right,2175.6873076923075,1789025600091,0.2656128108501434,2.1464385986328125,1.6582852602005005,-8.890000343322754,-6.650000095367432,2.5899999141693115,0.3904667337131701,ascending,2
3,right,2175.695,1789025600151,0.27997025847435,2.086615800857544,1.7516087293624878,-19.040000915527344,-6.440000057220459,0.7699999809265137,0.33582449014837834,ascending,2
3,right,2175.7046153846154,1789025600151,0.2775773406028747,2.1536173820495605,1.7133221626281738,-19.040000915527344,-6.440000057220459,0.7699999809265137,0.2678841575133598,ascending,2
3,right,2175.714230769231,1789025600151,0.2727915346622467,2.297191858291626,1.6271774768829346,-19.040000915527344,-6.440000057220459,0.7699999809265137,0.2006430426645741,ascending,2
3,right,2175.7238461538464,1789025600151,0.260826975107193,2.438373327255249,1.6415349245071411,-19.040000915527344,-6.440000057220459,0.7699999809265137,0.1346219631056541,ascending,2
3,right,2175.7334615384616,1789025600151,0.2488624453544616,2.5388755798339844,1.689393162727356,-19.040000915527344,-6.440000057220459,0.7699999809265137,0.06968100502965731,ascending,2
3,right,2175.7430769230773,1789025600151,0.1938255578279495,2.732701063156128,1.672642707824707,-19.040000915527344,-6.440000057220459,0.7699999809265137,0.00617372428430275,resting,
3,right,2175.7526923076925,1789025600151,0.1698964685201645,2.68245005607605,1.890397429466248,-19.040000915527344,-6.440000057220459,0.7699999809265137,-0.05649900576491963,resting,
3,right,2175.762307692308,1789025600151,0.1220383122563362,2.799702405929565,1.8521108627319336,-19.040000915527344,-6.440000057220459,0.7699999809265137,-0.11846145211935406,resting,
3,right,2175.771,1789025600240,0.0909305065870285,2.706378936767578,2.2469406127929688,-23.59000015258789,-6.090000152587891,-0.4900000095367431,-0.17311681322508785,resting,
3,right,2175.7806153846154,1789025600240,0.0071787242777645,2.823631525039673,2.390515089035034,-23.59000015258789,-6.090000152587891,-0.4900000095367431,-0.23185321048303092,resting,
3,right,2175.790230769231,1789025600240,0.0215361732989549,2.802095413208008,2.802095413208008,-23.59000015258789,-6.090000152587891,-0.4900000095367431,-0.288373540038003,descending,
3,right,2175.7998461538464,1789025600240,-0.0263219885528087,3.019850015640259,2.8619179725646973,-23.59000015258789,-6.090000152587891,-0.4900000095367431,-0.3428443521150698,descending,
3,right,2175.8094615384616,1789025600240,-0.0813588723540306,3.034207344055176,3.2208542823791504,-23.59000015258789,-6.090000152587891,-0.4900000095367431,-0.3951238842891971,descending,
3,right,2175.8190769230773,1789025600240,-0.0741801485419273,3.364428758621216,3.3141777515411377,-23.59000015258789,-6.090000152587891,-0.4900000095367431,-0.4442764322281517,descending,
3,right,2175.828692307693,1789025600240,-0.0071787242777645,3.613291263580322,3.479288339614868,-23.59000015258789,-6.090000152587891,-0.4900000095367431,-0.49049199181091874,descending,
3,right,2175.838307692308,1789025600240,-0.06460852175951,3.998549461364746,3.393143653869629,-23.59000015258789,-6.090000152587891,-0.4900000095367431,-0.5342565372939139,descending,
3,right,2175.847,1789025600338,0.0095716323703527,4.319199085235596,3.534325361251831,-12.670000076293944,-6.019999980926514,-2.0299999713897705,-0.5708148362804196,descending,
3,right,2175.8566153846155,1789025600338,0.0622156113386154,4.690099716186523,3.476895570755005,-12.670000076293944,-6.019999980926514,-2.0299999713897705,-0.6087265575109485,descending,
3,right,2175.866230769231,1789025600338,0.0382865294814109,4.879139423370361,3.6228628158569336,-12.670000076293944,-6.019999980926514,-2.0299999713897705,-0.6443417330753044,descending,
3,right,2175.8758461538464,1789025600338,0.1220383122563362,5.142359256744385,3.618077039718628,-12.670000076293944,-6.019999980926514,-2.0299999713897705,-0.6779376706583965,descending,
3,right,2175.8854615384616,1789025600338,0.1100737750530242,5.352935314178467,3.843010425567627,-12.670000076293944,-6.019999980926514,-2.0299999713897705,-0.7086078217515062,descending,
3,right,2175.8950769230773,1789025600338,0.1196454018354415,5.489331245422363,3.977013349533081,-12.670000076293944,-6.019999980926514,-2.0299999713897705,-0.7374408176599212,descending,
3,right,2175.9046923076926,1789025600338,0.0789659693837165,5.649655818939209,4.24501895904541,-12.670000076293944,-6.019999980926514,-2.0299999713897705,-0.7634792303500321,descending,
3,right,2175.914307692308,1789025600338,0.033500712364912,5.733407974243164,4.398165225982666,-12.670000076293944,-6.019999980926514,-2.0299999713897705,-0.7879825634307096,descending,
3,right,2175.924,1789025600390,-0.0023929080925881,5.838695526123047,4.5991692543029785,-19.25,-5.460000038146973,-3.640000104904175,-0.8106759526229822,descending,
3,right,2175.933615384615,1789025600390,-0.0263219885528087,6.022949695587158,4.807352542877197,-19.25,-5.460000038146973,-3.640000104904175,-0.8305538427748852,descending,
3,right,2175.943230769231,1789025600390,-0.0502510704100132,6.214382171630859,5.0346784591674805,-19.25,-5.460000038146973,-3.640000104904175,-0.8476255099913838,descending,
3,right,2175.952846153846,1789025600390,-0.102895051240921,6.377099990844727,5.171074390411377,-19.25,-5.460000038146973,-3.640000104904175,-0.8626636094467769,descending,
3,right,2175.9624615384614,1789025600390,-0.102895051240921,6.59724760055542,5.343363761901856,-19.25,-5.460000038146973,-3.640000104904175,-0.8750032884531075,descending,
3,right,2175.972076923077,1789025600390,-0.1459673941135406,6.69296407699585,5.518045902252197,-19.25,-5.460000038146973,-3.640000104904175,-0.8855709151539216,descending,
3,right,2175.9816923076924,1789025600390,-0.2010042816400528,6.752786636352539,5.733407974243164,-19.25,-5.460000038146973,-3.640000104904175,-0.8943827266513962,descending,
3,right,2175.991307692308,1789025600390,-0.2512553632259369,6.743215084075928,5.884160995483398,-19.25,-5.460000038146973,-3.640000104904175,-0.9023380431067909,descending,
3,right,2175.999,1789025600464,-0.3278284072875976,6.838931560516357,6.109094142913818,-17.639999389648438,-4.760000228881836,-4.619999885559082,-0.9070337155604821,descending,
3,right,2176.008615384615,1789025600464,-0.3230426013469696,6.893968105316162,6.314884662628174,-17.639999389648438,-4.760000228881836,-4.619999885559082,-0.9111995533111611,descending,
3,right,2176.0182307692307,1789025600464,-0.3780794739723205,7.061471939086914,6.532639026641846,-17.639999389648438,-4.760000228881836,-4.619999885559082,-0.9127747200245728,descending,
3,right,2176.027846153846,1789025600464,-0.3924369215965271,7.16197395324707,6.69296407699585,-17.639999389648438,-4.760000228881836,-4.619999885559082,-0.9125932493408367,descending,
3,right,2176.037461538461,1789025600464,-0.3015064299106598,7.236154079437256,6.886789321899414,-17.639999389648438,-4.760000228881836,-4.619999885559082,-0.9106077291749186,descending,
3,right,2176.047076923077,1789025600464,-0.3182567656040191,7.370156764984131,7.044721603393555,-17.639999389648438,-4.760000228881836,-4.619999885559082,-0.9066346531824551,descending,
3,right,2176.056692307692,1789025600464,-0.2249333560466766,7.523303031921387,7.121294498443604,-17.639999389648438,-4.760000228881836,-4.619999885559082,-0.9010281981880546,descending,
3,right,2176.0663076923074,1789025600464,-0.1603248417377472,7.800880432128906,7.228975296020508,-17.639999389648438,-4.760000228881836,-4.619999885559082,-0.8927099394797023,descending,
3,right,2176.075,1789025600540,-0.0717872455716133,8.135887145996094,7.362977981567383,4.059999942779541,-3.289999961853028,-4.900000095367432,-0.8822234758226549,descending,
3,right,2176.084615384615,1789025600540,0.0358936227858066,8.435001373291016,7.489802360534668,4.059999942779541,-3.289999961853028,-4.900000095367432,-0.8676466060808968,descending,
3,right,2176.0942307692308,1789025600540,0.0622156113386154,8.621647834777832,7.56158971786499,4.059999942779541,-3.289999961853028,-4.900000095367432,-0.8512695205394734,descending,
3,right,2176.103846153846,1789025600540,0.1770751923322677,8.875295639038086,7.592697143554687,4.059999942779541,-3.289999961853028,-4.900000095367432,-0.8328551213630723,descending,
3,right,2176.1134615384613,1789025600540,0.2225404530763626,8.971012115478516,7.623805046081543,4.059999942779541,-3.289999961853028,-4.900000095367432,-0.8135508379059099,descending,
3,right,2176.123076923077,1789025600540,0.205790102481842,9.059550285339355,7.748236179351807,4.059999942779541,-3.289999961853028,-4.900000095367432,-0.7928276481012078,descending,
3,right,2176.132692307692,1789025600540,0.2225404530763626,9.12415885925293,7.853524208068848,4.059999942779541,-3.289999961853028,-4.900000095367432,-0.7709775204122479,descending,
3,right,2176.1423076923074,1789025600540,0.2536482512950897,9.31319808959961,7.9994916915893555,4.059999942779541,-3.289999961853028,-4.900000095367432,-0.7468404053437231,descending,
3,right,2176.151,1789025600615,0.1698964685201645,9.497451782226562,8.265104293823242,4.760000228881836,-3.009999990463257,-4.829999923706055,-0.7223213830938999,descending,
3,right,2176.160615384615,1789025600615,0.1005021408200264,9.617097854614258,8.231603622436523,4.760000228881836,-3.009999990463257,-4.829999923706055,-0.6945607709416755,descending,
3,right,2176.170230769231,1789025600615,0.0358936227858066,9.784601211547852,8.12631607055664,4.760000228881836,-3.009999990463257,-4.829999923706055,-0.666257584356126,descending,
3,right,2176.179846153846,1789025600615,0.016750356182456,9.770243644714355,8.169387817382812,4.760000228881836,-3.009999990463257,-4.829999923706055,-0.637800562913384,descending,
3,right,2176.1894615384613,1789025600615,-0.0191432647407054,9.641026496887209,8.279461860656738,4.760000228881836,-3.009999990463257,-4.829999923706055,-0.6096146659556364,descending,
3,right,2176.199076923077,1789025600615,-0.0358936227858066,9.456772804260254,8.396714210510254,4.760000228881836,-3.009999990463257,-4.829999923706055,-0.5820555992518336,descending,
3,right,2176.208692307692,1789025600615,-0.0406794361770153,9.31319808959961,8.33449935913086,4.760000228881836,-3.009999990463257,-4.829999923706055,-0.5559445299164165,descending,
3,right,2176.2183076923075,1789025600615,0.0287148971110582,9.291662216186523,8.198102951049805,4.760000228881836,-3.009999990463257,-4.829999923706055,-0.5308496283926631,descending,
3,right,2176.227,1789025600705,0.105287954211235,9.195945739746094,8.155031204223633,-8.890000343322754,-4.059999942779541,-4.900000095367432,-0.5090400985406927,descending,
3,right,2176.236615384615,1789025600705,0.1483602970838546,9.069121360778809,8.169387817382812,-8.890000343322754,-4.059999942779541,-4.900000095367432,-0.4857493995100915,descending,
3,right,2176.246230769231,1789025600705,0.184253916144371,8.92554759979248,8.13349437713623,-8.890000343322754,-4.059999942779541,-4.900000095367432,-0.46372783538196444,descending,
3,right,2176.255846153846,1789025600705,0.1794681102037429,9.160052299499512,7.994706153869629,-8.890000343322754,-4.059999942779541,-4.900000095367432,-0.44089441080089614,descending,
3,right,2176.2654615384613,1789025600705,0.1698964685201645,9.47830867767334,7.88223934173584,-8.890000343322754,-4.059999942779541,-4.900000095367432,-0.4164826839396645,descending,
3,right,2176.275076923077,1789025600705,0.0550368875265121,9.853995323181152,8.05692195892334,-8.890000343322754,-4.059999942779541,-4.900000095367432,-0.3882692091181689,descending,
3,right,2176.284692307692,1789025600705,0.0071787242777645,9.978426933288574,8.061707496643066,-8.890000343322754,-4.059999942779541,-4.900000095367432,-0.35914999324571745,descending,
3,right,2176.2943076923075,1789025600705,-0.1172524988651275,10.167466163635254,7.958812236785889,-8.890000343322754,-4.059999942779541,-4.900000095367432,-0.3293513473728881,descending,
3,right,2176.302,1789025600767,-0.2584340870380401,10.200966835021973,8.0736722946167,5.670000076293945,-2.799999952316284,-4.900000095367432,-0.30474865897099174,descending,
3,right,2176.3116153846154,1789025600767,-0.3230426013469696,10.12200164794922,8.233996391296387,5.670000076293945,-2.799999952316284,-4.900000095367432,-0.27356195082059853,descending,
3,right,2176.321230769231,1789025600767,-0.461831271648407,10.12200164794922,8.360820770263672,5.670000076293945,-2.799999952316284,-4.900000095367432,-0.24159114156987282,descending,
3,right,2176.3308461538463,1789025600767,-0.4833674430847168,10.052606582641602,8.382356643676758,5.670000076293945,-2.799999952316284,-4.900000095367432,-0.20999807070602433,descending,
3,right,2176.3404615384616,1789025600767,-0.5623334050178528,10.045428276062012,8.466109275817871,5.670000076293945,-2.799999952316284,-4.900000095367432,-0.1779436014979585,descending,
3,right,2176.3500769230773,1789025600767,-0.6030128598213196,10.169858932495115,8.552253723144531,5.670000076293945,-2.799999952316284,-4.900000095367432,-0.1444574548849382,descending,
3,right,2176.3596923076925,1789025600767,-0.6365135312080383,10.342148780822754,8.68147087097168,5.670000076293945,-2.799999952316284,-4.900000095367432,-0.10892077708692502,descending,
3,right,2176.369307692308,1789025600767,-0.6269419193267822,10.736978530883787,8.875295639038086,5.670000076293945,-2.799999952316284,-4.900000095367432,-0.06930923239336247,descending,
3,right,2176.379,1789025600891,-0.6030128598213196,11.14616584777832,8.999727249145508,7.420000076293945,-1.8200000524520876,-5.53000020980835,-0.025604890599408438,descending,
3,right,2176.388615384615,1789025600891,-0.588655412197113,11.622354507446287,9.152873039245604,7.420000076293945,-1.8200000524520876,-5.53000020980835,0.022167964070799427,resting,
3,right,2176.398230769231,1789025600891,-0.5742979645729065,12.132043838500977,9.346698760986328,7.420000076293945,-1.8200000524520876,-5.53000020980835,0.07485743643202951,resting,
3,right,2176.407846153846,1789025600891,-0.5719050168991089,12.696770668029783,9.411307334899902,7.420000076293945,-1.8200000524520876,-5.53000020980835,0.1320573637270478,resting,
3,right,2176.4174615384613,1789025600891,-0.509689450263977,13.232781410217283,9.463951110839844,7.420000076293945,-1.8200000524520876,-5.53000020980835,0.19349023188586834,resting,
3,right,2176.427076923077,1789025600891,-0.5049036145210266,13.761614799499512,9.423272132873535,7.420000076293945,-1.8200000524520876,-5.53000020980835,0.258524252058189,resting,
3,right,2176.4366923076923,1789025600891,-0.4283305406570434,14.309590339660645,9.301233291625977,7.420000076293945,-1.8200000524520876,-5.53000020980835,0.32680068962597314,ascending,3
3,right,2176.4463076923075,1789025600891,-0.3374000489711761,14.666133880615234,9.157659530639648,7.420000076293945,-1.8200000524520876,-5.53000020980835,0.3967918478491394,ascending,3
3,right,2176.455,1789025600914,-0.2967205941677093,14.742706298828123,9.01887035369873,28.280000686645508,-1.3300000429153442,-3.3600001335144043,0.4598620716117032,ascending,3
3,right,2176.464615384615,1789025600914,-0.2153617292642593,14.546488761901855,9.090658187866213,28.280000686645508,-1.3300000429153442,-3.3600001335144043,0.5287087411590602,ascending,3
3,right,2176.474230769231,1789025600914,-0.1722893863916397,14.328733444213867,9.047585487365724,28.280000686645508,-1.3300000429153442,-3.3600001335144043,0.595751010480565,ascending,3
3,right,2176.483846153846,1789025600914,-0.1722893863916397,13.953046798706056,8.93272590637207,28.280000686645508,-1.3300000429153442,-3.3600001335144043,0.6593644879551678,ascending,3
3,right,2176.4934615384614,1789025600914,-0.1794681102037429,13.407464027404783,8.95665454864502,28.280000686645508,-1.3300000429153442,-3.3600001335144043,0.7191048821730073,ascending,3
3,right,2176.503076923077,1789025600914,-0.2273262739181518,12.825987815856934,9.095443725585938,28.280000686645508,-1.3300000429153442,-3.3600001335144043,0.7753595883735842,ascending,3
3,right,2176.5126923076923,1789025600914,-0.3493645787239074,12.390478134155272,9.22705364227295,28.280000686645508,-1.3300000429153442,-3.3600001335144043,0.8291397833631468,ascending,3
3,right,2176.5223076923075,1789025600914,-0.4044014811515808,12.02196979522705,9.179195404052734,28.280000686645508,-1.3300000429153442,-3.3600001335144043,0.8798485721307463,ascending,3
3,right,2176.531,1789025600989,-0.4283305406570434,11.756357192993164,9.054763793945312,-30.450000762939453,-2.940000057220459,-2.6600000858306885,0.9231799891904544,ascending,3
3,right,2176.540615384615,1789025600989,-0.466617077589035,11.521852493286133,8.985369682312012,-30.450000762939453,-2.940000057220459,-2.6600000858306885,0.9689026264579542,ascending,3
3,right,2176.550230769231,1789025600989,-0.5431901216506958,11.375885009765623,9.004512786865234,-30.450000762939453,-2.940000057220459,-2.6600000858306885,1.0136187072499567,ascending,3
3,right,2176.559846153846,1789025600989,-0.5264397859573364,11.165308952331545,8.93272590637207,-30.450000762939453,-2.940000057220459,-2.6600000858306885,1.0563004222419707,ascending,3
3,right,2176.5694615384614,1789025600989,-0.5742979645729065,11.100700378417969,8.722149848937988,-30.450000762939453,-2.940000057220459,-2.6600000858306885,1.097182748564335,ascending,3
3,right,2176.579076923077,1789025600989,-0.5838695764541626,10.844659805297852,8.645576477050781,-30.450000762939453,-2.940000057220459,-2.6600000858306885,1.1356666935107425,ascending,3
3,right,2176.5886923076923,1789025600989,-0.6173703074455261,10.327791213989258,8.746079444885254,-30.450000762939453,-2.940000057220459,-2.6600000858306885,1.1709457337744258,ascending,3
3,right,2176.598307692308,1789025600989,-0.6436922550201416,9.727170944213867,8.753257751464844,-30.450000762939453,-2.940000057220459,-2.6600000858306885,1.2018636373677005,ascending,3
3,right,2176.606,1789025601065,-0.619763195514679,9.37541389465332,8.729329109191895,-35.90999984741211,-2.7300000190734863,-0.3499999940395355,1.2244306912822496,ascending,3
3,right,2176.6156153846155,1789025601065,-0.6556568145751953,8.997334480285645,8.68147087097168,-35.90999984741211,-2.7300000190734863,-0.3499999940395355,1.2496255445547544,ascending,3
3,right,2176.625230769231,1789025601065,-0.6987291574478149,8.825044631958008,8.621647834777832,-35.90999984741211,-2.7300000190734863,-0.3499999940395355,1.273234175115825,ascending,3
3,right,2176.6348461538464,1789025601065,-0.7226582169532776,8.549860954284668,8.624040603637695,-35.90999984741211,-2.7300000190734863,-0.3499999940395355,1.2949266125862344,ascending,3
3,right,2176.6444615384617,1789025601065,-0.7250511646270752,8.382356643676758,8.418251037597656,-35.90999984741211,-2.7300000190734863,-0.3499999940395355,1.3141362723632566,ascending,3
3,right,2176.6540769230774,1789025601065,-0.746587336063385,8.214853286743164,8.449358940124512,-35.90999984741211,-2.7300000190734863,-0.3499999940395355,1.3324028097353182,ascending,3
3,right,2176.6636923076926,1789025601065,-0.7489802241325378,8.088028907775879,8.487645149230957,-35.90999984741211,-2.7300000190734863,-0.3499999940395355,1.350070682920083,ascending,3
3,right,2176.673307692308,1789025601065,-0.7154794931411743,8.076065063476562,8.494823455810547,-35.90999984741211,-2.7300000190734863,-0.3499999940395355,1.3677392991962172,ascending,3
3,right,2176.682,1789025601140,-0.7394086122512817,8.028206825256348,8.382356643676758,-3.5,-0.699999988079071,1.4700000286102295,1.3827429400502,ascending,3
3,right,2176.691615384615,1789025601140,-0.6867645978927612,7.939669132232666,8.375178337097168,-3.5,-0.699999988079071,1.4700000286102295,1.3986804388201157,ascending,3
3,right,2176.7012307692307,1789025601140,-0.6293348073959351,7.949240684509277,8.42064380645752,-3.5,-0.699999988079071,1.4700000286102295,1.4149883918630786,ascending,3
3,right,2176.710846153846,1789025601140,-0.5766908526420593,7.973169803619385,8.382356643676758,-3.5,-0.699999988079071,1.4700000286102295,1.4312055988959098,ascending,3
3,right,2176.720461538461,1789025601140,-0.5958341360092163,8.04017162322998,8.226818084716797,-3.5,-0.699999988079071,1.4700000286102295,1.4468493767399806,ascending,3
3,right,2176.730076923077,1789025601140,-0.6149773597717285,8.0736722946167,8.16699504852295,-3.5,-0.699999988079071,1.4700000286102295,1.4623272299341201,ascending,3
3,right,2176.739692307692,1789025601140,-0.6389064788818359,8.07127857208252,8.107172966003418,-3.5,-0.699999988079071,1.4700000286102295,1.4773918274683215,ascending,3
3,right,2176.7493076923074,1789025601140,-0.7178724408149719,8.13349437713623,8.004277229309082,-3.5,-0.699999988079071,1.4700000286102295,1.4922061294993771,ascending,3
3,right,2176.758,1789025601216,-0.7561589479446411,8.05452823638916,7.8463454246521,22.1200008392334,0.2100000083446502,2.799999952316284,1.504155426693372,ascending,3
3,right,2176.767615384615,1789025601216,-0.8327320218086243,8.006670951843262,7.7673797607421875,22.1200008392334,0.2100000083446502,2.799999952316284,1.5165313882170826,ascending,3
3,right,2176.7772307692308,1789025601216,-0.923662543296814,7.965991020202637,7.695592403411865,22.1200008392334,0.2100000083446502,2.799999952316284,1.5281683363837035,ascending,3
3,right,2176.786846153846,1789025601216,-0.95477032661438,7.942061901092529,7.542446136474609,22.1200008392334,0.2100000083446502,2.799999952316284,1.538634201807625,ascending,3
3,right,2176.796461538461,1789025601216,-0.9140908718109132,7.992312908172607,7.245725631713867,22.1200008392334,0.2100000083446502,2.799999952316284,1.547490863117333,ascending,3
3,right,2176.806076923077,1789025601216,-0.9475916028022766,7.894203662872314,7.011220932006836,22.1200008392334,0.2100000083446502,2.799999952316284,1.554141394327853,ascending,3
3,right,2176.815692307692,1789025601216,-0.9356270432472228,7.841559886932373,6.810216426849365,22.1200008392334,0.2100000083446502,2.799999952316284,1.5591216611431864,ascending,3
3,right,2176.8253076923074,1789025601216,-0.8686256408691406,7.693199634552002,6.592461585998535,22.1200008392334,0.2100000083446502,2.799999952316284,1.5616379824201114,ascending,3
3,right,2176.835,1789025601306,-0.7705163955688477,7.571161270141602,6.326848983764648,34.86000061035156,0.2100000083446502,3.990000009536743,1.5615694941875797,ascending,3
3,right,2176.8446153846157,1789025601306,-0.7394086122512817,7.535267353057861,6.0325212478637695,34.86000061035156,0.2100000083446502,3.990000009536743,1.5593812927677124,ascending,3
3,right,2176.854230769231,1789025601306,-0.588655412197113,7.429979801177978,5.872196674346924,34.86000061035156,0.2100000083446502,3.990000009536743,1.555408663095903,ascending,3
3,right,2176.863846153846,1789025601306,-0.5431901216506958,7.276833534240723,5.585047721862793,34.86000061035156,0.2100000083446502,3.990000009536743,1.5485399549248176,ascending,3
3,right,2176.873461538461,1789025601306,-0.4785816073417663,7.212224960327148,5.39122200012207,34.86000061035156,0.2100000083446502,3.990000009536743,1.5400112685112695,ascending,3
3,right,2176.883076923077,1789025601306,-0.4235447347164154,7.075829029083252,5.161502838134766,34.86000061035156,0.2100000083446502,3.990000009536743,1.5290864579880197,ascending,3
3,right,2176.8926923076924,1789025601306,-0.368507832288742,7.006434917449951,4.850424766540527,34.86000061035156,0.2100000083446502,3.990000009536743,1.5157728335858616,ascending,3
3,right,2176.902307692308,1789025601306,-0.3302213251590729,6.829359531402588,4.56566858291626,34.86000061035156,0.2100000083446502,3.990000009536743,1.4994573066951788,ascending,3
3,right,2176.91,1789025601365,-0.3062922358512878,6.716893196105957,4.328770637512207,33.38999938964844,-0.1400000005960464,4.550000190734863,1.4846221687047185,ascending,3
3,right,2176.919615384615,1789025601365,-0.2536482512950897,6.609211921691895,4.067943572998047,33.38999938964844,-0.1400000005960464,4.550000190734863,1.4637603885446948,ascending,3
3,right,2176.929230769231,1789025601365,-0.3062922358512878,6.508709907531738,3.809509754180908,33.38999938964844,-0.1400000005960464,4.550000190734863,1.4406943189622927,ascending,3
3,right,2176.938846153846,1789025601365,-0.2943277060985565,6.386671543121338,3.618077039718628,33.38999938964844,-0.1400000005960464,4.550000190734863,1.4156518750506326,ascending,3
3,right,2176.9484615384613,1789025601365,-0.3062922358512878,6.178488731384277,3.452966451644897,33.38999938964844,-0.1400000005960464,4.550000190734863,1.3881408376225601,ascending,3
3,right,2176.958076923077,1789025601365,-0.3134709596633911,5.948769569396973,3.268712520599365,33.38999938964844,-0.1400000005960464,4.550000190734863,1.35786844069769,ascending,3
3,right,2176.967692307692,1789025601365,-0.3469716608524322,5.79083776473999,3.189746379852295,33.38999938964844,-0.1400000005960464,4.550000190734863,1.3259977861634666,ascending,3
3,right,2176.9773076923075,1789025601365,-0.387651115655899,5.7238359451293945,3.0030996799468994,33.38999938964844,-0.1400000005960464,4.550000190734863,1.2926190056370128,ascending,3
3,right,2176.986,1789025601455,-0.4355092644691467,5.520439147949219,3.02942156791687,23.170000076293945,0.0700000002980232,4.550000190734863,1.2612015219624224,ascending,3
3,right,2176.995615384615,1789025601455,-0.3996156454086303,5.388829231262207,2.7853450775146484,23.170000076293945,0.0700000002980232,4.550000190734863,1.224086426874403,ascending,3
3,right,2177.005230769231,1789025601455,-0.4546525478363037,5.22611141204834,2.7638089656829834,23.170000076293945,0.0700000002980232,4.550000190734863,1.1856411082882818,ascending,3
3,right,2177.014846153846,1789025601455,-0.4187589287757873,5.144752502441406,2.605876922607422,23.170000076293945,0.0700000002980232,4.550000190734863,1.145718185181189,ascending,3
3,right,2177.0244615384613,1789025601455,-0.4402951002120971,5.015535354614258,2.5747690200805664,23.170000076293945,0.0700000002980232,4.550000190734863,1.1046613879980778,ascending,3
3,right,2177.034076923077,1789025601455,-0.461831271648407,4.838459968566895,2.4120514392852783,23.170000076293945,0.0700000002980232,4.550000190734863,1.0613657319013192,ascending,3
3,right,2177.0436923076923,1789025601455,-0.4091872870922088,4.603955268859863,2.464695453643799,23.170000076293945,0.0700000002980232,4.550000190734863,1.0165423135362983,ascending,3
3,right,2177.0533076923075,1789025601455,-0.3613291084766388,4.3239850997924805,2.3976938724517822,23.170000076293945,0.0700000002980232,4.550000190734863,0.9691686783039203,ascending,3
3,right,2177.062,1789025601530,-0.3661149442195892,3.996156454086304,2.4981961250305176,-2.309999942779541,-0.2800000011920929,3.569999933242798,0.9245065576613922,ascending,3
3,right,2177.071615384615,1789025601530,-0.3182567656040191,3.8047239780426025,2.555625915527344,-2.309999942779541,-0.2800000011920929,3.569999933242798,0.8739108759884898,ascending,3
3,right,2177.081230769231,1789025601530,-0.3350071310997009,3.5534684658050537,2.522125244140625,-2.309999942779541,-0.2800000011920929,3.569999933242798,0.8211695989884427,ascending,3
3,right,2177.090846153846,1789025601530,-0.2871489822864532,3.187353610992432,2.5053746700286865,-2.309999942779541,-0.2800000011920929,3.569999933242798,0.7654551360196091,ascending,3
3,right,2177.1004615384613,1789025601530,-0.2010042816400528,3.110780477523804,2.368978977203369,-2.309999942779541,-0.2800000011920929,3.569999933242798,0.7084030312960997,ascending,3
3,right,2177.110076923077,1789025601530,-0.1555390208959579,2.8547394275665283,2.464695453643799,-2.309999942779541,-0.2800000011920929,3.569999933242798,0.6498673989846556,ascending,3
3,right,2177.1196923076923,1789025601530,-0.0957163274288177,2.730308055877685,2.242154836654663,-2.309999942779541,-0.2800000011920929,3.569999933242798,0.589152547480686,ascending,3
3,right,2177.1293076923075,1789025601530,-0.0885375961661338,2.713557720184326,2.263690948486328,-2.309999942779541,-0.2800000011920929,3.569999933242798,0.528451816015843,ascending,3
3,right,2177.137,1789025601606,-0.0143574485555291,2.605876922607422,2.234976053237915,-10.43000030517578,-0.9800000190734864,2.450000047683716,0.4790978989799344,ascending,3
3,right,2177.1466153846154,1789025601606,-0.0119645409286022,2.54366135597229,2.2469406127929688,-10.43000030517578,-0.9800000190734864,2.450000047683716,0.4170156083136872,ascending,3
3,right,2177.156230769231,1789025601606,0.0071787242777645,2.471873998641968,2.21343994140625,-10.43000030517578,-0.9800000190734864,2.450000047683716,0.35421715174620905,ascending,3
3,right,2177.1658461538464,1789025601606,0.033500712364912,2.5101606845855717,2.3354783058166504,-10.43000030517578,-0.9800000190734864,2.450000047683716,0.2924263036169897,ascending,3
3,right,2177.1754615384616,1789025601606,0.0287148971110582,2.431194543838501,2.390515089035034,-10.43000030517578,-0.9800000190734864,2.450000047683716,0.2303574981577011,ascending,3
3,right,2177.1850769230773,1789025601606,-0.0263219885528087,2.550840139389038,2.507767677307129,-10.43000030517578,-0.9800000190734864,2.450000047683716,0.16992454277607127,ascending,3
3,right,2177.1946923076925,1789025601606,0.0071787242777645,2.61305570602417,2.54366135597229,-10.43000030517578,-0.9800000190734864,2.450000047683716,0.1102133573916116,ascending,3
3,right,2177.204307692308,1789025601606,-0.0406794361770153,2.775773286819458,2.5245180130004883,-10.43000030517578,-0.9800000190734864,2.450000047683716,0.05171429499455382,ascending,3
3,right,2177.214,1789025601680,-0.0598227009177207,2.9672060012817383,2.579555034637451,0.0,-0.0700000002980232,2.240000009536743,-0.005401600128604203,resting,
3,right,2177.223615384615,1789025601680,-0.0550368875265121,3.1227450370788574,2.584340810775757,0.0,-0.0700000002980232,2.240000009536743,-0.060792710839797356,resting,
3,right,2177.233230769231,1789025601680,-0.1076808646321296,3.378786325454712,2.5628044605255127,0.0,-0.0700000002980232,2.240000009536743,-0.11426572893288159,resting,
3,right,2177.242846153846,1789025601680,-0.1220383122563362,3.56782603263855,2.696807384490967,0.0,-0.0700000002980232,2.240000009536743,-0.165484788863912,resting,
3,right,2177.2524615384614,1789025601680,-0.0933234170079231,3.8597607612609854,2.6561279296875,0.0,-0.0700000002980232,2.240000009536743,-0.21462259099104597,resting,
3,right,2177.262076923077,1789025601680,-0.1387886703014373,4.055979251861572,2.754237174987793,0.0,-0.0700000002980232,2.240000009536743,-0.26164889046443407,descending,
3,right,2177.2716923076923,1789025601680,-0.1986113786697387,4.170838832855225,2.86431097984314,0.0,-0.0700000002980232,2.240000009536743,-0.30713409168594313,descending,
3,right,2177.281307692308,1789025601680,-0.181861013174057,4.21869707107544,2.943276882171631,0.0,-0.0700000002980232,2.240000009536743,-0.3517849592990959,descending,
3,right,2177.29,1789025601755,-0.1698964685201645,4.247411727905273,3.2232472896575928,-12.460000038146973,-0.699999988079071,1.680000066757202,-0.3905177352928878,descending,
3,right,2177.299615384615,1789025601755,-0.1770751923322677,4.321591854095459,3.510396242141724,-12.460000038146973,-0.699999988079071,1.680000066757202,-0.4311524141439586,descending,
3,right,2177.309230769231,1789025601755,-0.205790102481842,4.362271308898926,3.756865739822388,-12.460000038146973,-0.699999988079071,1.680000066757202,-0.47005721870485856,descending,
3,right,2177.318846153846,1789025601755,-0.2488624453544616,4.405344009399414,3.94111967086792,-12.460000038146973,-0.699999988079071,1.680000066757202,-0.5075568165679835,descending,
3,right,2177.3284615384614,1789025601755,-0.2823631465435028,4.489095687866211,4.053586483001709,-12.460000038146973,-0.699999988079071,1.680000066757202,-0.5437374404500068,descending,
3,right,2177.338076923077,1789025601755,-0.3062922358512878,4.429272651672363,4.089479923248291,-12.460000038146973,-0.699999988079071,1.680000066757202,-0.5801476738795674,descending,
3,right,2177.3476923076923,1789025601755,-0.3445787727832794,4.484309673309326,4.048800468444824,-12.460000038146973,-0.699999988079071,1.680000066757202,-0.6163287726374849,descending,
3,right,2177.357307692308,1789025601755,-0.2680056989192962,4.639848709106445,4.008121013641357,-12.460000038146973,-0.699999988079071,1.680000066757202,-0.651515002922365,descending,
3,right,2177.366,1789025601830,-0.2368979007005691,4.694885730743408,4.065550804138184,-16.239999771118164,-1.8200000524520876,1.2599999904632568,-0.6826210006817633,descending,
3,right,2177.3756153846152,1789025601830,-0.2273262739181518,4.752315521240234,4.101444244384766,-16.239999771118164,-1.8200000524520876,1.2599999904632568,-0.7163541112621352,descending,
3,right,2177.385230769231,1789025601830,-0.2129688262939453,4.814530849456787,4.005728244781494,-16.239999771118164,-1.8200000524520876,1.2599999904632568,-0.7501334379768645,descending,
3,right,2177.394846153846,1789025601830,-0.1890397369861602,4.886318206787109,4.139730930328369,-16.239999771118164,-1.8200000524520876,1.2599999904632568,-0.7825647284562867,descending,
3,right,2177.4044615384614,1789025601830,-0.260826975107193,4.938962459564209,4.312020301818848,-16.239999771118164,-1.8200000524520876,1.2599999904632568,-0.813564365576301,descending,
3,right,2177.414076923077,1789025601830,-0.2919347882270813,4.917426109313965,4.520203590393066,-16.239999771118164,-1.8200000524520876,1.2599999904632568,-0.8434890971248762,descending,
3,right,2177.4236923076924,1789025601830,-0.3326142132282257,5.075357913970947,4.692492961883545,-16.239999771118164,-1.8200000524520876,1.2599999904632568,-0.8711600507576525,descending,
3,right,2177.433307692308,1789025601830,-0.3517574965953827,5.218932628631592,4.74752950668335,-16.239999771118164,-1.8200000524520876,1.2599999904632568,-0.8973762740955189,descending,
3,right,2177.441,1789025601908,-0.3445787727832794,5.4486517906188965,4.86956787109375,-12.880000114440918,-1.8200000524520876,-0.2800000011920929,-0.9163583684981919,descending,
3,right,2177.450615384615,1789025601908,-0.3421858549118042,5.764515399932861,4.943747997283936,-12.880000114440918,-1.8200000524520876,-0.2800000011920929,-0.937228011391625,descending,
3,right,2177.4602307692307,1789025601908,-0.3469716608524322,6.152166843414307,4.781030178070068,-12.880000114440918,-1.8200000524520876,-0.2800000011920929,-0.9561173262346682,descending,
3,right,2177.469846153846,1789025601908,-0.3732936680316925,6.539817810058594,4.73077917098999,-12.880000114440918,-1.8200000524520876,-0.2800000011920929,-0.9723674278072776,descending,
3,right,2177.479461538461,1789025601908,-0.3972227573394775,6.843717098236084,4.778637409210205,-12.880000114440918,-1.8200000524520876,-0.2800000011920929,-0.9860313402856054,descending,
3,right,2177.489076923077,1789025601908,-0.4187589287757873,6.958576679229736,4.886318206787109,-12.880000114440918,-1.8200000524520876,-0.2800000011920929,-0.9981801958476562,descending,
3,right,2177.498692307692,1789025601908,-0.4953319728374481,6.855681896209717,5.070572376251221,-12.880000114440918,-1.8200000524520876,-0.2800000011920929,-1.0099888478126744,descending,
3,right,2177.5083076923074,1789025601908,-0.5072965025901794,6.795858860015869,5.13039493560791,-12.880000114440918,-1.8200000524520876,-0.2800000011920929,-1.021880552840614,descending,
3,right,2177.517,1789025601986,-0.5790837407112122,6.862860202789307,5.412757873535156,-9.520000457763672,-1.8899999856948853,-1.0499999523162842,-1.0306279059768126,descending,
3,right,2177.526615384615,1789025601986,-0.6269419193267822,6.925076007843018,5.640084266662598,-9.520000457763672,-1.8899999856948853,-1.0499999523162842,-1.038452447795025,descending,
3,right,2177.5362307692308,1789025601986,-0.6077986359596252,7.027971267700195,5.85066032409668,-9.520000457763672,-1.8899999856948853,-1.0499999523162842,-1.0442294177651905,descending,
3,right,2177.545846153846,1789025601986,-0.6317277550697327,7.16197395324707,5.912876129150391,-9.520000457763672,-1.8899999856948853,-1.0499999523162842,-1.0486115417428583,descending,
3,right,2177.5554615384613,1789025601986,-0.6819788217544556,7.463480472564697,5.908090114593506,-9.520000457763672,-1.8899999856948853,-1.0499999523162842,-1.0507500021605998,descending,
3,right,2177.565076923077,1789025601986,-0.6700142621994019,7.800880432128906,5.912876129150391,-9.520000457763672,-1.8899999856948853,-1.0499999523162842,-1.0503386340799792,descending,
3,right,2177.574692307692,1789025601986,-0.5814766883850098,8.188531875610352,6.034914016723633,-9.520000457763672,-1.8899999856948853,-1.0499999523162842,-1.0463161704904398,descending,
3,right,2177.5843076923074,1789025601986,-0.5647262930870056,8.451751708984375,6.133023262023926,-9.520000457763672,-1.8899999856948853,-1.0499999523162842,-1.03974146994012,descending,
3,right,2177.593,1789025602054,-0.5360113978385925,8.760436058044434,6.247882843017578,9.65999984741211,-2.0999999046325684,-2.0299999713897705,-1.0310799877428554,descending,
3,right,2177.602615384615,1789025602054,-0.4809745252132416,9.0978364944458,6.465637683868408,9.65999984741211,-2.0999999046325684,-2.0299999713897705,-1.017660712358741,descending,
3,right,2177.612230769231,1789025602054,-0.44268798828125,9.31319808959961,6.6786065101623535,9.65999984741211,-2.0999999046325684,-2.0299999713897705,-1.001345403335452,descending,
3,right,2177.621846153846,1789025602054,-0.4498667120933532,9.526166915893556,6.800644874572754,9.65999984741211,-2.0999999046325684,-2.0299999713897705,-0.982686937590309,descending,
3,right,2177.6314615384613,1789025602054,-0.3756865561008453,9.6697416305542,6.965755462646484,9.65999984741211,-2.0999999046325684,-2.0299999713897705,-0.961975548126754,descending,
3,right,2177.641076923077,1789025602054,-0.3493645787239074,9.846817016601562,7.171545505523682,9.65999984741211,-2.0999999046325684,-2.0299999713897705,-0.9387086859632978,descending,
3,right,2177.650692307692,1789025602054,-0.339792937040329,9.925783157348633,7.327084541320801,9.65999984741211,-2.0999999046325684,-2.0299999713897705,-0.9139278264921769,descending,
3,right,2177.6603076923075,1789025602054,-0.339792937040329,10.09567928314209,7.329477310180664,9.65999984741211,-2.0999999046325684,-2.0299999713897705,-0.8878443384040865,descending,
3,right,2177.67,1789025602130,-0.3326142132282257,10.047821044921877,7.451515674591064,-6.019999980926514,-3.150000095367432,-2.5199999809265137,-0.8612103921292189,descending,
3,right,2177.6796153846158,1789025602130,-0.3996156454086303,9.923389434814451,7.547232151031494,-6.019999980926514,-3.150000095367432,-2.5199999809265137,-0.8351667285653818,descending,
3,right,2177.689230769231,1789025602130,-0.4355092644691467,9.743921279907228,7.762593746185303,-6.019999980926514,-3.150000095367432,-2.5199999809265137,-0.8092234003118861,descending,
3,right,2177.6988461538463,1789025602130,-0.5192610621452332,9.657776832580566,7.92531156539917,-6.019999980926514,-3.150000095367432,-2.5199999809265137,-0.782956833895771,descending,
3,right,2177.708461538461,1789025602130,-0.5862624645233154,9.576417922973633,7.939669132232666,-6.019999980926514,-3.150000095367432,-2.5199999809265137,-0.7572053427697057,descending,
3,right,2177.718076923077,1789025602130,-0.6030128598213196,9.621883392333984,8.004277229309082,-6.019999980926514,-3.150000095367432,-2.5199999809265137,-0.7307248775783588,descending,
3,right,2177.7276923076925,1789025602130,-0.6412993669509888,9.815709114074709,8.06410026550293,-6.019999980926514,-3.150000095367432,-2.5199999809265137,-0.7024186350906487,descending,
3,right,2177.737307692308,1789025602130,-0.6604426503181458,9.90424633026123,8.076065063476562,-6.019999980926514,-3.150000095367432,-2.5199999809265137,-0.6733746785235352,descending,
3,right,2177.745,1789025602207,-0.6915504336357117,10.062178611755373,8.006670951843262,-6.720000267028809,-4.269999980926514,-3.009999990463257,-0.6495210881745533,descending,
3,right,2177.754615384615,1789025602207,-0.7370156645774841,10.150715827941896,7.939669132232666,-6.720000267028809,-4.269999980926514,-3.009999990463257,-0.6194397303046348,descending,
3,right,2177.764230769231,1789025602207,-0.7776951193809509,10.323005676269531,7.961205005645752,-6.720000267028809,-4.269999980926514,-3.009999990463257,-0.587938996220001,descending,
3,right,2177.773846153846,1789025602207,-0.844696581363678,10.39718532562256,7.858310222625732,-6.720000267028809,-4.269999980926514,-3.009999990463257,-0.5564958416314034,descending,
3,right,2177.7834615384613,1789025602207,-0.8829830884933472,10.497687339782717,7.764986991882324,-6.720000267028809,-4.269999980926514,-3.009999990463257,-0.5248679503808328,descending,
3,right,2177.793076923077,1789025602207,-0.9786993861198424,10.311040878295898,7.788915634155273,-6.720000267028809,-4.269999980926514,-3.009999990463257,-0.4944828314472673,descending,
3,right,2177.8026923076923,1789025602207,-1.0337363481521606,10.167466163635254,7.721914291381836,-6.720000267028809,-4.269999980926514,-3.009999990463257,-0.46557665513035124,descending,
3,right,2177.8123076923075,1789025602207,-1.0098072290420532,9.913818359375,7.695592403411865,-6.720000267028809,-4.269999980926514,-3.009999990463257,-0.438739272921585,descending,
3,right,2177.821,1789025602281,-1.012200117111206,9.650598526000977,7.764986991882324,-3.0799999237060547,-4.550000190734863,-2.0999999046325684,-0.4158804885062824,descending,
3,right,2177.830615384615,1789025602281,-1.0265575647354126,9.298840522766112,7.652520179748535,-3.0799999237060547,-4.550000190734863,-2.0999999046325684,-0.3938978466256115,descending,
3,right,2177.840230769231,1789025602281,-0.9667348861694336,9.315590858459473,7.635769844055176,-3.0799999237060547,-4.550000190734863,-2.0999999046325684,-0.3719157315802438,descending,
3,right,2177.849846153846,1789025602281,-0.9499844908714294,9.284482955932615,7.666877746582031,-3.0799999237060547,-4.550000190734863,-2.0999999046325684,-0.3499864683066857,descending,
3,right,2177.8594615384613,1789025602281,-0.9475916028022766,9.071514129638672,7.671663284301758,-3.0799999237060547,-4.550000190734863,-2.0999999046325684,-0.329617944193365,descending,
3,right,2177.869076923077,1789025602281,-0.9380199909210204,8.887260437011719,7.609447956085205,-3.0799999237060547,-4.550000190734863,-2.0999999046325684,-0.31100283426648234,descending,
3,right,2177.8786923076923,1789025602281,-0.9475916028022766,8.839402198791504,7.5998759269714355,-3.0799999237060547,-4.550000190734863,-2.0999999046325684,-0.2927972563062676,descending,
3,right,2177.8883076923075,1789025602281,-1.0050214529037476,8.875295639038086,7.681234836578369,-3.0799999237060547,-4.550000190734863,-2.0999999046325684,-0.27380327339372346,descending,
3,right,2177.897,1789025602356,-0.9619490504264832,8.918368339538574,7.748236179351807,-10.710000038146973,-5.179999828338623,-2.940000057220459,-0.2559890647096706,descending,
3,right,2177.906615384615,1789025602356,-0.9858781099319458,9.026049613952637,7.697985172271728,-10.710000038146973,-5.179999828338623,-2.940000057220459,-0.23578232361784407,descending,
3,right,2177.916230769231,1789025602356,-0.923662543296814,8.92554759979248,7.659698963165283,-10.710000038146973,-5.179999828338623,-2.940000057220459,-0.21658299706606646,descending,
3,right,2177.925846153846,1789025602356,-0.9069121479988098,8.887260437011719,7.753022193908691,-10.710000038146973,-5.179999828338623,-2.940000057220459,-0.19709873886244347,descending,
3,right,2177.9354615384614,1789025602356,-0.825553297996521,8.927940368652344,7.784130096435547,-10.710000038146973,-5.179999828338623,-2.940000057220459,-0.17716627577067237,descending,
3,right,2177.945076923077,1789025602356,-0.758551836013794,9.03562068939209,7.657305717468262,-10.710000038146973,-5.179999828338623,-2.940000057220459,-0.15727336775497258,descending,
3,right,2177.9546923076923,1789025602356,-0.7394086122512817,9.038013458251951,7.5998759269714355,-10.710000038146973,-5.179999828338623,-2.940000057220459,-0.1377390927841889,descending,
3,right,2177.964307692308,1789025602356,-0.5790837407112122,9.021263122558594,7.547232151031494,-10.710000038146973,-5.179999828338623,-2.940000057220459,-0.11875049751022193,descending,
3,right,2177.973,1789025602429,-0.5575475692749023,9.066728591918944,7.52569580078125,11.199999809265137,-4.409999847412109,-1.190000057220459,-0.10141931915808704,descending,
3,right,2177.982615384615,1789025602429,-0.44268798828125,9.095443725585938,7.674056053161621,11.199999809265137,-4.409999847412109,-1.190000057220459,-0.0811817453735981,descending,
3,right,2177.992230769231,1789025602429,-0.368507832288742,9.12415885925293,7.654912948608398,11.199999809265137,-4.409999847412109,-1.190000057220459,-0.060893205983857564,descending,
3,right,2178.001846153846,1789025602429,-0.3278284072875976,9.229446411132812,7.520910263061523,11.199999809265137,-4.409999847412109,-1.190000057220459,-0.04067851007042462,descending,
3,right,2178.0114615384614,1789025602429,-0.2775773406028747,9.308412551879885,7.429979801177978,11.199999809265137,-4.409999847412109,-1.190000057220459,-0.020462866949687707,descending,
3,right,2178.021076923077,1789025602429,-0.3062922358512878,9.301233291625977,7.425193786621094,11.199999809265137,-4.409999847412109,-1.190000057220459,-0.00031695368017187864,resting,
3,right,2178.0306923076923,1789025602429,-0.3493645787239074,9.418486595153809,7.418015003204346,11.199999809265137,-4.409999847412109,-1.190000057220459,0.020672166002047267,resting,
3,right,2178.040307692308,1789025602429,-0.4020085632801056,9.612311363220217,7.377335548400879,11.199999809265137,-4.409999847412109,-1.190000057220459,0.042877578083354656,resting,
3,right,2178.049,1789025602539,-0.5312256217002869,9.75588607788086,7.322298526763916,15.75,-4.690000057220459,0.1400000005960464,0.06367012553901626,resting,
3,right,2178.058615384615,1789025602539,-0.6149773597717285,9.949711799621582,7.272047519683838,15.75,-4.690000057220459,0.1400000005960464,0.08786050262841445,resting,
3,right,2178.068230769231,1789025602539,-0.746587336063385,10.275147438049316,7.348620891571045,15.75,-4.690000057220459,0.1400000005960464,0.11501679590243609,resting,
3,right,2178.077846153846,1789025602539,-0.8590540289878845,10.665191650390623,7.432372570037842,15.75,-4.690000057220459,0.1400000005960464,0.14565665238102796,resting,
3,right,2178.0874615384614,1789025602539,-0.9404128789901732,11.012163162231444,7.508945465087891,15.75,-4.690000057220459,0.1400000005960464,0.17940540688004517,ascending,4
3,right,2178.097076923077,1789025602539,-1.0002355575561523,11.368706703186035,7.671663284301758,15.75,-4.690000057220459,0.1400000005960464,0.21684126815929847,ascending,4
3,right,2178.1066923076924,1789025602539,-1.0528795719146729,11.777894020080566,7.808059215545654,15.75,-4.690000057220459,0.1400000005960464,0.2582069419062319,ascending,4
3,right,2178.116307692308,1789025602539,-1.0839873552322388,12.23972511291504,7.965991020202637,15.75,-4.690000057220459,0.1400000005960464,0.30402476427937963,ascending,4
3,right,2178.125,1789025602580,-1.0839873552322388,12.65609073638916,8.080850601196289,16.170000076293945,-4.199999809265137,1.1200000047683716,0.3489216090550036,ascending,4
3,right,2178.1346153846152,1789025602580,-1.0552724599838257,13.101171493530272,8.186138153076172,16.170000076293945,-4.199999809265137,1.1200000047683716,0.40259176187780643,ascending,4
3,right,2178.144230769231,1789025602580,-1.079201579093933,13.570181846618652,8.399106979370117,16.170000076293945,-4.199999809265137,1.1200000047683716,0.46110266752378565,ascending,4
3,right,2178.153846153846,1789025602580,-1.0457007884979248,13.941082954406738,8.348855972290039,16.170000076293945,-4.199999809265137,1.1200000047683716,0.522159606047795,ascending,4
3,right,2178.163461538461,1789025602580,-1.0265575647354126,14.106193542480469,8.336892127990723,16.170000076293945,-4.199999809265137,1.1200000047683716,0.5844209852021117,ascending,4
3,right,2178.173076923077,1789025602580,-0.9858781099319458,14.012869834899902,8.418251037597656,16.170000076293945,-4.199999809265137,1.1200000047683716,0.6464328707242131,ascending,4
3,right,2178.1826923076924,1789025602580,-0.9451987147331238,13.80229377746582,8.48285961151123,16.170000076293945,-4.199999809265137,1.1200000047683716,0.7071887544283821,ascending,4
3,right,2178.192307692308,1789025602580,-0.9571632146835328,13.57496738433838,8.442179679870605,16.170000076293945,-4.199999809265137,1.1200000047683716,0.7659661216441284,ascending,4
3,right,2178.201,1789025602655,-0.8686256408691406,13.338069915771484,8.370392799377441,-15.399999618530272,-5.599999904632568,2.309999942779541,0.816999359612301,ascending,4
3,right,2178.2106153846157,1789025602655,-0.8566610813140869,13.01263427734375,8.320141792297363,-15.399999618530272,-5.599999904632568,2.309999942779541,0.8705938824928152,ascending,4
3,right,2178.220230769231,1789025602655,-0.844696581363678,12.36176300048828,8.174174308776855,-15.399999618530272,-5.599999904632568,2.309999942779541,0.918286821313615,ascending,4
3,right,2178.229846153846,1789025602655,-0.7800880670547485,11.878396034240724,7.894203662872314,-15.399999618530272,-5.599999904632568,2.309999942779541,0.9605854949271069,ascending,4
3,right,2178.239461538461,1789025602655,-0.7011220455169678,11.454851150512695,7.5998759269714355,-15.399999618530272,-5.599999904632568,2.309999942779541,0.997865633982323,ascending,4
3,right,2178.249076923077,1789025602655,-0.6269419193267822,11.079164505004885,7.262475967407227,-15.399999618530272,-5.599999904632568,2.309999942779541,1.0302464103114148,ascending,4
3,right,2178.2586923076924,1789025602655,-0.5192610621452332,10.557510375976562,7.295976638793945,-15.399999618530272,-5.599999904632568,2.309999942779541,1.0587768026457884,ascending,4
3,right,2178.268307692308,1789025602655,-0.4283305406570434,10.007142066955566,7.252904415130615,-15.399999618530272,-5.599999904632568,2.309999942779541,1.0828186139415725,ascending,4
3,right,2178.277,1789025602745,-0.3996156454086303,9.607525825500488,7.195474624633789,-43.33000183105469,-6.159999847412109,2.240000009536743,1.1014724324044998,ascending,4
3,right,2178.2866153846157,1789025602745,-0.3493645787239074,9.198338508605955,7.288797855377197,-43.33000183105469,-6.159999847412109,2.240000009536743,1.119536083159783,ascending,4
3,right,2178.296230769231,1789025602745,-0.3206496834754944,8.755650520324707,7.406050682067871,-43.33000183105469,-6.159999847412109,2.240000009536743,1.1349762185901342,ascending,4
3,right,2178.3058461538462,1789025602745,-0.3230426013469696,8.363213539123535,7.662091732025146,-43.33000183105469,-6.159999847412109,2.240000009536743,1.149075300045816,ascending,4
3,right,2178.315461538461,1789025602745,-0.2512553632259369,7.946847915649414,7.985134124755859,-43.33000183105469,-6.159999847412109,2.240000009536743,1.162120008063009,ascending,4
3,right,2178.325076923077,1789025602745,-0.3326142132282257,7.796094417572021,8.111958503723145,-43.33000183105469,-6.159999847412109,2.240000009536743,1.1749466824530497,ascending,4
3,right,2178.3346923076924,1789025602745,-0.3421858549118042,7.841559886932373,8.233996391296387,-43.33000183105469,-6.159999847412109,2.240000009536743,1.188957590399296,ascending,4
3,right,2178.344307692308,1789025602745,-0.4498667120933532,7.980348587036133,8.320141792297363,-43.33000183105469,-6.159999847412109,2.240000009536743,1.2046192885562232,ascending,4
3,right,2178.352,1789025602822,-0.4331163763999939,8.032992362976074,8.291426658630371,-21.700000762939453,-4.199999809265137,2.1700000762939453,1.2173259605625943,ascending,4
3,right,2178.361615384615,1789025602822,-0.540797233581543,7.951633453369141,8.391928672790527,-21.700000762939453,-4.199999809265137,2.1700000762939453,1.23332810942016,ascending,4
3,right,2178.371230769231,1789025602822,-0.5814766883850098,7.975562572479248,8.406286239624023,-21.700000762939453,-4.199999809265137,2.1700000762939453,1.2496373954163553,ascending,4
3,right,2178.380846153846,1789025602822,-0.6700142621994019,8.080850601196289,8.368000030517578,-21.700000762939453,-4.199999809265137,2.1700000762939453,1.2664943415794447,ascending,4
3,right,2178.3904615384613,1789025602822,-0.6317277550697327,8.157423973083496,8.186138153076172,-21.700000762939453,-4.199999809265137,2.1700000762939453,1.282720727908809,ascending,4
3,right,2178.400076923077,1789025602822,-0.6149773597717285,8.092815399169922,8.186138153076172,-21.700000762939453,-4.199999809265137,2.1700000762939453,1.298504100701076,ascending,4
3,right,2178.409692307692,1789025602822,-0.5647262930870056,7.910953998565674,8.248353958129883,-21.700000762939453,-4.199999809265137,2.1700000762939453,1.3134306841223817,ascending,4
3,right,2178.4193076923075,1789025602822,-0.5025107264518738,7.855917453765869,8.188531875610352,-21.700000762939453,-4.199999809265137,2.1700000762939453,1.3275835493704298,ascending,4
3,right,2178.428,1789025602897,-0.4379021823406219,7.738664627075195,8.095208168029785,11.970000267028809,-3.0799999237060547,3.3600001335144043,1.3390612262820039,ascending,4
3,right,2178.437615384615,1789025602897,-0.4044014811515808,7.642948627471924,7.997098922729492,11.970000267028809,-3.0799999237060547,3.3600001335144043,1.3504256756275246,ascending,4
3,right,2178.447230769231,1789025602897,-0.363722026348114,7.566375255584717,7.9013824462890625,11.970000267028809,-3.0799999237060547,3.3600001335144043,1.3606064394247894,ascending,4
3,right,2178.456846153846,1789025602897,-0.3613291084766388,7.487409591674805,7.884632110595703,11.970000267028809,-3.0799999237060547,3.3600001335144043,1.3701182919190231,ascending,4
3,right,2178.4664615384613,1789025602897,-0.4402951002120971,7.628591060638428,7.709949970245361,11.970000267028809,-3.0799999237060547,3.3600001335144043,1.379465274908944,ascending,4
3,right,2178.476076923077,1789025602897,-0.4594383537769317,7.86548900604248,7.566375255584717,11.970000267028809,-3.0799999237060547,3.3600001335144043,1.3895127354916832,ascending,4
3,right,2178.4856923076923,1789025602897,-0.509689450263977,8.025814056396484,7.339049339294434,11.970000267028809,-3.0799999237060547,3.3600001335144043,1.3991888628539062,ascending,4
3,right,2178.4953076923075,1789025602897,-0.569512128829956,8.121530532836914,7.109330177307129,11.970000267028809,-3.0799999237060547,3.3600001335144043,1.4080424277831611,ascending,4
3,right,2178.505,1789025602970,-0.6125844717025757,8.183745384216309,6.891575336456299,41.43999862670898,-1.75,3.150000095367432,1.416014103755607,ascending,4
3,right,2178.514615384616,1789025602970,-0.6149773597717285,8.176567077636719,6.781501770019531,41.43999862670898,-1.75,3.150000095367432,1.4231936336176887,ascending,4
3,right,2178.524230769231,1789025602970,-0.667621374130249,8.253140449523926,6.575711250305176,41.43999862670898,-1.75,3.150000095367432,1.4296511654077704,ascending,4
3,right,2178.5338461538463,1789025602970,-0.6054057478904724,8.066493034362793,6.482388019561768,41.43999862670898,-1.75,3.150000095367432,1.4341947171197003,ascending,4
3,right,2178.543461538461,1789025602970,-0.6436922550201416,7.90856122970581,6.216775417327881,41.43999862670898,-1.75,3.150000095367432,1.4359627312922645,ascending,4
3,right,2178.553076923077,1789025602970,-0.600619912147522,7.659698963165283,6.046878814697266,41.43999862670898,-1.75,3.150000095367432,1.4348737319839047,ascending,4
3,right,2178.5626923076925,1789025602970,-0.5575475692749023,7.504159927368164,5.946376800537109,41.43999862670898,-1.75,3.150000095367432,1.4320333617027012,ascending,4
3,right,2178.572307692308,1789025602970,-0.4809745252132416,7.358192443847656,5.750158309936523,41.43999862670898,-1.75,3.150000095367432,1.4269125022767477,ascending,4
3,right,2178.581,1789025603091,-0.4283305406570434,7.307941436767578,5.463009357452393,32.47999954223633,-2.0999999046325684,3.009999990463257,1.4203762359035834,ascending,4
3,right,2178.5906153846154,1789025603091,-0.3756865561008453,7.169152736663818,5.273969650268555,32.47999954223633,-2.0999999046325684,3.009999990463257,1.4109821791612036,ascending,4
3,right,2178.600230769231,1789025603091,-0.3230426013469696,6.95379114151001,5.077751159667969,32.47999954223633,-2.0999999046325684,3.009999990463257,1.3988084595311547,ascending,4
3,right,2178.6098461538463,1789025603091,-0.3134709596633911,6.819787979125977,4.855210304260254,32.47999954223633,-2.0999999046325684,3.009999990463257,1.384329178594444,ascending,4
3,right,2178.6194615384616,1789025603091,-0.2727915346622467,6.680999279022217,4.568061351776123,32.47999954223633,-2.0999999046325684,3.009999990463257,1.3671333681336326,ascending,4
3,right,2178.6290769230773,1789025603091,-0.2512553632259369,6.468030452728272,4.343128204345703,32.47999954223633,-2.0999999046325684,3.009999990463257,1.3470324162559255,ascending,4
3,right,2178.6386923076925,1789025603091,-0.3062922358512878,6.391457557678223,4.077515602111816,32.47999954223633,-2.0999999046325684,3.009999990463257,1.3248688704402936,ascending,4
3,right,2178.648307692308,1789025603091,-0.284756064414978,6.238311290740967,3.886082649230957,32.47999954223633,-2.0999999046325684,3.009999990463257,1.3004710718217556,ascending,4
3,right,2178.656,1789025603120,-0.3756865561008453,6.0253424644470215,3.7185792922973633,35.06999969482422,-1.9600000381469729,3.5,1.2789194122136995,ascending,4
3,right,2178.665615384615,1789025603120,-0.339792937040329,5.857839107513428,3.5438969135284424,35.06999969482422,-1.9600000381469729,3.5,1.2497343283925177,ascending,4
3,right,2178.675230769231,1789025603120,-0.3948298394680023,5.721443176269531,3.4314301013946533,35.06999969482422,-1.9600000381469729,3.5,1.2189082062412586,ascending,4
3,right,2178.684846153846,1789025603120,-0.3996156454086303,5.58983325958252,3.3907508850097656,35.06999969482422,-1.9600000381469729,3.5,1.1868603442410086,ascending,4
3,right,2178.6944615384614,1789025603120,-0.4737958014011383,5.4869384765625,3.3046059608459477,35.06999969482422,-1.9600000381469729,3.5,1.1535796878411004,ascending,4
3,right,2178.704076923077,1789025603120,-0.4402951002120971,5.367292881011963,3.280677080154419,35.06999969482422,-1.9600000381469729,3.5,1.1192448531943182,ascending,4
3,right,2178.7136923076923,1789025603120,-0.4522596299648285,5.312255859375,3.204103946685791,35.06999969482422,-1.9600000381469729,3.5,1.084093762487555,ascending,4
3,right,2178.723307692308,1789025603120,-0.4881532490253448,5.242861747741699,3.070101022720337,35.06999969482422,-1.9600000381469729,3.5,1.0477139951062022,ascending,4
3,right,2178.732,1789025603197,-0.4235447347164154,5.135180950164795,2.936098337173462,35.42000198364258,-1.399999976158142,3.990000009536743,1.0134234497222578,ascending,4
3,right,2178.741615384615,1789025603197,-0.4355092644691467,4.94853401184082,2.790130853652954,35.42000198364258,-1.399999976158142,3.990000009536743,0.9732610733731558,ascending,4
3,right,2178.751230769231,1789025603197,-0.3972227573394775,4.82649564743042,2.6561279296875,35.42000198364258,-1.399999976158142,3.990000009536743,0.931447084155761,ascending,4
3,right,2178.760846153846,1789025603197,-0.3541503846645355,4.821709632873535,2.584340810775757,35.42000198364258,-1.399999976158142,3.990000009536743,0.8892577834992372,ascending,4
3,right,2178.7704615384614,1789025603197,-0.3445787727832794,4.654206275939941,2.4551236629486084,35.42000198364258,-1.399999976158142,3.990000009536743,0.8450836222662379,ascending,4
3,right,2178.780076923077,1789025603197,-0.3254354894161224,4.484309673309326,2.3426570892333984,35.42000198364258,-1.399999976158142,3.990000009536743,0.7989890474731135,ascending,4
3,right,2178.7896923076923,1789025603197,-0.2895418703556061,4.199553489685059,2.2660839557647705,35.42000198364258,-1.399999976158142,3.990000009536743,0.7502038676628652,ascending,4
3,right,2178.799307692308,1789025603197,-0.2368979007005691,3.8621537685394287,2.1895108222961426,35.42000198364258,-1.399999976158142,3.990000009536743,0.6982815444090863,ascending,4
3,right,2178.808,1789025603271,-0.205790102481842,3.73293662071228,2.242154836654663,2.450000047683716,-2.380000114440918,3.640000104904175,0.650627422578919,ascending,4
3,right,2178.8176153846152,1789025603271,-0.12921704351902,3.596540927886963,2.275655508041382,2.450000047683716,-2.380000114440918,3.640000104904175,0.5969638107024776,ascending,4
3,right,2178.827230769231,1789025603271,-0.1483602970838546,3.4170727729797363,2.242154836654663,2.450000047683716,-2.380000114440918,3.640000104904175,0.5416789507536742,ascending,4
3,right,2178.836846153846,1789025603271,-0.1124666780233383,3.338106870651245,2.177546262741089,2.450000047683716,-2.380000114440918,3.640000104904175,0.48544606634893456,ascending,4
3,right,2178.8464615384614,1789025603271,-0.0622156113386154,3.189746379852295,2.1464385986328125,2.450000047683716,-2.380000114440918,3.640000104904175,0.4278542759364581,ascending,4
3,right,2178.856076923077,1789025603271,-0.0526439771056175,3.062922477722168,2.19668960571289,2.450000047683716,-2.380000114440918,3.640000104904175,0.3694839872384448,ascending,4
3,right,2178.8656923076924,1789025603271,-0.067001424729824,2.979170560836792,2.1655819416046143,2.450000047683716,-2.380000114440918,3.640000104904175,0.3102963828655268,ascending,4
3,right,2178.875307692308,1789025603271,-0.0981092303991317,3.041386127471924,2.1464385986328125,2.450000047683716,-2.380000114440918,3.640000104904175,0.251559907505391,ascending,4
3,right,2178.884,1789025603345,-0.105287954211235,3.1849606037139893,2.072258472442627,-4.900000095367432,-2.5899999141693115,3.289999961853028,0.19923411119115467,ascending,4
3,right,2178.8936153846157,1789025603345,-0.1627177447080612,3.4553592205047607,1.9143264293670652,-4.900000095367432,-2.5899999141693115,3.289999961853028,0.142848738474702,ascending,4
3,right,2178.903230769231,1789025603345,-0.1387886703014373,3.723365068435669,1.9932924509048464,-4.900000095367432,-2.5899999141693115,3.289999961853028,0.08909010367475995,ascending,4
3,right,2178.912846153846,1789025603345,-0.1627177447080612,3.81908130645752,2.3641932010650635,-4.900000095367432,-2.5899999141693115,3.289999961853028,0.03796650382805314,ascending,4
3,right,2178.922461538461,1789025603345,-0.1244312226772308,4.233054637908936,2.2230117321014404,-4.900000095367432,-2.5899999141693115,3.289999961853028,-0.010408117187521332,resting,
3,right,2178.932076923077,1789025603345,-0.1962184607982635,4.582418918609619,2.366586208343506,-4.900000095367432,-2.5899999141693115,3.289999961853028,-0.05516842033167167,resting,
3,right,2178.9416923076924,1789025603345,-0.1866468340158462,4.979641914367676,2.392908096313477,-4.900000095367432,-2.5899999141693115,3.289999961853028,-0.09650327096043226,resting,
3,right,2178.951307692308,1789025603345,-0.1770751923322677,5.293112754821777,2.488624334335327,-4.900000095367432,-2.5899999141693115,3.289999961853028,-0.13476574562121973,resting,
3,right,2178.96,1789025603420,-0.1220383122563362,5.537189483642578,2.390515089035034,12.529999732971191,-1.8899999856948853,2.870000123977661,-0.167946119628463,resting,
3,right,2178.9696153846157,1789025603420,-0.1100737750530242,5.6807637214660645,2.476659774780273,12.529999732971191,-1.8899999856948853,2.870000123977661,-0.2030084943068248,descending,
3,right,2178.979230769231,1789025603420,-0.0622156113386154,5.824338436126709,2.402479648590088,12.529999732971191,-1.8899999856948853,2.870000123977661,-0.23721323366996966,descending,
3,right,2178.988846153846,1789025603420,-0.0526439771056175,5.697514057159424,2.802095413208008,12.529999732971191,-1.8899999856948853,2.870000123977661,-0.27049176654243795,descending,
3,right,2178.998461538461,1789025603420,-0.0215361732989549,6.042092800140381,2.7494513988494877,12.529999732971191,-1.8899999856948853,2.870000123977661,-0.30114061487532057,descending,
3,right,2179.008076923077,1789025603420,-0.0023929080925881,5.996627807617188,2.799702405929565,12.529999732971191,-1.8899999856948853,2.870000123977661,-0.33189646298618586,descending,
3,right,2179.0176923076924,1789025603420,-0.0215361732989549,5.982270240783691,3.0724940299987797,12.529999732971191,-1.8899999856948853,2.870000123977661,-0.3614329228319026,descending,
3,right,2179.027307692308,1789025603420,-0.0023929080925881,5.295505523681641,3.9459054470062256,12.529999732971191,-1.8899999856948853,2.870000123977661,-0.3924821501653245,descending,
3,right,2179.036,1789025603496,-0.1435744911432266,5.664013385772705,3.780794858932495,-22.61000061035156,-2.5899999141693115,1.3300000429153442,-0.41846314427014136,descending,
3,right,2179.0456153846158,1789025603496,-0.1866468340158462,6.008592128753662,4.101444244384766,-22.61000061035156,-2.5899999141693115,1.3300000429153442,-0.4427525270957049,descending,
3,right,2179.055230769231,1789025603496,-0.1866468340158462,5.250040531158447,4.534560680389404,-22.61000061035156,-2.5899999141693115,1.3300000429153442,-0.4711397917469314,descending,
3,right,2179.0648461538462,1789025603496,-0.2823631465435028,5.884160995483398,4.484309673309326,-22.61000061035156,-2.5899999141693115,1.3300000429153442,-0.4944853056587677,descending,
3,right,2179.074461538461,1789025603496,-0.3110780417919159,6.176095962524414,4.1205878257751465,-22.61000061035156,-2.5899999141693115,1.3300000429153442,-0.5172042413390545,descending,
3,right,2179.084076923077,1789025603496,-0.3230426013469696,6.367528438568115,4.146909713745117,-22.61000061035156,-2.5899999141693115,1.3300000429153442,-0.5381970556345088,descending,
3,right,2179.0936923076924,1789025603496,-0.2895418703556061,6.602033615112305,3.735329627990722,-22.61000061035156,-2.5899999141693115,1.3300000429153442,-0.5593413602486068,descending,
3,right,2179.103307692308,1789025603496,-0.3038993179798126,6.9107184410095215,3.8597607612609854,-22.61000061035156,-2.5899999141693115,1.3300000429153442,-0.57733106823925,descending,
3,right,2179.112,1789025603570,-0.3421858549118042,7.047114372253418,4.230661392211914,-3.920000076293945,-3.849999904632568,0.8400000333786011,-0.5908726436522387,descending,
3,right,2179.121615384616,1789025603570,-0.3900440335273742,7.066257476806641,4.216303825378418,-3.920000076293945,-3.849999904632568,0.8400000333786011,-0.6057563674237718,descending,
3,right,2179.131230769231,1789025603570,-0.4450809061527252,6.999256134033203,4.422094345092773,-3.920000076293945,-3.849999904632568,0.8400000333786011,-0.6201253683168823,descending,
3,right,2179.1408461538463,1789025603570,-0.5288326740264893,7.147616386413574,4.5010600090026855,-3.920000076293945,-3.849999904632568,0.8400000333786011,-0.6328649788984007,descending,
3,right,2179.150461538461,1789025603570,-0.4977248907089233,7.185903072357178,5.118430614471436,-3.920000076293945,-3.849999904632568,0.8400000333786011,-0.64213020400685,descending,
3,right,2179.160076923077,1789025603570,-0.5240468978881836,7.554410934448242,5.082536697387695,-3.920000076293945,-3.849999904632568,0.8400000333786011,-0.6485649727075471,descending,
3,right,2179.1696923076925,1789025603570,-0.4761887192726135,7.973169803619385,5.096894264221191,-3.920000076293945,-3.849999904632568,0.8400000333786011,-0.6515165286733553,descending,
3,right,2179.179307692308,1789025603570,-0.4355092644691467,8.348855972290039,4.800173759460449,-3.920000076293945,-3.849999904632568,0.8400000333786011,-0.652936803999402,descending,
3,right,2179.187,1789025603647,-0.3517574965953827,8.425429344177246,4.828888416290283,12.31999969482422,-3.0799999237060547,-0.699999988079071,-0.6534541506916448,descending,
3,right,2179.196615384615,1789025603647,-0.2751844227313995,8.446965217590332,4.438844680786133,12.31999969482422,-3.0799999237060547,-0.699999988079071,-0.6559002632500919,descending,
3,right,2179.206230769231,1789025603647,-0.2033971846103668,8.463715553283691,4.4867024421691895,12.31999969482422,-3.0799999237060547,-0.699999988079071,-0.6579511996968881,descending,
3,right,2179.215846153846,1789025603647,-0.1770751923322677,8.257925987243652,4.467559337615967,12.31999969482422,-3.0799999237060547,-0.699999988079071,-0.6617657791380154,descending,
3,right,2179.2254615384613,1789025603647,-0.1411815732717514,8.16699504852295,4.568061351776123,12.31999969482422,-3.0799999237060547,-0.699999988079071,-0.6658111076851919,descending,
3,right,2179.235076923077,1789025603647,-0.0981092303991317,8.035385131835938,4.457987785339356,12.31999969482422,-3.0799999237060547,-0.699999988079071,-0.6714775025623421,descending,
3,right,2179.2446923076923,1789025603647,-0.1196454018354415,7.83916711807251,4.73077917098999,12.31999969482422,-3.0799999237060547,-0.699999988079071,-0.6774004499511267,descending,
3,right,2179.2543076923075,1789025603647,-0.1340028494596481,7.762593746185303,4.843245983123779,12.31999969482422,-3.0799999237060547,-0.699999988079071,-0.6833941466141156,descending,
3,right,2179.263,1789025603720,-0.1411815732717514,7.626198291778564,5.08732271194458,-19.530000686645508,-3.150000095367432,-3.3600001335144043,-0.6887192041650521,descending,
3,right,2179.272615384615,1789025603720,-0.1531461179256439,7.607054710388184,4.977248668670654,-19.530000686645508,-3.150000095367432,-3.3600001335144043,-0.6952971562961744,descending,
3,right,2179.282230769231,1789025603720,-0.1651106625795364,7.590304374694824,5.010749340057373,-19.530000686645508,-3.150000095367432,-3.3600001335144043,-0.701826288406319,descending,
3,right,2179.291846153846,1789025603720,-0.2273262739181518,7.688413619995117,4.828888416290283,-19.530000686645508,-3.150000095367432,-3.3600001335144043,-0.7084584409468097,descending,
3,right,2179.3014615384614,1789025603720,-0.1938255578279495,7.796094417572021,4.797780513763428,-19.530000686645508,-3.150000095367432,-3.3600001335144043,-0.714373739805512,descending,
3,right,2179.311076923077,1789025603720,-0.2512553632259369,8.068885803222656,4.781030178070068,-19.530000686645508,-3.150000095367432,-3.3600001335144043,-0.7181457518900348,descending,
3,right,2179.3206923076923,1789025603720,-0.2703986167907715,8.145459175109863,4.709243297576904,-19.530000686645508,-3.150000095367432,-3.3600001335144043,-0.7216637352291455,descending,
3,right,2179.3303076923075,1789025603720,-0.2703986167907715,8.21963882446289,4.807352542877197,-19.530000686645508,-3.150000095367432,-3.3600001335144043,-0.7240791307679945,descending,
3,right,2179.34,1789025603812,-0.3206496834754944,8.078457832336426,4.752315521240234,-18.82999992370605,-3.220000028610229,-4.409999847412109,-0.7279481160207221,descending,
3,right,2179.3496153846154,1789025603812,-0.3732936680316925,8.06410026550293,4.90546178817749,-18.82999992370605,-3.220000028610229,-4.409999847412109,-0.7311012147900774,descending,
3,right,2179.359230769231,1789025603812,-0.4163660109043121,8.035385131835938,5.0131425857543945,-18.82999992370605,-3.220000028610229,-4.409999847412109,-0.7339173647466961,descending,
3,right,2179.3688461538463,1789025603812,-0.3780794739723205,7.9994916915893555,5.144752502441406,-18.82999992370605,-3.220000028610229,-4.409999847412109,-0.7363434427848089,descending,
3,right,2179.3784615384616,1789025603812,-0.3565433025360107,7.887024879455566,5.171074390411377,-18.82999992370605,-3.220000028610229,-4.409999847412109,-0.7395394610885929,descending,
3,right,2179.3880769230773,1789025603812,-0.3972227573394775,7.843952655792236,5.113644599914551,-18.82999992370605,-3.220000028610229,-4.409999847412109,-0.7433694956885756,descending,
3,right,2179.3976923076925,1789025603812,-0.3589362204074859,7.887024879455566,5.120823383331299,-18.82999992370605,-3.220000028610229,-4.409999847412109,-0.7468251847125399,descending,
3,right,2179.407307692308,1789025603812,-0.382865309715271,7.922918796539307,5.154324054718018,-18.82999992370605,-3.220000028610229,-4.409999847412109,-0.7498073106615001,descending,
3,right,2179.416,1789025603870,-0.4020085632801056,7.977955818176269,5.228504180908203,-14.0,-3.0799999237060547,-3.990000009536743,-0.7517416222312742,descending,
3,right,2179.4256153846154,1789025603870,-0.3517574965953827,7.942061901092529,5.458223342895508,-14.0,-3.0799999237060547,-3.990000009536743,-0.7529560632917417,descending,
3,right,2179.435230769231,1789025603870,-0.3900440335273742,8.035385131835938,5.474973678588867,-14.0,-3.0799999237060547,-3.990000009536743,-0.7533211082181657,descending,
3,right,2179.4448461538464,1789025603870,-0.4355092644691467,8.241175651550293,5.45104455947876,-14.0,-3.0799999237060547,-3.990000009536743,0,resting,
3,right,2179.4544615384616,1789025603870,-0.4785816073417663,8.478073120117188,5.544368267059326,-14.0,-3.0799999237060547,-3.990000009536743,0.003196932738181068,resting,
3,right,2179.4640769230773,1789025603870,-0.4953319728374481,8.628826141357422,5.5611186027526855,-14.0,-3.0799999237060547,-3.990000009536743,0.007684500844174494,resting,
3,right,2179.4736923076925,1789025603870,-0.5910483002662659,8.75804328918457,5.577868938446045,-14.0,-3.0799999237060547,-3.990000009536743,0.013320540327811,resting,
3,right,2179.483307692308,1789025603870,-0.6556568145751953,8.858545303344727,5.549153804779053,-14.0,-3.0799999237060547,-3.990000009536743,0.019618451446130038,resting,
3,right,2179.491,1789025603961,-0.6891575455665588,8.973404884338379,5.731014728546143,-1.4700000286102295,-2.7300000190734863,-3.430000066757202,0.026186701441047577,resting,
3,right,2179.5006153846152,1789025603961,-0.7346227765083313,9.040407180786133,5.656834602355957,-1.4700000286102295,-2.7300000190734863,-3.430000066757202,0.03454800608011628,resting,
3,right,2179.510230769231,1789025603961,-0.7513731122016907,8.961441040039062,5.738193511962891,-1.4700000286102295,-2.7300000190734863,-3.430000066757202,0.04273217629954644,resting,
3,right,2179.519846153846,1789025603961,-0.6987291574478149,8.978191375732422,5.742979526519775,-1.4700000286102295,-2.7300000190734863,-3.430000066757202,0.05105393952853062,resting,
3,right,2179.5294615384614,1789025603961,-0.6700142621994019,8.982976913452148,5.8554463386535645,-1.4700000286102295,-2.7300000190734863,-3.430000066757202,0.06000751811815531,resting,
3,right,2179.539076923077,1789025603961,-0.6748000979423523,8.875295639038086,5.991841793060303,-1.4700000286102295,-2.7300000190734863,-3.430000066757202,0.06884090109070509,resting,
3,right,2179.5486923076924,1789025603961,-0.6317277550697327,8.626433372497559,6.010984897613525,-1.4700000286102295,-2.7300000190734863,-3.430000066757202,0.07577844564870719,resting,
3,right,2179.558307692308,1789025603961,-0.6077986359596252,8.549860954284668,6.003806591033936,-1.4700000286102295,-2.7300000190734863,-3.430000066757202,0.08205756916023021,resting,
3,right,2179.567,1789025604035,-0.5192610621452332,8.40389347076416,6.037307262420654,-18.200000762939453,-3.5,-3.150000095367432,0.08681776282746521,resting,
3,right,2179.5766153846157,1789025604035,-0.5240468978881836,8.391928672790527,6.001413345336914,-18.200000762939453,-3.5,-3.150000095367432,0.09180039860767221,resting,
3,right,2179.586230769231,1789025604035,-0.4977248907089233,8.346463203430176,6.020556926727295,-18.200000762939453,-3.5,-3.150000095367432,0.09652106869447097,resting,
3,right,2179.595846153846,1789025604035,-0.4402951002120971,8.358428001403809,5.905697345733643,-18.200000762939453,-3.5,-3.150000095367432,0.10067333154118997,resting,
3,right,2179.605461538461,1789025604035,-0.4642241597175598,8.284247398376465,5.991841793060303,-18.200000762939453,-3.5,-3.150000095367432,0.10473519021354487,resting,
3,right,2179.615076923077,1789025604035,-0.4522596299648285,8.210067749023438,5.93680477142334,-18.200000762939453,-3.5,-3.150000095367432,0.1079048177089618,resting,
3,right,2179.6246923076924,1789025604035,-0.3541503846645355,8.195710182189941,6.054057598114014,-18.200000762939453,-3.5,-3.150000095367432,0.11157930232339884,resting,
3,right,2179.634307692308,1789025604035,-0.363722026348114,8.226818084716797,5.97269868850708,-18.200000762939453,-3.5,-3.150000095367432,0.11503959659900741,resting,
3,right,2179.643,1789025604112,-0.3206496834754944,8.188531875610352,6.097129821777344,-10.989999771118164,-3.849999904632568,-2.0999999046325684,0.11852237184139876,resting,
3,right,2179.6526153846157,1789025604112,-0.2560411691665649,8.207674980163574,5.975091457366943,-10.989999771118164,-3.849999904632568,-2.0999999046325684,0.12180213867198353,resting,
3,right,2179.662230769231,1789025604112,-0.2967205941677093,8.128708839416504,6.1378092765808105,-10.989999771118164,-3.849999904632568,-2.0999999046325684,0.1254186523619727,resting,
3,right,2179.671846153846,1789025604112,-0.2584340870380401,8.140673637390137,5.977484226226807,-10.989999771118164,-3.849999904632568,-2.0999999046325684,0.12819479399045353,resting,
3,right,2179.681461538461,1789025604112,-0.2321120798587799,8.035385131835938,6.073200702667236,-10.989999771118164,-3.849999904632568,-2.0999999046325684,0.13070165119297686,resting,
3,right,2179.691076923077,1789025604112,-0.2560411691665649,8.066493034362793,5.912876129150391,-10.989999771118164,-3.849999904632568,-2.0999999046325684,0.1325329215565045,resting,
3,right,2179.7006923076924,1789025604112,-0.3062922358512878,8.004277229309082,6.01577091217041,-10.989999771118164,-3.849999904632568,-2.0999999046325684,0.13449586540652048,resting,
3,right,2179.710307692308,1789025604112,-0.2488624453544616,8.088028907775879,5.922447681427002,-10.989999771118164,-3.849999904632568,-2.0999999046325684,0.13654263178601297,resting,
3,right,2179.719,1789025604186,-0.2991135120391845,8.030599594116211,6.0947370529174805,-0.699999988079071,-4.269999980926514,-0.4900000095367431,0.13890950592988616,resting,
3,right,2179.7286153846158,1789025604186,-0.3326142132282257,8.097600936889648,5.955948352813721,-0.699999988079071,-4.269999980926514,-0.4900000095367431,0.14124751838283858,resting,
3,right,2179.738230769231,1789025604186,-0.3326142132282257,8.05452823638916,6.05884313583374,-0.699999988079071,-4.269999980926514,-0.4900000095367431,0.1438492304306483,resting,
3,right,2179.7478461538462,1789025604186,-0.3565433025360107,7.985134124755859,5.932019233703613,-0.699999988079071,-4.269999980926514,-0.4900000095367431,0.14519269303958174,resting,
3,right,2179.757461538461,1789025604186,-0.4044014811515808,7.942061901092529,6.214382171630859,-0.699999988079071,-4.269999980926514,-0.4900000095367431,0.14785124512623324,resting,
3,right,2179.767076923077,1789025604186,-0.4163660109043121,8.04734992980957,6.156952381134033,-0.699999988079071,-4.269999980926514,-0.4900000095367431,0.15098970773013648,resting,
3,right,2179.7766923076924,1789025604186,-0.4761887192726135,8.12631607055664,6.219168186187744,-0.699999988079071,-4.269999980926514,-0.4900000095367431,0.1551135399228627,resting,
3,right,2179.786307692308,1789025604186,-0.4977248907089233,8.310569763183594,6.152166843414307,-0.699999988079071,-4.269999980926514,-0.4900000095367431,0.16026758713046652,resting,
3,right,2179.795,1789025604260,-0.5982270240783691,8.224425315856934,6.300527095794678,3.430000066757202,-4.409999847412109,-0.0700000002980232,0.16513813010445677,resting,
3,right,2179.8046153846158,1789025604260,-0.6365135312080383,8.346463203430176,6.223953723907471,3.430000066757202,-4.409999847412109,-0.0700000002980232,0.17103276925310157,resting,
3,right,2179.814230769231,1789025604260,-0.6341206431388855,8.391928672790527,6.302919864654541,3.430000066757202,-4.409999847412109,-0.0700000002980232,0.17773206387767881,resting,
3,right,2179.8238461538463,1789025604260,-0.6771929860115051,8.57618236541748,6.255061626434326,3.430000066757202,-4.409999847412109,-0.0700000002980232,0.18558671992252382,resting,
3,right,2179.833461538461,1789025604260,-0.746587336063385,8.667113304138184,6.322062969207764,3.430000066757202,-4.409999847412109,-0.0700000002980232,0.19455477801378818,resting,
3,right,2179.843076923077,1789025604260,-0.7106937170028687,8.75804328918457,6.314884662628174,3.430000066757202,-4.409999847412109,-0.0700000002980232,0.20416676109726425,resting,
3,right,2179.8526923076925,1789025604260,-0.7394086122512817,8.772400856018066,6.372314453125,3.430000066757202,-4.409999847412109,-0.0700000002980232,0.2142308759311834,resting,
3,right,2179.862307692308,1789025604260,-0.727444052696228,8.827438354492188,6.307705879211426,3.430000066757202,-4.409999847412109,-0.0700000002980232,0.22434402517995308,resting,
3,right,2179.871,1789025604335,-0.7561589479446411,8.786758422851562,6.422565460205078,6.300000190734863,-4.269999980926514,0.4900000095367431,0.23380696810219556,resting,
3,right,2179.880615384616,1789025604335,-0.7609447836875916,8.760436058044434,6.391457557678223,6.300000190734863,-4.269999980926514,0.4900000095367431,0.24389521509107245,ascending,5
3,right,2179.890230769231,1789025604335,-0.7489802241325378,8.75086498260498,6.59724760055542,6.300000190734863,-4.269999980926514,0.4900000095367431,0.25507294175374046,ascending,5
3,right,2179.8998461538463,1789025604335,-0.7848738431930542,8.884867668151855,6.544603824615479,6.300000190734863,-4.269999980926514,0.4900000095367431,0.26700148632031584,ascending,5
3,right,2179.909461538461,1789025604335,-0.806410014629364,8.844188690185547,6.520674705505371,6.300000190734863,-4.269999980926514,0.4900000095367431,0.27848721990580055,ascending,5
3,right,2179.919076923077,1789025604335,-0.8159816861152649,8.82983112335205,6.468030452728272,6.300000190734863,-4.269999980926514,0.4900000095367431,0.28956556151464347,ascending,5
3,right,2179.9286923076925,1789025604335,-0.8207674622535706,8.92554759979248,6.558960914611816,6.300000190734863,-4.269999980926514,0.4900000095367431,0.3019005283818958,ascending,5
3,right,2179.938307692308,1789025604335,-0.7609447836875916,9.109801292419434,6.546996593475342,6.300000190734863,-4.269999980926514,0.4900000095367431,0.3155610770292891,ascending,5
3,right,2179.947,1789025604410,-0.7729093432426453,9.205517768859863,6.50153112411499,11.40999984741211,-4.130000114440918,0.4900000095367431,0.3283542060341914,ascending,5
3,right,2179.956615384616,1789025604410,-0.7346227765083313,9.286876678466797,6.367528438568115,11.40999984741211,-4.130000114440918,0.4900000095367431,0.3423659014062062,ascending,5
3,right,2179.966230769231,1789025604410,-0.6771929860115051,9.334734916687012,6.472816467285156,11.40999984741211,-4.130000114440918,0.4900000095367431,0.3573075635750467,ascending,5
3,right,2179.9758461538463,1789025604410,-0.7298369407653809,9.36584186553955,6.434529781341553,11.40999984741211,-4.130000114440918,0.4900000095367431,0.3723059551637733,ascending,5
3,right,2179.985461538461,1789025604410,-0.7370156645774841,9.428057670593262,6.482388019561768,11.40999984741211,-4.130000114440918,0.4900000095367431,0.38805825069139477,ascending,5
3,right,2179.995076923077,1789025604410,-0.7609447836875916,9.55009651184082,6.594854831695557,11.40999984741211,-4.130000114440918,0.4900000095367431,0.4053977310209771,ascending,5
3,right,2180.0046923076925,1789025604410,-0.7561589479446411,9.688884735107422,6.561354160308838,11.40999984741211,-4.130000114440918,0.4900000095367431,0.4236386305033152,ascending,5
3,right,2180.014307692308,1789025604410,-0.758551836013794,9.83485221862793,6.5733184814453125,11.40999984741211,-4.130000114440918,0.4900000095367431,0.4430941456556258,ascending,5
3,right,2180.023,1789025604486,-0.6963362693786621,9.973641395568848,6.666641712188721,10.289999961853027,-3.569999933242798,0.5600000023841858,0.4620975989493366,ascending,5
3,right,2180.0326153846154,1789025604486,-0.7154794931411743,10.10285758972168,6.714499950408936,10.289999961853027,-3.569999933242798,0.5600000023841858,0.4844064476304629,ascending,5
3,right,2180.042230769231,1789025604486,-0.667621374130249,10.315826416015623,6.697749614715576,10.289999961853027,-3.569999933242798,0.5600000023841858,0.5082852633095492,ascending,5
3,right,2180.0518461538463,1789025604486,-0.6532639265060425,10.610154151916504,6.767144203186035,10.289999961853027,-3.569999933242798,0.5600000023841858,0.5348676787574106,ascending,5
3,right,2180.0614615384616,1789025604486,-0.6748000979423523,10.914053916931152,6.831752777099609,10.289999961853027,-3.569999933242798,0.5600000023841858,0.5642225420010251,ascending,5
3,right,2180.0710769230773,1789025604486,-0.648478090763092,11.256239891052246,6.836538314819336,10.289999961853027,-3.569999933242798,0.5600000023841858,0.5963141926088431,ascending,5
3,right,2180.0806923076925,1789025604486,-0.6819788217544556,11.514674186706545,6.776715755462647,10.289999961853027,-3.569999933242798,0.5600000023841858,0.6301661480783525,ascending,5
3,right,2180.090307692308,1789025604486,-0.7537660598754883,11.847288131713867,6.7838945388793945,10.289999961853027,-3.569999933242798,0.5600000023841858,0.6667516176368321,ascending,5
3,right,2180.098,1789025604560,-0.7681235074996948,12.086578369140623,6.882003784179688,18.34000015258789,-2.799999952316284,1.1200000047683716,0.6979798206004878,ascending,5
3,right,2180.107615384615,1789025604560,-0.765730619430542,12.352191925048828,6.724071502685547,18.34000015258789,-2.799999952316284,1.1200000047683716,0.7383258155687269,ascending,5
3,right,2180.117230769231,1789025604560,-0.7441943883895874,12.74223518371582,6.826966762542725,18.34000015258789,-2.799999952316284,1.1200000047683716,0.7823516115294392,ascending,5
3,right,2180.126846153846,1789025604560,-0.7992312908172607,12.881024360656738,6.867646217346191,18.34000015258789,-2.799999952316284,1.1200000047683716,0.8277500970413576,ascending,5
3,right,2180.1364615384614,1789025604560,-0.8805902004241943,13.055706977844238,6.76235818862915,18.34000015258789,-2.799999952316284,1.1200000047683716,0.8740693026245424,ascending,5
3,right,2180.146076923077,1789025604560,-0.9978426694869996,13.151422500610352,6.664248943328857,18.34000015258789,-2.799999952316284,1.1200000047683716,0.9207328125589193,ascending,5
3,right,2180.1556923076923,1789025604560,-1.0672370195388794,13.084421157836914,6.771929740905762,18.34000015258789,-2.799999952316284,1.1200000047683716,0.9674567564653386,ascending,5
3,right,2180.165307692308,1789025604560,-1.0624512434005735,12.919310569763184,6.771929740905762,18.34000015258789,-2.799999952316284,1.1200000047683716,1.012848556836529,ascending,5
3,right,2180.175,1789025604635,-1.110309362411499,12.77573585510254,6.769536972045898,-2.450000047683716,-3.3600001335144043,2.1700000762939453,1.0574092151641437,ascending,5
3,right,2180.1846153846154,1789025604635,-1.131845474243164,12.481409072875977,6.798252105712891,-2.450000047683716,-3.3600001335144043,2.1700000762939453,1.099353261995387,ascending,5
3,right,2180.194230769231,1789025604635,-1.0409150123596191,12.15358066558838,6.850895881652832,-2.450000047683716,-3.3600001335144043,2.1700000762939453,1.138833555655812,ascending,5
3,right,2180.2038461538464,1789025604635,-1.0385221242904663,11.722856521606444,6.826966762542725,-2.450000047683716,-3.3600001335144043,2.1700000762939453,1.1746676040441775,ascending,5
3,right,2180.2134615384616,1789025604635,-0.9715206623077391,11.299311637878418,6.824573993682861,-2.450000047683716,-3.3600001335144043,2.1700000762939453,1.2069974577060032,ascending,5
3,right,2180.2230769230773,1789025604635,-0.9691277742385864,10.899696350097656,6.853288650512695,-2.450000047683716,-3.3600001335144043,2.1700000762939453,1.236210081499831,ascending,5
3,right,2180.232692307693,1789025604635,-0.8710185289382935,10.564689636230469,6.984898567199707,-2.450000047683716,-3.3600001335144043,2.1700000762939453,1.263323678000306,ascending,5
3,right,2180.242307692308,1789025604635,-0.844696581363678,10.224896430969238,7.097365379333496,-2.450000047683716,-3.3600001335144043,2.1700000762939453,1.2882426708238597,ascending,5
3,right,2180.251,1789025604734,-0.7681235074996948,10.20814609527588,6.99686336517334,-30.8700008392334,-4.059999942779541,2.309999942779541,1.3101574422525055,ascending,5
3,right,2180.2606153846154,1789025604734,-0.727444052696228,9.856388092041016,7.236154079437256,-30.8700008392334,-4.059999942779541,2.309999942779541,1.3328184756201833,ascending,5
3,right,2180.270230769231,1789025604734,-0.7298369407653809,9.82767391204834,7.164366722106934,-30.8700008392334,-4.059999942779541,2.309999942779541,1.354898508749879,ascending,5
3,right,2180.2798461538464,1789025604734,-0.648478090763092,9.655384063720703,7.508945465087891,-30.8700008392334,-4.059999942779541,2.309999942779541,1.3774366794397803,ascending,5
3,right,2180.2894615384616,1789025604734,-0.619763195514679,9.523774147033691,7.362977981567383,-30.8700008392334,-4.059999942779541,2.309999942779541,1.3981685788174192,ascending,5
3,right,2180.2990769230773,1789025604734,-0.5838695764541626,9.274911880493164,7.62141227722168,-30.8700008392334,-4.059999942779541,2.309999942779541,1.4183652606206454,ascending,5
3,right,2180.3086923076926,1789025604734,-0.5192610621452332,9.231839179992676,7.38690710067749,-30.8700008392334,-4.059999942779541,2.309999942779541,1.4369528009168442,ascending,5
3,right,2180.318307692308,1789025604734,-0.4737958014011383,8.930333137512207,7.611840724945068,-30.8700008392334,-4.059999942779541,2.309999942779541,1.454451990086124,ascending,5
3,right,2180.327,1789025604785,-0.4809745252132416,8.755650520324707,7.398871898651123,-21.0,-3.920000076293945,3.849999904632568,1.4679960241662533,ascending,5
3,right,2180.3366153846155,1789025604785,-0.4690099954605102,8.662327766418457,7.585518836975098,-21.0,-3.920000076293945,3.849999904632568,1.483336705167044,ascending,5
3,right,2180.346230769231,1789025604785,-0.4642241597175598,8.566611289978027,7.322298526763916,-21.0,-3.920000076293945,3.849999904632568,1.4964802263892893,ascending,5
3,right,2180.3558461538464,1789025604785,-0.5120823383331299,8.478073120117188,7.384514331817627,-21.0,-3.920000076293945,3.849999904632568,1.5093477840941716,ascending,5
3,right,2180.3654615384617,1789025604785,-0.4929390549659729,8.502002716064453,7.171545505523682,-21.0,-3.920000076293945,3.849999904632568,1.5211992355729154,ascending,5
3,right,2180.3750769230774,1789025604785,-0.5120823383331299,8.348855972290039,7.295976638793945,-21.0,-3.920000076293945,3.849999904632568,1.5326304890075837,ascending,5
3,right,2180.3846923076926,1789025604785,-0.5479759573936462,8.32492733001709,7.245725631713867,-21.0,-3.920000076293945,3.849999904632568,1.5436287682682337,ascending,5
3,right,2180.394307692308,1789025604785,-0.5288326740264893,8.327320098876953,7.24811840057373,-21.0,-3.920000076293945,3.849999904632568,1.5546783160401607,ascending,5
3,right,2180.402,1789025604861,-0.4546525478363037,8.348855972290039,6.972934246063232,5.949999809265137,-2.450000047683716,4.96999979019165,1.5623313173374442,ascending,5
3,right,2180.4116153846157,1789025604861,-0.49054616689682,8.298604965209961,6.965755462646484,5.949999809265137,-2.450000047683716,4.96999979019165,1.5714831571690164,ascending,5
3,right,2180.421230769231,1789025604861,-0.3924369215965271,8.202888488769531,6.882003784179688,5.949999809265137,-2.450000047683716,4.96999979019165,1.5793791271808557,ascending,5
3,right,2180.4308461538462,1789025604861,-0.3326142132282257,8.119136810302734,6.889182567596436,5.949999809265137,-2.450000047683716,4.96999979019165,1.5866603800898371,ascending,5
3,right,2180.440461538461,1789025604861,-0.3326142132282257,8.116744041442871,6.664248943328857,5.949999809265137,-2.450000047683716,4.96999979019165,1.5925962513964536,ascending,5
3,right,2180.450076923077,1789025604861,-0.3541503846645355,8.140673637390137,6.704928398132324,5.949999809265137,-2.450000047683716,4.96999979019165,1.5989587391361662,ascending,5
3,right,2180.4596923076924,1789025604861,-0.3158638775348663,8.210067749023438,6.611605167388916,5.949999809265137,-2.450000047683716,4.96999979019165,1.6052827931761902,ascending,5
3,right,2180.469307692308,1789025604861,-0.3278284072875976,8.174174308776855,6.657070159912109,5.949999809265137,-2.450000047683716,4.96999979019165,1.611604839465857,ascending,5
3,right,2180.478,1789025604935,-0.368507832288742,8.200495719909668,6.523067474365234,23.450000762939453,-1.3300000429153442,4.96999979019165,1.616790445050554,ascending,5
3,right,2180.4876153846158,1789025604935,-0.3254354894161224,8.279461860656738,6.420172214508057,23.450000762939453,-1.3300000429153442,4.96999979019165,1.6225038129053524,ascending,5
3,right,2180.497230769231,1789025604935,-0.339792937040329,8.358428001403809,6.211989402770996,23.450000762939453,-1.3300000429153442,4.96999979019165,1.6276086095479823,ascending,5
3,right,2180.5068461538463,1789025604935,-0.3374000489711761,8.293819427490234,6.044486045837402,23.450000762939453,-1.3300000429153442,4.96999979019165,1.6312516154515782,ascending,5
3,right,2180.516461538461,1789025604935,-0.3948298394680023,8.190924644470215,5.7860517501831055,23.450000762939453,-1.3300000429153442,4.96999979019165,1.6326411721321235,ascending,5
3,right,2180.526076923077,1789025604935,-0.4187589287757873,8.032992362976074,5.541975021362305,23.450000762939453,-1.3300000429153442,4.96999979019165,1.6314365705512457,ascending,5
3,right,2180.5356923076924,1789025604935,-0.4785816073417663,7.891810894012451,5.352935314178467,23.450000762939453,-1.3300000429153442,4.96999979019165,1.62809797643992,ascending,5
3,right,2180.545307692308,1789025604935,-0.5072965025901794,7.719521522521973,5.238075733184815,23.450000762939453,-1.3300000429153442,4.96999979019165,1.622795653711796,ascending,5
3,right,2180.554,1789025605010,-0.5455830693244934,7.518517017364502,5.154324054718018,23.450000762939453,-1.4700000286102295,4.900000095367432,1.616180455938849,ascending,5
3,right,2180.563615384616,1789025605010,-0.5647262930870056,7.331870555877685,5.015535354614258,23.450000762939453,-1.4700000286102295,4.900000095367432,1.6066466288407106,ascending,5
3,right,2180.573230769231,1789025605010,-0.5503688454627991,7.166759967803955,4.9006757736206055,23.450000762939453,-1.4700000286102295,4.900000095367432,1.5951879656996095,ascending,5
3,right,2180.5828461538463,1789025605010,-0.5671192407608032,6.99686336517334,4.7666730880737305,23.450000762939453,-1.4700000286102295,4.900000095367432,1.581670857061213,ascending,5
3,right,2180.592461538461,1789025605010,-0.5934411883354187,6.872432231903076,4.716422080993652,23.450000762939453,-1.4700000286102295,4.900000095367432,1.5669144322964226,ascending,5
3,right,2180.602076923077,1789025605010,-0.5168681740760803,6.891575336456299,4.5632758140563965,23.450000762939453,-1.4700000286102295,4.900000095367432,1.551467661110928,ascending,5
3,right,2180.6116923076925,1789025605010,-0.4977248907089233,6.922683238983154,4.455595016479492,23.450000762939453,-1.4700000286102295,4.900000095367432,1.5356983717880084,ascending,5
3,right,2180.621307692308,1789025605010,-0.4570454359054565,7.027971267700195,4.2617692947387695,23.450000762939453,-1.4700000286102295,4.900000095367432,1.5197439726380244,ascending,5
3,right,2180.631,1789025605086,-0.4714028835296631,7.066257476806641,4.137338161468506,24.989999771118164,-0.8400000333786011,3.5,1.5033415811536675,ascending,5
3,right,2180.640615384615,1789025605086,-0.4522596299648285,7.133258819580078,4.1205878257751465,24.989999771118164,-0.8400000333786011,3.5,1.4875446519878361,ascending,5
3,right,2180.650230769231,1789025605086,-0.4139730930328369,7.171545505523682,4.204339504241943,24.989999771118164,-0.8400000333786011,3.5,1.47250664640235,ascending,5
3,right,2180.659846153846,1789025605086,-0.4283305406570434,7.133258819580078,4.180410385131836,24.989999771118164,-0.8400000333786011,3.5,1.457062834715991,ascending,5
3,right,2180.6694615384613,1789025605086,-0.382865309715271,7.233761310577393,4.02008581161499,24.989999771118164,-0.8400000333786011,3.5,1.441629550117777,ascending,5
3,right,2180.679076923077,1789025605086,-0.3996156454086303,7.238546848297119,4.048800468444824,24.989999771118164,-0.8400000333786011,3.5,1.4264138097677668,ascending,5
3,right,2180.688692307692,1789025605086,-0.3948298394680023,7.252904415130615,4.008121013641357,24.989999771118164,-0.8400000333786011,3.5,1.41113602226013,ascending,5
3,right,2180.6983076923075,1789025605086,-0.363722026348114,7.169152736663818,3.969834566116333,24.989999771118164,-0.8400000333786011,3.5,1.394993433232177,ascending,5
3,right,2180.706,1789025605160,-0.3062922358512878,7.228975296020508,3.8836898803710938,18.1299991607666,-1.190000057220459,2.6600000858306885,1.3821334649409711,ascending,5
3,right,2180.7156153846154,1789025605160,-0.2345049977302551,7.133258819580078,3.8884756565094,18.1299991607666,-1.190000057220459,2.6600000858306885,1.3652892234979808,ascending,5
3,right,2180.725230769231,1789025605160,-0.1770751923322677,7.181117057800293,3.835831642150879,18.1299991607666,-1.190000057220459,2.6600000858306885,1.3485890639174418,ascending,5
3,right,2180.7348461538463,1789025605160,-0.1722893863916397,7.078222274780273,3.809509754180908,18.1299991607666,-1.190000057220459,2.6600000858306885,1.3309258816705036,ascending,5
3,right,2180.7444615384616,1789025605160,-0.1770751923322677,6.972934246063232,3.773616075515747,18.1299991607666,-1.190000057220459,2.6600000858306885,1.312233302175654,ascending,5
3,right,2180.7540769230773,1789025605160,-0.1459673941135406,7.011220932006836,3.780794858932495,18.1299991607666,-1.190000057220459,2.6600000858306885,1.293902763150147,ascending,5
3,right,2180.7636923076925,1789025605160,-0.1363957673311233,7.049507141113281,3.7831876277923584,18.1299991607666,-1.190000057220459,2.6600000858306885,1.2759175814374437,ascending,5
3,right,2180.773307692308,1789025605160,-0.1196454018354415,7.099758148193359,3.7975451946258554,18.1299991607666,-1.190000057220459,2.6600000858306885,1.2584321377128551,ascending,5
3,right,2180.782,1789025605286,-0.0693943351507186,7.020792484283447,3.716186285018921,10.079999923706056,-1.5399999618530271,1.75,1.2416831239944364,ascending,5
3,right,2180.7916153846154,1789025605286,-0.1124666780233383,7.051900386810303,3.752079963684082,10.079999923706056,-1.5399999618530271,1.75,1.223606659271869,ascending,5
3,right,2180.801230769231,1789025605286,-0.0909305065870285,7.023185253143311,3.74968695640564,10.079999923706056,-1.5399999618530271,1.75,1.205284095152669,ascending,5
3,right,2180.8108461538463,1789025605286,-0.0502510704100132,6.898754119873047,3.838224649429321,10.079999923706056,-1.5399999618530271,1.75,1.1863183304496394,ascending,5
3,right,2180.8204615384616,1789025605286,-0.0885375961661338,6.884396553039551,3.840617418289185,10.079999923706056,-1.5399999618530271,1.75,1.1672591101975636,ascending,5
3,right,2180.8300769230773,1789025605286,-0.0909305065870285,6.834145545959473,3.895654439926148,10.079999923706056,-1.5399999618530271,1.75,1.148036566320195,ascending,5
3,right,2180.8396923076925,1789025605286,-0.0981092303991317,6.764750957489014,3.998549461364746,10.079999923706056,-1.5399999618530271,1.75,1.1287079318772175,ascending,5
3,right,2180.849307692308,1789025605286,-0.1172524988651275,6.73603630065918,4.008121013641357,10.079999923706056,-1.5399999618530271,1.75,1.109192072127706,ascending,5
3,right,2180.858,1789025605326,-0.1196454018354415,6.82218074798584,4.010513782501221,10.920000076293944,-1.6100000143051147,1.3300000429153442,1.0922251928210756,ascending,5
3,right,2180.8676153846154,1789025605326,-0.1220383122563362,6.90114688873291,4.005728244781494,10.920000076293944,-1.6100000143051147,1.3300000429153442,1.0741108856015051,ascending,5
3,right,2180.877230769231,1789025605326,-0.1651106625795364,6.956183910369873,3.929155111312866,10.920000076293944,-1.6100000143051147,1.3300000429153442,1.0561275213674775,ascending,5
3,right,2180.8868461538464,1789025605326,-0.1722893863916397,6.946612358093262,3.8884756565094,10.920000076293944,-1.6100000143051147,1.3300000429153442,1.0378870381031802,ascending,5
3,right,2180.8964615384616,1789025605326,-0.184253916144371,6.968148231506348,3.7999379634857178,10.920000076293944,-1.6100000143051147,1.3300000429153442,1.01943631534294,ascending,5
3,right,2180.9060769230773,1789025605326,-0.2010042816400528,6.905932903289795,3.74968695640564,10.920000076293944,-1.6100000143051147,1.3300000429153442,1.0002424092834208,ascending,5
3,right,2180.915692307693,1789025605326,-0.1962184607982635,6.90114688873291,3.675506830215454,10.920000076293944,-1.6100000143051147,1.3300000429153442,0.9806804783683567,ascending,5
3,right,2180.925307692308,1789025605326,-0.2153617292642593,6.908325672149658,3.6204700469970703,10.920000076293944,-1.6100000143051147,1.3300000429153442,0.9609455023137993,ascending,5
3,right,2180.933,1789025605400,-0.2584340870380401,6.939433574676514,3.5534684658050537,20.93000030517578,-1.1200000047683716,1.680000066757202,0.9451440519154827,ascending,5
3,right,2180.9426153846152,1789025605400,-0.2273262739181518,6.891575336456299,3.5151820182800293,20.93000030517578,-1.1200000047683716,1.680000066757202,0.9248206617134674,ascending,5
3,right,2180.952230769231,1789025605400,-0.2297191768884658,7.008827686309815,3.476895570755005,20.93000030517578,-1.1200000047683716,1.680000066757202,0.9053442947279152,ascending,5
3,right,2180.961846153846,1789025605400,-0.2297191768884658,7.035149574279785,3.512789011001587,20.93000030517578,-1.1200000047683716,1.680000066757202,0.8862626240170257,ascending,5
3,right,2180.9714615384614,1789025605400,-0.1746822893619537,7.042328357696533,3.450573444366455,20.93000030517578,-1.1200000047683716,1.680000066757202,0.8669736118291528,ascending,5
3,right,2180.981076923077,1789025605400,-0.2392908036708831,7.099758148193359,3.426644325256348,20.93000030517578,-1.1200000047683716,1.680000066757202,0.848102992677042,ascending,5
3,right,2180.9906923076924,1789025605400,-0.1698964685201645,7.2050461769104,3.441001892089844,20.93000030517578,-1.1200000047683716,1.680000066757202,0.8301984662184894,ascending,5
3,right,2181.000307692308,1789025605400,-0.1507532149553299,7.3246917724609375,3.443394660949707,20.93000030517578,-1.1200000047683716,1.680000066757202,0.8133465088237147,ascending,5
3,right,2181.009,1789025605475,-0.1483602970838546,7.410836219787598,3.393143653869629,17.989999771118164,-0.7699999809265137,1.0499999523162842,0.7986083769436682,ascending,5
3,right,2181.0186153846157,1789025605475,-0.1005021408200264,7.468266010284424,3.3955366611480717,17.989999771118164,-0.7699999809265137,1.0499999523162842,0.7828172850486017,ascending,5
3,right,2181.028230769231,1789025605475,-0.1244312226772308,7.487409591674805,3.3476784229278564,17.989999771118164,-0.7699999809265137,1.0499999523162842,0.7670152144878658,ascending,5
3,right,2181.037846153846,1789025605475,-0.0957163274288177,7.494588375091553,3.278284072875977,17.989999771118164,-0.7699999809265137,1.0499999523162842,0.751004072481644,ascending,5
3,right,2181.047461538461,1789025605475,-0.1100737750530242,7.520910263061523,3.204103946685791,17.989999771118164,-0.7699999809265137,1.0499999523162842,0.7349443040715695,ascending,5
3,right,2181.057076923077,1789025605475,-0.1100737750530242,7.492195129394531,3.2567479610443115,17.989999771118164,-0.7699999809265137,1.0499999523162842,0.7188560547461788,ascending,5
3,right,2181.0666923076924,1789025605475,-0.1244312226772308,7.453908920288086,3.1849606037139893,17.989999771118164,-0.7699999809265137,1.0499999523162842,0.7021653440297861,ascending,5
3,right,2181.076307692308,1789025605475,-0.0885375961661338,7.391693115234375,3.2423903942108154,17.989999771118164,-0.7699999809265137,1.0499999523162842,0.6851560653147206,ascending,5
3,right,2181.086,1789025605551,-0.1172524988651275,7.281619548797607,3.244783401489258,8.890000343322754,-1.680000066757202,0.9800000190734864,0.6670567599749201,ascending,5
3,right,2181.095615384615,1789025605551,-0.1866468340158462,7.272047519683838,3.2376046180725098,8.890000343322754,-1.680000066757202,0.9800000190734864,0.6490084696681654,ascending,5
3,right,2181.1052307692307,1789025605551,-0.1962184607982635,7.3797287940979,3.2064969539642334,8.890000343322754,-1.680000066757202,0.9800000190734864,0.6317989723109314,ascending,5
3,right,2181.114846153846,1789025605551,-0.2440766245126724,7.334263324737549,3.3117847442626958,8.890000343322754,-1.680000066757202,0.9800000190734864,0.6146104830032288,ascending,5
3,right,2181.124461538461,1789025605551,-0.2464695274829864,7.418015003204346,3.3069989681243896,8.890000343322754,-1.680000066757202,0.9800000190734864,0.5981507026772679,ascending,5
3,right,2181.134076923077,1789025605551,-0.2105759084224701,7.506552696228027,3.3476784229278564,8.890000343322754,-1.680000066757202,0.9800000190734864,0.5826281168449002,ascending,5
3,right,2181.143692307692,1789025605551,-0.308685153722763,7.614233493804932,3.3476784229278564,8.890000343322754,-1.680000066757202,0.9800000190734864,0.5680827001880094,ascending,5
3,right,2181.1533076923074,1789025605551,-0.3134709596633911,7.693199634552002,3.4122869968414307,8.890000343322754,-1.680000066757202,0.9800000190734864,0.554489455056863,ascending,5
3,right,2181.162,1789025605625,-0.3302213251590729,7.808059215545654,3.505610466003418,11.899999618530272,-1.9600000381469729,1.0499999523162842,0.5434476248097971,ascending,5
3,right,2181.171615384615,1789025605625,-0.3134709596633911,7.958812236785889,3.563040256500244,11.899999618530272,-1.9600000381469729,1.0499999523162842,0.5327834872197239,ascending,5
3,right,2181.1812307692308,1789025605625,-0.3445787727832794,8.16699504852295,3.469716787338257,11.899999618530272,-1.9600000381469729,1.0499999523162842,0.5236163393260064,ascending,5
3,right,2181.190846153846,1789025605625,-0.3302213251590729,8.425429344177246,3.464931011199951,11.899999618530272,-1.9600000381469729,1.0499999523162842,0.5167186340580229,ascending,5
3,right,2181.200461538461,1789025605625,-0.3110780417919159,8.485252380371094,3.376393318176269,11.899999618530272,-1.9600000381469729,1.0499999523162842,0.5100225485782076,ascending,5
3,right,2181.210076923077,1789025605625,-0.308685153722763,8.638398170471191,3.3955366611480717,11.899999618530272,-1.9600000381469729,1.0499999523162842,0.5047632880927451,ascending,5
3,right,2181.219692307692,1789025605625,-0.3038993179798126,8.762829780578613,3.323749303817749,11.899999618530272,-1.9600000381469729,1.0499999523162842,0.5003532278953624,ascending,5
3,right,2181.2293076923074,1789025605625,-0.308685153722763,8.865724563598633,3.3117847442626958,11.899999618530272,-1.9600000381469729,1.0499999523162842,0.49682646227530486,ascending,5
3,right,2181.237,1789025605700,-0.3589362204074859,8.973404884338379,3.261533737182617,26.38999938964844,-2.1700000762939453,2.240000009536743,0.4946493574278887,ascending,5
3,right,2181.246615384616,1789025605700,-0.3661149442195892,9.026049613952637,3.244783401489258,26.38999938964844,-2.1700000762939453,2.240000009536743,0.49235873361073773,ascending,5
3,right,2181.256230769231,1789025605700,-0.4139730930328369,9.14808750152588,3.1993181705474854,26.38999938964844,-2.1700000762939453,2.240000009536743,0.4910312229999492,ascending,5
3,right,2181.2658461538463,1789025605700,-0.4235447347164154,9.157659530639648,3.218461275100708,26.38999938964844,-2.1700000762939453,2.240000009536743,0.48987584266654943,ascending,5
3,right,2181.275461538461,1789025605700,-0.4307234585285187,9.21748161315918,3.1921393871307373,26.38999938964844,-2.1700000762939453,2.240000009536743,0.4891853292437242,ascending,5
3,right,2181.285076923077,1789025605700,-0.5001177787780762,9.241411209106444,3.1251380443573,26.38999938964844,-2.1700000762939453,2.240000009536743,0.48851923196903585,ascending,5
3,right,2181.2946923076925,1789025605700,-0.5072965025901794,9.262947082519531,3.1586387157440186,26.38999938964844,-2.1700000762939453,2.240000009536743,0.4881743174420974,ascending,5
3,right,2181.304307692308,1789025605700,-0.5192610621452332,9.167230606079102,3.1490671634674072,26.38999938964844,-2.1700000762939453,2.240000009536743,0.48694679333388396,ascending,5
3,right,2181.313,1789025605775,-0.5049036145210266,9.040407180786133,3.113173484802246,10.989999771118164,-3.009999990463257,1.9600000381469729,0.4846957989857271,ascending,5
3,right,2181.322615384616,1789025605775,-0.5336185097694397,8.947083473205566,3.08206558227539,10.989999771118164,-3.009999990463257,1.9600000381469729,0.4812751282973196,ascending,5
3,right,2181.332230769231,1789025605775,-0.5001177787780762,8.844188690185547,3.1514599323272705,10.989999771118164,-3.009999990463257,1.9600000381469729,0.477136861270587,ascending,5
3,right,2181.3418461538463,1789025605775,-0.5240468978881836,8.781972885131836,3.117959260940552,10.989999771118164,-3.009999990463257,1.9600000381469729,0.47233990100987094,ascending,5
3,right,2181.351461538461,1789025605775,-0.521653950214386,8.693434715270996,3.1490671634674072,10.989999771118164,-3.009999990463257,1.9600000381469729,0.46684067822466113,ascending,5
3,right,2181.361076923077,1789025605775,-0.5168681740760803,8.604897499084473,3.254354953765869,10.989999771118164,-3.009999990463257,1.9600000381469729,0.46087043338278727,ascending,5
3,right,2181.3706923076925,1789025605775,-0.5168681740760803,8.652755737304688,3.261533737182617,10.989999771118164,-3.009999990463257,1.9600000381469729,0.455359267364721,ascending,5
3,right,2181.380307692308,1789025605775,-0.5025107264518738,8.643183708190918,3.211282730102539,10.989999771118164,-3.009999990463257,1.9600000381469729,0.44960054718245923,ascending,5
3,right,2181.389,1789025605851,-0.521653950214386,8.669506072998047,3.232818841934204,2.7300000190734863,-3.289999961853028,1.399999976158142,0.4446822455628754,ascending,5
3,right,2181.398615384616,1789025605851,-0.509689450263977,8.667113304138184,3.266319513320923,2.7300000190734863,-3.289999961853028,1.399999976158142,0.43932610520679644,ascending,5
3,right,2181.408230769231,1789025605851,-0.5527617931365967,8.719757080078125,3.3069989681243896,2.7300000190734863,-3.289999961853028,1.399999976158142,0.43459683979997116,ascending,5
3,right,2181.4178461538463,1789025605851,-0.5384043455123901,8.839402198791504,3.26392674446106,2.7300000190734863,-3.289999961853028,1.399999976158142,0.4308162451659938,ascending,5
3,right,2181.4274615384616,1789025605851,-0.509689450263977,8.899225234985352,3.3261423110961914,2.7300000190734863,-3.289999961853028,1.399999976158142,0.42776811966468536,ascending,5
3,right,2181.4370769230773,1789025605851,-0.5336185097694397,8.978191375732422,3.3548572063446045,2.7300000190734863,-3.289999961853028,1.399999976158142,0.42553965417792455,ascending,5
3,right,2181.4466923076925,1789025605851,-0.49054616689682,9.128944396972656,3.350071430206299,2.7300000190734863,-3.289999961853028,1.399999976158142,0.4246482704416683,ascending,5
3,right,2181.456307692308,1789025605851,-0.5168681740760803,9.203125,3.441001892089844,2.7300000190734863,-3.289999961853028,1.399999976158142,0.42473106012117057,ascending,5
3,right,2181.466,1789025605926,-0.521653950214386,9.243803977966309,3.3955366611480717,3.5,-3.849999904632568,1.0499999523162842,0.42504301465626726,ascending,5
3,right,2181.475615384615,1789025605926,-0.4929390549659729,9.253376007080078,3.452966451644897,3.5,-3.849999904632568,1.0499999523162842,0,resting,
3,right,2181.485230769231,1789025605926,-0.4785816073417663,9.308412551879885,3.421858549118042,3.5,-3.849999904632568,1.0499999523162842,0.0011677080948657576,resting,
3,right,2181.494846153846,1789025605926,-0.4809745252132416,9.265339851379396,3.385964870452881,3.5,-3.849999904632568,1.0499999523162842,0.0018316947935523278,resting,
3,right,2181.5044615384613,1789025605926,-0.4259376525878906,9.241411209106444,3.318963527679444,3.5,-3.849999904632568,1.0499999523162842,0.0020410932514404504,resting,
3,right,2181.514076923077,1789025605926,-0.4522596299648285,9.231839179992676,3.2567479610443115,3.5,-3.849999904632568,1.0499999523162842,0.001974625126224658,resting,
3,right,2181.5236923076923,1789025605926,-0.3780794739723205,9.241411209106444,3.232818841934204,3.5,-3.849999904632568,1.0499999523162842,0.0018882669634042199,resting,
3,right,2181.5333076923075,1789025605926,-0.3445787727832794,9.23662567138672,3.232818841934204,3.5,-3.849999904632568,1.0499999523162842,0.001746471512700704,resting,
3,right,2181.541,1789025606000,-0.3613291084766388,9.128944396972656,3.2208542823791504,0.9800000190734864,-4.760000228881836,0.9800000190734864,0.0008273617837299544,resting,
3,right,2181.5506153846154,1789025606000,-0.3230426013469696,9.01887035369873,3.211282730102539,0.9800000190734864,-4.760000228881836,0.9800000190734864,-0.0013618518273713501,resting,
3,right,2181.560230769231,1789025606000,-0.3350071310997009,9.088264465332031,3.175389051437378,0.9800000190734864,-4.760000228881836,0.9800000190734864,-0.0030316674656182103,resting,
3,right,2181.5698461538464,1789025606000,-0.3038993179798126,9.002120018005371,3.175389051437378,0.9800000190734864,-4.760000228881836,0.9800000190734864,-0.00549132783591053,resting,
3,right,2181.5794615384616,1789025606000,-0.3278284072875976,8.935118675231934,3.1993181705474854,0.9800000190734864,-4.760000228881836,0.9800000190734864,-0.00847243318160931,resting,
3,right,2181.5890769230773,1789025606000,-0.2536482512950897,8.911190032958984,3.189746379852295,0.9800000190734864,-4.760000228881836,0.9800000190734864,-0.011721866409902871,resting,
3,right,2181.5986923076925,1789025606000,-0.2656128108501434,8.803508758544922,3.1658174991607666,0.9800000190734864,-4.760000228881836,0.9800000190734864,-0.016017255144414558,resting,
3,right,2181.608307692308,1789025606000,-0.2727915346622467,8.760436058044434,3.153852939605713,0.9800000190734864,-4.760000228881836,0.9800000190734864,-0.020736471960326533,resting,
3,right,2181.617,1789025606077,-0.2416837215423584,8.712578773498535,3.08206558227539,-0.2800000011920929,-5.320000171661377,0.6299999952316284,-0.02560925879233951,resting,
3,right,2181.6266153846154,1789025606077,-0.1627177447080612,8.638398170471191,3.0102784633636475,-0.2800000011920929,-5.320000171661377,0.6299999952316284,-0.031918746283844286,resting,
3,right,2181.636230769231,1789025606077,-0.1890397369861602,8.621647834777832,3.036600351333618,-0.2800000011920929,-5.320000171661377,0.6299999952316284,-0.03828480443684712,resting,
3,right,2181.6458461538464,1789025606077,-0.184253916144371,8.695828437805176,2.993528127670288,-0.2800000011920929,-5.320000171661377,0.6299999952316284,-0.044113983742312964,resting,
3,right,2181.6554615384616,1789025606077,-0.1675035655498504,8.693434715270996,2.9672060012817383,-0.2800000011920929,-5.320000171661377,0.6299999952316284,-0.050048429465492796,resting,
3,right,2181.6650769230773,1789025606077,-0.1746822893619537,8.729329109191895,2.928919553756714,-0.2800000011920929,-5.320000171661377,0.6299999952316284,-0.05577329853674113,resting,
3,right,2181.674692307693,1789025606077,-0.2105759084224701,8.841794967651367,2.790130853652954,-0.2800000011920929,-5.320000171661377,0.6299999952316284,-0.06090479576736608,resting,
3,right,2181.684307692308,1789025606077,-0.2249333560466766,8.908797264099121,2.782952070236206,-0.2800000011920929,-5.320000171661377,0.6299999952316284,-0.06544191455752274,resting,
3,right,2181.693,1789025606150,-0.2392908036708831,8.94947624206543,2.720736503601074,10.289999961853027,-5.110000133514404,0.8400000333786011,-0.06937389571778514,resting,
3,right,2181.7026153846155,1789025606150,-0.2919347882270813,8.94229793548584,2.739879846572876,10.289999961853027,-5.110000133514404,0.8400000333786011,-0.07370751280675022,resting,
3,right,2181.712230769231,1789025606150,-0.3206496834754944,8.951869010925293,2.605876922607422,10.289999961853027,-5.110000133514404,0.8400000333786011,-0.07834910828504218,resting,
3,right,2181.7218461538464,1789025606150,-0.2895418703556061,8.920761108398438,2.555625915527344,10.289999961853027,-5.110000133514404,0.8400000333786011,-0.083419850611886,resting,
3,right,2181.7314615384616,1789025606150,-0.2703986167907715,8.810688018798828,2.548447132110596,10.289999961853027,-5.110000133514404,0.8400000333786011,-0.08950665828887526,resting,
3,right,2181.7410769230773,1789025606150,-0.2991135120391845,8.853759765625,2.483838558197021,10.289999961853027,-5.110000133514404,0.8400000333786011,-0.09537452161304359,resting,
3,right,2181.7506923076926,1789025606150,-0.3062922358512878,8.793937683105469,2.4479448795318604,10.289999961853027,-5.110000133514404,0.8400000333786011,-0.10188012995726625,resting,
3,right,2181.760307692308,1789025606150,-0.2703986167907715,8.714971542358398,2.3976938724517822,10.289999961853027,-5.110000133514404,0.8400000333786011,-0.10924875948956389,resting,
3,right,2181.769,1789025606226,-0.2727915346622467,8.712578773498535,2.4144442081451416,-2.380000114440918,-5.389999866485596,0.1400000005960464,-0.1158795105795721,resting,
3,right,2181.778615384615,1789025606226,-0.2632198929786682,8.540288925170898,2.368978977203369,-2.380000114440918,-5.389999866485596,0.1400000005960464,-0.12491963371847395,resting,
3,right,2181.7882307692307,1789025606226,-0.2632198929786682,8.432607650756836,2.290013074874878,-2.380000114440918,-5.389999866485596,0.1400000005960464,-0.13516783247725567,resting,
3,right,2181.797846153846,1789025606226,-0.1866468340158462,8.157423973083496,2.251726627349853,-2.380000114440918,-5.389999866485596,0.1400000005960464,-0.14805509185741356,resting,
3,right,2181.807461538461,1789025606226,-0.1651106625795364,8.006670951843262,2.191903829574585,-2.380000114440918,-5.389999866485596,0.1400000005960464,-0.16249173472185194,resting,
3,right,2181.817076923077,1789025606226,-0.1722893863916397,7.748236179351807,2.086615800857544,-2.380000114440918,-5.389999866485596,0.1400000005960464,-0.17958936741248982,resting,
3,right,2181.826692307692,1789025606226,-0.1794681102037429,7.453908920288086,1.955005884170532,-2.380000114440918,-5.389999866485596,0.1400000005960464,-0.1997509941618811,descending,
3,right,2181.8363076923074,1789025606226,-0.1603248417377472,7.138044834136963,1.8927903175354004,-2.380000114440918,-5.389999866485596,0.1400000005960464,-0.2229788965610956,descending,
3,right,2181.844,1789025606315,-0.1579319387674331,6.8126091957092285,1.8425391912460327,-19.38999938964844,-6.300000190734863,-0.1400000005960464,-0.24406129699177775,descending,
3,right,2181.8536153846158,1789025606315,-0.1411815732717514,6.465637683868408,1.8640754222869875,-19.38999938964844,-6.300000190734863,-0.1400000005960464,-0.27353005646507056,descending,
3,right,2181.863230769231,1789025606315,-0.1148595884442329,6.23352575302124,1.998078227043152,-19.38999938964844,-6.300000190734863,-0.1400000005960464,-0.3047269687598054,descending,
3,right,2181.8728461538462,1789025606315,-0.1244312226772308,6.087558269500732,2.0961875915527344,-19.38999938964844,-6.300000190734863,-0.1400000005960464,-0.33695164565040403,descending,
3,right,2181.882461538461,1789025606315,-0.1555390208959579,5.912876129150391,2.3522286415100098,-19.38999938964844,-6.300000190734863,-0.1400000005960464,-0.36998217639990916,descending,
3,right,2181.892076923077,1789025606315,-0.1435744911432266,5.819552421569824,2.5747690200805664,-19.38999938964844,-6.300000190734863,-0.1400000005960464,-0.4031664723815837,descending,
3,right,2181.9016923076924,1789025606315,-0.1244312226772308,5.683156490325928,2.6441633701324463,-19.38999938964844,-6.300000190734863,-0.1400000005960464,-0.4373504743677806,descending,
3,right,2181.911307692308,1789025606315,-0.1196454018354415,5.570690155029297,2.5747690200805664,-19.38999938964844,-6.300000190734863,-0.1400000005960464,-0.47273443848710683,descending,
3,right,2181.921,1789025606390,-0.0957163274288177,5.39122200012207,2.866703987121582,-22.81999969482422,-5.670000076293945,-1.190000057220459,-0.5090923757993618,descending,
3,right,2181.930615384615,1789025606390,-0.0239290818572044,5.525224685668945,2.617841482162476,-22.81999969482422,-5.670000076293945,-1.190000057220459,-0.5446875845346845,descending,
3,right,2181.9402307692308,1789025606390,-0.0119645409286022,5.501295566558838,2.859525203704834,-22.81999969482422,-5.670000076293945,-1.190000057220459,-0.5796910347547343,descending,
3,right,2181.949846153846,1789025606390,0.0478581637144088,5.443865776062012,2.634591817855835,-22.81999969482422,-5.670000076293945,-1.190000057220459,-0.6158989436832641,descending,
3,right,2181.9594615384613,1789025606390,0.0526439771056175,5.35532808303833,2.6321988105773926,-22.81999969482422,-5.670000076293945,-1.190000057220459,-0.652874431335037,descending,
3,right,2181.969076923077,1789025606390,0.067001424729824,5.405579566955566,2.392908096313477,-22.81999969482422,-5.670000076293945,-1.190000057220459,-0.6901430352531256,descending,
3,right,2181.978692307692,1789025606390,0.0550368875265121,5.321827411651611,2.5269110202789307,-22.81999969482422,-5.670000076293945,-1.190000057220459,-0.7276873127969283,descending,
3,right,2181.9883076923074,1789025606390,-0.0047858161851763,5.360114097595215,2.388122320175171,-22.81999969482422,-5.670000076293945,-1.190000057220459,-0.7653061892915383,descending,
3,right,2181.997,1789025606465,-0.1005021408200264,5.513260364532471,2.5819478034973145,-26.25,-5.949999809265137,-1.6100000143051147,-0.7974341109420833,descending,
3,right,2182.006615384615,1789025606465,-0.1268241256475448,5.539582252502441,2.445552110671997,-26.25,-5.949999809265137,-1.6100000143051147,-0.8331653958701535,descending,
3,right,2182.016230769231,1789025606465,-0.1770751923322677,5.460616111755371,2.3282995223999023,-26.25,-5.949999809265137,-1.6100000143051147,-0.8699743179980377,descending,
3,right,2182.025846153846,1789025606465,-0.2297191768884658,5.558725357055664,2.2086541652679443,-26.25,-5.949999809265137,-1.6100000143051147,-0.9062925854801115,descending,
3,right,2182.0354615384613,1789025606465,-0.2703986167907715,5.647263050079346,2.3282995223999023,-26.25,-5.949999809265137,-1.6100000143051147,-0.9413715762128355,descending,
3,right,2182.045076923077,1789025606465,-0.363722026348114,5.845874309539795,2.2230117321014404,-26.25,-5.949999809265137,-1.6100000143051147,-0.9750253421524834,descending,
3,right,2182.054692307692,1789025606465,-0.4187589287757873,5.89373254776001,2.3211207389831543,-26.25,-5.949999809265137,-1.6100000143051147,-1.0078790663741406,descending,
3,right,2182.0643076923075,1789025606465,-0.5001177787780762,5.898518562316895,2.373764753341675,-26.25,-5.949999809265137,-1.6100000143051147,-1.0404738812223264,descending,
3,right,2182.073,1789025606540,-0.5934411883354187,5.867410659790039,2.4288017749786377,-26.31999969482422,-5.670000076293945,-2.309999942779541,-1.0699821665817402,descending,
3,right,2182.082615384615,1789025606540,-0.6532639265060425,5.943983554840088,2.5197322368621826,-26.31999969482422,-5.670000076293945,-2.309999942779541,-1.101583166178287,descending,
3,right,2182.092230769231,1789025606540,-0.6580497026443481,5.903304100036621,2.7279152870178223,-26.31999969482422,-5.670000076293945,-2.309999942779541,-1.1327404417191032,descending,
3,right,2182.101846153846,1789025606540,-0.6963362693786621,6.049271583557129,2.7638089656829834,-26.31999969482422,-5.670000076293945,-2.309999942779541,-1.1624460177990856,descending,
3,right,2182.1114615384613,1789025606540,-0.7154794931411743,6.104308605194092,2.871489763259888,-26.31999969482422,-5.670000076293945,-2.309999942779541,-1.1912296936042455,descending,
3,right,2182.121076923077,1789025606540,-0.6532639265060425,6.374707221984863,2.873882532119751,-26.31999969482422,-5.670000076293945,-2.309999942779541,-1.2176077002683858,descending,
3,right,2182.130692307692,1789025606540,-0.6030128598213196,6.685785293579102,2.943276882171631,-26.31999969482422,-5.670000076293945,-2.309999942779541,-1.2409718141140194,descending,
3,right,2182.1403076923075,1789025606540,-0.5982270240783691,6.870038986206055,3.015064239501953,-26.31999969482422,-5.670000076293945,-2.309999942779541,-1.2624231854304837,descending,
3,right,2182.148,1789025606631,-0.5120823383331299,6.941826343536377,3.1729960441589355,-20.3700008392334,-5.809999942779541,-3.569999933242798,-1.2785818481232931,descending,
3,right,2182.1576153846154,1789025606631,-0.4091872870922088,6.939433574676514,3.393143653869629,-20.3700008392334,-5.809999942779541,-3.569999933242798,-1.2979214663606509,descending,
3,right,2182.167230769231,1789025606631,-0.3493645787239074,7.056685924530029,3.5510756969451904,-20.3700008392334,-5.809999942779541,-3.569999933242798,-1.3155929203343444,descending,
3,right,2182.1768461538463,1789025606631,-0.2895418703556061,7.236154079437256,3.814295530319214,-20.3700008392334,-5.809999942779541,-3.569999933242798,-1.3306175227602004,descending,
3,right,2182.1864615384616,1789025606631,-0.2297191768884658,7.559196472167969,3.9817991256713863,-20.3700008392334,-5.809999942779541,-3.569999933242798,-1.3421397111163333,descending,
3,right,2182.1960769230773,1789025606631,-0.2225404530763626,7.733879089355469,4.20194673538208,-20.3700008392334,-5.809999942779541,-3.569999933242798,-1.3512093957722005,descending,
3,right,2182.2056923076925,1789025606631,-0.1986113786697387,7.987527370452881,4.295269966125488,-20.3700008392334,-5.809999942779541,-3.569999933242798,-1.3576810800605148,descending,
3,right,2182.215307692308,1789025606631,-0.2488624453544616,8.107172966003418,4.6015625,-20.3700008392334,-5.809999942779541,-3.569999933242798,-1.3617805057114665,descending,
3,right,2182.224,1789025606693,-0.3038993179798126,8.188531875610352,4.685314178466797,-33.18000030517578,-6.579999923706055,-5.389999866485596,-1.3644874099785465,descending,
3,right,2182.2336153846154,1789025606693,-0.308685153722763,8.377571105957031,4.931783676147461,-33.18000030517578,-6.579999923706055,-5.389999866485596,-1.364749136113386,descending,
3,right,2182.243230769231,1789025606693,-0.3996156454086303,8.442179679870605,5.077751159667969,-33.18000030517578,-6.579999923706055,-5.389999866485596,-1.36375134768209,descending,
3,right,2182.2528461538463,1789025606693,-0.4881532490253448,8.487645149230957,5.345756530761719,-33.18000030517578,-6.579999923706055,-5.389999866485596,-1.3610954228090049,descending,
3,right,2182.2624615384616,1789025606693,-0.5120823383331299,8.717364311218262,5.295505523681641,-33.18000030517578,-6.579999923706055,-5.389999866485596,-1.3566778094666117,descending,
3,right,2182.2720769230773,1789025606693,-0.5479759573936462,8.509181022644043,5.857839107513428,-33.18000030517578,-6.579999923706055,-5.389999866485596,-1.3513597077149728,descending,
3,right,2182.2816923076925,1789025606693,-0.5623334050178528,8.880082130432129,5.652049064636231,-33.18000030517578,-6.579999923706055,-5.389999866485596,-1.3438330527604228,descending,
3,right,2182.291307692308,1789025606693,-0.6149773597717285,8.808294296264648,6.013378143310547,-33.18000030517578,-6.579999923706055,-5.389999866485596,-1.3351350196579066,descending,
3,right,2182.3,1789025606766,-0.5934411883354187,8.951869010925293,6.018163681030273,-33.11000061035156,-6.440000057220459,-5.670000076293945,-1.3261344062051061,descending,
3,right,2182.3096153846154,1789025606766,-0.5862624645233154,9.023656845092772,6.298134326934815,-33.11000061035156,-6.440000057220459,-5.670000076293945,-1.3141789613400134,descending,
3,right,2182.319230769231,1789025606766,-0.4953319728374481,9.418486595153809,6.240704536437988,-33.11000061035156,-6.440000057220459,-5.670000076293945,-1.299229266300555,descending,
3,right,2182.3288461538464,1789025606766,-0.4331163763999939,9.492666244506836,6.4393157958984375,-33.11000061035156,-6.440000057220459,-5.670000076293945,-1.2826736104194927,descending,
3,right,2182.3384615384616,1789025606766,-0.3972227573394775,9.57402515411377,6.367528438568115,-33.11000061035156,-6.440000057220459,-5.670000076293945,-1.2657981262156888,descending,
3,right,2182.3480769230773,1789025606766,-0.3278284072875976,9.473523139953612,6.6786065101623535,-33.11000061035156,-6.440000057220459,-5.670000076293945,-1.2481596951463474,descending,
3,right,2182.357692307693,1789025606766,-0.260826975107193,9.466344833374023,6.472816467285156,-33.11000061035156,-6.440000057220459,-5.670000076293945,-1.2316314795490853,descending,
3,right,2182.367307692308,1789025606766,-0.1914326548576355,9.418486595153809,6.55417537689209,-33.11000061035156,-6.440000057220459,-5.670000076293945,-1.2150717567251528,descending,
3,right,2182.377,1789025606841,-0.1316099464893341,9.39216423034668,6.489566802978516,-18.690000534057617,-6.159999847412109,-4.199999809265137,-1.1989442711970144,descending,
3,right,2182.386615384615,1789025606841,-0.0957163274288177,9.25576877593994,6.714499950408936,-18.690000534057617,-6.159999847412109,-4.199999809265137,-1.182853825970223,descending,
3,right,2182.396230769231,1789025606841,-0.0861446931958198,9.224660873413086,6.661856174468994,-18.690000534057617,-6.159999847412109,-4.199999809265137,-1.1672802449922286,descending,
3,right,2182.405846153846,1789025606841,-0.1005021408200264,9.246196746826172,6.786287307739258,-18.690000534057617,-6.159999847412109,-4.199999809265137,-1.1508518578431,descending,
3,right,2182.4154615384614,1789025606841,-0.205790102481842,9.456772804260254,6.9609694480896,-18.690000534057617,-6.159999847412109,-4.199999809265137,-1.1317646994936537,descending,
3,right,2182.425076923077,1789025606841,-0.2823631465435028,9.509416580200195,7.104544162750244,-18.690000534057617,-6.159999847412109,-4.199999809265137,-1.1114489668061005,descending,
3,right,2182.4346923076923,1789025606841,-0.3445787727832794,9.674527168273926,7.0830078125,-18.690000534057617,-6.159999847412109,-4.199999809265137,-1.0899197344655875,descending,
3,right,2182.444307692308,1789025606841,-0.4642241597175598,9.830066680908203,7.305548191070557,-18.690000534057617,-6.159999847412109,-4.199999809265137,-1.0659042139825454,descending,
3,right,2182.452,1789025606938,-0.49054616689682,10.11242961883545,7.365371227264404,-4.409999847412109,-5.110000133514404,-3.640000104904175,-1.044648185409361,descending,
3,right,2182.4616153846155,1789025606938,-0.5120823383331299,10.45222282409668,7.487409591674805,-4.409999847412109,-5.110000133514404,-3.640000104904175,-1.014739025728726,descending,
3,right,2182.471230769231,1789025606938,-0.5623334050178528,10.899696350097656,7.367763996124268,-4.409999847412109,-5.110000133514404,-3.640000104904175,-0.9819778282659887,descending,
3,right,2182.4808461538464,1789025606938,-0.6054057478904724,11.306490898132324,7.293583869934082,-4.409999847412109,-5.110000133514404,-3.640000104904175,-0.9464406776475357,descending,
3,right,2182.4904615384617,1789025606938,-0.6700142621994019,11.76353645324707,7.310334205627441,-4.409999847412109,-5.110000133514404,-3.640000104904175,-0.9072285941476188,descending,
3,right,2182.5000769230774,1789025606938,-0.7633376717567444,11.801822662353516,7.575946807861328,-4.409999847412109,-5.110000133514404,-3.640000104904175,-0.8662393166312824,descending,
3,right,2182.5096923076926,1789025606938,-0.8207674622535706,11.899931907653809,7.877453327178955,-4.409999847412109,-5.110000133514404,-3.640000104904175,-0.8228130834536389,descending,
3,right,2182.519307692308,1789025606938,-0.923662543296814,12.289976119995115,8.145459175109863,-4.409999847412109,-5.110000133514404,-3.640000104904175,-0.7748357324102091,descending,
3,right,2182.528,1789025606990,-1.0313433408737185,12.670448303222656,8.363213539123535,-3.569999933242798,-3.990000009536743,-3.0799999237060547,-0.7276684322613963,descending,
3,right,2182.537615384615,1789025606990,-1.148595929145813,13.010241508483888,8.647970199584961,-3.569999933242798,-3.990000009536743,-3.0799999237060547,-0.6712404929915162,descending,
3,right,2182.5472307692307,1789025606990,-1.1892752647399902,13.266282081604004,8.872902870178223,-3.569999933242798,-3.990000009536743,-3.0799999237060547,-0.6115734719248473,descending,
3,right,2182.556846153846,1789025606990,-1.1988469362258911,13.787936210632324,8.982976913452148,-3.569999933242798,-3.990000009536743,-3.0799999237060547,-0.5472428847440571,descending,
3,right,2182.566461538461,1789025606990,-1.201239824295044,14.434021949768066,8.9590482711792,-3.569999933242798,-3.990000009536743,-3.0799999237060547,-0.4780325005668476,descending,
3,right,2182.576076923077,1789025606990,-1.296956181526184,15.175823211669922,8.94229793548584,-3.569999933242798,-3.990000009536743,-3.0799999237060547,-0.4031346082984203,descending,
3,right,2182.585692307692,1789025606990,-1.3735291957855225,15.6926908493042,8.966226577758789,-3.569999933242798,-3.990000009536743,-3.0799999237060547,-0.32409096144652844,descending,
3,right,2182.5953076923074,1789025606990,-1.462066888809204,15.862587928771973,8.994941711425781,-3.569999933242798,-3.990000009536743,-3.0799999237060547,-0.24358385937358243,descending,
3,right,2182.604,1789025607066,-1.5027462244033811,16.070770263671875,9.004512786865234,15.329999923706056,-3.150000095367432,-1.1200000047683716,-0.16926957244418372,descending,
3,right,2182.613615384615,1789025607066,-1.557783126831055,16.324419021606445,8.95665454864502,15.329999923706056,-3.150000095367432,-1.1200000047683716,-0.0853198567616621,descending,
3,right,2182.6232307692308,1789025607066,-1.5697476863861084,16.178451538085938,8.937511444091797,15.329999923706056,-3.150000095367432,-1.1200000047683716,-0.0026072114649318564,resting,
3,right,2182.632846153846,1789025607066,-1.464459776878357,15.975054740905762,8.95665454864502,15.329999923706056,-3.150000095367432,-1.1200000047683716,0.07859106078458293,resting,
3,right,2182.642461538461,1789025607066,-1.4189945459365845,15.70944118499756,9.069121360778809,15.329999923706056,-3.150000095367432,-1.1200000047683716,0.15830942572931408,resting,
3,right,2182.652076923077,1789025607066,-1.2443121671676636,15.372041702270508,8.951869010925293,15.329999923706056,-3.150000095367432,-1.1200000047683716,0.23467262395682376,resting,
3,right,2182.661692307692,1789025607066,-0.9858781099319458,15.048998832702637,8.84658145904541,15.329999923706056,-3.150000095367432,-1.1200000047683716,0.30783205470684427,resting,
3,right,2182.6713076923074,1789025607066,-0.8470894694328308,14.718777656555176,8.521145820617676,15.329999923706056,-3.150000095367432,-1.1200000047683716,0.37656213640760067,ascending,6
3,right,2182.68,1789025607142,-0.667621374130249,14.359841346740724,8.399106979370117,-7.840000152587891,-3.990000009536743,1.399999976158142,0.4354389610536753,ascending,6
3,right,2182.689615384615,1789025607142,-0.540797233581543,13.945868492126465,8.267497062683105,-7.840000152587891,-3.990000009536743,1.399999976158142,0.4964955191466627,ascending,6
3,right,2182.699230769231,1789025607142,-0.3900440335273742,13.43857192993164,8.289033889770508,-7.840000152587891,-3.990000009536743,1.399999976158142,0.553581186321873,ascending,6
3,right,2182.708846153846,1789025607142,-0.387651115655899,12.90973949432373,8.348855972290039,-7.840000152587891,-3.990000009536743,1.399999976158142,0.6067856326634624,ascending,6
3,right,2182.7184615384613,1789025607142,-0.3517574965953827,12.383299827575684,8.399106979370117,-7.840000152587891,-3.990000009536743,1.399999976158142,0.6560770076737158,ascending,6
3,right,2182.728076923077,1789025607142,-0.368507832288742,11.823358535766602,8.277069091796875,-7.840000152587891,-3.990000009536743,1.399999976158142,0.7002663429430295,ascending,6
3,right,2182.737692307692,1789025607142,-0.4211518168449402,11.371099472045898,8.255533218383789,-7.840000152587891,-3.990000009536743,1.399999976158142,0.7407713176471284,ascending,6
3,right,2182.7473076923075,1789025607142,-0.4809745252132416,11.167701721191406,8.253140449523926,-7.840000152587891,-3.990000009536743,1.399999976158142,0.7796619295859409,ascending,6
3,right,2182.756,1789025607217,-0.509689450263977,10.942769050598145,8.312962532043457,-19.25,-4.199999809265137,3.150000095367432,0.8135221625941725,ascending,6
3,right,2182.765615384615,1789025607217,-0.5479759573936462,10.67954921722412,8.06410026550293,-19.25,-4.199999809265137,3.150000095367432,0.8475334818202724,ascending,6
3,right,2182.775230769231,1789025607217,-0.5862624645233154,10.457008361816406,7.896596908569336,-19.25,-4.199999809265137,3.150000095367432,0.878869839778816,ascending,6
3,right,2182.784846153846,1789025607217,-0.5479759573936462,10.203360557556152,7.848738670349121,-19.25,-4.199999809265137,3.150000095367432,0.9079453367418652,ascending,6
3,right,2182.7944615384613,1789025607217,-0.5503688454627991,9.81092357635498,7.932490348815918,-19.25,-4.199999809265137,3.150000095367432,0.9344510007090923,ascending,6
3,right,2182.804076923077,1789025607217,-0.5288326740264893,9.509416580200195,7.987527370452881,-19.25,-4.199999809265137,3.150000095367432,0.9589468946159664,ascending,6
3,right,2182.813692307692,1789025607217,-0.4833674430847168,9.212696075439451,7.980348587036133,-19.25,-4.199999809265137,3.150000095367432,0.9811267774082912,ascending,6
3,right,2182.8233076923075,1789025607217,-0.466617077589035,9.078693389892578,7.8726677894592285,-19.25,-4.199999809265137,3.150000095367432,1.0016801826289923,ascending,6
3,right,2182.832,1789025607307,-0.44268798828125,8.851366996765137,7.889418125152588,-9.800000190734863,-4.059999942779541,3.849999904632568,1.0187799106242903,ascending,6
3,right,2182.841615384615,1789025607307,-0.368507832288742,8.77718734741211,7.836773872375488,-9.800000190734863,-4.059999942779541,3.849999904632568,1.0368263541136336,ascending,6
3,right,2182.851230769231,1789025607307,-0.2967205941677093,8.710185050964355,7.678842067718506,-9.800000190734863,-4.059999942779541,3.849999904632568,1.0534440225302166,ascending,6
3,right,2182.860846153846,1789025607307,-0.2871489822864532,8.75086498260498,7.410836219787598,-9.800000190734863,-4.059999942779541,3.849999904632568,1.06881228888172,ascending,6
3,right,2182.8704615384613,1789025607307,-0.1579319387674331,8.803508758544922,7.212224960327148,-9.800000190734863,-4.059999942779541,3.849999904632568,1.0833973579728755,ascending,6
3,right,2182.880076923077,1789025607307,-0.184253916144371,8.714971542358398,7.056685924530029,-9.800000190734863,-4.059999942779541,3.849999904632568,1.096397423667743,ascending,6
3,right,2182.8896923076923,1789025607307,-0.0813588723540306,8.612075805664062,6.862860202789307,-9.800000190734863,-4.059999942779541,3.849999904632568,1.1074545364854465,ascending,6
3,right,2182.8993076923075,1789025607307,-0.0382865294814109,8.49960994720459,6.51110315322876,-9.800000190734863,-4.059999942779541,3.849999904632568,1.115563833075362,ascending,6
3,right,2182.908,1789025607365,-0.0622156113386154,8.353642463684082,6.37949275970459,22.68000030517578,-3.640000104904175,4.550000190734863,1.1211958123258372,ascending,6
3,right,2182.917615384615,1789025607365,0.0119645409286022,8.248353958129883,6.185667514801025,22.68000030517578,-3.640000104904175,4.550000190734863,1.1254828709997242,ascending,6
3,right,2182.927230769231,1789025607365,0.0047858161851763,8.147851943969727,6.092343807220459,22.68000030517578,-3.640000104904175,4.550000190734863,1.128463209534994,ascending,6
3,right,2182.936846153846,1789025607365,-0.0598227009177207,8.049742698669434,5.829123973846436,22.68000030517578,-3.640000104904175,4.550000190734863,1.1291737033777147,ascending,6
3,right,2182.9464615384613,1789025607365,-0.0717872455716133,7.9994916915893555,5.644870281219482,22.68000030517578,-3.640000104904175,4.550000190734863,1.1284470561214348,ascending,6
3,right,2182.956076923077,1789025607365,-0.1962184607982635,7.994706153869629,5.515653133392334,22.68000030517578,-3.640000104904175,4.550000190734863,1.126962948395471,ascending,6
3,right,2182.9656923076923,1789025607365,-0.2560411691665649,7.939669132232666,5.300291538238525,22.68000030517578,-3.640000104904175,4.550000190734863,1.1238482418406675,ascending,6
3,right,2182.9753076923075,1789025607365,-0.3421858549118042,7.717128753662109,5.161502838134766,22.68000030517578,-3.640000104904175,4.550000190734863,1.1182415428767574,ascending,6
3,right,2182.983,1789025607483,-0.4283305406570434,7.6692705154418945,5.001177787780762,23.729999542236328,-2.870000123977661,3.220000028610229,1.1127548100416205,ascending,6
3,right,2182.9926153846154,1789025607483,-0.4091872870922088,7.501766681671143,4.754708290100098,23.729999542236328,-2.870000123977661,3.220000028610229,1.1032364000201917,ascending,6
3,right,2183.002230769231,1789025607483,-0.4857603311538696,7.427586555480957,4.575240135192871,23.729999542236328,-2.870000123977661,3.220000028610229,1.092175802070674,ascending,6
3,right,2183.0118461538464,1789025607483,-0.5336185097694397,7.30076265335083,4.388593673706055,23.729999542236328,-2.870000123977661,3.220000028610229,1.0791258032070075,ascending,6
3,right,2183.0214615384616,1789025607483,-0.509689450263977,7.166759967803955,4.24501895904541,23.729999542236328,-2.870000123977661,3.220000028610229,1.0642666291444836,ascending,6
3,right,2183.0310769230773,1789025607483,-0.5192610621452332,6.972934246063232,4.005728244781494,23.729999542236328,-2.870000123977661,3.220000028610229,1.046611261579329,ascending,6
3,right,2183.040692307693,1789025607483,-0.3996156454086303,6.853288650512695,3.8549749851226807,23.729999542236328,-2.870000123977661,3.220000028610229,1.0272261642166904,ascending,6
3,right,2183.050307692308,1789025607483,-0.4187589287757873,6.757572650909424,3.716186285018921,23.729999542236328,-2.870000123977661,3.220000028610229,1.0063787580082644,ascending,6
3,right,2183.059,1789025607514,-0.3158638775348663,6.630748271942139,3.603719472885132,30.799999237060547,-2.5199999809265137,2.0299999713897705,0.9861104010479054,ascending,6
3,right,2183.0686153846154,1789025607514,-0.2560411691665649,6.520674705505371,3.5510756969451904,30.799999237060547,-2.5199999809265137,2.0299999713897705,0.962570440296101,ascending,6
3,right,2183.078230769231,1789025607514,-0.2201475501060485,6.343599319458008,3.426644325256348,30.799999237060547,-2.5199999809265137,2.0299999713897705,0.9369948451632951,ascending,6
3,right,2183.0878461538464,1789025607514,-0.1579319387674331,6.1665239334106445,3.3046059608459477,30.799999237060547,-2.5199999809265137,2.0299999713897705,0.909393609747238,ascending,6
3,right,2183.0974615384616,1789025607514,-0.1770751923322677,6.063629150390625,3.1586387157440186,30.799999237060547,-2.5199999809265137,2.0299999713897705,0.880257094094905,ascending,6
3,right,2183.1070769230773,1789025607514,-0.0957163274288177,5.817159652709961,3.046171903610229,30.799999237060547,-2.5199999809265137,2.0299999713897705,0.8485679162635048,ascending,6
3,right,2183.1166923076926,1789025607514,-0.0933234170079231,5.53001070022583,2.9815635681152344,30.799999237060547,-2.5199999809265137,2.0299999713897705,0.8142283912261316,ascending,6
3,right,2183.126307692308,1789025607514,-0.0502510704100132,5.329006195068359,2.924133777618408,30.799999237060547,-2.5199999809265137,2.0299999713897705,0.7779744998755178,ascending,6
3,right,2183.135,1789025607605,-0.0622156113386154,5.04425048828125,2.823631525039673,22.1200008392334,-2.6600000858306885,1.3300000429153442,0.7426465041801589,ascending,6
3,right,2183.1446153846155,1789025607605,0.016750356182456,4.800173759460449,2.696807384490967,22.1200008392334,-2.6600000858306885,1.3300000429153442,0.7009471416769096,ascending,6
3,right,2183.154230769231,1789025607605,0.0311078056693077,4.4867024421691895,2.692021608352661,22.1200008392334,-2.6600000858306885,1.3300000429153442,0.6566409841822998,ascending,6
3,right,2183.1638461538464,1789025607605,-0.0095716323703527,4.276126861572266,2.715950727462769,22.1200008392334,-2.6600000858306885,1.3300000429153442,0.6107138605121973,ascending,6
3,right,2183.1734615384617,1789025607605,0.0574297942221164,4.065550804138184,2.5101606845855717,22.1200008392334,-2.6600000858306885,1.3300000429153442,0.5620618442122093,ascending,6
3,right,2183.1830769230774,1789025607605,0.0861446931958198,3.838224649429321,2.550840139389038,22.1200008392334,-2.6600000858306885,1.3300000429153442,0.5117167106781391,ascending,6
3,right,2183.1926923076926,1789025607605,0.1316099464893341,3.744901180267334,2.4144442081451416,22.1200008392334,-2.6600000858306885,1.3300000429153442,0.459960508122447,ascending,6
3,right,2183.202307692308,1789025607605,0.1603248417377472,3.534325361251831,2.416837215423584,22.1200008392334,-2.6600000858306885,1.3300000429153442,0.4064610545595299,ascending,6
3,right,2183.212,1789025607681,0.1675035655498504,3.376393318176269,2.254119396209717,1.3300000429153442,-3.3600001335144043,0.3499999940395355,0.35045676186985,ascending,6
3,right,2183.2216153846152,1789025607681,0.1914326548576355,3.261533737182617,2.156010150909424,1.3300000429153442,-3.3600001335144043,0.3499999940395355,0.29350083795161946,ascending,6
3,right,2183.231230769231,1789025607681,0.2201475501060485,3.129923820495605,2.0267932415008545,1.3300000429153442,-3.3600001335144043,0.3499999940395355,0.234864043565132,ascending,6
3,right,2183.240846153846,1789025607681,0.2153617292642593,3.053350687026977,2.079437017440796,1.3300000429153442,-3.3600001335144043,0.3499999940395355,0.1758569007620179,ascending,6
3,right,2183.2504615384614,1789025607681,0.2129688262939453,2.9624202251434326,2.050722122192383,1.3300000429153442,-3.3600001335144043,0.3499999940395355,0.1159797923659718,ascending,6
3,right,2183.260076923077,1789025607681,0.2225404530763626,2.955241441726685,1.971756219863892,1.3300000429153442,-3.3600001335144043,0.3499999940395355,0.05570368122374469,ascending,6
3,right,2183.2696923076924,1789025607681,0.1603248417377472,2.993528127670288,1.93586266040802,1.3300000429153442,-3.3600001335144043,0.3499999940395355,-0.004389382508973631,resting,
3,right,2183.279307692308,1789025607681,0.1746822893619537,3.0868513584136963,1.957398772239685,1.3300000429153442,-3.3600001335144043,0.3499999940395355,-0.06356822471494442,resting,
3,right,2183.287,1789025607756,0.181861013174057,3.204103946685791,1.957398772239685,-4.059999942779541,-3.430000066757202,-0.0700000002980232,-0.11010293050026719,resting,
3,right,2183.296615384615,1789025607756,0.1316099464893341,3.3476784229278564,2.0483293533325195,-4.059999942779541,-3.430000066757202,-0.0700000002980232,-0.1666125539656672,resting,
3,right,2183.3062307692308,1789025607756,0.1172524988651275,3.5869691371917725,2.0004711151123047,-4.059999942779541,-3.430000066757202,-0.0700000002980232,-0.2213066098508801,resting,
3,right,2183.315846153846,1789025607756,0.0933234170079231,3.960262775421143,1.9119335412979128,-4.059999942779541,-3.430000066757202,-0.0700000002980232,-0.2732528823481687,descending,
3,right,2183.325461538461,1789025607756,0.0287148971110582,4.276126861572266,1.7444299459457395,-4.059999942779541,-3.430000066757202,-0.0700000002980232,-0.3233090055643152,descending,
3,right,2183.335076923077,1789025607756,-0.016750356182456,4.4938812255859375,1.966970443725586,-4.059999942779541,-3.430000066757202,-0.0700000002980232,-0.370476664432154,descending,
3,right,2183.344692307692,1789025607756,-0.0382865294814109,4.958105564117432,1.7803236246109009,-4.059999942779541,-3.430000066757202,-0.0700000002980232,-0.4146058727074073,descending,
3,right,2183.3543076923074,1789025607756,-0.0550368875265121,5.278755187988281,1.9238981008529663,-4.059999942779541,-3.430000066757202,-0.0700000002980232,-0.45535730141625347,descending,
3,right,2183.363,1789025607830,-0.1148595884442329,5.594619274139404,1.689393162727356,13.15999984741211,-2.5899999141693115,0.8400000333786011,-0.4907616033547015,descending,
3,right,2183.372615384615,1789025607830,-0.1866468340158462,5.762122631072998,1.749215841293335,13.15999984741211,-2.5899999141693115,0.8400000333786011,-0.5281974918061979,descending,
3,right,2183.382230769231,1789025607830,-0.2584340870380401,5.826731204986572,1.806645631790161,13.15999984741211,-2.5899999141693115,0.8400000333786011,-0.5647826920786282,descending,
3,right,2183.391846153846,1789025607830,-0.2703986167907715,5.924840450286865,1.8784328699111936,13.15999984741211,-2.5899999141693115,0.8400000333786011,-0.6001673868606576,descending,
3,right,2183.4014615384613,1789025607830,-0.3613291084766388,5.941590785980225,2.0818300247192383,13.15999984741211,-2.5899999141693115,0.8400000333786011,-0.6344382809582686,descending,
3,right,2183.411076923077,1789025607830,-0.4379021823406219,5.898518562316895,2.21343994140625,13.15999984741211,-2.5899999141693115,0.8400000333786011,-0.6684375676641595,descending,
3,right,2183.420692307692,1789025607830,-0.4594383537769317,5.917661666870117,2.395301103591919,13.15999984741211,-2.5899999141693115,0.8400000333786011,-0.7014129743998047,descending,
3,right,2183.4303076923075,1789025607830,-0.4953319728374481,5.652049064636231,2.9121692180633545,13.15999984741211,-2.5899999141693115,0.8400000333786011,-0.7342608138525302,descending,
3,right,2183.439,1789025607908,-0.5766908526420593,5.527617931365967,2.7709875106811523,-23.3799991607666,-2.6600000858306885,0.0700000002980232,-0.7654866701918784,descending,
3,right,2183.448615384615,1789025607908,-0.6054057478904724,5.08732271194458,3.211282730102539,-23.3799991607666,-2.6600000858306885,0.0700000002980232,-0.8017065891254597,descending,
3,right,2183.458230769231,1789025607908,-0.6436922550201416,4.534560680389404,3.251962184906006,-23.3799991607666,-2.6600000858306885,0.0700000002980232,-0.8423619986846075,descending,
3,right,2183.467846153846,1789025607908,-0.5982270240783691,4.405344009399414,3.4170727729797363,-23.3799991607666,-2.6600000858306885,0.0700000002980232,-0.8832846940193604,descending,
3,right,2183.4774615384613,1789025607908,-0.5479759573936462,4.400557994842529,3.0677082538604736,-23.3799991607666,-2.6600000858306885,0.0700000002980232,-0.9258389791471372,descending,
3,right,2183.487076923077,1789025607908,-0.49054616689682,4.012907028198242,3.486467123031616,-23.3799991607666,-2.6600000858306885,0.0700000002980232,-0.9696057514062532,descending,
3,right,2183.496692307692,1789025607908,-0.44268798828125,3.87172532081604,3.163424491882324,-23.3799991607666,-2.6600000858306885,0.0700000002980232,-1.016029265255595,descending,
3,right,2183.5063076923075,1789025607908,-0.3996156454086303,3.61089825630188,3.2998201847076416,-23.3799991607666,-2.6600000858306885,0.0700000002980232,-1.0639124444288786,descending,
3,right,2183.515,1789025607980,-0.3756865561008453,3.785580635070801,3.1251380443573,-43.81999969482422,-4.059999942779541,-1.3300000429153442,-1.1065775564582718,descending,
3,right,2183.524615384615,1789025607980,-0.3517574965953827,3.737722396850586,3.436216115951538,-43.81999969482422,-4.059999942779541,-1.3300000429153442,-1.1525592703432144,descending,
3,right,2183.534230769231,1789025607980,-0.3709007501602173,3.8597607612609854,3.510396242141724,-43.81999969482422,-4.059999942779541,-1.3300000429153442,-1.1970767268927829,descending,
3,right,2183.543846153846,1789025607980,-0.4091872870922088,4.118195056915283,3.68029260635376,-43.81999969482422,-4.059999942779541,-1.3300000429153442,-1.2385365032135396,descending,
3,right,2183.5534615384613,1789025607980,-0.521653950214386,4.446023464202881,3.7784018516540527,-43.81999969482422,-4.059999942779541,-1.3300000429153442,-1.2767496716059359,descending,
3,right,2183.563076923077,1789025607980,-0.5384043455123901,4.836067199707031,3.795152187347412,-43.81999969482422,-4.059999942779541,-1.3300000429153442,-1.3116410018446087,descending,
3,right,2183.5726923076923,1789025607980,-0.6436922550201416,5.154324054718018,3.8980472087860103,-43.81999969482422,-4.059999942779541,-1.3300000429153442,-1.3433805182373895,descending,
3,right,2183.5823076923075,1789025607980,-0.6389064788818359,5.565904140472412,4.005728244781494,-43.81999969482422,-4.059999942779541,-1.3300000429153442,-1.3711876653611579,descending,
3,right,2183.591,1789025608055,-0.7322298884391785,6.080379486083984,4.017692565917969,-7.490000247955322,-2.799999952316284,-0.7699999809265137,-1.3925204372493825,descending,
3,right,2183.600615384615,1789025608055,-0.7322298884391785,6.403421878814697,4.125373363494873,-7.490000247955322,-2.799999952316284,-0.7699999809265137,-1.4129342170022003,descending,
3,right,2183.610230769231,1789025608055,-0.7705163955688477,6.613997936248779,4.266555309295654,-7.490000247955322,-2.799999952316284,-0.7699999809265137,-1.430890954527492,descending,
3,right,2183.619846153846,1789025608055,-0.7848738431930542,6.666641712188721,4.620705604553223,-7.490000247955322,-2.799999952316284,-0.7699999809265137,-1.4465204836472634,descending,
3,right,2183.6294615384613,1789025608055,-0.7920525670051575,6.867646217346191,4.716422080993652,-7.490000247955322,-2.799999952316284,-0.7699999809265137,-1.4600098859471768,descending,
3,right,2183.639076923077,1789025608055,-0.825553297996521,6.9609694480896,4.974855899810791,-7.490000247955322,-2.799999952316284,-0.7699999809265137,-1.4713499448015106,descending,
3,right,2183.6486923076923,1789025608055,-0.8231604099273682,7.042328357696533,5.2452545166015625,-7.490000247955322,-2.799999952316284,-0.7699999809265137,-1.4805681959218242,descending,
3,right,2183.6583076923075,1789025608055,-0.844696581363678,7.11890172958374,5.40797233581543,-7.490000247955322,-2.799999952316284,-0.7699999809265137,-1.4882764115601252,descending,
3,right,2183.667,1789025608130,-0.8159816861152649,7.372550010681152,5.522831916809082,-7.070000171661377,-2.5199999809265137,-0.9100000262260436,-1.4928427811114957,descending,
3,right,2183.676615384615,1789025608130,-0.7968384027481079,7.62141227722168,5.7238359451293945,-7.070000171661377,-2.5199999809265137,-0.9100000262260436,-1.4948100536994828,descending,
3,right,2183.686230769231,1789025608130,-0.7896596789360046,7.774558544158935,5.759729862213135,-7.070000171661377,-2.5199999809265137,-0.9100000262260436,-1.4953497319233455,descending,
3,right,2183.695846153846,1789025608130,-0.7561589479446411,7.83916711807251,5.826731204986572,-7.070000171661377,-2.5199999809265137,-0.9100000262260436,-1.49499939118665,descending,
3,right,2183.7054615384613,1789025608130,-0.708300769329071,7.951633453369141,5.903304100036621,-7.070000171661377,-2.5199999809265137,-0.9100000262260436,-1.4933313586709263,descending,
3,right,2183.715076923077,1789025608130,-0.648478090763092,7.942061901092529,6.044486045837402,-7.070000171661377,-2.5199999809265137,-0.9100000262260436,-1.4909588843385881,descending,
3,right,2183.7246923076923,1789025608130,-0.6341206431388855,8.0736722946167,6.156952381134033,-7.070000171661377,-2.5199999809265137,-0.9100000262260436,-1.4869187652326887,descending,
3,right,2183.7343076923075,1789025608130,-0.5527617931365967,8.140673637390137,6.214382171630859,-7.070000171661377,-2.5199999809265137,-0.9100000262260436,-1.4820339870833112,descending,
3,right,2183.743,1789025608207,-0.4737958014011383,8.193317413330078,6.231132507324219,-8.819999694824219,-3.009999990463257,-1.1200000047683716,-1.4771620671242909,descending,
3,right,2183.752615384615,1789025608207,-0.4570454359054565,8.317748069763184,6.29334831237793,-8.819999694824219,-3.009999990463257,-1.1200000047683716,-1.4704450295862717,descending,
3,right,2183.762230769231,1789025608207,-0.3948298394680023,8.432607650756836,6.326848983764648,-8.819999694824219,-3.009999990463257,-1.1200000047683716,-1.4626461156656672,descending,
3,right,2183.771846153846,1789025608207,-0.3852581977844238,8.58575439453125,6.3196702003479,-8.819999694824219,-3.009999990463257,-1.1200000047683716,-1.4536894194548307,descending,
3,right,2183.7814615384614,1789025608207,-0.3780794739723205,8.803508758544922,6.257454872131348,-8.819999694824219,-3.009999990463257,-1.1200000047683716,-1.4433852379714236,descending,
3,right,2183.791076923077,1789025608207,-0.4331163763999939,9.026049613952637,6.269419193267822,-8.819999694824219,-3.009999990463257,-1.1200000047683716,-1.4312707768152968,descending,
3,right,2183.8006923076923,1789025608207,-0.4546525478363037,9.076300621032717,6.417779445648193,-8.819999694824219,-3.009999990463257,-1.1200000047683716,-1.4179305610337878,descending,
3,right,2183.810307692308,1789025608207,-0.4785816073417663,9.136122703552246,6.484780788421631,-8.819999694824219,-3.009999990463257,-1.1200000047683716,-1.4037462086631167,descending,
3,right,2183.819,1789025608280,-0.5479759573936462,9.2725191116333,6.532639026641846,-0.8400000333786011,-2.870000123977661,-0.2100000083446502,-1.3897070607294626,descending,
3,right,2183.828615384615,1789025608280,-0.5384043455123901,9.31319808959961,6.628355503082275,-0.8400000333786011,-2.870000123977661,-0.2100000083446502,-1.3733281169438782,descending,
3,right,2183.838230769231,1789025608280,-0.49054616689682,9.396949768066406,6.673820495605469,-0.8400000333786011,-2.870000123977661,-0.2100000083446502,-1.3560588431871656,descending,
3,right,2183.847846153846,1789025608280,-0.461831271648407,9.428057670593262,6.683392524719238,-0.8400000333786011,-2.870000123977661,-0.2100000083446502,-1.3385075184044084,descending,
3,right,2183.8574615384614,1789025608280,-0.4307234585285187,9.485487937927246,6.709714412689209,-0.8400000333786011,-2.870000123977661,-0.2100000083446502,-1.3203765596928916,descending,
3,right,2183.867076923077,1789025608280,-0.3302213251590729,9.497451782226562,6.748000621795654,-0.8400000333786011,-2.870000123977661,-0.2100000083446502,-1.3019756290210365,descending,
3,right,2183.8766923076923,1789025608280,-0.2560411691665649,9.46155834197998,6.731250286102295,-0.8400000333786011,-2.870000123977661,-0.2100000083446502,-1.2839772209523719,descending,
3,right,2183.886307692308,1789025608280,-0.205790102481842,9.447200775146484,6.695356845855713,-0.8400000333786011,-2.870000123977661,-0.2100000083446502,-1.266311410502963,descending,
3,right,2183.894,1789025608358,-0.2105759084224701,9.428057670593262,6.5804972648620605,1.75,-3.5,0.3499999940395355,-1.252814241592585,descending,
3,right,2183.903615384615,1789025608358,-0.2129688262939453,9.48788070678711,6.625962734222412,1.75,-3.5,0.3499999940395355,-1.2352264101197483,descending,
3,right,2183.9132307692307,1789025608358,-0.1866468340158462,9.56684684753418,6.669034957885742,1.75,-3.5,0.3499999940395355,-1.2167923049476965,descending,
3,right,2183.922846153846,1789025608358,-0.2680056989192962,9.664956092834473,6.637927055358887,1.75,-3.5,0.3499999940395355,-1.197750305362516,descending,
3,right,2183.932461538461,1789025608358,-0.2991135120391845,9.84203052520752,6.657070159912109,1.75,-3.5,0.3499999940395355,-1.17721058706445,descending,
3,right,2183.942076923077,1789025608358,-0.3661149442195892,10.076536178588867,6.803037643432617,1.75,-3.5,0.3499999940395355,-1.1540131296496536,descending,
3,right,2183.951692307692,1789025608358,-0.4307234585285187,10.184216499328612,6.838931560516357,1.75,-3.5,0.3499999940395355,-1.1297635370359338,descending,
3,right,2183.9613076923074,1789025608358,-0.4881532490253448,10.296683311462402,6.807823657989502,1.75,-3.5,0.3499999940395355,-1.1047921599945423,descending,
3,right,2183.97,1789025608432,-0.509689450263977,10.382827758789062,6.920289993286133,-1.680000066757202,-3.569999933242798,-0.2800000011920929,-1.0810485606227405,descending,
3,right,2183.979615384615,1789025608432,-0.5025107264518738,10.45940113067627,7.066257476806641,-1.680000066757202,-3.569999933242798,-0.2800000011920929,-1.0533908497309799,descending,
3,right,2183.9892307692307,1789025608432,-0.4498667120933532,10.44265079498291,7.193081855773926,-1.680000066757202,-3.569999933242798,-0.2800000011920929,-1.0251956484135718,descending,
3,right,2183.998846153846,1789025608432,-0.4235447347164154,10.461793899536133,7.214617729187012,-1.680000066757202,-3.569999933242798,-0.2800000011920929,-0.9967504437099002,descending,
3,right,2184.008461538461,1789025608432,-0.3852581977844238,10.567082405090332,7.437158584594727,-1.680000066757202,-3.569999933242798,-0.2800000011920929,-0.9662805445816658,descending,
3,right,2184.018076923077,1789025608432,-0.3469716608524322,10.725013732910156,7.705163955688477,-1.680000066757202,-3.569999933242798,-0.2800000011920929,-0.9331215132867223,descending,
3,right,2184.027692307692,1789025608432,-0.3709007501602173,11.019341468811035,7.772165298461914,-1.680000066757202,-3.569999933242798,-0.2800000011920929,-0.8972810217016224,descending,
3,right,2184.0373076923074,1789025608432,-0.4355092644691467,11.21555995941162,7.927704334259033,-1.680000066757202,-3.569999933242798,-0.2800000011920929,-0.8590403146508954,descending,
3,right,2184.047,1789025608505,-0.4522596299648285,11.529030799865724,8.15981674194336,-3.009999990463257,-3.3600001335144043,-1.3300000429153442,-0.8167319597500554,descending,
3,right,2184.0566153846157,1789025608505,-0.5599405169487,11.87360954284668,8.377571105957031,-3.009999990463257,-3.3600001335144043,-1.3300000429153442,-0.770839507480726,descending,
3,right,2184.066230769231,1789025608505,-0.6628355383872986,12.278011322021484,8.291426658630371,-3.009999990463257,-3.3600001335144043,-1.3300000429153442,-0.7222270754320932,descending,
3,right,2184.075846153846,1789025608505,-0.7992312908172607,12.53644561767578,8.23878288269043,-3.009999990463257,-3.3600001335144043,-1.3300000429153442,-0.6718574697395131,descending,
3,right,2184.085461538461,1789025608505,-0.8088029623031616,12.74462890625,8.269890785217285,-3.009999990463257,-3.3600001335144043,-1.3300000429153442,-0.6197009151280594,descending,
3,right,2184.095076923077,1789025608505,-0.8470894694328308,12.878631591796877,8.186138153076172,-3.009999990463257,-3.3600001335144043,-1.3300000429153442,-0.5669683359738502,descending,
3,right,2184.1046923076924,1789025608505,-0.9451987147331238,13.146636962890623,7.942061901092529,-3.009999990463257,-3.3600001335144043,-1.3300000429153442,-0.51347441468017,descending,
3,right,2184.114307692308,1789025608505,-0.9451987147331238,13.304569244384766,7.863095760345459,-3.009999990463257,-3.3600001335144043,-1.3300000429153442,-0.45920406038702316,descending,
3,right,2184.123,1789025608584,-0.8781972527503967,13.283032417297363,7.88223934173584,17.079999923706055,-3.7100000381469727,0.3499999940395355,-0.4102136998861186,descending,
3,right,2184.1326153846157,1789025608584,-0.7633376717567444,13.223210334777832,7.875060558319092,17.079999923706055,-3.7100000381469727,0.3499999940395355,-0.35655780117399977,descending,
3,right,2184.142230769231,1789025608584,-0.6843717098236084,13.283032417297363,7.863095760345459,17.079999923706055,-3.7100000381469727,0.3499999940395355,-0.3025110143408435,descending,
3,right,2184.1518461538462,1789025608584,-0.5025107264518738,13.25671100616455,7.817630767822266,17.079999923706055,-3.7100000381469727,0.3499999940395355,-0.24896026586263093,descending,
3,right,2184.161461538461,1789025608584,-0.368507832288742,13.249531745910645,7.887024879455566,17.079999923706055,-3.7100000381469727,0.3499999940395355,-0.19512085703788268,descending,
3,right,2184.171076923077,1789025608584,-0.2297191768884658,13.292604446411133,7.920525550842285,17.079999923706055,-3.7100000381469727,0.3499999940395355,-0.14079035930245945,descending,
3,right,2184.1806923076924,1789025608584,-0.12921704351902,13.373963356018066,7.748236179351807,17.079999923706055,-3.7100000381469727,0.3499999940395355,-0.08675727849725087,descending,
3,right,2184.190307692308,1789025608584,0.0191432647407054,13.46250057220459,7.671663284301758,17.079999923706055,-3.7100000381469727,0.3499999940395355,-0.032454219926006125,descending,
3,right,2184.198,1789025608656,0.0215361732989549,13.450536727905272,7.697985172271728,2.6600000858306885,-4.409999847412109,0.4900000095367431,0.011010742702203532,resting,
3,right,2184.207615384615,1789025608656,0.0454652532935142,13.452929496765137,7.800880432128906,2.6600000858306885,-4.409999847412109,0.4900000095367431,0.0658839455852007,resting,
3,right,2184.217230769231,1789025608656,-0.0023929080925881,13.457715034484863,7.6692705154418945,2.6600000858306885,-4.409999847412109,0.4900000095367431,0.12008407623485202,resting,
3,right,2184.226846153846,1789025608656,-0.0861446931958198,13.36917781829834,7.614233493804932,2.6600000858306885,-4.409999847412109,0.4900000095367431,0.17327927558002246,resting,
3,right,2184.2364615384613,1789025608656,-0.1603248417377472,13.067670822143556,7.630983829498291,2.6600000858306885,-4.409999847412109,0.4900000095367431,0.22414390765089123,resting,
3,right,2184.246076923077,1789025608656,-0.2177546322345733,12.739842414855955,7.762593746185303,2.6600000858306885,-4.409999847412109,0.4900000095367431,0.27307289878016794,ascending,7
3,right,2184.255692307692,1789025608656,-0.3709007501602173,12.53644561767578,7.798487663269043,2.6600000858306885,-4.409999847412109,0.4900000095367431,0.3205703289928919,ascending,7
3,right,2184.2653076923075,1789025608656,-0.4761887192726135,12.256475448608398,7.630983829498291,2.6600000858306885,-4.409999847412109,0.4900000095367431,0.36493328389446333,ascending,7
3,right,2184.274,1789025608732,-0.509689450263977,11.93582534790039,7.57834005355835,-14.06999969482422,-4.760000228881836,1.9600000381469729,0.4024435314881623,ascending,7
3,right,2184.283615384615,1789025608732,-0.6293348073959351,11.418957710266112,7.681234836578369,-14.06999969482422,-4.760000228881836,1.9600000381469729,0.44034833139583107,ascending,7
3,right,2184.293230769231,1789025608732,-0.7059078812599182,11.00737762451172,7.5998759269714355,-14.06999969482422,-4.760000228881836,1.9600000381469729,0.47452595252840774,ascending,7
3,right,2184.302846153846,1789025608732,-0.7513731122016907,10.803979873657228,7.559196472167969,-14.06999969482422,-4.760000228881836,1.9600000381469729,0.506855573556854,ascending,7
3,right,2184.3124615384613,1789025608732,-0.7872667908668518,10.557510375976562,7.48262357711792,-14.06999969482422,-4.760000228881836,1.9600000381469729,0.5368027135567927,ascending,7
3,right,2184.322076923077,1789025608732,-0.7992312908172607,10.19857406616211,7.43955135345459,-14.06999969482422,-4.760000228881836,1.9600000381469729,0.5636680508989956,ascending,7
3,right,2184.3316923076923,1789025608732,-0.7944455146789551,9.839637756347656,7.39647912979126,-14.06999969482422,-4.760000228881836,1.9600000381469729,0.5874596222144294,ascending,7
3,right,2184.3413076923075,1789025608732,-0.825553297996521,9.66016960144043,7.351013660430908,-14.06999969482422,-4.760000228881836,1.9600000381469729,0.6095981904109711,ascending,7
3,right,2184.35,1789025608821,-0.7011220455169678,9.430450439453123,7.303155422210693,-11.899999618530272,-4.480000019073486,2.0299999713897705,0.6277248431853537,ascending,7
3,right,2184.359615384615,1789025608821,-0.6748000979423523,9.21987533569336,7.228975296020508,-11.899999618530272,-4.480000019073486,2.0299999713897705,0.6457163598756711,ascending,7
3,right,2184.369230769231,1789025608821,-0.5910483002662659,9.23423194885254,7.176331520080566,-11.899999618530272,-4.480000019073486,2.0299999713897705,0.6635250184589792,ascending,7
3,right,2184.378846153846,1789025608821,-0.6341206431388855,9.332341194152832,7.173938274383545,-11.899999618530272,-4.480000019073486,2.0299999713897705,0.682103667495808,ascending,7
3,right,2184.3884615384613,1789025608821,-0.619763195514679,9.248589515686035,6.956183910369873,-11.899999618530272,-4.480000019073486,2.0299999713897705,0.6988115109129784,ascending,7
3,right,2184.398076923077,1789025608821,-0.5599405169487,9.222268104553224,6.872432231903076,-11.899999618530272,-4.480000019073486,2.0299999713897705,0.7148338846524044,ascending,7
3,right,2184.4076923076923,1789025608821,-0.5862624645233154,9.169623374938965,6.920289993286133,-11.899999618530272,-4.480000019073486,2.0299999713897705,0.7307215854522071,ascending,7
3,right,2184.4173076923075,1789025608821,-0.5264397859573364,9.215088844299316,6.958576679229736,-11.899999618530272,-4.480000019073486,2.0299999713897705,0.7471673481812441,ascending,7
3,right,2184.426,1789025608882,-0.5384043455123901,9.32277011871338,6.972934246063232,15.960000038146973,-2.5899999141693115,2.799999952316284,0.7628590049071144,ascending,7
3,right,2184.435615384615,1789025608882,-0.5551546812057495,9.253376007080078,6.85807466506958,15.960000038146973,-2.5899999141693115,2.799999952316284,0.779024526935579,ascending,7
3,right,2184.445230769231,1789025608882,-0.5838695764541626,9.152873039245604,6.709714412689209,15.960000038146973,-2.5899999141693115,2.799999952316284,0.7935721446563937,ascending,7
3,right,2184.454846153846,1789025608882,-0.5551546812057495,9.133729934692385,6.748000621795654,15.960000038146973,-2.5899999141693115,2.799999952316284,0.8081724381887433,ascending,7
3,right,2184.4644615384614,1789025608882,-0.540797233581543,9.064335823059082,6.769536972045898,15.960000038146973,-2.5899999141693115,2.799999952316284,0.8223400424863682,ascending,7
3,right,2184.474076923077,1789025608882,-0.4546525478363037,9.090658187866213,6.5804972648620605,15.960000038146973,-2.5899999141693115,2.799999952316284,0.835627617428017,ascending,7
3,right,2184.4836923076923,1789025608882,-0.3924369215965271,9.03562068939209,6.408207893371582,15.960000038146973,-2.5899999141693115,2.799999952316284,0.8475022995743128,ascending,7
3,right,2184.493307692308,1789025608882,-0.3469716608524322,9.030835151672363,6.099522590637207,15.960000038146973,-2.5899999141693115,2.799999952316284,0.8576158698257951,ascending,7
3,right,2184.502,1789025608972,-0.3062922358512878,8.93990421295166,5.93680477142334,29.61000061035156,-1.4700000286102295,3.009999990463257,0.8652988085354254,ascending,7
3,right,2184.511615384615,1789025608972,-0.2560411691665649,8.954261779785156,5.742979526519775,29.61000061035156,-1.4700000286102295,3.009999990463257,0.8728544050240823,ascending,7
3,right,2184.521230769231,1789025608972,-0.1914326548576355,8.904010772705078,5.611369609832764,29.61000061035156,-1.4700000286102295,3.009999990463257,0.8793005806940096,ascending,7
3,right,2184.530846153846,1789025608972,-0.2440766245126724,8.982976913452148,5.352935314178467,29.61000061035156,-1.4700000286102295,3.009999990463257,0.885031506302986,ascending,7
3,right,2184.5404615384614,1789025608972,-0.260826975107193,8.753257751464844,5.26918363571167,29.61000061035156,-1.4700000286102295,3.009999990463257,0.8885069064607644,ascending,7
3,right,2184.550076923077,1789025608972,-0.2345049977302551,8.56900405883789,5.137573719024658,29.61000061035156,-1.4700000286102295,3.009999990463257,0.8898237086549007,ascending,7
3,right,2184.5596923076923,1789025608972,-0.2656128108501434,8.265104293823242,5.005963802337647,29.61000061035156,-1.4700000286102295,3.009999990463257,0.8880241330792669,ascending,7
3,right,2184.569307692308,1789025608972,-0.3302213251590729,8.119136810302734,4.7666730880737305,29.61000061035156,-1.4700000286102295,3.009999990463257,0.883840752912194,ascending,7
3,right,2184.578,1789025609046,-0.3996156454086303,7.812844753265381,4.56566858291626,19.040000915527344,-1.75,3.0799999237060547,0.8769032691817424,ascending,7
3,right,2184.587615384615,1789025609046,-0.4067943692207336,7.575946807861328,4.295269966125488,19.040000915527344,-1.75,3.0799999237060547,0.865943895345481,ascending,7
3,right,2184.597230769231,1789025609046,-0.4498667120933532,7.418015003204346,4.21869707107544,19.040000915527344,-1.75,3.0799999237060547,0.8533350402258598,ascending,7
3,right,2184.606846153846,1789025609046,-0.5025107264518738,7.140437602996826,4.000942230224609,19.040000915527344,-1.75,3.0799999237060547,0.8373917988643105,ascending,7
3,right,2184.6164615384614,1789025609046,-0.4785816073417663,6.99686336517334,3.8597607612609854,19.040000915527344,-1.75,3.0799999237060547,0.8195822127116873,ascending,7
3,right,2184.626076923077,1789025609046,-0.5072965025901794,6.9872918128967285,3.4314301013946533,19.040000915527344,-1.75,3.0799999237060547,0.7996233331250527,ascending,7
3,right,2184.6356923076924,1789025609046,-0.5049036145210266,6.738429069519043,3.591755151748657,19.040000915527344,-1.75,3.0799999237060547,0.7784167919349089,ascending,7
3,right,2184.645307692308,1789025609046,-0.4977248907089233,6.7408223152160645,3.268712520599365,19.040000915527344,-1.75,3.0799999237060547,0.7556937920575635,ascending,7
3,right,2184.654,1789025609134,-0.4929390549659729,6.707321166992188,3.251962184906006,27.790000915527344,-1.6100000143051147,2.6600000858306885,0.7348610849174471,ascending,7
3,right,2184.6636153846152,1789025609134,-0.4594383537769317,6.829359531402588,2.7231295108795166,27.790000915527344,-1.6100000143051147,2.6600000858306885,0.7103684823174167,ascending,7
3,right,2184.673230769231,1789025609134,-0.4235447347164154,6.625962734222412,2.6896286010742188,27.790000915527344,-1.6100000143051147,2.6600000858306885,0.6840712415779729,ascending,7
3,right,2184.682846153846,1789025609134,-0.3421858549118042,6.472816467285156,2.3426570892333984,27.790000915527344,-1.6100000143051147,2.6600000858306885,0.6549220541506076,ascending,7
3,right,2184.692461538461,1789025609134,-0.3134709596633911,6.1378092765808105,2.30915641784668,27.790000915527344,-1.6100000143051147,2.6600000858306885,0.6228437691014331,ascending,7
3,right,2184.702076923077,1789025609134,-0.3110780417919159,5.92962646484375,2.060293912887573,27.790000915527344,-1.6100000143051147,2.6600000858306885,0.5879258566391945,ascending,7
3,right,2184.7116923076924,1789025609134,-0.2919347882270813,5.697514057159424,1.9119335412979128,27.790000915527344,-1.6100000143051147,2.6600000858306885,0.5504250336370128,ascending,7
3,right,2184.721307692308,1789025609134,-0.3038993179798126,5.5611186027526855,1.821003079414368,27.790000915527344,-1.6100000143051147,2.6600000858306885,0.5114211895986085,ascending,7
3,right,2184.73,1789025609195,-0.3278284072875976,5.317041873931885,2.053115129470825,20.3700008392334,-1.4700000286102295,2.6600000858306885,0.47525849386885827,ascending,7
3,right,2184.7396153846157,1789025609195,-0.3374000489711761,5.128002166748047,1.8999689817428589,20.3700008392334,-1.4700000286102295,2.6600000858306885,0.4330072604621731,ascending,7
3,right,2184.749230769231,1789025609195,-0.3445787727832794,4.876746654510498,1.8521108627319336,20.3700008392334,-1.4700000286102295,2.6600000858306885,0.38844012843024806,ascending,7
3,right,2184.758846153846,1789025609195,-0.3661149442195892,4.603955268859863,1.7946810722351074,20.3700008392334,-1.4700000286102295,2.6600000858306885,0.341329594604901,ascending,7
3,right,2184.768461538461,1789025609195,-0.3589362204074859,4.362271308898926,1.8257888555526731,20.3700008392334,-1.4700000286102295,2.6600000858306885,0.29231519086700125,ascending,7
3,right,2184.778076923077,1789025609195,-0.3613291084766388,4.266555309295654,1.6774286031723022,20.3700008392334,-1.4700000286102295,2.6600000858306885,0.2418743788256335,ascending,7
3,right,2184.7876923076924,1789025609195,-0.4139730930328369,4.0152997970581055,1.7252867221832275,20.3700008392334,-1.4700000286102295,2.6600000858306885,0.1895202926549818,ascending,7
3,right,2184.797307692308,1789025609195,-0.3613291084766388,3.886082649230957,1.5745335817337036,20.3700008392334,-1.4700000286102295,2.6600000858306885,0.13543442294180816,ascending,7
3,right,2184.805,1789025609272,-0.3517574965953827,3.646791934967041,1.689393162727356,6.720000267028809,-2.380000114440918,2.309999942779541,0.09091852296031343,ascending,7
3,right,2184.814615384615,1789025609272,-0.363722026348114,3.4051082134246826,1.622391700744629,6.720000267028809,-2.380000114440918,2.309999942779541,0.032932760503656205,ascending,7
3,right,2184.824230769231,1789025609272,-0.368507832288742,3.077279806137085,1.7157150506973269,6.720000267028809,-2.380000114440918,2.309999942779541,-0.027464767357833385,resting,
3,right,2184.833846153846,1789025609272,-0.2967205941677093,2.7853450775146484,1.8353605270385744,6.720000267028809,-2.380000114440918,2.309999942779541,-0.08987008460871097,resting,
3,right,2184.8434615384613,1789025609272,-0.3062922358512878,2.483838558197021,1.957398772239685,6.720000267028809,-2.380000114440918,2.309999942779541,-0.15434615158107226,resting,
3,right,2184.853076923077,1789025609272,-0.2895418703556061,2.2732627391815186,2.0220072269439697,6.720000267028809,-2.380000114440918,2.309999942779541,-0.22035468059986577,resting,
3,right,2184.862692307692,1789025609272,-0.3062922358512878,1.945434331893921,2.1823322772979736,6.720000267028809,-2.380000114440918,2.309999942779541,-0.2885090514118133,resting,
3,right,2184.8723076923075,1789025609272,-0.27997025847435,2.017221450805664,2.03157901763916,6.720000267028809,-2.380000114440918,2.309999942779541,-0.35665322014796236,descending,
3,right,2184.882,1789025609346,-0.2751844227313995,2.0196144580841064,2.0890088081359863,-22.540000915527344,-4.059999942779541,0.2800000011920929,-0.4250119009322379,descending,
3,right,2184.8916153846158,1789025609346,-0.2440766245126724,2.256512403488159,2.010042905807495,-22.540000915527344,-4.059999942779541,0.2800000011920929,-0.4910534496122496,descending,
3,right,2184.901230769231,1789025609346,-0.1746822893619537,2.3522286415100098,1.9908995628356931,-22.540000915527344,-4.059999942779541,0.2800000011920929,-0.5563010240598087,descending,
3,right,2184.9108461538463,1789025609346,-0.1579319387674331,2.6034839153289795,1.9238981008529663,-22.540000915527344,-4.059999942779541,0.2800000011920929,-0.6196201055441374,descending,
3,right,2184.920461538461,1789025609346,-0.1124666780233383,2.8858470916748047,1.9310768842697144,-22.540000915527344,-4.059999942779541,0.2800000011920929,-0.6804405731098564,descending,
3,right,2184.930076923077,1789025609346,-0.1340028494596481,3.211282730102539,1.9262909889221191,-22.540000915527344,-4.059999942779541,0.2800000011920929,-0.7384471307918888,descending,
3,right,2184.9396923076924,1789025609346,-0.0933234170079231,3.35964298248291,2.1655819416046143,-22.540000915527344,-4.059999942779541,0.2800000011920929,-0.7941034191527766,descending,
3,right,2184.949307692308,1789025609346,-0.0885375961661338,3.697042942047119,1.966970443725586,-22.540000915527344,-4.059999942779541,0.2800000011920929,-0.8477186866679253,descending,
3,right,2184.958,1789025609435,-0.1172524988651275,3.752079963684082,2.232583284378052,-7.840000152587891,-4.340000152587891,-0.1400000005960464,-0.8946741177436578,descending,
3,right,2184.967615384616,1789025609435,-0.181861013174057,3.9387266635894775,2.294798851013184,-7.840000152587891,-4.340000152587891,-0.1400000005960464,-0.944713619439376,descending,
3,right,2184.977230769231,1789025609435,-0.1746822893619537,4.113409042358398,2.438373327255249,-7.840000152587891,-4.340000152587891,-0.1400000005960464,-0.9926005936116824,descending,
3,right,2184.9868461538463,1789025609435,-0.1866468340158462,4.343128204345703,2.5125534534454346,-7.840000152587891,-4.340000152587891,-0.1400000005960464,-1.0381742947958448,descending,
3,right,2184.996461538461,1789025609435,-0.2225404530763626,4.489095687866211,2.735093832015991,-7.840000152587891,-4.340000152587891,-0.1400000005960464,-1.0814826368425667,descending,
3,right,2185.006076923077,1789025609435,-0.2273262739181518,4.606348037719727,2.7518444061279297,-7.840000152587891,-4.340000152587891,-0.1400000005960464,-1.1236944269298157,descending,
3,right,2185.0156923076925,1789025609435,-0.2895418703556061,4.721207618713379,2.837989091873169,-7.840000152587891,-4.340000152587891,-0.1400000005960464,-1.164513701435973,descending,
3,right,2185.025307692308,1789025609435,-0.2919347882270813,4.807352542877197,2.9145619869232178,-7.840000152587891,-4.340000152587891,-0.1400000005960464,-1.2042337118114756,descending,
3,right,2185.033,1789025609495,-0.2943277060985565,4.864782333374023,3.05574369430542,-20.649999618530277,-4.96999979019165,-1.0499999523162842,-1.2350896259717112,descending,
3,right,2185.042615384615,1789025609495,-0.27997025847435,4.962891578674316,3.16821026802063,-20.649999618530277,-4.96999979019165,-1.0499999523162842,-1.2722868539244525,descending,
3,right,2185.052230769231,1789025609495,-0.2919347882270813,4.989213466644287,3.3046059608459477,-20.649999618530277,-4.96999979019165,-1.0499999523162842,-1.30860298620685,descending,
3,right,2185.061846153846,1789025609495,-0.2560411691665649,5.092108249664307,3.2830698490142822,-20.649999618530277,-4.96999979019165,-1.0499999523162842,-1.3441209429083463,descending,
3,right,2185.0714615384613,1789025609495,-0.2991135120391845,5.056214809417725,3.302213191986084,-20.649999618530277,-4.96999979019165,-1.0499999523162842,-1.3798174368075433,descending,
3,right,2185.081076923077,1789025609495,-0.2656128108501434,4.953319549560547,3.4051082134246826,-20.649999618530277,-4.96999979019165,-1.0499999523162842,-1.415867893079035,descending,
3,right,2185.0906923076923,1789025609495,-0.2464695274829864,5.049036026000977,3.500824451446533,-20.649999618530277,-4.96999979019165,-1.0499999523162842,-1.450632080778581,descending,
3,right,2185.1003076923075,1789025609495,-0.2273262739181518,5.257219314575195,3.534325361251831,-20.649999618530277,-4.96999979019165,-1.0499999523162842,-1.4834632189389443,descending,
3,right,2185.109,1789025609571,-0.2201475501060485,5.520439147949219,3.632434368133545,-25.479999542236328,-5.809999942779541,-2.0299999713897705,-1.5107062061966512,descending,
3,right,2185.118615384615,1789025609571,-0.260826975107193,5.699907302856445,3.823867082595825,-25.479999542236328,-5.809999942779541,-2.0299999713897705,-1.5383877400922503,descending,
3,right,2185.128230769231,1789025609571,-0.2392908036708831,5.802802085876465,4.142123699188232,-25.479999542236328,-5.809999942779541,-2.0299999713897705,-1.563632663421012,descending,
3,right,2185.137846153846,1789025609571,-0.2368979007005691,6.0947370529174805,4.180410385131836,-25.479999542236328,-5.809999942779541,-2.0299999713897705,-1.5862320821194202,descending,
3,right,2185.1474615384614,1789025609571,-0.2536482512950897,6.33642053604126,4.474738121032715,-25.479999542236328,-5.809999942779541,-2.0299999713897705,-1.6053446690731619,descending,
3,right,2185.157076923077,1789025609571,-0.2177546322345733,6.542210578918457,4.757101058959961,-25.479999542236328,-5.809999942779541,-2.0299999713897705,-1.6213196341031708,descending,
3,right,2185.1666923076923,1789025609571,-0.2392908036708831,6.673820495605469,5.015535354614258,-25.479999542236328,-5.809999942779541,-2.0299999713897705,-1.6348685949378687,descending,
3,right,2185.1763076923075,1789025609571,-0.1986113786697387,6.9107184410095215,4.972463130950928,-25.479999542236328,-5.809999942779541,-2.0299999713897705,-1.6466641243385458,descending,
3,right,2185.185,1789025609684,-0.1770751923322677,7.154795169830322,5.156716823577881,-13.93000030517578,-5.53000020980835,-2.6600000858306885,-1.6546607951305072,descending,
3,right,2185.194615384615,1789025609684,-0.1435744911432266,7.501766681671143,5.195003509521484,-13.93000030517578,-5.53000020980835,-2.6600000858306885,-1.6604751201293497,descending,
3,right,2185.204230769231,1789025609684,-0.1459673941135406,7.638162612915039,5.338577747344971,-13.93000030517578,-5.53000020980835,-2.6600000858306885,-1.664425653468795,descending,
3,right,2185.213846153846,1789025609684,-0.1603248417377472,7.7673797607421875,5.235682964324951,-13.93000030517578,-5.53000020980835,-2.6600000858306885,-1.6678543399037131,descending,
3,right,2185.2234615384614,1789025609684,-0.208183005452156,7.836773872375488,5.34814977645874,-13.93000030517578,-5.53000020980835,-2.6600000858306885,-1.6701214832750557,descending,
3,right,2185.233076923077,1789025609684,-0.2105759084224701,8.009063720703125,5.429508686065674,-13.93000030517578,-5.53000020980835,-2.6600000858306885,-1.6705671036490821,descending,
3,right,2185.2426923076923,1789025609684,-0.2392908036708831,8.121530532836914,5.704692840576172,-13.93000030517578,-5.53000020980835,-2.6600000858306885,-1.6686426701127044,descending,
3,right,2185.252307692308,1789025609684,-0.2297191768884658,8.365606307983398,5.757337093353272,-13.93000030517578,-5.53000020980835,-2.6600000858306885,-1.6644792385703202,descending,
3,right,2185.261,1789025609720,-0.2440766245126724,8.485252380371094,6.027735710144043,-2.7300000190734863,-5.039999961853027,-2.0999999046325684,-1.6585416575670542,descending,
3,right,2185.270615384615,1789025609720,-0.2249333560466766,8.624040603637695,6.070807933807373,-2.7300000190734863,-5.039999961853027,-2.0999999046325684,-1.6506362447038967,descending,
3,right,2185.280230769231,1789025609720,-0.2129688262939453,8.880082130432129,6.226346969604492,-2.7300000190734863,-5.039999961853027,-2.0999999046325684,-1.6398565193329713,descending,
3,right,2185.289846153846,1789025609720,-0.2464695274829864,9.160052299499512,6.130630493164063,-2.7300000190734863,-5.039999961853027,-2.0999999046325684,-1.6273625214631855,descending,
3,right,2185.2994615384614,1789025609720,-0.2201475501060485,9.456772804260254,6.343599319458008,-2.7300000190734863,-5.039999961853027,-2.0999999046325684,-1.6113691365680283,descending,
3,right,2185.309076923077,1789025609720,-0.208183005452156,9.801351547241213,6.2502760887146,-2.7300000190734863,-5.039999961853027,-2.0999999046325684,-1.5931392234722808,descending,
3,right,2185.3186923076923,1789025609720,-0.1794681102037429,10.066964149475098,6.326848983764648,-2.7300000190734863,-5.039999961853027,-2.0999999046325684,-1.5723906628830342,descending,
3,right,2185.328307692308,1789025609720,-0.1746822893619537,10.33975601196289,6.310098648071289,-2.7300000190734863,-5.039999961853027,-2.0999999046325684,-1.5495614912695834,descending,
3,right,2185.337,1789025609796,-0.1914326548576355,10.401971817016602,6.365135669708252,12.739999771118164,-4.690000057220459,-1.190000057220459,-1.5282017162035908,descending,
3,right,2185.3466153846152,1789025609796,-0.1986113786697387,10.334970474243164,6.357956886291504,12.739999771118164,-4.690000057220459,-1.190000057220459,-1.5051438828024797,descending,
3,right,2185.356230769231,1789025609796,-0.1986113786697387,10.344541549682615,6.434529781341553,12.739999771118164,-4.690000057220459,-1.190000057220459,-1.4816041673605775,descending,
3,right,2185.365846153846,1789025609796,-0.2727915346622467,10.41872215270996,6.314884662628174,12.739999771118164,-4.690000057220459,-1.190000057220459,-1.45808507285813,descending,
3,right,2185.3754615384614,1789025609796,-0.2703986167907715,10.399578094482422,6.441708564758301,12.739999771118164,-4.690000057220459,-1.190000057220459,-1.4340589468377978,descending,
3,right,2185.385076923077,1789025609796,-0.3302213251590729,10.35650634765625,6.381886005401611,12.739999771118164,-4.690000057220459,-1.190000057220459,-1.4106867408127008,descending,
3,right,2185.3946923076924,1789025609796,-0.339792937040329,10.222503662109377,6.362742424011231,12.739999771118164,-4.690000057220459,-1.190000057220459,-1.3885025197766732,descending,
3,right,2185.404307692308,1789025609796,-0.4067943692207336,10.25361156463623,6.161738395690918,12.739999771118164,-4.690000057220459,-1.190000057220459,-1.367091659940905,descending,
3,right,2185.413,1789025609873,-0.4020085632801056,10.241646766662598,6.247882843017578,7.420000076293945,-4.690000057220459,-0.4200000166893005,-1.3474296318302483,descending,
3,right,2185.4226153846157,1789025609873,-0.4067943692207336,10.26796817779541,6.147380828857422,7.420000076293945,-4.690000057220459,-0.4200000166893005,-1.3259816780077187,descending,
3,right,2185.432230769231,1789025609873,-0.3445787727832794,10.265575408935549,6.15455961227417,7.420000076293945,-4.690000057220459,-0.4200000166893005,-1.3045326657282703,descending,
3,right,2185.441846153846,1789025609873,-0.3469716608524322,10.35650634765625,6.061236381530762,7.420000076293945,-4.690000057220459,-0.4200000166893005,-1.2828163846053589,descending,
3,right,2185.451461538461,1789025609873,-0.2392908036708831,10.394792556762695,6.039700031280518,7.420000076293945,-4.690000057220459,-0.4200000166893005,-1.2609181343784153,descending,
3,right,2185.461076923077,1789025609873,-0.205790102481842,10.516831398010254,6.061236381530762,7.420000076293945,-4.690000057220459,-0.4200000166893005,-1.2379203878146399,descending,
3,right,2185.4706923076924,1789025609873,-0.1890397369861602,10.610154151916504,6.190453052520752,7.420000076293945,-4.690000057220459,-0.4200000166893005,-1.2135187336154862,descending,
3,right,2185.480307692308,1789025609873,-0.1914326548576355,10.59101104736328,6.147380828857422,7.420000076293945,-4.690000057220459,-0.4200000166893005,-1.1894945429165216,descending,
3,right,2185.489,1789025609946,-0.1531461179256439,10.559903144836426,6.159345626831055,4.269999980926514,-4.340000152587891,-0.4200000166893005,-1.1679667269388405,descending,
3,right,2185.4986153846157,1789025609946,-0.2225404530763626,10.552724838256836,6.106701374053955,4.269999980926514,-4.340000152587891,-0.4200000166893005,-1.1444688392715632,descending,
3,right,2185.508230769231,1789025609946,-0.3254354894161224,10.406757354736328,6.190453052520752,4.269999980926514,-4.340000152587891,-0.4200000166893005,-1.1217561848722502,descending,
3,right,2185.517846153846,1789025609946,-0.4474738240242004,10.416329383850098,6.23352575302124,4.269999980926514,-4.340000152587891,-0.4200000166893005,-1.0987393305818385,descending,
3,right,2185.527461538461,1789025609946,-0.5336185097694397,10.354113578796388,6.329241752624512,4.269999980926514,-4.340000152587891,-0.4200000166893005,-1.075757214028706,descending,
3,right,2185.537076923077,1789025609946,-0.6269419193267822,10.153108596801758,6.192846298217773,4.269999980926514,-4.340000152587891,-0.4200000166893005,-1.0550923532667493,descending,
3,right,2185.5466923076924,1789025609946,-0.758551836013794,10.107644081115724,6.247882843017578,4.269999980926514,-4.340000152587891,-0.4200000166893005,-1.0345078739649403,descending,
3,right,2185.556307692308,1789025609946,-0.7920525670051575,10.057393074035645,6.190453052520752,4.269999980926514,-4.340000152587891,-0.4200000166893005,-1.014615904460832,descending,
3,right,2185.565,1789025610035,-0.8614469170570374,10.028677940368652,6.168917179107666,-2.0999999046325684,-4.550000190734863,-0.9100000262260436,-0.9969283151447391,descending,
3,right,2185.5746153846158,1789025610035,-0.9308412671089172,10.021498680114746,6.125844955444336,-2.0999999046325684,-4.550000190734863,-0.9100000262260436,-0.9776148979864516,descending,
3,right,2185.584230769231,1789025610035,-0.98109233379364,10.074143409729004,6.147380828857422,-2.0999999046325684,-4.550000190734863,-0.9100000262260436,-0.9577462068137863,descending,
3,right,2185.5938461538462,1789025610035,-0.8949476480484009,9.964069366455078,6.097129821777344,-2.0999999046325684,-4.550000190734863,-0.9100000262260436,-0.939057900174222,descending,
3,right,2185.603461538461,1789025610035,-0.8111958503723145,9.813316345214844,6.030128479003906,-2.0999999046325684,-4.550000190734863,-0.9100000262260436,-0.9219692341838306,descending,
3,right,2185.613076923077,1789025610035,-0.7633376717567444,9.741528511047363,6.0755934715271,-2.0999999046325684,-4.550000190734863,-0.9100000262260436,-0.9052633943655606,descending,
3,right,2185.6226923076924,1789025610035,-0.708300769329071,9.504631042480469,6.116272926330566,-2.0999999046325684,-4.550000190734863,-0.9100000262260436,-0.8903242783253336,descending,
3,right,2185.632307692308,1789025610035,-0.6365135312080383,9.4950590133667,6.140202045440674,-2.0999999046325684,-4.550000190734863,-0.9100000262260436,-0.8753695328210384,descending,
3,right,2185.64,1789025610140,-0.5455830693244934,9.418486595153809,6.190453052520752,-15.75,-4.760000228881836,-2.1700000762939453,-0.8637280950230111,descending,
3,right,2185.649615384615,1789025610140,-0.4115802049636841,9.215088844299316,6.106701374053955,-15.75,-4.760000228881836,-2.1700000762939453,-0.8513007521531273,descending,
3,right,2185.659230769231,1789025610140,-0.3924369215965271,9.152873039245604,6.305312633514404,-15.75,-4.760000228881836,-2.1700000762939453,-0.8383722830074378,descending,
3,right,2185.668846153846,1789025610140,-0.368507832288742,9.21987533569336,6.441708564758301,-15.75,-4.760000228881836,-2.1700000762939453,-0.8241969200781128,descending,
3,right,2185.6784615384613,1789025610140,-0.2943277060985565,9.105015754699709,6.408207893371582,-15.75,-4.760000228881836,-2.1700000762939453,-0.8111365054791123,descending,
3,right,2185.688076923077,1789025610140,-0.2560411691665649,9.119372367858888,6.223953723907471,-15.75,-4.760000228881836,-2.1700000762939453,-0.7989112948337694,descending,
3,right,2185.6976923076923,1789025610140,-0.2656128108501434,9.06194305419922,6.267026424407959,-15.75,-4.760000228881836,-2.1700000762939453,-0.7869152686470821,descending,
3,right,2185.7073076923075,1789025610140,-0.2727915346622467,9.030835151672363,6.460851669311523,-15.75,-4.760000228881836,-2.1700000762939453,-0.7741439016009987,descending,
3,right,2185.716,1789025610237,-0.2967205941677093,9.023656845092772,6.499138355255127,-10.220000267028809,-4.409999847412109,-2.1700000762939453,-0.7624545321000512,descending,
3,right,2185.725615384615,1789025610237,-0.3326142132282257,9.126551628112791,6.381886005401611,-10.220000267028809,-4.409999847412109,-2.1700000762939453,-0.749298955513753,descending,
3,right,2185.735230769231,1789025610237,-0.3924369215965271,9.157659530639648,6.403421878814697,-10.220000267028809,-4.409999847412109,-2.1700000762939453,-0.7357585464470597,descending,
3,right,2185.744846153846,1789025610237,-0.3900440335273742,9.198338508605955,6.55417537689209,-10.220000267028809,-4.409999847412109,-2.1700000762939453,-0.7210878265259527,descending,
3,right,2185.7544615384613,1789025610237,-0.4402951002120971,9.270126342773438,6.664248943328857,-10.220000267028809,-4.409999847412109,-2.1700000762939453,-0.705235796353998,descending,
3,right,2185.764076923077,1789025610237,-0.4355092644691467,9.39934253692627,6.709714412689209,-10.220000267028809,-4.409999847412109,-2.1700000762939453,-0.6881103308469093,descending,
3,right,2185.7736923076923,1789025610237,-0.4379021823406219,9.727170944213867,6.803037643432617,-10.220000267028809,-4.409999847412109,-2.1700000762939453,-0.6678783729672172,descending,
3,right,2185.7833076923075,1789025610237,-0.5049036145210266,10.045428276062012,6.817395210266113,-10.220000267028809,-4.409999847412109,-2.1700000762939453,-0.645031419305422,descending,
3,right,2185.793,1789025610262,-0.461831271648407,10.28711223602295,6.8054304122924805,11.619999885559082,-3.009999990463257,-1.5399999618530271,-0.6201563327207883,descending,
3,right,2185.802615384616,1789025610262,-0.4857603311538696,10.54554557800293,6.853288650512695,11.619999885559082,-3.009999990463257,-1.5399999618530271,-0.5931632075308532,descending,
3,right,2185.812230769231,1789025610262,-0.4570454359054565,10.866195678710938,6.937040328979492,11.619999885559082,-3.009999990463257,-1.5399999618530271,-0.5631840431016819,descending,
3,right,2185.8218461538463,1789025610262,-0.4642241597175598,11.268203735351562,7.090186595916748,11.619999885559082,-3.009999990463257,-1.5399999618530271,-0.5291843454588855,descending,
3,right,2185.8314615384616,1789025610262,-0.5049036145210266,11.545781135559082,7.080615043640137,11.619999885559082,-3.009999990463257,-1.5399999618530271,-0.4930127087102595,descending,
3,right,2185.8410769230773,1789025610262,-0.5168681740760803,11.86643123626709,7.181117057800293,11.619999885559082,-3.009999990463257,-1.5399999618530271,-0.4537452180200622,descending,
3,right,2185.8506923076925,1789025610262,-0.5503688454627991,12.352191925048828,7.372550010681152,11.619999885559082,-3.009999990463257,-1.5399999618530271,-0.40956851475876493,descending,
3,right,2185.860307692308,1789025610262,-0.5790837407112122,12.76855754852295,7.487409591674805,11.619999885559082,-3.009999990463257,-1.5399999618530271,-0.3614441534883009,descending,
3,right,2185.869,1789025610336,-0.5958341360092163,13.144244194030762,7.475444793701172,22.1200008392334,-2.380000114440918,-1.2599999904632568,-0.3152576854787114,descending,
3,right,2185.8786153846154,1789025610336,-0.6341206431388855,13.548645973205566,7.583125591278076,22.1200008392334,-2.380000114440918,-1.2599999904632568,-0.26032391329873605,descending,
3,right,2185.888230769231,1789025610336,-0.6125844717025757,14.039192199707031,7.676449298858643,22.1200008392334,-2.380000114440918,-1.2599999904632568,-0.20094087481884557,descending,
3,right,2185.8978461538463,1789025610336,-0.708300769329071,14.390949249267578,7.575946807861328,22.1200008392334,-2.380000114440918,-1.2599999904632568,-0.13918490690683327,descending,
3,right,2185.9074615384616,1789025610336,-0.7418015003204346,14.52255916595459,7.374942779541016,22.1200008392334,-2.380000114440918,-1.2599999904632568,-0.07736387125514277,descending,
3,right,2185.9170769230773,1789025610336,-0.7441943883895874,14.606310844421388,7.372550010681152,22.1200008392334,-2.380000114440918,-1.2599999904632568,-0.014849346081095378,resting,
3,right,2185.9266923076925,1789025610336,-0.7322298884391785,14.321555137634276,7.3534064292907715,22.1200008392334,-2.380000114440918,-1.2599999904632568,0.04526406600402037,resting,
3,right,2185.936307692308,1789025610336,-0.7753022313117981,13.981761932373049,7.284012317657471,22.1200008392334,-2.380000114440918,-1.2599999904632568,0.10228099752053123,resting,
3,right,2185.944,1789025610411,-0.7753022313117981,13.531895637512209,7.159581184387207,-13.300000190734863,-3.7799999713897705,-0.6299999952316284,0.14441806860919942,resting,
3,right,2185.953615384615,1789025610411,-0.7441943883895874,13.261496543884276,7.008827686309815,-13.300000190734863,-3.7799999713897705,-0.6299999952316284,0.1940602708851266,resting,
3,right,2185.963230769231,1789025610411,-0.7370156645774841,12.706341743469238,6.975327014923096,-13.300000190734863,-3.7799999713897705,-0.6299999952316284,0.23896106802595773,resting,
3,right,2185.972846153846,1789025610411,-0.7106937170028687,12.304333686828612,6.884396553039551,-13.300000190734863,-3.7799999713897705,-0.6299999952316284,0.28007902826720266,ascending,8
3,right,2185.9824615384614,1789025610411,-0.6748000979423523,11.715678215026855,6.958576679229736,-13.300000190734863,-3.7799999713897705,-0.6299999952316284,0.31674962516208754,ascending,8
3,right,2185.992076923077,1789025610411,-0.6748000979423523,11.41656494140625,6.707321166992188,-13.300000190734863,-3.7799999713897705,-0.6299999952316284,0.34967449497019504,ascending,8
3,right,2186.0016923076923,1789025610411,-0.6771929860115051,11.079164505004885,6.8126091957092285,-13.300000190734863,-3.7799999713897705,-0.6299999952316284,0.3803855190635341,ascending,8
3,right,2186.011307692308,1789025610411,-0.6293348073959351,10.60776138305664,6.927468776702881,-13.300000190734863,-3.7799999713897705,-0.6299999952316284,0.40784880482547314,ascending,8
3,right,2186.02,1789025610487,-0.6101915836334229,10.299076080322266,7.142830848693848,-32.47999954223633,-3.990000009536743,-0.5600000023841858,0.43143729533940467,ascending,8
3,right,2186.029615384615,1789025610487,-0.5479759573936462,9.89706802368164,7.171545505523682,-32.47999954223633,-3.990000009536743,-0.5600000023841858,0.45445031557151944,ascending,8
3,right,2186.039230769231,1789025610487,-0.5838695764541626,9.676919937133787,7.190688610076904,-32.47999954223633,-3.990000009536743,-0.5600000023841858,0.4758431450765433,ascending,8
3,right,2186.048846153846,1789025610487,-0.6365135312080383,9.315590858459473,7.4228010177612305,-32.47999954223633,-3.990000009536743,-0.5600000023841858,0.49566638862660145,ascending,8
3,right,2186.0584615384614,1789025610487,-0.6173703074455261,9.038013458251951,7.473052024841309,-32.47999954223633,-3.990000009536743,-0.5600000023841858,0.5136118807573882,ascending,8
3,right,2186.068076923077,1789025610487,-0.6341206431388855,8.999727249145508,7.530481815338135,-32.47999954223633,-3.990000009536743,-0.5600000023841858,0.5316344779357163,ascending,8
3,right,2186.0776923076924,1789025610487,-0.6724071502685547,8.841794967651367,7.575946807861328,-32.47999954223633,-3.990000009536743,-0.5600000023841858,0.5487425135320252,ascending,8
3,right,2186.087307692308,1789025610487,-0.6748000979423523,8.858545303344727,7.535267353057861,-32.47999954223633,-3.990000009536743,-0.5600000023841858,0.5658113786128409,ascending,8
3,right,2186.096,1789025610561,-0.7322298884391785,9.040407180786133,7.281619548797607,-4.199999809265137,-3.009999990463257,0.9100000262260436,0.5812524654418691,ascending,8
3,right,2186.1056153846152,1789025610561,-0.7944455146789551,9.181588172912598,7.212224960327148,-4.199999809265137,-3.009999990463257,0.9100000262260436,0.5990626267757115,ascending,8
3,right,2186.115230769231,1789025610561,-0.6939433217048645,9.186373710632324,7.087793827056885,-4.199999809265137,-3.009999990463257,0.9100000262260436,0.6161704875538201,ascending,8
3,right,2186.124846153846,1789025610561,-0.7202653288841248,9.174409866333008,7.035149574279785,-4.199999809265137,-3.009999990463257,0.9100000262260436,0.6328948792597324,ascending,8
3,right,2186.134461538461,1789025610561,-0.6604426503181458,9.157659530639648,6.905932903289795,-4.199999809265137,-3.009999990463257,0.9100000262260436,0.6487299607766277,ascending,8
3,right,2186.144076923077,1789025610561,-0.6532639265060425,9.016477584838867,6.843717098236084,-4.199999809265137,-3.009999990463257,0.9100000262260436,0.6631133769561877,ascending,8
3,right,2186.1536923076924,1789025610561,-0.5599405169487,8.884867668151855,6.7408223152160645,-4.199999809265137,-3.009999990463257,0.9100000262260436,0.6758539009961952,ascending,8
3,right,2186.163307692308,1789025610561,-0.5551546812057495,8.741292953491211,6.657070159912109,-4.199999809265137,-3.009999990463257,0.9100000262260436,0.6870030449586246,ascending,8
3,right,2186.173,1789025610636,-0.4761887192726135,8.765222549438477,6.556568145751953,12.390000343322754,-2.5899999141693115,2.5199999809265137,0.6978087850312944,ascending,8
3,right,2186.182615384615,1789025610636,-0.4761887192726135,8.588147163391113,6.585283279418945,12.390000343322754,-2.5899999141693115,2.5199999809265137,0.707322946587993,ascending,8
3,right,2186.1922307692307,1789025610636,-0.4211518168449402,8.51396656036377,6.396243095397949,12.390000343322754,-2.5899999141693115,2.5199999809265137,0.7151560280593721,ascending,8
3,right,2186.201846153846,1789025610636,-0.3732936680316925,8.449358940124512,6.185667514801025,12.390000343322754,-2.5899999141693115,2.5199999809265137,0.7212658153831448,ascending,8
3,right,2186.211461538461,1789025610636,-0.3206496834754944,8.573789596557617,5.987056255340576,12.390000343322754,-2.5899999141693115,2.5199999809265137,0.7271929305020096,ascending,8
3,right,2186.221076923077,1789025610636,-0.3038993179798126,8.60250473022461,5.762122631072998,12.390000343322754,-2.5899999141693115,2.5199999809265137,0.7320731899790214,ascending,8
3,right,2186.230692307692,1789025610636,-0.3326142132282257,8.636005401611328,5.611369609832764,12.390000343322754,-2.5899999141693115,2.5199999809265137,0.7363890325971604,ascending,8
3,right,2186.2403076923074,1789025610636,-0.3158638775348663,8.49960994720459,5.570690155029297,12.390000343322754,-2.5899999141693115,2.5199999809265137,0.7394208154914649,ascending,8
3,right,2186.248,1789025610711,-0.3062922358512878,8.418251037597656,5.460616111755371,21.06999969482422,-2.0999999046325684,3.3600001335144043,0.7408558177766154,ascending,8
3,right,2186.2576153846157,1789025610711,-0.339792937040329,8.303391456604004,5.362506866455078,21.06999969482422,-2.0999999046325684,3.3600001335144043,0.7412343045407292,ascending,8
3,right,2186.267230769231,1789025610711,-0.3038993179798126,8.162209510803223,5.297898292541504,21.06999969482422,-2.0999999046325684,3.3600001335144043,0.7401502093666573,ascending,8
3,right,2186.2768461538462,1789025610711,-0.3326142132282257,8.066493034362793,5.202182292938232,21.06999969482422,-2.0999999046325684,3.3600001335144043,0.7378107052125684,ascending,8
3,right,2186.286461538461,1789025610711,-0.363722026348114,7.942061901092529,5.1399664878845215,21.06999969482422,-2.0999999046325684,3.3600001335144043,0.7341694940434641,ascending,8
3,right,2186.296076923077,1789025610711,-0.3780794739723205,7.82241678237915,5.015535354614258,21.06999969482422,-2.0999999046325684,3.3600001335144043,0.7289226871100271,ascending,8
3,right,2186.3056923076924,1789025610711,-0.4115802049636841,7.571161270141602,4.769065856933594,21.06999969482422,-2.0999999046325684,3.3600001335144043,0.7203764366094901,ascending,8
3,right,2186.315307692308,1789025610711,-0.3972227573394775,7.362977981567383,4.5489182472229,21.06999969482422,-2.0999999046325684,3.3600001335144043,0.7090063488637066,ascending,8
3,right,2186.324,1789025610790,-0.3493645787239074,7.197867393493652,4.271340847015381,23.940000534057617,-2.0299999713897705,3.990000009536743,0.6962118721273007,ascending,8
3,right,2186.3336153846158,1789025610790,-0.3661149442195892,7.121294498443604,4.132552146911621,23.940000534057617,-2.0299999713897705,3.990000009536743,0.6807474176851644,ascending,8
3,right,2186.343230769231,1789025610790,-0.3565433025360107,7.020792484283447,4.041621685028076,23.940000534057617,-2.0299999713897705,3.990000009536743,0.6640223901441795,ascending,8
3,right,2186.3528461538463,1789025610790,-0.3900440335273742,7.049507141113281,3.843010425567627,23.940000534057617,-2.0299999713897705,3.990000009536743,0.6465516650191395,ascending,8
3,right,2186.362461538461,1789025610790,-0.4307234585285187,6.826966762542725,3.73293662071228,23.940000534057617,-2.0299999713897705,3.990000009536743,0.6267513324404775,ascending,8
3,right,2186.372076923077,1789025610790,-0.44268798828125,6.465637683868408,3.754472732543945,23.940000534057617,-2.0299999713897705,3.990000009536743,0.6041336508259978,ascending,8
3,right,2186.3816923076924,1789025610790,-0.4331163763999939,6.190453052520752,3.8047239780426025,23.940000534057617,-2.0299999713897705,3.990000009536743,0.5795238225590033,ascending,8
3,right,2186.391307692308,1789025610790,-0.49054616689682,6.207203388214111,3.6994359493255615,23.940000534057617,-2.0299999713897705,3.990000009536743,0.5545604196419169,ascending,8
3,right,2186.4,1789025610861,-0.4857603311538696,6.298134326934815,3.555861473083496,19.46000099182129,-1.75,3.289999961853028,0.5320436691020926,ascending,8
3,right,2186.409615384616,1789025610861,-0.4450809061527252,6.156952381134033,3.4314301013946533,19.46000099182129,-1.75,3.289999961853028,0.5053669005487408,ascending,8
3,right,2186.419230769231,1789025610861,-0.4283305406570434,6.008592128753662,3.302213191986084,19.46000099182129,-1.75,3.289999961853028,0.476848624280612,ascending,8
3,right,2186.4288461538463,1789025610861,-0.3780794739723205,5.872196674346924,3.180174827575684,19.46000099182129,-1.75,3.289999961853028,0.44661042510940197,ascending,8
3,right,2186.438461538461,1789025610861,-0.3709007501602173,5.886553764343262,3.0030996799468994,19.46000099182129,-1.75,3.289999961853028,0.415660541023753,ascending,8
3,right,2186.448076923077,1789025610861,-0.387651115655899,5.762122631072998,3.175389051437378,19.46000099182129,-1.75,3.289999961853028,0.38452273816663257,ascending,8
3,right,2186.4576923076925,1789025610861,-0.3326142132282257,5.814766883850098,2.8858470916748047,19.46000099182129,-1.75,3.289999961853028,0.3524533021316395,ascending,8
3,right,2186.467307692308,1789025610861,-0.3732936680316925,5.628119945526123,3.1323165893554688,19.46000099182129,-1.75,3.289999961853028,0.3200195592651651,ascending,8
3,right,2186.476,1789025610935,-0.3996156454086303,5.580261707305908,3.0389933586120605,16.309999465942383,-1.1200000047683716,2.7300000190734863,0.2899607837993889,ascending,8
3,right,2186.485615384616,1789025610935,-0.4355092644691467,5.419936656951904,3.2423903942108154,16.309999465942383,-1.1200000047683716,2.7300000190734863,0.2563397336626023,ascending,8
3,right,2186.495230769231,1789025610935,-0.4379021823406219,5.458223342895508,3.05574369430542,16.309999465942383,-1.1200000047683716,2.7300000190734863,0.22218434476035198,ascending,8
3,right,2186.5048461538463,1789025610935,-0.3780794739723205,5.556332588195801,3.0724940299987797,16.309999465942383,-1.1200000047683716,2.7300000190734863,0.1889297294419771,ascending,8
3,right,2186.514461538461,1789025610935,-0.3924369215965271,5.5611186027526855,2.945669889450073,16.309999465942383,-1.1200000047683716,2.7300000190734863,0.15515082950753706,ascending,8
3,right,2186.524076923077,1789025610935,-0.4115802049636841,5.742979526519775,2.816452741622925,16.309999465942383,-1.1200000047683716,2.7300000190734863,0.12233963160673604,ascending,8
3,right,2186.5336923076925,1789025610935,-0.3517574965953827,5.620941162109375,2.732701063156128,16.309999465942383,-1.1200000047683716,2.7300000190734863,0.08811984025355186,ascending,8
3,right,2186.543307692308,1789025610935,-0.3062922358512878,5.470187664031982,2.7422726154327397,16.309999465942383,-1.1200000047683716,2.7300000190734863,0.05267600824376736,ascending,8
3,right,2186.551,1789025611012,-0.2871489822864532,5.506081581115723,2.433587551116944,18.690000534057617,-1.0499999523162842,3.0799999237060547,0.02346115366034499,ascending,8
3,right,2186.560615384615,1789025611012,-0.2703986167907715,5.374471664428711,2.438373327255249,18.690000534057617,-1.0499999523162842,3.0799999237060547,-0.01412917063976688,resting,
3,right,2186.570230769231,1789025611012,-0.2416837215423584,5.206967830657959,2.4216229915618896,18.690000534057617,-1.0499999523162842,3.0799999237060547,-0.05319959462073761,resting,
3,right,2186.579846153846,1789025611012,-0.2129688262939453,4.819316864013672,2.5269110202789307,18.690000534057617,-1.0499999523162842,3.0799999237060547,-0.0950906481365288,resting,
3,right,2186.5894615384614,1789025611012,-0.0957163274288177,4.613526821136475,2.5340895652771,18.690000534057617,-1.0499999523162842,3.0799999237060547,-0.138717228329396,resting,
3,right,2186.599076923077,1789025611012,-0.1005021408200264,4.132552146911621,2.7662017345428467,18.690000534057617,-1.0499999523162842,3.0799999237060547,-0.18542598300016208,resting,
3,right,2186.6086923076923,1789025611012,-0.06460852175951,4.060765266418457,2.8284173011779785,18.690000534057617,-1.0499999523162842,3.0799999237060547,-0.23248301560242787,descending,
3,right,2186.618307692308,1789025611012,-0.0382865294814109,3.747294187545776,3.153852939605713,18.690000534057617,-1.0499999523162842,3.0799999237060547,-0.28082894957243837,descending,
3,right,2186.628,1789025611085,-0.0454652532935142,3.744901180267334,2.924133777618408,-17.079999923706055,-1.5399999618530271,1.6100000143051147,-0.33053112173733407,descending,
3,right,2186.6376153846154,1789025611085,-0.0119645409286022,3.948298454284668,2.9528486728668213,-17.079999923706055,-1.5399999618530271,1.6100000143051147,-0.37793108639720113,descending,
3,right,2186.647230769231,1789025611085,-0.06460852175951,4.10623025894165,2.888240098953247,-17.079999923706055,-1.5399999618530271,1.6100000143051147,-0.4242080476905366,descending,
3,right,2186.6568461538463,1789025611085,-0.0239290818572044,4.3957719802856445,2.8858470916748047,-17.079999923706055,-1.5399999618530271,1.6100000143051147,-0.46799228754493677,descending,
3,right,2186.6664615384616,1789025611085,-0.0909305065870285,4.625491142272949,2.6800570487976074,-17.079999923706055,-1.5399999618530271,1.6100000143051147,-0.5106833793039494,descending,
3,right,2186.6760769230773,1789025611085,-0.1244312226772308,4.934176445007324,2.6561279296875,-17.079999923706055,-1.5399999618530271,1.6100000143051147,-0.5508214217091365,descending,
3,right,2186.6856923076925,1789025611085,-0.1555390208959579,5.398400783538818,2.043543577194214,-17.079999923706055,-1.5399999618530271,1.6100000143051147,-0.589740075068818,descending,
3,right,2186.695307692308,1789025611085,-0.1627177447080612,5.527617931365967,2.5604116916656494,-17.079999923706055,-1.5399999618530271,1.6100000143051147,-0.6252289908172622,descending,
3,right,2186.704,1789025611160,-0.2010042816400528,5.774087429046631,2.361800193786621,12.18000030517578,-1.1200000047683716,2.5199999809265137,-0.656201276093228,descending,
3,right,2186.7136153846154,1789025611160,-0.2105759084224701,5.994234561920166,2.5245180130004883,12.18000030517578,-1.1200000047683716,2.5199999809265137,-0.6878322556535116,descending,
3,right,2186.723230769231,1789025611160,-0.2943277060985565,6.152166843414307,2.467088222503662,12.18000030517578,-1.1200000047683716,2.5199999809265137,-0.7183346570671961,descending,
3,right,2186.7328461538464,1789025611160,-0.3182567656040191,6.278990745544434,2.5029819011688232,12.18000030517578,-1.1200000047683716,2.5199999809265137,-0.7475658285147739,descending,
3,right,2186.7424615384616,1789025611160,-0.3350071310997009,6.444101333618164,2.493410348892212,12.18000030517578,-1.1200000047683716,2.5199999809265137,-0.7753908837194816,descending,
3,right,2186.7520769230773,1789025611160,-0.3709007501602173,6.630748271942139,2.395301103591919,12.18000030517578,-1.1200000047683716,2.5199999809265137,-0.8020066618546073,descending,
3,right,2186.761692307693,1789025611160,-0.3852581977844238,6.836538314819336,2.361800193786621,12.18000030517578,-1.1200000047683716,2.5199999809265137,-0.8269613856257501,descending,
3,right,2186.771307692308,1789025611160,-0.4211518168449402,7.154795169830322,1.9406484365463257,12.18000030517578,-1.1200000047683716,2.5199999809265137,-0.8509576646291427,descending,
3,right,2186.78,1789025611235,-0.3924369215965271,7.054293155670166,2.376157760620117,18.270000457763672,-1.190000057220459,2.940000057220459,-0.8716843374029625,descending,
3,right,2186.7896153846154,1789025611235,-0.4211518168449402,7.176331520080566,2.0004711151123047,18.270000457763672,-1.190000057220459,2.940000057220459,-0.8950997392524904,descending,
3,right,2186.799230769231,1789025611235,-0.4307234585285187,7.2050461769104,2.3139421939849854,18.270000457763672,-1.190000057220459,2.940000057220459,-0.9168741369357601,descending,
3,right,2186.8088461538464,1789025611235,-0.4067943692207336,7.288797855377197,2.268476963043213,18.270000457763672,-1.190000057220459,2.940000057220459,-0.9380616859321899,descending,
3,right,2186.8184615384616,1789025611235,-0.4091872870922088,7.1571879386901855,2.703986167907715,18.270000457763672,-1.190000057220459,2.940000057220459,-0.9585303260354275,descending,
3,right,2186.8280769230773,1789025611235,-0.3972227573394775,7.032756805419922,2.7925238609313965,18.270000457763672,-1.190000057220459,2.940000057220459,-0.9796826348699675,descending,
3,right,2186.8376923076926,1789025611235,-0.4474738240242004,6.697749614715576,3.129923820495605,18.270000457763672,-1.190000057220459,2.940000057220459,-1.00233973152162,descending,
3,right,2186.847307692308,1789025611235,-0.4737958014011383,6.635534286499023,3.019850015640259,18.270000457763672,-1.190000057220459,2.940000057220459,-1.0259645259748909,descending,
3,right,2186.855,1789025611343,-0.4594383537769317,6.223953723907471,3.534325361251831,-25.76000022888184,-1.3300000429153442,0.9100000262260436,-1.046045783109042,descending,
3,right,2186.8646153846157,1789025611343,-0.4642241597175598,5.93680477142334,3.318963527679444,-25.76000022888184,-1.3300000429153442,0.9100000262260436,-1.0744842040787912,descending,
3,right,2186.874230769231,1789025611343,-0.4283305406570434,5.61615514755249,3.747294187545776,-25.76000022888184,-1.3300000429153442,0.9100000262260436,-1.1038906096961705,descending,
3,right,2186.883846153846,1789025611343,-0.4498667120933532,5.551546573638916,3.613291263580322,-25.76000022888184,-1.3300000429153442,0.9100000262260436,-1.1343622630478407,descending,
3,right,2186.893461538461,1789025611343,-0.4091872870922088,5.707085609436035,3.8980472087860103,-25.76000022888184,-1.3300000429153442,0.9100000262260436,-1.1622319101804492,descending,
3,right,2186.903076923077,1789025611343,-0.4498667120933532,6.05884313583374,3.6850783824920654,-25.76000022888184,-1.3300000429153442,0.9100000262260436,-1.1879210645214267,descending,
3,right,2186.9126923076924,1789025611343,-0.4283305406570434,6.027735710144043,4.06315803527832,-25.76000022888184,-1.3300000429153442,0.9100000262260436,-1.2121925466092502,descending,
3,right,2186.922307692308,1789025611343,-0.3756865561008453,6.262240409851074,3.962655782699585,-25.76000022888184,-1.3300000429153442,0.9100000262260436,-1.2348540629529978,descending,
3,right,2186.931,1789025611386,-0.4044014811515808,6.398636341094971,4.130159378051758,-26.950000762939453,-0.9800000190734864,-1.4700000286102295,-1.253571606673465,descending,
3,right,2186.9406153846157,1789025611386,-0.3732936680316925,6.946612358093262,3.8812968730926514,-26.950000762939453,-0.9800000190734864,-1.4700000286102295,-1.2706986212592828,descending,
3,right,2186.950230769231,1789025611386,-0.2967205941677093,7.037542819976807,4.161267280578613,-26.950000762939453,-0.9800000190734864,-1.4700000286102295,-1.2857831447456942,descending,
3,right,2186.9598461538462,1789025611386,-0.1722893863916397,7.595090389251709,3.675506830215454,-26.950000762939453,-0.9800000190734864,-1.4700000286102295,-1.2983875980698938,descending,
3,right,2186.969461538461,1789025611386,-0.1196454018354415,7.695592403411865,3.701828718185425,-26.950000762939453,-0.9800000190734864,-1.4700000286102295,-1.3100407497793871,descending,
3,right,2186.979076923077,1789025611386,-0.1196454018354415,7.860702991485596,3.381179094314575,-26.950000762939453,-0.9800000190734864,-1.4700000286102295,-1.3217927665004796,descending,
3,right,2186.9886923076924,1789025611386,-0.0502510704100132,7.70037841796875,3.7185792922973633,-26.950000762939453,-0.9800000190734864,-1.4700000286102295,-1.333359111273937,descending,
3,right,2186.998307692308,1789025611386,-0.0837517827749252,7.508945465087891,3.709007501602173,-26.950000762939453,-0.9800000190734864,-1.4700000286102295,-1.3465781440694073,descending,
3,right,2187.008,1789025611489,-0.1124666780233383,7.228975296020508,4.142123699188232,-28.559999465942383,-1.4700000286102295,-0.9100000262260436,-1.3602128687545532,descending,
3,right,2187.017615384615,1789025611489,-0.2010042816400528,7.190688610076904,4.084693908691406,-28.559999465942383,-1.4700000286102295,-0.9100000262260436,-1.3743058070753398,descending,
3,right,2187.0272307692308,1789025611489,-0.1962184607982635,7.030364036560059,4.465166568756104,-28.559999465942383,-1.4700000286102295,-0.9100000262260436,-1.387891306243077,descending,
3,right,2187.036846153846,1789025611489,-0.2392908036708831,7.001648902893066,4.321591854095459,-28.559999465942383,-1.4700000286102295,-0.9100000262260436,-1.4023806568074642,descending,
3,right,2187.046461538461,1789025611489,-0.2273262739181518,7.037542819976807,4.632669925689697,-28.559999465942383,-1.4700000286102295,-0.9100000262260436,-1.4150272568461508,descending,
3,right,2187.056076923077,1789025611489,-0.1603248417377472,7.164366722106934,4.491488456726074,-28.559999465942383,-1.4700000286102295,-0.9100000262260436,-1.427324294490266,descending,
3,right,2187.065692307692,1789025611489,-0.1675035655498504,7.128473281860352,4.606348037719727,-28.559999465942383,-1.4700000286102295,-0.9100000262260436,-1.4393233833312467,descending,
3,right,2187.0753076923074,1789025611489,-0.1531461179256439,7.193081855773926,4.556097030639648,-28.559999465942383,-1.4700000286102295,-0.9100000262260436,-1.4510387896557975,descending,
3,right,2187.083,1789025611550,-0.1770751923322677,7.209832191467285,4.635063171386719,-21.420000076293945,-1.5399999618530271,-0.9100000262260436,-1.4599697256430595,descending,
3,right,2187.092615384616,1789025611550,-0.1962184607982635,7.303155422210693,4.637455940246582,-21.420000076293945,-1.5399999618530271,-0.9100000262260436,-1.4703520597530149,descending,
3,right,2187.102230769231,1789025611550,-0.2488624453544616,7.473052024841309,4.781030178070068,-21.420000076293945,-1.5399999618530271,-0.9100000262260436,-1.4785994044100208,descending,
3,right,2187.1118461538463,1789025611550,-0.3302213251590729,7.46587324142456,4.91264009475708,-21.420000076293945,-1.5399999618530271,-0.9100000262260436,-1.4861935670825492,descending,
3,right,2187.121461538461,1789025611550,-0.387651115655899,7.508945465087891,4.871960639953613,-21.420000076293945,-1.5399999618530271,-0.9100000262260436,-1.493633586020865,descending,
3,right,2187.131076923077,1789025611550,-0.4785816073417663,7.549624919891357,4.972463130950928,-21.420000076293945,-1.5399999618530271,-0.9100000262260436,-1.5001860004794125,descending,
3,right,2187.1406923076925,1789025611550,-0.509689450263977,7.580732822418213,5.04425048828125,-21.420000076293945,-1.5399999618530271,-0.9100000262260436,-1.5060923850031445,descending,
3,right,2187.150307692308,1789025611550,-0.6436922550201416,7.630983829498291,5.1471452713012695,-21.420000076293945,-1.5399999618530271,-0.9100000262260436,-1.5109986267314448,descending,
3,right,2187.159,1789025611625,-0.6508709788322449,7.585518836975098,5.271576404571533,-16.100000381469727,-1.6100000143051147,-1.1200000047683716,-1.5151475100318308,descending,
3,right,2187.168615384616,1789025611625,-0.6891575455665588,7.674056053161621,5.338577747344971,-16.100000381469727,-1.6100000143051147,-1.1200000047683716,-1.5186474820882312,descending,
3,right,2187.178230769231,1789025611625,-0.7035149931907654,7.681234836578369,5.458223342895508,-16.100000381469727,-1.6100000143051147,-1.1200000047683716,-1.5214259457976123,descending,
3,right,2187.1878461538463,1789025611625,-0.7441943883895874,7.654912948608398,5.635298728942871,-16.100000381469727,-1.6100000143051147,-1.1200000047683716,-1.523419333626215,descending,
3,right,2187.197461538461,1789025611625,-0.7370156645774841,7.66448450088501,5.8554463386535645,-16.100000381469727,-1.6100000143051147,-1.1200000047683716,-1.524116502521719,descending,
3,right,2187.207076923077,1789025611625,-0.6987291574478149,7.719521522521973,5.903304100036621,-16.100000381469727,-1.6100000143051147,-1.1200000047683716,-1.5241132539114028,descending,
3,right,2187.2166923076925,1789025611625,-0.6580497026443481,7.963598251342773,5.865017890930176,-16.100000381469727,-1.6100000143051147,-1.1200000047683716,-1.5224099662024058,descending,
3,right,2187.226307692308,1789025611625,-0.6508709788322449,8.07127857208252,5.874589443206787,-16.100000381469727,-1.6100000143051147,-1.1200000047683716,-1.5198067608121095,descending,
3,right,2187.235,1789025611700,-0.5814766883850098,8.135887145996094,5.802802085876465,-5.949999809265137,-1.6100000143051147,-2.309999942779541,-1.5173847873872166,descending,
3,right,2187.244615384616,1789025611700,-0.6221560835838318,8.162209510803223,5.845874309539795,-5.949999809265137,-1.6100000143051147,-2.309999942779541,-1.5142397995143688,descending,
3,right,2187.254230769231,1789025611700,-0.6245490312576294,8.279461860656738,5.853053092956543,-5.949999809265137,-1.6100000143051147,-2.309999942779541,-1.5101383418013814,descending,
3,right,2187.2638461538463,1789025611700,-0.6317277550697327,8.336892127990723,5.9272332191467285,-5.949999809265137,-1.6100000143051147,-2.309999942779541,-1.5051705537129878,descending,
3,right,2187.2734615384616,1789025611700,-0.6365135312080383,8.365606307983398,5.884160995483398,-5.949999809265137,-1.6100000143051147,-2.309999942779541,-1.5002186039061198,descending,
3,right,2187.2830769230773,1789025611700,-0.6939433217048645,8.358428001403809,5.987056255340576,-5.949999809265137,-1.6100000143051147,-2.309999942779541,-1.4947172469482506,descending,
3,right,2187.2926923076925,1789025611700,-0.6891575455665588,8.360820770263672,5.941590785980225,-5.949999809265137,-1.6100000143051147,-2.309999942779541,-1.4894553617891018,descending,
3,right,2187.302307692308,1789025611700,-0.7035149931907654,8.442179679870605,6.077986717224121,-5.949999809265137,-1.6100000143051147,-2.309999942779541,-1.4827880977598504,descending,
3,right,2187.311,1789025611776,-0.6819788217544556,8.509181022644043,5.996627807617188,-8.470000267028809,-2.450000047683716,-3.3600001335144043,-1.4767156062752516,descending,
3,right,2187.3206153846154,1789025611776,-0.679585874080658,8.511573791503906,5.987056255340576,-8.470000267028809,-2.450000047683716,-3.3600001335144043,-1.4700375905647827,descending,
3,right,2187.330230769231,1789025611776,-0.6532639265060425,8.614469528198242,5.85066032409668,-8.470000267028809,-2.450000047683716,-3.3600001335144043,-1.4633430609211018,descending,
3,right,2187.3398461538463,1789025611776,-0.600619912147522,8.583361625671387,5.888947010040283,-8.470000267028809,-2.450000047683716,-3.3600001335144043,-1.4567096506786563,descending,
3,right,2187.3494615384616,1789025611776,-0.6101915836334229,8.643183708190918,5.79083776473999,-8.470000267028809,-2.450000047683716,-3.3600001335144043,-1.450158919690991,descending,
3,right,2187.3590769230773,1789025611776,-0.6149773597717285,8.67189884185791,5.795623302459717,-8.470000267028809,-2.450000047683716,-3.3600001335144043,-1.4433581540294729,descending,
3,right,2187.3686923076925,1789025611776,-0.6269419193267822,8.68147087097168,5.817159652709961,-8.470000267028809,-2.450000047683716,-3.3600001335144043,-1.4363581775783019,descending,
3,right,2187.378307692308,1789025611776,-0.6173703074455261,8.631219863891602,5.953555107116699,-8.470000267028809,-2.450000047683716,-3.3600001335144043,-1.4289927756361793,descending,
3,right,2187.386,1789025611893,-0.6221560835838318,8.518753051757812,5.948769569396973,-12.600000381469728,-2.870000123977661,-3.150000095367432,-1.4238227237050383,descending,
3,right,2187.395615384615,1789025611893,-0.6269419193267822,8.40389347076416,6.080379486083984,-12.600000381469728,-2.870000123977661,-3.150000095367432,0,resting,
3,right,2187.405230769231,1789025611893,-0.6963362693786621,8.533110618591309,6.061236381530762,-12.600000381469728,-2.870000123977661,-3.150000095367432,0.00655798594044698,resting,
3,right,2187.414846153846,1789025611893,-0.6628355383872986,8.478073120117188,6.173702716827393,-12.600000381469728,-2.870000123977661,-3.150000095367432,0.013301332074551904,resting,
3,right,2187.4244615384614,1789025611893,-0.6173703074455261,8.49721622467041,6.121058940887451,-12.600000381469728,-2.870000123977661,-3.150000095367432,0.019863532837173636,resting,
3,right,2187.434076923077,1789025611893,-0.6030128598213196,8.451751708984375,6.168917179107666,-12.600000381469728,-2.870000123977661,-3.150000095367432,0.02633378966749367,resting,
3,right,2187.4436923076923,1789025611893,-0.5479759573936462,8.549860954284668,6.106701374053955,-12.600000381469728,-2.870000123977661,-3.150000095367432,0.033173013396606235,resting,
3,right,2187.453307692308,1789025611893,-0.4977248907089233,8.559432029724121,6.2000250816345215,-12.600000381469728,-2.870000123977661,-3.150000095367432,0.04058535495188278,resting,
3,right,2187.463,1789025611925,-0.466617077589035,8.619255065917969,6.104308605194092,-3.7100000381469727,-3.7100000381469727,-2.0299999713897705,0.04795419358321743,resting,
3,right,2187.4726153846154,1789025611925,-0.3756865561008453,8.537896156311035,6.207203388214111,-3.7100000381469727,-3.7100000381469727,-2.0299999713897705,0.055172076254975264,resting,
3,right,2187.482230769231,1789025611925,-0.4307234585285187,8.571396827697754,6.228739738464356,-3.7100000381469727,-3.7100000381469727,-2.0299999713897705,0.0628000825297614,resting,
3,right,2187.4918461538464,1789025611925,-0.3804723918437958,8.48046588897705,6.322062969207764,-3.7100000381469727,-3.7100000381469727,-2.0299999713897705,0.07023122356794916,resting,
3,right,2187.5014615384616,1789025611925,-0.4044014811515808,8.511573791503906,6.29334831237793,-3.7100000381469727,-3.7100000381469727,-2.0299999713897705,0.07774977540251554,resting,
3,right,2187.5110769230773,1789025611925,-0.3924369215965271,8.32492733001709,6.298134326934815,-3.7100000381469727,-3.7100000381469727,-2.0299999713897705,0.08384959412868163,resting,
3,right,2187.520692307693,1789025611925,-0.3804723918437958,8.34167766571045,6.226346969604492,-3.7100000381469727,-3.7100000381469727,-2.0299999713897705,0.08966142336596858,resting,
3,right,2187.530307692308,1789025611925,-0.3996156454086303,8.312962532043457,6.247882843017578,-3.7100000381469727,-3.7100000381469727,-2.0299999713897705,0.09538324825384825,resting,
3,right,2187.539,1789025612000,-0.3948298394680023,8.312962532043457,6.247882843017578,-3.009999990463257,-4.760000228881836,-0.9100000262260436,0.10055296345169087,resting,
3,right,2187.5486153846155,1789025612000,-0.4115802049636841,8.31535530090332,6.23352575302124,-3.009999990463257,-4.760000228881836,-0.9100000262260436,0.10621231000311326,resting,
3,right,2187.558230769231,1789025612000,-0.4761887192726135,8.262711524963379,6.231132507324219,-3.009999990463257,-4.760000228881836,-0.9100000262260436,0.11147705203401188,resting,
3,right,2187.5678461538464,1789025612000,-0.4714028835296631,8.257925987243652,6.125844955444336,-3.009999990463257,-4.760000228881836,-0.9100000262260436,0.11609354362629587,resting,
3,right,2187.5774615384616,1789025612000,-0.4690099954605102,8.300997734069824,6.135416507720947,-3.009999990463257,-4.760000228881836,-0.9100000262260436,0.12109342280781465,resting,
3,right,2187.5870769230773,1789025612000,-0.4498667120933532,8.33210563659668,6.235918521881104,-3.009999990463257,-4.760000228881836,-0.9100000262260436,0.12690075520968583,resting,
3,right,2187.5966923076926,1789025612000,-0.4522596299648285,8.446965217590332,6.307705879211426,-3.009999990463257,-4.760000228881836,-0.9100000262260436,0.13400230722960413,resting,
3,right,2187.606307692308,1789025612000,-0.5049036145210266,8.509181022644043,6.2502760887146,-3.009999990463257,-4.760000228881836,-0.9100000262260436,0.141271475247529,resting,
3,right,2187.615,1789025612075,-0.5144752264022827,8.58575439453125,6.192846298217773,1.4700000286102295,-4.829999923706055,-0.2800000011920929,0.1480805796275459,resting,
3,right,2187.624615384615,1789025612075,-0.4714028835296631,8.487645149230957,6.259847640991211,1.4700000286102295,-4.829999923706055,-0.2800000011920929,0.155219508963618,resting,
3,right,2187.6342307692307,1789025612075,-0.5025107264518738,8.372785568237305,6.302919864654541,1.4700000286102295,-4.829999923706055,-0.2800000011920929,0.16172879479537536,resting,
3,right,2187.643846153846,1789025612075,-0.466617077589035,8.360820770263672,6.401029109954834,1.4700000286102295,-4.829999923706055,-0.2800000011920929,0.16869102040344378,resting,
3,right,2187.653461538461,1789025612075,-0.4642241597175598,8.48285961151123,6.350778102874756,1.4700000286102295,-4.829999923706055,-0.2800000011920929,0.1763010241383053,resting,
3,right,2187.663076923077,1789025612075,-0.4570454359054565,8.42064380645752,6.348385334014893,1.4700000286102295,-4.829999923706055,-0.2800000011920929,0.1834124413296402,resting,
3,right,2187.672692307692,1789025612075,-0.4761887192726135,8.41107177734375,6.408207893371582,1.4700000286102295,-4.829999923706055,-0.2800000011920929,0.1907998769317306,resting,
3,right,2187.6823076923074,1789025612075,-0.4642241597175598,8.444572448730469,6.484780788421631,1.4700000286102295,-4.829999923706055,-0.2800000011920929,0.19887877864674094,resting,
3,right,2187.69,1789025612151,-0.5719050168991089,8.475680351257324,6.568532943725586,-2.1700000762939453,-5.809999942779541,-0.6299999952316284,0.2059541084958651,resting,
3,right,2187.6996153846158,1789025612151,-0.5934411883354187,8.564218521118164,6.578104496002197,-2.1700000762939453,-5.809999942779541,-0.6299999952316284,0.21553916627167014,resting,
3,right,2187.709230769231,1789025612151,-0.5934411883354187,8.772400856018066,6.702535629272461,-2.1700000762939453,-5.809999942779541,-0.6299999952316284,0.22743618922182943,resting,
3,right,2187.7188461538462,1789025612151,-0.6269419193267822,8.947083473205566,6.826966762542725,-2.1700000762939453,-5.809999942779541,-0.6299999952316284,0.2414018273598785,resting,
3,right,2187.728461538461,1789025612151,-0.5599405169487,9.138516426086426,6.850895881652832,-2.1700000762939453,-5.809999942779541,-0.6299999952316284,0.2569340576559134,resting,
3,right,2187.738076923077,1789025612151,-0.5814766883850098,9.351485252380373,6.829359531402588,-2.1700000762939453,-5.809999942779541,-0.6299999952316284,0.27397462709962433,ascending,9
3,right,2187.7476923076924,1789025612151,-0.5479759573936462,9.447200775146484,6.862860202789307,-2.1700000762939453,-5.809999942779541,-0.6299999952316284,0.29192133176619245,ascending,9
3,right,2187.757307692308,1789025612151,-0.540797233581543,9.576417922973633,6.915504455566406,-2.1700000762939453,-5.809999942779541,-0.6299999952316284,0.31115348079299127,ascending,9
3,right,2187.766,1789025612227,-0.5431901216506958,9.8085298538208,6.95379114151001,12.31999969482422,-6.300000190734863,-0.5600000023841858,0.3303509937723359,ascending,9
3,right,2187.775615384616,1789025612227,-0.5862624645233154,10.083714485168455,6.989684581756592,12.31999969482422,-6.300000190734863,-0.5600000023841858,0.3539315668801767,ascending,9
3,right,2187.785230769231,1789025612227,-0.5814766883850098,10.265575408935549,7.051900386810303,12.31999969482422,-6.300000190734863,-0.5600000023841858,0.37927141128252256,ascending,9
3,right,2187.7948461538463,1789025612227,-0.6508709788322449,10.440258026123049,7.181117057800293,12.31999969482422,-6.300000190734863,-0.5600000023841858,0.40672749197415126,ascending,9
3,right,2187.804461538461,1789025612227,-0.7011220455169678,10.593403816223145,7.250511646270752,12.31999969482422,-6.300000190734863,-0.5600000023841858,0.43577839978223515,ascending,9
3,right,2187.814076923077,1789025612227,-0.7609447836875916,10.930804252624512,7.348620891571045,12.31999969482422,-6.300000190734863,-0.5600000023841858,0.46802150799721753,ascending,9
3,right,2187.8236923076925,1789025612227,-0.7418015003204346,11.251453399658203,7.492195129394531,12.31999969482422,-6.300000190734863,-0.5600000023841858,0.5035523839732127,ascending,9
3,right,2187.833307692308,1789025612227,-0.7776951193809509,11.471601486206056,7.602269172668457,12.31999969482422,-6.300000190734863,-0.5600000023841858,0.5414226252030827,ascending,9
3,right,2187.842,1789025612301,-0.7370156645774841,11.703713417053224,7.614233493804932,13.230000495910645,-6.650000095367432,-1.399999976158142,0.5773345183513959,ascending,9
3,right,2187.851615384616,1789025612301,-0.7513731122016907,12.038721084594728,7.635769844055176,13.230000495910645,-6.650000095367432,-1.399999976158142,0.6197978781949304,ascending,9
3,right,2187.861230769231,1789025612301,-0.7106937170028687,12.297154426574709,7.659698963165283,13.230000495910645,-6.650000095367432,-1.399999976158142,0.6643969611884427,ascending,9
3,right,2187.8708461538463,1789025612301,-0.6843717098236084,12.634554862976074,7.580732822418213,13.230000495910645,-6.650000095367432,-1.399999976158142,0.7111904926371821,ascending,9
3,right,2187.880461538461,1789025612301,-0.6987291574478149,12.964776039123535,7.549624919891357,13.230000495910645,-6.650000095367432,-1.399999976158142,0.7604111896553216,ascending,9
3,right,2187.890076923077,1789025612301,-0.6125844717025757,13.254318237304688,7.56158971786499,13.230000495910645,-6.650000095367432,-1.399999976158142,0.8119460186224051,ascending,9
3,right,2187.8996923076925,1789025612301,-0.6245490312576294,13.598896980285645,7.46587324142456,13.230000495910645,-6.650000095367432,-1.399999976158142,0.8656789561437633,ascending,9
3,right,2187.909307692308,1789025612301,-0.7178724408149719,13.842973709106444,7.458694458007812,13.230000495910645,-6.650000095367432,-1.399999976158142,0.9213407912117124,ascending,9
3,right,2187.919,1789025612375,-0.7011220455169678,13.972189903259276,7.492195129394531,11.270000457763672,-6.440000057220459,-0.7699999809265137,0.9786591964505195,ascending,9
3,right,2187.928615384615,1789025612375,-0.7872667908668518,13.933903694152832,7.633376598358154,11.270000457763672,-6.440000057220459,-0.7699999809265137,1.036022369824986,ascending,9
3,right,2187.938230769231,1789025612375,-0.7800880670547485,13.883652687072754,7.66448450088501,11.270000457763672,-6.440000057220459,-0.7699999809265137,1.0931537048900921,ascending,9
3,right,2187.947846153846,1789025612375,-0.8901618123054504,13.799901008605955,7.652520179748535,11.270000457763672,-6.440000057220459,-0.7699999809265137,1.1495921949336252,ascending,9
3,right,2187.9574615384613,1789025612375,-0.9164838194847108,13.72332763671875,7.597483158111572,11.270000457763672,-6.440000057220459,-0.7699999809265137,1.2051312330659787,ascending,9
3,right,2187.967076923077,1789025612375,-0.95477032661438,13.54146671295166,7.511338710784912,11.270000457763672,-6.440000057220459,-0.7699999809265137,1.2587696328683873,ascending,9
3,right,2187.976692307692,1789025612375,-0.8997334241867065,13.0365629196167,7.774558544158935,11.270000457763672,-6.440000057220459,-0.7699999809265137,1.309779647059277,ascending,9
3,right,2187.9863076923075,1789025612375,-0.8973405361175537,12.816415786743164,7.552018165588379,11.270000457763672,-6.440000057220459,-0.7699999809265137,1.357830084207002,ascending,9
3,right,2187.994,1789025612450,-0.8877689242362976,12.373727798461914,7.571161270141602,-18.96999931335449,-6.860000133514404,0.6299999952316284,1.3934969545967306,ascending,9
3,right,2188.0036153846154,1789025612450,-0.8710185289382935,11.828145027160645,7.461087226867676,-18.96999931335449,-6.860000133514404,0.6299999952316284,1.4331022033533432,ascending,9
3,right,2188.013230769231,1789025612450,-0.8279461860656738,11.32802677154541,7.635769844055176,-18.96999931335449,-6.860000133514404,0.6299999952316284,1.4696414401389297,ascending,9
3,right,2188.0228461538463,1789025612450,-0.8351249098777771,10.887731552124023,7.530481815338135,-18.96999931335449,-6.860000133514404,0.6299999952316284,1.5021025977958524,ascending,9
3,right,2188.0324615384616,1789025612450,-0.8040171265602112,10.449830055236816,7.695592403411865,-18.96999931335449,-6.860000133514404,0.6299999952316284,1.5319854119054581,ascending,9
3,right,2188.0420769230773,1789025612450,-0.7298369407653809,10.050213813781738,7.729093074798584,-18.96999931335449,-6.860000133514404,0.6299999952316284,1.5588885949743119,ascending,9
3,right,2188.0516923076925,1789025612450,-0.7729093432426453,9.712814331054688,7.884632110595703,-18.96999931335449,-6.860000133514404,0.6299999952316284,1.5840327020837917,ascending,9
3,right,2188.061307692308,1789025612450,-0.7346227765083313,9.789386749267578,7.633376598358154,-18.96999931335449,-6.860000133514404,0.6299999952316284,1.608383160303295,ascending,9
3,right,2188.07,1789025612541,-0.6963362693786621,9.38498592376709,7.729093074798584,-29.81999969482422,-5.670000076293945,0.7699999809265137,1.6280428595549667,ascending,9
3,right,2188.0796153846154,1789025612541,-0.6843717098236084,9.188767433166504,7.64773416519165,-29.81999969482422,-5.670000076293945,0.7699999809265137,1.647838530713488,ascending,9
3,right,2188.089230769231,1789025612541,-0.6293348073959351,9.14808750152588,7.702771186828613,-29.81999969482422,-5.670000076293945,0.7699999809265137,1.6676532708345926,ascending,9
3,right,2188.0988461538464,1789025612541,-0.5862624645233154,9.116979598999023,7.5998759269714355,-29.81999969482422,-5.670000076293945,0.7699999809265137,1.6866545784355,ascending,9
3,right,2188.1084615384616,1789025612541,-0.5384043455123901,9.03562068939209,7.573554039001465,-29.81999969482422,-5.670000076293945,0.7699999809265137,1.7048919091081505,ascending,9
3,right,2188.1180769230773,1789025612541,-0.5742979645729065,8.882474899291992,7.573554039001465,-29.81999969482422,-5.670000076293945,0.7699999809265137,1.721997791864156,ascending,9
3,right,2188.1276923076925,1789025612541,-0.4714028835296631,8.724542617797852,7.609447956085205,-29.81999969482422,-5.670000076293945,0.7699999809265137,1.738117353560778,ascending,9
3,right,2188.137307692308,1789025612541,-0.4379021823406219,8.451751708984375,7.642948627471924,-29.81999969482422,-5.670000076293945,0.7699999809265137,1.7524039327648406,ascending,9
3,right,2188.146,1789025612600,-0.4546525478363037,8.303391456604004,7.671663284301758,-13.230000495910645,-3.920000076293945,2.0999999046325684,1.7644877655531104,ascending,9
3,right,2188.1556153846154,1789025612600,-0.4522596299648285,8.233996391296387,7.676449298858643,-13.230000495910645,-3.920000076293945,2.0999999046325684,1.7773850167266918,ascending,9
3,right,2188.165230769231,1789025612600,-0.4283305406570434,8.05452823638916,7.652520179748535,-13.230000495910645,-3.920000076293945,2.0999999046325684,1.7888144346770667,ascending,9
3,right,2188.1748461538464,1789025612600,-0.3996156454086303,8.119136810302734,7.580732822418213,-13.230000495910645,-3.920000076293945,2.0999999046325684,1.8003033062788825,ascending,9
3,right,2188.1844615384616,1789025612600,-0.4235447347164154,8.147851943969727,7.355799674987793,-13.230000495910645,-3.920000076293945,2.0999999046325684,1.8106540772254447,ascending,9
3,right,2188.1940769230773,1789025612600,-0.4450809061527252,8.190924644470215,7.1835103034973145,-13.230000495910645,-3.920000076293945,2.0999999046325684,1.8202811892419475,ascending,9
3,right,2188.203692307693,1789025612600,-0.4307234585285187,8.186138153076172,6.989684581756592,-13.230000495910645,-3.920000076293945,2.0999999046325684,1.8286785081778503,ascending,9
3,right,2188.213307692308,1789025612600,-0.4067943692207336,8.061707496643066,6.896361351013184,-13.230000495910645,-3.920000076293945,2.0999999046325684,1.835577131893138,ascending,9
3,right,2188.222,1789025612691,-0.4259376525878906,7.997098922729492,6.714499950408936,16.729999542236328,-2.5199999809265137,2.940000057220459,1.8403695723589244,ascending,9
3,right,2188.2316153846155,1789025612691,-0.4642241597175598,7.92531156539917,6.645105838775635,16.729999542236328,-2.5199999809265137,2.940000057220459,1.8447236838351464,ascending,9
3,right,2188.241230769231,1789025612691,-0.4785816073417663,7.961205005645752,6.489566802978516,16.729999542236328,-2.5199999809265137,2.940000057220459,1.8483925405979278,ascending,9
3,right,2188.2508461538464,1789025612691,-0.4857603311538696,7.884632110595703,6.381886005401611,16.729999542236328,-2.5199999809265137,2.940000057220459,1.8508402385686922,ascending,9
3,right,2188.2604615384616,1789025612691,-0.509689450263977,7.92531156539917,6.216775417327881,16.729999542236328,-2.5199999809265137,2.940000057220459,1.852598250630445,ascending,9
3,right,2188.2700769230773,1789025612691,-0.5527617931365967,7.867881774902344,6.207203388214111,16.729999542236328,-2.5199999809265137,2.940000057220459,1.853889527497168,ascending,9
3,right,2188.2796923076926,1789025612691,-0.5455830693244934,7.520910263061523,6.183274745941162,16.729999542236328,-2.5199999809265137,2.940000057220459,1.8524415677402097,ascending,9
3,right,2188.289307692308,1789025612691,-0.5240468978881836,7.535267353057861,5.999020576477051,16.729999542236328,-2.5199999809265137,2.940000057220459,1.8499886184538497,ascending,9
3,right,2188.298,1789025612765,-0.5623334050178528,7.449122905731201,5.805194854736328,19.809999465942383,-1.5399999618530271,2.5199999809265137,1.8461539224582748,ascending,9
3,right,2188.307615384615,1789025612765,-0.5144752264022827,7.303155422210693,5.656834602355957,19.809999465942383,-1.5399999618530271,2.5199999809265137,1.8399188635940757,ascending,9
3,right,2188.3172307692307,1789025612765,-0.5312256217002869,7.138044834136963,5.515653133392334,19.809999465942383,-1.5399999618530271,2.5199999809265137,1.831612574657048,ascending,9
3,right,2188.326846153846,1789025612765,-0.5384043455123901,7.023185253143311,5.369685649871826,19.809999465942383,-1.5399999618530271,2.5199999809265137,1.8215858325765195,ascending,9
3,right,2188.336461538461,1789025612765,-0.5336185097694397,6.865253448486328,5.195003509521484,19.809999465942383,-1.5399999618530271,2.5199999809265137,1.8093410584558434,ascending,9
3,right,2188.346076923077,1789025612765,-0.5288326740264893,6.704928398132324,5.072965145111084,19.809999465942383,-1.5399999618530271,2.5199999809265137,1.7951691252308843,ascending,9
3,right,2188.355692307692,1789025612765,-0.540797233581543,6.525460243225098,4.859996318817139,19.809999465942383,-1.5399999618530271,2.5199999809265137,1.7784039478301468,ascending,9
3,right,2188.3653076923074,1789025612765,-0.4690099954605102,6.278990745544434,4.639848709106445,19.809999465942383,-1.5399999618530271,2.5199999809265137,1.7584585282203231,ascending,9
3,right,2188.374,1789025612840,-0.4474738240242004,6.192846298217773,4.534560680389404,23.940000534057617,-1.1200000047683716,2.0999999046325684,1.739284513280305,ascending,9
3,right,2188.383615384615,1789025612840,-0.4091872870922088,6.073200702667236,4.3957719802856445,23.940000534057617,-1.1200000047683716,2.0999999046325684,1.7163553180050508,ascending,9
3,right,2188.3932307692307,1789025612840,-0.4020085632801056,5.97269868850708,4.230661392211914,23.940000534057617,-1.1200000047683716,2.0999999046325684,1.6917240876492359,ascending,9
3,right,2188.402846153846,1789025612840,-0.3445787727832794,5.838695526123047,4.146909713745117,23.940000534057617,-1.1200000047683716,2.0999999046325684,1.6655681271347098,ascending,9
3,right,2188.412461538461,1789025612840,-0.4091872870922088,5.836302757263184,4.10623025894165,23.940000534057617,-1.1200000047683716,2.0999999046325684,1.6392100024751515,ascending,9
3,right,2188.422076923077,1789025612840,-0.4235447347164154,5.783658981323242,3.98419189453125,23.940000534057617,-1.1200000047683716,2.0999999046325684,1.6117857594791787,ascending,9
3,right,2188.431692307692,1789025612840,-0.4379021823406219,5.738193511962891,3.933940887451172,23.940000534057617,-1.1200000047683716,2.0999999046325684,1.583750607667594,ascending,9
3,right,2188.4413076923074,1789025612840,-0.4498667120933532,5.613762378692627,3.929155111312866,23.940000534057617,-1.1200000047683716,2.0999999046325684,1.5547267771736146,ascending,9
3,right,2188.45,1789025612915,-0.4307234585285187,5.537189483642578,3.8693323135375977,24.989999771118164,-0.8400000333786011,1.3300000429153442,1.5276484020942593,ascending,9
3,right,2188.459615384615,1789025612915,-0.4594383537769317,5.5611186027526855,3.840617418289185,24.989999771118164,-0.8400000333786011,1.3300000429153442,1.4977545981842444,ascending,9
3,right,2188.4692307692308,1789025612915,-0.4259376525878906,5.740586280822754,3.787973403930664,24.989999771118164,-0.8400000333786011,1.3300000429153442,1.4690068153440274,ascending,9
3,right,2188.478846153846,1789025612915,-0.4163660109043121,5.778872966766357,3.6204700469970703,24.989999771118164,-0.8400000333786011,1.3300000429153442,1.439690125577596,ascending,9
3,right,2188.4884615384613,1789025612915,-0.382865309715271,5.800409317016602,3.596540927886963,24.989999771118164,-0.8400000333786011,1.3300000429153442,1.41042660385918,ascending,9
3,right,2188.498076923077,1789025612915,-0.4020085632801056,5.769301414489746,3.5391111373901367,24.989999771118164,-0.8400000333786011,1.3300000429153442,1.380642120738139,ascending,9
3,right,2188.507692307692,1789025612915,-0.3924369215965271,5.853053092956543,3.457752227783203,24.989999771118164,-0.8400000333786011,1.3300000429153442,1.3511322767738565,ascending,9
3,right,2188.5173076923074,1789025612915,-0.4283305406570434,5.884160995483398,3.369214534759521,24.989999771118164,-0.8400000333786011,1.3300000429153442,1.3214608259130685,ascending,9
3,right,2188.526,1789025612991,-0.44268798828125,5.932019233703613,3.309391975402832,27.790000915527344,-0.699999988079071,1.1200000047683716,1.2947464186037274,ascending,9
3,right,2188.535615384615,1789025612991,-0.4211518168449402,5.922447681427002,3.3548572063446045,27.790000915527344,-0.699999988079071,1.1200000047683716,1.2653682098350196,ascending,9
3,right,2188.545230769231,1789025612991,-0.466617077589035,5.874589443206787,3.2974274158477783,27.790000915527344,-0.699999988079071,1.1200000047683716,1.2353573545237126,ascending,9
3,right,2188.554846153846,1789025612991,-0.4546525478363037,6.073200702667236,3.0054924488067627,27.790000915527344,-0.699999988079071,1.1200000047683716,1.2055492154789196,ascending,9
3,right,2188.5644615384613,1789025612991,-0.4211518168449402,6.044486045837402,2.9265265464782715,27.790000915527344,-0.699999988079071,1.1200000047683716,1.1751383570370926,ascending,9
3,right,2188.574076923077,1789025612991,-0.4067943692207336,6.156952381134033,2.8284173011779785,27.790000915527344,-0.699999988079071,1.1200000047683716,1.1452109286284704,ascending,9
3,right,2188.583692307692,1789025612991,-0.4044014811515808,6.018163681030273,2.895418882369995,27.790000915527344,-0.699999988079071,1.1200000047683716,1.114501620884642,ascending,9
3,right,2188.5933076923075,1789025612991,-0.4091872870922088,6.077986717224121,2.732701063156128,27.790000915527344,-0.699999988079071,1.1200000047683716,1.0835476100861081,ascending,9
3,right,2188.601,1789025613066,-0.3900440335273742,6.070807933807373,2.7446656227111816,15.119999885559082,-1.190000057220459,0.5600000023841858,1.0587951051701279,ascending,9
3,right,2188.610615384616,1789025613066,-0.3852581977844238,5.97269868850708,2.677664041519165,15.119999885559082,-1.190000057220459,0.5600000023841858,1.026745706094163,ascending,9
3,right,2188.620230769231,1789025613066,-0.339792937040329,5.860231876373291,2.7015931606292725,15.119999885559082,-1.190000057220459,0.5600000023841858,0.993880919626074,ascending,9
3,right,2188.6298461538463,1789025613066,-0.3445787727832794,5.735800743103027,2.6656997203826904,15.119999885559082,-1.190000057220459,0.5600000023841858,0.9598379926186665,ascending,9
3,right,2188.639461538461,1789025613066,-0.3589362204074859,5.719050407409668,2.641770601272583,15.119999885559082,-1.190000057220459,0.5600000023841858,0.9255773611911112,ascending,9
3,right,2188.649076923077,1789025613066,-0.3517574965953827,5.699907302856445,2.5053746700286865,15.119999885559082,-1.190000057220459,0.5600000023841858,0.8905424693123416,ascending,9
3,right,2188.6586923076925,1789025613066,-0.3158638775348663,5.611369609832764,2.529303789138794,15.119999885559082,-1.190000057220459,0.5600000023841858,0.8548906000288371,ascending,9
3,right,2188.668307692308,1789025613066,-0.3302213251590729,5.510867118835449,2.481445789337158,15.119999885559082,-1.190000057220459,0.5600000023841858,0.8182081111737236,ascending,9
3,right,2188.677,1789025613141,-0.3493645787239074,5.424722671508789,2.416837215423584,3.009999990463257,-1.8200000524520876,0.3499999940395355,0.7841458807200983,ascending,9
3,right,2188.6866153846154,1789025613141,-0.3445787727832794,5.388829231262207,2.3211207389831543,3.009999990463257,-1.8200000524520876,0.3499999940395355,0.7457393004159423,ascending,9
3,right,2188.696230769231,1789025613141,-0.3278284072875976,5.307470321655273,2.402479648590088,3.009999990463257,-1.8200000524520876,0.3499999940395355,0.7070385413299122,ascending,9
3,right,2188.7058461538463,1789025613141,-0.3589362204074859,5.223718166351318,2.4216229915618896,3.009999990463257,-1.8200000524520876,0.3499999940395355,0.6677565452425699,ascending,9
3,right,2188.7154615384616,1789025613141,-0.3230426013469696,5.185431957244873,2.5316967964172363,3.009999990463257,-1.8200000524520876,0.3499999940395355,0.6286654335044738,ascending,9
3,right,2188.7250769230773,1789025613141,-0.3302213251590729,5.276362419128418,2.593912363052368,3.009999990463257,-1.8200000524520876,0.3499999940395355,0.5906501710349292,ascending,9
3,right,2188.7346923076925,1789025613141,-0.3613291084766388,5.393614768981934,2.6585209369659424,3.009999990463257,-1.8200000524520876,0.3499999940395355,0.553953486130357,ascending,9
3,right,2188.744307692308,1789025613141,-0.3756865561008453,5.66879940032959,2.627413034439087,3.009999990463257,-1.8200000524520876,0.3499999940395355,0.5194560652492225,ascending,9
3,right,2188.754,1789025613216,-0.3158638775348663,5.812373638153076,2.711164951324463,5.320000171661377,-1.2599999904632568,-0.2100000083446502,0.48628403447078444,ascending,9
3,right,2188.763615384615,1789025613216,-0.3254354894161224,5.963127136230469,2.720736503601074,5.320000171661377,-1.2599999904632568,-0.2100000083446502,0.45471357162448667,ascending,9
3,right,2188.773230769231,1789025613216,-0.3469716608524322,6.164131164550781,2.67287826538086,5.320000171661377,-1.2599999904632568,-0.2100000083446502,0.42464750785327543,ascending,9
3,right,2188.782846153846,1789025613216,-0.3254354894161224,6.405815124511719,2.550840139389038,5.320000171661377,-1.2599999904632568,-0.2100000083446502,0.3960832613062783,ascending,9
3,right,2188.7924615384613,1789025613216,-0.3900440335273742,6.599640369415283,2.601091146469116,5.320000171661377,-1.2599999904632568,-0.2100000083446502,0.36944671771562865,ascending,9
3,right,2188.802076923077,1789025613216,-0.4235447347164154,6.884396553039551,2.3976938724517822,5.320000171661377,-1.2599999904632568,-0.2100000083446502,0.34434655770621003,ascending,9
3,right,2188.8116923076923,1789025613216,-0.4115802049636841,6.810216426849365,2.715950727462769,5.320000171661377,-1.2599999904632568,-0.2100000083446502,0.32008409777693475,ascending,9
3,right,2188.8213076923075,1789025613216,-0.4331163763999939,6.893968105316162,2.548447132110596,5.320000171661377,-1.2599999904632568,-0.2100000083446502,0.2958199364386232,ascending,9
3,right,2188.83,1789025613290,-0.509689450263977,6.949005126953125,2.759022951126098,2.5899999141693115,-1.8200000524520876,-0.4200000166893005,0.27521405332154686,ascending,9
3,right,2188.839615384615,1789025613290,-0.5838695764541626,6.977719783782959,2.782952070236206,2.5899999141693115,-1.8200000524520876,-0.4200000166893005,0.25282964109326783,ascending,9
3,right,2188.849230769231,1789025613290,-0.6436922550201416,6.941826343536377,3.053350687026977,2.5899999141693115,-1.8200000524520876,-0.4200000166893005,0.23139343758965872,ascending,9
3,right,2188.858846153846,1789025613290,-0.6532639265060425,6.970541477203369,3.0892443656921387,2.5899999141693115,-1.8200000524520876,-0.4200000166893005,0.21038571345067475,ascending,9
3,right,2188.8684615384614,1789025613290,-0.7035149931907654,6.9801130294799805,3.3141777515411377,2.5899999141693115,-1.8200000524520876,-0.4200000166893005,0.19049639722167078,ascending,9
3,right,2188.878076923077,1789025613290,-0.6771929860115051,6.937040328979492,3.3476784229278564,2.5899999141693115,-1.8200000524520876,-0.4200000166893005,0.17039135704934583,ascending,9
3,right,2188.8876923076923,1789025613290,-0.679585874080658,6.810216426849365,3.589362144470215,2.5899999141693115,-1.8200000524520876,-0.4200000166893005,0.1502839831667205,ascending,9
3,right,2188.8973076923075,1789025613290,-0.6269419193267822,6.563746929168701,3.6276485919952393,2.5899999141693115,-1.8200000524520876,-0.4200000166893005,0.12823004936538673,ascending,9
3,right,2188.905,1789025613366,-0.5742979645729065,6.267026424407959,3.890868663787842,-26.880001068115234,-3.150000095367432,-1.6100000143051147,0.10949714160528415,ascending,9
3,right,2188.9146153846154,1789025613366,-0.4881532490253448,6.140202045440674,3.998549461364746,-26.880001068115234,-3.150000095367432,-1.6100000143051147,0.08548680166871388,ascending,9
3,right,2188.924230769231,1789025613366,-0.4570454359054565,5.867410659790039,4.503453254699707,-26.880001068115234,-3.150000095367432,-1.6100000143051147,0.06149939290268267,ascending,9
3,right,2188.9338461538464,1789025613366,-0.3469716608524322,5.809980869293213,4.582418918609619,-26.880001068115234,-3.150000095367432,-1.6100000143051147,0.03741206738760949,ascending,9
3,right,2188.9434615384616,1789025613366,-0.2895418703556061,5.520439147949219,5.020321369171143,-26.880001068115234,-3.150000095367432,-1.6100000143051147,0.012980795424687643,resting,
3,right,2188.9530769230773,1789025613366,-0.284756064414978,5.506081581115723,4.733172416687012,-26.880001068115234,-3.150000095367432,-1.6100000143051147,-0.012813538290328783,resting,
3,right,2188.9626923076926,1789025613366,-0.208183005452156,5.302684307098389,5.001177787780762,-26.880001068115234,-3.150000095367432,-1.6100000143051147,-0.03897808631068303,resting,
3,right,2188.972307692308,1789025613366,-0.2440766245126724,5.594619274139404,4.666170597076416,-26.880001068115234,-3.150000095367432,-1.6100000143051147,-0.06419497144058725,resting,
3,right,2188.981,1789025613443,-0.2703986167907715,5.783658981323242,4.649420261383057,-16.3799991607666,-4.199999809265137,-2.380000114440918,-0.08558389252090771,resting,
3,right,2188.9906153846155,1789025613443,-0.2680056989192962,6.355564117431641,4.381414890289307,-16.3799991607666,-4.199999809265137,-2.380000114440918,-0.10576204564499948,resting,
3,right,2189.000230769231,1789025613443,-0.3326142132282257,6.803037643432617,3.998549461364746,-16.3799991607666,-4.199999809265137,-2.380000114440918,-0.12405706208949564,resting,
3,right,2189.0098461538464,1789025613443,-0.3613291084766388,6.915504455566406,3.9315478801727295,-16.3799991607666,-4.199999809265137,-2.380000114440918,-0.14172934258354206,descending,
3,right,2189.0194615384617,1789025613443,-0.4450809061527252,6.767144203186035,4.175624847412109,-16.3799991607666,-4.199999809265137,-2.380000114440918,-0.1593760205016608,descending,
3,right,2189.0290769230774,1789025613443,-0.5360113978385925,6.893968105316162,4.053586483001709,-16.3799991607666,-4.199999809265137,-2.380000114440918,-0.1765272067629123,descending,
3,right,2189.0386923076926,1789025613443,-0.5623334050178528,6.903539657592773,4.316806316375732,-16.3799991607666,-4.199999809265137,-2.380000114440918,-0.19226919947563495,descending,
3,right,2189.048307692308,1789025613443,-0.5647262930870056,7.212224960327148,4.146909713745117,-16.3799991607666,-4.199999809265137,-2.380000114440918,-0.20631900122284783,descending,
3,right,2189.057,1789025613537,-0.6317277550697327,7.238546848297119,4.467559337615967,-0.6299999952316284,-3.849999904632568,-2.240000009536743,-0.21733761454870792,descending,
3,right,2189.066615384615,1789025613537,-0.6700142621994019,7.429979801177978,4.206732273101807,-0.6299999952316284,-3.849999904632568,-2.240000009536743,-0.2292309929321027,descending,
3,right,2189.0762307692307,1789025613537,-0.6173703074455261,7.370156764984131,4.386200428009033,-0.6299999952316284,-3.849999904632568,-2.240000009536743,-0.2407401839945796,descending,
3,right,2189.085846153846,1789025613537,-0.5814766883850098,7.616626262664795,4.163660049438477,-0.6299999952316284,-3.849999904632568,-2.240000009536743,-0.2513466217748753,descending,
3,right,2189.095461538461,1789025613537,-0.5431901216506958,7.879846572875977,4.312020301818848,-0.6299999952316284,-3.849999904632568,-2.240000009536743,-0.2590671406804739,descending,
3,right,2189.105076923077,1789025613537,-0.4953319728374481,8.083243370056152,4.055979251861572,-0.6299999952316284,-3.849999904632568,-2.240000009536743,-0.26640161280515057,descending,
3,right,2189.114692307692,1789025613537,-0.4570454359054565,8.078457832336426,4.233054637908936,-0.6299999952316284,-3.849999904632568,-2.240000009536743,-0.2729101395480413,descending,
3,right,2189.1243076923074,1789025613537,-0.4331163763999939,8.04734992980957,4.103837490081787,-0.6299999952316284,-3.849999904632568,-2.240000009536743,-0.280314977383719,descending,
3,right,2189.133,1789025613591,-0.4067943692207336,7.949240684509277,4.422094345092773,-10.779999732971191,-4.900000095367432,-2.7300000190734863,-0.2863321691453832,descending,
3,right,2189.142615384615,1789025613591,-0.3804723918437958,8.011456489562988,4.355092525482178,-10.779999732971191,-4.900000095367432,-2.7300000190734863,-0.2928189172473184,descending,
3,right,2189.1522307692308,1789025613591,-0.4307234585285187,7.86548900604248,4.551311016082764,-10.779999732971191,-4.900000095367432,-2.7300000190734863,-0.29950778602780986,descending,
3,right,2189.161846153846,1789025613591,-0.4785816073417663,7.8032732009887695,4.455595016479492,-10.779999732971191,-4.900000095367432,-2.7300000190734863,-0.3071529277160451,descending,
3,right,2189.171461538461,1789025613591,-0.4809745252132416,7.623805046081543,4.721207618713379,-10.779999732971191,-4.900000095367432,-2.7300000190734863,-0.3149528441442706,descending,
3,right,2189.181076923077,1789025613591,-0.5384043455123901,7.528089046478271,4.737957954406738,-10.779999732971191,-4.900000095367432,-2.7300000190734863,-0.32341616168544796,descending,
3,right,2189.190692307692,1789025613591,-0.5671192407608032,7.394085884094238,4.929390907287598,-10.779999732971191,-4.900000095367432,-2.7300000190734863,-0.3319899813504187,descending,
3,right,2189.2003076923074,1789025613591,-0.5862624645233154,7.585518836975098,4.840853214263916,-10.779999732971191,-4.900000095367432,-2.7300000190734863,-0.3394244334774554,descending,
3,right,2189.209,1789025613667,-0.6436922550201416,7.66448450088501,4.797780513763428,-22.46999931335449,-5.25,-3.009999990463257,-0.3457255309619346,descending,
3,right,2189.218615384615,1789025613667,-0.6819788217544556,7.504159927368164,4.996392250061035,-22.46999931335449,-5.25,-3.009999990463257,-0.3529530493291477,descending,
3,right,2189.228230769231,1789025613667,-0.7059078812599182,7.513731479644775,5.149538040161133,-22.46999931335449,-5.25,-3.009999990463257,-0.35928422380231456,descending,
3,right,2189.237846153846,1789025613667,-0.746587336063385,7.611840724945068,5.238075733184815,-22.46999931335449,-5.25,-3.009999990463257,-0.3643226545030023,descending,
3,right,2189.2474615384613,1789025613667,-0.7537660598754883,7.748236179351807,5.214146614074707,-22.46999931335449,-5.25,-3.009999990463257,-0.3683711253127719,descending,
3,right,2189.257076923077,1789025613667,-0.6891575455665588,7.90856122970581,5.252433300018311,-22.46999931335449,-5.25,-3.009999990463257,-0.37096433002381113,descending,
3,right,2189.266692307692,1789025613667,-0.7035149931907654,8.05452823638916,5.276362419128418,-22.46999931335449,-5.25,-3.009999990463257,-0.37225307265130037,descending,
3,right,2189.2763076923075,1789025613667,-0.6843717098236084,8.023421287536621,5.424722671508789,-22.46999931335449,-5.25,-3.009999990463257,-0.37301073506439936,descending,
3,right,2189.285,1789025613756,-0.7011220455169678,8.066493034362793,5.403186321258545,-14.489999771118164,-5.179999828338623,-2.870000123977661,-0.3734798208467839,descending,
3,right,2189.294615384615,1789025613756,-0.7298369407653809,8.099993705749512,5.534796237945557,-14.489999771118164,-5.179999828338623,-2.870000123977661,-0.37300549081615186,descending,
3,right,2189.304230769231,1789025613756,-0.7346227765083313,8.104779243469238,5.599404811859131,-14.489999771118164,-5.179999828338623,-2.870000123977661,-0.3721394746109918,descending,
3,right,2189.313846153846,1789025613756,-0.7633376717567444,8.119136810302734,5.7932305335998535,-14.489999771118164,-5.179999828338623,-2.870000123977661,-0.37008357449327867,descending,
3,right,2189.3234615384613,1789025613756,-0.7322298884391785,8.102386474609375,5.809980869293213,-14.489999771118164,-5.179999828338623,-2.870000123977661,-0.3680845152691943,descending,
3,right,2189.333076923077,1789025613756,-0.7035149931907654,8.190924644470215,6.027735710144043,-14.489999771118164,-5.179999828338623,-2.870000123977661,-0.3642060965786117,descending,
3,right,2189.342692307692,1789025613756,-0.6580497026443481,8.312962532043457,6.020556926727295,-14.489999771118164,-5.179999828338623,-2.870000123977661,-0.3594378409530654,descending,
3,right,2189.3523076923075,1789025613756,-0.5910483002662659,8.277069091796875,6.092343807220459,-14.489999771118164,-5.179999828338623,-2.870000123977661,-0.3545919265347348,descending,
3,right,2189.361,1789025613831,-0.5360113978385925,8.339284896850586,6.008592128753662,-6.019999980926514,-4.480000019073486,-2.450000047683716,-0.3502266107818893,descending,
3,right,2189.370615384615,1789025613831,-0.5072965025901794,8.370392799377441,6.039700031280518,-6.019999980926514,-4.480000019073486,-2.450000047683716,-0.34499859544269984,descending,
3,right,2189.380230769231,1789025613831,-0.4594383537769317,8.509181022644043,5.965519905090332,-6.019999980926514,-4.480000019073486,-2.450000047683716,-0.33913447987253986,descending,
3,right,2189.389846153846,1789025613831,-0.4714028835296631,8.56900405883789,6.049271583557129,-6.019999980926514,-4.480000019073486,-2.450000047683716,0,resting,
3,right,2189.3994615384613,1789025613831,-0.5049036145210266,8.631219863891602,5.881768226623535,-6.019999980926514,-4.480000019073486,-2.450000047683716,0.00621047241075036,resting,
3,right,2189.409076923077,1789025613831,-0.5623334050178528,8.525931358337402,6.003806591033936,-6.019999980926514,-4.480000019073486,-2.450000047683716,0.012315749359151097,resting,
3,right,2189.4186923076923,1789025613831,-0.6054057478904724,8.659934043884277,6.030128479003906,-6.019999980926514,-4.480000019073486,-2.450000047683716,0.019634631572348054,resting,
3,right,2189.4283076923075,1789025613831,-0.6604426503181458,8.691041946411133,6.1234517097473145,-6.019999980926514,-4.480000019073486,-2.450000047683716,0.027746356543374876,resting,
3,right,2189.436,1789025613908,-0.727444052696228,8.743685722351074,6.104308605194092,-1.680000066757202,-3.920000076293945,-1.8200000524520876,0.03450769429847151,resting,
3,right,2189.4456153846154,1789025613908,-0.7848738431930542,8.808294296264648,6.219168186187744,-1.680000066757202,-3.920000076293945,-1.8200000524520876,0.04413612251983771,resting,
3,right,2189.455230769231,1789025613908,-0.7394086122512817,8.935118675231934,6.216775417327881,-1.680000066757202,-3.920000076293945,-1.8200000524520876,0.054710839290178837,resting,
3,right,2189.4648461538463,1789025613908,-0.7609447836875916,9.03562068939209,6.245490074157715,-1.680000066757202,-3.920000076293945,-1.8200000524520876,0.06623997069781332,resting,
3,right,2189.4744615384616,1789025613908,-0.6915504336357117,9.06194305419922,6.195239067077637,-1.680000066757202,-3.920000076293945,-1.8200000524520876,0.07765017144511055,resting,
3,right,2189.4840769230773,1789025613908,-0.5982270240783691,9.112194061279297,6.23352575302124,-1.680000066757202,-3.920000076293945,-1.8200000524520876,0.08960725312214461,resting,
3,right,2189.4936923076925,1789025613908,-0.5575475692749023,9.195945739746094,6.176095962524414,-1.680000066757202,-3.920000076293945,-1.8200000524520876,0.10187505108245802,ascending,10
3,right,2189.503307692308,1789025613908,-0.5719050168991089,9.174409866333008,6.176095962524414,-1.680000066757202,-3.920000076293945,-1.8200000524520876,0.11398000397849929,ascending,10
3,right,2189.512,1789025613980,-0.5838695764541626,9.128944396972656,6.156952381134033,6.159999847412109,-3.7100000381469727,-0.4900000095367431,0.12451118453908094,ascending,10
3,right,2189.5216153846154,1789025613980,-0.5910483002662659,8.93990421295166,6.183274745941162,6.159999847412109,-3.7100000381469727,-0.4900000095367431,0.13482228337561006,ascending,10
3,right,2189.531230769231,1789025613980,-0.6293348073959351,8.853759765625,6.156952381134033,6.159999847412109,-3.7100000381469727,-0.4900000095367431,0.14432798823917029,ascending,10
3,right,2189.5408461538464,1789025613980,-0.6604426503181458,8.868117332458496,6.171309947967529,6.159999847412109,-3.7100000381469727,-0.4900000095367431,0.15403850734811417,ascending,10
3,right,2189.5504615384616,1789025613980,-0.7178724408149719,8.860939025878906,6.11148738861084,6.159999847412109,-3.7100000381469727,-0.4900000095367431,0.16339466939435687,ascending,10
3,right,2189.5600769230773,1789025613980,-0.746587336063385,8.841794967651367,6.142595291137695,6.159999847412109,-3.7100000381469727,-0.4900000095367431,0.17278292714512483,ascending,10
3,right,2189.5696923076925,1789025613980,-0.746587336063385,8.899225234985352,6.077986717224121,6.159999847412109,-3.7100000381469727,-0.4900000095367431,0.18226924043659257,ascending,10
3,right,2189.579307692308,1789025613980,-0.8183745741844177,8.951869010925293,6.020556926727295,6.159999847412109,-3.7100000381469727,-0.4900000095367431,0.19190191250954775,ascending,10
3,right,2189.589,1789025614084,-0.8781972527503967,8.980584144592285,5.872196674346924,10.289999961853027,-3.3600001335144043,0.2800000011920929,0.20107031766849529,ascending,10
3,right,2189.598615384615,1789025614084,-0.93323415517807,9.059550285339355,5.912876129150391,10.289999961853027,-3.3600001335144043,0.2800000011920929,0.2110486977857453,ascending,10
3,right,2189.608230769231,1789025614084,-0.9308412671089172,9.160052299499512,5.829123973846436,10.289999961853027,-3.3600001335144043,0.2800000011920929,0.22137856069643116,ascending,10
3,right,2189.617846153846,1789025614084,-0.9667348861694336,9.181588172912598,5.781265735626221,10.289999961853027,-3.3600001335144043,0.2800000011920929,0.23165199654378157,ascending,10
3,right,2189.6274615384614,1789025614084,-1.0002355575561523,9.282090187072754,5.726229190826416,10.289999961853027,-3.3600001335144043,0.2800000011920929,0.24246276411817577,ascending,10
3,right,2189.637076923077,1789025614084,-0.9930568337440492,9.28926944732666,5.690335273742676,10.289999961853027,-3.3600001335144043,0.2800000011920929,0.2531428692670365,ascending,10
3,right,2189.6466923076923,1789025614084,-0.9858781099319458,9.29644775390625,5.7238359451293945,10.289999961853027,-3.3600001335144043,0.2800000011920929,0.2640577709623566,ascending,10
3,right,2189.656307692308,1789025614084,-0.9930568337440492,9.38259220123291,5.702300071716309,10.289999961853027,-3.3600001335144043,0.2800000011920929,0.27556139149450815,ascending,10
3,right,2189.665,1789025614131,-0.98109233379364,9.39934253692627,5.6951212882995605,9.9399995803833,-3.289999961853028,1.190000057220459,0.286045138837309,ascending,10
3,right,2189.674615384615,1789025614131,-0.9858781099319458,9.514202117919922,5.781265735626221,9.9399995803833,-3.289999961853028,1.190000057220459,0.2990221358293793,ascending,10
3,right,2189.684230769231,1789025614131,-0.9428057670593262,9.552489280700684,5.905697345733643,9.9399995803833,-3.289999961853028,1.190000057220459,0.31292319646637656,ascending,10
3,right,2189.693846153846,1789025614131,-0.9691277742385864,9.693670272827148,5.917661666870117,9.9399995803833,-3.289999961853028,1.190000057220459,0.3280446346814457,ascending,10
3,right,2189.7034615384614,1789025614131,-0.9021263718605042,9.71520709991455,6.008592128753662,9.9399995803833,-3.289999961853028,1.190000057220459,0.3437578193913513,ascending,10
3,right,2189.713076923077,1789025614131,-0.9116979837417604,9.79417324066162,5.982270240783691,9.9399995803833,-3.289999961853028,1.190000057220459,0.3599802896459907,ascending,10
3,right,2189.7226923076923,1789025614131,-0.9667348861694336,9.851602554321287,6.085165500640869,9.9399995803833,-3.289999961853028,1.190000057220459,0.37722551196320203,ascending,10
3,right,2189.732307692308,1789025614131,-0.9356270432472228,9.916211128234863,6.1019158363342285,9.9399995803833,-3.289999961853028,1.190000057220459,0.3950531210515024,ascending,10
3,right,2189.74,1789025614206,-0.9930568337440492,9.952104568481444,6.042092800140381,6.650000095367432,-3.7799999713897705,1.9600000381469729,0.4093366724438838,ascending,10
3,right,2189.749615384615,1789025614206,-1.0169858932495115,10.16507339477539,6.099522590637207,6.650000095367432,-3.7799999713897705,1.9600000381469729,0.4292293540499601,ascending,10
3,right,2189.7592307692307,1789025614206,-1.079201579093933,10.315826416015623,6.176095962524414,6.650000095367432,-3.7799999713897705,1.9600000381469729,0.45077608102282535,ascending,10
3,right,2189.768846153846,1789025614206,-1.0361292362213137,10.392399787902832,6.183274745941162,6.650000095367432,-3.7799999713897705,1.9600000381469729,0.47294655736284036,ascending,10
3,right,2189.778461538461,1789025614206,-1.0863802433013916,10.60776138305664,6.144988059997559,6.650000095367432,-3.7799999713897705,1.9600000381469729,0.4967223451046518,ascending,10
3,right,2189.788076923077,1789025614206,-1.098344802856445,10.81594467163086,6.300527095794678,6.650000095367432,-3.7799999713897705,1.9600000381469729,0.5229783382452229,ascending,10
3,right,2189.797692307692,1789025614206,-1.1581674814224243,11.115057945251465,6.499138355255127,6.650000095367432,-3.7799999713897705,1.9600000381469729,0.5527033107211811,ascending,10
3,right,2189.8073076923074,1789025614206,-1.170132040977478,11.28256130218506,6.544603824615479,6.650000095367432,-3.7799999713897705,1.9600000381469729,0.5840243492792276,ascending,10
3,right,2189.816,1789025614281,-1.1222739219665527,11.507494926452637,6.6714277267456055,4.130000114440918,-3.7100000381469727,2.5199999809265137,0.6145317319710306,ascending,10
3,right,2189.825615384615,1789025614281,-1.1198810338974,11.727643013000488,6.831752777099609,4.130000114440918,-3.7100000381469727,2.5199999809265137,0.6508603495482338,ascending,10
3,right,2189.8352307692307,1789025614281,-1.170132040977478,12.218188285827637,6.494352340698242,4.130000114440918,-3.7100000381469727,2.5199999809265137,0.6895930028589041,ascending,10
3,right,2189.844846153846,1789025614281,-1.115095138549805,12.636947631835938,6.659463405609131,4.130000114440918,-3.7100000381469727,2.5199999809265137,0.732530986489431,ascending,10
3,right,2189.854461538461,1789025614281,-1.1222739219665527,13.010241508483888,6.561354160308838,4.130000114440918,-3.7100000381469727,2.5199999809265137,0.778054720330513,ascending,10
3,right,2189.864076923077,1789025614281,-1.0839873552322388,13.294997215270996,6.709714412689209,4.130000114440918,-3.7100000381469727,2.5199999809265137,0.8266096702610007,ascending,10
3,right,2189.873692307692,1789025614281,-1.0863802433013916,13.486430168151855,6.520674705505371,4.130000114440918,-3.7100000381469727,2.5199999809265137,0.8758058257337068,ascending,10
3,right,2189.8833076923074,1789025614281,-1.074415683746338,13.46489429473877,6.666641712188721,4.130000114440918,-3.7100000381469727,2.5199999809265137,0.925512112348939,ascending,10
3,right,2189.892,1789025614356,-1.0289504528045654,13.498394966125488,6.578104496002197,8.609999656677246,-3.430000066757202,4.059999942779541,0.9702726582096439,ascending,10
3,right,2189.901615384615,1789025614356,-1.0696299076080322,13.555824279785156,6.688178062438965,8.609999656677246,-3.430000066757202,4.059999942779541,1.020814726124802,ascending,10
3,right,2189.9112307692308,1789025614356,-1.0409150123596191,13.426607131958008,6.728857517242432,8.609999656677246,-3.430000066757202,4.059999942779541,1.07045601701932,ascending,10
3,right,2189.920846153846,1789025614356,-1.0672370195388794,13.220817565917969,6.905932903289795,8.609999656677246,-3.430000066757202,4.059999942779541,1.119253980501568,ascending,10
3,right,2189.9304615384613,1789025614356,-1.0672370195388794,12.998276710510254,6.882003784179688,8.609999656677246,-3.430000066757202,4.059999942779541,1.166076793044442,ascending,10
3,right,2189.940076923077,1789025614356,-1.1055235862731934,12.718306541442873,6.937040328979492,8.609999656677246,-3.430000066757202,4.059999942779541,1.2108491677984743,ascending,10
3,right,2189.949692307692,1789025614356,-1.0887731313705444,12.433550834655762,6.898754119873047,8.609999656677246,-3.430000066757202,4.059999942779541,1.2530445314328305,ascending,10
3,right,2189.9593076923074,1789025614356,-1.0337363481521606,12.194259643554688,6.903539657592773,8.609999656677246,-3.430000066757202,4.059999942779541,1.2932215912990088,ascending,10
3,right,2189.968,1789025614430,-1.0696299076080322,11.864038467407228,6.903539657592773,-22.26000022888184,-4.269999980926514,3.920000076293945,1.3270634774314043,ascending,10
3,right,2189.977615384615,1789025614430,-1.0552724599838257,11.567317962646484,6.73603630065918,-22.26000022888184,-4.269999980926514,3.920000076293945,1.3612023127290354,ascending,10
3,right,2189.987230769231,1789025614430,-0.9739136099815368,10.935589790344238,7.159581184387207,-22.26000022888184,-4.269999980926514,3.920000076293945,1.3921193930463738,ascending,10
3,right,2189.996846153846,1789025614430,-0.923662543296814,10.734585762023926,7.042328357696533,-22.26000022888184,-4.269999980926514,3.920000076293945,1.420779819606113,ascending,10
3,right,2190.0064615384613,1789025614430,-0.8781972527503967,10.394792556762695,7.17872428894043,-22.26000022888184,-4.269999980926514,3.920000076293945,1.4473085262061327,ascending,10
3,right,2190.016076923077,1789025614430,-0.8853759765625,10.215324401855469,7.075829029083252,-22.26000022888184,-4.269999980926514,3.920000076293945,1.4718810138979204,ascending,10
3,right,2190.025692307692,1789025614430,-0.8494823575019836,9.8085298538208,7.410836219787598,-22.26000022888184,-4.269999980926514,3.920000076293945,1.4948197788874618,ascending,10
3,right,2190.0353076923075,1789025614430,-0.7824809551239014,9.691277503967283,7.2050461769104,-22.26000022888184,-4.269999980926514,3.920000076293945,1.515766724447644,ascending,10
3,right,2190.044,1789025614520,-0.7178724408149719,9.597954750061035,7.3246917724609375,-25.82999992370605,-3.430000066757202,3.289999961853028,1.5345752676272366,ascending,10
3,right,2190.053615384615,1789025614520,-0.6867645978927612,9.552489280700684,7.042328357696533,-25.82999992370605,-3.430000066757202,3.289999961853028,1.553585224150592,ascending,10
3,right,2190.063230769231,1789025614520,-0.5503688454627991,9.215088844299316,7.236154079437256,-25.82999992370605,-3.430000066757202,3.289999961853028,1.5708495907088553,ascending,10
3,right,2190.072846153846,1789025614520,-0.5360113978385925,9.083478927612305,6.920289993286133,-25.82999992370605,-3.430000066757202,3.289999961853028,1.5854380673481439,ascending,10
3,right,2190.0824615384613,1789025614520,-0.3589362204074859,8.815473556518555,7.099758148193359,-25.82999992370605,-3.430000066757202,3.289999961853028,1.5987843489282025,ascending,10
3,right,2190.092076923077,1789025614520,-0.2703986167907715,8.636005401611328,6.891575336456299,-25.82999992370605,-3.430000066757202,3.289999961853028,1.6095947655218001,ascending,10
3,right,2190.101692307692,1789025614520,-0.1411815732717514,8.375178337097168,6.862860202789307,-25.82999992370605,-3.430000066757202,3.289999961853028,1.6181651733405167,ascending,10
3,right,2190.1113076923075,1789025614520,-0.0478581637144088,8.305784225463867,6.712107181549072,-25.82999992370605,-3.430000066757202,3.289999961853028,1.6253751346938998,ascending,10
3,right,2190.12,1789025614582,0.0502510704100132,8.088028907775879,6.800644874572754,-13.15999984741211,-2.1700000762939453,3.990000009536743,1.630763127429243,ascending,10
3,right,2190.129615384615,1789025614582,0.1244312226772308,7.946847915649414,6.6786065101623535,-13.15999984741211,-2.1700000762939453,3.990000009536743,1.6349465416589146,ascending,10
3,right,2190.139230769231,1789025614582,0.2297191768884658,7.860702991485596,6.6786065101623535,-13.15999984741211,-2.1700000762939453,3.990000009536743,1.6384472830678907,ascending,10
3,right,2190.148846153846,1789025614582,0.2584340870380401,7.920525550842285,6.637927055358887,-13.15999984741211,-2.1700000762939453,3.990000009536743,1.6422190022931922,ascending,10
3,right,2190.1584615384613,1789025614582,0.3134709596633911,7.834381103515625,6.5661396980285645,-13.15999984741211,-2.1700000762939453,3.990000009536743,1.6449325759451867,ascending,10
3,right,2190.168076923077,1789025614582,0.3062922358512878,7.8726677894592285,6.479995250701904,-13.15999984741211,-2.1700000762939453,3.990000009536743,1.6475007257039316,ascending,10
3,right,2190.1776923076923,1789025614582,0.2895418703556061,7.8463454246521,6.499138355255127,-13.15999984741211,-2.1700000762939453,3.990000009536743,1.6500099908395955,ascending,10
3,right,2190.1873076923075,1789025614582,0.2703986167907715,7.910953998565674,6.527853488922119,-13.15999984741211,-2.1700000762939453,3.990000009536743,1.6532208343912014,ascending,10
3,right,2190.196,1789025614655,0.2153617292642593,7.841559886932373,6.55417537689209,-0.5600000023841858,-1.8200000524520876,4.059999942779541,1.6558011493481701,ascending,10
3,right,2190.205615384615,1789025614655,0.2129688262939453,7.843952655792236,6.441708564758301,-0.5600000023841858,-1.8200000524520876,4.059999942779541,1.658051840907818,ascending,10
3,right,2190.215230769231,1789025614655,0.1459673941135406,7.705163955688477,6.436922550201416,-0.5600000023841858,-1.8200000524520876,4.059999942779541,1.6592344091961442,ascending,10
3,right,2190.224846153846,1789025614655,0.2010042816400528,7.626198291778564,6.343599319458008,-0.5600000023841858,-1.8200000524520876,4.059999942779541,1.659274302600885,ascending,10
3,right,2190.2344615384613,1789025614655,0.1627177447080612,7.511338710784912,6.257454872131348,-0.5600000023841858,-1.8200000524520876,4.059999942779541,1.6579591851138025,ascending,10
3,right,2190.244076923077,1789025614655,0.1555390208959579,7.671663284301758,6.034914016723633,-0.5600000023841858,-1.8200000524520876,4.059999942779541,1.6566238811380447,ascending,10
3,right,2190.2536923076923,1789025614655,0.1340028494596481,7.726700305938721,5.932019233703613,-0.5600000023841858,-1.8200000524520876,4.059999942779541,1.6551391408750153,ascending,10
3,right,2190.2633076923075,1789025614655,0.1483602970838546,7.650126934051514,5.831517219543457,-0.5600000023841858,-1.8200000524520876,4.059999942779541,1.652494535859081,ascending,10
3,right,2190.272,1789025614730,0.1172524988651275,7.638162612915039,5.853053092956543,15.260000228881836,-1.8899999856948853,4.199999809265137,1.650141502430985,ascending,10
3,right,2190.281615384615,1789025614730,0.1244312226772308,7.638162612915039,5.826731204986572,15.260000228881836,-1.8899999856948853,4.199999809265137,1.6473918500340905,ascending,10
3,right,2190.291230769231,1789025614730,0.0406794361770153,7.626198291778564,5.795623302459717,15.260000228881836,-1.8899999856948853,4.199999809265137,1.6443859951536046,ascending,10
3,right,2190.300846153846,1789025614730,-0.0215361732989549,7.619019508361816,5.728621959686279,15.260000228881836,-1.8899999856948853,4.199999809265137,1.6409514670132876,ascending,10
3,right,2190.3104615384614,1789025614730,-0.033500712364912,7.552018165588379,5.75494384765625,15.260000228881836,-1.8899999856948853,4.199999809265137,1.6371492097726237,ascending,10
3,right,2190.320076923077,1789025614730,0.0047858161851763,7.552018165588379,5.601798057556152,15.260000228881836,-1.8899999856948853,4.199999809265137,1.6324764895358288,ascending,10
3,right,2190.3296923076923,1789025614730,0.0311078056693077,7.683628082275391,5.577868938446045,15.260000228881836,-1.8899999856948853,4.199999809265137,1.6286926506620263,ascending,10
3,right,2190.339307692308,1789025614730,0.0885375961661338,7.597483158111572,5.4773664474487305,15.260000228881836,-1.8899999856948853,4.199999809265137,1.623674394726957,ascending,10
3,right,2190.347,1789025614820,0.1770751923322677,7.678842067718506,5.278755187988281,21.13999938964844,-2.309999942779541,3.920000076293945,1.6192826340721926,ascending,10
3,right,2190.3566153846155,1789025614820,0.3469716608524322,7.607054710388184,5.118430614471436,21.13999938964844,-2.309999942779541,3.920000076293945,1.6123559822096305,ascending,10
3,right,2190.366230769231,1789025614820,0.3972227573394775,7.508945465087891,5.020321369171143,21.13999938964844,-2.309999942779541,3.920000076293945,1.6041368919797627,ascending,10
3,right,2190.3758461538464,1789025614820,0.5025107264518738,7.39647912979126,4.979641914367676,21.13999938964844,-2.309999942779541,3.920000076293945,1.5948339767003197,ascending,10
3,right,2190.3854615384616,1789025614820,0.5982270240783691,7.40365743637085,5.046643257141113,21.13999938964844,-2.309999942779541,3.920000076293945,1.5859820019817157,ascending,10
3,right,2190.3950769230773,1789025614820,0.6245490312576294,7.43955135345459,5.084929466247559,21.13999938964844,-2.309999942779541,3.920000076293945,1.577643816841749,ascending,10
3,right,2190.4046923076926,1789025614820,0.5814766883850098,7.609447956085205,5.04425048828125,21.13999938964844,-2.309999942779541,3.920000076293945,0,resting,
3,right,2190.414307692308,1789025614820,0.5575475692749023,7.607054710388184,5.020321369171143,21.13999938964844,-2.309999942779541,3.920000076293945,-0.006576187997489843,resting,
3,right,2190.424,1789025614880,0.4953319728374481,7.537660598754883,4.886318206787109,19.18000030517578,-1.6100000143051147,3.569999933242798,-0.014481882676616866,resting,
3,right,2190.433615384615,1789025614880,0.3732936680316925,7.513731479644775,4.709243297576904,19.18000030517578,-1.6100000143051147,3.569999933242798,-0.023466592898967648,resting,
3,right,2190.443230769231,1789025614880,0.2991135120391845,7.513731479644775,4.5489182472229,19.18000030517578,-1.6100000143051147,3.569999933242798,-0.033295464364218944,resting,
3,right,2190.452846153846,1789025614880,0.2297191768884658,7.329477310180664,4.4795241355896,19.18000030517578,-1.6100000143051147,3.569999933242798,-0.04497049603323642,resting,
3,right,2190.4624615384614,1789025614880,0.0909305065870285,7.252904415130615,4.376628875732422,19.18000030517578,-1.6100000143051147,3.569999933242798,-0.05781519566887172,resting,
3,right,2190.472076923077,1789025614880,0.1100737750530242,7.173938274383545,4.237840175628662,19.18000030517578,-1.6100000143051147,3.569999933242798,-0.07199502516556898,resting,
3,right,2190.4816923076924,1789025614880,0.0909305065870285,7.073436260223389,4.16605281829834,19.18000030517578,-1.6100000143051147,3.569999933242798,-0.08734633331861727,resting,
3,right,2190.491307692308,1789025614880,0.0693943351507186,6.745607852935791,4.199553489685059,19.18000030517578,-1.6100000143051147,3.569999933242798,-0.10519085603304372,resting,
3,right,2190.5,1789025614971,0.105287954211235,6.523067474365234,4.113409042358398,8.539999961853027,-1.8200000524520876,4.199999809265137,-0.12334463351027394,descending,
3,right,2190.5096153846152,1789025614971,0.0861446931958198,6.274205207824707,4.276126861572266,8.539999961853027,-1.8200000524520876,4.199999809265137,-0.14462651050512648,descending,
3,right,2190.519230769231,1789025614971,0.0574297942221164,6.113880157470703,4.182803153991699,8.539999961853027,-1.8200000524520876,4.199999809265137,-0.167686419076998,descending,
3,right,2190.528846153846,1789025614971,0.0191432647407054,6.089951038360596,4.20194673538208,8.539999961853027,-1.8200000524520876,4.199999809265137,-0.1908422263316403,descending,
3,right,2190.538461538461,1789025614971,-0.0047858161851763,6.15455961227417,4.099051475524902,8.539999961853027,-1.8200000524520876,4.199999809265137,-0.21398682930094032,descending,
3,right,2190.548076923077,1789025614971,-0.0837517827749252,6.0325212478637695,4.154088497161865,8.539999961853027,-1.8200000524520876,4.199999809265137,-0.23785473620314754,descending,
3,right,2190.5576923076924,1789025614971,-0.2225404530763626,5.898518562316895,4.02008581161499,8.539999961853027,-1.8200000524520876,4.199999809265137,-0.2635134645315119,descending,
3,right,2190.567307692308,1789025614971,-0.2895418703556061,5.857839107513428,4.039228916168213,8.539999961853027,-1.8200000524520876,4.199999809265137,-0.2894080912755249,descending,
3,right,2190.576,1789025615091,-0.4163660109043121,5.769301414489746,3.9506912231445312,10.149999618530272,-1.8899999856948853,4.269999980926514,-0.31388801777730724,descending,
3,right,2190.5856153846157,1789025615091,-0.5049036145210266,5.699907302856445,3.912404775619507,10.149999618530272,-1.8899999856948853,4.269999980926514,-0.34173070691613855,descending,
3,right,2190.595230769231,1789025615091,-0.6101915836334229,5.757337093353272,3.833438873291016,10.149999618530272,-1.8899999856948853,4.269999980926514,-0.36950505685661433,descending,
3,right,2190.604846153846,1789025615091,-0.7322298884391785,5.71187162399292,3.840617418289185,10.149999618530272,-1.8899999856948853,4.269999980926514,-0.3976191110316941,descending,
3,right,2190.614461538461,1789025615091,-0.8088029623031616,5.757337093353272,3.744901180267334,10.149999618530272,-1.8899999856948853,4.269999980926514,-0.4258349491577883,descending,
3,right,2190.624076923077,1789025615091,-0.8781972527503967,5.778872966766357,3.5797905921936035,10.149999618530272,-1.8899999856948853,4.269999980926514,-0.4546906396081742,descending,
3,right,2190.6336923076924,1789025615091,-0.9858781099319458,5.80758810043335,3.486467123031616,10.149999618530272,-1.8899999856948853,4.269999980926514,-0.4837677815313132,descending,
3,right,2190.643307692308,1789025615091,-1.0696299076080322,5.817159652709961,3.5462896823883057,10.149999618530272,-1.8899999856948853,4.269999980926514,-0.5124529781408631,descending,
3,right,2190.651,1789025615188,-1.1222739219665527,5.965519905090332,3.352464199066162,21.559999465942383,-1.2599999904632568,4.199999809265137,-0.535180160927399,descending,
3,right,2190.660615384615,1789025615188,-1.1079164743423462,6.11148738861084,3.433823108673096,21.559999465942383,-1.2599999904632568,4.199999809265137,-0.5619479467365506,descending,
3,right,2190.670230769231,1789025615188,-1.1653462648391724,6.097129821777344,3.3907508850097656,21.559999465942383,-1.2599999904632568,4.199999809265137,-0.5890182342935355,descending,
3,right,2190.679846153846,1789025615188,-1.217990159988403,6.262240409851074,3.476895570755005,21.559999465942383,-1.2599999904632568,4.199999809265137,-0.6142721912279693,descending,
3,right,2190.6894615384613,1789025615188,-1.263455510139465,6.441708564758301,3.3955366611480717,21.559999465942383,-1.2599999904632568,4.199999809265137,-0.6383979746491877,descending,
3,right,2190.699076923077,1789025615188,-1.2802058458328247,6.618783950805664,3.503217458724976,21.559999465942383,-1.2599999904632568,4.199999809265137,-0.6604968155334405,descending,
3,right,2190.708692307692,1789025615188,-1.1892752647399902,6.712107181549072,3.4098939895629883,21.559999465942383,-1.2599999904632568,4.199999809265137,-0.6822205015930812,descending,
3,right,2190.7183076923075,1789025615188,-1.1988469362258911,6.834145545959473,3.5175747871398926,21.559999465942383,-1.2599999904632568,4.199999809265137,-0.7023777302513662,descending,
3,right,2190.727,1789025615197,-1.1581674814224243,7.020792484283447,3.5654330253601074,23.729999542236328,-0.9100000262260436,3.220000028610229,-0.718950086643174,descending,
3,right,2190.736615384615,1789025615197,-1.115095138549805,7.147616386413574,3.6228628158569336,23.729999542236328,-0.9100000262260436,3.220000028610229,-0.7359118394811943,descending,
3,right,2190.746230769231,1789025615197,-1.1366313695907593,7.365371227264404,3.6156840324401855,23.729999542236328,-0.9100000262260436,3.220000028610229,-0.751037240891643,descending,
3,right,2190.755846153846,1789025615197,-1.100737690925598,7.547232151031494,3.642006158828736,23.729999542236328,-0.9100000262260436,3.220000028610229,-0.7644693859112227,descending,
3,right,2190.7654615384613,1789025615197,-1.0552724599838257,7.726700305938721,3.6300415992736816,23.729999542236328,-0.9100000262260436,3.220000028610229,-0.7764002463641646,descending,
3,right,2190.775076923077,1789025615197,-1.043307900428772,7.860702991485596,3.4553592205047607,23.729999542236328,-0.9100000262260436,3.220000028610229,-0.787941388984826,descending,
3,right,2190.784692307692,1789025615197,-1.0480937957763672,8.097600936889648,3.484074115753174,23.729999542236328,-0.9100000262260436,3.220000028610229,-0.797293516949207,descending,
3,right,2190.7943076923075,1789025615197,-1.0672370195388794,8.250746726989746,3.362035751342773,23.729999542236328,-0.9100000262260436,3.220000028610229,-0.8058308158654638,descending,
3,right,2190.803,1789025615270,-1.0528795719146729,8.415857315063477,3.218461275100708,32.20000076293945,-0.6299999952316284,2.799999952316284,-0.8127861549461743,descending,
3,right,2190.812615384615,1789025615270,-1.012200117111206,8.463715553283691,3.036600351333618,32.20000076293945,-0.6299999952316284,2.799999952316284,-0.8207840580841919,descending,
3,right,2190.822230769231,1789025615270,-0.9954497814178468,8.475680351257324,3.027028799057007,32.20000076293945,-0.6299999952316284,2.799999952316284,-0.8286448738073904,descending,
3,right,2190.831846153846,1789025615270,-1.019378900527954,8.456537246704102,2.993528127670288,32.20000076293945,-0.6299999952316284,2.799999952316284,-0.8367374668930798,descending,
3,right,2190.8414615384613,1789025615270,-1.0002355575561523,8.336892127990723,3.1012089252471924,32.20000076293945,-0.6299999952316284,2.799999952316284,-0.8453551798008656,descending,
3,right,2190.851076923077,1789025615270,-1.0098072290420532,8.253140449523926,3.153852939605713,32.20000076293945,-0.6299999952316284,2.799999952316284,-0.8544287810889851,descending,
3,right,2190.8606923076923,1789025615270,-0.9763064980506896,8.090422630310059,3.268712520599365,32.20000076293945,-0.6299999952316284,2.799999952316284,-0.8644144485000679,descending,
3,right,2190.8703076923075,1789025615270,-1.0409150123596191,8.145459175109863,3.247176170349121,32.20000076293945,-0.6299999952316284,2.799999952316284,-0.8739595134806002,descending,
3,right,2190.88,1789025615346,-1.0313433408737185,8.13349437713623,3.3357138633728027,5.460000038146973,-0.7699999809265137,1.0499999523162842,-0.8833108902052618,descending,
3,right,2190.889615384616,1789025615346,-1.0672370195388794,7.963598251342773,3.4170727729797363,5.460000038146973,-0.7699999809265137,1.0499999523162842,-0.8937300269007501,descending,
3,right,2190.899230769231,1789025615346,-1.0050214529037476,7.949240684509277,3.54150390625,5.460000038146973,-0.7699999809265137,1.0499999523162842,-0.9037739426262328,descending,
3,right,2190.9088461538463,1789025615346,-1.0074143409729004,7.994706153869629,3.469716787338257,5.460000038146973,-0.7699999809265137,1.0499999523162842,-0.9136806896987508,descending,
3,right,2190.918461538461,1789025615346,-1.021771788597107,8.099993705749512,3.448180675506592,5.460000038146973,-0.7699999809265137,1.0499999523162842,-0.9227251993788493,descending,
3,right,2190.928076923077,1789025615346,-0.98109233379364,8.269890785217285,3.364428758621216,5.460000038146973,-0.7699999809265137,1.0499999523162842,-0.9305921698845032,descending,
3,right,2190.9376923076925,1789025615346,-0.9691277742385864,8.293819427490234,3.318963527679444,5.460000038146973,-0.7699999809265137,1.0499999523162842,-0.9384084238651562,descending,
3,right,2190.947307692308,1789025615346,-0.9284483194351196,8.312962532043457,3.2998201847076416,5.460000038146973,-0.7699999809265137,1.0499999523162842,-0.9461201093171746,descending,
3,right,2190.955,1789025615422,-0.8590540289878845,8.42064380645752,3.338106870651245,6.510000228881836,-1.4700000286102295,-0.0700000002980232,-0.951413508705357,descending,
3,right,2190.964615384615,1789025615422,-0.8111958503723145,8.57618236541748,3.2854628562927246,6.510000228881836,-1.4700000286102295,-0.0700000002980232,-0.9568561539196927,descending,
3,right,2190.974230769231,1789025615422,-0.7441943883895874,8.724542617797852,3.342892646789551,6.510000228881836,-1.4700000286102295,-0.0700000002980232,-0.9607714571491415,descending,
3,right,2190.983846153846,1789025615422,-0.6939433217048645,8.810688018798828,3.2974274158477783,6.510000228881836,-1.4700000286102295,-0.0700000002980232,-0.9640972900324098,descending,
3,right,2190.9934615384614,1789025615422,-0.6173703074455261,8.839402198791504,3.3979294300079346,6.510000228881836,-1.4700000286102295,-0.0700000002980232,-0.9667963749655606,descending,
3,right,2191.003076923077,1789025615422,-0.5647262930870056,8.997334480285645,3.3979294300079346,6.510000228881836,-1.4700000286102295,-0.0700000002980232,-0.9681023134331931,descending,
3,right,2191.0126923076923,1789025615422,-0.5072965025901794,9.13133716583252,3.519967794418335,6.510000228881836,-1.4700000286102295,-0.0700000002980232,-0.9677724893083548,descending,
3,right,2191.0223076923075,1789025615422,-0.5025107264518738,9.262947082519531,3.570218801498413,6.510000228881836,-1.4700000286102295,-0.0700000002980232,-0.9660836001372587,descending,
3,right,2191.031,1789025615497,-0.4211518168449402,9.277304649353027,3.68029260635376,8.470000267028809,-1.2599999904632568,-0.3499999940395355,-0.9640911467674713,descending,
3,right,2191.040615384615,1789025615497,-0.3924369215965271,9.310805320739746,3.754472732543945,8.470000267028809,-1.2599999904632568,-0.3499999940395355,-0.9613233321776331,descending,
3,right,2191.050230769231,1789025615497,-0.3278284072875976,9.411307334899902,3.704221725463867,8.470000267028809,-1.2599999904632568,-0.3499999940395355,-0.9578647438407756,descending,
3,right,2191.059846153846,1789025615497,-0.368507832288742,9.420879364013672,3.7903664112091056,8.470000267028809,-1.2599999904632568,-0.3499999940395355,-0.953995080421921,descending,
3,right,2191.0694615384614,1789025615497,-0.3374000489711761,9.404129028320312,3.74968695640564,8.470000267028809,-1.2599999904632568,-0.3499999940395355,-0.9504320040019498,descending,
3,right,2191.079076923077,1789025615497,-0.308685153722763,9.353878021240234,3.7903664112091056,8.470000267028809,-1.2599999904632568,-0.3499999940395355,-0.9471813793061883,descending,
3,right,2191.0886923076923,1789025615497,-0.3421858549118042,9.394556999206545,3.6659352779388423,8.470000267028809,-1.2599999904632568,-0.3499999940395355,-0.9440031352040767,descending,
3,right,2191.098307692308,1789025615497,-0.27997025847435,9.394556999206545,3.5797905921936035,8.470000267028809,-1.2599999904632568,-0.3499999940395355,-0.9411483781195181,descending,
3,right,2191.107,1789025615601,-0.3110780417919159,9.303627014160156,3.5151820182800293,7.909999847412109,-1.1200000047683716,0.3499999940395355,-0.9394978457043149,descending,
3,right,2191.116615384615,1789025615601,-0.3326142132282257,9.205517768859863,3.5869691371917725,7.909999847412109,-1.1200000047683716,0.3499999940395355,-0.9382907654854523,descending,
3,right,2191.126230769231,1789025615601,-0.2632198929786682,9.095443725585938,3.5151820182800293,7.909999847412109,-1.1200000047683716,0.3499999940395355,-0.9383403872155287,descending,
3,right,2191.135846153846,1789025615601,-0.2512553632259369,8.985369682312012,3.512789011001587,7.909999847412109,-1.1200000047683716,0.3499999940395355,-0.939387336737765,descending,
3,right,2191.1454615384614,1789025615601,-0.2129688262939453,8.9231538772583,3.4673237800598145,7.909999847412109,-1.1200000047683716,0.3499999940395355,-0.9411586424650049,descending,
3,right,2191.155076923077,1789025615601,-0.0837517827749252,8.899225234985352,3.5438969135284424,7.909999847412109,-1.1200000047683716,0.3499999940395355,-0.94291031043412,descending,
3,right,2191.1646923076923,1789025615601,-0.0574297942221164,8.954261779785156,3.54150390625,7.909999847412109,-1.1200000047683716,0.3499999940395355,-0.944179934346532,descending,
3,right,2191.174307692308,1789025615601,-0.0358936227858066,9.002120018005371,3.603719472885132,7.909999847412109,-1.1200000047683716,0.3499999940395355,-0.9448078080576134,descending,
3,right,2191.182,1789025615736,0.0071787242777645,9.016477584838867,3.5750045776367188,2.380000114440918,-1.0499999523162842,0.5600000023841858,-0.9452908948849561,descending,
3,right,2191.191615384615,1789025615736,-0.0071787242777645,9.014084815979004,3.5750045776367188,2.380000114440918,-1.0499999523162842,0.5600000023841858,-0.9459095473340692,descending,
3,right,2191.2012307692307,1789025615736,0.0239290818572044,9.023656845092772,3.598933696746826,2.380000114440918,-1.0499999523162842,0.5600000023841858,-0.9463614267842514,descending,
3,right,2191.210846153846,1789025615736,0.0311078056693077,9.01169204711914,3.503217458724976,2.380000114440918,-1.0499999523162842,0.5600000023841858,0,resting,
3,right,2191.220461538461,1789025615736,0.0287148971110582,9.023656845092772,3.40271520614624,2.380000114440918,-1.0499999523162842,0.5600000023841858,-0.0015782400253014496,resting,
3,right,2191.230076923077,1789025615736,0.1124666780233383,8.94229793548584,3.3404996395111084,2.380000114440918,-1.0499999523162842,0.5600000023841858,-0.00410589332677725,resting,
3,right,2191.239692307692,1789025615736,0.1938255578279495,8.84658145904541,3.1706032752990723,2.380000114440918,-1.0499999523162842,0.5600000023841858,-0.008077415593296573,resting,
3,right,2191.2493076923074,1789025615736,0.2632198929786682,8.710185050964355,3.175389051437378,2.380000114440918,-1.0499999523162842,0.5600000023841858,-0.013254553067685866,resting,
3,right,2191.258,1789025615737,0.2895418703556061,8.717364311218262,3.309391975402832,2.799999952316284,-1.75,1.8200000524520876,-0.017455949150597488,resting,
3,right,2191.267615384615,1789025615737,0.3613291084766388,8.66472053527832,3.2495691776275635,2.799999952316284,-1.75,1.8200000524520876,-0.022773400721565844,resting,
3,right,2191.2772307692308,1789025615737,0.363722026348114,8.56900405883789,3.318963527679444,2.799999952316284,-1.75,1.8200000524520876,-0.028703868232437688,resting,
3,right,2191.286846153846,1789025615737,0.4570454359054565,8.451751708984375,3.330928087234497,2.799999952316284,-1.75,1.8200000524520876,-0.03563627425009571,resting,
3,right,2191.296461538461,1789025615737,0.4331163763999939,8.377571105957031,3.54150390625,2.799999952316284,-1.75,1.8200000524520876,-0.04250665161856059,resting,
3,right,2191.306076923077,1789025615737,0.4977248907089233,8.56900405883789,3.393143653869629,2.799999952316284,-1.75,1.8200000524520876,-0.04814823187494332,resting,
3,right,2191.315692307692,1789025615737,0.5192610621452332,8.657541275024414,3.668328046798706,2.799999952316284,-1.75,1.8200000524520876,-0.05204273390223981,resting,
3,right,2191.3253076923074,1789025615737,0.5336185097694397,8.92554759979248,3.421858549118042,2.799999952316284,-1.75,1.8200000524520876,-0.0543582705677939,resting,
3,right,2191.335,1789025615796,0.521653950214386,8.935118675231934,3.500824451446533,10.359999656677246,-1.9600000381469729,2.450000047683716,-0.05632558649543002,resting,
3,right,2191.3446153846157,1789025615796,0.5288326740264893,8.93272590637207,3.3213565349578857,10.359999656677246,-1.9600000381469729,2.450000047683716,-0.05889678235173609,resting,
3,right,2191.354230769231,1789025615796,0.5001177787780762,8.906403541564941,3.3046059608459477,10.359999656677246,-1.9600000381469729,2.450000047683716,-0.061754821565641875,resting,
3,right,2191.363846153846,1789025615796,0.4355092644691467,9.059550285339355,2.979170560836792,10.359999656677246,-1.9600000381469729,2.450000047683716,-0.06432293312950112,resting,
3,right,2191.373461538461,1789025615796,0.3350071310997009,9.002120018005371,3.182567834854126,10.359999656677246,-1.9600000381469729,2.450000047683716,-0.06673884636328582,resting,
3,right,2191.383076923077,1789025615796,0.2632198929786682,9.073907852172852,3.034207344055176,10.359999656677246,-1.9600000381469729,2.450000047683716,-0.06900172921086353,resting,
3,right,2191.3926923076924,1789025615796,0.2225404530763626,8.9590482711792,3.211282730102539,10.359999656677246,-1.9600000381469729,2.450000047683716,-0.07172584240580067,resting,
3,right,2191.402307692308,1789025615796,0.1172524988651275,8.961441040039062,3.0653152465820312,10.359999656677246,-1.9600000381469729,2.450000047683716,-0.07491957401842181,resting,
3,right,2191.411,1789025615870,0.0693943351507186,8.875295639038086,3.342892646789551,2.5899999141693115,-2.240000009536743,2.240000009536743,-0.07770720268374678,resting,
3,right,2191.4206153846158,1789025615870,0.0837517827749252,8.95665454864502,3.2064969539642334,2.5899999141693115,-2.240000009536743,2.240000009536743,-0.0804903028061487,resting,
3,right,2191.430230769231,1789025615870,0.1005021408200264,8.848974227905273,3.407501220703125,2.5899999141693115,-2.240000009536743,2.240000009536743,-0.08359175178624616,resting,
3,right,2191.4398461538462,1789025615870,0.0957163274288177,8.834616661071777,3.275891065597534,2.5899999141693115,-2.240000009536743,2.240000009536743,-0.08724780054881276,resting,
3,right,2191.449461538461,1789025615870,0.2297191768884658,8.93272590637207,3.47210955619812,2.5899999141693115,-2.240000009536743,2.240000009536743,-0.0893510805401582,resting,
3,right,2191.459076923077,1789025615870,0.2464695274829864,8.973404884338379,3.3333208560943604,2.5899999141693115,-2.240000009536743,2.240000009536743,-0.0915329137786152,resting,
3,right,2191.4686923076924,1789025615870,0.3062922358512878,9.042799949645996,3.433823108673096,2.5899999141693115,-2.240000009536743,2.240000009536743,-0.09274419425677691,resting,
3,right,2191.478307692308,1789025615870,0.3996156454086303,9.088264465332031,3.275891065597534,2.5899999141693115,-2.240000009536743,2.240000009536743,-0.09403681539522475,resting,
3,right,2191.486,1789025615945,0.5168681740760803,9.016477584838867,3.3333208560943604,8.75,-2.7300000190734863,1.680000066757202,-0.09541417882976427,resting,
3,right,2191.495615384615,1789025615945,0.5479759573936462,8.896832466125488,3.2064969539642334,8.75,-2.7300000190734863,1.680000066757202,-0.09861534446866452,resting,
3,right,2191.505230769231,1789025615945,0.5766908526420593,8.858545303344727,3.3117847442626958,8.75,-2.7300000190734863,1.680000066757202,-0.1018067693109552,resting,
3,right,2191.514846153846,1789025615945,0.6341206431388855,8.865724563598633,3.2495691776275635,8.75,-2.7300000190734863,1.680000066757202,-0.10510973010788886,resting,
3,right,2191.5244615384613,1789025615945,0.679585874080658,8.7843656539917,3.3213565349578857,8.75,-2.7300000190734863,1.680000066757202,-0.10889541249107816,resting,
3,right,2191.534076923077,1789025615945,0.7322298884391785,8.770008087158203,3.259140729904175,8.75,-2.7300000190734863,1.680000066757202,-0.11298478492340844,resting,
3,right,2191.5436923076923,1789025615945,0.7418015003204346,8.741292953491211,3.400322437286377,8.75,-2.7300000190734863,1.680000066757202,-0.11687005998229394,resting,
3,right,2191.5533076923075,1789025615945,0.7394086122512817,8.772400856018066,3.369214534759521,8.75,-2.7300000190734863,1.680000066757202,-0.12056735664741004,resting,
3,right,2191.562,1789025616020,0.7298369407653809,8.820259094238281,3.512789011001587,1.8899999856948853,-3.289999961853028,0.9100000262260436,-0.12309833410019456,resting,
3,right,2191.571615384615,1789025616020,0.7776951193809509,8.906403541564941,3.443394660949707,1.8899999856948853,-3.289999961853028,0.9100000262260436,-0.1253127418567691,resting,
3,right,2191.581230769231,1789025616020,0.758551836013794,8.882474899291992,3.5462896823883057,1.8899999856948853,-3.289999961853028,0.9100000262260436,-0.12741259538670943,resting,
3,right,2191.590846153846,1789025616020,0.8088029623031616,8.875295639038086,3.4816813468933105,1.8899999856948853,-3.289999961853028,0.9100000262260436,-0.12975492292591376,resting,
3,right,2191.6004615384613,1789025616020,0.8135887384414673,8.95665454864502,3.5654330253601074,1.8899999856948853,-3.289999961853028,0.9100000262260436,-0.13108044553671783,resting,
3,right,2191.610076923077,1789025616020,0.8088029623031616,8.954261779785156,3.484074115753174,1.8899999856948853,-3.289999961853028,0.9100000262260436,-0.13268520828052097,resting,
3,right,2191.6196923076923,1789025616020,0.8279461860656738,8.94229793548584,3.464931011199951,1.8899999856948853,-3.289999961853028,0.9100000262260436,-0.13444306156473776,resting,
3,right,2191.6293076923075,1789025616020,0.7824809551239014,8.982976913452148,3.450573444366455,1.8899999856948853,-3.289999961853028,0.9100000262260436,-0.13589594121229331,resting,
3,right,2191.638,1789025616096,0.758551836013794,9.004512786865234,3.5391111373901367,-0.8400000333786011,-4.829999923706055,0.9100000262260436,-0.13677839941984868,resting,
3,right,2191.647615384615,1789025616096,0.7346227765083313,9.10740852355957,3.563040256500244,-0.8400000333786011,-4.829999923706055,0.9100000262260436,-0.13675420662534382,resting,
3,right,2191.657230769231,1789025616096,0.6867645978927612,9.243803977966309,3.5319323539733887,-0.8400000333786011,-4.829999923706055,0.9100000262260436,-0.1356234775933899,resting,
3,right,2191.666846153846,1789025616096,0.5814766883850098,9.27969741821289,3.512789011001587,-0.8400000333786011,-4.829999923706055,0.9100000262260436,-0.13428880215366862,resting,
3,right,2191.6764615384614,1789025616096,0.5025107264518738,9.39216423034668,3.5438969135284424,-0.8400000333786011,-4.829999923706055,0.9100000262260436,-0.1318811761256687,resting,
3,right,2191.686076923077,1789025616096,0.4474738240242004,9.518988609313965,3.582183361053467,-0.8400000333786011,-4.829999923706055,0.9100000262260436,-0.128234084714542,resting,
3,right,2191.6956923076923,1789025616096,0.3134709596633911,9.518988609313965,3.618077039718628,-0.8400000333786011,-4.829999923706055,0.9100000262260436,-0.12453830023985993,resting,
3,right,2191.7053076923075,1789025616096,0.2010042816400528,9.542917251586914,3.598933696746826,-0.8400000333786011,-4.829999923706055,0.9100000262260436,-0.12074687751737986,resting,
3,right,2191.715,1789025616171,0.0502510704100132,9.483095169067385,3.5869691371917725,-1.3300000429153442,-5.740000247955322,1.190000057220459,-0.11758138565554105,resting,
3,right,2191.7246153846154,1789025616171,-0.0263219885528087,9.282090187072754,3.752079963684082,-1.3300000429153442,-5.740000247955322,1.190000057220459,-0.11573140238716222,resting,
3,right,2191.734230769231,1789025616171,-0.1794681102037429,9.13133716583252,3.7831876277923584,-1.3300000429153442,-5.740000247955322,1.190000057220459,-0.11519997029916473,resting,
3,right,2191.7438461538463,1789025616171,-0.2273262739181518,9.04519271850586,3.8884756565094,-1.3300000429153442,-5.740000247955322,1.190000057220459,-0.11510259384461581,resting,
3,right,2191.7534615384616,1789025616171,-0.3709007501602173,9.05237102508545,3.9506912231445312,-1.3300000429153442,-5.740000247955322,1.190000057220459,-0.11478669254426699,resting,
3,right,2191.7630769230773,1789025616171,-0.5144752264022827,9.105015754699709,3.955476999282837,-1.3300000429153442,-5.740000247955322,1.190000057220459,-0.11403409295893364,resting,
3,right,2191.7726923076925,1789025616171,-0.6412993669509888,9.095443725585938,3.926762104034424,-1.3300000429153442,-5.740000247955322,1.190000057220459,-0.11350706554609373,resting,
3,right,2191.782307692308,1789025616171,-0.7609447836875916,9.021263122558594,3.7831876277923584,-1.3300000429153442,-5.740000247955322,1.190000057220459,-0.11416984866832165,resting,
3,right,2191.79,1789025616287,-0.98109233379364,9.040407180786133,3.618077039718628,2.940000057220459,-6.159999847412109,0.9100000262260436,-0.1150756823321911,resting,
3,right,2191.799615384615,1789025616287,-1.139024257659912,9.14808750152588,3.3333208560943604,2.940000057220459,-6.159999847412109,0.9100000262260436,-0.11625168358598383,resting,
3,right,2191.809230769231,1789025616287,-1.359171748161316,9.413700103759766,3.139495372772217,2.940000057220459,-6.159999847412109,0.9100000262260436,-0.11576099727192188,resting,
3,right,2191.818846153846,1789025616287,-1.4453164339065552,9.650598526000977,2.816452741622925,2.940000057220459,-6.159999847412109,0.9100000262260436,-0.1142368769953968,resting,
3,right,2191.8284615384614,1789025616287,-1.7348583936691284,9.710420608520508,2.7231295108795166,2.940000057220459,-6.159999847412109,0.9100000262260436,-0.1125662879830289,resting,
3,right,2191.838076923077,1789025616287,-1.86646831035614,9.657776832580566,2.5029819011688232,2.940000057220459,-6.159999847412109,0.9100000262260436,-0.1121204934957837,resting,
3,right,2191.8476923076923,1789025616287,-2.017221450805664,9.363449096679688,2.663306713104248,2.940000057220459,-6.159999847412109,0.9100000262260436,-0.113804721988472,resting,
3,right,2191.857307692308,1789025616287,-2.115330696105957,9.231839179992676,2.4503378868103027,2.940000057220459,-6.159999847412109,0.9100000262260436,-0.11737846820906256,resting,
3,right,2191.866,1789025616320,-2.172760486602783,9.095443725585938,2.6872358322143555,-6.860000133514404,-6.230000019073486,0.6299999952316284,-0.12099986040280188,resting,
3,right,2191.8756153846152,1789025616320,-2.558018684387207,8.92554759979248,2.6441633701324463,-6.860000133514404,-6.230000019073486,0.6299999952316284,-0.12676857690048937,resting,
3,right,2191.885230769231,1789025616320,-2.225404500961304,8.901618003845215,2.782952070236206,-6.860000133514404,-6.230000019073486,0.6299999952316284,-0.13215230157321042,resting,
3,right,2191.894846153846,1789025616320,-2.19668960571289,8.772400856018066,2.68245005607605,-6.860000133514404,-6.230000019073486,0.6299999952316284,-0.13899501589956229,resting,
3,right,2191.9044615384614,1789025616320,-2.184725046157837,8.676684379577637,2.739879846572876,-6.860000133514404,-6.230000019073486,0.6299999952316284,-0.14647026815839367,resting,
3,right,2191.914076923077,1789025616320,-2.079437017440796,8.679078102111816,2.6082699298858643,-6.860000133514404,-6.230000019073486,0.6299999952316284,-0.15430684316981763,resting,
3,right,2191.9236923076924,1789025616320,-1.957398772239685,8.647970199584961,2.706378936767578,-6.860000133514404,-6.230000019073486,0.6299999952316284,-0.16203193801279717,resting,
3,right,2191.933307692308,1789025616320,-1.8329676389694212,8.652755737304688,2.711164951324463,-6.860000133514404,-6.230000019073486,0.6299999952316284,-0.16963967758203954,resting,
3,right,2191.942,1789025616410,-1.7037506103515625,8.504395484924316,2.895418882369995,-12.880000114440918,-6.300000190734863,-0.2800000011920929,-0.17711145171375536,resting,
3,right,2191.9516153846157,1789025616410,-1.6271774768829346,8.408679008483887,2.902597427368164,-12.880000114440918,-6.300000190734863,-0.2800000011920929,-0.18616939229122859,resting,
3,right,2191.961230769231,1789025616410,-1.5194966793060305,8.265104293823242,3.070101022720337,-12.880000114440918,-6.300000190734863,-0.2800000011920929,-0.19589530233833435,resting,
3,right,2191.970846153846,1789025616410,-1.4596738815307615,8.176567077636719,3.2352118492126465,-12.880000114440918,-6.300000190734863,-0.2800000011920929,-0.20580742122344353,resting,
3,right,2191.980461538461,1789025616410,-1.3807079792022705,8.178959846496582,3.254354953765869,-12.880000114440918,-6.300000190734863,-0.2800000011920929,-0.21558868654228341,resting,
3,right,2191.990076923077,1789025616410,-1.3448143005371094,8.193317413330078,3.4194657802581787,-12.880000114440918,-6.300000190734863,-0.2800000011920929,-0.2246312309169863,resting,
3,right,2191.9996923076924,1789025616410,-1.2945632934570312,8.226818084716797,3.4673237800598145,-12.880000114440918,-6.300000190734863,-0.2800000011920929,-0.23316918146068655,resting,
3,right,2192.009307692308,1789025616410,-1.277812957763672,8.183745384216309,3.56782603263855,-12.880000114440918,-6.300000190734863,-0.2800000011920929,-0.2417056255784568,resting,
3,right,2192.018,1789025616486,-1.2730270624160769,8.279461860656738,3.603719472885132,-5.809999942779541,-5.670000076293945,-0.8400000333786011,-0.2485102915528418,resting,
3,right,2192.0276153846157,1789025616486,-1.263455510139465,8.502002716064453,3.642006158828736,-5.809999942779541,-5.670000076293945,-0.8400000333786011,-0.25388542155240934,resting,
3,right,2192.037230769231,1789025616486,-1.2945632934570312,8.650362968444824,3.589362144470215,-5.809999942779541,-5.670000076293945,-0.8400000333786011,-0.25810017120837725,resting,
3,right,2192.046846153846,1789025616486,-1.2897775173187256,8.686256408691406,3.697042942047119,-5.809999942779541,-5.670000076293945,-0.8400000333786011,-0.2615841522443101,resting,
3,right,2192.056461538461,1789025616486,-1.3256710767745972,8.743685722351074,3.68029260635376,-5.809999942779541,-5.670000076293945,-0.8400000333786011,-0.2645924883718169,resting,
3,right,2192.066076923077,1789025616486,-1.3711363077163696,8.77479362487793,3.697042942047119,-5.809999942779541,-5.670000076293945,-0.8400000333786011,-0.26723949706127564,resting,
3,right,2192.0756923076924,1789025616486,-1.3615647554397583,8.894439697265625,3.6300415992736816,-5.809999942779541,-5.670000076293945,-0.8400000333786011,-0.2690377481880462,resting,
3,right,2192.085307692308,1789025616486,-1.359171748161316,9.002120018005371,3.603719472885132,-5.809999942779541,-5.670000076293945,-0.8400000333786011,-0.26994949132165386,resting,
3,right,2192.093,1789025616560,-1.359171748161316,9.016477584838867,3.407501220703125,11.550000190734863,-3.849999904632568,-1.5399999618530271,-0.2711258782060029,resting,
3,right,2192.102615384615,1789025616560,-1.3448143005371094,9.026049613952637,3.3285350799560547,11.550000190734863,-3.849999904632568,-1.5399999618530271,-0.2727655414846444,resting,
3,right,2192.112230769231,1789025616560,-1.2921704053878784,9.172017097473145,3.2423903942108154,11.550000190734863,-3.849999904632568,-1.5399999618530271,-0.27338293036596223,resting,
3,right,2192.121846153846,1789025616560,-1.2347406148910522,9.502238273620604,3.2208542823791504,11.550000190734863,-3.849999904632568,-1.5399999618530271,-0.2711006068306463,resting,
3,right,2192.1314615384613,1789025616560,-1.1725249290466309,9.873138427734377,2.902597427368164,11.550000190734863,-3.849999904632568,-1.5399999618530271,-0.2665950927271885,resting,
3,right,2192.141076923077,1789025616560,-1.081594467163086,9.846817016601562,2.9672060012817383,11.550000190734863,-3.849999904632568,-1.5399999618530271,-0.26207303232393475,resting,
3,right,2192.150692307692,1789025616560,-0.9954497814178468,9.849209785461426,2.5891265869140625,11.550000190734863,-3.849999904632568,-1.5399999618530271,-0.25881389096091867,resting,
3,right,2192.1603076923075,1789025616560,-0.7824809551239014,9.693670272827148,2.718343496322632,11.550000190734863,-3.849999904632568,-1.5399999618530271,-0.2564945398189142,resting,
3,right,2192.17,1789025616650,-0.6556568145751953,9.521381378173828,2.634591817855835,13.300000190734863,-3.009999990463257,-2.6600000858306885,-0.25598499941360886,resting,
3,right,2192.1796153846158,1789025616650,-0.5025107264518738,9.37541389465332,2.7422726154327397,13.300000190734863,-3.009999990463257,-2.6600000858306885,-0.25641881770045843,resting,
3,right,2192.189230769231,1789025616650,-0.363722026348114,9.27969741821289,2.567590475082397,13.300000190734863,-3.009999990463257,-2.6600000858306885,-0.25829055425572234,resting,
3,right,2192.1988461538463,1789025616650,-0.2225404530763626,9.049978256225586,2.692021608352661,13.300000190734863,-3.009999990463257,-2.6600000858306885,-0.26181778244978576,resting,
3,right,2192.208461538461,1789025616650,-0.0622156113386154,8.726935386657715,2.615448474884033,13.300000190734863,-3.009999990463257,-2.6600000858306885,-0.26851759235008127,resting,
3,right,2192.218076923077,1789025616650,0.0502510704100132,8.401500701904297,2.818845748901367,13.300000190734863,-3.009999990463257,-2.6600000858306885,-0.27750155872507937,resting,
3,right,2192.2276923076925,1789025616650,0.0909305065870285,8.171781539916992,2.799702405929565,13.300000190734863,-3.009999990463257,-2.6600000858306885,-0.2886222238857564,resting,
3,right,2192.237307692308,1789025616650,0.1794681102037429,8.006670951843262,2.8499536514282227,13.300000190734863,-3.009999990463257,-2.6600000858306885,-0.3010797812165448,resting,
3,right,2192.246,1789025616711,0.2392908036708831,7.973169803619385,2.871489763259888,-12.949999809265137,-3.5,-3.7100000381469727,-0.31255025298728634,resting,
3,right,2192.255615384616,1789025616711,0.2273262739181518,7.90856122970581,2.802095413208008,-12.949999809265137,-3.5,-3.7100000381469727,-0.3260349311678735,resting,
3,right,2192.265230769231,1789025616711,0.1914326548576355,7.863095760345459,2.802095413208008,-12.949999809265137,-3.5,-3.7100000381469727,-0.339918027245727,descending,
3,right,2192.2748461538463,1789025616711,0.1579319387674331,7.90856122970581,2.735093832015991,-12.949999809265137,-3.5,-3.7100000381469727,-0.3535971160813917,descending,
3,right,2192.284461538461,1789025616711,0.0981092303991317,7.977955818176269,2.6585209369659424,-12.949999809265137,-3.5,-3.7100000381469727,-0.36688940599824166,descending,
3,right,2192.294076923077,1789025616711,0.0239290818572044,8.009063720703125,2.593912363052368,-12.949999809265137,-3.5,-3.7100000381469727,-0.3801034975809494,descending,
3,right,2192.3036923076925,1789025616711,-0.0789659693837165,8.035385131835938,2.4407663345336914,-12.949999809265137,-3.5,-3.7100000381469727,-0.39357250040567765,descending,
3,right,2192.313307692308,1789025616711,-0.181861013174057,8.281854629516602,2.493410348892212,-12.949999809265137,-3.5,-3.7100000381469727,-0.4046326925435982,descending,
3,right,2192.322,1789025616785,-0.2775773406028747,8.207674980163574,2.591519355773926,-2.0999999046325684,-3.5,-2.5899999141693115,-0.41493064140315494,descending,
3,right,2192.331615384616,1789025616785,-0.368507832288742,8.253140449523926,2.4048726558685303,-2.0999999046325684,-3.5,-2.5899999141693115,-0.4265038742633647,descending,
3,right,2192.341230769231,1789025616785,-0.4690099954605102,8.190924644470215,2.416837215423584,-2.0999999046325684,-3.5,-2.5899999141693115,-0.4385775954798894,descending,
3,right,2192.3508461538463,1789025616785,-0.5312256217002869,8.260318756103516,2.4048726558685303,-2.0999999046325684,-3.5,-2.5899999141693115,-0.4500418880254558,descending,
3,right,2192.360461538461,1789025616785,-0.5910483002662659,8.147851943969727,2.5532329082489014,-2.0999999046325684,-3.5,-2.5899999141693115,-0.4620184742309808,descending,
3,right,2192.370076923077,1789025616785,-0.6987291574478149,8.052135467529297,2.5388755798339844,-2.0999999046325684,-3.5,-2.5899999141693115,-0.4748771629342728,descending,
3,right,2192.3796923076925,1789025616785,-0.7059078812599182,7.906168460845947,2.5316967964172363,-2.0999999046325684,-3.5,-2.5899999141693115,-0.48906096418169726,descending,
3,right,2192.389307692308,1789025616785,-0.7394086122512817,7.760200977325439,2.4431591033935547,-2.0999999046325684,-3.5,-2.5899999141693115,-0.5048285238984616,descending,
3,right,2192.397,1789025616875,-0.7250511646270752,7.642948627471924,2.522125244140625,-7.070000171661377,-3.5,-2.309999942779541,-0.5180778681086767,descending,
3,right,2192.406615384615,1789025616875,-0.7178724408149719,7.516124248504639,2.550840139389038,-7.070000171661377,-3.5,-2.309999942779541,-0.5356773505268467,descending,
3,right,2192.416230769231,1789025616875,-0.6341206431388855,7.274440765380859,2.620234251022339,-7.070000171661377,-3.5,-2.309999942779541,-0.5552364137245285,descending,
3,right,2192.425846153846,1789025616875,-0.6556568145751953,7.080615043640137,2.6561279296875,-7.070000171661377,-3.5,-2.309999942779541,-0.5764055837923009,descending,
3,right,2192.4354615384614,1789025616875,-0.5719050168991089,6.810216426849365,2.799702405929565,-7.070000171661377,-3.5,-2.309999942779541,-0.5995457660105207,descending,
3,right,2192.445076923077,1789025616875,-0.5431901216506958,6.621176719665527,2.9193477630615234,-7.070000171661377,-3.5,-2.309999942779541,-0.6239799146338723,descending,
3,right,2192.4546923076923,1789025616875,-0.4833674430847168,6.661856174468994,3.137102603912353,-7.070000171661377,-3.5,-2.309999942779541,-0.6473122813428785,descending,
3,right,2192.464307692308,1789025616875,-0.4235447347164154,6.690570831298828,3.309391975402832,-7.070000171661377,-3.5,-2.309999942779541,-0.6697961751052066,descending,
3,right,2192.473,1789025616935,-0.4450809061527252,6.707321166992188,3.369214534759521,-19.25,-3.7100000381469727,-3.430000066757202,-0.6897592842086423,descending,
3,right,2192.482615384615,1789025616935,-0.3948298394680023,6.599640369415283,3.366821765899658,-19.25,-3.7100000381469727,-3.430000066757202,-0.712785465738769,descending,
3,right,2192.492230769231,1789025616935,-0.4570454359054565,6.69296407699585,3.486467123031616,-19.25,-3.7100000381469727,-3.430000066757202,-0.7344949331503577,descending,
3,right,2192.501846153846,1789025616935,-0.4498667120933532,6.85807466506958,3.618077039718628,-19.25,-3.7100000381469727,-3.430000066757202,-0.7542198655240205,descending,
3,right,2192.5114615384614,1789025616935,-0.4809745252132416,7.042328357696533,3.5869691371917725,-19.25,-3.7100000381469727,-3.430000066757202,-0.7723545770427801,descending,
3,right,2192.521076923077,1789025616935,-0.5001177787780762,7.24811840057373,3.479288339614868,-19.25,-3.7100000381469727,-3.430000066757202,-0.7889976221979804,descending,
3,right,2192.5306923076923,1789025616935,-0.5647262930870056,7.559196472167969,3.393143653869629,-19.25,-3.7100000381469727,-3.430000066757202,-0.8031367437012698,descending,
3,right,2192.540307692308,1789025616935,-0.6101915836334229,7.750629425048828,3.295034408569336,-19.25,-3.7100000381469727,-3.430000066757202,-0.8159006655871961,descending,
3,right,2192.55,1789025617012,-0.6604426503181458,7.887024879455566,3.1442811489105225,-8.329999923706055,-4.130000114440918,-2.940000057220459,-0.8280761759919251,descending,
3,right,2192.5596153846154,1789025617012,-0.7011220455169678,7.92531156539917,3.1490671634674072,-8.329999923706055,-4.130000114440918,-2.940000057220459,-0.8397713035192177,descending,
3,right,2192.569230769231,1789025617012,-0.7920525670051575,7.870274543762207,3.2208542823791504,-8.329999923706055,-4.130000114440918,-2.940000057220459,-0.8516399724899938,descending,
3,right,2192.5788461538464,1789025617012,-0.8111958503723145,7.843952655792236,3.175389051437378,-8.329999923706055,-4.130000114440918,-2.940000057220459,-0.863888982602929,descending,
3,right,2192.5884615384616,1789025617012,-0.9116979837417604,7.796094417572021,3.141888380050659,-8.329999923706055,-4.130000114440918,-2.940000057220459,-0.876627821183465,descending,
3,right,2192.5980769230773,1789025617012,-0.9667348861694336,7.635769844055176,3.110780477523804,-8.329999923706055,-4.130000114440918,-2.940000057220459,-0.8908600655168977,descending,
3,right,2192.607692307693,1789025617012,-0.98109233379364,7.441944122314453,3.278284072875977,-8.329999923706055,-4.130000114440918,-2.940000057220459,-0.9061550107131209,descending,
3,right,2192.617307692308,1789025617012,-1.0050214529037476,7.310334205627441,3.3907508850097656,-8.329999923706055,-4.130000114440918,-2.940000057220459,-0.9221569746813071,descending,
3,right,2192.626,1789025617086,-0.923662543296814,7.140437602996826,3.433823108673096,-19.950000762939453,-4.96999979019165,-2.240000009536743,-0.9378459068553048,descending,
3,right,2192.6356153846154,1789025617086,-0.8686256408691406,7.059078693389893,3.4098939895629883,-19.950000762939453,-4.96999979019165,-2.240000009536743,-0.9560098333720176,descending,
3,right,2192.645230769231,1789025617086,-0.8470894694328308,6.949005126953125,3.469716787338257,-19.950000762939453,-4.96999979019165,-2.240000009536743,-0.9748937077853612,descending,
3,right,2192.6548461538464,1789025617086,-0.8016242384910583,6.862860202789307,3.49843168258667,-19.950000762939453,-4.96999979019165,-2.240000009536743,-0.9944163494805717,descending,
3,right,2192.6644615384616,1789025617086,-0.7322298884391785,6.810216426849365,3.512789011001587,-19.950000762939453,-4.96999979019165,-2.240000009536743,-1.014352194353763,descending,
3,right,2192.6740769230773,1789025617086,-0.6269419193267822,6.817395210266113,3.5438969135284424,-19.950000762939453,-4.96999979019165,-2.240000009536743,-1.0341326402536086,descending,
3,right,2192.6836923076926,1789025617086,-0.569512128829956,6.843717098236084,3.6372203826904297,-19.950000762939453,-4.96999979019165,-2.240000009536743,-1.0533129980312055,descending,
3,right,2192.693307692308,1789025617086,-0.5336185097694397,6.886789321899414,3.613291263580322,-19.950000762939453,-4.96999979019165,-2.240000009536743,-1.0722098882893898,descending,
3,right,2192.701,1789025617161,-0.4714028835296631,7.0160064697265625,3.7137932777404794,-16.729999542236328,-5.740000247955322,-2.5899999141693115,-1.0861147820723596,descending,
3,right,2192.7106153846157,1789025617161,-0.4091872870922088,7.159581184387207,3.7185792922973633,-16.729999542236328,-5.740000247955322,-2.5899999141693115,-1.102247649502019,descending,
3,right,2192.720230769231,1789025617161,-0.4211518168449402,7.317512989044189,3.7712230682373047,-16.729999542236328,-5.740000247955322,-2.5899999141693115,-1.1167722431772091,descending,
3,right,2192.729846153846,1789025617161,-0.4307234585285187,7.446730136871338,3.840617418289185,-16.729999542236328,-5.740000247955322,-2.5899999141693115,-1.129870508860123,descending,
3,right,2192.739461538461,1789025617161,-0.3996156454086303,7.571161270141602,3.9530842304229736,-16.729999542236328,-5.740000247955322,-2.5899999141693115,-1.1414243352290079,descending,
3,right,2192.749076923077,1789025617161,-0.4498667120933532,7.695592403411865,3.9315478801727295,-16.729999542236328,-5.740000247955322,-2.5899999141693115,-1.1519629054462972,descending,
3,right,2192.7586923076924,1789025617161,-0.5264397859573364,7.877453327178955,4.012907028198242,-16.729999542236328,-5.740000247955322,-2.5899999141693115,-1.1605428234136648,descending,
3,right,2192.768307692308,1789025617161,-0.5455830693244934,7.965991020202637,4.082301139831543,-16.729999542236328,-5.740000247955322,-2.5899999141693115,-1.168048149353383,descending,
3,right,2192.777,1789025617236,-0.6030128598213196,8.001884460449219,4.194767951965332,-6.090000152587891,-6.650000095367432,-2.240000009536743,-1.1740776218748052,descending,
3,right,2192.7866153846157,1789025617236,-0.6389064788818359,8.049742698669434,4.309627532958984,-6.090000152587891,-6.650000095367432,-2.240000009536743,-1.1798077816137391,descending,
3,right,2192.796230769231,1789025617236,-0.6580497026443481,8.021027565002441,4.333556652069092,-6.090000152587891,-6.650000095367432,-2.240000009536743,-1.185659200097805,descending,
3,right,2192.8058461538462,1789025617236,-0.7154794931411743,8.028206825256348,4.424487113952637,-6.090000152587891,-6.650000095367432,-2.240000009536743,-1.191004966893568,descending,
3,right,2192.815461538461,1789025617236,-0.7202653288841248,7.934883117675781,4.5704545974731445,-6.090000152587891,-6.650000095367432,-2.240000009536743,-1.1964804208920083,descending,
3,right,2192.825076923077,1789025617236,-0.679585874080658,7.879846572875977,4.580026149749756,-6.090000152587891,-6.650000095367432,-2.240000009536743,-1.2023925547335979,descending,
3,right,2192.8346923076924,1789025617236,-0.6556568145751953,7.92531156539917,4.642241477966309,-6.090000152587891,-6.650000095367432,-2.240000009536743,-1.2076420388381128,descending,
3,right,2192.844307692308,1789025617236,-0.5934411883354187,8.009063720703125,4.611134052276611,-6.090000152587891,-6.650000095367432,-2.240000009536743,-1.212350162226171,descending,
3,right,2192.853,1789025617311,-0.5025107264518738,8.210067749023438,4.625491142272949,-0.7699999809265137,-7.349999904632568,-2.1700000762939453,-1.215055268539893,descending,
3,right,2192.8626153846158,1789025617311,-0.4450809061527252,8.241175651550293,4.637455940246582,-0.7699999809265137,-7.349999904632568,-2.1700000762939453,-1.217758834590851,descending,
3,right,2192.872230769231,1789025617311,-0.3661149442195892,8.384750366210938,4.697278499603272,-0.7699999809265137,-7.349999904632568,-2.1700000762939453,-1.219017006130479,descending,
3,right,2192.8818461538463,1789025617311,-0.3134709596633911,8.590539932250977,4.558489799499512,-0.7699999809265137,-7.349999904632568,-2.1700000762939453,-1.2191963247391484,descending,
3,right,2192.891461538461,1789025617311,-0.27997025847435,8.839402198791504,4.582418918609619,-0.7699999809265137,-7.349999904632568,-2.1700000762939453,-1.2171780958053968,descending,
3,right,2192.901076923077,1789025617311,-0.2464695274829864,8.908797264099121,4.520203590393066,-0.7699999809265137,-7.349999904632568,-2.1700000762939453,-1.2148694631795254,descending,
3,right,2192.9106923076924,1789025617311,-0.2249333560466766,8.994941711425781,4.582418918609619,-0.7699999809265137,-7.349999904632568,-2.1700000762939453,-1.211555280084015,descending,
3,right,2192.920307692308,1789025617311,-0.2703986167907715,9.049978256225586,4.517810344696045,-0.7699999809265137,-7.349999904632568,-2.1700000762939453,-1.208042614472497,descending,
3,right,2192.929,1789025617395,-0.2656128108501434,9.138516426086426,4.596776485443115,4.059999942779541,-7.769999980926514,-1.75,-1.2038632783402845,descending,
3,right,2192.938615384616,1789025617395,-0.3541503846645355,9.172017097473145,4.587204933166504,4.059999942779541,-7.769999980926514,-1.75,-1.1989540909077434,descending,
3,right,2192.948230769231,1789025617395,-0.4020085632801056,9.160052299499512,4.658992290496826,4.059999942779541,-7.769999980926514,-1.75,-1.1937992019403172,descending,
3,right,2192.9578461538463,1789025617395,-0.5168681740760803,9.049978256225586,4.694885730743408,4.059999942779541,-7.769999980926514,-1.75,-1.1893668419529753,descending,
3,right,2192.967461538461,1789025617395,-0.540797233581543,9.0284423828125,4.74752950668335,4.059999942779541,-7.769999980926514,-1.75,-1.184872511559958,descending,
3,right,2192.977076923077,1789025617395,-0.6221560835838318,9.064335823059082,4.6685638427734375,4.059999942779541,-7.769999980926514,-1.75,-1.1803876178686228,descending,
3,right,2192.9866923076925,1789025617395,-0.6508709788322449,9.057157516479492,4.673349380493164,4.059999942779541,-7.769999980926514,-1.75,-1.1759285029504059,descending,
3,right,2192.996307692308,1789025617395,-0.6700142621994019,9.167230606079102,4.630277156829834,4.059999942779541,-7.769999980926514,-1.75,-1.1707134826335908,descending,
3,right,2193.005,1789025617461,-0.6365135312080383,9.363449096679688,4.431665897369385,7.349999904632568,-8.1899995803833,-1.4700000286102295,-1.1652925460710857,descending,
3,right,2193.014615384616,1789025617461,-0.6508709788322449,9.514202117919922,4.453201770782471,7.349999904632568,-8.1899995803833,-1.4700000286102295,-1.1579015194942293,descending,
3,right,2193.024230769231,1789025617461,-0.6460852026939392,9.70563507080078,4.410129547119141,7.349999904632568,-8.1899995803833,-1.4700000286102295,-1.1490584904131762,descending,
3,right,2193.0338461538463,1789025617461,-0.6317277550697327,9.753493309020996,4.376628875732422,7.349999904632568,-8.1899995803833,-1.4700000286102295,-1.1399509413063886,descending,
3,right,2193.043461538461,1789025617461,-0.6700142621994019,9.86117458343506,4.3048415184021,7.349999904632568,-8.1899995803833,-1.4700000286102295,-1.1302035923493055,descending,
3,right,2193.053076923077,1789025617461,-0.6700142621994019,9.873138427734377,4.326377868652344,7.349999904632568,-8.1899995803833,-1.4700000286102295,0,resting,
3,right,2193.0626923076925,1789025617461,-0.6508709788322449,9.856388092041016,4.268948078155518,7.349999904632568,-8.1899995803833,-1.4700000286102295,0.009023267411642888,resting,
3,right,2193.072307692308,1789025617461,-0.7011220455169678,9.784601211547852,4.321591854095459,7.349999904632568,-8.1899995803833,-1.4700000286102295,0.017686443795428063,resting,
3,right,2193.081,1789025617536,-0.6867645978927612,9.729564666748049,4.316806316375732,5.670000076293945,-7.769999980926514,-0.699999988079071,0.025069254738841334,resting,
3,right,2193.0906153846154,1789025617536,-0.6652284264564514,9.71520709991455,4.347914218902588,5.670000076293945,-7.769999980926514,-0.699999988079071,0.033237668721129036,resting,
3,right,2193.100230769231,1789025617536,-0.6580497026443481,9.703242301940918,4.242626190185547,5.670000076293945,-7.769999980926514,-0.699999988079071,0.04086134946442613,resting,
3,right,2193.1098461538463,1789025617536,-0.6963362693786621,9.621883392333984,4.38380765914917,5.670000076293945,-7.769999980926514,-0.699999988079071,0.04839538090023302,resting,
3,right,2193.1194615384616,1789025617536,-0.667621374130249,9.55009651184082,4.34073543548584,5.670000076293945,-7.769999980926514,-0.699999988079071,0.05511667022520506,resting,
3,right,2193.1290769230773,1789025617536,-0.6580497026443481,9.53334617614746,4.484309673309326,5.670000076293945,-7.769999980926514,-0.699999988079071,0.06228393819477557,resting,
3,right,2193.1386923076925,1789025617536,-0.667621374130249,9.57402515411377,4.541739463806152,5.670000076293945,-7.769999980926514,-0.699999988079071,0.07004416754262861,resting,
3,right,2193.148307692308,1789025617536,-0.6125844717025757,9.81810188293457,4.716422080993652,5.670000076293945,-7.769999980926514,-0.699999988079071,0.08060809786425462,resting,
3,right,2193.157,1789025617611,-0.6341206431388855,10.093286514282228,4.776244640350342,-1.8200000524520876,-7.699999809265137,-0.9800000190734864,0.09254261542485198,resting,
3,right,2193.1666153846154,1789025617611,-0.619763195514679,10.229681968688965,4.745136737823486,-1.8200000524520876,-7.699999809265137,-0.9800000190734864,0.10678533396675259,resting,
3,right,2193.176230769231,1789025617611,-0.6245490312576294,10.471365928649902,4.816924095153809,-1.8200000524520876,-7.699999809265137,-0.9800000190734864,0.12341577401248632,resting,
3,right,2193.1858461538463,1789025617611,-0.648478090763092,10.818337440490724,5.056214809417725,-1.8200000524520876,-7.699999809265137,-0.9800000190734864,0.1440432040778206,ascending,11
3,right,2193.1954615384616,1789025617611,-0.667621374130249,11.052842140197754,5.178253173828125,-1.8200000524520876,-7.699999809265137,-0.9800000190734864,0.16720598267618278,ascending,11
3,right,2193.2050769230773,1789025617611,-0.7394086122512817,11.404600143432615,5.254826068878174,-1.8200000524520876,-7.699999809265137,-0.9800000190734864,0.19376308127714942,ascending,11
3,right,2193.2146923076925,1789025617611,-0.7872667908668518,11.80421543121338,5.415151119232178,-1.8200000524520876,-7.699999809265137,-0.9800000190734864,0.22445683880297823,ascending,11
3,right,2193.224307692308,1789025617611,-0.9308412671089172,12.182294845581056,5.549153804779053,-1.8200000524520876,-7.699999809265137,-0.9800000190734864,0.2590393395606077,ascending,11
3,right,2193.232,1789025617717,-0.923662543296814,12.543623924255373,5.580261707305908,8.960000038146973,-6.369999885559082,-0.3499999940395355,0.2893059610150965,ascending,11
3,right,2193.241615384615,1789025617717,-1.0169858932495115,12.804450988769531,5.647263050079346,8.960000038146973,-6.369999885559082,-0.3499999940395355,0.3297112584404542,ascending,11
3,right,2193.251230769231,1789025617717,-1.098344802856445,13.17056655883789,5.735800743103027,8.960000038146973,-6.369999885559082,-0.3499999940395355,0.3736851774860661,ascending,11
3,right,2193.260846153846,1789025617717,-1.0169858932495115,13.622825622558594,5.932019233703613,8.960000038146973,-6.369999885559082,-0.3499999940395355,0.4223311689906615,ascending,11
3,right,2193.2704615384614,1789025617717,-1.0552724599838257,13.850152015686035,5.824338436126709,8.960000038146973,-6.369999885559082,-0.3499999940395355,0.4725237345869128,ascending,11
3,right,2193.280076923077,1789025617717,-1.0409150123596191,13.943475723266602,5.812373638153076,8.960000038146973,-6.369999885559082,-0.3499999940395355,0.523456865022254,ascending,11
3,right,2193.2896923076923,1789025617717,-0.95477032661438,14.027227401733398,5.860231876373291,8.960000038146973,-6.369999885559082,-0.3499999940395355,0.5752522834050472,ascending,11
3,right,2193.299307692308,1789025617717,-0.8949476480484009,14.103800773620604,5.896125316619873,8.960000038146973,-6.369999885559082,-0.3499999940395355,0.627812013392527,ascending,11
3,right,2193.308,1789025617791,-0.7848738431930542,14.26173210144043,5.66879940032959,13.720000267028809,-5.809999942779541,1.1200000047683716,0.6756977043288759,ascending,11
3,right,2193.3176153846152,1789025617791,-0.7178724408149719,14.453165054321287,5.558725357055664,13.720000267028809,-5.809999942779541,1.1200000047683716,0.7298669537427745,ascending,11
3,right,2193.327230769231,1789025617791,-0.6221560835838318,14.467522621154783,5.429508686065674,13.720000267028809,-5.809999942779541,1.1200000047683716,0.7836023268518265,ascending,11
3,right,2193.336846153846,1789025617791,-0.5264397859573364,14.395734786987305,5.300291538238525,13.720000267028809,-5.809999942779541,1.1200000047683716,0.8361543974551204,ascending,11
3,right,2193.3464615384614,1789025617791,-0.5049036145210266,14.412485122680664,5.0346784591674805,13.720000267028809,-5.809999942779541,1.1200000047683716,0.8878078754986201,ascending,11
3,right,2193.356076923077,1789025617791,-0.4953319728374481,14.469915390014648,4.857603549957275,13.720000267028809,-5.809999942779541,1.1200000047683716,0.939278954157058,ascending,11
3,right,2193.3656923076924,1789025617791,-0.44268798828125,14.321555137634276,4.855210304260254,13.720000267028809,-5.809999942779541,1.1200000047683716,0.9894189645260686,ascending,11
3,right,2193.375307692308,1789025617791,-0.461831271648407,14.034405708312988,4.941355228424072,13.720000267028809,-5.809999942779541,1.1200000047683716,1.03737481096687,ascending,11
3,right,2193.384,1789025617850,-0.5384043455123901,13.74965000152588,4.92221212387085,-8.1899995803833,-6.019999980926514,1.6100000143051147,1.0783957693035877,ascending,11
3,right,2193.3936153846157,1789025617850,-0.588655412197113,13.61086082458496,4.92221212387085,-8.1899995803833,-6.019999980926514,1.6100000143051147,1.1225393402505217,ascending,11
3,right,2193.403230769231,1789025617850,-0.6867645978927612,13.46489429473877,4.938962459564209,-8.1899995803833,-6.019999980926514,1.6100000143051147,1.1654722789249286,ascending,11
3,right,2193.412846153846,1789025617850,-0.7537660598754883,13.230388641357422,5.037071704864502,-8.1899995803833,-6.019999980926514,1.6100000143051147,1.2067207328176377,ascending,11
3,right,2193.422461538461,1789025617850,-0.7992312908172607,12.957597732543944,5.288326740264893,-8.1899995803833,-6.019999980926514,1.6100000143051147,1.2465405865175831,ascending,11
3,right,2193.432076923077,1789025617850,-0.8566610813140869,12.620197296142578,5.376864433288574,-8.1899995803833,-6.019999980926514,1.6100000143051147,1.2837433151136404,ascending,11
3,right,2193.4416923076924,1789025617850,-0.8135887384414673,12.40483570098877,5.467794895172119,-8.1899995803833,-6.019999980926514,1.6100000143051147,1.3193743637145081,ascending,11
3,right,2193.451307692308,1789025617850,-0.8375178575515747,12.23015308380127,5.498902797698975,-8.1899995803833,-6.019999980926514,1.6100000143051147,1.353586659666517,ascending,11
3,right,2193.461,1789025617943,-0.7776951193809509,11.89035987854004,5.604190826416016,-25.40999984741211,-5.809999942779541,1.6100000143051147,1.3854561805734227,ascending,11
3,right,2193.470615384615,1789025617943,-0.6915504336357117,11.471601486206056,5.606583595275879,-25.40999984741211,-5.809999942779541,1.6100000143051147,1.413389888980435,ascending,11
3,right,2193.4802307692307,1789025617943,-0.6700142621994019,11.275382995605469,5.83390998840332,-25.40999984741211,-5.809999942779541,1.6100000143051147,1.4405331017482599,ascending,11
3,right,2193.489846153846,1789025617943,-0.6054057478904724,11.134201049804688,5.879374980926514,-25.40999984741211,-5.809999942779541,1.6100000143051147,1.466626406884267,ascending,11
3,right,2193.499461538461,1789025617943,-0.5240468978881836,11.103093147277832,5.838695526123047,-25.40999984741211,-5.809999942779541,1.6100000143051147,1.4922652532438299,ascending,11
3,right,2193.509076923077,1789025617943,-0.4642241597175598,10.923624992370604,5.728621959686279,-25.40999984741211,-5.809999942779541,1.6100000143051147,1.5158793679982556,ascending,11
3,right,2193.518692307692,1789025617943,-0.4020085632801056,10.732192993164062,5.783658981323242,-25.40999984741211,-5.809999942779541,1.6100000143051147,1.5380647777194183,ascending,11
3,right,2193.5283076923074,1789025617943,-0.3541503846645355,10.605368614196776,5.867410659790039,-25.40999984741211,-5.809999942779541,1.6100000143051147,1.55951724066405,ascending,11
3,right,2193.536,1789025618000,-0.3326142132282257,10.595796585083008,5.79801607131958,-9.3100004196167,-5.039999961853027,1.8899999856948853,1.5763694635302075,ascending,11
3,right,2193.5456153846158,1789025618000,-0.3302213251590729,10.533581733703612,5.6879425048828125,-9.3100004196167,-5.039999961853027,1.8899999856948853,1.5964229395216845,ascending,11
3,right,2193.555230769231,1789025618000,-0.2991135120391845,10.378042221069336,5.640084266662598,-9.3100004196167,-5.039999961853027,1.8899999856948853,1.6149262238434527,ascending,11
3,right,2193.5648461538462,1789025618000,-0.2823631465435028,10.229681968688965,5.592226028442383,-9.3100004196167,-5.039999961853027,1.8899999856948853,1.6319467840703457,ascending,11
3,right,2193.574461538461,1789025618000,-0.3254354894161224,10.01671314239502,5.539582252502441,-9.3100004196167,-5.039999961853027,1.8899999856948853,1.646932004516,ascending,11
3,right,2193.584076923077,1789025618000,-0.3948298394680023,9.928175926208496,5.367292881011963,-9.3100004196167,-5.039999961853027,1.8899999856948853,1.6604163236549203,ascending,11
3,right,2193.5936923076924,1789025618000,-0.5360113978385925,9.868352890014648,5.262004852294922,-9.3100004196167,-5.039999961853027,1.8899999856948853,1.6729603862776445,ascending,11
3,right,2193.603307692308,1789025618000,-0.5742979645729065,9.779815673828123,5.149538040161133,-9.3100004196167,-5.039999961853027,1.8899999856948853,1.6842561563972607,ascending,11
3,right,2193.612,1789025618075,-0.6269419193267822,9.684099197387695,5.05142879486084,5.740000247955322,-4.760000228881836,2.0999999046325684,1.6933480056545431,ascending,11
3,right,2193.621615384616,1789025618075,-0.6915504336357117,9.614705085754396,4.996392250061035,5.740000247955322,-4.760000228881836,2.0999999046325684,1.7025897900669036,ascending,11
3,right,2193.631230769231,1789025618075,-0.7202653288841248,9.432844161987305,4.953319549560547,5.740000247955322,-4.760000228881836,2.0999999046325684,1.710102457411357,ascending,11
3,right,2193.6408461538463,1789025618075,-0.7154794931411743,9.250982284545898,4.919818878173828,5.740000247955322,-4.760000228881836,2.0999999046325684,1.7159171075745137,ascending,11
3,right,2193.650461538461,1789025618075,-0.6819788217544556,9.03562068939209,4.938962459564209,5.740000247955322,-4.760000228881836,2.0999999046325684,1.719972379044008,ascending,11
3,right,2193.660076923077,1789025618075,-0.5671192407608032,8.961441040039062,4.929390907287598,5.740000247955322,-4.760000228881836,2.0999999046325684,1.7233106098338147,ascending,11
3,right,2193.6696923076925,1789025618075,-0.5025107264518738,8.906403541564941,4.958105564117432,5.740000247955322,-4.760000228881836,2.0999999046325684,1.7262840109558764,ascending,11
3,right,2193.679307692308,1789025618075,-0.4187589287757873,8.844188690185547,4.915033340454102,5.740000247955322,-4.760000228881836,2.0999999046325684,1.7285044758368582,ascending,11
3,right,2193.688,1789025618151,-0.3110780417919159,8.66472053527832,4.94853401184082,-0.0700000002980232,-5.179999828338623,0.8400000333786011,1.72923553658145,ascending,11
3,right,2193.697615384616,1789025618151,-0.2512553632259369,8.580968856811523,5.027499675750732,-0.0700000002980232,-5.179999828338623,0.8400000333786011,1.729671550855968,ascending,11
3,right,2193.707230769231,1789025618151,-0.2392908036708831,8.714971542358398,4.824102878570557,-0.0700000002980232,-5.179999828338623,0.8400000333786011,1.7303310054020733,ascending,11
3,right,2193.7168461538463,1789025618151,-0.2153617292642593,8.662327766418457,4.857603549957275,-0.0700000002980232,-5.179999828338623,0.8400000333786011,1.7306907683539694,ascending,11
3,right,2193.726461538461,1789025618151,-0.2345049977302551,8.698221206665039,4.438844680786133,-0.0700000002980232,-5.179999828338623,0.8400000333786011,1.7294734735168447,ascending,11
3,right,2193.736076923077,1789025618151,-0.2153617292642593,8.676684379577637,4.438844680786133,-0.0700000002980232,-5.179999828338623,0.8400000333786011,1.7280710519382991,ascending,11
3,right,2193.7456923076925,1789025618151,-0.2823631465435028,8.59293270111084,4.209125518798828,-0.0700000002980232,-5.179999828338623,0.8400000333786011,1.7249501151407518,ascending,11
3,right,2193.755307692308,1789025618151,-0.3302213251590729,8.336892127990723,4.163660049438477,-0.0700000002980232,-5.179999828338623,0.8400000333786011,1.7194680367000383,ascending,11
3,right,2193.764,1789025618225,-0.4331163763999939,8.107172966003418,3.8621537685394287,18.549999237060547,-4.690000057220459,2.1700000762939453,1.7115689878789035,ascending,11
3,right,2193.773615384616,1789025618225,-0.4714028835296631,8.083243370056152,3.6300415992736816,18.549999237060547,-4.690000057220459,2.1700000762939453,1.7016339391346793,ascending,11
3,right,2193.783230769231,1789025618225,-0.49054616689682,7.90856122970581,3.570218801498413,18.549999237060547,-4.690000057220459,2.1700000762939453,1.6899724463426384,ascending,11
3,right,2193.7928461538463,1789025618225,-0.5623334050178528,7.697985172271728,3.6085054874420166,18.549999237060547,-4.690000057220459,2.1700000762939453,1.6767137549325841,ascending,11
3,right,2193.8024615384616,1789025618225,-0.6077986359596252,7.60466194152832,3.500824451446533,18.549999237060547,-4.690000057220459,2.1700000762939453,1.6622219316683573,ascending,11
3,right,2193.8120769230773,1789025618225,-0.6532639265060425,7.420407772064209,3.330928087234497,18.549999237060547,-4.690000057220459,2.1700000762939453,1.6454533641327544,ascending,11
3,right,2193.8216923076925,1789025618225,-0.6604426503181458,7.331870555877685,3.251962184906006,18.549999237060547,-4.690000057220459,2.1700000762939453,1.6276115796640283,ascending,11
3,right,2193.831307692308,1789025618225,-0.6054057478904724,7.293583869934082,3.19453239440918,18.549999237060547,-4.690000057220459,2.1700000762939453,1.6092030181914532,ascending,11
3,right,2193.84,1789025618302,-0.5527617931365967,7.307941436767578,3.0174570083618164,23.030000686645508,-3.569999933242798,2.380000114440918,1.5920155119717534,ascending,11
3,right,2193.8496153846154,1789025618302,-0.4402951002120971,7.145223617553711,2.9815635681152344,23.030000686645508,-3.569999933242798,2.380000114440918,1.5714353712247038,ascending,11
3,right,2193.859230769231,1789025618302,-0.4115802049636841,7.071043491363525,2.8690967559814453,23.030000686645508,-3.569999933242798,2.380000114440918,1.5497708290946055,ascending,11
3,right,2193.8688461538463,1789025618302,-0.3661149442195892,6.9872918128967285,2.7422726154327397,23.030000686645508,-3.569999933242798,2.380000114440918,1.5268811241907114,ascending,11
3,right,2193.8784615384616,1789025618302,-0.2775773406028747,6.939433574676514,2.6800570487976074,23.030000686645508,-3.569999933242798,2.380000114440918,1.5033294276611802,ascending,11
3,right,2193.8880769230773,1789025618302,-0.2249333560466766,6.860467433929443,2.6800570487976074,23.030000686645508,-3.569999933242798,2.380000114440918,1.479099954991021,ascending,11
3,right,2193.8976923076925,1789025618302,-0.1746822893619537,6.781501770019531,2.684842824935913,23.030000686645508,-3.569999933242798,2.380000114440918,1.4542076811176174,ascending,11
3,right,2193.907307692308,1789025618302,-0.1627177447080612,6.716893196105957,2.7733805179595947,23.030000686645508,-3.569999933242798,2.380000114440918,1.429105467917256,ascending,11
3,right,2193.916,1789025618375,-0.1435744911432266,6.714499950408936,2.7279152870178223,17.989999771118164,-3.009999990463257,2.240000009536743,1.4062477834830054,ascending,11
3,right,2193.9256153846154,1789025618375,-0.1698964685201645,6.645105838775635,2.754237174987793,17.989999771118164,-3.009999990463257,2.240000009536743,1.380472181012468,ascending,11
3,right,2193.935230769231,1789025618375,-0.2105759084224701,6.47520923614502,2.591519355773926,17.989999771118164,-3.009999990463257,2.240000009536743,1.3526124397974746,ascending,11
3,right,2193.9448461538464,1789025618375,-0.2297191768884658,6.403421878814697,2.4288017749786377,17.989999771118164,-3.009999990463257,2.240000009536743,1.3235408033261598,ascending,11
3,right,2193.9544615384616,1789025618375,-0.2895418703556061,6.3699212074279785,2.21343994140625,17.989999771118164,-3.009999990463257,2.240000009536743,1.293421853064471,ascending,11
3,right,2193.9640769230773,1789025618375,-0.3062922358512878,6.322062969207764,2.1655819416046143,17.989999771118164,-3.009999990463257,2.240000009536743,1.2627322604217532,ascending,11
3,right,2193.9736923076925,1789025618375,-0.3350071310997009,6.312491416931152,1.995685338973999,17.989999771118164,-3.009999990463257,2.240000009536743,1.2313795768819982,ascending,11
3,right,2193.983307692308,1789025618375,-0.3038993179798126,6.116272926330566,1.9191123247146609,17.989999771118164,-3.009999990463257,2.240000009536743,1.1980243425766588,ascending,11
3,right,2193.992,1789025618488,-0.308685153722763,6.087558269500732,1.7252867221832275,23.170000076293945,-2.5199999809265137,3.150000095367432,1.1670487962812366,ascending,11
3,right,2194.0016153846154,1789025618488,-0.3015064299106598,5.896125316619873,1.7252867221832275,23.170000076293945,-2.5199999809265137,3.150000095367432,1.1311072985321569,ascending,11
3,right,2194.011230769231,1789025618488,-0.2656128108501434,5.66879940032959,1.8353605270385744,23.170000076293945,-2.5199999809265137,3.150000095367432,1.0935366516168414,ascending,11
3,right,2194.0208461538464,1789025618488,-0.2368979007005691,5.290719985961914,1.9215052127838133,23.170000076293945,-2.5199999809265137,3.150000095367432,1.0528895729447656,ascending,11
3,right,2194.0304615384616,1789025618488,-0.2033971846103668,5.132787704467773,1.9143264293670652,23.170000076293945,-2.5199999809265137,3.150000095367432,1.0108130009634364,ascending,11
3,right,2194.0400769230773,1789025618488,-0.0981092303991317,4.917426109313965,2.151224374771118,23.170000076293945,-2.5199999809265137,3.150000095367432,0.9675905554652556,ascending,11
3,right,2194.049692307693,1789025618488,-0.1435744911432266,4.764279842376709,2.086615800857544,23.170000076293945,-2.5199999809265137,3.150000095367432,0.9227908897012979,ascending,11
3,right,2194.059307692308,1789025618488,-0.0574297942221164,4.465166568756104,2.1033661365509038,23.170000076293945,-2.5199999809265137,3.150000095367432,0.8753380758052272,ascending,11
3,right,2194.068,1789025618525,0.0191432647407054,4.496274471282959,2.043543577194214,-7.559999942779541,-3.150000095367432,1.4700000286102295,0.832526800055148,ascending,11
3,right,2194.0776153846155,1789025618525,0.0789659693837165,4.374236106872559,2.2373690605163574,-7.559999942779541,-3.150000095367432,1.4700000286102295,0.7847258221528788,ascending,11
3,right,2194.087230769231,1789025618525,0.0909305065870285,4.489095687866211,2.1320810317993164,-7.559999942779541,-3.150000095367432,1.4700000286102295,0.7376401682922193,ascending,11
3,right,2194.0968461538464,1789025618525,0.1172524988651275,4.541739463806152,2.136866807937622,-7.559999942779541,-3.150000095367432,1.4700000286102295,0.6910692484086716,ascending,11
3,right,2194.1064615384616,1789025618525,0.1411815732717514,4.759494304656982,1.90954065322876,-7.559999942779541,-3.150000095367432,1.4700000286102295,0.6457252484025087,ascending,11
3,right,2194.1160769230773,1789025618525,0.1124666780233383,4.862389087677002,2.0339717864990234,-7.559999942779541,-3.150000095367432,1.4700000286102295,0.6017541074528275,ascending,11
3,right,2194.1256923076926,1789025618525,0.0957163274288177,5.206967830657959,1.9908995628356931,-7.559999942779541,-3.150000095367432,1.4700000286102295,0.5607669908696166,ascending,11
3,right,2194.135307692308,1789025618525,0.0909305065870285,5.218932628631592,2.043543577194214,-7.559999942779541,-3.150000095367432,1.4700000286102295,0.5200868928385108,ascending,11
3,right,2194.143,1789025618600,0.0598227009177207,5.295505523681641,1.8568966388702397,1.75,-2.870000123977661,0.5600000023841858,0.4876069153001337,ascending,11
3,right,2194.1526153846157,1789025618600,-0.0047858161851763,5.439080238342285,1.7827165126800537,1.75,-2.870000123977661,0.5600000023841858,0.4480790805633426,ascending,11
3,right,2194.162230769231,1789025618600,-0.033500712364912,5.61615514755249,1.6247845888137815,1.75,-2.870000123977661,0.5600000023841858,0.40963722523511586,ascending,11
3,right,2194.171846153846,1789025618600,-0.1148595884442329,5.778872966766357,1.5793193578720093,1.75,-2.870000123977661,0.5600000023841858,0.37253893929188736,ascending,11
3,right,2194.181461538461,1789025618600,-0.1555390208959579,5.809980869293213,1.560176134109497,1.75,-2.870000123977661,0.5600000023841858,0.33568153655790534,ascending,11
3,right,2194.191076923077,1789025618600,-0.2249333560466766,5.85066032409668,1.5266753435134888,1.75,-2.870000123977661,0.5600000023841858,0.29910691022205954,ascending,11
3,right,2194.2006923076924,1789025618600,-0.3326142132282257,5.908090114593506,1.581712245941162,1.75,-2.870000123977661,0.5600000023841858,0.26326834000865523,ascending,11
3,right,2194.210307692308,1789025618600,-0.3421858549118042,6.049271583557129,1.555390238761902,1.75,-2.870000123977661,0.5600000023841858,0.22863236353621924,ascending,11
3,right,2194.219,1789025618675,-0.4474738240242004,6.006199359893799,1.6941789388656616,-1.75,-2.309999942779541,0.1400000005960464,0.19741694266504162,ascending,11
3,right,2194.2286153846158,1789025618675,-0.5336185097694397,6.030128479003906,1.8281817436218264,-1.75,-2.309999942779541,0.1400000005960464,0.16357862268819418,ascending,11
3,right,2194.238230769231,1789025618675,-0.5766908526420593,6.054057598114014,2.1201164722442627,-1.75,-2.309999942779541,0.1400000005960464,0.13095771518714763,ascending,11
3,right,2194.2478461538462,1789025618675,-0.6365135312080383,6.087558269500732,2.2732627391815186,-1.75,-2.309999942779541,0.1400000005960464,0.09917629662211382,ascending,11
3,right,2194.257461538461,1789025618675,-0.7513731122016907,6.013378143310547,2.479052782058716,-1.75,-2.309999942779541,0.1400000005960464,0.06744993701994156,ascending,11
3,right,2194.267076923077,1789025618675,-0.7513731122016907,5.745372295379639,2.6321988105773926,-1.75,-2.309999942779541,0.1400000005960464,0.033842841998882364,ascending,11
3,right,2194.2766923076924,1789025618675,-0.758551836013794,5.513260364532471,2.706378936767578,-1.75,-2.309999942779541,0.1400000005960464,-0.0015852420225030664,resting,
3,right,2194.286307692308,1789025618675,-0.6867645978927612,5.206967830657959,3.1155662536621094,-1.75,-2.309999942779541,0.1400000005960464,-0.03837893419728537,resting,
3,right,2194.296,1789025618766,-0.6580497026443481,5.0418572425842285,3.278284072875977,-48.86000061035156,-4.199999809265137,-2.240000009536743,-0.07629364010606005,resting,
3,right,2194.305615384615,1789025618766,-0.5910483002662659,5.058607578277588,3.357249975204468,-48.86000061035156,-4.199999809265137,-2.240000009536743,-0.11337275160948439,resting,
3,right,2194.3152307692308,1789025618766,-0.4737958014011383,4.491488456726074,3.673113822937012,-48.86000061035156,-4.199999809265137,-2.240000009536743,-0.15426799484449202,resting,
3,right,2194.324846153846,1789025618766,-0.5144752264022827,4.647027492523193,3.457752227783203,-48.86000061035156,-4.199999809265137,-2.240000009536743,-0.19441280627169083,resting,
3,right,2194.3344615384613,1789025618766,-0.4522596299648285,4.718814849853516,3.5510756969451904,-48.86000061035156,-4.199999809265137,-2.240000009536743,-0.23345117474255975,descending,
3,right,2194.344076923077,1789025618766,-0.4546525478363037,5.0418572425842285,3.4936459064483643,-48.86000061035156,-4.199999809265137,-2.240000009536743,-0.26972903862652525,descending,
3,right,2194.353692307692,1789025618766,-0.4283305406570434,5.410365104675293,3.570218801498413,-48.86000061035156,-4.199999809265137,-2.240000009536743,-0.3023634227246194,descending,
3,right,2194.3633076923074,1789025618766,-0.4355092644691467,5.79083776473999,3.4170727729797363,-48.86000061035156,-4.199999809265137,-2.240000009536743,-0.33217327311365746,descending,
3,right,2194.372,1789025618826,-0.4546525478363037,5.900911331176758,3.54150390625,-21.770000457763672,-4.130000114440918,-3.220000028610229,-0.35775773948981837,descending,
3,right,2194.381615384615,1789025618826,-0.5192610621452332,6.1378092765808105,3.4194657802581787,-21.770000457763672,-4.130000114440918,-3.220000028610229,-0.38442485954012967,descending,
3,right,2194.391230769231,1789025618826,-0.5264397859573364,6.231132507324219,3.5319323539733887,-21.770000457763672,-4.130000114440918,-3.220000028610229,-0.40977887710967786,descending,
3,right,2194.400846153846,1789025618826,-0.5671192407608032,6.59724760055542,3.2208542823791504,-21.770000457763672,-4.130000114440918,-3.220000028610229,-0.4331882713600993,descending,
3,right,2194.4104615384613,1789025618826,-0.6125844717025757,6.669034957885742,3.239997625350952,-21.770000457763672,-4.130000114440918,-3.220000028610229,-0.4558648925272887,descending,
3,right,2194.420076923077,1789025618826,-0.6963362693786621,6.800644874572754,3.2160685062408447,-21.770000457763672,-4.130000114440918,-3.220000028610229,-0.47746408312788097,descending,
3,right,2194.429692307692,1789025618826,-0.7418015003204346,6.733643531799316,3.457752227783203,-21.770000457763672,-4.130000114440918,-3.220000028610229,-0.49859374908347526,descending,
3,right,2194.4393076923075,1789025618826,-0.806410014629364,6.903539657592773,3.2998201847076416,-21.770000457763672,-4.130000114440918,-3.220000028610229,-0.518888751314962,descending,
3,right,2194.447,1789025618915,-0.8303391337394714,6.984898567199707,3.462538003921509,-9.029999732971191,-3.990000009536743,-2.450000047683716,-0.5339916904265012,descending,
3,right,2194.456615384616,1789025618915,-0.8159816861152649,7.126080513000488,3.3069989681243896,-9.029999732971191,-3.990000009536743,-2.450000047683716,-0.5523041117244657,descending,
3,right,2194.466230769231,1789025618915,-0.8279461860656738,7.355799674987793,3.4673237800598145,-9.029999732971191,-3.990000009536743,-2.450000047683716,-0.5679342528636034,descending,
3,right,2194.4758461538463,1789025618915,-0.8758043646812439,7.693199634552002,3.469716787338257,-9.029999732971191,-3.990000009536743,-2.450000047683716,-0.5806228273383003,descending,
3,right,2194.485461538461,1789025618915,-0.8662327527999878,7.920525550842285,3.6156840324401855,-9.029999732971191,-3.990000009536743,-2.450000047683716,-0.5907219190602457,descending,
3,right,2194.495076923077,1789025618915,-0.8997334241867065,8.22203254699707,3.5438969135284424,-9.029999732971191,-3.990000009536743,-2.450000047683716,-0.598516578563264,descending,
3,right,2194.5046923076925,1789025618915,-0.8710185289382935,8.3871431350708,3.773616075515747,-9.029999732971191,-3.990000009536743,-2.450000047683716,-0.6039074537144921,descending,
3,right,2194.514307692308,1789025618915,-0.8159816861152649,8.375178337097168,3.787973403930664,-9.029999732971191,-3.990000009536743,-2.450000047683716,-0.60935270164046,descending,
3,right,2194.523,1789025619041,-0.7394086122512817,8.298604965209961,4.070336818695068,-5.460000038146973,-4.130000114440918,-2.1700000762939453,-0.6137905993538745,descending,
3,right,2194.5326153846154,1789025619041,-0.7011220455169678,8.358428001403809,4.04401445388794,-5.460000038146973,-4.130000114440918,-2.1700000762939453,-0.618307909995872,descending,
3,right,2194.542230769231,1789025619041,-0.6508709788322449,8.39432144165039,4.280912399291992,-5.460000038146973,-4.130000114440918,-2.1700000762939453,-0.6215103683188582,descending,
3,right,2194.5518461538463,1789025619041,-0.5623334050178528,8.6096830368042,4.256983280181885,-5.460000038146973,-4.130000114440918,-2.1700000762939453,-0.623004589977586,descending,
3,right,2194.5614615384616,1789025619041,-0.509689450263977,8.631219863891602,4.4938812255859375,-5.460000038146973,-4.130000114440918,-2.1700000762939453,-0.6233105445041542,descending,
3,right,2194.5710769230773,1789025619041,-0.4498667120933532,8.746079444885254,4.513024806976318,-5.460000038146973,-4.130000114440918,-2.1700000762939453,-0.6225754254930764,descending,
3,right,2194.5806923076925,1789025619041,-0.3469716608524322,8.848974227905273,4.737957954406738,-5.460000038146973,-4.130000114440918,-2.1700000762939453,-0.6200211030565441,descending,
3,right,2194.590307692308,1789025619041,-0.3374000489711761,9.042799949645996,4.797780513763428,-5.460000038146973,-4.130000114440918,-2.1700000762939453,-0.6155502742122937,descending,
3,right,2194.599,1789025619066,-0.3134709596633911,9.308412551879885,4.910247325897217,-13.789999961853027,-4.96999979019165,-2.240000009536743,-0.6090192614517755,descending,
3,right,2194.6086153846154,1789025619066,-0.2919347882270813,9.504631042480469,5.101680278778076,-13.789999961853027,-4.96999979019165,-2.240000009536743,-0.5992817230755609,descending,
3,right,2194.618230769231,1789025619066,-0.2751844227313995,9.667348861694336,5.077751159667969,-13.789999961853027,-4.96999979019165,-2.240000009536743,-0.5882746087305158,descending,
3,right,2194.6278461538463,1789025619066,-0.2775773406028747,9.839637756347656,5.2452545166015625,-13.789999961853027,-4.96999979019165,-2.240000009536743,-0.5750545019338001,descending,
3,right,2194.6374615384616,1789025619066,-0.2871489822864532,9.913818359375,5.235682964324951,-13.789999961853027,-4.96999979019165,-2.240000009536743,-0.5612490369910238,descending,
3,right,2194.6470769230773,1789025619066,-0.2967205941677093,9.961676597595217,5.257219314575195,-13.789999961853027,-4.96999979019165,-2.240000009536743,-0.5469430380465693,descending,
3,right,2194.6566923076925,1789025619066,-0.3110780417919159,9.968854904174805,5.372078895568848,-13.789999961853027,-4.96999979019165,-2.240000009536743,-0.5320560650058277,descending,
3,right,2194.666307692308,1789025619066,-0.3445787727832794,9.952104568481444,5.453437328338623,-13.789999961853027,-4.96999979019165,-2.240000009536743,-0.5169342149410094,descending,
3,right,2194.675,1789025619141,-0.3613291084766388,10.011927604675291,5.396007537841797,-4.760000228881836,-4.480000019073486,-0.0700000002980232,-0.5030469895149372,descending,
3,right,2194.6846153846154,1789025619141,-0.4044014811515808,9.932961463928224,5.491724014282227,-4.760000228881836,-4.480000019073486,-0.0700000002980232,-0.4879052522040484,descending,
3,right,2194.694230769231,1789025619141,-0.3924369215965271,9.942533493041992,5.4486517906188965,-4.760000228881836,-4.480000019073486,-0.0700000002980232,-0.4728917201582757,descending,
3,right,2194.7038461538464,1789025619141,-0.4187589287757873,9.9832124710083,5.599404811859131,-4.760000228881836,-4.480000019073486,-0.0700000002980232,-0.45683604699342484,descending,
3,right,2194.7134615384616,1789025619141,-0.4307234585285187,10.028677940368652,5.532403469085693,-4.760000228881836,-4.480000019073486,-0.0700000002980232,-0.4407118928558142,descending,
3,right,2194.7230769230773,1789025619141,-0.4091872870922088,10.155502319335938,5.474973678588867,-4.760000228881836,-4.480000019073486,-0.0700000002980232,-0.42380258356300504,descending,
3,right,2194.732692307693,1789025619141,-0.4977248907089233,10.258397102355955,5.410365104675293,-4.760000228881836,-4.480000019073486,-0.0700000002980232,-0.40630490498570143,descending,
3,right,2194.742307692308,1789025619141,-0.4690099954605102,10.27036190032959,5.453437328338623,-4.760000228881836,-4.480000019073486,-0.0700000002980232,-0.38852393900563953,descending,
3,right,2194.751,1789025619231,-0.4498667120933532,10.382827758789062,5.39122200012207,10.079999923706056,-4.340000152587891,1.399999976158142,-0.3718612142254087,descending,
3,right,2194.7606153846154,1789025619231,-0.4450809061527252,10.540760040283203,5.300291538238525,10.079999923706056,-4.340000152587891,1.399999976158142,-0.35251579921477294,descending,
3,right,2194.770230769231,1789025619231,-0.44268798828125,10.71065616607666,5.381650447845459,10.079999923706056,-4.340000152587891,1.399999976158142,-0.3313628541571047,descending,
3,right,2194.7798461538464,1789025619231,-0.4522596299648285,10.916446685791016,5.195003509521484,10.079999923706056,-4.340000152587891,1.399999976158142,-0.30930923641576513,descending,
3,right,2194.7894615384616,1789025619231,-0.4881532490253448,10.961912155151367,5.518045902252197,10.079999923706056,-4.340000152587891,1.399999976158142,-0.28539874597697884,descending,
3,right,2194.7990769230773,1789025619231,-0.4690099954605102,11.12941551208496,5.367292881011963,10.079999923706056,-4.340000152587891,1.399999976158142,-0.2607497226566416,descending,
3,right,2194.8086923076926,1789025619231,-0.4283305406570434,11.280168533325195,5.549153804779053,10.079999923706056,-4.340000152587891,1.399999976158142,-0.23402061591090745,descending,
3,right,2194.818307692308,1789025619231,-0.4115802049636841,11.421350479125977,5.515653133392334,10.079999923706056,-4.340000152587891,1.399999976158142,-0.20624524627590515,descending,
3,right,2194.827,1789025619291,-0.4259376525878906,11.445279121398926,5.640084266662598,8.680000305175781,-3.990000009536743,2.0999999046325684,-0.18045589062455855,descending,
3,right,2194.8366153846155,1789025619291,-0.4259376525878906,11.629533767700195,5.568296909332275,8.680000305175781,-3.990000009536743,2.0999999046325684,-0.15067907415153628,descending,
3,right,2194.846230769231,1789025619291,-0.4211518168449402,11.904717445373535,5.6951212882995605,8.680000305175781,-3.990000009536743,2.0999999046325684,-0.1180050070602018,descending,
3,right,2194.8558461538464,1789025619291,-0.4737958014011383,12.278011322021484,5.702300071716309,8.680000305175781,-3.990000009536743,2.0999999046325684,-0.0821008985087742,descending,
3,right,2194.8654615384617,1789025619291,-0.4355092644691467,12.68959140777588,5.979877471923828,8.680000305175781,-3.990000009536743,2.0999999046325684,-0.041485531822281534,descending,
3,right,2194.8750769230774,1789025619291,-0.5192610621452332,13.089207649230955,5.8913397789001465,8.680000305175781,-3.990000009536743,2.0999999046325684,0.0021797252159303096,resting,
3,right,2194.8846923076926,1789025619291,-0.5790837407112122,13.484037399291992,6.176095962524414,8.680000305175781,-3.990000009536743,2.0999999046325684,0.05046687185605564,resting,
3,right,2194.894307692308,1789025619291,-0.6077986359596252,13.953046798706056,6.147380828857422,8.680000305175781,-3.990000009536743,2.0999999046325684,0.10264709196664916,resting,
3,right,2194.903,1789025619382,-0.6245490312576294,14.345483779907228,6.267026424407959,14.06999969482422,-3.5,1.8200000524520876,0.1533279542935452,resting,
3,right,2194.912615384615,1789025619382,-0.5719050168991089,14.85278034210205,6.235918521881104,14.06999969482422,-3.5,1.8200000524520876,0.21359911894106337,resting,
3,right,2194.9222307692307,1789025619382,-0.5671192407608032,15.31221866607666,6.207203388214111,14.06999969482422,-3.5,1.8200000524520876,0.27769742872871916,ascending,12
3,right,2194.931846153846,1789025619382,-0.4833674430847168,15.680727005004885,6.061236381530762,14.06999969482422,-3.5,1.8200000524520876,0.34433091594588877,ascending,12
3,right,2194.941461538461,1789025619382,-0.3972227573394775,15.905659675598145,5.912876129150391,14.06999969482422,-3.5,1.8200000524520876,0.412261328111291,ascending,12
3,right,2194.951076923077,1789025619382,-0.2823631465435028,15.960697174072266,5.654441833496094,14.06999969482422,-3.5,1.8200000524520876,0.47956160124797403,ascending,12
3,right,2194.960692307692,1789025619382,-0.2680056989192962,15.905659675598145,5.644870281219482,14.06999969482422,-3.5,1.8200000524520876,0.5463526939736508,ascending,12
3,right,2194.9703076923074,1789025619382,-0.1722893863916397,15.857802391052246,5.520439147949219,14.06999969482422,-3.5,1.8200000524520876,0.6122005581642284,ascending,12
3,right,2194.978,1789025619441,-0.208183005452156,15.4701509475708,5.384043216705322,6.929999828338623,-3.920000076293945,3.5,0.6617382616975773,ascending,12
3,right,2194.9876153846158,1789025619441,-0.208183005452156,15.171037673950195,5.384043216705322,6.929999828338623,-3.920000076293945,3.5,0.7210577000478036,ascending,12
3,right,2194.997230769231,1789025619441,-0.1651106625795364,14.742706298828123,5.417543888092041,6.929999828338623,-3.920000076293945,3.5,0.7767808431623981,ascending,12
3,right,2195.0068461538463,1789025619441,-0.2273262739181518,14.390949249267578,5.431901454925537,6.929999828338623,-3.920000076293945,3.5,0.829511009872832,ascending,12
3,right,2195.016461538461,1789025619441,-0.2775773406028747,13.950654029846191,5.350542545318604,6.929999828338623,-3.920000076293945,3.5,0.8780802573357053,ascending,12
3,right,2195.026076923077,1789025619441,-0.308685153722763,13.634790420532228,5.338577747344971,6.929999828338623,-3.920000076293945,3.5,0.9238493604618816,ascending,12
3,right,2195.0356923076924,1789025619441,-0.4044014811515808,13.232781410217283,5.405579566955566,6.929999828338623,-3.920000076293945,3.5,0.9664002850921327,ascending,12
3,right,2195.045307692308,1789025619441,-0.4283305406570434,12.912132263183594,5.539582252502441,6.929999828338623,-3.920000076293945,3.5,1.0066972701886243,ascending,12
3,right,2195.054,1789025619516,-0.4977248907089233,12.715913772583008,5.582654476165772,-31.71000099182129,-4.829999923706055,3.009999990463257,1.0417176752158244,ascending,12
3,right,2195.063615384616,1789025619516,-0.521653950214386,12.407228469848633,5.597012042999268,-31.71000099182129,-4.829999923706055,3.009999990463257,1.0778034620624253,ascending,12
3,right,2195.073230769231,1789025619516,-0.5551546812057495,12.029149055480955,5.750158309936523,-31.71000099182129,-4.829999923706055,3.009999990463257,1.1112339547842176,ascending,12
3,right,2195.0828461538463,1789025619516,-0.5431901216506958,11.52663803100586,5.879374980926514,-31.71000099182129,-4.829999923706055,3.009999990463257,1.1408573943380345,ascending,12
3,right,2195.092461538461,1789025619516,-0.5384043455123901,11.332812309265137,6.013378143310547,-31.71000099182129,-4.829999923706055,3.009999990463257,1.1693807761111505,ascending,12
3,right,2195.102076923077,1789025619516,-0.5623334050178528,11.02652072906494,6.223953723907471,-31.71000099182129,-4.829999923706055,3.009999990463257,1.1962046813030045,ascending,12
3,right,2195.1116923076925,1789025619516,-0.5168681740760803,10.95712661743164,6.142595291137695,-31.71000099182129,-4.829999923706055,3.009999990463257,1.2220908020256427,ascending,12
3,right,2195.121307692308,1789025619516,-0.466617077589035,10.406757354736328,6.453673362731934,-31.71000099182129,-4.829999923706055,3.009999990463257,1.2446918313020812,ascending,12
3,right,2195.131,1789025619591,-0.387651115655899,10.45222282409668,6.221560955047607,-31.780000686645508,-3.7799999713897705,3.0799999237060547,1.2668353934742715,ascending,12
3,right,2195.140615384615,1789025619591,-0.3445787727832794,10.220110893249512,6.444101333618164,-31.780000686645508,-3.7799999713897705,3.0799999237060547,1.2878812879933963,ascending,12
3,right,2195.150230769231,1789025619591,-0.2991135120391845,10.19139575958252,6.176095962524414,-31.780000686645508,-3.7799999713897705,3.0799999237060547,1.3074733254321689,ascending,12
3,right,2195.159846153846,1789025619591,-0.2680056989192962,9.916211128234863,6.377099990844727,-31.780000686645508,-3.7799999713897705,3.0799999237060547,1.3257189917776024,ascending,12
3,right,2195.1694615384613,1789025619591,-0.2297191768884658,9.820494651794434,6.142595291137695,-31.780000686645508,-3.7799999713897705,3.0799999237060547,1.3420801505406619,ascending,12
3,right,2195.179076923077,1789025619591,-0.1746822893619537,9.672134399414062,6.3340277671813965,-31.780000686645508,-3.7799999713897705,3.0799999237060547,1.3581436726990532,ascending,12
3,right,2195.188692307692,1789025619591,-0.1938255578279495,9.676919937133787,6.046878814697266,-31.780000686645508,-3.7799999713897705,3.0799999237060547,1.3728808286334406,ascending,12
3,right,2195.1983076923075,1789025619591,-0.1531461179256439,9.605133056640623,6.128237724304199,-31.780000686645508,-3.7799999713897705,3.0799999237060547,1.3874330921587852,ascending,12
3,right,2195.207,1789025619666,-0.2536482512950897,9.581204414367676,5.943983554840088,0.0700000002980232,-1.6100000143051147,4.059999942779541,1.3995930965686367,ascending,12
3,right,2195.216615384615,1789025619666,-0.2464695274829864,9.442415237426758,6.1378092765808105,0.0700000002980232,-1.6100000143051147,4.059999942779541,1.412854702394077,ascending,12
3,right,2195.226230769231,1789025619666,-0.2967205941677093,9.387378692626951,5.967912673950195,0.0700000002980232,-1.6100000143051147,4.059999942779541,1.4248238406344425,ascending,12
3,right,2195.235846153846,1789025619666,-0.3565433025360107,9.303627014160156,6.0325212478637695,0.0700000002980232,-1.6100000143051147,4.059999942779541,1.4364279250757042,ascending,12
3,right,2195.2454615384613,1789025619666,-0.3780794739723205,9.346698760986328,5.817159652709961,0.0700000002980232,-1.6100000143051147,4.059999942779541,1.447316051967062,ascending,12
3,right,2195.255076923077,1789025619666,-0.3517574965953827,9.176802635192873,5.826731204986572,0.0700000002980232,-1.6100000143051147,4.059999942779541,1.4568507030193703,ascending,12
3,right,2195.2646923076923,1789025619666,-0.2895418703556061,9.090658187866213,5.673584938049316,0.0700000002980232,-1.6100000143051147,4.059999942779541,1.4649058528690104,ascending,12
3,right,2195.2743076923075,1789025619666,-0.2775773406028747,8.997334480285645,5.671192169189453,0.0700000002980232,-1.6100000143051147,4.059999942779541,1.4721800669158724,ascending,12
3,right,2195.282,1789025619742,-0.260826975107193,9.076300621032717,5.40797233581543,12.739999771118164,-0.6299999952316284,3.990000009536743,1.4774632143582909,ascending,12
3,right,2195.2916153846154,1789025619742,-0.2392908036708831,9.057157516479492,5.429508686065674,12.739999771118164,-0.6299999952316284,3.990000009536743,1.4840134999738104,ascending,12
3,right,2195.301230769231,1789025619742,-0.2010042816400528,9.073907852172852,5.39122200012207,12.739999771118164,-0.6299999952316284,3.990000009536743,1.4905057299064397,ascending,12
3,right,2195.3108461538463,1789025619742,-0.1627177447080612,8.92554759979248,5.436686992645264,12.739999771118164,-0.6299999952316284,3.990000009536743,1.495989569018948,ascending,12
3,right,2195.3204615384616,1789025619742,-0.1890397369861602,8.906403541564941,5.362506866455078,12.739999771118164,-0.6299999952316284,3.990000009536743,1.500950670391702,ascending,12
3,right,2195.3300769230773,1789025619742,-0.1387886703014373,8.762829780578613,5.329006195068359,12.739999771118164,-0.6299999952316284,3.990000009536743,1.504551771137924,ascending,12
3,right,2195.3396923076925,1789025619742,-0.1459673941135406,8.801115989685059,5.161502838134766,12.739999771118164,-0.6299999952316284,3.990000009536743,1.5076472957493605,ascending,12
3,right,2195.349307692308,1789025619742,-0.1746822893619537,8.762829780578613,5.118430614471436,12.739999771118164,-0.6299999952316284,3.990000009536743,1.5102187147386117,ascending,12
3,right,2195.358,1789025619816,-0.184253916144371,8.652755737304688,4.886318206787109,26.040000915527344,0.5600000023841858,3.849999904632568,1.5107053550591587,ascending,12
3,right,2195.3676153846154,1789025619816,-0.2775773406028747,8.470894813537598,4.6757426261901855,26.040000915527344,0.5600000023841858,3.849999904632568,1.5087391312273004,ascending,12
3,right,2195.377230769231,1789025619816,-0.3469716608524322,8.277069091796875,4.379021644592285,26.040000915527344,0.5600000023841858,3.849999904632568,1.5037677488448025,ascending,12
3,right,2195.3868461538464,1789025619816,-0.4139730930328369,7.9707770347595215,4.307234764099121,26.040000915527344,0.5600000023841858,3.849999904632568,1.4959143113274804,ascending,12
3,right,2195.3964615384616,1789025619816,-0.4690099954605102,7.755414962768555,4.146909713745117,26.040000915527344,0.5600000023841858,3.849999904632568,1.485524921734293,ascending,12
3,right,2195.4060769230773,1789025619816,-0.5575475692749023,7.609447956085205,4.266555309295654,26.040000915527344,0.5600000023841858,3.849999904632568,1.4744808140902572,ascending,12
3,right,2195.415692307693,1789025619816,-0.6532639265060425,7.451515674591064,4.225875854492188,26.040000915527344,0.5600000023841858,3.849999904632568,1.461938479324794,ascending,12
3,right,2195.425307692308,1789025619816,-0.6939433217048645,7.331870555877685,4.127766609191895,26.040000915527344,0.5600000023841858,3.849999904632568,1.4479503998268524,ascending,12
3,right,2195.434,1789025619892,-0.7059078812599182,7.24811840057373,3.996156454086304,22.81999969482422,1.3300000429153442,1.9600000381469729,1.434135963942971,ascending,12
3,right,2195.4436153846154,1789025619892,-0.746587336063385,7.319905757904053,3.974620342254639,22.81999969482422,1.3300000429153442,1.9600000381469729,1.4193885851295673,ascending,12
3,right,2195.453230769231,1789025619892,-0.679585874080658,7.370156764984131,3.80233097076416,22.81999969482422,1.3300000429153442,1.9600000381469729,1.4042997448607375,ascending,12
3,right,2195.4628461538464,1789025619892,-0.708300769329071,7.513731479644775,3.5869691371917725,22.81999969482422,1.3300000429153442,1.9600000381469729,1.3895116616987075,ascending,12
3,right,2195.4724615384616,1789025619892,-0.6628355383872986,7.367763996124268,3.508003234863281,22.81999969482422,1.3300000429153442,1.9600000381469729,1.3731412202455657,ascending,12
3,right,2195.4820769230773,1789025619892,-0.6436922550201416,7.228975296020508,3.161031484603882,22.81999969482422,1.3300000429153442,1.9600000381469729,1.3540986450438497,ascending,12
3,right,2195.4916923076926,1789025619892,-0.569512128829956,7.111722946166992,2.900204658508301,22.81999969482422,1.3300000429153442,1.9600000381469729,1.3329440390943335,ascending,12
3,right,2195.501307692308,1789025619892,-0.4833674430847168,6.791073322296143,2.6561279296875,22.81999969482422,1.3300000429153442,1.9600000381469729,1.3080058779441959,ascending,12
3,right,2195.51,1789025619981,-0.4977248907089233,6.673820495605469,2.605876922607422,31.07999992370605,1.680000066757202,1.4700000286102295,1.2843996305388656,ascending,12
3,right,2195.5196153846155,1789025619981,-0.509689450263977,6.568532943725586,2.6585209369659424,31.07999992370605,1.680000066757202,1.4700000286102295,1.2576403714443731,ascending,12
3,right,2195.529230769231,1789025619981,-0.49054616689682,6.460851669311523,2.620234251022339,31.07999992370605,1.680000066757202,1.4700000286102295,1.2298216254523313,ascending,12
3,right,2195.5388461538464,1789025619981,-0.4953319728374481,6.326848983764648,2.522125244140625,31.07999992370605,1.680000066757202,1.4700000286102295,1.200477741926714,ascending,12
3,right,2195.5484615384617,1789025619981,-0.4570454359054565,6.214382171630859,2.4120514392852783,31.07999992370605,1.680000066757202,1.4700000286102295,1.169732145860684,ascending,12
3,right,2195.5580769230774,1789025619981,-0.4857603311538696,6.173702716827393,2.431194543838501,31.07999992370605,1.680000066757202,1.4700000286102295,1.1387452227074932,ascending,12
3,right,2195.5676923076926,1789025619981,-0.4714028835296631,6.037307262420654,2.294798851013184,31.07999992370605,1.680000066757202,1.4700000286102295,1.1060557036748293,ascending,12
3,right,2195.577307692308,1789025619981,-0.4067943692207336,5.953555107116699,2.160795927047729,31.07999992370605,1.680000066757202,1.4700000286102295,1.0721273740841233,ascending,12
3,right,2195.586,1789025620043,-0.3613291084766388,5.824338436126709,1.983720779418945,27.51000022888184,1.4700000286102295,0.3499999940395355,1.0398334463049541,ascending,12
3,right,2195.595615384615,1789025620043,-0.2536482512950897,5.6807637214660645,1.8497179746627808,27.51000022888184,1.4700000286102295,0.3499999940395355,1.002342622137736,ascending,12
3,right,2195.6052307692307,1789025620043,-0.2464695274829864,5.53001070022583,1.6247845888137815,27.51000022888184,1.4700000286102295,0.3499999940395355,0.9627210427258897,ascending,12
3,right,2195.614846153846,1789025620043,-0.1148595884442329,5.080143928527832,1.6654640436172483,27.51000022888184,1.4700000286102295,0.3499999940395355,0.9192582911414522,ascending,12
3,right,2195.624461538461,1789025620043,-0.102895051240921,4.725993633270264,1.4070299863815308,27.51000022888184,1.4700000286102295,0.3499999940395355,0.8717433929215792,ascending,12
3,right,2195.634076923077,1789025620043,-0.0143574485555291,4.381414890289307,1.4883887767791748,27.51000022888184,1.4700000286102295,0.3499999940395355,0.8214633760789303,ascending,12
3,right,2195.643692307692,1789025620043,0.0143574485555291,4.163660049438477,1.5194966793060305,27.51000022888184,1.4700000286102295,0.3499999940395355,0.7693742143211304,ascending,12
3,right,2195.6533076923074,1789025620043,0.1196454018354415,3.878904104232788,1.6319633722305298,27.51000022888184,1.4700000286102295,0.3499999940395355,0.715126984762298,ascending,12
3,right,2195.662,1789025620140,0.12921704351902,3.68029260635376,1.5984625816345217,-15.329999923706056,-0.2800000011920929,-1.8200000524520876,0.6643960870457546,ascending,12
3,right,2195.671615384615,1789025620140,0.1746822893619537,3.464931011199951,1.6654640436172483,-15.329999923706056,-0.2800000011920929,-1.8200000524520876,0.6066068260905534,ascending,12
3,right,2195.6812307692308,1789025620140,0.2368979007005691,3.259140729904175,1.5075321197509766,-15.329999923706056,-0.2800000011920929,-1.8200000524520876,0.5464331095114295,ascending,12
3,right,2195.690846153846,1789025620140,0.3158638775348663,3.254354953765869,1.749215841293335,-15.329999923706056,-0.2800000011920929,-1.8200000524520876,0.48709000064098706,ascending,12
3,right,2195.700461538461,1789025620140,0.3445787727832794,3.266319513320923,1.6104271411895752,-15.329999923706056,-0.2800000011920929,-1.8200000524520876,0.4273809825767764,ascending,12
3,right,2195.710076923077,1789025620140,0.3421858549118042,3.3333208560943604,1.651106595993042,-15.329999923706056,-0.2800000011920929,-1.8200000524520876,0.36845022148782364,ascending,12
3,right,2195.719692307692,1789025620140,0.3565433025360107,3.5510756969451904,1.3854937553405762,-15.329999923706056,-0.2800000011920929,-1.8200000524520876,0.31051284054672185,ascending,12
3,right,2195.7293076923074,1789025620140,0.3517574965953827,3.773616075515747,1.3759222030639648,-15.329999923706056,-0.2800000011920929,-1.8200000524520876,0.25454152421537063,ascending,12
3,right,2195.738,1789025620206,0.2464695274829864,4.077515602111816,1.2706341743469238,8.119999885559082,0.0700000002980232,-1.2599999904632568,0.20608882443611662,ascending,12
3,right,2195.747615384615,1789025620206,0.2225404530763626,4.379021644592285,1.239526391029358,8.119999885559082,0.0700000002980232,-1.2599999904632568,0.15509352804918602,ascending,12
3,right,2195.757230769231,1789025620206,0.2201475501060485,4.749922752380371,1.3615647554397583,8.119999885559082,0.0700000002980232,-1.2599999904632568,0.10787048342014549,ascending,12
3,right,2195.766846153846,1789025620206,0.1722893863916397,5.163895606994629,1.275420069694519,8.119999885559082,0.0700000002980232,-1.2599999904632568,0.06406174836962727,ascending,12
3,right,2195.7764615384613,1789025620206,0.1340028494596481,5.575475692749023,1.3639576435089111,8.119999885559082,0.0700000002980232,-1.2599999904632568,0.024278899334039306,ascending,12
3,right,2195.786076923077,1789025620206,0.0693943351507186,5.970305919647217,1.239526391029358,8.119999885559082,0.0700000002980232,-1.2599999904632568,-0.01238559839958396,resting,
3,right,2195.795692307692,1789025620206,-0.0047858161851763,6.324456214904785,1.2562767267227173,8.119999885559082,0.0700000002980232,-1.2599999904632568,-0.04577830831931008,resting,
3,right,2195.8053076923075,1789025620206,-0.0263219885528087,6.654677391052246,1.148595929145813,8.119999885559082,0.0700000002980232,-1.2599999904632568,-0.07657454366485925,resting,
3,right,2195.814,1789025620281,-0.1124666780233383,7.035149574279785,0.9475916028022766,27.09000015258789,0.6299999952316284,-0.8400000333786011,-0.10187869209131012,resting,
3,right,2195.823615384615,1789025620281,-0.2201475501060485,7.602269172668457,0.8734114766120911,27.09000015258789,0.6299999952316284,-0.8400000333786011,-0.12490234856716156,resting,
3,right,2195.833230769231,1789025620281,-0.3110780417919159,7.7673797607421875,0.9380199909210204,27.09000015258789,0.6299999952316284,-0.8400000333786011,-0.14606975118813748,resting,
3,right,2195.842846153846,1789025620281,-0.3374000489711761,7.772165298461914,0.8614469170570374,27.09000015258789,0.6299999952316284,-0.8400000333786011,-0.16732469290030166,descending,
3,right,2195.8524615384613,1789025620281,-0.4067943692207336,7.638162612915039,1.3017419576644895,27.09000015258789,0.6299999952316284,-0.8400000333786011,-0.188183752749908,descending,
3,right,2195.862076923077,1789025620281,-0.4115802049636841,7.329477310180664,1.3328498601913452,27.09000015258789,0.6299999952316284,-0.8400000333786011,-0.21163777566766834,descending,
3,right,2195.871692307692,1789025620281,-0.4761887192726135,6.949005126953125,1.93586266040802,27.09000015258789,0.6299999952316284,-0.8400000333786011,-0.236497179831208,descending,
3,right,2195.8813076923075,1789025620281,-0.509689450263977,5.764515399932861,2.9121692180633545,27.09000015258789,0.6299999952316284,-0.8400000333786011,-0.2689593606408432,descending,
3,right,2195.889,1789025620355,-0.3780794739723205,5.647263050079346,3.137102603912353,-31.290000915527344,-0.7699999809265137,-2.240000009536743,-0.2952031771155538,descending,
3,right,2195.898615384616,1789025620355,-0.5264397859573364,5.845874309539795,2.902597427368164,-31.290000915527344,-0.7699999809265137,-2.240000009536743,-0.32685099684510843,descending,
3,right,2195.908230769231,1789025620355,-0.5910483002662659,5.22611141204834,3.1442811489105225,-31.290000915527344,-0.7699999809265137,-2.240000009536743,-0.36321357184460756,descending,
3,right,2195.9178461538463,1789025620355,-0.5862624645233154,4.910247325897217,3.4601449966430664,-31.290000915527344,-0.7699999809265137,-2.240000009536743,-0.4012878331198989,descending,
3,right,2195.9274615384616,1789025620355,-0.6077986359596252,4.735565185546875,3.254354953765869,-31.290000915527344,-0.7699999809265137,-2.240000009536743,-0.4415255824301178,descending,
3,right,2195.9370769230773,1789025620355,-0.5240468978881836,4.5991692543029785,3.54150390625,-31.290000915527344,-0.7699999809265137,-2.240000009536743,-0.48194128027906136,descending,
3,right,2195.9466923076925,1789025620355,-0.4857603311538696,4.56566858291626,3.462538003921509,-31.290000915527344,-0.7699999809265137,-2.240000009536743,-0.5228436475801367,descending,
3,right,2195.956307692308,1789025620355,-0.3709007501602173,4.596776485443115,3.582183361053467,-31.290000915527344,-0.7699999809265137,-2.240000009536743,-0.5629912497152727,descending,
3,right,2195.966,1789025620432,-0.3038993179798126,4.816924095153809,3.278284072875977,-19.809999465942383,-1.4700000286102295,-2.940000057220459,-0.6025269336987267,descending,
3,right,2195.975615384615,1789025620432,-0.3062922358512878,5.22611141204834,3.163424491882324,-19.809999465942383,-1.4700000286102295,-2.940000057220459,-0.6384582223056104,descending,
3,right,2195.985230769231,1789025620432,-0.3972227573394775,5.656834602355957,3.007885456085205,-19.809999465942383,-1.4700000286102295,-2.940000057220459,-0.6710383210169615,descending,
3,right,2195.994846153846,1789025620432,-0.4044014811515808,5.841088771820068,3.0509579181671143,-19.809999465942383,-1.4700000286102295,-2.940000057220459,-0.7017853578393825,descending,
3,right,2196.0044615384613,1789025620432,-0.3948298394680023,6.1665239334106445,2.9528486728668213,-19.809999465942383,-1.4700000286102295,-2.940000057220459,-0.7299728008827828,descending,
3,right,2196.014076923077,1789025620432,-0.4283305406570434,6.546996593475342,2.993528127670288,-19.809999465942383,-1.4700000286102295,-2.940000057220459,-0.7545994936789561,descending,
3,right,2196.0236923076923,1789025620432,-0.4785816073417663,7.059078693389893,2.98634934425354,-19.809999465942383,-1.4700000286102295,-2.940000057220459,-0.774688363229778,descending,
3,right,2196.0333076923075,1789025620432,-0.5025107264518738,7.315120220184326,3.036600351333618,-19.809999465942383,-1.4700000286102295,-2.940000057220459,-0.7923063906727801,descending,
3,right,2196.042,1789025620520,-0.540797233581543,7.360585212707519,3.034207344055176,-22.75,-1.8899999856948853,-3.920000076293945,-0.8078565133776449,descending,
3,right,2196.051615384615,1789025620520,-0.5647262930870056,7.166759967803955,3.117959260940552,-22.75,-1.8899999856948853,-3.920000076293945,-0.826422891267002,descending,
3,right,2196.061230769231,1789025620520,-0.6221560835838318,7.03993558883667,3.1993181705474854,-22.75,-1.8899999856948853,-3.920000076293945,-0.8457456683410302,descending,
3,right,2196.070846153846,1789025620520,-0.6556568145751953,7.154795169830322,3.2854628562927246,-22.75,-1.8899999856948853,-3.920000076293945,-0.8636907397967384,descending,
3,right,2196.0804615384613,1789025620520,-0.7035149931907654,7.310334205627441,3.2376046180725098,-22.75,-1.8899999856948853,-3.920000076293945,-0.8804236407573945,descending,
3,right,2196.090076923077,1789025620520,-0.7561589479446411,7.370156764984131,3.316570520401001,-22.75,-1.8899999856948853,-3.920000076293945,-0.8962785162570132,descending,
3,right,2196.0996923076923,1789025620520,-0.7418015003204346,7.360585212707519,3.505610466003418,-22.75,-1.8899999856948853,-3.920000076293945,-0.9114541402573405,descending,
3,right,2196.1093076923075,1789025620520,-0.844696581363678,7.449122905731201,3.508003234863281,-22.75,-1.8899999856948853,-3.920000076293945,-0.9257713200121314,descending,
3,right,2196.118,1789025620580,-0.8183745741844177,7.686020851135254,3.5367181301116943,-16.59000015258789,-1.9600000381469729,-3.7799999713897705,-0.9367542008806149,descending,
3,right,2196.127615384615,1789025620580,-0.8135887384414673,7.92531156539917,3.73293662071228,-16.59000015258789,-1.9600000381469729,-3.7799999713897705,-0.9460188072694687,descending,
3,right,2196.137230769231,1789025620580,-0.8662327527999878,8.049742698669434,4.010513782501221,-16.59000015258789,-1.9600000381469729,-3.7799999713897705,-0.9530158440620671,descending,
3,right,2196.146846153846,1789025620580,-0.8590540289878845,8.193317413330078,4.173231601715088,-16.59000015258789,-1.9600000381469729,-3.7799999713897705,-0.9580886754884942,descending,
3,right,2196.1564615384614,1789025620580,-0.8183745741844177,8.425429344177246,4.297662734985352,-16.59000015258789,-1.9600000381469729,-3.7799999713897705,-0.9606568693824342,descending,
3,right,2196.166076923077,1789025620580,-0.8399107456207275,8.724542617797852,4.496274471282959,-16.59000015258789,-1.9600000381469729,-3.7799999713897705,-0.9597883423369921,descending,
3,right,2196.1756923076923,1789025620580,-0.7537660598754883,9.021263122558594,4.589597702026367,-16.59000015258789,-1.9600000381469729,-3.7799999713897705,-0.9560331415914869,descending,
3,right,2196.185307692308,1789025620580,-0.7681235074996948,9.361056327819824,4.627884387969971,-16.59000015258789,-1.9600000381469729,-3.7799999713897705,-0.9491927894383051,descending,
3,right,2196.193,1789025620690,-0.7250511646270752,9.638633728027344,4.60874080657959,3.990000009536743,-2.0299999713897705,-3.5,-0.9419082348029808,descending,
3,right,2196.2026153846155,1789025620690,-0.708300769329071,9.877924919128418,4.556097030639648,3.990000009536743,-2.0299999713897705,-3.5,-0.9309861543936196,descending,
3,right,2196.212230769231,1789025620690,-0.6412993669509888,10.057393074035645,4.589597702026367,3.990000009536743,-2.0299999713897705,-3.5,-0.9184271447143317,descending,
3,right,2196.2218461538464,1789025620690,-0.6412993669509888,10.189002990722656,4.529775142669678,3.990000009536743,-2.0299999713897705,-3.5,-0.9049885224604836,descending,
3,right,2196.2314615384616,1789025620690,-0.6101915836334229,10.289505004882812,4.615919589996338,3.990000009536743,-2.0299999713897705,-3.5,-0.8903418004618779,descending,
3,right,2196.2410769230773,1789025620690,-0.5958341360092163,10.227289199829102,4.73077917098999,3.990000009536743,-2.0299999713897705,-3.5,-0.8757582915446007,descending,
3,right,2196.2506923076926,1789025620690,-0.6101915836334229,10.131572723388672,4.86956787109375,3.990000009536743,-2.0299999713897705,-3.5,-0.8614104886267759,descending,
3,right,2196.260307692308,1789025620690,-0.6365135312080383,10.148323059082031,5.003571033477783,3.990000009536743,-2.0299999713897705,-3.5,-0.8463435717709935,descending,
3,right,2196.269,1789025620731,-0.6365135312080383,10.229681968688965,5.092108249664307,-12.949999809265137,-3.220000028610229,-3.3600001335144043,-0.8317556302397097,descending,
3,right,2196.278615384615,1789025620731,-0.667621374130249,10.145930290222168,5.168681621551514,-12.949999809265137,-3.220000028610229,-3.3600001335144043,-0.8159979272083129,descending,
3,right,2196.2882307692307,1789025620731,-0.6389064788818359,10.143537521362305,5.1902174949646,-12.949999809265137,-3.220000028610229,-3.3600001335144043,-0.8001901755651643,descending,
3,right,2196.297846153846,1789025620731,-0.667621374130249,10.11242961883545,5.101680278778076,-12.949999809265137,-3.220000028610229,-3.3600001335144043,-0.7850140844076086,descending,
3,right,2196.307461538461,1789025620731,-0.6724071502685547,10.210538864135742,5.171074390411377,-12.949999809265137,-3.220000028610229,-3.3600001335144043,-0.7687010171617683,descending,
3,right,2196.317076923077,1789025620731,-0.6173703074455261,10.153108596801758,5.063393592834473,-12.949999809265137,-3.220000028610229,-3.3600001335144043,-0.7533871756001473,descending,
3,right,2196.326692307692,1789025620731,-0.6580497026443481,10.203360557556152,5.020321369171143,-12.949999809265137,-3.220000028610229,-3.3600001335144043,-0.7378135118685145,descending,
3,right,2196.3363076923074,1789025620731,-0.6532639265060425,10.110036849975586,5.08732271194458,-12.949999809265137,-3.220000028610229,-3.3600001335144043,-0.7227569240806825,descending,
3,right,2196.345,1789025620808,-0.6628355383872986,10.090893745422363,5.106465816497803,-7.909999847412109,-4.130000114440918,-1.9600000381469729,-0.7092186462373431,descending,
3,right,2196.354615384615,1789025620808,-0.7154794931411743,9.990391731262209,5.089715480804443,-7.909999847412109,-4.130000114440918,-1.9600000381469729,-0.6951504502362831,descending,
3,right,2196.3642307692307,1789025620808,-0.7513731122016907,9.782208442687988,5.185431957244873,-7.909999847412109,-4.130000114440918,-1.9600000381469729,-0.6824229479149144,descending,
3,right,2196.373846153846,1789025620808,-0.7848738431930542,9.612311363220217,5.204575061798096,-7.909999847412109,-4.130000114440918,-1.9600000381469729,-0.671039795614883,descending,
3,right,2196.383461538461,1789025620808,-0.7298369407653809,9.600347518920898,5.360114097595215,-7.909999847412109,-4.130000114440918,-1.9600000381469729,-0.6591024810834417,descending,
3,right,2196.393076923077,1789025620808,-0.7346227765083313,9.535738945007324,5.360114097595215,-7.909999847412109,-4.130000114440918,-1.9600000381469729,-0.6477085157075477,descending,
3,right,2196.402692307692,1789025620808,-0.7681235074996948,9.528559684753418,5.333792209625244,-7.909999847412109,-4.130000114440918,-1.9600000381469729,-0.6364702410628977,descending,
3,right,2196.4123076923074,1789025620808,-0.6580497026443481,9.782208442687988,5.345756530761719,-7.909999847412109,-4.130000114440918,-1.9600000381469729,-0.6230978153635583,descending,
3,right,2196.422,1789025620881,-0.6819788217544556,9.935354232788086,5.360114097595215,0.2800000011920929,-4.130000114440918,-0.8400000333786011,-0.6082371022521929,descending,
3,right,2196.4316153846157,1789025620881,-0.7226582169532776,9.9832124710083,5.290719985961914,0.2800000011920929,-4.130000114440918,-0.8400000333786011,-0.5933852350881273,descending,
3,right,2196.441230769231,1789025620881,-0.7800880670547485,10.160287857055664,5.305077075958252,0.2800000011920929,-4.130000114440918,-0.8400000333786011,-0.5769404784743092,descending,
3,right,2196.450846153846,1789025620881,-0.8375178575515747,10.423507690429688,5.453437328338623,0.2800000011920929,-4.130000114440918,-0.8400000333786011,-0.5575699128277188,descending,
3,right,2196.460461538461,1789025620881,-0.9260554313659668,10.808765411376951,5.563511371612549,0.2800000011920929,-4.130000114440918,-0.8400000333786011,-0.5343915640482688,descending,
3,right,2196.470076923077,1789025620881,-0.9595561623573304,11.098307609558104,5.604190826416016,0.2800000011920929,-4.130000114440918,-0.8400000333786011,-0.5085620736957741,descending,
3,right,2196.4796923076924,1789025620881,-1.0361292362213137,11.41656494140625,5.647263050079346,0.2800000011920929,-4.130000114440918,-0.8400000333786011,-0.4797981653973186,descending,
3,right,2196.489307692308,1789025620881,-1.0409150123596191,11.734821319580078,5.819552421569824,0.2800000011920929,-4.130000114440918,-0.8400000333786011,-0.4475752614237768,descending,
3,right,2196.497,1789025620956,-1.103130578994751,12.132043838500977,5.963127136230469,18.200000762939453,-3.430000066757202,0.2800000011920929,-0.4185585790394331,descending,
3,right,2196.506615384615,1789025620956,-1.1749178171157837,12.57951831817627,6.104308605194092,18.200000762939453,-3.430000066757202,0.2800000011920929,-0.3778181864904992,descending,
3,right,2196.516230769231,1789025620956,-1.2132043838500977,13.09160041809082,6.219168186187744,18.200000762939453,-3.430000066757202,0.2800000011920929,-0.3321927142314664,descending,
3,right,2196.525846153846,1789025620956,-1.3519930839538574,13.61086082458496,6.33642053604126,18.200000762939453,-3.430000066757202,0.2800000011920929,-0.2815431822875323,descending,
3,right,2196.5354615384613,1789025620956,-1.4453164339065552,14.264124870300291,6.491959571838379,18.200000762939453,-3.430000066757202,0.2800000011920929,-0.2245823718963388,descending,
3,right,2196.545076923077,1789025620956,-1.643927812576294,14.785778999328612,6.460851669311523,18.200000762939453,-3.430000066757202,0.2800000011920929,-0.16317184389823583,descending,
3,right,2196.554692307692,1789025620956,-1.770751953125,15.264360427856444,6.444101333618164,18.200000762939453,-3.430000066757202,0.2800000011920929,-0.09765370422635394,descending,
3,right,2196.5643076923075,1789025620956,-1.8521108627319336,15.92958927154541,6.37949275970459,18.200000762939453,-3.430000066757202,0.2800000011920929,-0.02664604124380588,descending,
3,right,2196.573,1789025621031,-1.9023619890213013,16.372276306152344,6.147380828857422,51.869998931884766,-2.1700000762939453,2.240000009536743,0.040204089706075107,resting,
3,right,2196.582615384615,1789025621031,-1.8880045413970947,16.913074493408203,5.92962646484375,51.869998931884766,-2.1700000762939453,2.240000009536743,0.11802462472749152,resting,
3,right,2196.592230769231,1789025621031,-1.801859736442566,17.13800811767578,5.824338436126709,51.869998931884766,-2.1700000762939453,2.240000009536743,0.19743573215205765,resting,
3,right,2196.601846153846,1789025621031,-1.7037506103515625,16.984861373901367,5.714264392852783,51.869998931884766,-2.1700000762939453,2.240000009536743,0.2751271207289147,resting,
3,right,2196.6114615384613,1789025621031,-1.557783126831055,16.85564422607422,5.592226028442383,51.869998931884766,-2.1700000762939453,2.240000009536743,0.351228603630479,resting,
3,right,2196.621076923077,1789025621031,-1.4524952173233032,16.69532012939453,5.410365104675293,51.869998931884766,-2.1700000762939453,2.240000009536743,0.4252615412625662,ascending,13
3,right,2196.630692307692,1789025621031,-1.4094228744506836,16.47517204284668,5.321827411651611,51.869998931884766,-2.1700000762939453,2.240000009536743,0.49708831605232373,ascending,13
3,right,2196.6403076923075,1789025621031,-1.2802058458328247,16.0635929107666,5.2093610763549805,51.869998931884766,-2.1700000762939453,2.240000009536743,0.5648616679963633,ascending,13
3,right,2196.649,1789025621106,-1.1677391529083252,15.67833423614502,5.202182292938232,12.25,-3.0799999237060547,3.0799999237060547,0.6229476690847712,ascending,13
3,right,2196.658615384615,1789025621106,-1.0672370195388794,15.161465644836426,5.082536697387695,12.25,-3.0799999237060547,3.0799999237060547,0.6821094480766575,ascending,13
3,right,2196.668230769231,1789025621106,-0.9858781099319458,14.840815544128418,5.0346784591674805,12.25,-3.0799999237060547,3.0799999237060547,0.7381921314667428,ascending,13
3,right,2196.677846153846,1789025621106,-1.021771788597107,14.474700927734377,4.804959297180176,12.25,-3.0799999237060547,3.0799999237060547,0.790202843439683,ascending,13
3,right,2196.6874615384613,1789025621106,-0.983485221862793,14.0966215133667,4.721207618713379,12.25,-3.0799999237060547,3.0799999237060547,0.8385184578880951,ascending,13
3,right,2196.697076923077,1789025621106,-1.043307900428772,13.665898323059082,4.776244640350342,12.25,-3.0799999237060547,3.0799999237060547,0.8832142741059251,ascending,13
3,right,2196.7066923076923,1789025621106,-1.0600582361221311,13.189709663391112,4.888711452484131,12.25,-3.0799999237060547,3.0799999237060547,0.9240561399106518,ascending,13
3,right,2196.7163076923075,1789025621106,-1.1079164743423462,12.74223518371582,4.886318206787109,12.25,-3.0799999237060547,3.0799999237060547,0.9609032415531369,ascending,13
3,right,2196.725,1789025621181,-1.115095138549805,12.385692596435549,4.953319549560547,-15.75,-3.150000095367432,3.849999904632568,0.9915351765479795,ascending,13
3,right,2196.734615384615,1789025621181,-1.139024257659912,12.05786418914795,4.99160623550415,-15.75,-3.150000095367432,3.849999904632568,1.0226280384013293,ascending,13
3,right,2196.744230769231,1789025621181,-1.1725249290466309,11.801822662353516,5.029892921447754,-15.75,-3.150000095367432,3.849999904632568,1.0515807067775067,ascending,13
3,right,2196.753846153846,1789025621181,-1.081594467163086,11.54338836669922,4.946141242980957,-15.75,-3.150000095367432,3.849999904632568,1.077883694307843,ascending,13
3,right,2196.7634615384613,1789025621181,-1.0457007884979248,11.347169876098633,4.99160623550415,-15.75,-3.150000095367432,3.849999904632568,1.102588749802614,ascending,13
3,right,2196.773076923077,1789025621181,-1.0026284456253052,11.15334415435791,4.970069885253906,-15.75,-3.150000095367432,3.849999904632568,1.1254738579780055,ascending,13
3,right,2196.7826923076923,1789025621181,-0.9595561623573304,10.99780559539795,4.924604892730713,-15.75,-3.150000095367432,3.849999904632568,1.1467918192860904,ascending,13
3,right,2196.7923076923075,1789025621181,-0.8279461860656738,10.811159133911133,4.816924095153809,-15.75,-3.150000095367432,3.849999904632568,1.165988116462814,ascending,13
3,right,2196.8,1789025621255,-0.825553297996521,10.648441314697266,4.812138080596924,-8.960000038146973,-3.150000095367432,5.110000133514404,1.180178118151655,ascending,13
3,right,2196.8096153846154,1789025621255,-0.6915504336357117,10.445043563842772,4.845638751983643,-8.960000038146973,-3.150000095367432,5.110000133514404,1.1961771666100454,ascending,13
3,right,2196.819230769231,1789025621255,-0.6054057478904724,10.172252655029297,4.761887073516846,-8.960000038146973,-3.150000095367432,5.110000133514404,1.2094110232063768,ascending,13
3,right,2196.8288461538464,1789025621255,-0.5742979645729065,9.961676597595217,4.632669925689697,-8.960000038146973,-3.150000095367432,5.110000133514404,1.2202826274513612,ascending,13
3,right,2196.8384615384616,1789025621255,-0.5742979645729065,9.863567352294922,4.584811687469482,-8.960000038146973,-3.150000095367432,5.110000133514404,1.2301085382782642,ascending,13
3,right,2196.8480769230773,1789025621255,-0.5431901216506958,9.691277503967283,4.520203590393066,-8.960000038146973,-3.150000095367432,5.110000133514404,1.2381570774796093,ascending,13
3,right,2196.857692307693,1789025621255,-0.49054616689682,9.554882049560549,4.446023464202881,-8.960000038146973,-3.150000095367432,5.110000133514404,1.2446959846431906,ascending,13
3,right,2196.867307692308,1789025621255,-0.4546525478363037,9.499845504760742,4.345520973205566,-8.960000038146973,-3.150000095367432,5.110000133514404,1.2503409962518601,ascending,13
3,right,2196.877,1789025621330,-0.4833674430847168,9.432844161987305,4.266555309295654,-4.760000228881836,-3.3600001335144043,5.949999809265137,1.2551359190486215,ascending,13
3,right,2196.886615384615,1789025621330,-0.4211518168449402,9.286876678466797,4.192375183105469,-4.760000228881836,-3.3600001335144043,5.949999809265137,1.2582935943736928,ascending,13
3,right,2196.896230769231,1789025621330,-0.3996156454086303,9.128944396972656,4.233054637908936,-4.760000228881836,-3.3600001335144043,5.949999809265137,1.2602233801731824,ascending,13
3,right,2196.905846153846,1789025621330,-0.4163660109043121,9.01169204711914,4.182803153991699,-4.760000228881836,-3.3600001335144043,5.949999809265137,1.260935172139959,ascending,13
3,right,2196.9154615384614,1789025621330,-0.3565433025360107,9.026049613952637,4.173231601715088,-4.760000228881836,-3.3600001335144043,5.949999809265137,1.2617114964785154,ascending,13
3,right,2196.925076923077,1789025621330,-0.339792937040329,8.904010772705078,4.225875854492188,-4.760000228881836,-3.3600001335144043,5.949999809265137,1.261631318243898,ascending,13
3,right,2196.9346923076923,1789025621330,-0.3709007501602173,8.65514850616455,4.142123699188232,-4.760000228881836,-3.3600001335144043,5.949999809265137,1.2590571445686916,ascending,13
3,right,2196.944307692308,1789025621330,-0.4115802049636841,8.408679008483887,4.094265937805176,-4.760000228881836,-3.3600001335144043,5.949999809265137,1.2541609606227622,ascending,13
3,right,2196.953,1789025621421,-0.4139730930328369,8.22921085357666,4.017692565917969,-5.809999942779541,-3.990000009536743,5.740000247955322,1.2480463512934576,ascending,13
3,right,2196.962615384615,1789025621421,-0.4474738240242004,8.05692195892334,3.998549461364746,-5.809999942779541,-3.990000009536743,5.740000247955322,1.239724960421422,ascending,13
3,right,2196.972230769231,1789025621421,-0.4642241597175598,7.951633453369141,3.8765110969543457,-5.809999942779541,-3.990000009536743,5.740000247955322,1.2299989729539293,ascending,13
3,right,2196.981846153846,1789025621421,-0.5120823383331299,7.898989677429199,3.737722396850586,-5.809999942779541,-3.990000009536743,5.740000247955322,1.2192646769673978,ascending,13
3,right,2196.9914615384614,1789025621421,-0.5336185097694397,7.736271858215332,3.6204700469970703,-5.809999942779541,-3.990000009536743,5.740000247955322,1.2066482643690235,ascending,13
3,right,2197.001076923077,1789025621421,-0.5958341360092163,7.614233493804932,3.450573444366455,-5.809999942779541,-3.990000009536743,5.740000247955322,1.1922987740317306,ascending,13
3,right,2197.0106923076924,1789025621421,-0.6077986359596252,7.461087226867676,3.295034408569336,-5.809999942779541,-3.990000009536743,5.740000247955322,1.1759894187810729,ascending,13
3,right,2197.020307692308,1789025621421,-0.6173703074455261,7.243332862854004,3.254354953765869,-5.809999942779541,-3.990000009536743,5.740000247955322,1.1576369324964886,ascending,13
3,right,2197.028,1789025621496,-0.6436922550201416,7.140437602996826,3.244783401489258,9.59000015258789,-3.7100000381469727,5.880000114440918,1.1422262835627401,ascending,13
3,right,2197.037615384615,1789025621496,-0.6819788217544556,7.027971267700195,3.153852939605713,9.59000015258789,-3.7100000381469727,5.880000114440918,1.1216407971066893,ascending,13
3,right,2197.0472307692307,1789025621496,-0.6771929860115051,6.968148231506348,3.0724940299987797,9.59000015258789,-3.7100000381469727,5.880000114440918,1.1002159723009601,ascending,13
3,right,2197.056846153846,1789025621496,-0.6173703074455261,6.870038986206055,3.02942156791687,9.59000015258789,-3.7100000381469727,5.880000114440918,1.0777561520642929,ascending,13
3,right,2197.066461538461,1789025621496,-0.600619912147522,6.685785293579102,2.9983139038085938,9.59000015258789,-3.7100000381469727,5.880000114440918,1.053575368080275,ascending,13
3,right,2197.076076923077,1789025621496,-0.540797233581543,6.535031795501709,2.866703987121582,9.59000015258789,-3.7100000381469727,5.880000114440918,1.0275425492947143,ascending,13
3,right,2197.085692307692,1789025621496,-0.5240468978881836,6.412993907928467,2.6680924892425537,9.59000015258789,-3.7100000381469727,5.880000114440918,0.9996591191571272,ascending,13
3,right,2197.0953076923074,1789025621496,-0.4546525478363037,6.338813304901123,2.5125534534454346,9.59000015258789,-3.7100000381469727,5.880000114440918,0.9705018893360522,ascending,13
3,right,2197.104,1789025621570,-0.3661149442195892,6.267026424407959,2.3498356342315674,15.960000038146973,-3.849999904632568,5.25,0.9429816204012997,ascending,13
3,right,2197.113615384615,1789025621570,-0.3278284072875976,6.130630493164063,2.191903829574585,15.960000038146973,-3.849999904632568,5.25,0.910733682478793,ascending,13
3,right,2197.1232307692308,1789025621570,-0.2536482512950897,5.922447681427002,2.0124356746673584,15.960000038146973,-3.849999904632568,5.25,0.8759597647841803,ascending,13
3,right,2197.132846153846,1789025621570,-0.2105759084224701,5.652049064636231,1.897576093673706,15.960000038146973,-3.849999904632568,5.25,0.8383808019685106,ascending,13
3,right,2197.142461538461,1789025621570,-0.1675035655498504,5.4486517906188965,1.7827165126800537,15.960000038146973,-3.849999904632568,5.25,0.7985874106382697,ascending,13
3,right,2197.152076923077,1789025621570,-0.1411815732717514,5.398400783538818,1.689393162727356,15.960000038146973,-3.849999904632568,5.25,0.758018589840166,ascending,13
3,right,2197.161692307692,1789025621570,-0.067001424729824,5.242861747741699,1.5482115745544434,15.960000038146973,-3.849999904632568,5.25,0.7155528075119268,ascending,13
3,right,2197.1713076923074,1789025621570,-0.1124666780233383,5.068179130554199,1.5123178958892822,15.960000038146973,-3.849999904632568,5.25,0.6714606303965439,ascending,13
3,right,2197.18,1789025621645,-0.0885375961661338,4.898283004760742,1.4524952173233032,4.409999847412109,-3.990000009536743,4.269999980926514,0.6300554380796539,ascending,13
3,right,2197.189615384615,1789025621645,-0.0430723465979099,4.742743968963623,1.426173210144043,4.409999847412109,-3.990000009536743,4.269999980926514,0.5827941284516163,ascending,13
3,right,2197.199230769231,1789025621645,-0.0263219885528087,4.520203590393066,1.4453164339065552,4.409999847412109,-3.990000009536743,4.269999980926514,0.5336617715306863,ascending,13
3,right,2197.208846153846,1789025621645,-0.0287148971110582,4.273733615875244,1.464459776878357,4.409999847412109,-3.990000009536743,4.269999980926514,0.4824513794159923,ascending,13
3,right,2197.2184615384613,1789025621645,-0.0239290818572044,4.101444244384766,1.4788172245025637,4.409999847412109,-3.990000009536743,4.269999980926514,0.4297982112538613,ascending,13
3,right,2197.228076923077,1789025621645,-0.0526439771056175,3.9506912231445312,1.4596738815307615,4.409999847412109,-3.990000009536743,4.269999980926514,0.37577458455662394,ascending,13
3,right,2197.237692307692,1789025621645,-0.016750356182456,3.821474313735962,1.4429235458374023,4.409999847412109,-3.990000009536743,4.269999980926514,0.3205644691939403,ascending,13
3,right,2197.2473076923075,1789025621645,-0.06460852175951,3.670721054077149,1.438137769699097,4.409999847412109,-3.990000009536743,4.269999980926514,0.2640413039254583,ascending,13
3,right,2197.257,1789025621721,-0.033500712364912,3.668328046798706,1.49317467212677,-7.980000019073486,-4.690000057220459,3.3600001335144043,0.20727245554023999,ascending,13
3,right,2197.2666153846158,1789025621721,-0.0191432647407054,3.639613151550293,1.433351993560791,-7.980000019073486,-4.690000057220459,3.3600001335144043,0.15049882659180489,ascending,13
3,right,2197.276230769231,1789025621721,-0.0071787242777645,3.603719472885132,1.4692455530166626,-7.980000019073486,-4.690000057220459,3.3600001335144043,0.09356760533260434,ascending,13
3,right,2197.2858461538463,1789025621721,-0.0047858161851763,3.632434368133545,1.4572809934616089,-7.980000019073486,-4.690000057220459,3.3600001335144043,0.03687121628492991,ascending,13
3,right,2197.295461538461,1789025621721,0.0287148971110582,3.6850783824920654,1.4692455530166626,-7.980000019073486,-4.690000057220459,3.3600001335144043,-0.01929464977428789,resting,
3,right,2197.305076923077,1789025621721,0.0215361732989549,3.7999379634857178,1.416601538658142,-7.980000019073486,-4.690000057220459,3.3600001335144043,-0.07462047117689909,resting,
3,right,2197.3146923076924,1789025621721,0.016750356182456,3.9817991256713863,1.4596738815307615,-7.980000019073486,-4.690000057220459,3.3600001335144043,-0.1281529562572555,resting,
3,right,2197.324307692308,1789025621721,0.0287148971110582,4.118195056915283,1.4309589862823486,-7.980000019073486,-4.690000057220459,3.3600001335144043,-0.18057258518516292,resting,
3,right,2197.332,1789025621795,0.016750356182456,4.316806316375732,1.3232781887054443,-2.380000114440918,-4.829999923706055,2.309999942779541,-0.22142205759635675,resting,
3,right,2197.341615384615,1789025621795,0.067001424729824,4.474738121032715,1.32806396484375,-2.380000114440918,-4.829999923706055,2.309999942779541,-0.2710587911850418,descending,
3,right,2197.351230769231,1789025621795,0.0263219885528087,4.639848709106445,1.3376356363296509,-2.380000114440918,-4.829999923706055,2.309999942779541,-0.31917645996742017,descending,
3,right,2197.360846153846,1789025621795,0.0023929080925881,4.761887073516846,1.4094228744506836,-2.380000114440918,-4.829999923706055,2.309999942779541,-0.36591872120259883,descending,
3,right,2197.3704615384613,1789025621795,0.0047858161851763,4.958105564117432,1.39745831489563,-2.380000114440918,-4.829999923706055,2.309999942779541,-0.4109595230374586,descending,
3,right,2197.380076923077,1789025621795,-0.0478581637144088,5.142359256744385,1.4309589862823486,-2.380000114440918,-4.829999923706055,2.309999942779541,-0.4542236007455747,descending,
3,right,2197.3896923076923,1789025621795,-0.0837517827749252,5.26918363571167,1.5745335817337036,-2.380000114440918,-4.829999923706055,2.309999942779541,-0.49579514894055987,descending,
3,right,2197.3993076923075,1789025621795,-0.1722893863916397,5.300291538238525,1.9191123247146609,-2.380000114440918,-4.829999923706055,2.309999942779541,-0.5357344952844152,descending,
3,right,2197.408,1789025621870,-0.1794681102037429,5.293112754821777,2.129688262939453,-21.420000076293945,-5.039999961853027,0.7699999809265137,-0.5711504022851431,descending,
3,right,2197.417615384615,1789025621870,-0.2321120798587799,5.345756530761719,2.318727970123291,-21.420000076293945,-5.039999961853027,0.7699999809265137,-0.6091071290216193,descending,
3,right,2197.427230769231,1789025621870,-0.3158638775348663,5.357721328735352,2.3570144176483154,-21.420000076293945,-5.039999961853027,0.7699999809265137,-0.646784796092999,descending,
3,right,2197.436846153846,1789025621870,-0.3015064299106598,5.369685649871826,2.806881189346313,-21.420000076293945,-5.039999961853027,0.7699999809265137,-0.6825504525872182,descending,
3,right,2197.4464615384613,1789025621870,-0.2895418703556061,5.474973678588867,2.739879846572876,-21.420000076293945,-5.039999961853027,0.7699999809265137,-0.7176403934208203,descending,
3,right,2197.456076923077,1789025621870,-0.2464695274829864,5.410365104675293,3.036600351333618,-21.420000076293945,-5.039999961853027,0.7699999809265137,-0.7520726029683383,descending,
3,right,2197.4656923076923,1789025621870,-0.2297191768884658,5.527617931365967,2.9480626583099365,-21.420000076293945,-5.039999961853027,0.7699999809265137,-0.7858157784541715,descending,
3,right,2197.4753076923075,1789025621870,-0.1651106625795364,5.6592278480529785,3.0126712322235107,-21.420000076293945,-5.039999961853027,0.7699999809265137,-0.8181286669781377,descending,
3,right,2197.484,1789025621945,-0.12921704351902,5.716657638549805,2.840381860733032,-30.520000457763672,-5.880000114440918,-0.9100000262260436,-0.847514929881443,descending,
3,right,2197.493615384615,1789025621945,-0.1148595884442329,5.704692840576172,2.938491106033325,-30.520000457763672,-5.880000114440918,-0.9100000262260436,-0.8796953140371991,descending,
3,right,2197.503230769231,1789025621945,-0.1005021408200264,5.75494384765625,2.971991777420044,-30.520000457763672,-5.880000114440918,-0.9100000262260436,-0.9112792538021602,descending,
3,right,2197.512846153846,1789025621945,-0.0789659693837165,5.812373638153076,3.134709596633911,-30.520000457763672,-5.880000114440918,-0.9100000262260436,-0.9416525859956191,descending,
3,right,2197.5224615384614,1789025621945,-0.0909305065870285,5.915268898010254,3.204103946685791,-30.520000457763672,-5.880000114440918,-0.9100000262260436,-0.9708177432879576,descending,
3,right,2197.532076923077,1789025621945,-0.1244312226772308,6.003806591033936,3.350071430206299,-30.520000457763672,-5.880000114440918,-0.9100000262260436,-0.9985585949148679,descending,
3,right,2197.5416923076923,1789025621945,-0.1507532149553299,6.1019158363342285,3.400322437286377,-30.520000457763672,-5.880000114440918,-0.9100000262260436,-1.0252113102549398,descending,
3,right,2197.5513076923075,1789025621945,-0.1555390208959579,6.178488731384277,3.677899837493897,-30.520000457763672,-5.880000114440918,-0.9100000262260436,-1.0499412482838724,descending,
3,right,2197.56,1789025622050,-0.105287954211235,6.305312633514404,3.9650487899780273,-36.75,-5.320000171661377,-2.5199999809265137,-1.0701173662665173,descending,
3,right,2197.569615384615,1789025622050,-0.12921704351902,6.527853488922119,4.170838832855225,-36.75,-5.320000171661377,-2.5199999809265137,-1.0895629303169863,descending,
3,right,2197.579230769231,1789025622050,-0.1435744911432266,6.6714277267456055,4.312020301818848,-36.75,-5.320000171661377,-2.5199999809265137,-1.1070961511488078,descending,
3,right,2197.588846153846,1789025622050,-0.102895051240921,6.94421911239624,4.4867024421691895,-36.75,-5.320000171661377,-2.5199999809265137,-1.1214794936915908,descending,
3,right,2197.5984615384614,1789025622050,-0.0622156113386154,7.298369884490967,4.517810344696045,-36.75,-5.320000171661377,-2.5199999809265137,-1.1327304978100932,descending,
3,right,2197.608076923077,1789025622050,0.0071787242777645,7.654912948608398,4.591990470886231,-36.75,-5.320000171661377,-2.5199999809265137,-1.1406491900896807,descending,
3,right,2197.6176923076923,1789025622050,0.0071787242777645,7.812844753265381,4.639848709106445,-36.75,-5.320000171661377,-2.5199999809265137,-1.1470214949315318,descending,
3,right,2197.627307692308,1789025622050,0.0239290818572044,7.989920139312744,4.740350723266602,-36.75,-5.320000171661377,-2.5199999809265137,-1.1514371567115624,descending,
3,right,2197.635,1789025622140,0.0574297942221164,8.140673637390137,4.702064514160156,-1.4700000286102295,-4.269999980926514,-1.8899999856948853,-1.154128180209542,descending,
3,right,2197.6446153846155,1789025622140,0.0885375961661338,8.312962532043457,4.670956611633301,-1.4700000286102295,-4.269999980926514,-1.8899999856948853,-1.156224336087994,descending,
3,right,2197.654230769231,1789025622140,0.0215361732989549,8.470894813537598,4.764279842376709,-1.4700000286102295,-4.269999980926514,-1.8899999856948853,-1.156552032983422,descending,
3,right,2197.6638461538464,1789025622140,0.0478581637144088,8.626433372497559,4.845638751983643,-1.4700000286102295,-4.269999980926514,-1.8899999856948853,-1.1551923746450685,descending,
3,right,2197.6734615384617,1789025622140,0.0023929080925881,8.724542617797852,4.946141242980957,-1.4700000286102295,-4.269999980926514,-1.8899999856948853,-1.1525248958442587,descending,
3,right,2197.6830769230774,1789025622140,-0.067001424729824,8.851366996765137,5.0346784591674805,-1.4700000286102295,-4.269999980926514,-1.8899999856948853,-1.148372805558777,descending,
3,right,2197.6926923076926,1789025622140,-0.0885375961661338,8.947083473205566,5.199789047241211,-1.4700000286102295,-4.269999980926514,-1.8899999856948853,-1.1426182661752027,descending,
3,right,2197.702307692308,1789025622140,-0.1722893863916397,9.191160202026367,5.233290195465088,-1.4700000286102295,-4.269999980926514,-1.8899999856948853,-1.1346809845654,descending,
3,right,2197.712,1789025622171,-0.181861013174057,9.349091529846191,5.331399440765381,9.59000015258789,-3.7100000381469727,-1.9600000381469729,-1.1248769499719664,descending,
3,right,2197.7216153846152,1789025622171,-0.2488624453544616,9.559667587280272,5.276362419128418,9.59000015258789,-3.7100000381469727,-1.9600000381469729,-1.1136681494252314,descending,
3,right,2197.731230769231,1789025622171,-0.2823631465435028,9.65299129486084,5.254826068878174,9.59000015258789,-3.7100000381469727,-1.9600000381469729,-1.1017828313963778,descending,
3,right,2197.740846153846,1789025622171,-0.2823631465435028,9.79417324066162,5.187824726104736,9.59000015258789,-3.7100000381469727,-1.9600000381469729,-1.0890405148096032,descending,
3,right,2197.7504615384614,1789025622171,-0.27997025847435,9.851602554321287,5.118430614471436,9.59000015258789,-3.7100000381469727,-1.9600000381469729,-1.0761451480929782,descending,
3,right,2197.760076923077,1789025622171,-0.3110780417919159,9.997570037841797,4.924604892730713,9.59000015258789,-3.7100000381469727,-1.9600000381469729,-1.0629429155378867,descending,
3,right,2197.7696923076924,1789025622171,-0.3421858549118042,10.098072052001951,4.958105564117432,9.59000015258789,-3.7100000381469727,-1.9600000381469729,-1.0487255466096332,descending,
3,right,2197.779307692308,1789025622171,-0.3900440335273742,10.052606582641602,4.879139423370361,9.59000015258789,-3.7100000381469727,-1.9600000381469729,-1.0352440317006324,descending,
3,right,2197.788,1789025622246,-0.4283305406570434,9.8085298538208,4.893496990203857,10.010000228881836,-4.059999942779541,-1.680000066757202,-1.0248330030616284,descending,
3,right,2197.7976153846157,1789025622246,-0.4379021823406219,9.832459449768066,5.053822040557861,10.010000228881836,-4.059999942779541,-1.680000066757202,-1.0123562140080877,descending,
3,right,2197.807230769231,1789025622246,-0.4450809061527252,9.952104568481444,5.142359256744385,10.010000228881836,-4.059999942779541,-1.680000066757202,-0.9984546866924536,descending,
3,right,2197.816846153846,1789025622246,-0.4570454359054565,9.961676597595217,5.187824726104736,10.010000228881836,-4.059999942779541,-1.680000066757202,-0.9842569198283966,descending,
3,right,2197.826461538461,1789025622246,-0.4737958014011383,9.949711799621582,5.149538040161133,10.010000228881836,-4.059999942779541,-1.680000066757202,-0.9703311450989015,descending,
3,right,2197.836076923077,1789025622246,-0.4977248907089233,9.94731903076172,5.128002166748047,10.010000228881836,-4.059999942779541,-1.680000066757202,-0.956517789139918,descending,
3,right,2197.8456923076924,1789025622246,-0.466617077589035,9.92099666595459,5.154324054718018,10.010000228881836,-4.059999942779541,-1.680000066757202,-0.9428097647722046,descending,
3,right,2197.855307692308,1789025622246,-0.4881532490253448,10.011927604675291,4.998785018920898,10.010000228881836,-4.059999942779541,-1.680000066757202,-0.9290303974440937,descending,
3,right,2197.864,1789025622343,-0.4977248907089233,9.99996280670166,4.91264009475708,14.210000038146973,-4.269999980926514,-1.3300000429153442,-0.9170096214251451,descending,
3,right,2197.8736153846157,1789025622343,-0.5025107264518738,10.074143409729004,4.850424766540527,14.210000038146973,-4.269999980926514,-1.3300000429153442,-0.9033510035315979,descending,
3,right,2197.883230769231,1789025622343,-0.5168681740760803,10.136358261108398,4.821709632873535,14.210000038146973,-4.269999980926514,-1.3300000429153442,-0.8892782225465025,descending,
3,right,2197.892846153846,1789025622343,-0.5623334050178528,10.11960792541504,4.790602207183838,14.210000038146973,-4.269999980926514,-1.3300000429153442,-0.8754677585686365,descending,
3,right,2197.902461538461,1789025622343,-0.5838695764541626,10.215324401855469,4.682920932769775,14.210000038146973,-4.269999980926514,-1.3300000429153442,-0.8612960012389854,descending,
3,right,2197.912076923077,1789025622343,-0.6245490312576294,10.28711223602295,4.68770694732666,14.210000038146973,-4.269999980926514,-1.3300000429153442,-0.8464676887172116,descending,
3,right,2197.9216923076924,1789025622343,-0.6317277550697327,10.303862571716309,4.716422080993652,14.210000038146973,-4.269999980926514,-1.3300000429153442,-0.8313589474385271,descending,
3,right,2197.931307692308,1789025622343,-0.6652284264564514,10.454615592956545,4.740350723266602,14.210000038146973,-4.269999980926514,-1.3300000429153442,-0.8148339288788614,descending,
3,right,2197.939,1789025622396,-0.5982270240783691,10.569475173950195,4.737957954406738,4.409999847412109,-4.619999885559082,-1.2599999904632568,-0.8008418896354581,descending,
3,right,2197.948615384615,1789025622396,-0.5814766883850098,10.835087776184082,4.919818878173828,4.409999847412109,-4.619999885559082,-1.2599999904632568,-0.7802924853693972,descending,
3,right,2197.958230769231,1789025622396,-0.5551546812057495,11.167701721191406,4.857603549957275,4.409999847412109,-4.619999885559082,-1.2599999904632568,-0.7571443590513544,descending,
3,right,2197.967846153846,1789025622396,-0.4953319728374481,11.25863265991211,4.91264009475708,4.409999847412109,-4.619999885559082,-1.2599999904632568,-0.7329937127599019,descending,
3,right,2197.9774615384613,1789025622396,-0.4091872870922088,11.464422225952148,4.807352542877197,4.409999847412109,-4.619999885559082,-1.2599999904632568,-0.7075278360471824,descending,
3,right,2197.987076923077,1789025622396,-0.382865309715271,11.694141387939451,5.135180950164795,4.409999847412109,-4.619999885559082,-1.2599999904632568,-0.6787114437873785,descending,
3,right,2197.996692307692,1789025622396,-0.363722026348114,12.04111385345459,5.159110069274902,4.409999847412109,-4.619999885559082,-1.2599999904632568,-0.6468070347650055,descending,
3,right,2198.0063076923075,1789025622396,-0.3421858549118042,12.29236888885498,5.262004852294922,4.409999847412109,-4.619999885559082,-1.2599999904632568,-0.6123154308634637,descending,
3,right,2198.015,1789025622486,-0.387651115655899,12.591482162475586,5.460616111755371,0.2800000011920929,-4.829999923706055,-0.0700000002980232,-0.5780496424904584,descending,
3,right,2198.024615384615,1789025622486,-0.49054616689682,12.957597732543944,5.661620616912842,0.2800000011920929,-4.829999923706055,-0.0700000002980232,-0.5361314825464178,descending,
3,right,2198.034230769231,1789025622486,-0.6173703074455261,13.249531745910645,5.776480197906494,0.2800000011920929,-4.829999923706055,-0.0700000002980232,-0.49119740019151004,descending,
3,right,2198.043846153846,1789025622486,-0.6460852026939392,13.641968727111816,6.128237724304199,0.2800000011920929,-4.829999923706055,-0.0700000002980232,-0.4414170863092179,descending,
3,right,2198.0534615384613,1789025622486,-0.7776951193809509,14.276089668273926,6.2718119621276855,0.2800000011920929,-4.829999923706055,-0.0700000002980232,-0.38554152065582803,descending,
3,right,2198.063076923077,1789025622486,-0.8111958503723145,14.797743797302246,6.410600662231445,0.2800000011920929,-4.829999923706055,-0.0700000002980232,-0.32459081230878917,descending,
3,right,2198.0726923076923,1789025622486,-0.8973405361175537,15.293075561523438,6.420172214508057,0.2800000011920929,-4.829999923706055,-0.0700000002980232,-0.2593208878828697,descending,
3,right,2198.0823076923075,1789025622486,-0.8710185289382935,15.60654640197754,6.702535629272461,0.2800000011920929,-4.829999923706055,-0.0700000002980232,-0.19020036027016218,descending,
3,right,2198.091,1789025622548,-0.7848738431930542,15.795586585998535,6.570925712585449,11.480000495910645,-4.760000228881836,1.8899999856948853,-0.12676264623062192,descending,
3,right,2198.100615384615,1789025622548,-0.6652284264564514,16.08034324645996,6.51110315322876,11.480000495910645,-4.760000228881836,1.8899999856948853,-0.05440951333808895,descending,
3,right,2198.110230769231,1789025622548,-0.5168681740760803,16.259811401367188,6.468030452728272,11.480000495910645,-4.760000228881836,1.8899999856948853,0.019277048159528833,resting,
3,right,2198.119846153846,1789025622548,-0.3326142132282257,16.30288314819336,6.427350997924805,11.480000495910645,-4.760000228881836,1.8899999856948853,0.0931187266427441,resting,
3,right,2198.1294615384613,1789025622548,-0.2105759084224701,16.2861328125,6.247882843017578,11.480000495910645,-4.760000228881836,1.8899999856948853,0.16604471999932421,resting,
3,right,2198.139076923077,1789025622548,-0.0598227009177207,15.905659675598145,6.274205207824707,11.480000495910645,-4.760000228881836,1.8899999856948853,0.23572429399518577,resting,
3,right,2198.1486923076923,1789025622548,0.0789659693837165,15.498866081237791,6.195239067077637,11.480000495910645,-4.760000228881836,1.8899999856948853,0.3015003182651754,resting,
3,right,2198.1583076923075,1789025622548,0.1651106625795364,15.029855728149414,6.290955543518066,11.480000495910645,-4.760000228881836,1.8899999856948853,0.3635416097080002,ascending,14
3,right,2198.168,1789025622637,0.1986113786697387,14.606310844421388,6.259847640991211,-24.56999969482422,-7.139999866485596,3.3600001335144043,0.42217761028999873,ascending,14
3,right,2198.177615384616,1789025622637,0.1531461179256439,14.15883731842041,6.305312633514404,-24.56999969482422,-7.139999866485596,3.3600001335144043,0.4766077041537607,ascending,14
3,right,2198.187230769231,1789025622637,0.1866468340158462,13.708970069885254,6.3340277671813965,-24.56999969482422,-7.139999866485596,3.3600001335144043,0.5272123275951425,ascending,14
3,right,2198.1968461538463,1789025622637,0.0909305065870285,13.156208992004396,6.348385334014893,-24.56999969482422,-7.139999866485596,3.3600001335144043,0.5730754553111853,ascending,14
3,right,2198.2064615384616,1789025622637,0.0502510704100132,12.51730251312256,6.41538667678833,-24.56999969482422,-7.139999866485596,3.3600001335144043,0.6136851257060146,ascending,14
3,right,2198.2160769230773,1789025622637,0.0047858161851763,12.038721084594728,6.408207893371582,-24.56999969482422,-7.139999866485596,3.3600001335144043,0.6501358184032262,ascending,14
3,right,2198.2256923076925,1789025622637,-0.1220383122563362,11.622354507446287,6.714499950408936,-24.56999969482422,-7.139999866485596,3.3600001335144043,0.6843273938884896,ascending,14
3,right,2198.235307692308,1789025622637,-0.1722893863916397,11.268203735351562,6.513495922088623,-24.56999969482422,-7.139999866485596,3.3600001335144043,0.7146312839102343,ascending,14
3,right,2198.243,1789025622711,-0.2703986167907715,11.06002140045166,6.444101333618164,-28.559999465942383,-7.28000020980835,3.640000104904175,0.7372310459410687,ascending,14
3,right,2198.252615384615,1789025622711,-0.2656128108501434,11.009770393371582,6.226346969604492,-28.559999465942383,-7.28000020980835,3.640000104904175,0.7641176256315573,ascending,14
3,right,2198.262230769231,1789025622711,-0.3421858549118042,10.741764068603516,6.324456214904785,-28.559999465942383,-7.28000020980835,3.640000104904175,0.7891789152694476,ascending,14
3,right,2198.271846153846,1789025622711,-0.3374000489711761,10.423507690429688,6.051664352416992,-28.559999465942383,-7.28000020980835,3.640000104904175,0.8103290942364899,ascending,14
3,right,2198.2814615384614,1789025622711,-0.3589362204074859,10.169858932495115,6.049271583557129,-28.559999465942383,-7.28000020980835,3.640000104904175,0.829337734137115,ascending,14
3,right,2198.291076923077,1789025622711,-0.339792937040329,10.06935691833496,5.860231876373291,-28.559999465942383,-7.28000020980835,3.640000104904175,0.8466419092397784,ascending,14
3,right,2198.3006923076923,1789025622711,-0.3900440335273742,9.99996280670166,5.766908645629883,-28.559999465942383,-7.28000020980835,3.640000104904175,0.8629380363244666,ascending,14
3,right,2198.310307692308,1789025622711,-0.3350071310997009,10.007142066955566,5.582654476165772,-28.559999465942383,-7.28000020980835,3.640000104904175,0.8784246015481636,ascending,14
3,right,2198.319,1789025622786,-0.2464695274829864,9.815709114074709,5.580261707305908,-6.230000019073486,-5.389999866485596,3.5,0.890953958304777,ascending,14
3,right,2198.328615384615,1789025622786,-0.1770751923322677,9.593168258666992,5.39122200012207,-6.230000019073486,-5.389999866485596,3.5,0.9020468292665489,ascending,14
3,right,2198.338230769231,1789025622786,-0.0909305065870285,9.36823558807373,5.376864433288574,-6.230000019073486,-5.389999866485596,3.5,0.9111781561789875,ascending,14
3,right,2198.347846153846,1789025622786,-0.0095716323703527,9.303627014160156,5.412757873535156,-6.230000019073486,-5.389999866485596,3.5,0.9199326765239919,ascending,14
3,right,2198.3574615384614,1789025622786,0.0382865294814109,9.06194305419922,5.3649001121521,-6.230000019073486,-5.389999866485596,3.5,0.9264401779437004,ascending,14
3,right,2198.367076923077,1789025622786,0.1555390208959579,8.982976913452148,5.293112754821777,-6.230000019073486,-5.389999866485596,3.5,0.9319442631179434,ascending,14
3,right,2198.3766923076923,1789025622786,0.1124666780233383,8.848974227905273,5.2811479568481445,-6.230000019073486,-5.389999866485596,3.5,0.9362789752152316,ascending,14
3,right,2198.386307692308,1789025622786,0.1890397369861602,8.791543960571289,5.221325397491455,-6.230000019073486,-5.389999866485596,3.5,0.9398517209547551,ascending,14
3,right,2198.395,1789025622890,0.1363957673311233,8.760436058044434,5.156716823577881,-0.4900000095367431,-3.0799999237060547,2.450000047683716,0.9425649033348387,ascending,14
3,right,2198.404615384615,1789025622890,0.0622156113386154,8.68147087097168,5.092108249664307,-0.4900000095367431,-3.0799999237060547,2.450000047683716,0.9445933941089024,ascending,14
3,right,2198.414230769231,1789025622890,-0.0526439771056175,8.686256408691406,4.99160623550415,-0.4900000095367431,-3.0799999237060547,2.450000047683716,0.9461674481129593,ascending,14
3,right,2198.423846153846,1789025622890,-0.0933234170079231,8.736507415771484,4.852817535400391,-0.4900000095367431,-3.0799999237060547,2.450000047683716,0.9474857778942769,ascending,14
3,right,2198.4334615384614,1789025622890,-0.1962184607982635,8.753257751464844,4.929390907287598,-0.4900000095367431,-3.0799999237060547,2.450000047683716,0.9493112038077397,ascending,14
3,right,2198.443076923077,1789025622890,-0.2464695274829864,8.710185050964355,4.886318206787109,-0.4900000095367431,-3.0799999237060547,2.450000047683716,0.9505715304665107,ascending,14
3,right,2198.4526923076924,1789025622890,-0.27997025847435,8.731721878051758,4.819316864013672,-0.4900000095367431,-3.0799999237060547,2.450000047683716,0.9516902547948443,ascending,14
3,right,2198.462307692308,1789025622890,-0.3326142132282257,8.710185050964355,4.721207618713379,-0.4900000095367431,-3.0799999237060547,2.450000047683716,0.952160603148859,ascending,14
3,right,2198.471,1789025622936,-0.2991135120391845,8.703006744384766,4.678135395050049,10.079999923706056,-1.6100000143051147,1.8200000524520876,0.9523532988536471,ascending,14
3,right,2198.4806153846152,1789025622936,-0.3038993179798126,8.657541275024414,4.6685638427734375,10.079999923706056,-1.6100000143051147,1.8200000524520876,0.9521509100259509,ascending,14
3,right,2198.490230769231,1789025622936,-0.2871489822864532,8.67189884185791,4.594383716583252,10.079999923706056,-1.6100000143051147,1.8200000524520876,0.9517251747556756,ascending,14
3,right,2198.499846153846,1789025622936,-0.2632198929786682,8.643183708190918,4.405344009399414,10.079999923706056,-1.6100000143051147,1.8200000524520876,0.9501764280515311,ascending,14
3,right,2198.509461538461,1789025622936,-0.2464695274829864,8.51396656036377,4.3670573234558105,10.079999923706056,-1.6100000143051147,1.8200000524520876,0.947376845623723,ascending,14
3,right,2198.519076923077,1789025622936,-0.1962184607982635,8.39432144165039,4.268948078155518,10.079999923706056,-1.6100000143051147,1.8200000524520876,0.9431250033935323,ascending,14
3,right,2198.5286923076924,1789025622936,-0.1722893863916397,8.267497062683105,4.082301139831543,10.079999923706056,-1.6100000143051147,1.8200000524520876,0.936951469795466,ascending,14
3,right,2198.538307692308,1789025622936,-0.1531461179256439,8.119136810302734,3.99376368522644,10.079999923706056,-1.6100000143051147,1.8200000524520876,0.9291332758886932,ascending,14
3,right,2198.547,1789025623010,-0.1363957673311233,7.903775215148926,3.8980472087860103,11.6899995803833,-1.2599999904632568,1.680000066757202,0.9200372984627265,ascending,14
3,right,2198.5566153846157,1789025623010,-0.1579319387674331,7.645341396331787,3.8669395446777344,11.6899995803833,-1.2599999904632568,1.680000066757202,0.9076632067826423,ascending,14
3,right,2198.566230769231,1789025623010,-0.1196454018354415,7.38690710067749,3.723365068435669,11.6899995803833,-1.2599999904632568,1.680000066757202,0.8924601271948455,ascending,14
3,right,2198.575846153846,1789025623010,-0.1531461179256439,7.188295841217041,3.601326704025269,11.6899995803833,-1.2599999904632568,1.680000066757202,0.8750357599269911,ascending,14
3,right,2198.585461538461,1789025623010,-0.2105759084224701,6.994470119476318,3.5295393466949463,11.6899995803833,-1.2599999904632568,1.680000066757202,0.8556584405810769,ascending,14
3,right,2198.595076923077,1789025623010,-0.2297191768884658,6.781501770019531,3.479288339614868,11.6899995803833,-1.2599999904632568,1.680000066757202,0.8342592971223995,ascending,14
3,right,2198.6046923076924,1789025623010,-0.205790102481842,6.704928398132324,3.4745025634765625,11.6899995803833,-1.2599999904632568,1.680000066757202,0.8121985012674136,ascending,14
3,right,2198.614307692308,1789025623010,-0.1866468340158462,6.558960914611816,3.3955366611480717,11.6899995803833,-1.2599999904632568,1.680000066757202,0.7885543490644595,ascending,14
3,right,2198.623,1789025623087,-0.1698964685201645,6.470423698425293,3.3261423110961914,10.010000228881836,-0.8400000333786011,0.699999988079071,0.7662294042420679,ascending,14
3,right,2198.6326153846157,1789025623087,-0.1483602970838546,6.357956886291504,3.2854628562927246,10.010000228881836,-0.8400000333786011,0.699999988079071,0.7404045158220433,ascending,14
3,right,2198.642230769231,1789025623087,-0.1100737750530242,6.2718119621276855,3.2926416397094727,10.010000228881836,-0.8400000333786011,0.699999988079071,0.7138825627061554,ascending,14
3,right,2198.6518461538462,1789025623087,-0.0837517827749252,6.240704536437988,3.232818841934204,10.010000228881836,-0.8400000333786011,0.699999988079071,0.6868418701584016,ascending,14
3,right,2198.661461538461,1789025623087,0.0430723465979099,6.149773597717285,3.163424491882324,10.010000228881836,-0.8400000333786011,0.699999988079071,0.658719950574019,ascending,14
3,right,2198.671076923077,1789025623087,0.0526439771056175,6.135416507720947,3.0868513584136963,10.010000228881836,-0.8400000333786011,0.699999988079071,0.6301559426200587,ascending,14
3,right,2198.6806923076924,1789025623087,0.0813588723540306,6.046878814697266,2.8547394275665283,10.010000228881836,-0.8400000333786011,0.699999988079071,0.5998381433272713,ascending,14
3,right,2198.690307692308,1789025623087,0.1005021408200264,5.912876129150391,2.663306713104248,10.010000228881836,-0.8400000333786011,0.699999988079071,0.5675589443678583,ascending,14
3,right,2198.699,1789025623161,0.0717872455716133,5.699907302856445,2.732701063156128,19.11000061035156,-0.4900000095367431,0.699999988079071,0.5370145838496027,ascending,14
3,right,2198.7086153846158,1789025623161,0.06460852175951,5.690335273742676,2.4431591033935547,19.11000061035156,-0.4900000095367431,0.699999988079071,0.5019277687260972,ascending,14
3,right,2198.718230769231,1789025623161,0.0358936227858066,5.623333930969238,2.476659774780273,19.11000061035156,-0.4900000095367431,0.699999988079071,0.46643439317953395,ascending,14
3,right,2198.7278461538463,1789025623161,0.016750356182456,5.4869384765625,2.4192299842834477,19.11000061035156,-0.4900000095367431,0.699999988079071,0.4295470694504512,ascending,14
3,right,2198.737461538461,1789025623161,-0.067001424729824,5.3649001121521,2.4072654247283936,19.11000061035156,-0.4900000095367431,0.699999988079071,0.391584127111308,ascending,14
3,right,2198.747076923077,1789025623161,-0.1435744911432266,5.242861747741699,2.2110471725463867,19.11000061035156,-0.4900000095367431,0.699999988079071,0.35177593920914113,ascending,14
3,right,2198.7566923076924,1789025623161,-0.1794681102037429,5.125608921051025,2.2110471725463867,19.11000061035156,-0.4900000095367431,0.699999988079071,0.3109797672337631,ascending,14
3,right,2198.766307692308,1789025623161,-0.208183005452156,5.068179130554199,2.0339717864990234,19.11000061035156,-0.4900000095367431,0.699999988079071,0.268985237546322,ascending,14
3,right,2198.775,1789025623235,-0.2297191768884658,4.986820697784424,1.974149227142334,19.11000061035156,-0.5600000023841858,0.2800000011920929,0.23018711466232963,ascending,14
3,right,2198.784615384616,1789025623235,-0.2129688262939453,4.836067199707031,1.7851094007492063,19.11000061035156,-0.5600000023841858,0.2800000011920929,0.1852186489376484,ascending,14
3,right,2198.794230769231,1789025623235,-0.205790102481842,4.6015625,1.7037506103515625,19.11000061035156,-0.5600000023841858,0.2800000011920929,0.1379097851535894,ascending,14
3,right,2198.8038461538463,1789025623235,-0.2129688262939453,4.405344009399414,1.682214379310608,19.11000061035156,-0.5600000023841858,0.2800000011920929,0.0888341282810301,ascending,14
3,right,2198.813461538461,1789025623235,-0.1675035655498504,4.199553489685059,1.7516087293624878,19.11000061035156,-0.5600000023841858,0.2800000011920929,0.03826199105427906,ascending,14
3,right,2198.823076923077,1789025623235,-0.1459673941135406,4.053586483001709,1.6774286031723022,19.11000061035156,-0.5600000023841858,0.2800000011920929,-0.013854947142179821,resting,
3,right,2198.8326923076925,1789025623235,-0.1316099464893341,3.8549749851226807,1.7875022888183594,19.11000061035156,-0.5600000023841858,0.2800000011920929,-0.06725727082229785,resting,
3,right,2198.842307692308,1789025623235,-0.1507532149553299,3.73293662071228,1.801859736442566,19.11000061035156,-0.5600000023841858,0.2800000011920929,-0.12165236465660743,resting,
3,right,2198.85,1789025623325,-0.1220383122563362,3.646791934967041,1.8521108627319336,-4.409999847412109,-0.8400000333786011,-1.680000066757202,-0.16560177081820812,resting,
3,right,2198.859615384615,1789025623325,-0.1316099464893341,3.728150844573975,1.8832186460494995,-4.409999847412109,-0.8400000333786011,-1.680000066757202,-0.21967382732308477,resting,
3,right,2198.869230769231,1789025623325,-0.1507532149553299,3.795152187347412,1.8545037508010864,-4.409999847412109,-0.8400000333786011,-1.680000066757202,-0.27324047497109577,descending,
3,right,2198.878846153846,1789025623325,-0.1651106625795364,3.986584901809693,1.7516087293624878,-4.409999847412109,-0.8400000333786011,-1.680000066757202,-0.3255001189225545,descending,
3,right,2198.8884615384613,1789025623325,-0.1411815732717514,4.115801811218262,1.7133221626281738,-4.409999847412109,-0.8400000333786011,-1.680000066757202,-0.3767516364945274,descending,
3,right,2198.898076923077,1789025623325,-0.1411815732717514,4.180410385131836,1.689393162727356,-4.409999847412109,-0.8400000333786011,-1.680000066757202,-0.4275059480321157,descending,
3,right,2198.9076923076923,1789025623325,-0.2033971846103668,4.259376525878906,1.720500946044922,-4.409999847412109,-0.8400000333786011,-1.680000066757202,-0.4774177082525233,descending,
3,right,2198.9173076923075,1789025623325,-0.1938255578279495,4.417308330535889,1.6319633722305298,-4.409999847412109,-0.8400000333786011,-1.680000066757202,-0.5262702650333756,descending,
3,right,2198.926,1789025623386,-0.2440766245126724,4.5489182472229,1.6702498197555542,2.240000009536743,-0.8400000333786011,-2.240000009536743,-0.5692296440764094,descending,
3,right,2198.935615384615,1789025623386,-0.2225404530763626,4.630277156829834,1.6750357151031494,2.240000009536743,-0.8400000333786011,-2.240000009536743,-0.6159956364428382,descending,
3,right,2198.945230769231,1789025623386,-0.2680056989192962,4.6613850593566895,1.8114314079284668,2.240000009536743,-0.8400000333786011,-2.240000009536743,-0.6619258011158328,descending,
3,right,2198.954846153846,1789025623386,-0.2656128108501434,4.635063171386719,1.9406484365463257,2.240000009536743,-0.8400000333786011,-2.240000009536743,-0.7075570879397652,descending,
3,right,2198.9644615384614,1789025623386,-0.3015064299106598,4.6685638427734375,2.110544919967652,2.240000009536743,-0.8400000333786011,-2.240000009536743,-0.7522030328814008,descending,
3,right,2198.974076923077,1789025623386,-0.2871489822864532,4.611134052276611,2.2589051723480225,2.240000009536743,-0.8400000333786011,-2.240000009536743,-0.7967517527496326,descending,
3,right,2198.9836923076923,1789025623386,-0.339792937040329,4.654206275939941,2.354621648788452,2.240000009536743,-0.8400000333786011,-2.240000009536743,-0.8405219926414452,descending,
3,right,2198.993307692308,1789025623386,-0.3493645787239074,4.558489799499512,2.483838558197021,2.240000009536743,-0.8400000333786011,-2.240000009536743,-0.8846061307261412,descending,
3,right,2199.003,1789025623460,-0.3732936680316925,4.457987785339356,2.6513421535491943,-25.76000022888184,-1.4700000286102295,-3.569999933242798,-0.9292224327513532,descending,
3,right,2199.0126153846154,1789025623460,-0.3230426013469696,4.532167911529541,2.718343496322632,-25.76000022888184,-1.4700000286102295,-3.569999933242798,-0.9725274674130377,descending,
3,right,2199.022230769231,1789025623460,-0.3541503846645355,4.424487113952637,2.9145619869232178,-25.76000022888184,-1.4700000286102295,-3.569999933242798,-1.0159340625746915,descending,
3,right,2199.0318461538463,1789025623460,-0.3493645787239074,4.527381896972656,2.833203077316284,-25.76000022888184,-1.4700000286102295,-3.569999933242798,-1.0587202058120615,descending,
3,right,2199.0414615384616,1789025623460,-0.3541503846645355,4.52259635925293,2.943276882171631,-25.76000022888184,-1.4700000286102295,-3.569999933242798,-1.1010479845006822,descending,
3,right,2199.0510769230773,1789025623460,-0.3613291084766388,4.6613850593566895,2.9480626583099365,-25.76000022888184,-1.4700000286102295,-3.569999933242798,-1.1420993671755573,descending,
3,right,2199.0606923076925,1789025623460,-0.3254354894161224,4.919818878173828,3.0509579181671143,-25.76000022888184,-1.4700000286102295,-3.569999933242798,-1.1804407497368008,descending,
3,right,2199.070307692308,1789025623460,-0.27997025847435,5.202182292938232,3.02942156791687,-25.76000022888184,-1.4700000286102295,-3.569999933242798,-1.2163945143060746,descending,
3,right,2199.078,1789025623535,-0.2584340870380401,5.467794895172119,3.127530813217163,-16.799999237060547,-1.8899999856948853,-4.269999980926514,-1.242974665383618,descending,
3,right,2199.087615384615,1789025623535,-0.2416837215423584,5.630512714385986,3.3285350799560547,-16.799999237060547,-1.8899999856948853,-4.269999980926514,-1.2739176185381262,descending,
3,right,2199.097230769231,1789025623535,-0.284756064414978,6.046878814697266,3.189746379852295,-16.799999237060547,-1.8899999856948853,-4.269999980926514,-1.3018322996302867,descending,
3,right,2199.106846153846,1789025623535,-0.2871489822864532,6.2502760887146,3.414679765701294,-16.799999237060547,-1.8899999856948853,-4.269999980926514,-1.3270075262953345,descending,
3,right,2199.1164615384614,1789025623535,-0.2967205941677093,6.647498607635498,3.476895570755005,-16.799999237060547,-1.8899999856948853,-4.269999980926514,-1.3484842063843088,descending,
3,right,2199.126076923077,1789025623535,-0.2488624453544616,7.011220932006836,3.6156840324401855,-16.799999237060547,-1.8899999856948853,-4.269999980926514,-1.3662363694282555,descending,
3,right,2199.1356923076924,1789025623535,-0.2751844227313995,7.384514331817627,3.601326704025269,-16.799999237060547,-1.8899999856948853,-4.269999980926514,-1.3808472378771912,descending,
3,right,2199.145307692308,1789025623535,-0.3062922358512878,7.697985172271728,3.795152187347412,-16.799999237060547,-1.8899999856948853,-4.269999980926514,-1.3919149436340834,descending,
3,right,2199.154,1789025623611,-0.3254354894161224,7.961205005645752,3.787973403930664,-0.0700000002980232,-1.4700000286102295,-3.990000009536743,-1.3999053462885578,descending,
3,right,2199.1636153846152,1789025623611,-0.208183005452156,8.22921085357666,3.974620342254639,-0.0700000002980232,-1.4700000286102295,-3.990000009536743,-1.4056545794384703,descending,
3,right,2199.173230769231,1789025623611,-0.260826975107193,8.33210563659668,3.91479754447937,-0.0700000002980232,-1.4700000286102295,-3.990000009536743,-1.4107669154457636,descending,
3,right,2199.182846153846,1789025623611,-0.2033971846103668,8.365606307983398,4.087087154388428,-0.0700000002980232,-1.4700000286102295,-3.990000009536743,-1.4148484159325183,descending,
3,right,2199.192461538461,1789025623611,-0.2297191768884658,8.49003791809082,4.211518287658691,-0.0700000002980232,-1.4700000286102295,-3.990000009536743,-1.4173120813438047,descending,
3,right,2199.202076923077,1789025623611,-0.1698964685201645,8.547467231750488,4.472345352172852,-0.0700000002980232,-1.4700000286102295,-3.990000009536743,-1.4181609935064563,descending,
3,right,2199.2116923076924,1789025623611,-0.1675035655498504,8.731721878051758,4.6685638427734375,-0.0700000002980232,-1.4700000286102295,-3.990000009536743,-1.4165742406303437,descending,
3,right,2199.221307692308,1789025623611,-0.1363957673311233,8.810688018798828,4.989213466644287,-0.0700000002980232,-1.4700000286102295,-3.990000009536743,-1.4129120610949804,descending,
3,right,2199.23,1789025623700,-0.0861446931958198,8.896832466125488,5.111251831054688,-15.470000267028809,-2.240000009536743,-4.199999809265137,-1.4084497999999128,descending,
3,right,2199.2396153846157,1789025623700,-0.0478581637144088,8.920761108398438,5.463009357452393,-15.470000267028809,-2.240000009536743,-4.199999809265137,-1.401739480578225,descending,
3,right,2199.249230769231,1789025623700,-0.0765730589628219,9.181588172912598,5.465402126312256,-15.470000267028809,-2.240000009536743,-4.199999809265137,-1.3927721132557576,descending,
3,right,2199.258846153846,1789025623700,-0.0598227009177207,9.167230606079102,5.637691497802734,-15.470000267028809,-2.240000009536743,-4.199999809265137,-1.3831360702979996,descending,
3,right,2199.268461538461,1789025623700,-0.0526439771056175,9.396949768066406,5.460616111755371,-15.470000267028809,-2.240000009536743,-4.199999809265137,-1.37234428832965,descending,
3,right,2199.278076923077,1789025623700,-0.1387886703014373,9.612311363220217,5.3792572021484375,-15.470000267028809,-2.240000009536743,-4.199999809265137,-1.360078395607356,descending,
3,right,2199.2876923076924,1789025623700,-0.1005021408200264,9.806137084960938,5.180645942687988,-15.470000267028809,-2.240000009536743,-4.199999809265137,-1.3471024321664393,descending,
3,right,2199.297307692308,1789025623700,-0.1579319387674331,9.777422904968262,5.2165398597717285,-15.470000267028809,-2.240000009536743,-4.199999809265137,-1.3341973919364993,descending,
3,right,2199.306,1789025623760,-0.2416837215423584,9.758278846740724,5.084929466247559,-1.3300000429153442,-3.009999990463257,-2.6600000858306885,-1.3232119921306296,descending,
3,right,2199.3156153846157,1789025623760,-0.2560411691665649,9.820494651794434,5.137573719024658,-1.3300000429153442,-3.009999990463257,-2.6600000858306885,-1.310293409489104,descending,
3,right,2199.325230769231,1789025623760,-0.3517574965953827,9.8444242477417,5.300291538238525,-1.3300000429153442,-3.009999990463257,-2.6600000858306885,-1.296408721587945,descending,
3,right,2199.3348461538462,1789025623760,-0.4546525478363037,9.82767391204834,5.273969650268555,-1.3300000429153442,-3.009999990463257,-2.6600000858306885,-1.2827648603154924,descending,
3,right,2199.344461538461,1789025623760,-0.4761887192726135,9.8085298538208,5.544368267059326,-1.3300000429153442,-3.009999990463257,-2.6600000858306885,-1.2680396268233167,descending,
3,right,2199.354076923077,1789025623760,-0.5240468978881836,9.949711799621582,5.532403469085693,-1.3300000429153442,-3.009999990463257,-2.6600000858306885,-1.252168245821031,descending,
3,right,2199.3636923076924,1789025623760,-0.5336185097694397,9.94731903076172,5.692728519439697,-1.3300000429153442,-3.009999990463257,-2.6600000858306885,-1.235578543592293,descending,
3,right,2199.373307692308,1789025623760,-0.5575475692749023,9.894675254821776,5.628119945526123,-1.3300000429153442,-3.009999990463257,-2.6600000858306885,-1.2197265469801695,descending,
3,right,2199.382,1789025623851,-0.5910483002662659,9.77263641357422,5.702300071716309,-2.380000114440918,-3.220000028610229,-2.799999952316284,-1.2060058493329464,descending,
3,right,2199.3916153846158,1789025623851,-0.5647262930870056,9.712814331054688,5.551546573638916,-2.380000114440918,-3.220000028610229,-2.799999952316284,-1.1920417331399962,descending,
3,right,2199.401230769231,1789025623851,-0.5647262930870056,9.569239616394045,5.489331245422363,-2.380000114440918,-3.220000028610229,-2.799999952316284,-1.1795756147022634,descending,
3,right,2199.4108461538463,1789025623851,-0.5719050168991089,9.418486595153809,5.484545230865479,-2.380000114440918,-3.220000028610229,-2.799999952316284,-1.1683956513236586,descending,
3,right,2199.420461538461,1789025623851,-0.5719050168991089,9.327555656433104,5.599404811859131,-2.380000114440918,-3.220000028610229,-2.799999952316284,-1.157439189389802,descending,
3,right,2199.430076923077,1789025623851,-0.6317277550697327,9.320377349853516,5.436686992645264,-2.380000114440918,-3.220000028610229,-2.799999952316284,-1.1472845406261643,descending,
3,right,2199.4396923076924,1789025623851,-0.648478090763092,9.301233291625977,5.515653133392334,-2.380000114440918,-3.220000028610229,-2.799999952316284,-1.136910688803339,descending,
3,right,2199.449307692308,1789025623851,-0.7059078812599182,9.40891456604004,5.580261707305908,-2.380000114440918,-3.220000028610229,-2.799999952316284,-1.1253071297525379,descending,
3,right,2199.458,1789025623925,-0.727444052696228,9.516595840454102,5.613762378692627,0.5600000023841858,-3.3600001335144043,-3.7100000381469727,-1.1138528539658685,descending,
3,right,2199.467615384616,1789025623925,-0.8088029623031616,9.763065338134766,5.592226028442383,0.5600000023841858,-3.3600001335144043,-3.7100000381469727,-1.0991917767406525,descending,
3,right,2199.477230769231,1789025623925,-0.8470894694328308,9.959283828735352,5.783658981323242,0.5600000023841858,-3.3600001335144043,-3.7100000381469727,-1.0819686432570002,descending,
3,right,2199.4868461538463,1789025623925,-0.8829830884933472,10.220110893249512,5.618548393249512,0.5600000023841858,-3.3600001335144043,-3.7100000381469727,-1.0633373761768492,descending,
3,right,2199.496461538461,1789025623925,-0.8710185289382935,10.399578094482422,5.623333930969238,0.5600000023841858,-3.3600001335144043,-3.7100000381469727,-1.0431933121948906,descending,
3,right,2199.506076923077,1789025623925,-0.8566610813140869,10.576653480529783,5.597012042999268,0.5600000023841858,-3.3600001335144043,-3.7100000381469727,-1.021704488578469,descending,
3,right,2199.5156923076925,1789025623925,-0.9188767075538636,10.71304988861084,5.764515399932861,0.5600000023841858,-3.3600001335144043,-3.7100000381469727,-0.9982579646418925,descending,
3,right,2199.525307692308,1789025623925,-0.9021263718605042,11.05044937133789,5.836302757263184,0.5600000023841858,-3.3600001335144043,-3.7100000381469727,-0.9716651458086998,descending,
3,right,2199.534,1789025624000,-0.952377438545227,11.41656494140625,5.953555107116699,15.960000038146973,-3.289999961853028,-3.0799999237060547,-0.9443357418355853,descending,
3,right,2199.543615384616,1789025624000,-1.019378900527954,11.86643123626709,6.056450366973877,15.960000038146973,-3.289999961853028,-3.0799999237060547,-0.9098195077629332,descending,
3,right,2199.553230769231,1789025624000,-1.0169858932495115,12.23972511291504,6.389064788818359,15.960000038146973,-3.289999961853028,-3.0799999237060547,-0.8706318896622387,descending,
3,right,2199.5628461538463,1789025624000,-1.0863802433013916,12.706341743469238,6.652284622192383,15.960000038146973,-3.289999961853028,-3.0799999237060547,-0.8262776213671764,descending,
3,right,2199.572461538461,1789025624000,-1.0624512434005735,13.196887969970703,6.8126091957092285,15.960000038146973,-3.289999961853028,-3.0799999237060547,-0.7770807733878596,descending,
3,right,2199.582076923077,1789025624000,-1.1462029218673706,13.649147987365724,6.85807466506958,15.960000038146973,-3.289999961853028,-3.0799999237060547,-0.7238293445831631,descending,
3,right,2199.5916923076925,1789025624000,-1.2227760553359983,14.166015625,7.027971267700195,15.960000038146973,-3.289999961853028,-3.0799999237060547,-0.6654098856971379,descending,
3,right,2199.601307692308,1789025624000,-1.2203831672668457,14.778600692749023,6.9609694480896,15.960000038146973,-3.289999961853028,-3.0799999237060547,-0.602124301238759,descending,
3,right,2199.61,1789025624075,-1.318492412567139,15.333755493164062,6.891575336456299,24.07999992370605,-3.640000104904175,-2.7300000190734863,-0.5408908980208609,descending,
3,right,2199.619615384616,1789025624075,-1.3735291957855225,15.977447509765623,6.664248943328857,24.07999992370605,-3.640000104904175,-2.7300000190734863,-0.4686589190208103,descending,
3,right,2199.629230769231,1789025624075,-1.3735291957855225,16.132986068725586,6.781501770019531,24.07999992370605,-3.640000104904175,-2.7300000190734863,-0.39456146753483295,descending,
3,right,2199.6388461538463,1789025624075,-1.438137769699097,16.451242446899414,6.386671543121338,24.07999992370605,-3.640000104904175,-2.7300000190734863,-0.3194268455393177,descending,
3,right,2199.6484615384616,1789025624075,-1.5266753435134888,16.578067779541016,6.429744243621826,24.07999992370605,-3.640000104904175,-2.7300000190734863,-0.2429379110658485,descending,
3,right,2199.6580769230773,1789025624075,-1.517103672027588,16.422527313232422,6.477602005004883,24.07999992370605,-3.640000104904175,-2.7300000190734863,-0.1675491546546802,descending,
3,right,2199.6676923076925,1789025624075,-1.5290682315826416,16.10905647277832,6.587676048278809,24.07999992370605,-3.640000104904175,-2.7300000190734863,-0.0943489025847577,descending,
3,right,2199.677307692308,1789025624075,-1.4836030006408691,15.872159004211426,6.628355503082275,24.07999992370605,-3.640000104904175,-2.7300000190734863,-0.02302491984671066,descending,
3,right,2199.685,1789025624151,-1.4118157625198364,15.52040195465088,6.704928398132324,-4.550000190734863,-4.690000057220459,-0.9800000190734864,0.03181498137838951,resting,
3,right,2199.694615384615,1789025624151,-1.2897775173187256,15.23325252532959,6.568532943725586,-4.550000190734863,-4.690000057220459,-0.9800000190734864,0.0972073152293036,resting,
3,right,2199.704230769231,1789025624151,-1.1725249290466309,14.857565879821776,6.484780788421631,-4.550000190734863,-4.690000057220459,-0.9800000190734864,0.15891053590947818,resting,
3,right,2199.713846153846,1789025624151,-1.0624512434005735,14.417271614074709,6.350778102874756,-4.550000190734863,-4.690000057220459,-0.9800000190734864,0.2161621955718759,resting,
3,right,2199.7234615384614,1789025624151,-0.9619490504264832,14.00090503692627,6.207203388214111,-4.550000190734863,-4.690000057220459,-0.9800000190734864,0.26913550659140695,resting,
3,right,2199.733076923077,1789025624151,-0.8829830884933472,13.570181846618652,6.2502760887146,-4.550000190734863,-4.690000057220459,-0.9800000190734864,0.3185227565408663,ascending,15
3,right,2199.7426923076923,1789025624151,-0.8542681932449341,13.141851425170898,6.149773597717285,-4.550000190734863,-4.690000057220459,-0.9800000190734864,0.3637601324561307,ascending,15
3,right,2199.752307692308,1789025624151,-0.8303391337394714,12.72787857055664,6.097129821777344,-4.550000190734863,-4.690000057220459,-0.9800000190734864,0.40518281794254707,ascending,15
3,right,2199.761,1789025624226,-0.844696581363678,12.270833015441896,6.0755934715271,-19.040000915527344,-5.039999961853027,0.3499999940395355,0.43898955236903064,ascending,15
3,right,2199.770615384615,1789025624226,-0.8327320218086243,11.89035987854004,6.070807933807373,-19.040000915527344,-5.039999961853027,0.3499999940395355,0.4730835629609702,ascending,15
3,right,2199.780230769231,1789025624226,-0.9212695956230164,11.634319305419922,6.051664352416992,-19.040000915527344,-5.039999961853027,0.3499999940395355,0.5049374770030339,ascending,15
3,right,2199.789846153846,1789025624226,-0.9715206623077391,11.296918869018556,6.034914016723633,-19.040000915527344,-5.039999961853027,0.3499999940395355,0.5338535968466008,ascending,15
3,right,2199.7994615384614,1789025624226,-0.9715206623077391,11.07677173614502,6.003806591033936,-19.040000915527344,-5.039999961853027,0.3499999940395355,0.5607534917030931,ascending,15
3,right,2199.809076923077,1789025624226,-0.9451987147331238,10.856623649597168,5.941590785980225,-19.040000915527344,-5.039999961853027,0.3499999940395355,0.5854883923944414,ascending,15
3,right,2199.8186923076923,1789025624226,-0.98109233379364,10.744157791137695,5.769301414489746,-19.040000915527344,-5.039999961853027,0.3499999940395355,0.6085096636948348,ascending,15
3,right,2199.828307692308,1789025624226,-1.0050214529037476,10.526402473449709,5.728621959686279,-19.040000915527344,-5.039999961853027,0.3499999940395355,0.6295126554639999,ascending,15
3,right,2199.838,1789025624303,-0.9404128789901732,10.344541549682615,5.666406154632568,-12.880000114440918,-4.269999980926514,1.4700000286102295,0.648807574500521,ascending,15
3,right,2199.8476153846154,1789025624303,-0.9428057670593262,10.114822387695312,5.750158309936523,-12.880000114440918,-4.269999980926514,1.4700000286102295,0.6663953345986284,ascending,15
3,right,2199.857230769231,1789025624303,-0.9595561623573304,9.971247673034668,5.690335273742676,-12.880000114440918,-4.269999980926514,1.4700000286102295,0.6825084735217162,ascending,15
3,right,2199.8668461538464,1789025624303,-0.8829830884933472,9.765458106994627,5.704692840576172,-12.880000114440918,-4.269999980926514,1.4700000286102295,0.6969154657550715,ascending,15
3,right,2199.8764615384616,1789025624303,-0.8734114766120911,9.518988609313965,5.601798057556152,-12.880000114440918,-4.269999980926514,1.4700000286102295,0.7087729337581676,ascending,15
3,right,2199.8860769230773,1789025624303,-0.825553297996521,9.344305992126465,5.649655818939209,-12.880000114440918,-4.269999980926514,1.4700000286102295,0.7193702471405903,ascending,15
3,right,2199.895692307693,1789025624303,-0.7609447836875916,9.19355297088623,5.460616111755371,-12.880000114440918,-4.269999980926514,1.4700000286102295,0.72778082872177,ascending,15
3,right,2199.905307692308,1789025624303,-0.7202653288841248,9.21030330657959,5.431901454925537,-12.880000114440918,-4.269999980926514,1.4700000286102295,0.7361715292918416,ascending,15
3,right,2199.914,1789025624376,-0.6460852026939392,9.349091529846191,5.360114097595215,3.3600001335144043,-2.7300000190734863,2.5199999809265137,0.7444476929450519,ascending,15
3,right,2199.9236153846155,1789025624376,-0.5958341360092163,9.39216423034668,5.393614768981934,3.3600001335144043,-2.7300000190734863,2.5199999809265137,0.7540887173093745,ascending,15
3,right,2199.933230769231,1789025624376,-0.5671192407608032,9.380199432373049,5.1902174949646,3.3600001335144043,-2.7300000190734863,2.5199999809265137,0.7626431014764403,ascending,15
3,right,2199.9428461538464,1789025624376,-0.5934411883354187,9.325162887573242,5.058607578277588,3.3600001335144043,-2.7300000190734863,2.5199999809265137,0.7701274990748134,ascending,15
3,right,2199.9524615384616,1789025624376,-0.5742979645729065,9.128944396972656,4.962891578674316,3.3600001335144043,-2.7300000190734863,2.5199999809265137,0.7755105855611456,ascending,15
3,right,2199.9620769230773,1789025624376,-0.5814766883850098,8.882474899291992,5.032285690307617,3.3600001335144043,-2.7300000190734863,2.5199999809265137,0.7791629721980594,ascending,15
3,right,2199.9716923076926,1789025624376,-0.5288326740264893,8.82983112335205,4.953319549560547,3.3600001335144043,-2.7300000190734863,2.5199999809265137,0.7819736234703054,ascending,15
3,right,2199.981307692308,1789025624376,-0.4857603311538696,8.856152534484863,4.941355228424072,3.3600001335144043,-2.7300000190734863,2.5199999809265137,0.7849258555745713,ascending,15
3,right,2199.989,1789025624452,-0.4570454359054565,8.710185050964355,4.625491142272949,7.139999866485596,-1.8899999856948853,3.430000066757202,0.7851147280313778,ascending,15
3,right,2199.9986153846157,1789025624452,-0.4594383537769317,8.41107177734375,4.532167911529541,7.139999866485596,-1.8899999856948853,3.430000066757202,0.7824120121102945,ascending,15
3,right,2200.008230769231,1789025624452,-0.466617077589035,8.162209510803223,4.465166568756104,7.139999866485596,-1.8899999856948853,3.430000066757202,0.7773143561282848,ascending,15
3,right,2200.017846153846,1789025624452,-0.4953319728374481,8.068885803222656,4.517810344696045,7.139999866485596,-1.8899999856948853,3.430000066757202,0.7716924761368866,ascending,15
3,right,2200.027461538461,1789025624452,-0.5336185097694397,8.205282211303711,4.321591854095459,7.139999866485596,-1.8899999856948853,3.430000066757202,0.7663323628345169,ascending,15
3,right,2200.037076923077,1789025624452,-0.5527617931365967,8.181352615356445,4.21869707107544,7.139999866485596,-1.8899999856948853,3.430000066757202,0.7603131262428907,ascending,15
3,right,2200.0466923076924,1789025624452,-0.6077986359596252,8.061707496643066,4.07990837097168,7.139999866485596,-1.8899999856948853,3.430000066757202,0.7526835641268274,ascending,15
3,right,2200.056307692308,1789025624452,-0.6365135312080383,7.9013824462890625,3.986584901809693,7.139999866485596,-1.8899999856948853,3.430000066757202,0.7432978559174145,ascending,15
3,right,2200.065,1789025624541,-0.6293348073959351,7.729093074798584,3.902832984924317,15.050000190734863,-1.0499999523162842,3.920000076293945,0.7331596637042664,ascending,15
3,right,2200.0746153846158,1789025624541,-0.6580497026443481,7.733879089355469,3.948298454284668,15.050000190734863,-1.0499999523162842,3.920000076293945,0.7222166252118024,ascending,15
3,right,2200.084230769231,1789025624541,-0.6604426503181458,7.686020851135254,3.747294187545776,15.050000190734863,-1.0499999523162842,3.920000076293945,0.7099815867960213,ascending,15
3,right,2200.0938461538462,1789025624541,-0.6412993669509888,7.384514331817627,3.7209720611572266,15.050000190734863,-1.0499999523162842,3.920000076293945,0.6950687794542112,ascending,15
3,right,2200.103461538461,1789025624541,-0.7370156645774841,7.116508483886719,3.3357138633728027,15.050000190734863,-1.0499999523162842,3.920000076293945,0.676234900204748,ascending,15
3,right,2200.113076923077,1789025624541,-0.708300769329071,6.788680076599121,3.3979294300079346,15.050000190734863,-1.0499999523162842,3.920000076293945,0.6548784527037391,ascending,15
3,right,2200.1226923076924,1789025624541,-0.6700142621994019,6.664248943328857,3.139495372772217,15.050000190734863,-1.0499999523162842,3.920000076293945,0.6313289953433013,ascending,15
3,right,2200.132307692308,1789025624541,-0.6054057478904724,6.542210578918457,3.239997625350952,15.050000190734863,-1.0499999523162842,3.920000076293945,0.6071529214315602,ascending,15
3,right,2200.141,1789025624616,-0.5958341360092163,6.494352340698242,3.058136463165283,14.350000381469728,-1.4700000286102295,3.990000009536743,0.5842281265266075,ascending,15
3,right,2200.150615384616,1789025624616,-0.588655412197113,6.345992088317871,3.1921393871307373,14.350000381469728,-1.4700000286102295,3.990000009536743,0.5581794766666863,ascending,15
3,right,2200.160230769231,1789025624616,-0.588655412197113,6.259847640991211,3.0892443656921387,14.350000381469728,-1.4700000286102295,3.990000009536743,0.53096626570877,ascending,15
3,right,2200.1698461538463,1789025624616,-0.5814766883850098,6.121058940887451,3.1729960441589355,14.350000381469728,-1.4700000286102295,3.990000009536743,0.5029226735488137,ascending,15
3,right,2200.179461538461,1789025624616,-0.5336185097694397,5.965519905090332,2.921740770339966,14.350000381469728,-1.4700000286102295,3.990000009536743,0.4724618832071278,ascending,15
3,right,2200.189076923077,1789025624616,-0.5144752264022827,5.728621959686279,2.957634449005127,14.350000381469728,-1.4700000286102295,3.990000009536743,0.4401096464311011,ascending,15
3,right,2200.1986923076925,1789025624616,-0.4809745252132416,5.61615514755249,2.7015931606292725,14.350000381469728,-1.4700000286102295,3.990000009536743,0.40571008003507497,ascending,15
3,right,2200.208307692308,1789025624616,-0.4498667120933532,5.541975021362305,2.591519355773926,14.350000381469728,-1.4700000286102295,3.990000009536743,0.3702108398044145,ascending,15
3,right,2200.217,1789025624676,-0.3948298394680023,5.446259021759033,2.3498356342315674,20.09000015258789,-1.6100000143051147,4.059999942779541,0.3364569437219724,ascending,15
3,right,2200.226615384616,1789025624676,-0.3756865561008453,5.242861747741699,2.160795927047729,20.09000015258789,-1.6100000143051147,4.059999942779541,0.2965933750581905,ascending,15
3,right,2200.236230769231,1789025624676,-0.3421858549118042,5.111251831054688,1.9502201080322263,20.09000015258789,-1.6100000143051147,4.059999942779541,0.2547397727464025,ascending,15
3,right,2200.2458461538463,1789025624676,-0.3350071310997009,5.015535354614258,1.9215052127838133,20.09000015258789,-1.6100000143051147,4.059999942779541,0.21196557405100183,ascending,15
3,right,2200.255461538461,1789025624676,-0.3302213251590729,4.824102878570557,1.90954065322876,20.09000015258789,-1.6100000143051147,4.059999942779541,0.16750331070198607,ascending,15
3,right,2200.265076923077,1789025624676,-0.3062922358512878,4.773851871490479,1.9597917795181277,20.09000015258789,-1.6100000143051147,4.059999942779541,0.1228198612192189,ascending,15
3,right,2200.2746923076925,1789025624676,-0.3278284072875976,4.759494304656982,1.90954065322876,20.09000015258789,-1.6100000143051147,4.059999942779541,0.0778501170441572,ascending,15
3,right,2200.284307692308,1789025624676,-0.3278284072875976,4.6757426261901855,1.9334697723388672,20.09000015258789,-1.6100000143051147,4.059999942779541,0.032268222093705744,ascending,15
3,right,2200.293,1789025624751,-0.3900440335273742,4.721207618713379,1.93586266040802,10.920000076293944,-1.4700000286102295,2.6600000858306885,-0.00852249262894937,resting,
3,right,2200.302615384616,1789025624751,-0.3661149442195892,4.735565185546875,1.8521108627319336,10.920000076293944,-1.4700000286102295,2.6600000858306885,-0.05383236692112763,resting,
3,right,2200.312230769231,1789025624751,-0.4067943692207336,4.725993633270264,1.742037057876587,10.920000076293944,-1.4700000286102295,2.6600000858306885,-0.09960853474630442,resting,
3,right,2200.3218461538463,1789025624751,-0.4067943692207336,4.771458625793457,1.5888910293579102,10.920000076293944,-1.4700000286102295,2.6600000858306885,-0.14554910465975263,resting,
3,right,2200.3314615384616,1789025624751,-0.4235447347164154,4.792994976043701,1.4668526649475098,10.920000076293944,-1.4700000286102295,2.6600000858306885,-0.1917319798985111,resting,
3,right,2200.3410769230773,1789025624751,-0.4498667120933532,4.879139423370361,1.4453164339065552,10.920000076293944,-1.4700000286102295,2.6600000858306885,-0.23719551690709278,descending,
3,right,2200.3506923076925,1789025624751,-0.4546525478363037,4.898283004760742,1.4070299863815308,10.920000076293944,-1.4700000286102295,2.6600000858306885,-0.2826024437656259,descending,
3,right,2200.360307692308,1789025624751,-0.4953319728374481,5.003571033477783,1.3472073078155518,10.920000076293944,-1.4700000286102295,2.6600000858306885,-0.32725753554839915,descending,
3,right,2200.369,1789025624828,-0.5336185097694397,4.915033340454102,1.4022440910339355,5.179999828338623,-1.4700000286102295,1.8200000524520876,-0.3681065462062132,descending,
3,right,2200.3786153846154,1789025624828,-0.4833674430847168,4.998785018920898,1.2849916219711304,5.179999828338623,-1.4700000286102295,1.8200000524520876,-0.41299327143777265,descending,
3,right,2200.388230769231,1789025624828,-0.4594383537769317,5.020321369171143,1.387886643409729,5.179999828338623,-1.4700000286102295,1.8200000524520876,-0.45728501184587456,descending,
3,right,2200.3978461538463,1789025624828,-0.4594383537769317,5.144752502441406,1.318492412567139,5.179999828338623,-1.4700000286102295,1.8200000524520876,-0.500712611905203,descending,
3,right,2200.4074615384616,1789025624828,-0.4785816073417663,5.13039493560791,1.416601538658142,5.179999828338623,-1.4700000286102295,1.8200000524520876,-0.5438637489303852,descending,
3,right,2200.4170769230773,1789025624828,-0.4402951002120971,5.17346715927124,1.3017419576644895,5.179999828338623,-1.4700000286102295,1.8200000524520876,-0.5870551428707825,descending,
3,right,2200.4266923076925,1789025624828,-0.4809745252132416,5.149538040161133,1.3424214124679563,5.179999828338623,-1.4700000286102295,1.8200000524520876,-0.6302621708118319,descending,
3,right,2200.436307692308,1789025624828,-0.4714028835296631,5.175860404968262,1.4189945459365845,5.179999828338623,-1.4700000286102295,1.8200000524520876,-0.67292822771836,descending,
3,right,2200.445,1789025624901,-0.5001177787780762,5.197396278381348,1.5745335817337036,-10.850000381469728,-2.309999942779541,0.699999988079071,-0.7107824877201653,descending,
3,right,2200.4546153846154,1789025624901,-0.4283305406570434,5.180645942687988,1.6343562602996826,-10.850000381469728,-2.309999942779541,0.699999988079071,-0.7525996868380792,descending,
3,right,2200.464230769231,1789025624901,-0.4498667120933532,5.080143928527832,1.847325086593628,-10.850000381469728,-2.309999942779541,0.699999988079071,-0.7944799036761113,descending,
3,right,2200.4738461538464,1789025624901,-0.5025107264518738,5.080143928527832,1.9382555484771729,-10.850000381469728,-2.309999942779541,0.699999988079071,-0.8359794279865362,descending,
3,right,2200.4834615384616,1789025624901,-0.4402951002120971,4.874353885650635,2.177546262741089,-10.850000381469728,-2.309999942779541,0.699999988079071,-0.8783900915818664,descending,
3,right,2200.4930769230773,1789025624901,-0.5001177787780762,4.697278499603272,2.459909439086914,-10.850000381469728,-2.309999942779541,0.699999988079071,-0.921234174679344,descending,
3,right,2200.5026923076925,1789025624901,-0.4474738240242004,4.618312835693359,2.565197467803955,-10.850000381469728,-2.309999942779541,0.699999988079071,-0.9643626062706563,descending,
3,right,2200.512307692308,1789025624901,-0.4498667120933532,4.410129547119141,2.8858470916748047,-10.850000381469728,-2.309999942779541,0.699999988079071,-1.0080534681208428,descending,
3,right,2200.521,1789025624991,-0.4091872870922088,4.3957719802856445,2.9145619869232178,-42.42000198364258,-3.430000066757202,-1.3300000429153442,-1.0475117204711002,descending,
3,right,2200.5306153846154,1789025624991,-0.4379021823406219,4.170838832855225,3.287855625152588,-42.42000198364258,-3.430000066757202,-1.3300000429153442,-1.0915495059284945,descending,
3,right,2200.540230769231,1789025624991,-0.3374000489711761,4.362271308898926,2.931312322616577,-42.42000198364258,-3.430000066757202,-1.3300000429153442,-1.1352944147531907,descending,
3,right,2200.5498461538464,1789025624991,-0.3302213251590729,4.333556652069092,3.476895570755005,-42.42000198364258,-3.430000066757202,-1.3300000429153442,-1.176975698992806,descending,
3,right,2200.5594615384616,1789025624991,-0.3613291084766388,4.591990470886231,3.278284072875977,-42.42000198364258,-3.430000066757202,-1.3300000429153442,-1.2171292979745554,descending,
3,right,2200.5690769230773,1789025624991,-0.4067943692207336,4.725993633270264,3.4457876682281494,-42.42000198364258,-3.430000066757202,-1.3300000429153442,-1.2553176375098687,descending,
3,right,2200.578692307693,1789025624991,-0.4402951002120971,5.061000823974609,3.251962184906006,-42.42000198364258,-3.430000066757202,-1.3300000429153442,-1.2913599584455866,descending,
3,right,2200.588307692308,1789025624991,-0.466617077589035,5.075357913970947,3.4936459064483643,-42.42000198364258,-3.430000066757202,-1.3300000429153442,-1.3261572001060948,descending,
3,right,2200.596,1789025625065,-0.44268798828125,5.405579566955566,3.3117847442626958,-31.290000915527344,-3.5,-2.450000047683716,-1.3523472820461473,descending,
3,right,2200.6056153846152,1789025625065,-0.5360113978385925,5.53001070022583,3.5462896823883057,-31.290000915527344,-3.5,-2.450000047683716,-1.3829095754072596,descending,
3,right,2200.615230769231,1789025625065,-0.5671192407608032,5.762122631072998,3.3883578777313232,-31.290000915527344,-3.5,-2.450000047683716,-1.4121508272179586,descending,
3,right,2200.624846153846,1789025625065,-0.5742979645729065,5.941590785980225,3.457752227783203,-31.290000915527344,-3.5,-2.450000047683716,-1.4395200006276403,descending,
3,right,2200.634461538461,1789025625065,-0.6436922550201416,6.144988059997559,3.426644325256348,-31.290000915527344,-3.5,-2.450000047683716,-1.4652553201163465,descending,
3,right,2200.644076923077,1789025625065,-0.6604426503181458,6.2502760887146,3.7831876277923584,-31.290000915527344,-3.5,-2.450000047683716,-1.4884256976978691,descending,
3,right,2200.6536923076924,1789025625065,-0.7226582169532776,6.561354160308838,3.670721054077149,-31.290000915527344,-3.5,-2.450000047683716,-1.509455191262569,descending,
3,right,2200.663307692308,1789025625065,-0.7513731122016907,6.642713069915772,4.075122356414795,-31.290000915527344,-3.5,-2.450000047683716,-1.5278636928265625,descending,
3,right,2200.673,1789025625140,-0.7537660598754883,6.90114688873291,4.024871349334717,-18.690000534057617,-2.799999952316284,-2.940000057220459,-1.5444637511389183,descending,
3,right,2200.682615384615,1789025625140,-0.7489802241325378,7.059078693389893,4.386200428009033,-18.690000534057617,-2.799999952316284,-2.940000057220459,-1.5578728416525425,descending,
3,right,2200.6922307692307,1789025625140,-0.7561589479446411,7.382121562957764,4.364664554595947,-18.690000534057617,-2.799999952316284,-2.940000057220459,-1.5686820253323148,descending,
3,right,2200.701846153846,1789025625140,-0.6963362693786621,7.640555381774902,4.5489182472229,-18.690000534057617,-2.799999952316284,-2.940000057220459,-1.5764777364401568,descending,
3,right,2200.711461538461,1789025625140,-0.6532639265060425,7.961205005645752,4.5010600090026855,-18.690000534057617,-2.799999952316284,-2.940000057220459,-1.581874132710271,descending,
3,right,2200.721076923077,1789025625140,-0.6030128598213196,8.15024471282959,4.6685638427734375,-18.690000534057617,-2.799999952316284,-2.940000057220459,-1.5849183412824313,descending,
3,right,2200.730692307692,1789025625140,-0.5647262930870056,8.396714210510254,4.74752950668335,-18.690000534057617,-2.799999952316284,-2.940000057220459,-1.585565268051215,descending,
3,right,2200.7403076923074,1789025625140,-0.5551546812057495,8.461322784423828,5.001177787780762,-18.690000534057617,-2.799999952316284,-2.940000057220459,-1.5844406618480913,descending,
3,right,2200.749,1789025625217,-0.5479759573936462,8.537896156311035,5.089715480804443,-8.890000343322754,-2.799999952316284,-2.870000123977661,-1.582463830465883,descending,
3,right,2200.758615384615,1789025625217,-0.5719050168991089,8.509181022644043,5.283541202545166,-8.890000343322754,-2.799999952316284,-2.870000123977661,-1.5795420902292283,descending,
3,right,2200.7682307692307,1789025625217,-0.6101915836334229,8.3871431350708,5.439080238342285,-8.890000343322754,-2.799999952316284,-2.870000123977661,-1.5768244100751807,descending,
3,right,2200.777846153846,1789025625217,-0.5527617931365967,8.231603622436523,5.623333930969238,-8.890000343322754,-2.799999952316284,-2.870000123977661,-1.5744833382052223,descending,
3,right,2200.787461538461,1789025625217,-0.6269419193267822,8.205282211303711,5.604190826416016,-8.890000343322754,-2.799999952316284,-2.870000123977661,-1.572399806234766,descending,
3,right,2200.797076923077,1789025625217,-0.6293348073959351,8.267497062683105,5.63290548324585,-8.890000343322754,-2.799999952316284,-2.870000123977661,-1.569649991260298,descending,
3,right,2200.806692307692,1789025625217,-0.6245490312576294,8.34167766571045,5.592226028442383,-8.890000343322754,-2.799999952316284,-2.870000123977661,-1.566494261803812,descending,
3,right,2200.8163076923074,1789025625217,-0.6389064788818359,8.370392799377441,5.601798057556152,-8.890000343322754,-2.799999952316284,-2.870000123977661,-1.5630405070097675,descending,
3,right,2200.825,1789025625291,-0.5862624645233154,8.382356643676758,5.570690155029297,-6.369999885559082,-3.430000066757202,-2.309999942779541,-1.5599967766393192,descending,
3,right,2200.834615384615,1789025625291,-0.619763195514679,8.552253723144531,5.817159652709961,-6.369999885559082,-3.430000066757202,-2.309999942779541,-1.5539639261477096,descending,
3,right,2200.8442307692308,1789025625291,-0.6556568145751953,8.786758422851562,5.85066032409668,-6.369999885559082,-3.430000066757202,-2.309999942779541,-1.5458360887691354,descending,
3,right,2200.853846153846,1789025625291,-0.7322298884391785,9.078693389892578,5.83390998840332,-6.369999885559082,-3.430000066757202,-2.309999942779541,-1.5353919791494224,descending,
3,right,2200.8634615384613,1789025625291,-0.7992312908172607,9.430450439453123,5.896125316619873,-6.369999885559082,-3.430000066757202,-2.309999942779541,-1.5217488729144386,descending,
3,right,2200.873076923077,1789025625291,-0.7872667908668518,9.542917251586914,6.013378143310547,-6.369999885559082,-3.430000066757202,-2.309999942779541,-1.506603388599161,descending,
3,right,2200.882692307692,1789025625291,-0.7633376717567444,9.846817016601562,5.999020576477051,-6.369999885559082,-3.430000066757202,-2.309999942779541,-1.4890981079253225,descending,
3,right,2200.8923076923074,1789025625291,-0.7370156645774841,10.14114475250244,5.862624645233154,-6.369999885559082,-3.430000066757202,-2.309999942779541,-1.4699423472269901,descending,
3,right,2200.9,1789025625366,-0.746587336063385,10.34693431854248,5.733407974243164,19.600000381469727,-3.009999990463257,-0.4900000095367431,-1.453801543631388,descending,
3,right,2200.909615384616,1789025625366,-0.6939433217048645,10.461793899536133,5.661620616912842,19.600000381469727,-3.009999990463257,-0.4900000095367431,-1.4330691104289002,descending,
3,right,2200.919230769231,1789025625366,-0.7418015003204346,10.313433647155762,5.640084266662598,19.600000381469727,-3.009999990463257,-0.4900000095367431,-1.4136024277834347,descending,
3,right,2200.9288461538463,1789025625366,-0.6891575455665588,10.311040878295898,5.4869384765625,19.600000381469727,-3.009999990463257,-0.4900000095367431,-1.3949368235915534,descending,
3,right,2200.938461538461,1789025625366,-0.7011220455169678,10.215324401855469,5.484545230865479,19.600000381469727,-3.009999990463257,-0.4900000095367431,-1.377038062542832,descending,
3,right,2200.948076923077,1789025625366,-0.7106937170028687,10.169858932495115,5.4773664474487305,19.600000381469727,-3.009999990463257,-0.4900000095367431,-1.359524648508741,descending,
3,right,2200.9576923076925,1789025625366,-0.708300769329071,10.08610725402832,5.532403469085693,19.600000381469727,-3.009999990463257,-0.4900000095367431,-1.342418156267702,descending,
3,right,2200.967307692308,1789025625366,-0.8016242384910583,9.94731903076172,5.537189483642578,19.600000381469727,-3.009999990463257,-0.4900000095367431,-1.3263717295241613,descending,
3,right,2200.976,1789025625456,-0.806410014629364,9.899460792541504,5.489331245422363,11.480000495910645,-2.940000057220459,0.5600000023841858,-1.3124304601693542,descending,
3,right,2200.985615384616,1789025625456,-0.7992312908172607,9.909032821655272,5.513260364532471,11.480000495910645,-2.940000057220459,0.5600000023841858,-1.296818091401768,descending,
3,right,2200.995230769231,1789025625456,-0.8183745741844177,9.935354232788086,5.613762378692627,11.480000495910645,-2.940000057220459,0.5600000023841858,-1.2804956747656329,descending,
3,right,2201.0048461538463,1789025625456,-0.7920525670051575,9.987998008728027,5.666406154632568,11.480000495910645,-2.940000057220459,0.5600000023841858,-1.2635053232992648,descending,
3,right,2201.014461538461,1789025625456,-0.7322298884391785,10.08610725402832,5.625726699829102,11.480000495910645,-2.940000057220459,0.5600000023841858,-1.2459331833387217,descending,
3,right,2201.024076923077,1789025625456,-0.7561589479446411,10.220110893249512,5.5611186027526855,11.480000495910645,-2.940000057220459,0.5600000023841858,-1.2275368306869714,descending,
3,right,2201.0336923076925,1789025625456,-0.7370156645774841,10.390007019042969,5.551546573638916,11.480000495910645,-2.940000057220459,0.5600000023841858,-1.207778188567413,descending,
3,right,2201.043307692308,1789025625456,-0.7130866050720215,10.464186668395996,5.537189483642578,11.480000495910645,-2.940000057220459,0.5600000023841858,-1.1874813004239066,descending,
3,right,2201.052,1789025625515,-0.7035149931907654,10.629298210144045,5.582654476165772,15.539999961853027,-3.569999933242798,1.1200000047683716,-1.1676945913677386,descending,
3,right,2201.0616153846154,1789025625515,-0.7226582169532776,10.935589790344238,5.731014728546143,15.539999961853027,-3.569999933242798,1.1200000047683716,-1.1425368488628975,descending,
3,right,2201.071230769231,1789025625515,-0.7561589479446411,11.103093147277832,5.886553764343262,15.539999961853027,-3.569999933242798,1.1200000047683716,-1.1152426980124384,descending,
3,right,2201.0808461538463,1789025625515,-0.7920525670051575,11.428528785705566,6.010984897613525,15.539999961853027,-3.569999933242798,1.1200000047683716,-1.0846234943507327,descending,
3,right,2201.0904615384616,1789025625515,-0.8518753051757812,11.749178886413574,6.207203388214111,15.539999961853027,-3.569999933242798,1.1200000047683716,-1.050382896484437,descending,
3,right,2201.1000769230773,1789025625515,-0.8686256408691406,12.091364860534668,6.278990745544434,15.539999961853027,-3.569999933242798,1.1200000047683716,-1.0129249404347316,descending,
3,right,2201.1096923076925,1789025625515,-0.8710185289382935,12.251689910888672,6.50153112411499,15.539999961853027,-3.569999933242798,1.1200000047683716,-0.973126803404955,descending,
3,right,2201.119307692308,1789025625515,-0.8997334241867065,12.663269996643066,6.5661396980285645,15.539999961853027,-3.569999933242798,1.1200000047683716,-0.9295466477475394,descending,
3,right,2201.128,1789025625616,-0.8351249098777771,13.316533088684082,6.669034957885742,19.670000076293945,-3.7100000381469727,1.399999976158142,-0.884758279887503,descending,
3,right,2201.1376153846154,1789025625616,-1.0026284456253052,13.981761932373049,6.645105838775635,19.670000076293945,-3.7100000381469727,1.399999976158142,-0.8295686131249574,descending,
3,right,2201.147230769231,1789025625616,-1.0145930051803589,14.48188018798828,6.649891376495361,19.670000076293945,-3.7100000381469727,1.399999976158142,-0.7700897595060446,descending,
3,right,2201.1568461538463,1789025625616,-1.074415683746338,14.967639923095703,6.661856174468994,19.670000076293945,-3.7100000381469727,1.399999976158142,-0.7063772648696565,descending,
3,right,2201.1664615384616,1789025625616,-1.1653462648391724,15.541937828063965,6.532639026641846,19.670000076293945,-3.7100000381469727,1.399999976158142,-0.6382540574878863,descending,
3,right,2201.1760769230773,1789025625616,-1.2227760553359983,16.082735061645508,6.50153112411499,19.670000076293945,-3.7100000381469727,1.399999976158142,-0.5655870415230825,descending,
3,right,2201.1856923076925,1789025625616,-1.335242748260498,16.410564422607422,6.582890033721924,19.670000076293945,-3.7100000381469727,1.399999976158142,-0.4896890891402598,descending,
3,right,2201.195307692308,1789025625616,-1.2897775173187256,16.482351303100586,6.5661396980285645,19.670000076293945,-3.7100000381469727,1.399999976158142,-0.4132630942287585,descending,
3,right,2201.204,1789025625665,-1.3017419576644895,16.685749053955078,6.5733184814453125,18.200000762939453,-4.199999809265137,2.5199999809265137,-0.3425545162167477,descending,
3,right,2201.2136153846154,1789025625665,-1.1557745933532717,16.5996036529541,6.45845890045166,18.200000762939453,-4.199999809265137,2.5199999809265137,-0.2656354097299567,descending,
3,right,2201.223230769231,1789025625665,-1.1270596981048584,16.501493453979492,6.353170871734619,18.200000762939453,-4.199999809265137,2.5199999809265137,-0.19001497865546554,descending,
3,right,2201.2328461538464,1789025625665,-1.0074143409729004,16.324419021606445,6.267026424407959,18.200000762939453,-4.199999809265137,2.5199999809265137,-0.11634160887834812,descending,
3,right,2201.2424615384616,1789025625665,-0.9212695956230164,15.99180507659912,6.235918521881104,18.200000762939453,-4.199999809265137,2.5199999809265137,-0.045723054956180904,descending,
3,right,2201.2520769230773,1789025625665,-0.8040171265602112,15.515616416931152,6.216775417327881,18.200000762939453,-4.199999809265137,2.5199999809265137,0.02062026252097235,resting,
3,right,2201.261692307693,1789025625665,-0.8016242384910583,15.020283699035645,6.278990745544434,18.200000762939453,-4.199999809265137,2.5199999809265137,0.08289616240636934,resting,
3,right,2201.271307692308,1789025625665,-0.7513731122016907,14.381377220153809,6.408207893371582,18.200000762939453,-4.199999809265137,2.5199999809265137,0.1400841161068452,resting,
3,right,2201.28,1789025625741,-0.7776951193809509,13.996119499206545,6.544603824615479,-23.59000015258789,-5.25,3.3600001335144043,0.18923076339193365,resting,
3,right,2201.2896153846154,1789025625741,-0.7202653288841248,13.46489429473877,6.570925712585449,-23.59000015258789,-5.25,3.3600001335144043,0.23903563955934756,resting,
3,right,2201.299230769231,1789025625741,-0.758551836013794,13.034170150756836,6.645105838775635,-23.59000015258789,-5.25,3.3600001335144043,0.28541038366475796,ascending,16
3,right,2201.3088461538464,1789025625741,-0.7872667908668518,12.57712459564209,6.7838945388793945,-23.59000015258789,-5.25,3.3600001335144043,0.32840876064550867,ascending,16
3,right,2201.3184615384616,1789025625741,-0.8231604099273682,12.28519058227539,6.795858860015869,-23.59000015258789,-5.25,3.3600001335144043,0.36895298986662084,ascending,16
3,right,2201.3280769230773,1789025625741,-0.8901618123054504,11.995648384094238,6.724071502685547,-23.59000015258789,-5.25,3.3600001335144043,0.4067319818148205,ascending,16
3,right,2201.3376923076926,1789025625741,-0.8470894694328308,11.6151762008667,6.817395210266113,-23.59000015258789,-5.25,3.3600001335144043,0.4416228379394077,ascending,16
3,right,2201.347307692308,1789025625741,-0.9260554313659668,11.222739219665527,6.85807466506958,-23.59000015258789,-5.25,3.3600001335144043,0.4733650838052128,ascending,16
3,right,2201.356,1789025625816,-0.8901618123054504,10.90208911895752,6.829359531402588,-24.21999931335449,-5.25,3.3600001335144043,0.4994692762959847,ascending,16
3,right,2201.3656153846155,1789025625816,-0.806410014629364,10.993020057678224,6.544603824615479,-24.21999931335449,-5.25,3.3600001335144043,0.527879843925122,ascending,16
3,right,2201.375230769231,1789025625816,-0.7824809551239014,10.80637264251709,6.666641712188721,-24.21999931335449,-5.25,3.3600001335144043,0.5552532528693029,ascending,16
3,right,2201.3848461538464,1789025625816,-0.6915504336357117,10.550332069396973,6.587676048278809,-24.21999931335449,-5.25,3.3600001335144043,0.5800967566211013,ascending,16
3,right,2201.3944615384617,1789025625816,-0.6748000979423523,10.27754020690918,6.535031795501709,-24.21999931335449,-5.25,3.3600001335144043,0.602417576858783,ascending,16
3,right,2201.4040769230774,1789025625816,-0.6436922550201416,10.090893745422363,6.216775417327881,-24.21999931335449,-5.25,3.3600001335144043,0.6217390196813336,ascending,16
3,right,2201.4136923076926,1789025625816,-0.5551546812057495,9.877924919128418,6.2000250816345215,-24.21999931335449,-5.25,3.3600001335144043,0.6391802333038544,ascending,16
3,right,2201.423307692308,1789025625816,-0.4929390549659729,9.64581298828125,5.951162338256836,-24.21999931335449,-5.25,3.3600001335144043,0.6535209513203526,ascending,16
3,right,2201.431,1789025625891,-0.44268798828125,9.416092872619627,5.960733890533447,3.569999933242798,-4.550000190734863,4.340000152587891,0.6634679611906541,ascending,16
3,right,2201.4406153846157,1789025625891,-0.3804723918437958,9.246196746826172,5.788444519042969,3.569999933242798,-4.550000190734863,4.340000152587891,0.673650955841468,ascending,16
3,right,2201.450230769231,1789025625891,-0.3206496834754944,9.126551628112791,5.742979526519775,3.569999933242798,-4.550000190734863,4.340000152587891,0.6825976218845535,ascending,16
3,right,2201.4598461538462,1789025625891,-0.3469716608524322,9.145694732666016,5.453437328338623,3.569999933242798,-4.550000190734863,4.340000152587891,0.6903635632417611,ascending,16
3,right,2201.469461538461,1789025625891,-0.2919347882270813,8.966226577758789,5.297898292541504,3.569999933242798,-4.550000190734863,4.340000152587891,0.6958787879896492,ascending,16
3,right,2201.479076923077,1789025625891,-0.3182567656040191,8.848974227905273,5.108858585357666,3.569999933242798,-4.550000190734863,4.340000152587891,0.6995331597865778,ascending,16
3,right,2201.4886923076924,1789025625891,-0.2943277060985565,8.736507415771484,5.00835657119751,3.569999933242798,-4.550000190734863,4.340000152587891,0.7017659911205745,ascending,16
3,right,2201.498307692308,1789025625891,-0.3852581977844238,8.810688018798828,4.86956787109375,3.569999933242798,-4.550000190734863,4.340000152587891,0.7039958044820055,ascending,16
3,right,2201.508,1789025625966,-0.3709007501602173,8.753257751464844,4.6613850593566895,21.90999984741211,-3.849999904632568,4.340000152587891,0.7047791480326625,ascending,16
3,right,2201.517615384615,1789025625966,-0.3972227573394775,8.686256408691406,4.46995210647583,21.90999984741211,-3.849999904632568,4.340000152587891,0.7041242835179383,ascending,16
3,right,2201.5272307692308,1789025625966,-0.4522596299648285,8.487645149230957,4.536953926086426,21.90999984741211,-3.849999904632568,4.340000152587891,0.7021194972630113,ascending,16
3,right,2201.536846153846,1789025625966,-0.461831271648407,8.492430686950684,4.194767951965332,21.90999984741211,-3.849999904632568,4.340000152587891,0.6986154413761596,ascending,16
3,right,2201.546461538461,1789025625966,-0.4283305406570434,8.286641120910645,4.405344009399414,21.90999984741211,-3.849999904632568,4.340000152587891,0.6943086501526635,ascending,16
3,right,2201.556076923077,1789025625966,-0.4714028835296631,8.0736722946167,4.343128204345703,21.90999984741211,-3.849999904632568,4.340000152587891,0.6879266911974599,ascending,16
3,right,2201.565692307692,1789025625966,-0.4594383537769317,7.956419467926025,4.414915561676025,21.90999984741211,-3.849999904632568,4.340000152587891,0.6808605084340399,ascending,16
3,right,2201.5753076923074,1789025625966,-0.4714028835296631,7.755414962768555,4.225875854492188,21.90999984741211,-3.849999904632568,4.340000152587891,0.6712464256995219,ascending,16
3,right,2201.584,1789025626042,-0.4474738240242004,7.477837562561035,4.319199085235596,8.680000305175781,-4.340000152587891,2.799999952316284,0.6607827450057594,ascending,16
3,right,2201.593615384615,1789025626042,-0.4235447347164154,7.341442108154297,4.072729587554932,8.680000305175781,-4.340000152587891,2.799999952316284,0.6469550947257137,ascending,16
3,right,2201.603230769231,1789025626042,-0.3996156454086303,7.269654750823975,3.905225992202759,8.680000305175781,-4.340000152587891,2.799999952316284,0.6317759137903007,ascending,16
3,right,2201.612846153846,1789025626042,-0.3900440335273742,7.1835103034973145,3.658756494522095,8.680000305175781,-4.340000152587891,2.799999952316284,0.6147817891032672,ascending,16
3,right,2201.6224615384613,1789025626042,-0.3421858549118042,6.963362693786621,3.613291263580322,8.680000305175781,-4.340000152587891,2.799999952316284,0.5957006465688133,ascending,16
3,right,2201.632076923077,1789025626042,-0.3326142132282257,6.891575336456299,3.2711052894592285,8.680000305175781,-4.340000152587891,2.799999952316284,0.5745184143194703,ascending,16
3,right,2201.641692307692,1789025626042,-0.3230426013469696,6.625962734222412,3.2088897228240967,8.680000305175781,-4.340000152587891,2.799999952316284,0.5508021012728886,ascending,16
3,right,2201.6513076923075,1789025626042,-0.3948298394680023,6.391457557678223,3.058136463165283,8.680000305175781,-4.340000152587891,2.799999952316284,0.5244609407051968,ascending,16
3,right,2201.66,1789025626117,-0.3613291084766388,6.159345626831055,3.1155662536621094,17.360000610351562,-4.550000190734863,2.450000047683716,0.4990723711428891,ascending,16
3,right,2201.669615384615,1789025626117,-0.461831271648407,6.116272926330566,2.9121692180633545,17.360000610351562,-4.550000190734863,2.450000047683716,0.4697936798220022,ascending,16
3,right,2201.679230769231,1789025626117,-0.4379021823406219,5.903304100036621,2.995920896530152,17.360000610351562,-4.550000190734863,2.450000047683716,0.4390423239150883,ascending,16
3,right,2201.688846153846,1789025626117,-0.4498667120933532,5.867410659790039,2.921740770339966,17.360000610351562,-4.550000190734863,2.450000047683716,0.4076829424517514,ascending,16
3,right,2201.6984615384613,1789025626117,-0.466617077589035,5.888947010040283,2.909776210784912,17.360000610351562,-4.550000190734863,2.450000047683716,0.3764765416500943,ascending,16
3,right,2201.708076923077,1789025626117,-0.5312256217002869,5.960733890533447,2.72552227973938,17.360000610351562,-4.550000190734863,2.450000047683716,0.34515488743954703,ascending,16
3,right,2201.717692307692,1789025626117,-0.5192610621452332,5.97269868850708,2.615448474884033,17.360000610351562,-4.550000190734863,2.450000047683716,0.3134937131192269,ascending,16
3,right,2201.7273076923075,1789025626117,-0.5288326740264893,5.98944902420044,2.3785505294799805,17.360000610351562,-4.550000190734863,2.450000047683716,0.28102424768231554,ascending,16
3,right,2201.735,1789025626206,-0.5288326740264893,5.941590785980225,2.5245180130004883,25.6200008392334,-4.199999809265137,2.1700000762939453,0.2552124750119556,ascending,16
3,right,2201.744615384616,1789025626206,-0.509689450263977,6.037307262420654,2.4120514392852783,25.6200008392334,-4.199999809265137,2.1700000762939453,0.22334370820508578,ascending,16
3,right,2201.754230769231,1789025626206,-0.4809745252132416,6.097129821777344,2.541268348693848,25.6200008392334,-4.199999809265137,2.1700000762939453,0.19253532876514287,ascending,16
3,right,2201.7638461538463,1789025626206,-0.5144752264022827,6.116272926330566,2.373764753341675,25.6200008392334,-4.199999809265137,2.1700000762939453,0.1612596621961587,ascending,16
3,right,2201.7734615384616,1789025626206,-0.4690099954605102,5.999020576477051,2.47426700592041,25.6200008392334,-4.199999809265137,2.1700000762939453,0.12936809247270234,ascending,16
3,right,2201.7830769230773,1789025626206,-0.4331163763999939,5.910482883453369,2.424015998840332,25.6200008392334,-4.199999809265137,2.1700000762939453,0.09651537019607707,ascending,16
3,right,2201.7926923076925,1789025626206,-0.4163660109043121,5.7932305335998535,2.457516670227051,25.6200008392334,-4.199999809265137,2.1700000762939453,0.0627776495374353,ascending,16
3,right,2201.802307692308,1789025626206,-0.3541503846645355,5.824338436126709,2.249333620071411,25.6200008392334,-4.199999809265137,2.1700000762939453,0.02852021758423414,ascending,16
3,right,2201.811,1789025626268,-0.2751844227313995,5.802802085876465,2.234976053237915,16.030000686645508,-4.409999847412109,2.0999999046325684,-0.002668814976490659,resting,
3,right,2201.8206153846154,1789025626268,-0.2177546322345733,5.872196674346924,2.079437017440796,16.030000686645508,-4.409999847412109,2.0999999046325684,-0.03713619274003093,resting,
3,right,2201.830230769231,1789025626268,-0.2177546322345733,5.87698221206665,1.998078227043152,16.030000686645508,-4.409999847412109,2.0999999046325684,-0.07184067084946487,resting,
3,right,2201.8398461538463,1789025626268,-0.1411815732717514,5.915268898010254,1.830574631690979,16.030000686645508,-4.409999847412109,2.0999999046325684,-0.10682031082251142,resting,
3,right,2201.8494615384616,1789025626268,-0.1363957673311233,5.9200544357299805,1.97893500328064,16.030000686645508,-4.409999847412109,2.0999999046325684,-0.14117597902449527,resting,
3,right,2201.8590769230773,1789025626268,-0.1005021408200264,5.826731204986572,2.0220072269439697,16.030000686645508,-4.409999847412109,2.0999999046325684,-0.1761803363197693,resting,
3,right,2201.8686923076925,1789025626268,-0.105287954211235,5.829123973846436,2.0890088081359863,16.030000686645508,-4.409999847412109,2.0999999046325684,-0.2108909030625336,descending,
3,right,2201.878307692308,1789025626268,-0.1244312226772308,5.951162338256836,1.9885066747665403,16.030000686645508,-4.409999847412109,2.0999999046325684,-0.24485392067503498,descending,
3,right,2201.887,1789025626358,-0.1531461179256439,6.161738395690918,1.9526129961013796,9.029999732971191,-3.569999933242798,2.380000114440918,-0.273957010623783,descending,
3,right,2201.8966153846154,1789025626358,-0.1866468340158462,6.168917179107666,1.8568966388702397,9.029999732971191,-3.569999933242798,2.380000114440918,-0.3064036263650948,descending,
3,right,2201.906230769231,1789025626358,-0.1890397369861602,6.133023262023926,1.8329676389694212,9.029999732971191,-3.569999933242798,2.380000114440918,-0.3392319175817379,descending,
3,right,2201.9158461538464,1789025626358,-0.284756064414978,6.135416507720947,1.718108057975769,9.029999732971191,-3.569999933242798,2.380000114440918,-0.3724102160782851,descending,
3,right,2201.9254615384616,1789025626358,-0.2967205941677093,6.288562297821045,1.4189945459365845,9.029999732971191,-3.569999933242798,2.380000114440918,-0.4052638399177051,descending,
3,right,2201.9350769230773,1789025626358,-0.3445787727832794,6.216775417327881,1.5936768054962158,9.029999732971191,-3.569999933242798,2.380000114440918,-0.43809944809591117,descending,
3,right,2201.9446923076925,1789025626358,-0.3493645787239074,6.262240409851074,1.3472073078155518,9.029999732971191,-3.569999933242798,2.380000114440918,-0.4713757630625932,descending,
3,right,2201.954307692308,1789025626358,-0.4331163763999939,6.195239067077637,1.555390238761902,9.029999732971191,-3.569999933242798,2.380000114440918,-0.5044732035066988,descending,
3,right,2201.964,1789025626433,-0.5025107264518738,6.228739738464356,1.4094228744506836,-0.2100000083446502,-3.7100000381469727,2.870000123977661,-0.53802970631301,descending,
3,right,2201.973615384615,1789025626433,-0.6389064788818359,6.300527095794678,1.6319633722305298,-0.2100000083446502,-3.7100000381469727,2.870000123977661,-0.569860567329814,descending,
3,right,2201.983230769231,1789025626433,-0.667621374130249,6.343599319458008,1.6104271411895752,-0.2100000083446502,-3.7100000381469727,2.870000123977661,-0.6013674256426516,descending,
3,right,2201.992846153846,1789025626433,-0.6700142621994019,6.345992088317871,1.809038519859314,-0.2100000083446502,-3.7100000381469727,2.870000123977661,-0.6321397975986981,descending,
3,right,2202.0024615384614,1789025626433,-0.7130866050720215,6.520674705505371,1.720500946044922,-0.2100000083446502,-3.7100000381469727,2.870000123977661,-0.6616481754677183,descending,
3,right,2202.012076923077,1789025626433,-0.708300769329071,6.55417537689209,1.806645631790161,-0.2100000083446502,-3.7100000381469727,2.870000123977661,-0.69052873259088,descending,
3,right,2202.0216923076923,1789025626433,-0.708300769329071,6.743215084075928,1.622391700744629,-0.2100000083446502,-3.7100000381469727,2.870000123977661,-0.718341784449202,descending,
3,right,2202.031307692308,1789025626433,-0.6748000979423523,6.848503112792969,1.6534994840621948,-0.2100000083446502,-3.7100000381469727,2.870000123977661,-0.7450820330346767,descending,
3,right,2202.039,1789025626506,-0.6628355383872986,7.020792484283447,1.5266753435134888,5.670000076293945,-4.340000152587891,2.799999952316284,-0.7655728219676706,descending,
3,right,2202.0486153846155,1789025626506,-0.6149773597717285,7.090186595916748,1.5888910293579102,5.670000076293945,-4.340000152587891,2.799999952316284,-0.7903179124280477,descending,
3,right,2202.058230769231,1789025626506,-0.5838695764541626,7.147616386413574,1.5194966793060305,5.670000076293945,-4.340000152587891,2.799999952316284,-0.8147553390089564,descending,
3,right,2202.0678461538464,1789025626506,-0.5742979645729065,7.231368064880371,1.5482115745544434,5.670000076293945,-4.340000152587891,2.799999952316284,-0.838307081871109,descending,
3,right,2202.0774615384616,1789025626506,-0.569512128829956,7.331870555877685,1.5649619102478027,5.670000076293945,-4.340000152587891,2.799999952316284,-0.8608633677696313,descending,
3,right,2202.0870769230773,1789025626506,-0.5766908526420593,7.317512989044189,1.6989647150039673,5.670000076293945,-4.340000152587891,2.799999952316284,-0.883059555692633,descending,
3,right,2202.0966923076926,1789025626506,-0.5431901216506958,7.193081855773926,1.8114314079284668,5.670000076293945,-4.340000152587891,2.799999952316284,-0.9059701128553038,descending,
3,right,2202.106307692308,1789025626506,-0.5360113978385925,7.1500091552734375,1.9023619890213013,5.670000076293945,-4.340000152587891,2.799999952316284,-0.9289370514220892,descending,
3,right,2202.115,1789025626581,-0.5503688454627991,6.994470119476318,1.945434331893921,-17.989999771118164,-4.829999923706055,0.8400000333786011,-0.9508322910578622,descending,
3,right,2202.124615384615,1789025626581,-0.5575475692749023,7.027971267700195,1.974149227142334,-17.989999771118164,-4.829999923706055,0.8400000333786011,-0.9746501985971707,descending,
3,right,2202.1342307692307,1789025626581,-0.5575475692749023,6.817395210266113,1.9478272199630735,-17.989999771118164,-4.829999923706055,0.8400000333786011,-1.0004478331471607,descending,
3,right,2202.143846153846,1789025626581,-0.5575475692749023,6.621176719665527,1.9621846675872805,-17.989999771118164,-4.829999923706055,0.8400000333786011,-1.0279551092196115,descending,
3,right,2202.153461538461,1789025626581,-0.5192610621452332,6.307705879211426,2.0196144580841064,-17.989999771118164,-4.829999923706055,0.8400000333786011,-1.0580884043577283,descending,
3,right,2202.163076923077,1789025626581,-0.4881532490253448,5.982270240783691,2.03157901763916,-17.989999771118164,-4.829999923706055,0.8400000333786011,-1.0911006457742307,descending,
3,right,2202.172692307692,1789025626581,-0.4379021823406219,5.831517219543457,2.086615800857544,-17.989999771118164,-4.829999923706055,0.8400000333786011,-1.1252713053682186,descending,
3,right,2202.1823076923074,1789025626581,-0.4331163763999939,5.726229190826416,2.2230117321014404,-17.989999771118164,-4.829999923706055,0.8400000333786011,-1.1598956942002487,descending,
3,right,2202.191,1789025626658,-0.3780794739723205,5.613762378692627,2.3498356342315674,-38.77999877929688,-5.460000038146973,-0.8400000333786011,-1.191690166539567,descending,
3,right,2202.200615384615,1789025626658,-0.4211518168449402,5.3146491050720215,2.541268348693848,-38.77999877929688,-5.460000038146973,-0.8400000333786011,-1.2288034536692036,descending,
3,right,2202.2102307692307,1789025626658,-0.3589362204074859,5.099287033081055,3.1251380443573,-38.77999877929688,-5.460000038146973,-0.8400000333786011,-1.2656493680311696,descending,
3,right,2202.219846153846,1789025626658,-0.3158638775348663,4.862389087677002,3.2974274158477783,-38.77999877929688,-5.460000038146973,-0.8400000333786011,-1.3038792283251455,descending,
3,right,2202.229461538461,1789025626658,-0.2871489822864532,4.503453254699707,3.7999379634857178,-38.77999877929688,-5.460000038146973,-0.8400000333786011,-1.3432854590441174,descending,
3,right,2202.239076923077,1789025626658,-0.2560411691665649,4.5489182472229,3.814295530319214,-38.77999877929688,-5.460000038146973,-0.8400000333786011,-1.3821150810054141,descending,
3,right,2202.248692307692,1789025626658,-0.1986113786697387,4.694885730743408,3.747294187545776,-38.77999877929688,-5.460000038146973,-0.8400000333786011,-1.4198100311446937,descending,
3,right,2202.2583076923074,1789025626658,-0.1603248417377472,4.355092525482178,3.998549461364746,-38.77999877929688,-5.460000038146973,-0.8400000333786011,-1.4593750298359658,descending,
3,right,2202.267,1789025626731,-0.1483602970838546,4.046407699584961,4.154088497161865,-54.31999969482422,-7.0,-3.150000095367432,-1.496862217479182,descending,
3,right,2202.276615384615,1789025626731,-0.102895051240921,4.075122356414795,4.237840175628662,-54.31999969482422,-7.0,-3.150000095367432,-1.5375417326793617,descending,
3,right,2202.2862307692308,1789025626731,-0.1387886703014373,4.558489799499512,4.058372020721436,-54.31999969482422,-7.0,-3.150000095367432,-1.5745923034123877,descending,
3,right,2202.295846153846,1789025626731,-0.1363957673311233,5.029892921447754,4.041621685028076,-54.31999969482422,-7.0,-3.150000095367432,-1.607496927034408,descending,
3,right,2202.3054615384613,1789025626731,-0.1244312226772308,5.2165398597717285,4.060765266418457,-54.31999969482422,-7.0,-3.150000095367432,-1.6385861477482062,descending,
3,right,2202.315076923077,1789025626731,-0.1076808646321296,5.436686992645264,4.247411727905273,-54.31999969482422,-7.0,-3.150000095367432,-1.6668331572890218,descending,
3,right,2202.324692307692,1789025626731,-0.0885375961661338,5.664013385772705,4.223482608795166,-54.31999969482422,-7.0,-3.150000095367432,-1.6931279558735912,descending,
3,right,2202.3343076923074,1789025626731,-0.0430723465979099,6.130630493164063,4.259376525878906,-54.31999969482422,-7.0,-3.150000095367432,-1.7152150679894091,descending,
3,right,2202.342,1789025626806,-0.06460852175951,6.530246257781982,4.12298059463501,-16.030000686645508,-5.460000038146973,-3.150000095367432,-1.7306756443281504,descending,
3,right,2202.351615384616,1789025626806,-0.0311078056693077,6.937040328979492,4.230661392211914,-16.030000686645508,-5.460000038146973,-3.150000095367432,-1.7460607103914598,descending,
3,right,2202.361230769231,1789025626806,-0.0239290818572044,7.111722946166992,4.268948078155518,-16.030000686645508,-5.460000038146973,-3.150000095367432,-1.7597843486461355,descending,
3,right,2202.3708461538463,1789025626806,-0.0813588723540306,7.197867393493652,4.333556652069092,-16.030000686645508,-5.460000038146973,-3.150000095367432,-1.7724607786108333,descending,
3,right,2202.380461538461,1789025626806,-0.0311078056693077,7.377335548400879,4.390986442565918,-16.030000686645508,-5.460000038146973,-3.150000095367432,-1.7833581884760843,descending,
3,right,2202.390076923077,1789025626806,-0.0885375961661338,7.530481815338135,4.381414890289307,-16.030000686645508,-5.460000038146973,-3.150000095367432,-1.79301383658838,descending,
3,right,2202.3996923076925,1789025626806,-0.1100737750530242,7.688413619995117,4.410129547119141,-16.030000686645508,-5.460000038146973,-3.150000095367432,-1.8012121736979831,descending,
3,right,2202.409307692308,1789025626806,-0.1387886703014373,7.74345064163208,4.455595016479492,-16.030000686645508,-5.460000038146973,-3.150000095367432,-1.8087270655911816,descending,
3,right,2202.419,1789025626883,-0.1866468340158462,7.757808208465576,4.5704545974731445,-5.670000076293945,-4.690000057220459,-2.7300000190734863,-1.8156099230567477,descending,
3,right,2202.428615384615,1789025626883,-0.1651106625795364,7.927704334259033,4.749922752380371,-5.670000076293945,-4.690000057220459,-2.7300000190734863,-1.8201548273279957,descending,
3,right,2202.438230769231,1789025626883,-0.2010042816400528,8.099993705749512,4.73077917098999,-5.670000076293945,-4.690000057220459,-2.7300000190734863,-1.823359117340223,descending,
3,right,2202.447846153846,1789025626883,-0.1890397369861602,8.336892127990723,4.745136737823486,-5.670000076293945,-4.690000057220459,-2.7300000190734863,-1.824531956991263,descending,
3,right,2202.4574615384613,1789025626883,-0.2177546322345733,8.317748069763184,4.879139423370361,-5.670000076293945,-4.690000057220459,-2.7300000190734863,-1.8252037734684419,descending,
3,right,2202.467076923077,1789025626883,-0.1962184607982635,8.243568420410156,4.960498332977295,-5.670000076293945,-4.690000057220459,-2.7300000190734863,-1.8260939647715109,descending,
3,right,2202.476692307692,1789025626883,-0.2273262739181518,8.24596118927002,5.151931285858154,-5.670000076293945,-4.690000057220459,-2.7300000190734863,-1.8260151380123621,descending,
3,right,2202.4863076923075,1789025626883,-0.2703986167907715,8.303391456604004,5.2165398597717285,-5.670000076293945,-4.690000057220459,-2.7300000190734863,-1.8251313895469887,descending,
3,right,2202.495,1789025626956,-0.2416837215423584,8.353642463684082,5.319434642791748,-10.640000343322754,-4.480000019073486,-2.5899999141693115,-1.8234970451857166,descending,
3,right,2202.504615384615,1789025626956,-0.2560411691665649,8.492430686950684,5.338577747344971,-10.640000343322754,-4.480000019073486,-2.5899999141693115,-1.820445065518019,descending,
3,right,2202.514230769231,1789025626956,-0.2392908036708831,8.571396827697754,5.443865776062012,-10.640000343322754,-4.480000019073486,-2.5899999141693115,-1.8162180216447017,descending,
3,right,2202.523846153846,1789025626956,-0.284756064414978,8.762829780578613,5.527617931365967,-10.640000343322754,-4.480000019073486,-2.5899999141693115,-1.8099911063001548,descending,
3,right,2202.5334615384613,1789025626956,-0.1866468340158462,9.040407180786133,5.644870281219482,-10.640000343322754,-4.480000019073486,-2.5899999141693115,-1.8009236484254336,descending,
3,right,2202.543076923077,1789025626956,-0.2345049977302551,9.334734916687012,5.6592278480529785,-10.640000343322754,-4.480000019073486,-2.5899999141693115,-1.7893764249569482,descending,
3,right,2202.5526923076923,1789025626956,-0.1746822893619537,9.612311363220217,5.642477512359619,-10.640000343322754,-4.480000019073486,-2.5899999141693115,-1.7756667727060078,descending,
3,right,2202.5623076923075,1789025626956,-0.1962184607982635,9.803744316101074,5.738193511962891,-10.640000343322754,-4.480000019073486,-2.5899999141693115,-1.7599128251012601,descending,
3,right,2202.571,1789025627031,-0.1627177447080612,9.909032821655272,5.795623302459717,6.510000228881836,-3.7100000381469727,-1.75,-1.7446368608472234,descending,
3,right,2202.580615384615,1789025627031,-0.1435744911432266,10.177038192749023,5.83390998840332,6.510000228881836,-3.7100000381469727,-1.75,-1.725357584175566,descending,
3,right,2202.590230769231,1789025627031,-0.1459673941135406,10.35650634765625,5.817159652709961,6.510000228881836,-3.7100000381469727,-1.75,-1.7046915903926483,descending,
3,right,2202.599846153846,1789025627031,-0.1005021408200264,10.392399787902832,5.819552421569824,6.510000228881836,-3.7100000381469727,-1.75,-1.6837261324666823,descending,
3,right,2202.6094615384613,1789025627031,-0.0981092303991317,10.413935661315918,5.757337093353272,6.510000228881836,-3.7100000381469727,-1.75,-1.6628931162678218,descending,
3,right,2202.619076923077,1789025627031,-0.0622156113386154,10.44265079498291,5.738193511962891,6.510000228881836,-3.7100000381469727,-1.75,-1.641923063031985,descending,
3,right,2202.6286923076923,1789025627031,-0.0693943351507186,10.394792556762695,5.6951212882995605,6.510000228881836,-3.7100000381469727,-1.75,-1.621557480353729,descending,
3,right,2202.6383076923075,1789025627031,-0.0382865294814109,10.342148780822754,5.594619274139404,6.510000228881836,-3.7100000381469727,-1.75,-1.6021240213731653,descending,
3,right,2202.646,1789025627106,-0.0837517827749252,10.25121784210205,5.7238359451293945,10.56999969482422,-3.920000076293945,-0.0700000002980232,-1.5866637278243854,descending,
3,right,2202.6556153846154,1789025627106,-0.1340028494596481,10.239253997802734,5.704692840576172,10.56999969482422,-3.920000076293945,-0.0700000002980232,-1.5675236101787748,descending,
3,right,2202.665230769231,1789025627106,-0.2273262739181518,10.169858932495115,5.642477512359619,10.56999969482422,-3.920000076293945,-0.0700000002980232,-1.5492487794784697,descending,
3,right,2202.6748461538464,1789025627106,-0.2775773406028747,10.186610221862791,5.671192169189453,10.56999969482422,-3.920000076293945,-0.0700000002980232,-1.530690707893579,descending,
3,right,2202.6844615384616,1789025627106,-0.3254354894161224,10.222503662109377,5.702300071716309,10.56999969482422,-3.920000076293945,-0.0700000002980232,-1.5116804595720061,descending,
3,right,2202.6940769230773,1789025627106,-0.3613291084766388,10.160287857055664,5.66879940032959,10.56999969482422,-3.920000076293945,-0.0700000002980232,-1.4933474213041116,descending,
3,right,2202.703692307693,1789025627106,-0.3804723918437958,10.14114475250244,5.575475692749023,10.56999969482422,-3.920000076293945,-0.0700000002980232,-1.4756182911410747,descending,
3,right,2202.713307692308,1789025627106,-0.3780794739723205,10.232074737548828,5.503688812255859,10.56999969482422,-3.920000076293945,-0.0700000002980232,-1.4574703362851882,descending,
3,right,2202.722,1789025627182,-0.3852581977844238,10.433079719543455,5.575475692749023,9.520000457763672,-3.569999933242798,-0.4200000166893005,-1.4392367317335324,descending,
3,right,2202.7316153846155,1789025627182,-0.4498667120933532,10.64126205444336,5.49411678314209,9.520000457763672,-3.569999933242798,-0.4200000166893005,-1.4176890264639257,descending,
3,right,2202.741230769231,1789025627182,-0.4642241597175598,10.820730209350586,5.4869384765625,9.520000457763672,-3.569999933242798,-0.4200000166893005,-1.3946616847123163,descending,
3,right,2202.7508461538464,1789025627182,-0.4139730930328369,11.091129302978516,5.49411678314209,9.520000457763672,-3.569999933242798,-0.4200000166893005,-1.369331298887251,descending,
3,right,2202.7604615384616,1789025627182,-0.4235447347164154,11.409385681152344,5.61615514755249,9.520000457763672,-3.569999933242798,-0.4200000166893005,-1.34075005004517,descending,
3,right,2202.7700769230773,1789025627182,-0.3996156454086303,11.706106185913086,5.778872966766357,9.520000457763672,-3.569999933242798,-0.4200000166893005,-1.3089280514980337,descending,
3,right,2202.7796923076926,1789025627182,-0.3326142132282257,12.21340274810791,5.458223342895508,9.520000457763672,-3.569999933242798,-0.4200000166893005,-1.2743020563461818,descending,
3,right,2202.789307692308,1789025627182,-0.2680056989192962,12.364155769348145,5.841088771820068,9.520000457763672,-3.569999933242798,-0.4200000166893005,-1.2366711672355533,descending,
3,right,2202.799,1789025627270,-0.2680056989192962,12.703948974609377,5.795623302459717,18.899999618530277,-2.6600000858306885,-0.6299999952316284,-1.1960403721364958,descending,
3,right,2202.808615384615,1789025627270,-0.2560411691665649,13.03895664215088,6.087558269500732,18.899999618530277,-2.6600000858306885,-0.6299999952316284,-1.1515700011843428,descending,
3,right,2202.818230769231,1789025627270,-0.2297191768884658,13.536681175231934,5.982270240783691,18.899999618530277,-2.6600000858306885,-0.6299999952316284,-1.1033422224396532,descending,
3,right,2202.827846153846,1789025627270,-0.2392908036708831,13.926725387573242,6.152166843414307,18.899999618530277,-2.6600000858306885,-0.6299999952316284,-1.0510279573613392,descending,
3,right,2202.8374615384614,1789025627270,-0.2440766245126724,14.417271614074709,6.0253424644470215,18.899999618530277,-2.6600000858306885,-0.6299999952316284,-0.9950830636889046,descending,
3,right,2202.847076923077,1789025627270,-0.2488624453544616,14.797743797302246,6.243097305297852,18.899999618530277,-2.6600000858306885,-0.6299999952316284,-0.9349179317362063,descending,
3,right,2202.8566923076924,1789025627270,-0.3350071310997009,15.293075561523438,6.274205207824707,18.899999618530277,-2.6600000858306885,-0.6299999952316284,-0.8703538903111478,descending,
3,right,2202.866307692308,1789025627270,-0.3110780417919159,15.501258850097656,6.374707221984863,18.899999618530277,-2.6600000858306885,-0.6299999952316284,-0.8035638023370162,descending,
3,right,2202.875,1789025627331,-0.3613291084766388,15.656797409057615,6.274205207824707,13.510000228881836,-2.309999942779541,-0.4900000095367431,-0.7423662836740269,descending,
3,right,2202.8846153846152,1789025627331,-0.3661149442195892,15.65201187133789,6.286169528961182,13.510000228881836,-2.309999942779541,-0.4900000095367431,-0.6746605985009969,descending,
3,right,2202.894230769231,1789025627331,-0.3278284072875976,15.707048416137695,6.235918521881104,13.510000228881836,-2.309999942779541,-0.4900000095367431,-0.6067062841899276,descending,
3,right,2202.903846153846,1789025627331,-0.3326142132282257,15.613725662231444,6.331634998321533,13.510000228881836,-2.309999942779541,-0.4900000095367431,-0.5391494006899048,descending,
3,right,2202.913461538461,1789025627331,-0.2871489822864532,15.491686820983888,6.1976318359375,13.510000228881836,-2.309999942779541,-0.4900000095367431,-0.4732269054989935,descending,
3,right,2202.923076923077,1789025627331,-0.3182567656040191,15.25000286102295,6.092343807220459,13.510000228881836,-2.309999942779541,-0.4900000095367431,-0.40983407864125626,descending,
3,right,2202.9326923076924,1789025627331,-0.3517574965953827,14.929353713989258,6.061236381530762,13.510000228881836,-2.309999942779541,-0.4900000095367431,-0.34934127648656776,descending,
3,right,2202.942307692308,1789025627331,-0.3517574965953827,14.60152530670166,6.142595291137695,13.510000228881836,-2.309999942779541,-0.4900000095367431,-0.29135024403476645,descending,
3,right,2202.95,1789025627406,-0.461831271648407,14.407699584960938,6.255061626434326,-14.770000457763672,-2.870000123977661,0.4900000095367431,-0.24593560643156717,descending,
3,right,2202.959615384615,1789025627406,-0.5120823383331299,14.08944320678711,6.247882843017578,-14.770000457763672,-2.870000123977661,0.4900000095367431,-0.1919807788384356,descending,
3,right,2202.9692307692308,1789025627406,-0.5336185097694397,13.742470741271973,6.290955543518066,-14.770000457763672,-2.870000123977661,0.4900000095367431,-0.14087199887397428,descending,
3,right,2202.978846153846,1789025627406,-0.6436922550201416,13.354820251464844,6.422565460205078,-14.770000457763672,-2.870000123977661,0.4900000095367431,-0.0925581804010182,descending,
3,right,2202.9884615384613,1789025627406,-0.6628355383872986,12.957597732543944,6.405815124511719,-14.770000457763672,-2.870000123977661,0.4900000095367431,-0.04775832324858391,descending,
3,right,2202.998076923077,1789025627406,-0.6389064788818359,12.644125938415527,6.314884662628174,-14.770000457763672,-2.870000123977661,0.4900000095367431,-0.00607084664147334,resting,
3,right,2203.007692307692,1789025627406,-0.6054057478904724,12.443121910095217,6.360349655151367,-14.770000457763672,-2.870000123977661,0.4900000095367431,0.03406169444544786,resting,
3,right,2203.0173076923074,1789025627406,-0.600619912147522,12.12725830078125,6.37949275970459,-14.770000457763672,-2.870000123977661,0.4900000095367431,0.07155127579341795,resting,
3,right,2203.026,1789025627481,-0.5599405169487,11.773107528686523,6.329241752624512,-21.350000381469727,-2.940000057220459,1.190000057220459,0.10248773582188311,resting,
3,right,2203.035615384615,1789025627481,-0.5192610621452332,11.43092155456543,6.109094142913818,-21.350000381469727,-2.940000057220459,1.190000057220459,0.13280193159767054,resting,
3,right,2203.045230769231,1789025627481,-0.4809745252132416,10.973876953125,6.389064788818359,-21.350000381469727,-2.940000057220459,1.190000057220459,0.160457457567454,resting,
3,right,2203.054846153846,1789025627481,-0.5001177787780762,10.557510375976562,6.420172214508057,-21.350000381469727,-2.940000057220459,1.190000057220459,0.1847319118776687,ascending,17
3,right,2203.0644615384613,1789025627481,-0.4809745252132416,10.41872215270996,6.5374250411987305,-21.350000381469727,-2.940000057220459,1.190000057220459,0.20838185357977917,ascending,17
3,right,2203.074076923077,1789025627481,-0.4881532490253448,10.366077423095703,6.436922550201416,-21.350000381469727,-2.940000057220459,1.190000057220459,0.23115591803270674,ascending,17
3,right,2203.083692307692,1789025627481,-0.5168681740760803,10.299076080322266,6.508709907531738,-21.350000381469727,-2.940000057220459,1.190000057220459,0.25372373364847506,ascending,17
3,right,2203.0933076923075,1789025627481,-0.5001177787780762,10.050213813781738,6.29334831237793,-21.350000381469727,-2.940000057220459,1.190000057220459,0.2732182890075987,ascending,17
3,right,2203.102,1789025627558,-0.4737958014011383,9.74870777130127,6.434529781341553,-16.309999465942383,-2.1700000762939453,0.7699999809265137,0.2891632470479851,ascending,17
3,right,2203.111615384615,1789025627558,-0.4761887192726135,9.710420608520508,6.317277431488037,-16.309999465942383,-2.1700000762939453,0.7699999809265137,0.30595240649388233,ascending,17
3,right,2203.121230769231,1789025627558,-0.4833674430847168,9.708027839660645,6.245490074157715,-16.309999465942383,-2.1700000762939453,0.7699999809265137,0.32240140347092744,ascending,17
3,right,2203.130846153846,1789025627558,-0.4594383537769317,9.712814331054688,6.061236381530762,-16.309999465942383,-2.1700000762939453,0.7699999809265137,0.33801946446493014,ascending,17
3,right,2203.1404615384613,1789025627558,-0.4187589287757873,9.612311363220217,6.010984897613525,-16.309999465942383,-2.1700000762939453,0.7699999809265137,0.35256173277608144,ascending,17
3,right,2203.150076923077,1789025627558,-0.4211518168449402,9.440022468566896,5.903304100036621,-16.309999465942383,-2.1700000762939453,0.7699999809265137,0.3651603758777268,ascending,17
3,right,2203.159692307692,1789025627558,-0.461831271648407,9.325162887573242,5.900911331176758,-16.309999465942383,-2.1700000762939453,0.7699999809265137,0.37681137909377344,ascending,17
3,right,2203.1693076923075,1789025627558,-0.4283305406570434,9.231839179992676,5.814766883850098,-16.309999465942383,-2.1700000762939453,0.7699999809265137,0.38726955688551223,ascending,17
3,right,2203.177,1789025627646,-0.4977248907089233,9.006906509399414,5.735800743103027,-1.1200000047683716,-0.7699999809265137,1.5399999618530271,0.3938512817628152,ascending,17
3,right,2203.1866153846154,1789025627646,-0.5288326740264893,8.92554759979248,5.702300071716309,-1.1200000047683716,-0.7699999809265137,1.5399999618530271,0.401250884223165,ascending,17
3,right,2203.196230769231,1789025627646,-0.5862624645233154,8.817866325378418,5.608976364135742,-1.1200000047683716,-0.7699999809265137,1.5399999618530271,0.4073165110792896,ascending,17
3,right,2203.2058461538463,1789025627646,-0.6389064788818359,8.731721878051758,5.460616111755371,-1.1200000047683716,-0.7699999809265137,1.5399999618530271,0.4119525762356806,ascending,17
3,right,2203.2154615384616,1789025627646,-0.6293348073959351,8.643183708190918,5.324220657348633,-1.1200000047683716,-0.7699999809265137,1.5399999618530271,0.41518499565718325,ascending,17
3,right,2203.2250769230773,1789025627646,-0.6101915836334229,8.537896156311035,5.166288375854492,-1.1200000047683716,-0.7699999809265137,1.5399999618530271,0.4167661949342627,ascending,17
3,right,2203.2346923076925,1789025627646,-0.6221560835838318,8.406286239624023,4.998785018920898,-1.1200000047683716,-0.7699999809265137,1.5399999618530271,0.41644042252446967,ascending,17
3,right,2203.244307692308,1789025627646,-0.569512128829956,8.279461860656738,4.941355228424072,-1.1200000047683716,-0.7699999809265137,1.5399999618530271,0.4147770196447472,ascending,17
3,right,2203.254,1789025627721,-0.5264397859573364,8.226818084716797,4.871960639953613,10.220000267028809,-0.1400000005960464,2.0999999046325684,0.41230990847453935,ascending,17
3,right,2203.263615384615,1789025627721,-0.5001177787780762,8.099993705749512,4.716422080993652,10.220000267028809,-0.1400000005960464,2.0999999046325684,0.40804705887730114,ascending,17
3,right,2203.273230769231,1789025627721,-0.44268798828125,7.9707770347595215,4.651813507080078,10.220000267028809,-0.1400000005960464,2.0999999046325684,0.402388294363737,ascending,17
3,right,2203.282846153846,1789025627721,-0.4379021823406219,7.788915634155273,4.647027492523193,10.220000267028809,-0.1400000005960464,2.0999999046325684,0.39520689186514135,ascending,17
3,right,2203.2924615384613,1789025627721,-0.3924369215965271,7.64773416519165,4.575240135192871,10.220000267028809,-0.1400000005960464,2.0999999046325684,0.386496069196492,ascending,17
3,right,2203.302076923077,1789025627721,-0.368507832288742,7.3797287940979,4.46277379989624,10.220000267028809,-0.1400000005960464,2.0999999046325684,0.3750153821453314,ascending,17
3,right,2203.3116923076923,1789025627721,-0.3924369215965271,7.267261981964111,4.319199085235596,10.220000267028809,-0.1400000005960464,2.0999999046325684,0.36191828599204173,ascending,17
3,right,2203.3213076923075,1789025627721,-0.382865309715271,7.114115715026856,4.187589168548584,10.220000267028809,-0.1400000005960464,2.0999999046325684,0.346916133944422,ascending,17
3,right,2203.33,1789025627819,-0.3996156454086303,6.9178972244262695,3.955476999282837,14.5600004196167,0.0700000002980232,2.309999942779541,0.3308797119554994,ascending,17
3,right,2203.339615384615,1789025627819,-0.4020085632801056,6.798252105712891,3.8884756565094,14.5600004196167,0.0700000002980232,2.309999942779541,0.31183542779089357,ascending,17
3,right,2203.349230769231,1789025627819,-0.4331163763999939,6.700142860412598,3.838224649429321,14.5600004196167,0.0700000002980232,2.309999942779541,0.29175752509333397,ascending,17
3,right,2203.358846153846,1789025627819,-0.4857603311538696,6.506317138671875,3.723365068435669,14.5600004196167,0.0700000002980232,2.309999942779541,0.2695502960987815,ascending,17
3,right,2203.3684615384614,1789025627819,-0.4809745252132416,6.326848983764648,3.6156840324401855,14.5600004196167,0.0700000002980232,2.309999942779541,0.24534463103485063,ascending,17
3,right,2203.378076923077,1789025627819,-0.5240468978881836,6.1234517097473145,3.577397584915161,14.5600004196167,0.0700000002980232,2.309999942779541,0.21929061926539928,ascending,17
3,right,2203.3876923076923,1789025627819,-0.569512128829956,6.008592128753662,3.5223608016967773,14.5600004196167,0.0700000002980232,2.309999942779541,0.1920510117783219,ascending,17
3,right,2203.3973076923075,1789025627819,-0.5671192407608032,5.975091457366943,3.5462896823883057,14.5600004196167,0.0700000002980232,2.309999942779541,0.16465570416324105,ascending,17
3,right,2203.406,1789025627871,-0.5479759573936462,5.8554463386535645,3.5797905921936035,15.260000228881836,0.9800000190734864,1.8899999856948853,0.13912786477771832,ascending,17
3,right,2203.415615384615,1789025627871,-0.5862624645233154,5.742979526519775,3.503217458724976,15.260000228881836,0.9800000190734864,1.8899999856948853,0.10961341433226109,ascending,17
3,right,2203.425230769231,1789025627871,-0.5503688454627991,5.640084266662598,3.3955366611480717,15.260000228881836,0.9800000190734864,1.8899999856948853,0.07872412136261134,ascending,17
3,right,2203.434846153846,1789025627871,-0.5838695764541626,5.57308292388916,3.3907508850097656,15.260000228881836,0.9800000190734864,1.8899999856948853,0.047273229566794854,ascending,17
3,right,2203.4444615384614,1789025627871,-0.6125844717025757,5.506081581115723,3.287855625152588,15.260000228881836,0.9800000190734864,1.8899999856948853,0.014805705933236005,resting,
3,right,2203.454076923077,1789025627871,-0.5120823383331299,5.333792209625244,3.1586387157440186,15.260000228881836,0.9800000190734864,1.8899999856948853,-0.019746163334097615,resting,
3,right,2203.4636923076923,1789025627871,-0.5072965025901794,5.204575061798096,3.046171903610229,15.260000228881836,0.9800000190734864,1.8899999856948853,-0.055894138209640336,resting,
3,right,2203.473307692308,1789025627871,-0.4833674430847168,5.125608921051025,3.046171903610229,15.260000228881836,0.9800000190734864,1.8899999856948853,-0.09271009455648754,resting,
3,right,2203.481,1789025627945,-0.4115802049636841,5.020321369171143,2.971991777420044,17.079999923706055,1.1200000047683716,1.3300000429153442,-0.12316513284674144,resting,
3,right,2203.4906153846155,1789025627945,-0.368507832288742,4.958105564117432,2.845167636871338,17.079999923706055,1.1200000047683716,1.3300000429153442,-0.16234073363675308,resting,
3,right,2203.500230769231,1789025627945,-0.3469716608524322,4.840853214263916,2.840381860733032,17.079999923706055,1.1200000047683716,1.3300000429153442,-0.20253117102614643,descending,
3,right,2203.5098461538464,1789025627945,-0.3852581977844238,4.680528163909912,2.7638089656829834,17.079999923706055,1.1200000047683716,1.3300000429153442,-0.24439636880132018,descending,
3,right,2203.5194615384617,1789025627945,-0.3469716608524322,4.498667240142822,2.747058391571045,17.079999923706055,1.1200000047683716,1.3300000429153442,-0.2878917034799453,descending,
3,right,2203.5290769230774,1789025627945,-0.382865309715271,4.46995210647583,2.739879846572876,17.079999923706055,1.1200000047683716,1.3300000429153442,-0.3316365405221551,descending,
3,right,2203.5386923076926,1789025627945,-0.3804723918437958,4.4938812255859375,2.715950727462769,17.079999923706055,1.1200000047683716,1.3300000429153442,-0.3752725533342213,descending,
3,right,2203.548307692308,1789025627945,-0.3493645787239074,4.584811687469482,2.6369848251342773,17.079999923706055,1.1200000047683716,1.3300000429153442,-0.4184770773053383,descending,
3,right,2203.557,1789025628022,-0.3493645787239074,4.594383716583252,2.5340895652771,17.56999969482422,1.0499999523162842,0.2800000011920929,-0.45785112369487857,descending,
3,right,2203.566615384615,1789025628022,-0.3230426013469696,4.618312835693359,2.493410348892212,17.56999969482422,1.0499999523162842,0.2800000011920929,-0.5013727513480614,descending,
3,right,2203.5762307692307,1789025628022,-0.2775773406028747,4.953319549560547,2.268476963043213,17.56999969482422,1.0499999523162842,0.2800000011920929,-0.5429788945833155,descending,
3,right,2203.585846153846,1789025628022,-0.2464695274829864,5.027499675750732,2.459909439086914,17.56999969482422,1.0499999523162842,0.2800000011920929,-0.5831240539198747,descending,
3,right,2203.595461538461,1789025628022,-0.2392908036708831,5.266790866851807,2.301977634429932,17.56999969482422,1.0499999523162842,0.2800000011920929,-0.6218554828210551,descending,
3,right,2203.605076923077,1789025628022,-0.2680056989192962,5.412757873535156,2.383336544036865,17.56999969482422,1.0499999523162842,0.2800000011920929,-0.6589465848066686,descending,
3,right,2203.614692307692,1789025628022,-0.2488624453544616,5.719050407409668,2.3976938724517822,17.56999969482422,1.0499999523162842,0.2800000011920929,-0.6933140866803781,descending,
3,right,2203.6243076923074,1789025628022,-0.2536482512950897,5.92962646484375,2.5125534534454346,17.56999969482422,1.0499999523162842,0.2800000011920929,-0.7253547134636397,descending,
3,right,2203.633,1789025628096,-0.3110780417919159,6.221560955047607,2.493410348892212,13.230000495910645,0.7699999809265137,-1.0499999523162842,-0.7520610690296089,descending,
3,right,2203.642615384615,1789025628096,-0.3182567656040191,6.556568145751953,2.6321988105773926,13.230000495910645,0.7699999809265137,-1.0499999523162842,-0.7780946620086293,descending,
3,right,2203.6522307692308,1789025628096,-0.3326142132282257,6.848503112792969,2.567590475082397,13.230000495910645,0.7699999809265137,-1.0499999523162842,-0.8018177039484808,descending,
3,right,2203.661846153846,1789025628096,-0.3589362204074859,7.169152736663818,2.6393775939941406,13.230000495910645,0.7699999809265137,-1.0499999523162842,-0.8224142958263433,descending,
3,right,2203.671461538461,1789025628096,-0.3541503846645355,7.559196472167969,2.565197467803955,13.230000495910645,0.7699999809265137,-1.0499999523162842,-0.8398742411477678,descending,
3,right,2203.681076923077,1789025628096,-0.4307234585285187,7.86548900604248,2.572376251220703,13.230000495910645,0.7699999809265137,-1.0499999523162842,-0.8545549169074442,descending,
3,right,2203.690692307692,1789025628096,-0.4977248907089233,8.049742698669434,2.507767677307129,13.230000495910645,0.7699999809265137,-1.0499999523162842,-0.8678054130606696,descending,
3,right,2203.7003076923074,1789025628096,-0.6054057478904724,8.24596118927002,2.555625915527344,13.230000495910645,0.7699999809265137,-1.0499999523162842,-0.8790544629958611,descending,
3,right,2203.71,1789025628171,-0.667621374130249,8.511573791503906,2.565197467803955,14.489999771118164,0.5600000023841858,-1.2599999904632568,-0.8879292695690095,descending,
3,right,2203.7196153846157,1789025628171,-0.7298369407653809,8.738900184631348,2.8355960845947266,14.489999771118164,0.5600000023841858,-1.2599999904632568,-0.8936217777782911,descending,
3,right,2203.729230769231,1789025628171,-0.8327320218086243,9.009299278259276,2.8690967559814453,14.489999771118164,0.5600000023841858,-1.2599999904632568,-0.8967154146943505,descending,
3,right,2203.738846153846,1789025628171,-0.9308412671089172,9.215088844299316,3.0389933586120605,14.489999771118164,0.5600000023841858,-1.2599999904632568,-0.8972652495897635,descending,
3,right,2203.748461538461,1789025628171,-0.9882710576057434,9.346698760986328,3.1921393871307373,14.489999771118164,0.5600000023841858,-1.2599999904632568,-0.8960171725455905,descending,
3,right,2203.758076923077,1789025628171,-1.021771788597107,9.373021125793455,3.476895570755005,14.489999771118164,0.5600000023841858,-1.2599999904632568,-0.8934364561496365,descending,
3,right,2203.7676923076924,1789025628171,-1.0098072290420532,9.411307334899902,3.500824451446533,14.489999771118164,0.5600000023841858,-1.2599999904632568,-0.8904168736332765,descending,
3,right,2203.777307692308,1789025628171,-0.9691277742385864,9.320377349853516,3.910011768341065,14.489999771118164,0.5600000023841858,-1.2599999904632568,-0.8867203957619004,descending,
3,right,2203.785,1789025628245,-0.9140908718109132,9.4950590133667,3.924369335174561,-8.680000305175781,0.0,-2.380000114440918,-0.8825031726762897,descending,
3,right,2203.794615384615,1789025628245,-0.8231604099273682,9.497451782226562,4.213911056518555,-8.680000305175781,0.0,-2.380000114440918,-0.876198262554833,descending,
3,right,2203.804230769231,1789025628245,-0.7920525670051575,9.61949062347412,3.996156454086304,-8.680000305175781,0.0,-2.380000114440918,-0.8696332234091847,descending,
3,right,2203.813846153846,1789025628245,-0.7609447836875916,9.657776832580566,4.194767951965332,-8.680000305175781,0.0,-2.380000114440918,-0.8620137075901881,descending,
3,right,2203.8234615384613,1789025628245,-0.6843717098236084,9.73195743560791,4.067943572998047,-8.680000305175781,0.0,-2.380000114440918,-0.8542621285605153,descending,
3,right,2203.833076923077,1789025628245,-0.7035149931907654,9.73195743560791,4.235447406768799,-8.680000305175781,0.0,-2.380000114440918,-0.8458759870645312,descending,
3,right,2203.842692307692,1789025628245,-0.667621374130249,9.786993980407717,4.101444244384766,-8.680000305175781,0.0,-2.380000114440918,-0.8375325344244716,descending,
3,right,2203.8523076923075,1789025628245,-0.6628355383872986,9.703242301940918,4.21869707107544,-8.680000305175781,0.0,-2.380000114440918,-0.8294939720995279,descending,
3,right,2203.861,1789025628366,-0.6604426503181458,9.734350204467772,4.089479923248291,-3.150000095367432,-0.7699999809265137,-1.680000066757202,-0.822423816706629,descending,
3,right,2203.870615384615,1789025628366,-0.648478090763092,9.64341926574707,4.175624847412109,-3.150000095367432,-0.7699999809265137,-1.680000066757202,-0.8150907383460426,descending,
3,right,2203.880230769231,1789025628366,-0.6700142621994019,9.590775489807127,4.065550804138184,-3.150000095367432,-0.7699999809265137,-1.680000066757202,-0.8086277969617774,descending,
3,right,2203.889846153846,1789025628366,-0.6149773597717285,9.44480800628662,4.16605281829834,-3.150000095367432,-0.7699999809265137,-1.680000066757202,-0.803107704983454,descending,
3,right,2203.8994615384613,1789025628366,-0.6532639265060425,9.346698760986328,4.115801811218262,-3.150000095367432,-0.7699999809265137,-1.680000066757202,-0.7986200876507389,descending,
3,right,2203.909076923077,1789025628366,-0.6460852026939392,9.22705364227295,4.175624847412109,-3.150000095367432,-0.7699999809265137,-1.680000066757202,-0.7949614600661873,descending,
3,right,2203.9186923076923,1789025628366,-0.6077986359596252,9.093050956726074,4.053586483001709,-3.150000095367432,-0.7699999809265137,-1.680000066757202,-0.7929720810960154,descending,
3,right,2203.9283076923075,1789025628366,-0.6101915836334229,8.937511444091797,4.130159378051758,-3.150000095367432,-0.7699999809265137,-1.680000066757202,-0.7920512166480023,descending,
3,right,2203.937,1789025628396,-0.6173703074455261,8.86333179473877,4.0224785804748535,-0.2800000011920929,-1.5399999618530271,-1.1200000047683716,-0.792178345722364,descending,
3,right,2203.946615384615,1789025628396,-0.5719050168991089,8.748472213745117,3.99376368522644,-0.2800000011920929,-1.5399999618530271,-1.1200000047683716,-0.793464200617477,descending,
3,right,2203.956230769231,1789025628396,-0.5288326740264893,8.736507415771484,3.857367753982544,-0.2800000011920929,-1.5399999618530271,-1.1200000047683716,-0.7954091548556135,descending,
3,right,2203.965846153846,1789025628396,-0.5312256217002869,8.588147163391113,3.8693323135375977,-0.2800000011920929,-1.5399999618530271,-1.1200000047683716,-0.79860553235673,descending,
3,right,2203.9754615384613,1789025628396,-0.4546525478363037,8.561824798583984,3.764044523239136,-0.2800000011920929,-1.5399999618530271,-1.1200000047683716,-0.8024840040364682,descending,
3,right,2203.985076923077,1789025628396,-0.4379021823406219,8.521145820617676,3.759258508682251,-0.2800000011920929,-1.5399999618530271,-1.1200000047683716,-0.8067436223838486,descending,
3,right,2203.9946923076923,1789025628396,-0.3709007501602173,8.564218521118164,3.704221725463867,-0.2800000011920929,-1.5399999618530271,-1.1200000047683716,-0.81087141514278,descending,
3,right,2204.0043076923075,1789025628396,-0.3804723918437958,8.561824798583984,3.7066147327423096,-0.2800000011920929,-1.5399999618530271,-1.1200000047683716,0,resting,
3,right,2204.013,1789025628471,-0.387651115655899,8.633612632751465,3.596540927886963,10.010000228881836,-1.6100000143051147,-0.8400000333786011,-0.003893475978824212,resting,
3,right,2204.022615384615,1789025628471,-0.3948298394680023,8.659934043884277,3.598933696746826,10.010000228881836,-1.6100000143051147,-0.8400000333786011,-0.00794856387996079,resting,
3,right,2204.032230769231,1789025628471,-0.3852581977844238,8.698221206665039,3.5367181301116943,10.010000228881836,-1.6100000143051147,-0.8400000333786011,-0.011900890917120639,resting,
3,right,2204.041846153846,1789025628471,-0.4355092644691467,8.748472213745117,3.4553592205047607,10.010000228881836,-1.6100000143051147,-0.8400000333786011,-0.015684080882920143,resting,
3,right,2204.0514615384614,1789025628471,-0.4355092644691467,8.86333179473877,3.278284072875977,10.010000228881836,-1.6100000143051147,-0.8400000333786011,-0.019106308234054174,resting,
3,right,2204.061076923077,1789025628471,-0.4857603311538696,8.896832466125488,3.2567479610443115,10.010000228881836,-1.6100000143051147,-0.8400000333786011,-0.02227287564141562,resting,
3,right,2204.0706923076923,1789025628471,-0.5719050168991089,8.930333137512207,3.127530813217163,10.010000228881836,-1.6100000143051147,-0.8400000333786011,-0.025562243714470082,resting,
3,right,2204.0803076923075,1789025628471,-0.6293348073959351,8.856152534484863,3.084458589553833,10.010000228881836,-1.6100000143051147,-0.8400000333786011,-0.02962097737822778,resting,
3,right,2204.089,1789025628546,-0.6819788217544556,8.894439697265625,2.964813232421875,10.5,-2.0999999046325684,-0.2800000011920929,-0.0333374685799399,resting,
3,right,2204.098615384615,1789025628546,-0.7633376717567444,8.822651863098145,2.993528127670288,10.5,-2.0999999046325684,-0.2800000011920929,-0.03792048596250666,resting,
3,right,2204.108230769231,1789025628546,-0.8423036336898804,8.82983112335205,2.938491106033325,10.5,-2.0999999046325684,-0.2800000011920929,-0.042576425414846755,resting,
3,right,2204.117846153846,1789025628546,-0.8949476480484009,8.77718734741211,2.950455665588379,10.5,-2.0999999046325684,-0.2800000011920929,-0.047610393441471624,resting,
3,right,2204.1274615384614,1789025628546,-0.8973405361175537,8.667113304138184,2.9337053298950195,10.5,-2.0999999046325684,-0.2800000011920929,-0.05366448143356796,resting,
3,right,2204.137076923077,1789025628546,-0.9882710576057434,8.633612632751465,2.9528486728668213,10.5,-2.0999999046325684,-0.2800000011920929,-0.05988182117906449,resting,
3,right,2204.1466923076923,1789025628546,-0.9858781099319458,8.552253723144531,2.940884113311768,10.5,-2.0999999046325684,-0.2800000011920929,-0.06685075259077068,resting,
3,right,2204.156307692308,1789025628546,-0.9882710576057434,8.588147163391113,2.9145619869232178,10.5,-2.0999999046325684,-0.2800000011920929,-0.07357013326176261,resting,
3,right,2204.165,1789025628620,-0.9906639456748962,8.557039260864258,2.9121692180633545,0.2800000011920929,-2.870000123977661,-0.3499999940395355,-0.07989261341200855,resting,
3,right,2204.174615384615,1789025628620,-0.9930568337440492,8.521145820617676,2.8499536514282227,0.2800000011920929,-2.870000123977661,-0.3499999940395355,-0.08740853162598476,resting,
3,right,2204.184230769231,1789025628620,-0.9715206623077391,8.461322784423828,2.804488182067871,0.2800000011920929,-2.870000123977661,-0.3499999940395355,-0.09561685726593151,resting,
3,right,2204.193846153846,1789025628620,-0.8997334241867065,8.48046588897705,2.790130853652954,0.2800000011920929,-2.870000123977661,-0.3499999940395355,-0.10373418471519352,resting,
3,right,2204.2034615384614,1789025628620,-0.8159816861152649,8.437394142150879,2.739879846572876,0.2800000011920929,-2.870000123977661,-0.3499999940395355,-0.11244906250945164,resting,
3,right,2204.213076923077,1789025628620,-0.7896596789360046,8.358428001403809,2.720736503601074,0.2800000011920929,-2.870000123977661,-0.3499999940395355,-0.12194260114113757,resting,
3,right,2204.2226923076923,1789025628620,-0.6915504336357117,8.372785568237305,2.7231295108795166,0.2800000011920929,-2.870000123977661,-0.3499999940395355,-0.13134963716385173,resting,
3,right,2204.232307692308,1789025628620,-0.679585874080658,8.303391456604004,2.761415958404541,0.2800000011920929,-2.870000123977661,-0.3499999940395355,-0.14124843675412166,resting,
3,right,2204.241,1789025628710,-0.6580497026443481,8.305784225463867,2.730308055877685,-5.320000171661377,-3.220000028610229,-0.2100000083446502,-0.1502790112293199,resting,
3,right,2204.2506153846152,1789025628710,-0.6460852026939392,8.22921085357666,2.72552227973938,-5.320000171661377,-3.220000028610229,-0.2100000083446502,-0.16097357250740604,resting,
3,right,2204.260230769231,1789025628710,-0.619763195514679,8.140673637390137,2.799702405929565,-5.320000171661377,-3.220000028610229,-0.2100000083446502,-0.17222488409260872,resting,
3,right,2204.269846153846,1789025628710,-0.5862624645233154,8.123923301696777,2.802095413208008,-5.320000171661377,-3.220000028610229,-0.2100000083446502,-0.18363342066732916,descending,
3,right,2204.2794615384614,1789025628710,-0.600619912147522,8.128708839416504,2.809274196624756,-5.320000171661377,-3.220000028610229,-0.2100000083446502,-0.194959438172027,descending,
3,right,2204.289076923077,1789025628710,-0.5551546812057495,8.13349437713623,2.8499536514282227,-5.320000171661377,-3.220000028610229,-0.2100000083446502,-0.20612890376343454,descending,
3,right,2204.2986923076924,1789025628710,-0.5599405169487,8.147851943969727,2.9480626583099365,-5.320000171661377,-3.220000028610229,-0.2100000083446502,-0.21683295918102324,descending,
3,right,2204.308307692308,1789025628710,-0.5623334050178528,8.083243370056152,2.9145619869232178,-5.320000171661377,-3.220000028610229,-0.2100000083446502,-0.2282226978568137,descending,
3,right,2204.317,1789025628770,-0.5766908526420593,8.080850601196289,2.931312322616577,-13.859999656677246,-3.7799999713897705,-0.0700000002980232,-0.23847591427766132,descending,
3,right,2204.3266153846157,1789025628770,-0.6149773597717285,8.078457832336426,2.979170560836792,-13.859999656677246,-3.7799999713897705,-0.0700000002980232,-0.24965004897395493,descending,
3,right,2204.336230769231,1789025628770,-0.5982270240783691,8.152637481689453,3.027028799057007,-13.859999656677246,-3.7799999713897705,-0.0700000002980232,-0.26000275368632514,descending,
3,right,2204.345846153846,1789025628770,-0.5719050168991089,8.162209510803223,3.120352268218994,-13.859999656677246,-3.7799999713897705,-0.0700000002980232,-0.26996601024271094,descending,
3,right,2204.355461538461,1789025628770,-0.6436922550201416,8.114351272583008,3.2352118492126465,-13.859999656677246,-3.7799999713897705,-0.0700000002980232,-0.2799121244638453,descending,
3,right,2204.365076923077,1789025628770,-0.6389064788818359,8.06410026550293,3.2232472896575928,-13.859999656677246,-3.7799999713897705,-0.0700000002980232,-0.29034354683157965,descending,
3,right,2204.3746923076924,1789025628770,-0.6317277550697327,7.997098922729492,3.1921393871307373,-13.859999656677246,-3.7799999713897705,-0.0700000002980232,-0.30147874496153854,descending,
3,right,2204.384307692308,1789025628770,-0.648478090763092,7.985134124755859,3.153852939605713,-13.859999656677246,-3.7799999713897705,-0.0700000002980232,-0.31283726412952206,descending,
3,right,2204.392,1789025628861,-0.5958341360092163,7.891810894012451,3.156245708465576,-21.489999771118164,-5.179999828338623,-0.9800000190734864,-0.32260722944923753,descending,
3,right,2204.401615384615,1789025628861,-0.5527617931365967,7.717128753662109,3.134709596633911,-21.489999771118164,-5.179999828338623,-0.9800000190734864,-0.33647291258422773,descending,
3,right,2204.4112307692308,1789025628861,-0.5862624645233154,7.62141227722168,3.09881591796875,-21.489999771118164,-5.179999828338623,-0.9800000190734864,-0.3512898829177368,descending,
3,right,2204.420846153846,1789025628861,-0.5671192407608032,7.573554039001465,3.0054924488067627,-21.489999771118164,-5.179999828338623,-0.9800000190734864,-0.3668792056598889,descending,
3,right,2204.4304615384613,1789025628861,-0.5814766883850098,7.451515674591064,3.0174570083618164,-21.489999771118164,-5.179999828338623,-0.9800000190734864,-0.38349030094217923,descending,
3,right,2204.440076923077,1789025628861,-0.5838695764541626,7.305548191070557,3.036600351333618,-21.489999771118164,-5.179999828338623,-0.9800000190734864,-0.4013135954253854,descending,
3,right,2204.449692307692,1789025628861,-0.5838695764541626,7.209832191467285,3.0724940299987797,-21.489999771118164,-5.179999828338623,-0.9800000190734864,-0.41983990795261145,descending,
3,right,2204.4593076923074,1789025628861,-0.6436922550201416,7.123687267303467,3.175389051437378,-21.489999771118164,-5.179999828338623,-0.9800000190734864,-0.43868316672950425,descending,
3,right,2204.468,1789025628936,-0.6365135312080383,7.128473281860352,3.2280330657958984,-25.549999237060547,-5.039999961853027,-2.5199999809265137,-0.4554901229779999,descending,
3,right,2204.477615384615,1789025628936,-0.6748000979423523,7.049507141113281,3.3333208560943604,-25.549999237060547,-5.039999961853027,-2.5199999809265137,-0.47432255835937037,descending,
3,right,2204.487230769231,1789025628936,-0.6843717098236084,6.882003784179688,3.5175747871398926,-25.549999237060547,-5.039999961853027,-2.5199999809265137,-0.4938659566891004,descending,
3,right,2204.496846153846,1789025628936,-0.6819788217544556,6.575711250305176,3.8477962017059326,-25.549999237060547,-5.039999961853027,-2.5199999809265137,-0.5147306560481443,descending,
3,right,2204.5064615384613,1789025628936,-0.7729093432426453,6.606819152832031,3.8741180896759033,-25.549999237060547,-5.039999961853027,-2.5199999809265137,-0.5351019987513528,descending,
3,right,2204.516076923077,1789025628936,-0.7681235074996948,6.669034957885742,3.773616075515747,-25.549999237060547,-5.039999961853027,-2.5199999809265137,-0.5553001733376555,descending,
3,right,2204.525692307692,1789025628936,-0.7729093432426453,6.4393157958984375,4.087087154388428,-25.549999237060547,-5.039999961853027,-2.5199999809265137,-0.5761401669859666,descending,
3,right,2204.5353076923075,1789025628936,-0.7896596789360046,6.331634998321533,4.194767951965332,-25.549999237060547,-5.039999961853027,-2.5199999809265137,-0.5973849377241002,descending,
3,right,2204.545,1789025629011,-0.8040171265602112,6.1976318359375,4.376628875732422,-38.92000198364258,-4.059999942779541,-4.269999980926514,-0.6190792926826981,descending,
3,right,2204.5546153846158,1789025629011,-0.8303391337394714,6.257454872131348,4.350306987762451,-38.92000198364258,-4.059999942779541,-4.269999980926514,-0.6400861280644091,descending,
3,right,2204.564230769231,1789025629011,-0.8614469170570374,6.345992088317871,4.481916904449463,-38.92000198364258,-4.059999942779541,-4.269999980926514,-0.6596470144500292,descending,
3,right,2204.5738461538463,1789025629011,-0.8375178575515747,6.405815124511719,4.457987785339356,-38.92000198364258,-4.059999942779541,-4.269999980926514,-0.6787354571285693,descending,
3,right,2204.583461538461,1789025629011,-0.8662327527999878,6.491959571838379,4.508238792419434,-38.92000198364258,-4.059999942779541,-4.269999980926514,-0.696765486771713,descending,
3,right,2204.593076923077,1789025629011,-0.9069121479988098,6.561354160308838,4.417308330535889,-38.92000198364258,-4.059999942779541,-4.269999980926514,-0.7145228061730211,descending,
3,right,2204.6026923076925,1789025629011,-0.9021263718605042,6.71928596496582,4.410129547119141,-38.92000198364258,-4.059999942779541,-4.269999980926514,-0.7309328855307317,descending,
3,right,2204.612307692308,1789025629011,-0.9428057670593262,6.76235818862915,4.4938812255859375,-38.92000198364258,-4.059999942779541,-4.269999980926514,-0.7465040792378573,descending,
3,right,2204.621,1789025629086,-0.9667348861694336,6.95379114151001,4.419701099395752,-20.51000022888184,-1.6100000143051147,-4.199999809265137,-0.7594164666135943,descending,
3,right,2204.630615384616,1789025629086,-0.9858781099319458,6.975327014923096,4.510631561279297,-20.51000022888184,-1.6100000143051147,-4.199999809265137,-0.7730423614262774,descending,
3,right,2204.640230769231,1789025629086,-0.9667348861694336,6.992077350616455,4.498667240142822,-20.51000022888184,-1.6100000143051147,-4.199999809265137,-0.7865763689195756,descending,
3,right,2204.6498461538463,1789025629086,-0.9691277742385864,6.982505798339844,4.5991692543029785,-20.51000022888184,-1.6100000143051147,-4.199999809265137,-0.7996716758302274,descending,
3,right,2204.659461538461,1789025629086,-0.983485221862793,6.956183910369873,4.685314178466797,-20.51000022888184,-1.6100000143051147,-4.199999809265137,-0.8125201815474166,descending,
3,right,2204.669076923077,1789025629086,-0.9260554313659668,7.004042148590088,4.642241477966309,-20.51000022888184,-1.6100000143051147,-4.199999809265137,-0.8252123998071206,descending,
3,right,2204.6786923076925,1789025629086,-0.952377438545227,7.025578022003174,4.6613850593566895,-20.51000022888184,-1.6100000143051147,-4.199999809265137,-0.837587558220352,descending,
3,right,2204.688307692308,1789025629086,-0.8901618123054504,6.939433574676514,4.647027492523193,-20.51000022888184,-1.6100000143051147,-4.199999809265137,-0.8507698285254844,descending,
3,right,2204.696,1789025629176,-0.9069121479988098,6.886789321899414,4.6613850593566895,-14.5600004196167,-1.1200000047683716,-3.849999904632568,-0.8615758801964437,descending,
3,right,2204.705615384615,1789025629176,-0.8494823575019836,6.925076007843018,4.642241477966309,-14.5600004196167,-1.1200000047683716,-3.849999904632568,-0.8749044226414816,descending,
3,right,2204.715230769231,1789025629176,-0.7848738431930542,6.927468776702881,4.591990470886231,-14.5600004196167,-1.1200000047683716,-3.849999904632568,-0.8885150442849002,descending,
3,right,2204.724846153846,1789025629176,-0.7681235074996948,6.915504455566406,4.6015625,-14.5600004196167,-1.1200000047683716,-3.849999904632568,-0.9021758615046689,descending,
3,right,2204.7344615384613,1789025629176,-0.7537660598754883,6.898754119873047,4.6015625,-14.5600004196167,-1.1200000047683716,-3.849999904632568,-0.9159730930511657,descending,
3,right,2204.744076923077,1789025629176,-0.7537660598754883,6.975327014923096,4.6757426261901855,-14.5600004196167,-1.1200000047683716,-3.849999904632568,-0.9287585340778088,descending,
3,right,2204.7536923076923,1789025629176,-0.6915504336357117,7.0854010581970215,4.776244640350342,-14.5600004196167,-1.1200000047683716,-3.849999904632568,-0.9401820954807609,descending,
3,right,2204.7633076923075,1789025629176,-0.679585874080658,7.104544162750244,4.874353885650635,-14.5600004196167,-1.1200000047683716,-3.849999904632568,-0.9509358604340407,descending,
3,right,2204.772,1789025629236,-0.7059078812599182,7.126080513000488,4.926997661590576,-11.0600004196167,-1.5399999618530271,-3.430000066757202,-0.9602204716619608,descending,
3,right,2204.781615384615,1789025629236,-0.7154794931411743,7.22179651260376,5.001177787780762,-11.0600004196167,-1.5399999618530271,-3.430000066757202,-0.9693169822325802,descending,
3,right,2204.791230769231,1789025629236,-0.7513731122016907,7.358192443847656,5.116037368774414,-11.0600004196167,-1.5399999618530271,-3.430000066757202,-0.9766765786151529,descending,
3,right,2204.800846153846,1789025629236,-0.8088029623031616,7.475444793701172,5.123216152191162,-11.0600004196167,-1.5399999618530271,-3.430000066757202,-0.9830129736458831,descending,
3,right,2204.8104615384614,1789025629236,-0.904519259929657,7.5568037033081055,5.135180950164795,-11.0600004196167,-1.5399999618530271,-3.430000066757202,-0.9885534937015872,descending,
3,right,2204.820076923077,1789025629236,-0.9093050956726074,7.516124248504639,5.111251831054688,-11.0600004196167,-1.5399999618530271,-3.430000066757202,-0.9945370607861665,descending,
3,right,2204.8296923076923,1789025629236,-0.9715206623077391,7.638162612915039,5.159110069274902,-11.0600004196167,-1.5399999618530271,-3.430000066757202,-0.9992381114603729,descending,
3,right,2204.839307692308,1789025629236,-0.9739136099815368,7.70037841796875,5.235682964324951,-11.0600004196167,-1.5399999618530271,-3.430000066757202,-1.0030289249477948,descending,
3,right,2204.848,1789025629357,-1.0289504528045654,7.70037841796875,5.202182292938232,-0.5600000023841858,-3.009999990463257,-2.0299999713897705,-1.006569690392817,descending,
3,right,2204.857615384615,1789025629357,-1.112702250480652,7.731485843658447,5.240468502044678,-0.5600000023841858,-3.009999990463257,-2.0299999713897705,-1.009948503785687,descending,
3,right,2204.867230769231,1789025629357,-1.1174880266189575,7.760200977325439,5.352935314178467,-0.5600000023841858,-3.009999990463257,-2.0299999713897705,-1.0124834229756234,descending,
3,right,2204.876846153846,1789025629357,-1.1581674814224243,7.863095760345459,5.3792572021484375,-0.5600000023841858,-3.009999990463257,-2.0299999713897705,-1.0140206299975125,descending,
3,right,2204.8864615384614,1789025629357,-1.1462029218673706,7.939669132232666,5.360114097595215,-0.5600000023841858,-3.009999990463257,-2.0299999713897705,-1.0150674153232757,descending,
3,right,2204.896076923077,1789025629357,-1.1509888172149658,8.119136810302734,5.329006195068359,-0.5600000023841858,-3.009999990463257,-2.0299999713897705,-1.0148598152867288,descending,
3,right,2204.9056923076923,1789025629357,-1.1174880266189575,8.281854629516602,5.360114097595215,-0.5600000023841858,-3.009999990463257,-2.0299999713897705,-1.013232821135203,descending,
3,right,2204.915307692308,1789025629357,-1.081594467163086,8.408679008483887,5.482152462005615,-0.5600000023841858,-3.009999990463257,-2.0299999713897705,-1.0099831735741482,descending,
3,right,2204.925,1789025629388,-1.1079164743423462,8.604897499084473,5.491724014282227,12.25,-3.5,-1.6100000143051147,-1.0050577200315842,descending,
3,right,2204.9346153846154,1789025629388,-1.1055235862731934,8.791543960571289,5.537189483642578,12.25,-3.5,-1.6100000143051147,-0.998444676190886,descending,
3,right,2204.944230769231,1789025629388,-1.0911661386489868,8.887260437011719,5.580261707305908,12.25,-3.5,-1.6100000143051147,-0.9908509480030582,descending,
3,right,2204.9538461538464,1789025629388,-1.1055235862731934,9.021263122558594,5.549153804779053,12.25,-3.5,-1.6100000143051147,-0.9823325644057108,descending,
3,right,2204.9634615384616,1789025629388,-1.0696299076080322,9.11458683013916,5.532403469085693,12.25,-3.5,-1.6100000143051147,-0.9731861174151213,descending,
3,right,2204.9730769230773,1789025629388,-1.0839873552322388,9.121766090393066,5.525224685668945,12.25,-3.5,-1.6100000143051147,-0.9639974731357235,descending,
3,right,2204.982692307693,1789025629388,-1.0552724599838257,9.181588172912598,5.484545230865479,12.25,-3.5,-1.6100000143051147,-0.9545620521875509,descending,
3,right,2204.992307692308,1789025629388,-1.0289504528045654,9.176802635192873,5.362506866455078,12.25,-3.5,-1.6100000143051147,-0.945813416611526,descending,
3,right,2205.0,1789025629461,-1.0887731313705444,9.21030330657959,5.3146491050720215,17.850000381469727,-3.7799999713897705,-0.699999988079071,-0.9387374081352177,descending,
3,right,2205.0096153846152,1789025629461,-1.0600582361221311,9.29644775390625,5.2452545166015625,17.850000381469727,-3.7799999713897705,-0.699999988079071,-0.9295636329551287,descending,
3,right,2205.019230769231,1789025629461,-1.0887731313705444,9.294054985046388,5.319434642791748,17.850000381469727,-3.7799999713897705,-0.699999988079071,-0.9199890933738446,descending,
3,right,2205.028846153846,1789025629461,-1.079201579093933,9.162445068359377,5.319434642791748,17.850000381469727,-3.7799999713897705,-0.699999988079071,-0.9114833753377918,descending,
3,right,2205.038461538461,1789025629461,-1.139024257659912,9.11458683013916,5.283541202545166,17.850000381469727,-3.7799999713897705,-0.699999988079071,-0.9034801686254893,descending,
3,right,2205.048076923077,1789025629461,-1.1198810338974,9.112194061279297,5.305077075958252,17.850000381469727,-3.7799999713897705,-0.699999988079071,-0.8954037719980206,descending,
3,right,2205.0576923076924,1789025629461,-1.0863802433013916,9.179195404052734,5.302684307098389,17.850000381469727,-3.7799999713897705,-0.699999988079071,-0.8868205043138945,descending,
3,right,2205.067307692308,1789025629461,-1.0480937957763672,9.29644775390625,5.273969650268555,17.850000381469727,-3.7799999713897705,-0.699999988079071,-0.8774490223793099,descending,
3,right,2205.076,1789025629536,-1.0672370195388794,9.30601978302002,5.273969650268555,12.670000076293944,-3.640000104904175,-0.7699999809265137,0,resting,
3,right,2205.0856153846157,1789025629536,-0.9930568337440492,9.373021125793455,5.166288375854492,12.670000076293944,-3.640000104904175,-0.7699999809265137,0.00901577351508494,resting,
3,right,2205.095230769231,1789025629536,-1.0289504528045654,9.430450439453123,5.149538040161133,12.670000076293944,-3.640000104904175,-0.7699999809265137,0.01846583639996729,resting,
3,right,2205.104846153846,1789025629536,-1.0241646766662598,9.44480800628662,5.092108249664307,12.670000076293944,-3.640000104904175,-0.7699999809265137,0.027760965756661475,resting,
3,right,2205.114461538461,1789025629536,-1.043307900428772,9.51180934906006,5.068179130554199,12.670000076293944,-3.640000104904175,-0.7699999809265137,0.03752283084712285,resting,
3,right,2205.124076923077,1789025629536,-1.0600582361221311,9.571632385253906,5.113644599914551,12.670000076293944,-3.640000104904175,-0.7699999809265137,0.048017887054296424,resting,
3,right,2205.1336923076924,1789025629536,-1.098344802856445,9.437629699707031,5.118430614471436,12.670000076293944,-3.640000104904175,-0.7699999809265137,0.0574573856736225,resting,
3,right,2205.143307692308,1789025629536,-1.103130578994751,9.406521797180176,5.1471452713012695,12.670000076293944,-3.640000104904175,-0.7699999809265137,0.06677481071138068,resting,
3,right,2205.152,1789025629612,-1.1366313695907593,9.451987266540527,5.106465816497803,8.329999923706055,-3.920000076293945,-0.1400000005960464,0.07539849102302112,resting,
3,right,2205.1616153846157,1789025629612,-1.148595929145813,9.53334617614746,5.092108249664307,8.329999923706055,-3.920000076293945,-0.1400000005960464,0.08556316171609804,resting,
3,right,2205.171230769231,1789025629612,-1.1605603694915771,9.61949062347412,5.037071704864502,8.329999923706055,-3.920000076293945,-0.1400000005960464,0.09620851557972611,ascending,18
3,right,2205.1808461538462,1789025629612,-1.1677391529083252,9.712814331054688,4.984427452087402,8.329999923706055,-3.920000076293945,-0.1400000005960464,0.10740485863111711,ascending,18
3,right,2205.190461538461,1789025629612,-1.1653462648391724,9.77263641357422,4.974855899810791,8.329999923706055,-3.920000076293945,-0.1400000005960464,0.11905986908935874,ascending,18
3,right,2205.200076923077,1789025629612,-1.100737690925598,9.932961463928224,5.0131425857543945,8.329999923706055,-3.920000076293945,-0.1400000005960464,0.13217759394916112,ascending,18
3,right,2205.2096923076924,1789025629612,-1.1055235862731934,10.17464542388916,5.058607578277588,8.329999923706055,-3.920000076293945,-0.1400000005960464,0.1475452875116031,ascending,18
3,right,2205.219307692308,1789025629612,-1.0576653480529783,10.35650634765625,5.092108249664307,8.329999923706055,-3.920000076293945,-0.1400000005960464,0.16455553288789374,ascending,18
3,right,2205.227,1789025629686,-1.05048668384552,10.665191650390623,5.0131425857543945,5.179999828338623,-3.7799999713897705,-0.4900000095367431,0.1799676065998938,ascending,18
3,right,2205.236615384615,1789025629686,-1.1581674814224243,10.820730209350586,5.40797233581543,5.179999828338623,-3.7799999713897705,-0.4900000095367431,0.20240409026857137,ascending,18
3,right,2205.246230769231,1789025629686,-1.1868823766708374,11.17248821258545,5.340970993041992,5.179999828338623,-3.7799999713897705,-0.4900000095367431,0.22755116596806713,ascending,18
3,right,2205.255846153846,1789025629686,-1.3208853006362915,11.442886352539062,5.57308292388916,5.179999828338623,-3.7799999713897705,-0.4900000095367431,0.256137769021438,ascending,18
3,right,2205.2654615384613,1789025629686,-1.3615647554397583,11.832930564880373,5.58983325958252,5.179999828338623,-3.7799999713897705,-0.4900000095367431,0.28814000667548245,ascending,18
3,right,2205.275076923077,1789025629686,-1.4309589862823486,12.074614524841309,5.87698221206665,5.179999828338623,-3.7799999713897705,-0.4900000095367431,0.32350775709426577,ascending,18
3,right,2205.284692307692,1789025629686,-1.485995888710022,12.531660079956056,5.98944902420044,5.179999828338623,-3.7799999713897705,-0.4900000095367431,0.3632921579918815,ascending,18
3,right,2205.2943076923075,1789025629686,-1.552997350692749,12.833166122436523,6.1665239334106445,5.179999828338623,-3.7799999713897705,-0.4900000095367431,0.40646191553138333,ascending,18
3,right,2205.303,1789025629762,-1.581712245941162,13.35960578918457,6.164131164550781,8.890000343322754,-3.150000095367432,-0.699999988079071,0.44954267465285835,ascending,18
3,right,2205.312615384615,1789025629762,-1.6678569316864014,13.775971412658691,6.448887348175049,8.890000343322754,-3.150000095367432,-0.699999988079071,0.502048680118996,ascending,18
3,right,2205.322230769231,1789025629762,-1.689393162727356,14.137301445007324,6.523067474365234,8.890000343322754,-3.150000095367432,-0.699999988079071,0.5579593369556358,ascending,18
3,right,2205.331846153846,1789025629762,-1.7348583936691284,14.304804801940918,6.628355503082275,8.890000343322754,-3.150000095367432,-0.699999988079071,0.615777354767919,ascending,18
3,right,2205.3414615384613,1789025629762,-1.7348583936691284,14.579989433288574,6.568532943725586,8.890000343322754,-3.150000095367432,-0.699999988079071,0.6756679242353584,ascending,18
3,right,2205.351076923077,1789025629762,-1.7851094007492063,14.761850357055664,6.669034957885742,8.890000343322754,-3.150000095367432,-0.699999988079071,0.7375715503616984,ascending,18
3,right,2205.3606923076923,1789025629762,-1.7946810722351074,14.891067504882812,6.575711250305176,8.890000343322754,-3.150000095367432,-0.699999988079071,0.800169059275791,ascending,18
3,right,2205.3703076923075,1789025629762,-1.7731448411941528,14.802529335021973,6.551782131195068,8.890000343322754,-3.150000095367432,-0.699999988079071,0.8618667683434924,ascending,18
3,right,2205.38,1789025629835,-1.777930736541748,14.716384887695312,6.381886005401611,4.480000019073486,-3.640000104904175,0.5600000023841858,0.9225630871535666,ascending,18
3,right,2205.389615384616,1789025629835,-1.809038519859314,14.556059837341309,6.41538667678833,4.480000019073486,-3.640000104904175,0.5600000023841858,0.9815509746331563,ascending,18
3,right,2205.399230769231,1789025629835,-1.7851094007492063,14.49863052368164,6.288562297821045,4.480000019073486,-3.640000104904175,0.5600000023841858,1.0394612839864346,ascending,18
3,right,2205.4088461538463,1789025629835,-1.8114314079284668,14.268911361694336,6.3196702003479,4.480000019073486,-3.640000104904175,0.5600000023841858,1.095534405650669,ascending,18
3,right,2205.418461538461,1789025629835,-1.8162171840667725,13.883652687072754,6.267026424407959,4.480000019073486,-3.640000104904175,0.5600000023841858,1.1480603770245799,ascending,18
3,right,2205.428076923077,1789025629835,-1.86646831035614,13.443357467651367,6.317277431488037,4.480000019073486,-3.640000104904175,0.5600000023841858,1.1970431593372448,ascending,18
3,right,2205.4376923076925,1789025629835,-1.880825757980347,13.00306224822998,6.2646331787109375,4.480000019073486,-3.640000104904175,0.5600000023841858,1.2420133735798853,ascending,18
3,right,2205.447307692308,1789025629835,-1.8545037508010864,12.636947631835938,6.2718119621276855,4.480000019073486,-3.640000104904175,0.5600000023841858,1.2838235652470296,ascending,18
3,right,2205.456,1789025629926,-1.8042527437210083,12.273225784301758,6.207203388214111,-21.559999465942383,-4.480000019073486,1.2599999904632568,1.318494230540376,ascending,18
3,right,2205.4656153846154,1789025629926,-1.739644169807434,11.84968090057373,6.178488731384277,-21.559999465942383,-4.480000019073486,1.2599999904632568,1.3530233851093492,ascending,18
3,right,2205.475230769231,1789025629926,-1.6534994840621948,11.435708045959473,6.082772254943848,-21.559999465942383,-4.480000019073486,1.2599999904632568,1.383514904493718,ascending,18
3,right,2205.4848461538463,1789025629926,-1.514710783958435,11.016948699951172,6.044486045837402,-21.559999465942383,-4.480000019073486,1.2599999904632568,1.4101470248297545,ascending,18
3,right,2205.4944615384616,1789025629926,-1.416601538658142,10.763300895690918,6.010984897613525,-21.559999465942383,-4.480000019073486,1.2599999904632568,1.4343929120882652,ascending,18
3,right,2205.5040769230773,1789025629926,-1.335242748260498,10.471365928649902,5.769301414489746,-21.559999465942383,-4.480000019073486,1.2599999904632568,1.4550251066164575,ascending,18
3,right,2205.5136923076925,1789025629926,-1.1940611600875854,10.0885009765625,5.750158309936523,-21.559999465942383,-4.480000019073486,1.2599999904632568,1.4722091903200385,ascending,18
3,right,2205.523307692308,1789025629926,-1.1055235862731934,9.940139770507812,5.771694183349609,-21.559999465942383,-4.480000019073486,1.2599999904632568,1.4881683654021727,ascending,18
3,right,2205.531,1789025629993,-1.074415683746338,9.784601211547852,5.87698221206665,-13.440000534057615,-4.760000228881836,2.380000114440918,1.5002527638040788,ascending,18
3,right,2205.540615384615,1789025629993,-1.0050214529037476,9.858781814575195,5.719050407409668,-13.440000534057615,-4.760000228881836,2.380000114440918,1.5152075022109004,ascending,18
3,right,2205.550230769231,1789025629993,-0.9978426694869996,9.73195743560791,5.726229190826416,-13.440000534057615,-4.760000228881836,2.380000114440918,1.5291286499892243,ascending,18
3,right,2205.559846153846,1789025629993,-0.9691277742385864,9.631455421447754,5.664013385772705,-13.440000534057615,-4.760000228881836,2.380000114440918,1.5418993679529511,ascending,18
3,right,2205.5694615384614,1789025629993,-0.9906639456748962,9.576417922973633,5.98944902420044,-13.440000534057615,-4.760000228881836,2.380000114440918,1.5557541279129,ascending,18
3,right,2205.579076923077,1789025629993,-0.9858781099319458,9.463951110839844,6.061236381530762,-13.440000534057615,-4.760000228881836,2.380000114440918,1.5690176495344301,ascending,18
3,right,2205.5886923076923,1789025629993,-1.0050214529037476,9.370628356933594,6.216775417327881,-13.440000534057615,-4.760000228881836,2.380000114440918,1.5822733387118861,ascending,18
3,right,2205.598307692308,1789025629993,-1.0241646766662598,9.406521797180176,6.130630493164063,-13.440000534057615,-4.760000228881836,2.380000114440918,1.595451787632833,ascending,18
3,right,2205.607,1789025630075,-1.0887731313705444,9.162445068359377,6.365135669708252,-14.350000381469728,-5.320000171661377,2.799999952316284,1.6066160564484337,ascending,18
3,right,2205.616615384615,1789025630075,-1.1605603694915771,9.088264465332031,6.312491416931152,-14.350000381469728,-5.320000171661377,2.799999952316284,1.618183477194746,ascending,18
3,right,2205.626230769231,1789025630075,-1.1892752647399902,8.994941711425781,6.29334831237793,-14.350000381469728,-5.320000171661377,2.799999952316284,1.6289360727087827,ascending,18
3,right,2205.635846153846,1789025630075,-1.2227760553359983,8.961441040039062,5.979877471923828,-14.350000381469728,-5.320000171661377,2.799999952316284,1.6379297248745581,ascending,18
3,right,2205.6454615384614,1789025630075,-1.239526391029358,8.839402198791504,5.879374980926514,-14.350000381469728,-5.320000171661377,2.799999952316284,1.645454594282786,ascending,18
3,right,2205.655076923077,1789025630075,-1.2562767267227173,8.901618003845215,5.75494384765625,-14.350000381469728,-5.320000171661377,2.799999952316284,1.652899698600435,ascending,18
3,right,2205.6646923076923,1789025630075,-1.208418607711792,8.820259094238281,5.75494384765625,-14.350000381469728,-5.320000171661377,2.799999952316284,1.659648210244041,ascending,18
3,right,2205.674307692308,1789025630075,-1.237133502960205,8.626433372497559,5.496510028839111,-14.350000381469728,-5.320000171661377,2.799999952316284,1.6635516585329115,ascending,18
3,right,2205.683,1789025630151,-1.2347406148910522,8.413464546203613,5.393614768981934,7.0,-5.740000247955322,4.409999847412109,1.6650410094117574,ascending,18
3,right,2205.6926153846152,1789025630151,-1.179703712463379,8.389535903930664,5.3792572021484375,7.0,-5.740000247955322,4.409999847412109,1.666375750760244,ascending,18
3,right,2205.702230769231,1789025630151,-1.177310824394226,8.267497062683105,5.453437328338623,7.0,-5.740000247955322,4.409999847412109,1.667084070957971,ascending,18
3,right,2205.711846153846,1789025630151,-1.112702250480652,8.217246055603027,5.367292881011963,7.0,-5.740000247955322,4.409999847412109,1.6668968360879586,ascending,18
3,right,2205.7214615384614,1789025630151,-1.0457007884979248,8.028206825256348,5.35532808303833,7.0,-5.740000247955322,4.409999847412109,1.6650517576530284,ascending,18
3,right,2205.731076923077,1789025630151,-1.079201579093933,7.961205005645752,5.214146614074707,7.0,-5.740000247955322,4.409999847412109,1.6619811055740141,ascending,18
3,right,2205.7406923076924,1789025630151,-1.043307900428772,7.853524208068848,5.242861747741699,7.0,-5.740000247955322,4.409999847412109,1.6581478204234792,ascending,18
3,right,2205.750307692308,1789025630151,-1.0098072290420532,7.764986991882324,5.113644599914551,7.0,-5.740000247955322,4.409999847412109,1.6529184938396366,ascending,18
3,right,2205.759,1789025630226,-1.0026284456253052,7.702771186828613,5.0346784591674805,15.190000534057615,-6.159999847412109,4.829999923706055,1.6473681605856032,ascending,18
3,right,2205.7686153846157,1789025630226,-1.0002355575561523,7.640555381774902,4.800173759460449,15.190000534057615,-6.159999847412109,4.829999923706055,1.639546444940805,ascending,18
3,right,2205.778230769231,1789025630226,-1.0313433408737185,7.511338710784912,4.776244640350342,15.190000534057615,-6.159999847412109,4.829999923706055,1.6305771993500298,ascending,18
3,right,2205.787846153846,1789025630226,-1.0528795719146729,7.317512989044189,4.558489799499512,15.190000534057615,-6.159999847412109,4.829999923706055,1.6189604729248512,ascending,18
3,right,2205.797461538461,1789025630226,-1.0409150123596191,7.145223617553711,4.520203590393066,15.190000534057615,-6.159999847412109,4.829999923706055,1.6057370821780947,ascending,18
3,right,2205.807076923077,1789025630226,-1.0480937957763672,7.027971267700195,4.312020301818848,15.190000534057615,-6.159999847412109,4.829999923706055,1.5905353222548275,ascending,18
3,right,2205.8166923076924,1789025630226,-1.05048668384552,6.939433574676514,4.264162063598633,15.190000534057615,-6.159999847412109,4.829999923706055,1.5743805604465142,ascending,18
3,right,2205.826307692308,1789025630226,-0.983485221862793,6.826966762542725,4.146909713745117,15.190000534057615,-6.159999847412109,4.829999923706055,1.5566767989396852,ascending,18
3,right,2205.835,1789025630301,-1.0026284456253052,6.836538314819336,4.1205878257751465,20.3700008392334,-6.090000152587891,4.829999923706055,1.5406492325568804,ascending,18
3,right,2205.8446153846157,1789025630301,-1.0002355575561523,6.872432231903076,4.130159378051758,20.3700008392334,-6.090000152587891,4.829999923706055,1.5232681916020043,ascending,18
3,right,2205.854230769231,1789025630301,-0.9499844908714294,6.932254791259766,4.182803153991699,20.3700008392334,-6.090000152587891,4.829999923706055,1.5065990679394923,ascending,18
3,right,2205.863846153846,1789025630301,-1.0074143409729004,7.056685924530029,4.242626190185547,20.3700008392334,-6.090000152587891,4.829999923706055,1.4913034753345935,ascending,18
3,right,2205.873461538461,1789025630301,-0.98109233379364,7.061471939086914,4.225875854492188,20.3700008392334,-6.090000152587891,4.829999923706055,1.4759492005007706,ascending,18
3,right,2205.883076923077,1789025630301,-0.923662543296814,7.094972610473633,4.12298059463501,20.3700008392334,-6.090000152587891,4.829999923706055,1.4603372083500779,ascending,18
3,right,2205.8926923076924,1789025630301,-0.8566610813140869,7.042328357696533,4.04401445388794,20.3700008392334,-6.090000152587891,4.829999923706055,1.4438604535233193,ascending,18
3,right,2205.902307692308,1789025630301,-0.806410014629364,7.1571879386901855,3.8812968730926514,20.3700008392334,-6.090000152587891,4.829999923706055,1.4275387080561464,ascending,18
3,right,2205.911,1789025630376,-0.7130866050720215,7.219403743743896,3.668328046798706,32.689998626708984,-5.670000076293945,4.760000228881836,1.4122989619798891,ascending,18
3,right,2205.9206153846158,1789025630376,-0.6412993669509888,7.252904415130615,3.414679765701294,32.689998626708984,-5.670000076293945,4.760000228881836,1.394524171756569,ascending,18
3,right,2205.930230769231,1789025630376,-0.6101915836334229,7.004042148590088,3.266319513320923,32.689998626708984,-5.670000076293945,4.760000228881836,1.3739911488811483,ascending,18
3,right,2205.9398461538462,1789025630376,-0.5599405169487,6.836538314819336,3.1155662536621094,32.689998626708984,-5.670000076293945,4.760000228881836,1.3513618140542076,ascending,18
3,right,2205.949461538461,1789025630376,-0.466617077589035,6.697749614715576,2.9528486728668213,32.689998626708984,-5.670000076293945,4.760000228881836,1.3267979162811,ascending,18
3,right,2205.959076923077,1789025630376,-0.4809745252132416,6.468030452728272,2.761415958404541,32.689998626708984,-5.670000076293945,4.760000228881836,1.2994956217273999,ascending,18
3,right,2205.9686923076924,1789025630376,-0.4833674430847168,6.133023262023926,2.928919553756714,32.689998626708984,-5.670000076293945,4.760000228881836,1.2700902685100666,ascending,18
3,right,2205.978307692308,1789025630376,-0.4857603311538696,5.881768226623535,2.9265265464782715,32.689998626708984,-5.670000076293945,4.760000228881836,1.238539927500515,ascending,18
3,right,2205.987,1789025630451,-0.5192610621452332,5.781265735626221,2.802095413208008,8.050000190734863,-5.670000076293945,3.7799999713897705,1.208796968729763,ascending,18
3,right,2205.996615384616,1789025630451,-0.5312256217002869,5.6951212882995605,2.79491662979126,8.050000190734863,-5.670000076293945,3.7799999713897705,1.175149724234792,ascending,18
3,right,2206.006230769231,1789025630451,-0.5025107264518738,5.537189483642578,2.6537351608276367,8.050000190734863,-5.670000076293945,3.7799999713897705,1.1395428135136487,ascending,18
3,right,2206.0158461538463,1789025630451,-0.4498667120933532,5.288326740264893,2.6393775939941406,8.050000190734863,-5.670000076293945,3.7799999713897705,1.1017111658621834,ascending,18
3,right,2206.025461538461,1789025630451,-0.4259376525878906,5.056214809417725,2.5269110202789307,8.050000190734863,-5.670000076293945,3.7799999713897705,1.0614078904692266,ascending,18
3,right,2206.035076923077,1789025630451,-0.3517574965953827,5.010749340057373,2.445552110671997,8.050000190734863,-5.670000076293945,3.7799999713897705,1.0203374239773972,ascending,18
3,right,2206.0446923076925,1789025630451,-0.3038993179798126,4.915033340454102,2.380943536758423,8.050000190734863,-5.670000076293945,3.7799999713897705,0.9781575998975804,ascending,18
3,right,2206.054307692308,1789025630451,-0.2656128108501434,4.857603549957275,2.4048726558685303,8.050000190734863,-5.670000076293945,3.7799999713897705,0.9355756256490402,ascending,18
3,right,2206.063,1789025630545,-0.2321120798587799,4.7666730880737305,2.311549186706543,4.480000019073486,-5.53000020980835,3.7100000381469727,0.8960172252621046,ascending,18
3,right,2206.072615384616,1789025630545,-0.181861013174057,4.613526821136475,2.3378713130950928,4.480000019073486,-5.53000020980835,3.7100000381469727,0.8510315197895614,ascending,18
3,right,2206.082230769231,1789025630545,-0.1507532149553299,4.436451435089111,2.3235137462615967,4.480000019073486,-5.53000020980835,3.7100000381469727,0.8044569691731562,ascending,18
3,right,2206.0918461538463,1789025630545,-0.1124666780233383,4.312020301818848,2.359407424926758,4.480000019073486,-5.53000020980835,3.7100000381469727,0.7569521999031423,ascending,18
3,right,2206.101461538461,1789025630545,-0.1172524988651275,4.300055980682373,2.2301902770996094,4.480000019073486,-5.53000020980835,3.7100000381469727,0.7088362903769102,ascending,18
3,right,2206.111076923077,1789025630545,-0.067001424729824,4.242626190185547,2.167974710464477,4.480000019073486,-5.53000020980835,3.7100000381469727,0.6599580284757581,ascending,18
3,right,2206.1206923076925,1789025630545,-0.0358936227858066,4.113409042358398,2.069865465164185,4.480000019073486,-5.53000020980835,3.7100000381469727,0.6095616797790746,ascending,18
3,right,2206.130307692308,1789025630545,-0.0358936227858066,3.98419189453125,2.14404559135437,4.480000019073486,-5.53000020980835,3.7100000381469727,0.5583770442993606,ascending,18
3,right,2206.138,1789025630600,0.0,4.067943572998047,1.86646831035614,2.5199999809265137,-5.320000171661377,3.849999904632568,0.5170958255880453,ascending,18
3,right,2206.147615384615,1789025630600,-0.0598227009177207,4.0224785804748535,1.9238981008529663,2.5199999809265137,-5.320000171661377,3.849999904632568,0.46540049720746457,ascending,18
3,right,2206.157230769231,1789025630600,-0.0430723465979099,4.125373363494873,1.7276796102523804,2.5199999809265137,-5.320000171661377,3.849999904632568,0.4138084629070989,ascending,18
3,right,2206.166846153846,1789025630600,-0.102895051240921,4.134945392608643,1.799466848373413,2.5199999809265137,-5.320000171661377,3.849999904632568,0.36265716084442784,ascending,18
3,right,2206.1764615384614,1789025630600,-0.0813588723540306,4.197160720825195,1.749215841293335,2.5199999809265137,-5.320000171661377,3.849999904632568,0.31185364354205203,ascending,18
3,right,2206.186076923077,1789025630600,-0.0909305065870285,4.300055980682373,1.897576093673706,2.5199999809265137,-5.320000171661377,3.849999904632568,0.26258289628693116,ascending,18
3,right,2206.1956923076923,1789025630600,-0.1651106625795364,4.580026149749756,1.9023619890213013,2.5199999809265137,-5.320000171661377,3.849999904632568,0.21582905857052292,ascending,18
3,right,2206.2053076923075,1789025630600,-0.1627177447080612,4.757101058959961,2.036364793777466,2.5199999809265137,-5.320000171661377,3.849999904632568,0.17118328373644853,ascending,18
3,right,2206.215,1789025630676,-0.2584340870380401,4.993999004364014,2.024400234222412,0.2800000011920929,-5.039999961853027,2.6600000858306885,0.12827961796691695,ascending,18
3,right,2206.2246153846154,1789025630676,-0.3541503846645355,5.096894264221191,2.2373690605163574,0.2800000011920929,-5.039999961853027,2.6600000858306885,0.08755327043095533,ascending,18
3,right,2206.234230769231,1789025630676,-0.387651115655899,5.276362419128418,2.3282995223999023,0.2800000011920929,-5.039999961853027,2.6600000858306885,0.048793921830044516,ascending,18
3,right,2206.2438461538463,1789025630676,-0.4211518168449402,5.460616111755371,2.5245180130004883,0.2800000011920929,-5.039999961853027,2.6600000858306885,0.012472368619613849,resting,
3,right,2206.2534615384616,1789025630676,-0.4833674430847168,5.599404811859131,2.471873998641968,0.2800000011920929,-5.039999961853027,2.6600000858306885,-0.022810380680118057,resting,
3,right,2206.2630769230773,1789025630676,-0.5120823383331299,5.778872966766357,2.5532329082489014,0.2800000011920929,-5.039999961853027,2.6600000858306885,-0.05617166279998925,resting,
3,right,2206.2726923076925,1789025630676,-0.5671192407608032,5.884160995483398,2.541268348693848,0.2800000011920929,-5.039999961853027,2.6600000858306885,-0.08862511017526749,resting,
3,right,2206.282307692308,1789025630676,-0.5551546812057495,5.965519905090332,2.5101606845855717,0.2800000011920929,-5.039999961853027,2.6600000858306885,-0.12049135936512123,resting,
3,right,2206.291,1789025630751,-0.5958341360092163,6.061236381530762,2.433587551116944,-10.56999969482422,-5.670000076293945,1.399999976158142,-0.14880609504411924,resting,
3,right,2206.3006153846154,1789025630751,-0.6101915836334229,6.183274745941162,2.471873998641968,-10.56999969482422,-5.670000076293945,1.399999976158142,-0.17889841503685383,descending,
3,right,2206.310230769231,1789025630751,-0.6030128598213196,6.343599319458008,2.4981961250305176,-10.56999969482422,-5.670000076293945,1.399999976158142,-0.2074833003224699,descending,
3,right,2206.3198461538464,1789025630751,-0.619763195514679,6.345992088317871,2.6369848251342773,-10.56999969482422,-5.670000076293945,1.399999976158142,-0.23545421183230372,descending,
3,right,2206.3294615384616,1789025630751,-0.6867645978927612,6.324456214904785,2.7446656227111816,-10.56999969482422,-5.670000076293945,1.399999976158142,-0.2631203077257302,descending,
3,right,2206.3390769230773,1789025630751,-0.7154794931411743,6.401029109954834,2.9815635681152344,-10.56999969482422,-5.670000076293945,1.399999976158142,-0.2891128047509603,descending,
3,right,2206.3486923076925,1789025630751,-0.7154794931411743,6.5804972648620605,3.058136463165283,-10.56999969482422,-5.670000076293945,1.399999976158142,-0.31321944550727254,descending,
3,right,2206.358307692308,1789025630751,-0.7178724408149719,6.807823657989502,3.110780477523804,-10.56999969482422,-5.670000076293945,1.399999976158142,-0.33512686772265965,descending,
3,right,2206.367,1789025630826,-0.6987291574478149,6.99686336517334,3.1442811489105225,-17.920000076293945,-5.460000038146973,-0.5600000023841858,-0.35332957833043765,descending,
3,right,2206.3766153846154,1789025630826,-0.6604426503181458,7.059078693389893,3.268712520599365,-17.920000076293945,-5.460000038146973,-0.5600000023841858,-0.3724190284295096,descending,
3,right,2206.386230769231,1789025630826,-0.6389064788818359,7.188295841217041,3.3069989681243896,-17.920000076293945,-5.460000038146973,-0.5600000023841858,-0.3902375772001225,descending,
3,right,2206.3958461538464,1789025630826,-0.6054057478904724,7.4228010177612305,3.3333208560943604,-17.920000076293945,-5.460000038146973,-0.5600000023841858,-0.4059385896212204,descending,
3,right,2206.4054615384616,1789025630826,-0.5599405169487,7.566375255584717,3.295034408569336,-17.920000076293945,-5.460000038146973,-0.5600000023841858,-0.42058965858350383,descending,
3,right,2206.4150769230773,1789025630826,-0.4953319728374481,7.56158971786499,3.3979294300079346,-17.920000076293945,-5.460000038146973,-0.5600000023841858,-0.4348789792122651,descending,
3,right,2206.424692307693,1789025630826,-0.4881532490253448,7.587911605834961,3.5247535705566406,-17.920000076293945,-5.460000038146973,-0.5600000023841858,-0.4484021641149329,descending,
3,right,2206.434307692308,1789025630826,-0.4929390549659729,7.626198291778564,3.6515777111053462,-17.920000076293945,-5.460000038146973,-0.5600000023841858,-0.46104725348200964,descending,
3,right,2206.442,1789025630902,-0.5551546812057495,7.542446136474609,3.74968695640564,-21.700000762939453,-5.179999828338623,-1.4700000286102295,-0.47137024168539066,descending,
3,right,2206.4516153846157,1789025630902,-0.4929390549659729,7.52569580078125,3.840617418289185,-21.700000762939453,-5.179999828338623,-1.4700000286102295,-0.4840531965221226,descending,
3,right,2206.461230769231,1789025630902,-0.5647262930870056,7.712342739105225,4.012907028198242,-21.700000762939453,-5.179999828338623,-1.4700000286102295,-0.494340776525043,descending,
3,right,2206.470846153846,1789025630902,-0.5838695764541626,7.738664627075195,4.139730930328369,-21.700000762939453,-5.179999828338623,-1.4700000286102295,-0.503824774439952,descending,
3,right,2206.480461538461,1789025630902,-0.6269419193267822,7.891810894012451,4.328770637512207,-21.700000762939453,-5.179999828338623,-1.4700000286102295,-0.5111294718168042,descending,
3,right,2206.490076923077,1789025630902,-0.6341206431388855,7.891810894012451,4.4268798828125,-21.700000762939453,-5.179999828338623,-1.4700000286102295,-0.5179764908715726,descending,
3,right,2206.4996923076924,1789025630902,-0.6532639265060425,8.061707496643066,4.5010600090026855,-21.700000762939453,-5.179999828338623,-1.4700000286102295,-0.5230289549692918,descending,
3,right,2206.509307692308,1789025630902,-0.7346227765083313,8.035385131835938,4.859996318817139,-21.700000762939453,-5.179999828338623,-1.4700000286102295,-0.5265923473140853,descending,
3,right,2206.518,1789025630976,-0.7154794931411743,8.281854629516602,4.78342342376709,-18.270000457763672,-4.199999809265137,-2.309999942779541,-0.5282598917642127,descending,
3,right,2206.5276153846157,1789025630976,-0.7154794931411743,8.317748069763184,5.046643257141113,-18.270000457763672,-4.199999809265137,-2.309999942779541,-0.5285634773189469,descending,
3,right,2206.537230769231,1789025630976,-0.6915504336357117,8.40389347076416,5.065786361694336,-18.270000457763672,-4.199999809265137,-2.309999942779541,-0.528057357386029,descending,
3,right,2206.546846153846,1789025630976,-0.6867645978927612,8.370392799377441,5.223718166351318,-18.270000457763672,-4.199999809265137,-2.309999942779541,-0.527070717214013,descending,
3,right,2206.556461538461,1789025630976,-0.5623334050178528,8.425429344177246,5.108858585357666,-18.270000457763672,-4.199999809265137,-2.309999942779541,-0.5262378554840543,descending,
3,right,2206.566076923077,1789025630976,-0.521653950214386,8.475680351257324,5.329006195068359,-18.270000457763672,-4.199999809265137,-2.309999942779541,-0.5239408011769779,descending,
3,right,2206.5756923076924,1789025630976,-0.4570454359054565,8.50678825378418,5.250040531158447,-18.270000457763672,-4.199999809265137,-2.309999942779541,-0.5217966540609956,descending,
3,right,2206.585307692308,1789025630976,-0.4067943692207336,8.51636028289795,5.503688812255859,-18.270000457763672,-4.199999809265137,-2.309999942779541,-0.5183502951634358,descending,
3,right,2206.594,1789025631085,-0.4235447347164154,8.595325469970703,5.513260364532471,-13.93000030517578,-3.150000095367432,-2.450000047683716,-0.5145860163721522,descending,
3,right,2206.6036153846158,1789025631085,-0.4139730930328369,8.698221206665039,5.71187162399292,-13.93000030517578,-3.150000095367432,-2.450000047683716,-0.5085871648909519,descending,
3,right,2206.613230769231,1789025631085,-0.5192610621452332,8.877689361572266,5.764515399932861,-13.93000030517578,-3.150000095367432,-2.450000047683716,-0.5007845111343744,descending,
3,right,2206.6228461538462,1789025631085,-0.5455830693244934,8.951869010925293,5.984663009643555,-13.93000030517578,-3.150000095367432,-2.450000047683716,-0.49124721022111656,descending,
3,right,2206.632461538461,1789025631085,-0.600619912147522,9.191160202026367,6.034914016723633,-13.93000030517578,-3.150000095367432,-2.450000047683716,-0.4794643841229862,descending,
3,right,2206.642076923077,1789025631085,-0.6915504336357117,9.344305992126465,6.008592128753662,-13.93000030517578,-3.150000095367432,-2.450000047683716,-0.4665148843571055,descending,
3,right,2206.6516923076924,1789025631085,-0.7035149931907654,9.507023811340332,5.85066032409668,-13.93000030517578,-3.150000095367432,-2.450000047683716,-0.4530463171450502,descending,
3,right,2206.661307692308,1789025631085,-0.7178724408149719,9.576417922973633,5.752551078796387,-13.93000030517578,-3.150000095367432,-2.450000047683716,-0.439514139518163,descending,
3,right,2206.671,1789025631126,-0.7705163955688477,9.590775489807127,5.652049064636231,10.640000343322754,-1.680000066757202,-1.2599999904632568,-0.4262395172263176,descending,
3,right,2206.680615384615,1789025631126,-0.7944455146789551,9.602740287780762,5.601798057556152,10.640000343322754,-1.680000066757202,-1.2599999904632568,-0.4132103172734011,descending,
3,right,2206.6902307692308,1789025631126,-0.8518753051757812,9.578810691833496,5.491724014282227,10.640000343322754,-1.680000066757202,-1.2599999904632568,-0.4008929995666565,descending,
3,right,2206.699846153846,1789025631126,-0.9069121479988098,9.562060356140137,5.558725357055664,10.640000343322754,-1.680000066757202,-1.2599999904632568,-0.38833909985739395,descending,
3,right,2206.7094615384613,1789025631126,-0.9667348861694336,9.485487937927246,5.597012042999268,10.640000343322754,-1.680000066757202,-1.2599999904632568,-0.37618222953371133,descending,
3,right,2206.719076923077,1789025631126,-1.0552724599838257,9.502238273620604,5.716657638549805,10.640000343322754,-1.680000066757202,-1.2599999904632568,-0.363236366523919,descending,
3,right,2206.728692307692,1789025631126,-1.0839873552322388,9.559667587280272,5.7238359451293945,10.640000343322754,-1.680000066757202,-1.2599999904632568,-0.34976469929621445,descending,
3,right,2206.7383076923074,1789025631126,-1.1294525861740112,9.585989952087402,5.692728519439697,10.640000343322754,-1.680000066757202,-1.2599999904632568,-0.3361997175491693,descending,
3,right,2206.746,1789025631203,-1.1438100337982178,9.700849533081056,5.642477512359619,7.909999847412109,-0.9100000262260436,-2.0999999046325684,-0.3247808688781893,descending,
3,right,2206.755615384616,1789025631203,-1.1270596981048584,9.758278846740724,5.644870281219482,7.909999847412109,-0.9100000262260436,-2.0999999046325684,-0.31003301191443944,descending,
3,right,2206.765230769231,1789025631203,-1.141417145729065,9.758278846740724,5.458223342895508,7.909999847412109,-0.9100000262260436,-2.0999999046325684,-0.2961852736223193,descending,
3,right,2206.7748461538463,1789025631203,-1.1342384815216064,9.82528018951416,5.357721328735352,7.909999847412109,-0.9100000262260436,-2.0999999046325684,-0.28227422322682144,descending,
3,right,2206.784461538461,1789025631203,-1.1079164743423462,9.99996280670166,5.288326740264893,7.909999847412109,-0.9100000262260436,-2.0999999046325684,-0.26726807905370703,descending,
3,right,2206.794076923077,1789025631203,-1.0768086910247805,9.92099666595459,5.187824726104736,7.909999847412109,-0.9100000262260436,-2.0999999046325684,-0.2534165069266651,descending,
3,right,2206.8036923076925,1789025631203,-1.0600582361221311,9.719992637634276,5.163895606994629,7.909999847412109,-0.9100000262260436,-2.0999999046325684,-0.24135311091720596,descending,
3,right,2206.813307692308,1789025631203,-1.0361292362213137,9.70563507080078,5.113644599914551,7.909999847412109,-0.9100000262260436,-2.0999999046325684,-0.22966160117223575,descending,
3,right,2206.822,1789025631278,-1.0026284456253052,9.684099197387695,5.132787704467773,10.289999961853027,-1.0499999523162842,-2.0999999046325684,-0.219190420263153,descending,
3,right,2206.831615384616,1789025631278,-0.9308412671089172,9.729564666748049,5.125608921051025,10.289999961853027,-1.0499999523162842,-2.0999999046325684,-0.20731308110538232,descending,
3,right,2206.841230769231,1789025631278,-0.8494823575019836,9.648205757141112,5.10407304763794,10.289999961853027,-1.0499999523162842,-2.0999999046325684,-0.19627571612555197,descending,
3,right,2206.8508461538463,1789025631278,-0.7729093432426453,9.63624095916748,5.022714138031006,10.289999961853027,-1.0499999523162842,-2.0999999046325684,-0.18577454045782799,descending,
3,right,2206.860461538461,1789025631278,-0.7202653288841248,9.655384063720703,4.924604892730713,10.289999961853027,-1.0499999523162842,-2.0999999046325684,-0.1756044512227309,descending,
3,right,2206.870076923077,1789025631278,-0.6556568145751953,9.736742973327637,4.886318206787109,10.289999961853027,-1.0499999523162842,-2.0999999046325684,-0.16497105490434627,descending,
3,right,2206.8796923076925,1789025631278,-0.6173703074455261,9.789386749267578,4.752315521240234,10.289999961853027,-1.0499999523162842,-2.0999999046325684,-0.15453111160618557,descending,
3,right,2206.889307692308,1789025631278,-0.5431901216506958,9.875532150268556,4.867175102233887,10.289999961853027,-1.0499999523162842,-2.0999999046325684,-0.1428866396074869,descending,
3,right,2206.898,1789025631369,-0.5575475692749023,9.949711799621582,5.144752502441406,6.579999923706055,-1.2599999904632568,-1.8899999856948853,-0.1306391412281133,descending,
3,right,2206.9076153846154,1789025631369,-0.5742979645729065,10.059785842895508,4.970069885253906,6.579999923706055,-1.2599999904632568,-1.8899999856948853,-0.11693954891917357,descending,
3,right,2206.917230769231,1789025631369,-0.6724071502685547,10.10285758972168,5.017928123474121,6.579999923706055,-1.2599999904632568,-1.8899999856948853,-0.10258523311427302,descending,
3,right,2206.9268461538463,1789025631369,-0.708300769329071,10.16507339477539,4.996392250061035,6.579999923706055,-1.2599999904632568,-1.8899999856948853,-0.08777340996678766,descending,
3,right,2206.9364615384616,1789025631369,-0.727444052696228,10.299076080322266,5.123216152191162,6.579999923706055,-1.2599999904632568,-1.8899999856948853,-0.0712440600192994,descending,
3,right,2206.9460769230773,1789025631369,-0.8135887384414673,10.413935661315918,5.029892921447754,6.579999923706055,-1.2599999904632568,-1.8899999856948853,-0.054093590951009934,descending,
3,right,2206.9556923076925,1789025631369,-0.8088029623031616,10.509652137756348,5.025106906890869,6.579999923706055,-1.2599999904632568,-1.8899999856948853,-0.036153447095441424,descending,
3,right,2206.965307692308,1789025631369,-0.8423036336898804,10.57186794281006,5.0131425857543945,6.579999923706055,-1.2599999904632568,-1.8899999856948853,-0.01771163630759745,resting,
3,right,2206.974,1789025631441,-0.8159816861152649,10.588618278503418,5.068179130554199,10.43000030517578,-1.2599999904632568,-0.9800000190734864,-0.0007083006226701322,resting,
3,right,2206.9836153846154,1789025631441,-0.8686256408691406,10.70347785949707,5.116037368774414,10.43000030517578,-1.2599999904632568,-0.9800000190734864,0.01932789233912673,resting,
3,right,2206.993230769231,1789025631441,-0.8518753051757812,10.83269500732422,5.35532808303833,10.43000030517578,-1.2599999904632568,-0.9800000190734864,0.041490224479165186,resting,
3,right,2207.0028461538463,1789025631441,-0.8853759765625,10.914053916931152,5.381650447845459,10.43000030517578,-1.2599999904632568,-0.9800000190734864,0.06447857601150624,resting,
3,right,2207.0124615384616,1789025631441,-0.8973405361175537,11.284955024719238,5.608976364135742,10.43000030517578,-1.2599999904632568,-0.9800000190734864,0.0916195941197073,resting,
3,right,2207.0220769230773,1789025631441,-0.8734114766120911,11.533817291259766,5.757337093353272,10.43000030517578,-1.2599999904632568,-0.9800000190734864,0.12149932662852622,resting,
3,right,2207.0316923076925,1789025631441,-0.844696581363678,11.777894020080566,5.886553764343262,10.43000030517578,-1.2599999904632568,-0.9800000190734864,0.15398963276067776,resting,
3,right,2207.041307692308,1789025631441,-0.8805902004241943,12.208617210388184,5.89373254776001,10.43000030517578,-1.2599999904632568,-0.9800000190734864,0.19022436364426357,ascending,19
3,right,2207.05,1789025631516,-0.904519259929657,12.737449645996094,5.917661666870117,18.690000534057617,-0.5600000023841858,-1.8200000524520876,0.22719298602013482,ascending,19
3,right,2207.0596153846154,1789025631516,-0.9451987147331238,13.239960670471191,5.771694183349609,18.690000534057617,-0.5600000023841858,-1.8200000524520876,0.271830308184804,ascending,19
3,right,2207.069230769231,1789025631516,-0.9954497814178468,13.720934867858888,5.594619274139404,18.690000534057617,-0.5600000023841858,-1.8200000524520876,0.3199200239587759,ascending,19
3,right,2207.0788461538464,1789025631516,-0.9739136099815368,14.015262603759766,5.522831916809082,18.690000534057617,-0.5600000023841858,-1.8200000524520876,0.37024847351899487,ascending,19
3,right,2207.0884615384616,1789025631516,-1.0409150123596191,14.369413375854492,5.3649001121521,18.690000534057617,-0.5600000023841858,-1.8200000524520876,0.42305367779891334,ascending,19
3,right,2207.0980769230773,1789025631516,-1.0265575647354126,14.60152530670166,5.262004852294922,18.690000534057617,-0.5600000023841858,-1.8200000524520876,0.47745698987540447,ascending,19
3,right,2207.107692307693,1789025631516,-1.079201579093933,14.718777656555176,5.075357913970947,18.690000534057617,-0.5600000023841858,-1.8200000524520876,0.5321792153808943,ascending,19
3,right,2207.117307692308,1789025631516,-1.0935590267181396,14.69724178314209,5.068179130554199,18.690000534057617,-0.5600000023841858,-1.8200000524520876,0.5867161234539628,ascending,19
3,right,2207.126,1789025631638,-1.2155972719192505,14.723563194274902,4.967677116394043,15.539999961853027,-0.5600000023841858,-2.1700000762939453,0.6359516126564531,ascending,19
3,right,2207.1356153846154,1789025631638,-1.2227760553359983,14.49623680114746,4.979641914367676,15.539999961853027,-0.5600000023841858,-2.1700000762939453,0.6884987315544041,ascending,19
3,right,2207.145230769231,1789025631638,-1.299349069595337,14.077478408813477,5.04425048828125,15.539999961853027,-0.5600000023841858,-2.1700000762939453,0.7377101696241428,ascending,19
3,right,2207.1548461538464,1789025631638,-1.2802058458328247,13.68264865875244,5.070572376251221,15.539999961853027,-0.5600000023841858,-2.1700000762939453,0.7835646389534583,ascending,19
3,right,2207.1644615384616,1789025631638,-1.3113136291503906,13.302176475524902,5.096894264221191,15.539999961853027,-0.5600000023841858,-2.1700000762939453,0.8262162534954454,ascending,19
3,right,2207.1740769230773,1789025631638,-1.296956181526184,12.895381927490234,5.22611141204834,15.539999961853027,-0.5600000023841858,-2.1700000762939453,0.8657916977975835,ascending,19
3,right,2207.1836923076926,1789025631638,-1.2514909505844116,12.479015350341797,5.343363761901856,15.539999961853027,-0.5600000023841858,-2.1700000762939453,0.9021244432340542,ascending,19
3,right,2207.193307692308,1789025631638,-1.229954719543457,12.139223098754885,5.357721328735352,15.539999961853027,-0.5600000023841858,-2.1700000762939453,0.9354976008733228,ascending,19
3,right,2207.202,1789025631666,-1.141417145729065,11.806608200073242,5.312255859375,-23.729999542236328,-0.9800000190734864,-3.5,0.9628003053601221,ascending,19
3,right,2207.2116153846155,1789025631666,-1.1509888172149658,11.481172561645508,5.206967830657959,-23.729999542236328,-0.9800000190734864,-3.5,0.9897424958274081,ascending,19
3,right,2207.221230769231,1789025631666,-1.1055235862731934,11.246667861938477,5.326613426208496,-23.729999542236328,-0.9800000190734864,-3.5,1.015066615265735,ascending,19
3,right,2207.2308461538464,1789025631666,-1.0696299076080322,11.088736534118652,5.388829231262207,-23.729999542236328,-0.9800000190734864,-3.5,1.039234690210293,ascending,19
3,right,2207.2404615384617,1789025631666,-1.0935590267181396,10.940375328063965,5.412757873535156,-23.729999542236328,-0.9800000190734864,-3.5,1.0622314584103536,ascending,19
3,right,2207.2500769230774,1789025631666,-1.141417145729065,10.813551902770996,5.3792572021484375,-23.729999542236328,-0.9800000190734864,-3.5,1.0840339872972662,ascending,19
3,right,2207.2596923076926,1789025631666,-1.1438100337982178,10.643654823303224,5.427115440368652,-23.729999542236328,-0.9800000190734864,-3.5,1.1045709293337718,ascending,19
3,right,2207.269307692308,1789025631666,-1.1246668100357056,10.471365928649902,5.498902797698975,-23.729999542236328,-0.9800000190734864,-3.5,1.1239135810721086,ascending,19
3,right,2207.277,1789025631741,-1.05048668384552,10.399578094482422,5.522831916809082,-18.899999618530277,-0.6299999952316284,-2.6600000858306885,1.1389301268386465,ascending,19
3,right,2207.2866153846157,1789025631741,-1.074415683746338,10.320612907409668,5.453437328338623,-18.899999618530277,-0.6299999952316284,-2.6600000858306885,1.1567546466586398,ascending,19
3,right,2207.296230769231,1789025631741,-1.012200117111206,10.17464542388916,5.620941162109375,-18.899999618530277,-0.6299999952316284,-2.6600000858306885,1.1740016961565707,ascending,19
3,right,2207.3058461538462,1789025631741,-0.9428057670593262,10.1578950881958,5.419936656951904,-18.899999618530277,-0.6299999952316284,-2.6600000858306885,1.1901871701272853,ascending,19
3,right,2207.315461538461,1789025631741,-0.9595561623573304,9.909032821655272,5.453437328338623,-18.899999618530277,-0.6299999952316284,-2.6600000858306885,1.2044150347985583,ascending,19
3,right,2207.325076923077,1789025631741,-0.923662543296814,9.806137084960938,5.3792572021484375,-18.899999618530277,-0.6299999952316284,-2.6600000858306885,1.2174174734953185,ascending,19
3,right,2207.3346923076924,1789025631741,-0.9284483194351196,9.621883392333984,5.49411678314209,-18.899999618530277,-0.6299999952316284,-2.6600000858306885,1.2293775671970857,ascending,19
3,right,2207.344307692308,1789025631741,-1.0002355575561523,9.58359718322754,5.400793552398682,-18.899999618530277,-0.6299999952316284,-2.6600000858306885,1.2406653400065184,ascending,19
3,right,2207.353,1789025631816,-1.0457007884979248,9.490273475646973,5.400793552398682,-4.130000114440918,-0.3499999940395355,0.2100000083446502,1.2501917350575935,ascending,19
3,right,2207.3626153846158,1789025631816,-1.081594467163086,9.526166915893556,5.288326740264893,-4.130000114440918,-0.3499999940395355,0.2100000083446502,1.2605551884327497,ascending,19
3,right,2207.372230769231,1789025631816,-1.0911661386489868,9.545310020446776,5.376864433288574,-4.130000114440918,-0.3499999940395355,0.2100000083446502,1.2714888841234064,ascending,19
3,right,2207.3818461538463,1789025631816,-1.0672370195388794,9.626668930053713,5.35532808303833,-4.130000114440918,-0.3499999940395355,0.2100000083446502,1.2829875308131815,ascending,19
3,right,2207.391461538461,1789025631816,-1.0576653480529783,9.490273475646973,5.252433300018311,-4.130000114440918,-0.3499999940395355,0.2100000083446502,1.2928575723819957,ascending,19
3,right,2207.401076923077,1789025631816,-1.0074143409729004,9.380199432373049,5.113644599914551,-4.130000114440918,-0.3499999940395355,0.2100000083446502,1.3011189107099934,ascending,19
3,right,2207.4106923076924,1789025631816,-0.9858781099319458,9.332341194152832,5.233290195465088,-4.130000114440918,-0.3499999940395355,0.2100000083446502,1.3095058643781106,ascending,19
3,right,2207.420307692308,1789025631816,-0.964341938495636,9.19355297088623,5.278755187988281,-4.130000114440918,-0.3499999940395355,0.2100000083446502,1.3169184609387952,ascending,19
3,right,2207.429,1789025631892,-0.9882710576057434,8.990156173706055,5.333792209625244,-7.699999809265137,-1.399999976158142,1.8200000524520876,1.3223314596742128,ascending,19
3,right,2207.438615384616,1789025631892,-0.9906639456748962,8.858545303344727,5.262004852294922,-7.699999809265137,-1.399999976158142,1.8200000524520876,1.3268914511157541,ascending,19
3,right,2207.448230769231,1789025631892,-1.0265575647354126,8.674291610717773,5.3649001121521,-7.699999809265137,-1.399999976158142,1.8200000524520876,1.3304327135581964,ascending,19
3,right,2207.4578461538463,1789025631892,-1.0026284456253052,8.66472053527832,5.34814977645874,-7.699999809265137,-1.399999976158142,1.8200000524520876,1.3338033118259722,ascending,19
3,right,2207.467461538461,1789025631892,-1.019378900527954,8.705399513244629,5.266790866851807,-7.699999809265137,-1.399999976158142,1.8200000524520876,1.337150212064254,ascending,19
3,right,2207.477076923077,1789025631892,-1.0768086910247805,8.971012115478516,5.159110069274902,-7.699999809265137,-1.399999976158142,1.8200000524520876,1.3422480630030917,ascending,19
3,right,2207.4866923076925,1789025631892,-1.1079164743423462,9.033227920532228,5.056214809417725,-7.699999809265137,-1.399999976158142,1.8200000524520876,1.34740056757643,ascending,19
3,right,2207.496307692308,1789025631892,-1.1438100337982178,8.9231538772583,4.881532669067383,-7.699999809265137,-1.399999976158142,1.8200000524520876,1.3508399360480812,ascending,19
3,right,2207.506,1789025631966,-1.0911661386489868,8.765222549438477,5.0346784591674805,15.539999961853027,-1.8200000524520876,3.430000066757202,1.3536691989988403,ascending,19
3,right,2207.515615384615,1789025631966,-1.141417145729065,8.884867668151855,4.613526821136475,15.539999961853027,-1.8200000524520876,3.430000066757202,1.3555370247181058,ascending,19
3,right,2207.525230769231,1789025631966,-1.139024257659912,8.647970199584961,4.857603549957275,15.539999961853027,-1.8200000524520876,3.430000066757202,1.3565765361359392,ascending,19
3,right,2207.534846153846,1789025631966,-1.2227760553359983,8.446965217590332,4.517810344696045,15.539999961853027,-1.8200000524520876,3.430000066757202,1.3544359090969176,ascending,19
3,right,2207.5444615384613,1789025631966,-1.2132043838500977,8.322534561157227,4.568061351776123,15.539999961853027,-1.8200000524520876,3.430000066757202,1.3514844219581508,ascending,19
3,right,2207.554076923077,1789025631966,-1.2060257196426392,8.147851943969727,4.338342189788818,15.539999961853027,-1.8200000524520876,3.430000066757202,1.3460100821870038,ascending,19
3,right,2207.563692307692,1789025631966,-1.179703712463379,7.858310222625732,4.513024806976318,15.539999961853027,-1.8200000524520876,3.430000066757202,1.3388851042561623,ascending,19
3,right,2207.5733076923075,1789025631966,-1.148595929145813,7.681234836578369,4.146909713745117,15.539999961853027,-1.8200000524520876,3.430000066757202,1.3285748291383481,ascending,19
3,right,2207.581,1789025632041,-1.1055235862731934,7.501766681671143,4.161267280578613,10.220000267028809,-3.289999961853028,3.569999933242798,1.3191417828634981,ascending,19
3,right,2207.5906153846154,1789025632041,-1.0887731313705444,7.370156764984131,3.828652858734131,10.220000267028809,-3.289999961853028,3.569999933242798,1.3047255611127064,ascending,19
3,right,2207.600230769231,1789025632041,-1.0528795719146729,7.147616386413574,3.905225992202759,10.220000267028809,-3.289999961853028,3.569999933242798,1.2887540201057144,ascending,19
3,right,2207.6098461538463,1789025632041,-1.019378900527954,7.0830078125,3.694650173187256,10.220000267028809,-3.289999961853028,3.569999933242798,1.271265035092462,ascending,19
3,right,2207.6194615384616,1789025632041,-0.98109233379364,6.949005126953125,3.80233097076416,10.220000267028809,-3.289999961853028,3.569999933242798,1.2530990802074837,ascending,19
3,right,2207.6290769230773,1789025632041,-1.0169858932495115,6.932254791259766,3.6372203826904297,10.220000267028809,-3.289999961853028,3.569999933242798,1.234099050304537,ascending,19
3,right,2207.6386923076925,1789025632041,-0.9930568337440492,6.788680076599121,3.677899837493897,10.220000267028809,-3.289999961853028,3.569999933242798,1.2140529580047286,ascending,19
3,right,2207.648307692308,1789025632041,-0.9308412671089172,6.647498607635498,3.598933696746826,10.220000267028809,-3.289999961853028,3.569999933242798,1.1924068955887108,ascending,19
3,right,2207.657,1789025632117,-0.95477032661438,6.477602005004883,3.625255823135376,-0.8400000333786011,-4.409999847412109,2.5899999141693115,1.1716799424836233,ascending,19
3,right,2207.6666153846154,1789025632117,-0.8853759765625,6.357956886291504,3.5295393466949463,-0.8400000333786011,-4.409999847412109,2.5899999141693115,1.1472546402582116,ascending,19
3,right,2207.676230769231,1789025632117,-0.9451987147331238,6.267026424407959,3.5151820182800293,-0.8400000333786011,-4.409999847412109,2.5899999141693115,1.1220746942383777,ascending,19
3,right,2207.6858461538463,1789025632117,-0.9571632146835328,6.15455961227417,3.2854628562927246,-0.8400000333786011,-4.409999847412109,2.5899999141693115,1.0949420644888963,ascending,19
3,right,2207.6954615384616,1789025632117,-0.8973405361175537,5.917661666870117,3.218461275100708,-0.8400000333786011,-4.409999847412109,2.5899999141693115,1.0654599324507004,ascending,19
3,right,2207.7050769230773,1789025632117,-0.904519259929657,5.795623302459717,2.9839563369750977,-0.8400000333786011,-4.409999847412109,2.5899999141693115,1.0339158043568752,ascending,19
3,right,2207.7146923076925,1789025632117,-0.8638398051261902,5.597012042999268,2.823631525039673,-0.8400000333786011,-4.409999847412109,2.5899999141693115,0.9999478363082164,ascending,19
3,right,2207.724307692308,1789025632117,-0.8973405361175537,5.446259021759033,2.909776210784912,-0.8400000333786011,-4.409999847412109,2.5899999141693115,0.9651458331250855,ascending,19
3,right,2207.733,1789025632190,-0.8805902004241943,5.352935314178467,2.6585209369659424,12.670000076293944,-4.550000190734863,3.849999904632568,0.9319509844859507,ascending,19
3,right,2207.7426153846154,1789025632190,-0.8159816861152649,5.204575061798096,2.5245180130004883,12.670000076293944,-4.550000190734863,3.849999904632568,0.8933320424428551,ascending,19
3,right,2207.752230769231,1789025632190,-0.7394086122512817,5.101680278778076,2.395301103591919,12.670000076293944,-4.550000190734863,3.849999904632568,0.8532113654123578,ascending,19
3,right,2207.7618461538464,1789025632190,-0.667621374130249,4.871960639953613,2.5197322368621826,12.670000076293944,-4.550000190734863,3.849999904632568,0.8116475393135453,ascending,19
3,right,2207.7714615384616,1789025632190,-0.6030128598213196,4.680528163909912,2.395301103591919,12.670000076293944,-4.550000190734863,3.849999904632568,0.7678667867776032,ascending,19
3,right,2207.7810769230773,1789025632190,-0.5527617931365967,4.4938812255859375,2.3498356342315674,12.670000076293944,-4.550000190734863,3.849999904632568,0.7222733692568576,ascending,19
3,right,2207.790692307693,1789025632190,-0.521653950214386,4.376628875732422,2.17036771774292,12.670000076293944,-4.550000190734863,3.849999904632568,0.6748883248316033,ascending,19
3,right,2207.800307692308,1789025632190,-0.4642241597175598,4.199553489685059,2.1655819416046143,12.670000076293944,-4.550000190734863,3.849999904632568,0.6259441446913376,ascending,19
3,right,2207.809,1789025632265,-0.4044014811515808,4.1205878257751465,2.053115129470825,7.559999942779541,-5.670000076293945,3.990000009536743,0.5806157312159036,ascending,19
3,right,2207.8186153846154,1789025632265,-0.3661149442195892,4.051193237304688,2.0076498985290527,7.559999942779541,-5.670000076293945,3.990000009536743,0.5296738649645637,ascending,19
3,right,2207.828230769231,1789025632265,-0.3278284072875976,4.017692565917969,1.8640754222869875,7.559999942779541,-5.670000076293945,3.990000009536743,0.47781428055919617,ascending,19
3,right,2207.8378461538464,1789025632265,-0.3134709596633911,3.960262775421143,1.8927903175354004,7.559999942779541,-5.670000076293945,3.990000009536743,0.42560319177530337,ascending,19
3,right,2207.8474615384616,1789025632265,-0.3062922358512878,3.948298454284668,1.7755378484725952,7.559999942779541,-5.670000076293945,3.990000009536743,0.3728049810046683,ascending,19
3,right,2207.8570769230773,1789025632265,-0.2703986167907715,3.8980472087860103,1.86646831035614,7.559999942779541,-5.670000076293945,3.990000009536743,0.319964744209917,ascending,19
3,right,2207.8666923076926,1789025632265,-0.2464695274829864,3.878904104232788,1.84014630317688,7.559999942779541,-5.670000076293945,3.990000009536743,0.26685407975128267,ascending,19
3,right,2207.876307692308,1789025632265,-0.284756064414978,3.8477962017059326,1.9238981008529663,7.559999942779541,-5.670000076293945,3.990000009536743,0.21389789865312012,ascending,19
3,right,2207.884,1789025632341,-0.2680056989192962,3.91479754447937,1.9191123247146609,-9.380000114440918,-6.929999828338623,2.870000123977661,0.17198013642818352,ascending,19
3,right,2207.8936153846157,1789025632341,-0.3038993179798126,3.955476999282837,1.9597917795181277,-9.380000114440918,-6.929999828338623,2.870000123977661,0.12016273652184797,ascending,19
3,right,2207.903230769231,1789025632341,-0.2943277060985565,4.096658706665039,2.0124356746673584,-9.380000114440918,-6.929999828338623,2.870000123977661,0.06979566123751935,ascending,19
3,right,2207.912846153846,1789025632341,-0.3445787727832794,4.247411727905273,2.057900905609131,-9.380000114440918,-6.929999828338623,2.870000123977661,0.020979383913003552,ascending,19
3,right,2207.922461538461,1789025632341,-0.3996156454086303,4.309627532958984,2.0842230319976807,-9.380000114440918,-6.929999828338623,2.870000123977661,-0.02712282785143873,resting,
3,right,2207.932076923077,1789025632341,-0.4570454359054565,4.508238792419434,2.2110471725463867,-9.380000114440918,-6.929999828338623,2.870000123977661,-0.07290947321994082,resting,
3,right,2207.9416923076924,1789025632341,-0.5336185097694397,4.654206275939941,2.3354783058166504,-9.380000114440918,-6.929999828338623,2.870000123977661,-0.11682477550513648,resting,
3,right,2207.951307692308,1789025632341,-0.5455830693244934,4.857603549957275,2.424015998840332,-9.380000114440918,-6.929999828338623,2.870000123977661,-0.15859129475225126,resting,
3,right,2207.961,1789025632430,-0.5790837407112122,4.82649564743042,2.5699832439422607,-14.90999984741211,-7.070000171661377,1.399999976158142,-0.2002634635476529,resting,
3,right,2207.970615384615,1789025632430,-0.6604426503181458,4.871960639953613,2.754237174987793,-14.90999984741211,-7.070000171661377,1.399999976158142,-0.24031580589870824,descending,
3,right,2207.9802307692307,1789025632430,-0.7035149931907654,5.020321369171143,2.840381860733032,-14.90999984741211,-7.070000171661377,1.399999976158142,-0.278670109115668,descending,
3,right,2207.989846153846,1789025632430,-0.727444052696228,5.156716823577881,2.9480626583099365,-14.90999984741211,-7.070000171661377,1.399999976158142,-0.3153473951514883,descending,
3,right,2207.999461538461,1789025632430,-0.758551836013794,5.305077075958252,3.103601694107056,-14.90999984741211,-7.070000171661377,1.399999976158142,-0.3500251008436802,descending,
3,right,2208.009076923077,1789025632430,-0.6939433217048645,5.4773664474487305,3.2567479610443115,-14.90999984741211,-7.070000171661377,1.399999976158142,-0.38258405502068904,descending,
3,right,2208.018692307692,1789025632430,-0.7202653288841248,5.5467610359191895,3.232818841934204,-14.90999984741211,-7.070000171661377,1.399999976158142,-0.41462574150204395,descending,
3,right,2208.0283076923074,1789025632430,-0.7106937170028687,5.733407974243164,3.316570520401001,-14.90999984741211,-7.070000171661377,1.399999976158142,-0.44470140249906137,descending,
3,right,2208.037,1789025632491,-0.6819788217544556,5.819552421569824,3.433823108673096,-16.8700008392334,-7.28000020980835,-0.2100000083446502,-0.4707525953850798,descending,
3,right,2208.046615384615,1789025632491,-0.6939433217048645,5.999020576477051,3.441001892089844,-16.8700008392334,-7.28000020980835,-0.2100000083446502,-0.497999579278284,descending,
3,right,2208.0562307692308,1789025632491,-0.6532639265060425,6.1019158363342285,3.5941479206085205,-16.8700008392334,-7.28000020980835,-0.2100000083446502,-0.5236846190502485,descending,
3,right,2208.065846153846,1789025632491,-0.667621374130249,6.338813304901123,3.5750045776367188,-16.8700008392334,-7.28000020980835,-0.2100000083446502,-0.5474514352864285,descending,
3,right,2208.075461538461,1789025632491,-0.6652284264564514,6.384278774261475,3.673113822937012,-16.8700008392334,-7.28000020980835,-0.2100000083446502,-0.5703657251805684,descending,
3,right,2208.085076923077,1789025632491,-0.6030128598213196,6.561354160308838,3.701828718185425,-16.8700008392334,-7.28000020980835,-0.2100000083446502,-0.5917064760789427,descending,
3,right,2208.094692307692,1789025632491,-0.6436922550201416,6.623569488525391,3.809509754180908,-16.8700008392334,-7.28000020980835,-0.2100000083446502,-0.6119765573585736,descending,
3,right,2208.1043076923074,1789025632491,-0.6412993669509888,6.846109867095947,3.9817991256713863,-16.8700008392334,-7.28000020980835,-0.2100000083446502,-0.629566967036877,descending,
3,right,2208.113,1789025632583,-0.6580497026443481,6.905932903289795,4.058372020721436,-15.539999961853027,-7.28000020980835,-1.2599999904632568,-0.6446682211876438,descending,
3,right,2208.122615384615,1789025632583,-0.6652284264564514,7.138044834136963,4.113409042358398,-15.539999961853027,-7.28000020980835,-1.2599999904632568,-0.6591751527549395,descending,
3,right,2208.132230769231,1789025632583,-0.6628355383872986,7.097365379333496,4.314413070678711,-15.539999961853027,-7.28000020980835,-1.2599999904632568,-0.6730333633892037,descending,
3,right,2208.141846153846,1789025632583,-0.6891575455665588,7.322298526763916,4.290484428405762,-15.539999961853027,-7.28000020980835,-1.2599999904632568,-0.6851288389492698,descending,
3,right,2208.1514615384613,1789025632583,-0.7059078812599182,7.449122905731201,4.568061351776123,-15.539999961853027,-7.28000020980835,-1.2599999904632568,-0.6947981008744594,descending,
3,right,2208.161076923077,1789025632583,-0.7059078812599182,7.645341396331787,4.510631561279297,-15.539999961853027,-7.28000020980835,-1.2599999904632568,-0.7031350824027554,descending,
3,right,2208.170692307692,1789025632583,-0.7441943883895874,7.733879089355469,4.611134052276611,-15.539999961853027,-7.28000020980835,-1.2599999904632568,-0.7102162171275677,descending,
3,right,2208.1803076923075,1789025632583,-0.7609447836875916,7.906168460845947,4.524989128112793,-15.539999961853027,-7.28000020980835,-1.2599999904632568,-0.7162978544224273,descending,
3,right,2208.188,1789025632657,-0.7705163955688477,7.9707770347595215,4.666170597076416,2.380000114440918,-6.929999828338623,-0.9100000262260436,-0.7201697638617768,descending,
3,right,2208.197615384616,1789025632657,-0.8016242384910583,8.162209510803223,4.635063171386719,2.380000114440918,-6.929999828338623,-0.9100000262260436,-0.7235637949381595,descending,
3,right,2208.207230769231,1789025632657,-0.8040171265602112,8.327320098876953,4.654206275939941,2.380000114440918,-6.929999828338623,-0.9100000262260436,-0.7254993890715788,descending,
3,right,2208.2168461538463,1789025632657,-0.7776951193809509,8.456537246704102,4.639848709106445,2.380000114440918,-6.929999828338623,-0.9100000262260436,-0.7264565712113876,descending,
3,right,2208.226461538461,1789025632657,-0.8351249098777771,8.573789596557617,4.718814849853516,2.380000114440918,-6.929999828338623,-0.9100000262260436,-0.7260122368334556,descending,
3,right,2208.236076923077,1789025632657,-0.7920525670051575,8.693434715270996,4.642241477966309,2.380000114440918,-6.929999828338623,-0.9100000262260436,-0.724982298991839,descending,
3,right,2208.2456923076925,1789025632657,-0.7920525670051575,8.760436058044434,4.670956611633301,2.380000114440918,-6.929999828338623,-0.9100000262260436,-0.7232529143086749,descending,
3,right,2208.255307692308,1789025632657,-0.7202653288841248,8.789151191711426,4.625491142272949,2.380000114440918,-6.929999828338623,-0.9100000262260436,-0.7215535289257201,descending,
3,right,2208.264,1789025632739,-0.7441943883895874,8.860939025878906,4.694885730743408,8.890000343322754,-6.369999885559082,-0.1400000005960464,-0.7191516617120465,descending,
3,right,2208.273615384616,1789025632739,-0.7418015003204346,9.054763793945312,4.656599044799805,8.890000343322754,-6.369999885559082,-0.1400000005960464,-0.7150636991614047,descending,
3,right,2208.283230769231,1789025632739,-0.7035149931907654,9.083478927612305,4.771458625793457,8.890000343322754,-6.369999885559082,-0.1400000005960464,-0.7102034126520144,descending,
3,right,2208.2928461538463,1789025632739,-0.7035149931907654,9.176802635192873,4.680528163909912,8.890000343322754,-6.369999885559082,-0.1400000005960464,-0.7049908236603605,descending,
3,right,2208.3024615384616,1789025632739,-0.7298369407653809,9.27969741821289,4.6757426261901855,8.890000343322754,-6.369999885559082,-0.1400000005960464,-0.6989137877505104,descending,
3,right,2208.3120769230773,1789025632739,-0.7035149931907654,9.32277011871338,4.642241477966309,8.890000343322754,-6.369999885559082,-0.1400000005960464,-0.6926422236521054,descending,
3,right,2208.3216923076925,1789025632739,-0.7824809551239014,9.394556999206545,4.694885730743408,8.890000343322754,-6.369999885559082,-0.1400000005960464,-0.6854571039901076,descending,
3,right,2208.331307692308,1789025632739,-0.806410014629364,9.55009651184082,4.5991692543029785,8.890000343322754,-6.369999885559082,-0.1400000005960464,-0.6773893875802774,descending,
3,right,2208.341,1789025632805,-0.7705163955688477,9.629061698913574,4.692492961883545,11.6899995803833,-5.949999809265137,0.8400000333786011,-0.6681621671204967,descending,
3,right,2208.350615384615,1789025632805,-0.806410014629364,9.674527168273926,4.596776485443115,11.6899995803833,-5.949999809265137,0.8400000333786011,-0.6590299052225042,descending,
3,right,2208.360230769231,1789025632805,-0.7920525670051575,9.74870777130127,4.699671268463135,11.6899995803833,-5.949999809265137,0.8400000333786011,-0.648796652292349,descending,
3,right,2208.369846153846,1789025632805,-0.8614469170570374,9.832459449768066,4.771458625793457,11.6899995803833,-5.949999809265137,0.8400000333786011,-0.6374720858007348,descending,
3,right,2208.3794615384613,1789025632805,-0.8183745741844177,9.8085298538208,4.606348037719727,11.6899995803833,-5.949999809265137,0.8400000333786011,-0.6271167493652047,descending,
3,right,2208.389076923077,1789025632805,-0.8375178575515747,9.727170944213867,4.613526821136475,11.6899995803833,-5.949999809265137,0.8400000333786011,-0.6173931158053798,descending,
3,right,2208.3986923076923,1789025632805,-0.844696581363678,9.617097854614258,4.627884387969971,11.6899995803833,-5.949999809265137,0.8400000333786011,-0.6085244505083803,descending,
3,right,2208.4083076923075,1789025632805,-0.8805902004241943,9.576417922973633,4.551311016082764,11.6899995803833,-5.949999809265137,0.8400000333786011,-0.6003104329987736,descending,
3,right,2208.417,1789025632880,-0.844696581363678,9.514202117919922,4.52259635925293,10.640000343322754,-6.019999980926514,1.8899999856948853,-0.5934938018023744,descending,
3,right,2208.426615384615,1789025632880,-0.8279461860656738,9.361056327819824,4.402950763702393,10.640000343322754,-6.019999980926514,1.8899999856948853,-0.5877883797884954,descending,
3,right,2208.436230769231,1789025632880,-0.746587336063385,9.32277011871338,4.3957719802856445,10.640000343322754,-6.019999980926514,1.8899999856948853,-0.5824867170241139,descending,
3,right,2208.445846153846,1789025632880,-0.727444052696228,9.363449096679688,4.386200428009033,10.640000343322754,-6.019999980926514,1.8899999856948853,-0.5768843453243403,descending,
3,right,2208.4554615384613,1789025632880,-0.7441943883895874,9.294054985046388,4.364664554595947,10.640000343322754,-6.019999980926514,1.8899999856948853,-0.5719522693103608,descending,
3,right,2208.465076923077,1789025632880,-0.758551836013794,9.28926944732666,4.38380765914917,10.640000343322754,-6.019999980926514,1.8899999856948853,-0.5669649798080566,descending,
3,right,2208.4746923076923,1789025632880,-0.806410014629364,9.284482955932615,4.374236106872559,10.640000343322754,-6.019999980926514,1.8899999856948853,-0.5620254595160723,descending,
3,right,2208.4843076923075,1789025632880,-0.8207674622535706,9.39216423034668,4.46995210647583,10.640000343322754,-6.019999980926514,1.8899999856948853,-0.5557420954712514,descending,
3,right,2208.492,1789025632957,-0.806410014629364,9.416092872619627,4.455595016479492,11.899999618530272,-5.53000020980835,1.9600000381469729,-0.5506055725734478,descending,
3,right,2208.5016153846154,1789025632957,-0.7322298884391785,9.430450439453123,4.405344009399414,11.899999618530272,-5.53000020980835,1.9600000381469729,-0.544318059148421,descending,
3,right,2208.511230769231,1789025632957,-0.7609447836875916,9.650598526000977,4.457987785339356,11.899999618530272,-5.53000020980835,1.9600000381469729,-0.5358896788932181,descending,
3,right,2208.5208461538464,1789025632957,-0.7130866050720215,9.746315002441406,4.414915561676025,11.899999618530272,-5.53000020980835,1.9600000381469729,-0.5268397640801878,descending,
3,right,2208.5304615384616,1789025632957,-0.6771929860115051,9.846817016601562,4.4268798828125,11.899999618530272,-5.53000020980835,1.9600000381469729,-0.516889878668663,descending,
3,right,2208.5400769230773,1789025632957,-0.6771929860115051,9.906639099121094,4.450809001922607,11.899999618530272,-5.53000020980835,1.9600000381469729,-0.5063219187243317,descending,
3,right,2208.549692307693,1789025632957,-0.6125844717025757,9.985605239868164,4.484309673309326,11.899999618530272,-5.53000020980835,1.9600000381469729,-0.49497056736974526,descending,
3,right,2208.559307692308,1789025632957,-0.6101915836334229,10.054999351501465,4.455595016479492,11.899999618530272,-5.53000020980835,1.9600000381469729,-0.48313184179970164,descending,
3,right,2208.568,1789025633032,-0.6748000979423523,10.12200164794922,4.5632758140563965,1.5399999618530271,-6.019999980926514,1.8200000524520876,-0.4714813597271772,descending,
3,right,2208.5776153846155,1789025633032,-0.6412993669509888,10.27036190032959,4.647027492523193,1.5399999618530271,-6.019999980926514,1.8200000524520876,-0.45698968575954624,descending,
3,right,2208.587230769231,1789025633032,-0.6436922550201416,10.464186668395996,4.915033340454102,1.5399999618530271,-6.019999980926514,1.8200000524520876,-0.43974327770702204,descending,
3,right,2208.5968461538464,1789025633032,-0.667621374130249,10.638869285583496,4.984427452087402,1.5399999618530271,-6.019999980926514,1.8200000524520876,-0.42068959022920804,descending,
3,right,2208.6064615384616,1789025633032,-0.6843717098236084,10.825515747070312,5.084929466247559,1.5399999618530271,-6.019999980926514,1.8200000524520876,-0.3996049071223403,descending,
3,right,2208.6160769230773,1789025633032,-0.6724071502685547,11.06002140045166,5.297898292541504,1.5399999618530271,-6.019999980926514,1.8200000524520876,-0.37563611903530597,descending,
3,right,2208.6256923076926,1789025633032,-0.708300769329071,11.586461067199709,5.5539398193359375,1.5399999618530271,-6.019999980926514,1.8200000524520876,-0.3460437675399313,descending,
3,right,2208.635307692308,1789025633032,-0.6580497026443481,11.97889804840088,5.608976364135742,1.5399999618530271,-6.019999980926514,1.8200000524520876,-0.3128508965205,descending,
3,right,2208.644,1789025633123,-0.648478090763092,12.42876434326172,5.661620616912842,7.210000038146973,-5.179999828338623,1.1200000047683716,-0.2791256184592702,descending,
3,right,2208.653615384615,1789025633123,-0.6604426503181458,12.904953002929688,5.671192169189453,7.210000038146973,-5.179999828338623,1.1200000047683716,-0.23763722318268782,descending,
3,right,2208.6632307692307,1789025633123,-0.6867645978927612,13.361998558044434,5.735800743103027,7.210000038146973,-5.179999828338623,1.1200000047683716,-0.1919053324354532,descending,
3,right,2208.672846153846,1789025633123,-0.7202653288841248,13.687434196472168,5.57308292388916,7.210000038146973,-5.179999828338623,1.1200000047683716,-0.1439798266212229,descending,
3,right,2208.682461538461,1789025633123,-0.7178724408149719,13.96740436553955,5.640084266662598,7.210000038146973,-5.179999828338623,1.1200000047683716,-0.09335902978834162,descending,
3,right,2208.692076923077,1789025633123,-0.6891575455665588,14.23780345916748,5.71187162399292,7.210000038146973,-5.179999828338623,1.1200000047683716,-0.04012063020343036,descending,
3,right,2208.701692307692,1789025633123,-0.708300769329071,14.563239097595217,5.769301414489746,7.210000038146973,-5.179999828338623,1.1200000047683716,0.016183218009115388,resting,
3,right,2208.7113076923074,1789025633123,-0.7705163955688477,14.840815544128418,5.71187162399292,7.210000038146973,-5.179999828338623,1.1200000047683716,0.0747018034640475,resting,
3,right,2208.72,1789025633182,-0.7944455146789551,14.94131851196289,5.6592278480529785,17.989999771118164,-4.269999980926514,1.680000066757202,0.12822006685078918,resting,
3,right,2208.729615384615,1789025633182,-0.8327320218086243,15.06096363067627,5.599404811859131,17.989999771118164,-4.269999980926514,1.680000066757202,0.18825436871130383,resting,
3,right,2208.7392307692307,1789025633182,-0.8997334241867065,15.197359085083008,5.532403469085693,17.989999771118164,-4.269999980926514,1.680000066757202,0.24925783462476916,resting,
3,right,2208.748846153846,1789025633182,-0.9284483194351196,15.247610092163086,5.317041873931885,17.989999771118164,-4.269999980926514,1.680000066757202,0.3098898608295161,ascending,20
3,right,2208.758461538461,1789025633182,-0.9595561623573304,15.206931114196776,5.039464473724365,17.989999771118164,-4.269999980926514,1.680000066757202,0.3691241581684992,ascending,20
3,right,2208.768076923077,1789025633182,-1.0002355575561523,15.132750511169434,4.790602207183838,17.989999771118164,-4.269999980926514,1.680000066757202,0.42679064177896453,ascending,20
3,right,2208.777692307692,1789025633182,-0.9739136099815368,14.924568176269531,4.673349380493164,17.989999771118164,-4.269999980926514,1.680000066757202,0.48218077844296464,ascending,20
3,right,2208.7873076923074,1789025633182,-0.9954497814178468,14.950889587402344,4.587204933166504,17.989999771118164,-4.269999980926514,1.680000066757202,0.5375073449049972,ascending,20
3,right,2208.796,1789025633291,-0.9882710576057434,14.637418746948242,4.496274471282959,5.880000114440918,-4.96999979019165,1.75,0.5846945142583926,ascending,20
3,right,2208.805615384615,1789025633291,-0.952377438545227,14.166015625,4.560883045196533,5.880000114440918,-4.96999979019165,1.75,0.6329311547308861,ascending,20
3,right,2208.8152307692308,1789025633291,-0.9116979837417604,13.64675521850586,4.788208961486816,5.880000114440918,-4.96999979019165,1.75,0.6773810289134097,ascending,20
3,right,2208.824846153846,1789025633291,-0.8901618123054504,13.223210334777832,4.958105564117432,5.880000114440918,-4.96999979019165,1.75,0.7186821449655949,ascending,20
3,right,2208.8344615384613,1789025633291,-0.8590540289878845,12.76855754852295,5.116037368774414,5.880000114440918,-4.96999979019165,1.75,0.7565062277268411,ascending,20
3,right,2208.844076923077,1789025633291,-0.8207674622535706,12.347405433654783,5.233290195465088,5.880000114440918,-4.96999979019165,1.75,0.7909935052865786,ascending,20
3,right,2208.853692307692,1789025633291,-0.7561589479446411,11.816180229187012,5.331399440765381,5.880000114440918,-4.96999979019165,1.75,0.8210833753497313,ascending,20
3,right,2208.8633076923074,1789025633291,-0.679585874080658,11.342384338378906,5.510867118835449,5.880000114440918,-4.96999979019165,1.75,0.8475866694850466,ascending,20
3,right,2208.872,1789025633333,-0.6771929860115051,10.949947357177734,5.510867118835449,-36.33000183105469,-6.440000057220459,0.0,0.8684376045784745,ascending,20
3,right,2208.881615384615,1789025633333,-0.5671192407608032,10.717835426330566,5.5539398193359375,-36.33000183105469,-6.440000057220459,0.0,0.8896212189099175,ascending,20
3,right,2208.891230769231,1789025633333,-0.5025107264518738,10.543152809143066,5.644870281219482,-36.33000183105469,-6.440000057220459,0.0,0.9096447441961276,ascending,20
3,right,2208.900846153846,1789025633333,-0.5384043455123901,10.492901802062988,5.453437328338623,-36.33000183105469,-6.440000057220459,0.0,0.9285416537713549,ascending,20
3,right,2208.9104615384613,1789025633333,-0.4570454359054565,9.99996280670166,5.795623302459717,-36.33000183105469,-6.440000057220459,0.0,0.9445105858827629,ascending,20
3,right,2208.920076923077,1789025633333,-0.3972227573394775,10.007142066955566,5.608976364135742,-36.33000183105469,-6.440000057220459,0.0,0.9598291236149505,ascending,20
3,right,2208.929692307692,1789025633333,-0.3158638775348663,9.964069366455078,5.857839107513428,-36.33000183105469,-6.440000057220459,0.0,0.9758239861859909,ascending,20
3,right,2208.9393076923075,1789025633333,-0.2656128108501434,10.06935691833496,5.6592278480529785,-36.33000183105469,-6.440000057220459,0.0,0.991938377861431,ascending,20
3,right,2208.948,1789025633407,-0.2656128108501434,9.894675254821776,5.795623302459717,-25.96999931335449,-5.949999809265137,-0.2800000011920929,1.0056930492353637,ascending,20
3,right,2208.957615384615,1789025633407,-0.2225404530763626,9.71520709991455,5.774087429046631,-25.96999931335449,-5.949999809265137,-0.2800000011920929,1.0192969789360373,ascending,20
3,right,2208.967230769231,1789025633407,-0.1866468340158462,9.66256332397461,5.881768226623535,-25.96999931335449,-5.949999809265137,-0.2800000011920929,1.0329441186811492,ascending,20
3,right,2208.976846153846,1789025633407,-0.1698964685201645,9.497451782226562,5.699907302856445,-25.96999931335449,-5.949999809265137,-0.2800000011920929,1.0444181954042384,ascending,20
3,right,2208.9864615384613,1789025633407,-0.1555390208959579,9.47113037109375,5.726229190826416,-25.96999931335449,-5.949999809265137,-0.2800000011920929,1.055814977736305,ascending,20
3,right,2208.996076923077,1789025633407,-0.2105759084224701,9.480701446533203,5.601798057556152,-25.96999931335449,-5.949999809265137,-0.2800000011920929,1.066784428230106,ascending,20
3,right,2209.005692307692,1789025633407,-0.1890397369861602,9.346698760986328,5.597012042999268,-25.96999931335449,-5.949999809265137,-0.2800000011920929,1.0766141506052513,ascending,20
3,right,2209.0153076923075,1789025633407,-0.208183005452156,9.29644775390625,5.482152462005615,-25.96999931335449,-5.949999809265137,-0.2800000011920929,1.0855215676559968,ascending,20
3,right,2209.024,1789025633482,-0.2105759084224701,9.162445068359377,5.484545230865479,-6.369999885559082,-4.760000228881836,1.5399999618530271,1.0925680266222177,ascending,20
3,right,2209.033615384615,1789025633482,-0.2129688262939453,9.119372367858888,5.35532808303833,-6.369999885559082,-4.760000228881836,1.5399999618530271,1.0994094100128575,ascending,20
3,right,2209.043230769231,1789025633482,-0.2201475501060485,9.03562068939209,5.506081581115723,-6.369999885559082,-4.760000228881836,1.5399999618530271,1.106254462635411,ascending,20
3,right,2209.052846153846,1789025633482,-0.1722893863916397,8.918368339538574,5.5539398193359375,-6.369999885559082,-4.760000228881836,1.5399999618530271,1.1123340746795853,ascending,20
3,right,2209.0624615384613,1789025633482,-0.2033971846103668,8.748472213745117,5.575475692749023,-6.369999885559082,-4.760000228881836,1.5399999618530271,1.1171086814745304,ascending,20
3,right,2209.072076923077,1789025633482,-0.184253916144371,8.803508758544922,5.625726699829102,-6.369999885559082,-4.760000228881836,1.5399999618530271,1.1225883823598506,ascending,20
3,right,2209.0816923076923,1789025633482,-0.2368979007005691,8.848974227905273,5.613762378692627,-6.369999885559082,-4.760000228881836,1.5399999618530271,1.1284157743256031,ascending,20
3,right,2209.0913076923075,1789025633482,-0.2225404530763626,8.927940368652344,5.4869384765625,-6.369999885559082,-4.760000228881836,1.5399999618530271,1.134305144716153,ascending,20
3,right,2209.099,1789025633556,-0.1890397369861602,8.858545303344727,5.4558305740356445,7.630000114440918,-3.7100000381469727,1.75,1.1384273875339093,ascending,20
3,right,2209.1086153846154,1789025633556,-0.2105759084224701,8.94229793548584,5.405579566955566,7.630000114440918,-3.7100000381469727,1.75,1.1440431078971072,ascending,20
3,right,2209.118230769231,1789025633556,-0.2153617292642593,8.973404884338379,5.331399440765381,7.630000114440918,-3.7100000381469727,1.75,1.1495640649820336,ascending,20
3,right,2209.1278461538463,1789025633556,-0.2512553632259369,9.026049613952637,5.178253173828125,7.630000114440918,-3.7100000381469727,1.75,1.1548000518139636,ascending,20
3,right,2209.1374615384616,1789025633556,-0.2680056989192962,9.033227920532228,5.250040531158447,7.630000114440918,-3.7100000381469727,1.75,1.1604389987411057,ascending,20
3,right,2209.1470769230773,1789025633556,-0.308685153722763,8.987762451171875,5.159110069274902,7.630000114440918,-3.7100000381469727,1.75,1.1652721760844884,ascending,20
3,right,2209.1566923076925,1789025633556,-0.3493645787239074,8.889653205871582,5.101680278778076,7.630000114440918,-3.7100000381469727,1.75,1.1690210672380634,ascending,20
3,right,2209.166307692308,1789025633556,-0.44268798828125,8.760436058044434,4.977248668670654,7.630000114440918,-3.7100000381469727,1.75,1.1711227396697594,ascending,20
3,right,2209.175,1789025633646,-0.4714028835296631,8.652755737304688,4.879139423370361,17.920000076293945,-2.309999942779541,2.450000047683716,1.1717969208361554,ascending,20
3,right,2209.1846153846154,1789025633646,-0.5312256217002869,8.616862297058105,4.812138080596924,17.920000076293945,-2.309999942779541,2.450000047683716,1.1719457138504719,ascending,20
3,right,2209.194230769231,1789025633646,-0.5814766883850098,8.573789596557617,4.737957954406738,17.920000076293945,-2.309999942779541,2.450000047683716,1.1714042358537466,ascending,20
3,right,2209.2038461538464,1789025633646,-0.6054057478904724,8.475680351257324,4.632669925689697,17.920000076293945,-2.309999942779541,2.450000047683716,1.1695604842340224,ascending,20
3,right,2209.2134615384616,1789025633646,-0.6221560835838318,8.300997734069824,4.491488456726074,17.920000076293945,-2.309999942779541,2.450000047683716,1.1656044051085224,ascending,20
3,right,2209.2230769230773,1789025633646,-0.6173703074455261,8.198102951049805,4.4867024421691895,17.920000076293945,-2.309999942779541,2.450000047683716,1.160762496051559,ascending,20
3,right,2209.232692307693,1789025633646,-0.6293348073959351,8.183745384216309,4.520203590393066,17.920000076293945,-2.309999942779541,2.450000047683716,1.1559605953131074,ascending,20
3,right,2209.242307692308,1789025633646,-0.6389064788818359,8.162209510803223,4.484309673309326,17.920000076293945,-2.309999942779541,2.450000047683716,1.1508202138331083,ascending,20
3,right,2209.252,1789025633708,-0.6365135312080383,8.116744041442871,4.560883045196533,20.229999542236328,-1.190000057220459,2.5199999809265137,1.145600274024707,ascending,20
3,right,2209.261615384615,1789025633708,-0.6149773597717285,8.12631607055664,4.481916904449463,20.229999542236328,-1.190000057220459,2.5199999809265137,1.1401402948777488,ascending,20
3,right,2209.271230769231,1789025633708,-0.4785816073417663,8.109565734863281,4.362271308898926,20.229999542236328,-1.190000057220459,2.5199999809265137,1.1339517749081311,ascending,20
3,right,2209.280846153846,1789025633708,-0.4881532490253448,7.946847915649414,4.118195056915283,20.229999542236328,-1.190000057220459,2.5199999809265137,1.1252989135201086,ascending,20
3,right,2209.2904615384614,1789025633708,-0.4044014811515808,7.805665969848633,3.831045866012573,20.229999542236328,-1.190000057220459,2.5199999809265137,1.1141497856940556,ascending,20
3,right,2209.300076923077,1789025633708,-0.3038993179798126,7.662091732025146,3.5438969135284424,20.229999542236328,-1.190000057220459,2.5199999809265137,1.1004946864540794,ascending,20
3,right,2209.3096923076923,1789025633708,-0.3062922358512878,7.516124248504639,3.302213191986084,20.229999542236328,-1.190000057220459,2.5199999809265137,1.0845665394231119,ascending,20
3,right,2209.319307692308,1789025633708,-0.308685153722763,7.197867393493652,3.338106870651245,20.229999542236328,-1.190000057220459,2.5199999809265137,1.0660811775283352,ascending,20
3,right,2209.327,1789025633842,-0.3182567656040191,7.185903072357178,2.840381860733032,32.619998931884766,-0.7699999809265137,4.480000019073486,1.0495459790078336,ascending,20
3,right,2209.3366153846155,1789025633842,-0.3062922358512878,6.819787979125977,3.08206558227539,32.619998931884766,-0.7699999809265137,4.480000019073486,1.0267577967720392,ascending,20
3,right,2209.346230769231,1789025633842,-0.4235447347164154,6.64031982421875,2.8690967559814453,32.619998931884766,-0.7699999809265137,4.480000019073486,1.0016014238277366,ascending,20
3,right,2209.3558461538464,1789025633842,-0.5025107264518738,6.3699212074279785,2.9839563369750977,32.619998931884766,-0.7699999809265137,4.480000019073486,0.974612007734363,ascending,20
3,right,2209.3654615384617,1789025633842,-0.5144752264022827,6.312491416931152,2.9193477630615234,32.619998931884766,-0.7699999809265137,4.480000019073486,0.9468807978786953,ascending,20
3,right,2209.3750769230774,1789025633842,-0.5288326740264893,6.221560955047607,3.1729960441589355,32.619998931884766,-0.7699999809265137,4.480000019073486,0.9193784485175366,ascending,20
3,right,2209.3846923076926,1789025633842,-0.5742979645729065,6.195239067077637,3.062922477722168,32.619998931884766,-0.7699999809265137,4.480000019073486,0.8912314666236342,ascending,20
3,right,2209.394307692308,1789025633842,-0.5814766883850098,6.001413345336914,3.0318145751953125,32.619998931884766,-0.7699999809265137,4.480000019073486,0.8612606674904263,ascending,20
3,right,2209.403,1789025633870,-0.5814766883850098,5.979877471923828,2.945669889450073,20.57999992370605,-0.0700000002980232,3.430000066757202,0.8336965476869,ascending,20
3,right,2209.412615384615,1789025633870,-0.569512128829956,5.922447681427002,2.768594741821289,20.57999992370605,-0.0700000002980232,3.430000066757202,0.8020207612918179,ascending,20
3,right,2209.4222307692307,1789025633870,-0.540797233581543,5.960733890533447,2.6944146156311035,20.57999992370605,-0.0700000002980232,3.430000066757202,0.7703979614442972,ascending,20
3,right,2209.431846153846,1789025633870,-0.4857603311538696,6.003806591033936,2.6034839153289795,20.57999992370605,-0.0700000002980232,3.430000066757202,0.7388027441794123,ascending,20
3,right,2209.441461538461,1789025633870,-0.4522596299648285,5.910482883453369,2.452730894088745,20.57999992370605,-0.0700000002980232,3.430000066757202,0.7058192105883233,ascending,20
3,right,2209.451076923077,1789025633870,-0.4163660109043121,5.80758810043335,2.3354783058166504,20.57999992370605,-0.0700000002980232,3.430000066757202,0.6714926242115619,ascending,20
3,right,2209.460692307692,1789025633870,-0.4283305406570434,5.75494384765625,2.261298179626465,20.57999992370605,-0.0700000002980232,3.430000066757202,0.6364487889383867,ascending,20
3,right,2209.4703076923074,1789025633870,-0.3613291084766388,5.699907302856445,2.0770442485809326,20.57999992370605,-0.0700000002980232,3.430000066757202,0.6002410600543348,ascending,20
3,right,2209.479,1789025633946,-0.3278284072875976,5.647263050079346,2.057900905609131,22.88999938964844,0.8400000333786011,2.450000047683716,0.5670334019112766,ascending,20
3,right,2209.488615384615,1789025633946,-0.3421858549118042,5.709478855133057,2.0770442485809326,22.88999938964844,0.8400000333786011,2.450000047683716,0.5309520452880641,ascending,20
3,right,2209.4982307692308,1789025633946,-0.339792937040329,5.716657638549805,2.0483293533325195,22.88999938964844,0.8400000333786011,2.450000047683716,0.49485612445921595,ascending,20
3,right,2209.507846153846,1789025633946,-0.4044014811515808,5.716657638549805,1.9693633317947388,22.88999938964844,0.8400000333786011,2.450000047683716,0.4585292848106232,ascending,20
3,right,2209.517461538461,1789025633946,-0.3589362204074859,5.661620616912842,1.8999689817428589,22.88999938964844,0.8400000333786011,2.450000047683716,0.4214792776819506,ascending,20
3,right,2209.527076923077,1789025633946,-0.4163660109043121,5.654441833496094,1.8832186460494995,22.88999938964844,0.8400000333786011,2.450000047683716,0.38435336208162313,ascending,20
3,right,2209.536692307692,1789025633946,-0.3948298394680023,5.731014728546143,1.81382429599762,22.88999938964844,0.8400000333786011,2.450000047683716,0.34769874952355145,ascending,20
3,right,2209.5463076923074,1789025633946,-0.3493645787239074,5.836302757263184,1.7300724983215332,22.88999938964844,0.8400000333786011,2.450000047683716,0.3117235362523772,ascending,20
3,right,2209.555,1789025634037,-0.3038993179798126,6.085165500640869,1.7037506103515625,17.43000030517578,1.190000057220459,1.2599999904632568,0.2811586943502814,ascending,20
3,right,2209.564615384615,1789025634037,-0.3206496834754944,6.2646331787109375,1.552997350692749,17.43000030517578,1.190000057220459,1.2599999904632568,0.2485019771595566,ascending,20
3,right,2209.574230769231,1789025634037,-0.3709007501602173,6.479995250701904,1.6750357151031494,17.43000030517578,1.190000057220459,1.2599999904632568,0.21824154570872353,ascending,20
3,right,2209.583846153846,1789025634037,-0.3469716608524322,6.771929740905762,1.56256902217865,17.43000030517578,1.190000057220459,1.2599999904632568,0.1902876709032071,ascending,20
3,right,2209.5934615384613,1789025634037,-0.3852581977844238,6.834145545959473,1.739644169807434,17.43000030517578,1.190000057220459,1.2599999904632568,0.16352514233709262,ascending,20
3,right,2209.603076923077,1789025634037,-0.4307234585285187,7.061471939086914,1.8186101913452148,17.43000030517578,1.190000057220459,1.2599999904632568,0.13912830956814873,ascending,20
3,right,2209.612692307692,1789025634037,-0.4594383537769317,7.154795169830322,2.10097336769104,17.43000030517578,1.190000057220459,1.2599999904632568,0.11651016272151664,ascending,20
3,right,2209.6223076923075,1789025634037,-0.4785816073417663,7.437158584594727,2.065079689025879,17.43000030517578,1.190000057220459,1.2599999904632568,0.0963802631551708,ascending,20
3,right,2209.631,1789025634096,-0.4570454359054565,7.64773416519165,2.268476963043213,-24.63999938964844,-0.1400000005960464,-1.3300000429153442,0.08047817029568301,ascending,20
3,right,2209.640615384615,1789025634096,-0.4355092644691467,7.843952655792236,2.263690948486328,-24.63999938964844,-0.1400000005960464,-1.3300000429153442,0.0646458966337438,ascending,20
3,right,2209.650230769231,1789025634096,-0.4211518168449402,7.922918796539307,2.438373327255249,-24.63999938964844,-0.1400000005960464,-1.3300000429153442,0.05007461394574929,ascending,20
3,right,2209.659846153846,1789025634096,-0.4020085632801056,7.9994916915893555,2.3378713130950928,-24.63999938964844,-0.1400000005960464,-1.3300000429153442,0.03586814244365328,ascending,20
3,right,2209.6694615384613,1789025634096,-0.308685153722763,7.949240684509277,2.58673357963562,-24.63999938964844,-0.1400000005960464,-1.3300000429153442,0.021968359130009083,ascending,20
3,right,2209.679076923077,1789025634096,-0.2991135120391845,8.009063720703125,2.558018684387207,-24.63999938964844,-0.1400000005960464,-1.3300000429153442,0.008513252244648018,resting,
3,right,2209.688692307692,1789025634096,-0.2536482512950897,8.090422630310059,2.8284173011779785,-24.63999938964844,-0.1400000005960464,-1.3300000429153442,-0.0033416148480849934,resting,
3,right,2209.6983076923075,1789025634096,-0.3206496834754944,8.21963882446289,2.759022951126098,-24.63999938964844,-0.1400000005960464,-1.3300000429153442,-0.014232569144827038,resting,
3,right,2209.707,1789025634171,-0.3302213251590729,8.310569763183594,2.909776210784912,-28.770000457763672,-1.0499999523162842,-1.8200000524520876,-0.022883593047735382,resting,
3,right,2209.716615384615,1789025634171,-0.3493645787239074,8.545074462890625,2.9624202251434326,-28.770000457763672,-1.0499999523162842,-1.8200000524520876,-0.030160047089737935,resting,
3,right,2209.726230769231,1789025634171,-0.4331163763999939,8.50678825378418,3.2064969539642334,-28.770000457763672,-1.0499999523162842,-1.8200000524520876,-0.03692683537095417,resting,
3,right,2209.735846153846,1789025634171,-0.44268798828125,8.683863639831543,3.146674156188965,-28.770000457763672,-1.0499999523162842,-1.8200000524520876,-0.0423044636327316,resting,
3,right,2209.7454615384613,1789025634171,-0.4714028835296631,8.911190032958984,3.103601694107056,-28.770000457763672,-1.0499999523162842,-1.8200000524520876,-0.04578711118867085,resting,
3,right,2209.755076923077,1789025634171,-0.5360113978385925,9.11458683013916,2.895418882369995,-28.770000457763672,-1.0499999523162842,-1.8200000524520876,-0.04816134180903392,resting,
3,right,2209.7646923076923,1789025634171,-0.5719050168991089,9.188767433166504,2.9265265464782715,-28.770000457763672,-1.0499999523162842,-1.8200000524520876,-0.049767890956503,resting,
3,right,2209.7743076923075,1789025634171,-0.6149773597717285,9.155266761779783,2.881061315536499,-28.770000457763672,-1.0499999523162842,-1.8200000524520876,-0.051837484547927956,resting,
3,right,2209.783,1789025634247,-0.6221560835838318,9.136122703552246,2.9193477630615234,20.229999542236328,1.1200000047683716,-0.2100000083446502,-0.05371080723935251,resting,
3,right,2209.792615384615,1789025634247,-0.6604426503181458,9.157659530639648,2.8427748680114746,20.229999542236328,1.1200000047683716,-0.2100000083446502,-0.05581014560304425,resting,
3,right,2209.802230769231,1789025634247,-0.6771929860115051,8.997334480285645,2.91695499420166,20.229999542236328,1.1200000047683716,-0.2100000083446502,-0.059053328616309915,resting,
3,right,2209.811846153846,1789025634247,-0.708300769329071,8.882474899291992,2.938491106033325,20.229999542236328,1.1200000047683716,-0.2100000083446502,-0.06321656511638067,descending,
3,right,2209.8214615384613,1789025634247,-0.6987291574478149,8.643183708190918,3.110780477523804,20.229999542236328,1.1200000047683716,-0.2100000083446502,-0.06893792000874639,descending,
3,right,2209.831076923077,1789025634247,-0.7513731122016907,8.509181022644043,3.070101022720337,20.229999542236328,1.1200000047683716,-0.2100000083446502,-0.07596575806379059,descending,
3,right,2209.8406923076923,1789025634247,-0.7729093432426453,8.509181022644043,3.0653152465820312,20.229999542236328,1.1200000047683716,-0.2100000083446502,-0.08298824526661071,descending,
3,right,2209.8503076923075,1789025634247,-0.6891575455665588,8.533110618591309,2.9743847846984863,20.229999542236328,1.1200000047683716,-0.2100000083446502,-0.09012366846289152,descending,
3,right,2209.859,1789025634321,-0.7059078812599182,8.545074462890625,2.98634934425354,17.989999771118164,1.9600000381469729,-2.0999999046325684,-0.09642531132279211,descending,
3,right,2209.868615384615,1789025634321,-0.7226582169532776,8.588147163391113,2.9672060012817383,17.989999771118164,1.9600000381469729,-2.0999999046325684,-0.10304936909793772,descending,
3,right,2209.878230769231,1789025634321,-0.7394086122512817,8.731721878051758,2.9265265464782715,17.989999771118164,1.9600000381469729,-2.0999999046325684,-0.10848264206642917,descending,
3,right,2209.887846153846,1789025634321,-0.7370156645774841,8.868117332458496,2.833203077316284,17.989999771118164,1.9600000381469729,-2.0999999046325684,-0.1129608147467764,descending,
3,right,2209.8974615384614,1789025634321,-0.7633376717567444,8.896832466125488,2.857132196426392,17.989999771118164,1.9600000381469729,-2.0999999046325684,-0.11707736803939743,descending,
3,right,2209.907076923077,1789025634321,-0.8016242384910583,8.9231538772583,2.9193477630615234,17.989999771118164,1.9600000381469729,-2.0999999046325684,-0.12073228352126521,descending,
3,right,2209.9166923076923,1789025634321,-0.7537660598754883,8.93272590637207,2.9815635681152344,17.989999771118164,1.9600000381469729,-2.0999999046325684,-0.12413645263021683,descending,
3,right,2209.9263076923075,1789025634321,-0.7418015003204346,8.908797264099121,2.993528127670288,17.989999771118164,1.9600000381469729,-2.0999999046325684,-0.12772777703578003,descending,
3,right,2209.934,1789025634395,-0.7729093432426453,9.04519271850586,3.036600351333618,2.0999999046325684,2.1700000762939453,-4.130000114440918,-0.12948441057562357,descending,
3,right,2209.9436153846154,1789025634395,-0.765730619430542,9.069121360778809,2.964813232421875,2.0999999046325684,2.1700000762939453,-4.130000114440918,-0.1316784622189186,descending,
3,right,2209.953230769231,1789025634395,-0.7513731122016907,9.0978364944458,3.0389933586120605,2.0999999046325684,2.1700000762939453,-4.130000114440918,-0.13339760364280293,descending,
3,right,2209.9628461538464,1789025634395,-0.7418015003204346,9.093050956726074,3.0605294704437256,2.0999999046325684,2.1700000762939453,-4.130000114440918,-0.13510116575314166,descending,
3,right,2209.9724615384616,1789025634395,-0.7753022313117981,9.112194061279297,3.05574369430542,2.0999999046325684,2.1700000762939453,-4.130000114440918,-0.13661859290259798,descending,
3,right,2209.9820769230773,1789025634395,-0.7394086122512817,9.162445068359377,2.9887421131134038,2.0999999046325684,2.1700000762939453,-4.130000114440918,-0.13790591615470058,descending,
3,right,2209.9916923076926,1789025634395,-0.708300769329071,9.23662567138672,2.9695990085601807,2.0999999046325684,2.1700000762939453,-4.130000114440918,-0.13859702877045746,descending,
3,right,2210.001307692308,1789025634395,-0.7106937170028687,9.363449096679688,2.8978116512298584,2.0999999046325684,2.1700000762939453,-4.130000114440918,0,resting,
3,right,2210.01,1789025634471,-0.7202653288841248,9.39934253692627,3.02942156791687,7.490000247955322,1.75,-3.990000009536743,0.0008250069735000927,resting,
3,right,2210.0196153846155,1789025634471,-0.727444052696228,9.373021125793455,2.8834543228149414,7.490000247955322,1.75,-3.990000009536743,0.0010757524239698372,resting,
3,right,2210.029230769231,1789025634471,-0.6867645978927612,9.341913223266602,2.979170560836792,7.490000247955322,1.75,-3.990000009536743,0.0012924254422257914,resting,
3,right,2210.0388461538464,1789025634471,-0.7178724408149719,9.435236930847168,2.8858470916748047,7.490000247955322,1.75,-3.990000009536743,0.0021151700790930593,resting,
3,right,2210.0484615384617,1789025634471,-0.7489802241325378,9.351485252380373,2.9743847846984863,7.490000247955322,1.75,-3.990000009536743,0.0024502988982473477,resting,
3,right,2210.0580769230774,1789025634471,-0.7418015003204346,9.270126342773438,2.9480626583099365,7.490000247955322,1.75,-3.990000009536743,0.0019605888981208295,resting,
3,right,2210.0676923076926,1789025634471,-0.7346227765083313,9.258161544799805,3.05574369430542,7.490000247955322,1.75,-3.990000009536743,0.0016670111542027171,resting,
3,right,2210.077307692308,1789025634471,-0.7848738431930542,9.231839179992676,2.9743847846984863,7.490000247955322,1.75,-3.990000009536743,0.0009362246770054267,resting,
3,right,2210.087,1789025634546,-0.8111958503723145,9.174409866333008,2.964813232421875,4.059999942779541,1.190000057220459,-3.430000066757202,-0.0003356764160488058,resting,
3,right,2210.0966153846152,1789025634546,-0.8423036336898804,9.212696075439451,2.957634449005127,4.059999942779541,1.190000057220459,-3.430000066757202,-0.0012427719662374277,resting,
3,right,2210.106230769231,1789025634546,-0.8327320218086243,9.207910537719728,2.9695990085601807,4.059999942779541,1.190000057220459,-3.430000066757202,-0.0021655336424940786,resting,
3,right,2210.115846153846,1789025634546,-0.8710185289382935,9.179195404052734,2.902597427368164,4.059999942779541,1.190000057220459,-3.430000066757202,-0.003511989322499365,resting,
3,right,2210.1254615384614,1789025634546,-0.825553297996521,9.212696075439451,2.931312322616577,4.059999942779541,1.190000057220459,-3.430000066757202,-0.004506728922812339,resting,
3,right,2210.135076923077,1789025634546,-0.8494823575019836,9.21987533569336,2.8930258750915527,4.059999942779541,1.190000057220459,-3.430000066757202,-0.00552595550183623,resting,
3,right,2210.1446923076924,1789025634546,-0.8901618123054504,9.262947082519531,2.9193477630615234,4.059999942779541,1.190000057220459,-3.430000066757202,-0.006040936949210156,resting,
3,right,2210.154307692308,1789025634546,-0.844696581363678,9.274911880493164,2.971991777420044,4.059999942779541,1.190000057220459,-3.430000066757202,-0.006334318686556161,resting,
3,right,2210.163,1789025634636,-0.8781972527503967,9.181588172912598,2.979170560836792,3.920000076293945,0.9800000190734864,-1.9600000381469729,-0.0073244657774911,resting,
3,right,2210.1726153846157,1789025634636,-0.8829830884933472,9.160052299499512,2.888240098953247,3.920000076293945,0.9800000190734864,-1.9600000381469729,-0.008873527747694485,resting,
3,right,2210.182230769231,1789025634636,-0.8638398051261902,9.212696075439451,2.909776210784912,3.920000076293945,0.9800000190734864,-1.9600000381469729,-0.009896109687027154,resting,
3,right,2210.191846153846,1789025634636,-0.8734114766120911,9.167230606079102,2.9265265464782715,3.920000076293945,0.9800000190734864,-1.9600000381469729,-0.011276580095863133,resting,
3,right,2210.201461538461,1789025634636,-0.844696581363678,9.140909194946287,2.943276882171631,3.920000076293945,0.9800000190734864,-1.9600000381469729,-0.012873171613538507,resting,
3,right,2210.211076923077,1789025634636,-0.8399107456207275,9.119372367858888,2.909776210784912,3.920000076293945,0.9800000190734864,-1.9600000381469729,-0.014765977539064315,resting,
3,right,2210.2206923076924,1789025634636,-0.8853759765625,9.18398094177246,2.8499536514282227,3.920000076293945,0.9800000190734864,-1.9600000381469729,-0.01620071669967835,resting,
3,right,2210.230307692308,1789025634636,-0.8638398051261902,9.241411209106444,2.86431097984314,3.920000076293945,0.9800000190734864,-1.9600000381469729,-0.017087399123027834,resting,
3,right,2210.238,1789025634741,-0.8590540289878845,9.332341194152832,2.8355960845947266,9.449999809265137,1.0499999523162842,-0.2100000083446502,-0.017199384955821736,resting,
3,right,2210.247615384615,1789025634741,-0.8805902004241943,9.286876678466797,2.823631525039673,9.449999809265137,1.0499999523162842,-0.2100000083446502,-0.01776928902166533,resting,
3,right,2210.257230769231,1789025634741,-0.9308412671089172,9.341913223266602,2.7733805179595947,9.449999809265137,1.0499999523162842,-0.2100000083446502,-0.017930143686382842,resting,
3,right,2210.266846153846,1789025634741,-0.923662543296814,9.308412551879885,2.845167636871338,9.449999809265137,1.0499999523162842,-0.2100000083446502,-0.018204680436139778,resting,
3,right,2210.2764615384613,1789025634741,-0.9308412671089172,9.411307334899902,2.696807384490967,9.449999809265137,1.0499999523162842,-0.2100000083446502,-0.017937256363107584,resting,
3,right,2210.286076923077,1789025634741,-0.9404128789901732,9.514202117919922,2.6680924892425537,9.449999809265137,1.0499999523162842,-0.2100000083446502,-0.016792314289622145,resting,
3,right,2210.295692307692,1789025634741,-0.95477032661438,9.545310020446776,2.627413034439087,9.449999809265137,1.0499999523162842,-0.2100000083446502,-0.01545500984033133,resting,
3,right,2210.3053076923075,1789025634741,-0.9380199909210204,9.509416580200195,2.598698139190674,9.449999809265137,1.0499999523162842,-0.2100000083446502,-0.014535533030727027,resting,
3,right,2210.314,1789025634772,-0.9475916028022766,9.437629699707031,2.5532329082489014,13.369999885559082,0.6299999952316284,1.399999976158142,-0.014398339677559808,resting,
3,right,2210.323615384615,1789025634772,-1.0026284456253052,9.456772804260254,2.488624334335327,13.369999885559082,0.6299999952316284,1.399999976158142,-0.014184138054707087,resting,
3,right,2210.333230769231,1789025634772,-0.9619490504264832,9.497451782226562,2.409658432006836,13.369999885559082,0.6299999952316284,1.399999976158142,-0.013828735199775944,resting,
3,right,2210.342846153846,1789025634772,-0.9571632146835328,9.46155834197998,2.4503378868103027,13.369999885559082,0.6299999952316284,1.399999976158142,-0.01369910985304789,resting,
3,right,2210.3524615384613,1789025634772,-0.9858781099319458,9.36584186553955,2.4503378868103027,13.369999885559082,0.6299999952316284,1.399999976158142,-0.014423311403712327,resting,
3,right,2210.362076923077,1789025634772,-1.021771788597107,9.267732620239258,2.584340810775757,13.369999885559082,0.6299999952316284,1.399999976158142,-0.015686161172577057,resting,
3,right,2210.371692307692,1789025634772,-0.9930568337440492,9.23423194885254,2.522125244140625,13.369999885559082,0.6299999952316284,1.399999976158142,-0.017438620084782062,resting,
3,right,2210.3813076923075,1789025634772,-0.983485221862793,9.258161544799805,2.4623024463653564,13.369999885559082,0.6299999952316284,1.399999976158142,-0.0191252081931808,resting,
3,right,2210.39,1789025634847,-0.9715206623077391,9.339520454406738,2.471873998641968,2.870000123977661,-0.0700000002980232,2.0299999713897705,-0.019958191409819716,resting,
3,right,2210.399615384615,1789025634847,-0.98109233379364,9.363449096679688,2.424015998840332,2.870000123977661,-0.0700000002980232,2.0299999713897705,-0.020764982486240986,resting,
3,right,2210.409230769231,1789025634847,-0.9595561623573304,9.416092872619627,2.471873998641968,2.870000123977661,-0.0700000002980232,2.0299999713897705,-0.020988881934943873,resting,
3,right,2210.418846153846,1789025634847,-0.9619490504264832,9.466344833374023,2.464695453643799,2.870000123977661,-0.0700000002980232,2.0299999713897705,-0.02076277560742,resting,
3,right,2210.4284615384613,1789025634847,-0.9428057670593262,9.526166915893556,2.435980319976806,2.870000123977661,-0.0700000002980232,2.0299999713897705,-0.020069369387778077,resting,
3,right,2210.438076923077,1789025634847,-0.8973405361175537,9.633848190307615,2.479052782058716,2.870000123977661,-0.0700000002980232,2.0299999713897705,-0.018316898148330804,resting,
3,right,2210.4476923076923,1789025634847,-0.8877689242362976,9.688884735107422,2.4551236629486084,2.870000123977661,-0.0700000002980232,2.0299999713897705,-0.0161197725624927,resting,
3,right,2210.4573076923075,1789025634847,-0.8949476480484009,9.55727481842041,2.567590475082397,2.870000123977661,-0.0700000002980232,2.0299999713897705,-0.014869634010988102,resting,
3,right,2210.466,1789025634950,-0.9451987147331238,9.468737602233888,2.622627258300781,-7.0,-1.0499999523162842,2.940000057220459,-0.014319991307609428,resting,
3,right,2210.475615384615,1789025634950,-0.8949476480484009,9.317984580993652,2.6680924892425537,-7.0,-1.0499999523162842,2.940000057220459,-0.015038286160339072,resting,
3,right,2210.485230769231,1789025634950,-0.9308412671089172,9.346698760986328,2.696807384490967,-7.0,-1.0499999523162842,2.940000057220459,-0.015383841449144588,resting,
3,right,2210.494846153846,1789025634950,-0.9571632146835328,9.207910537719728,2.7446656227111816,-7.0,-1.0499999523162842,2.940000057220459,-0.01686634380650884,resting,
3,right,2210.5044615384613,1789025634950,-0.9164838194847108,9.040407180786133,2.7709875106811523,-7.0,-1.0499999523162842,2.940000057220459,-0.019859411962507748,resting,
3,right,2210.514076923077,1789025634950,-0.904519259929657,9.021263122558594,2.7662017345428467,-7.0,-1.0499999523162842,2.940000057220459,-0.023042955782769183,resting,
3,right,2210.5236923076923,1789025634950,-0.9308412671089172,9.090658187866213,2.699200391769409,-7.0,-1.0499999523162842,2.940000057220459,-0.025725450678108757,resting,
3,right,2210.5333076923075,1789025634950,-0.9380199909210204,9.241411209106444,2.641770601272583,-7.0,-1.0499999523162842,2.940000057220459,-0.027153315403542773,resting,
3,right,2210.542,1789025635040,-0.9667348861694336,9.425664901733398,2.577162027359009,8.75,-1.5399999618530271,4.409999847412109,-0.02703378694444965,resting,
3,right,2210.551615384615,1789025635040,-0.8781972527503967,9.344305992126465,2.620234251022339,8.75,-1.5399999618530271,4.409999847412109,-0.027620098515641137,resting,
3,right,2210.561230769231,1789025635040,-0.8758043646812439,9.215088844299316,2.6441633701324463,8.75,-1.5399999618530271,4.409999847412109,-0.02933974150304919,resting,
3,right,2210.570846153846,1789025635040,-0.8997334241867065,9.13133716583252,2.787737846374512,8.75,-1.5399999618530271,4.409999847412109,-0.03144594739225858,resting,
3,right,2210.5804615384613,1789025635040,-0.9140908718109132,9.169623374938965,2.720736503601074,8.75,-1.5399999618530271,4.409999847412109,-0.03335642556601525,resting,
3,right,2210.590076923077,1789025635040,-0.9116979837417604,9.150480270385742,2.804488182067871,8.75,-1.5399999618530271,4.409999847412109,-0.03523223983398401,resting,
3,right,2210.5996923076923,1789025635040,-0.923662543296814,9.054763793945312,2.7781662940979004,8.75,-1.5399999618530271,4.409999847412109,-0.038047986206539625,resting,
3,right,2210.6093076923075,1789025635040,-0.93323415517807,9.073907852172852,2.7925238609313965,8.75,-1.5399999618530271,4.409999847412109,-0.04064174813657327,resting,
3,right,2210.618,1789025635131,-0.9212695956230164,9.20073127746582,2.7518444061279297,7.699999809265137,-2.1700000762939453,4.409999847412109,-0.04202973716768807,resting,
3,right,2210.627615384615,1789025635131,-0.9595561623573304,9.346698760986328,2.6561279296875,7.699999809265137,-2.1700000762939453,4.409999847412109,-0.04242781181799436,resting,
3,right,2210.637230769231,1789025635131,-0.9428057670593262,9.36584186553955,2.620234251022339,7.699999809265137,-2.1700000762939453,4.409999847412109,-0.04275377449288177,resting,
3,right,2210.646846153846,1789025635131,-0.8710185289382935,9.351485252380373,2.6106626987457275,7.699999809265137,-2.1700000762939453,4.409999847412109,-0.043297360348081966,resting,
3,right,2210.6564615384614,1789025635131,-0.8877689242362976,9.341913223266602,2.634591817855835,7.699999809265137,-2.1700000762939453,4.409999847412109,-0.0438542889770161,resting,
3,right,2210.666076923077,1789025635131,-0.8710185289382935,9.327555656433104,2.615448474884033,7.699999809265137,-2.1700000762939453,4.409999847412109,-0.04460617265556324,resting,
3,right,2210.6756923076923,1789025635131,-0.7968384027481079,9.267732620239258,2.617841482162476,7.699999809265137,-2.1700000762939453,4.409999847412109,-0.045965591174240504,resting,
3,right,2210.685307692308,1789025635131,-0.8351249098777771,9.23662567138672,2.617841482162476,7.699999809265137,-2.1700000762939453,4.409999847412109,-0.04758004813811488,resting,
3,right,2210.694,1789025635161,-0.7992312908172607,9.164837837219238,2.593912363052368,7.490000247955322,-2.870000123977661,4.760000228881836,-0.049719397273251115,resting,
3,right,2210.703615384615,1789025635161,-0.8088029623031616,9.169623374938965,2.5604116916656494,7.490000247955322,-2.870000123977661,4.760000228881836,-0.05211791865543896,resting,
3,right,2210.713230769231,1789025635161,-0.8399107456207275,9.267732620239258,2.541268348693848,7.490000247955322,-2.870000123977661,4.760000228881836,-0.05363272698195739,resting,
3,right,2210.722846153846,1789025635161,-0.8207674622535706,9.40173625946045,2.500588893890381,7.490000247955322,-2.870000123977661,4.760000228881836,-0.054025791098827027,resting,
3,right,2210.7324615384614,1789025635161,-0.8111958503723145,9.294054985046388,2.5963053703308105,7.490000247955322,-2.870000123977661,4.760000228881836,-0.05518245986529292,resting,
3,right,2210.742076923077,1789025635161,-0.8303391337394714,9.277304649353027,2.4981961250305176,7.490000247955322,-2.870000123977661,4.760000228881836,-0.0567234388477048,resting,
3,right,2210.7516923076923,1789025635161,-0.7992312908172607,9.356270790100098,2.522125244140625,7.490000247955322,-2.870000123977661,4.760000228881836,-0.057498762877709546,resting,
3,right,2210.761307692308,1789025635161,-0.7418015003204346,9.265339851379396,2.5245180130004883,7.490000247955322,-2.870000123977661,4.760000228881836,-0.05915326906541057,resting,
3,right,2210.77,1789025635236,-0.7202653288841248,9.195945739746094,2.567590475082397,5.110000133514404,-4.059999942779541,4.900000095367432,-0.06114622763681846,resting,
3,right,2210.779615384615,1789025635236,-0.7059078812599182,9.21748161315918,2.541268348693848,5.110000133514404,-4.059999942779541,4.900000095367432,-0.06322589363795533,resting,
3,right,2210.789230769231,1789025635236,-0.6843717098236084,9.188767433166504,2.579555034637451,5.110000133514404,-4.059999942779541,4.900000095367432,-0.06548962910291412,resting,
3,right,2210.798846153846,1789025635236,-0.6891575455665588,9.28926944732666,2.507767677307129,5.110000133514404,-4.059999942779541,4.900000095367432,-0.06699765191687905,resting,
3,right,2210.8084615384614,1789025635236,-0.6436922550201416,9.327555656433104,2.4981961250305176,5.110000133514404,-4.059999942779541,4.900000095367432,-0.06820462579026054,resting,
3,right,2210.818076923077,1789025635236,-0.679585874080658,9.274911880493164,2.476659774780273,5.110000133514404,-4.059999942779541,4.900000095367432,-0.0699281834857046,resting,
3,right,2210.8276923076924,1789025635236,-0.6580497026443481,9.28926944732666,2.479052782058716,5.110000133514404,-4.059999942779541,4.900000095367432,-0.07152638606497223,resting,
3,right,2210.837307692308,1789025635236,-0.6245490312576294,9.301233291625977,2.4407663345336914,5.110000133514404,-4.059999942779541,4.900000095367432,-0.0731282700829749,resting,
3,right,2210.845,1789025635312,-0.6604426503181458,9.29644775390625,2.392908096313477,8.260000228881836,-4.829999923706055,5.110000133514404,-0.07451977109776861,resting,
3,right,2210.854615384615,1789025635312,-0.6269419193267822,9.294054985046388,2.3378713130950928,8.260000228881836,-4.829999923706055,5.110000133514404,-0.07643307926265601,resting,
3,right,2210.8642307692307,1789025635312,-0.6101915836334229,9.248589515686035,2.3211207389831543,8.260000228881836,-4.829999923706055,5.110000133514404,-0.078816727908068,resting,
3,right,2210.873846153846,1789025635312,-0.600619912147522,9.29644775390625,2.333085298538208,8.260000228881836,-4.829999923706055,5.110000133514404,-0.08073107194725776,resting,
3,right,2210.883461538461,1789025635312,-0.5623334050178528,9.308412551879885,2.318727970123291,8.260000228881836,-4.829999923706055,5.110000133514404,-0.08258876373795283,resting,
3,right,2210.893076923077,1789025635312,-0.5910483002662659,9.327555656433104,2.2373690605163574,8.260000228881836,-4.829999923706055,5.110000133514404,-0.08443845435499846,resting,
3,right,2210.902692307692,1789025635312,-0.5742979645729065,9.35866355895996,2.2014753818511963,8.260000228881836,-4.829999923706055,5.110000133514404,-0.08608727170028592,resting,
3,right,2210.9123076923074,1789025635312,-0.588655412197113,9.341913223266602,2.2086541652679443,8.260000228881836,-4.829999923706055,5.110000133514404,-0.08786566111980687,resting,
3,right,2210.922,1789025635386,-0.5479759573936462,9.327555656433104,2.151224374771118,9.869999885559082,-5.039999961853027,4.96999979019165,-0.08994303354804632,resting,
3,right,2210.9316153846157,1789025635386,-0.540797233581543,9.291662216186523,2.1177237033843994,9.869999885559082,-5.039999961853027,4.96999979019165,-0.09241413617066642,resting,
3,right,2210.941230769231,1789025635386,-0.5527617931365967,9.239018440246582,2.134474039077759,9.869999885559082,-5.039999961853027,4.96999979019165,-0.0953319733956512,resting,
3,right,2210.950846153846,1789025635386,-0.5312256217002869,9.25576877593994,2.0626866817474365,9.869999885559082,-5.039999961853027,4.96999979019165,-0.0982571900506977,resting,
3,right,2210.960461538461,1789025635386,-0.5455830693244934,9.229446411132812,2.072258472442627,9.869999885559082,-5.039999961853027,4.96999979019165,-0.10139848559315864,resting,
3,right,2210.970076923077,1789025635386,-0.5264397859573364,9.231839179992676,2.0770442485809326,9.869999885559082,-5.039999961853027,4.96999979019165,-0.1045157793665222,resting,
3,right,2210.9796923076924,1789025635386,-0.5479759573936462,9.310805320739746,1.971756219863892,9.869999885559082,-5.039999961853027,4.96999979019165,-0.10709850373408647,resting,
3,right,2210.989307692308,1789025635386,-0.5120823383331299,9.32277011871338,1.9406484365463257,9.869999885559082,-5.039999961853027,4.96999979019165,-0.10964792707968059,resting,
3,right,2210.998,1789025635492,-0.4833674430847168,9.339520454406738,1.945434331893921,7.559999942779541,-5.460000038146973,4.340000152587891,-0.11181241460906356,resting,
3,right,2211.0076153846157,1789025635492,-0.5431901216506958,9.320377349853516,1.9478272199630735,7.559999942779541,-5.460000038146973,4.340000152587891,-0.11434969521457439,resting,
3,right,2211.017230769231,1789025635492,-0.5336185097694397,9.332341194152832,1.986113667488098,7.559999942779541,-5.460000038146973,4.340000152587891,-0.11670174196924384,resting,
3,right,2211.0268461538462,1789025635492,-0.5264397859573364,9.36823558807373,1.971756219863892,7.559999942779541,-5.460000038146973,4.340000152587891,-0.11874763833262461,resting,
3,right,2211.036461538461,1789025635492,-0.4690099954605102,9.356270790100098,1.907147765159607,7.559999942779541,-5.460000038146973,4.340000152587891,-0.12106006771264602,resting,
3,right,2211.046076923077,1789025635492,-0.4809745252132416,9.341913223266602,1.868861198425293,7.559999942779541,-5.460000038146973,4.340000152587891,-0.12357347906657724,resting,
3,right,2211.0556923076924,1789025635492,-0.4929390549659729,9.320377349853516,1.9119335412979128,7.559999942779541,-5.460000038146973,4.340000152587891,-0.1261997147434861,resting,
3,right,2211.065307692308,1789025635492,-0.4546525478363037,9.315590858459473,1.880825757980347,7.559999942779541,-5.460000038146973,4.340000152587891,-0.12894750848104616,resting,
3,right,2211.073,1789025635536,-0.4402951002120971,9.32277011871338,1.844932198524475,3.7799999713897705,-5.880000114440918,3.289999961853028,-0.1311502530671027,resting,
3,right,2211.082615384615,1789025635536,-0.49054616689682,9.349091529846191,1.8951832056045528,3.7799999713897705,-5.880000114440918,3.289999961853028,-0.13353672715723483,resting,
3,right,2211.092230769231,1789025635536,-0.4785816073417663,9.310805320739746,1.7851094007492063,3.7799999713897705,-5.880000114440918,3.289999961853028,-0.13649441801218776,resting,
3,right,2211.101846153846,1789025635536,-0.4498667120933532,9.274911880493164,1.8281817436218264,3.7799999713897705,-5.880000114440918,3.289999961853028,-0.13972131262814105,resting,
3,right,2211.1114615384613,1789025635536,-0.5168681740760803,9.253376007080078,1.8162171840667725,3.7799999713897705,-5.880000114440918,3.289999961853028,-0.14314075171558716,resting,
3,right,2211.121076923077,1789025635536,-0.4881532490253448,9.21030330657959,1.7731448411941528,3.7799999713897705,-5.880000114440918,3.289999961853028,-0.1470564847832816,resting,
3,right,2211.130692307692,1789025635536,-0.5144752264022827,9.203125,1.7851094007492063,3.7799999713897705,-5.880000114440918,3.289999961853028,-0.1510032167401225,resting,
3,right,2211.1403076923075,1789025635536,-0.5168681740760803,9.248589515686035,1.8233959674835205,3.7799999713897705,-5.880000114440918,3.289999961853028,-0.15444825534394682,resting,
3,right,2211.149,1789025635611,-0.4785816073417663,9.229446411132812,1.7803236246109009,3.220000028610229,-6.090000152587891,2.0299999713897705,-0.15781216086565422,resting,
3,right,2211.158615384615,1789025635611,-0.4929390549659729,9.243803977966309,1.770751953125,3.220000028610229,-6.090000152587891,2.0299999713897705,-0.16140640312314844,resting,
3,right,2211.168230769231,1789025635611,-0.5001177787780762,9.258161544799805,1.7324655055999756,3.220000028610229,-6.090000152587891,2.0299999713897705,-0.16492849219281291,resting,
3,right,2211.177846153846,1789025635611,-0.4642241597175598,9.267732620239258,1.7444299459457395,3.220000028610229,-6.090000152587891,2.0299999713897705,-0.16835478373029242,resting,
3,right,2211.1874615384613,1789025635611,-0.4379021823406219,9.31319808959961,1.7898952960968018,3.220000028610229,-6.090000152587891,2.0299999713897705,-0.17128180243526336,resting,
3,right,2211.197076923077,1789025635611,-0.4402951002120971,9.294054985046388,1.8162171840667725,3.220000028610229,-6.090000152587891,2.0299999713897705,-0.17433948167565783,resting,
3,right,2211.2066923076923,1789025635611,-0.461831271648407,9.317984580993652,1.7898952960968018,3.220000028610229,-6.090000152587891,2.0299999713897705,-0.1772071409487885,resting,
3,right,2211.2163076923075,1789025635611,-0.4259376525878906,9.2725191116333,1.81382429599762,3.220000028610229,-6.090000152587891,2.0299999713897705,-0.1804750417766235,resting,
3,right,2211.225,1789025635686,-0.4115802049636841,9.344305992126465,1.837753415107727,2.940000057220459,-6.230000019073486,1.190000057220459,-0.1827822215378868,resting,
3,right,2211.234615384615,1789025635686,-0.3756865561008453,9.351485252380373,1.7851094007492063,2.940000057220459,-6.230000019073486,1.190000057220459,-0.18537537670455528,resting,
3,right,2211.244230769231,1789025635686,-0.3517574965953827,9.36823558807373,1.720500946044922,2.940000057220459,-6.230000019073486,1.190000057220459,-0.18793403551716906,resting,
3,right,2211.253846153846,1789025635686,-0.3326142132282257,9.38259220123291,1.7372512817382812,2.940000057220459,-6.230000019073486,1.190000057220459,-0.19033230004311738,resting,
3,right,2211.2634615384613,1789025635686,-0.3374000489711761,9.39934253692627,1.7085363864898682,2.940000057220459,-6.230000019073486,1.190000057220459,-0.19261921332068793,resting,
3,right,2211.273076923077,1789025635686,-0.2967205941677093,9.440022468566896,1.622391700744629,2.940000057220459,-6.230000019073486,1.190000057220459,-0.19468475061873497,resting,
3,right,2211.2826923076923,1789025635686,-0.2871489822864532,9.425664901733398,1.6247845888137815,2.940000057220459,-6.230000019073486,1.190000057220459,-0.19688171199103255,resting,
3,right,2211.2923076923075,1789025635686,-0.2943277060985565,9.423272132873535,1.6319633722305298,2.940000057220459,-6.230000019073486,1.190000057220459,-0.1990834864541115,resting,
3,right,2211.301,1789025635761,-0.284756064414978,9.451987266540527,1.6271774768829346,3.7799999713897705,-5.949999809265137,0.9100000262260436,-0.20083650072059034,resting,
3,right,2211.310615384615,1789025635761,-0.3015064299106598,9.404129028320312,1.6750357151031494,3.7799999713897705,-5.949999809265137,0.9100000262260436,-0.20314029444163842,resting,
3,right,2211.320230769231,1789025635761,-0.3613291084766388,9.40173625946045,1.5936768054962158,3.7799999713897705,-5.949999809265137,0.9100000262260436,-0.2055825462702091,resting,
3,right,2211.329846153846,1789025635761,-0.3350071310997009,9.413700103759766,1.5960696935653689,3.7799999713897705,-5.949999809265137,0.9100000262260436,-0.2079137406355512,resting,
3,right,2211.3394615384614,1789025635761,-0.3972227573394775,9.440022468566896,1.5649619102478027,3.7799999713897705,-5.949999809265137,0.9100000262260436,-0.2100245568113472,resting,
3,right,2211.349076923077,1789025635761,-0.3445787727832794,9.37541389465332,1.555390238761902,3.7799999713897705,-5.949999809265137,0.9100000262260436,-0.2127776186744671,resting,
3,right,2211.3586923076923,1789025635761,-0.3589362204074859,9.332341194152832,1.619998812675476,3.7799999713897705,-5.949999809265137,0.9100000262260436,-0.21582791797261108,resting,
3,right,2211.368307692308,1789025635761,-0.382865309715271,9.282090187072754,1.6247845888137815,3.7799999713897705,-5.949999809265137,0.9100000262260436,-0.2193361436288896,resting,
3,right,2211.377,1789025635837,-0.3924369215965271,9.337127685546877,1.6678569316864014,-2.799999952316284,-6.019999980926514,0.699999988079071,-0.2219680246962273,resting,
3,right,2211.386615384615,1789025635837,-0.368507832288742,9.373021125793455,1.7252867221832275,-2.799999952316284,-6.019999980926514,0.699999988079071,-0.22445108023801869,resting,
3,right,2211.396230769231,1789025635837,-0.4379021823406219,9.387378692626951,1.7300724983215332,-2.799999952316284,-6.019999980926514,0.699999988079071,-0.226762942212431,resting,
3,right,2211.405846153846,1789025635837,-0.4115802049636841,9.47113037109375,1.720500946044922,-2.799999952316284,-6.019999980926514,0.699999988079071,-0.22830589310449184,resting,
3,right,2211.4154615384614,1789025635837,-0.4067943692207336,9.559667587280272,1.7324655055999756,-2.799999952316284,-6.019999980926514,0.699999988079071,-0.22899195544097553,resting,
3,right,2211.425076923077,1789025635837,-0.4211518168449402,9.667348861694336,1.6846072673797607,-2.799999952316284,-6.019999980926514,0.699999988079071,-0.2287351909529734,resting,
3,right,2211.4346923076923,1789025635837,-0.4690099954605102,9.657776832580566,1.6989647150039673,-2.799999952316284,-6.019999980926514,0.699999988079071,-0.228525489588214,resting,
3,right,2211.444307692308,1789025635837,-0.4355092644691467,9.631455421447754,1.7300724983215332,-2.799999952316284,-6.019999980926514,0.699999988079071,-0.22852496316308354,resting,
3,right,2211.453,1789025635911,-0.4498667120933532,9.585989952087402,1.7252867221832275,-0.699999988079071,-6.090000152587891,0.7699999809265137,-0.22891462008535393,resting,
3,right,2211.462615384615,1789025635911,-0.4809745252132416,9.64581298828125,1.6750357151031494,-0.699999988079071,-6.090000152587891,0.7699999809265137,-0.22885161676619561,resting,
3,right,2211.472230769231,1789025635911,-0.4355092644691467,9.576417922973633,1.6534994840621948,-0.699999988079071,-6.090000152587891,0.7699999809265137,-0.22949985009470314,resting,
3,right,2211.481846153846,1789025635911,-0.4498667120933532,9.535738945007324,1.6702498197555542,-0.699999988079071,-6.090000152587891,0.7699999809265137,-0.23049775933652852,resting,
3,right,2211.4914615384614,1789025635911,-0.4642241597175598,9.437629699707031,1.7157150506973269,-0.699999988079071,-6.090000152587891,0.7699999809265137,-0.23233992292013453,resting,
3,right,2211.501076923077,1789025635911,-0.4044014811515808,9.39216423034668,1.739644169807434,-0.699999988079071,-6.090000152587891,0.7699999809265137,-0.23459580611860748,resting,
3,right,2211.5106923076924,1789025635911,-0.4091872870922088,9.39216423034668,1.6941789388656616,-0.699999988079071,-6.090000152587891,0.7699999809265137,-0.23692553834711932,resting,
3,right,2211.520307692308,1789025635911,-0.3732936680316925,9.329948425292969,1.6870001554489136,-0.699999988079071,-6.090000152587891,0.7699999809265137,-0.23986856124734313,resting,
3,right,2211.529,1789025635986,-0.3589362204074859,9.23423194885254,1.6750357151031494,-4.760000228881836,-5.599999904632568,0.4900000095367431,-0.24336892478765182,resting,
3,right,2211.5386153846152,1789025635986,-0.3900440335273742,9.28926944732666,1.718108057975769,-4.760000228881836,-5.599999904632568,0.4900000095367431,-0.24663301281226568,resting,
3,right,2211.548230769231,1789025635986,-0.3541503846645355,9.301233291625977,1.689393162727356,-4.760000228881836,-5.599999904632568,0.4900000095367431,-0.2498458354198099,resting,
3,right,2211.557846153846,1789025635986,-0.3350071310997009,9.303627014160156,1.6630711555480957,-4.760000228881836,-5.599999904632568,0.4900000095367431,-0.2530868193135442,resting,
3,right,2211.567461538461,1789025635986,-0.3517574965953827,9.30601978302002,1.742037057876587,-4.760000228881836,-5.599999904632568,0.4900000095367431,-0.25616040667367973,resting,
3,right,2211.577076923077,1789025635986,-0.3350071310997009,9.344305992126465,1.7444299459457395,-4.760000228881836,-5.599999904632568,0.4900000095367431,-0.25887256006607695,resting,
3,right,2211.5866923076924,1789025635986,-0.3278284072875976,9.341913223266602,1.710929274559021,-4.760000228881836,-5.599999904632568,0.4900000095367431,-0.2616674763437527,resting,
3,right,2211.596307692308,1789025635986,-0.3445787727832794,9.325162887573242,1.7085363864898682,-4.760000228881836,-5.599999904632568,0.4900000095367431,-0.26461764360145923,resting,
3,right,2211.605,1789025636060,-0.382865309715271,9.317984580993652,1.739644169807434,-2.870000123977661,-5.110000133514404,0.3499999940395355,-0.2672829941223036,resting,
3,right,2211.6146153846157,1789025636060,-0.3661149442195892,9.337127685546877,1.749215841293335,-2.870000123977661,-5.110000133514404,0.3499999940395355,-0.2700380929697833,resting,
3,right,2211.624230769231,1789025636060,-0.4235447347164154,9.39216423034668,1.7372512817382812,-2.870000123977661,-5.110000133514404,0.3499999940395355,-0.27227175805380643,resting,
3,right,2211.633846153846,1789025636060,-0.4402951002120971,9.425664901733398,1.706143498420715,-2.870000123977661,-5.110000133514404,0.3499999940395355,-0.2742360411829101,resting,
3,right,2211.643461538461,1789025636060,-0.4714028835296631,9.413700103759766,1.6606782674789429,-2.870000123977661,-5.110000133514404,0.3499999940395355,-0.27637925115249384,resting,
3,right,2211.653076923077,1789025636060,-0.4714028835296631,9.449594497680664,1.672642707824707,-2.870000123977661,-5.110000133514404,0.3499999940395355,-0.2781604801342933,resting,
3,right,2211.6626923076924,1789025636060,-0.466617077589035,9.480701446533203,1.7252867221832275,-2.870000123977661,-5.110000133514404,0.3499999940395355,-0.27955606990087783,resting,
3,right,2211.672307692308,1789025636060,-0.4857603311538696,9.430450439453123,1.682214379310608,-2.870000123977661,-5.110000133514404,0.3499999940395355,-0.2814918393108868,resting,
3,right,2211.68,1789025636151,-0.4785816073417663,9.404129028320312,1.682214379310608,-1.2599999904632568,-4.690000057220459,0.0,-0.28324057103955375,resting,
3,right,2211.689615384615,1789025636151,-0.5001177787780762,9.38259220123291,1.7133221626281738,-1.2599999904632568,-4.690000057220459,0.0,-0.2855643855145894,resting,
3,right,2211.699230769231,1789025636151,-0.5288326740264893,9.37541389465332,1.7444299459457395,-1.2599999904632568,-4.690000057220459,0.0,-0.28788662198422843,resting,
3,right,2211.708846153846,1789025636151,-0.4714028835296631,9.36823558807373,1.7324655055999756,-1.2599999904632568,-4.690000057220459,0.0,-0.2903231365928855,resting,
3,right,2211.7184615384613,1789025636151,-0.4953319728374481,9.394556999206545,1.761180400848389,-1.2599999904632568,-4.690000057220459,0.0,-0.29244801959519573,resting,
3,right,2211.728076923077,1789025636151,-0.4929390549659729,9.387378692626951,1.7276796102523804,-1.2599999904632568,-4.690000057220459,0.0,-0.29469963701876184,resting,
3,right,2211.737692307692,1789025636151,-0.5240468978881836,9.39216423034668,1.7659661769866943,-1.2599999904632568,-4.690000057220459,0.0,-0.2968220633038836,resting,
3,right,2211.7473076923075,1789025636151,-0.4881532490253448,9.36584186553955,1.81382429599762,-1.2599999904632568,-4.690000057220459,0.0,-0.2991245956167368,resting,
3,right,2211.757,1789025636213,-0.5001177787780762,9.370628356933594,1.806645631790161,-1.5399999618530271,-4.480000019073486,-0.2100000083446502,-0.30140527137662765,resting,
3,right,2211.7666153846158,1789025636213,-0.4809745252132416,9.404129028320312,1.799466848373413,-1.5399999618530271,-4.480000019073486,-0.2100000083446502,-0.3033731652778738,resting,
3,right,2211.776230769231,1789025636213,-0.4570454359054565,9.39216423034668,1.7970739603042605,-1.5399999618530271,-4.480000019073486,-0.2100000083446502,-0.3054685140818031,resting,
3,right,2211.7858461538463,1789025636213,-0.4594383537769317,9.40891456604004,1.801859736442566,-1.5399999618530271,-4.480000019073486,-0.2100000083446502,-0.3073952510418468,resting,
3,right,2211.795461538461,1789025636213,-0.3972227573394775,9.396949768066406,1.8186101913452148,-1.5399999618530271,-4.480000019073486,-0.2100000083446502,-0.3094306755606016,resting,
3,right,2211.805076923077,1789025636213,-0.4570454359054565,9.440022468566896,1.806645631790161,-1.5399999618530271,-4.480000019073486,-0.2100000083446502,-0.31105464600269844,resting,
3,right,2211.8146923076924,1789025636213,-0.4139730930328369,9.46155834197998,1.844932198524475,-1.5399999618530271,-4.480000019073486,-0.2100000083446502,-0.31242407090293167,resting,
3,right,2211.824307692308,1789025636213,-0.3972227573394775,9.44480800628662,1.7635732889175415,-1.5399999618530271,-4.480000019073486,-0.2100000083446502,-0.31410549697541806,resting,
3,right,2211.833,1789025636301,-0.4450809061527252,9.451987266540527,1.8114314079284668,0.2100000083446502,-4.199999809265137,-0.0700000002980232,-0.31546662465760317,resting,
3,right,2211.842615384616,1789025636301,-0.4355092644691467,9.490273475646973,1.7875022888183594,0.2100000083446502,-4.199999809265137,-0.0700000002980232,-0.31665769875076993,resting,
3,right,2211.852230769231,1789025636301,-0.4139730930328369,9.475915908813477,1.8233959674835205,0.2100000083446502,-4.199999809265137,-0.0700000002980232,-0.31792817576733595,resting,
3,right,2211.8618461538463,1789025636301,-0.3732936680316925,9.449594497680664,1.830574631690979,0.2100000083446502,-4.199999809265137,-0.0700000002980232,-0.3194496463302529,resting,
3,right,2211.871461538461,1789025636301,-0.3900440335273742,9.420879364013672,1.8640754222869875,0.2100000083446502,-4.199999809265137,-0.0700000002980232,-0.3211730164283184,resting,
3,right,2211.881076923077,1789025636301,-0.4355092644691467,9.413700103759766,1.8712540864944456,0.2100000083446502,-4.199999809265137,-0.0700000002980232,-0.32293121786337503,resting,
3,right,2211.8906923076925,1789025636301,-0.4044014811515808,9.40891456604004,1.8640754222869875,0.2100000083446502,-4.199999809265137,-0.0700000002980232,-0.3247592180227255,resting,
3,right,2211.900307692308,1789025636301,-0.3852581977844238,9.430450439453123,1.897576093673706,0.2100000083446502,-4.199999809265137,-0.0700000002980232,-0.32632861745332203,resting,
3,right,2211.909,1789025636377,-0.3900440335273742,9.411307334899902,1.9215052127838133,-1.8899999856948853,-4.130000114440918,0.3499999940395355,-0.32786704639108344,resting,
3,right,2211.918615384616,1789025636377,-0.363722026348114,9.437629699707031,1.9310768842697144,-1.8899999856948853,-4.130000114440918,0.3499999940395355,-0.32931165999618595,resting,
3,right,2211.928230769231,1789025636377,-0.4067943692207336,9.45438003540039,1.8856115341186523,-1.8899999856948853,-4.130000114440918,0.3499999940395355,-0.33066701975806817,resting,
3,right,2211.9378461538463,1789025636377,-0.3732936680316925,9.451987266540527,1.84014630317688,-1.8899999856948853,-4.130000114440918,0.3499999940395355,-0.33214268391315627,resting,
3,right,2211.947461538461,1789025636377,-0.3732936680316925,9.45438003540039,1.90954065322876,-1.8899999856948853,-4.130000114440918,0.3499999940395355,-0.33346449901473724,resting,
3,right,2211.957076923077,1789025636377,-0.3804723918437958,9.425664901733398,1.9191123247146609,-1.8899999856948853,-4.130000114440918,0.3499999940395355,-0.33503493470822043,resting,
3,right,2211.9666923076925,1789025636377,-0.4235447347164154,9.451987266540527,1.9406484365463257,-1.8899999856948853,-4.130000114440918,0.3499999940395355,-0.3362988288348078,resting,
3,right,2211.976307692308,1789025636377,-0.368507832288742,9.516595840454102,1.868861198425293,-1.8899999856948853,-4.130000114440918,0.3499999940395355,-0.3371126435358932,resting,
3,right,2211.984,1789025636451,-0.4235447347164154,9.516595840454102,1.890397429466248,1.9600000381469729,-3.569999933242798,1.190000057220459,-0.337713202004689,resting,
3,right,2211.993615384615,1789025636451,-0.3900440335273742,9.480701446533203,1.873647093772888,1.9600000381469729,-3.569999933242798,1.190000057220459,-0.3388457876192671,resting,
3,right,2212.003230769231,1789025636451,-0.387651115655899,9.514202117919922,1.830574631690979,1.9600000381469729,-3.569999933242798,1.190000057220459,-0.33974337033174146,resting,
3,right,2212.012846153846,1789025636451,-0.4331163763999939,9.554882049560549,1.8592896461486816,1.9600000381469729,-3.569999933242798,1.190000057220459,-0.3401855932167004,resting,
3,right,2212.0224615384614,1789025636451,-0.4785816073417663,9.523774147033691,1.8545037508010864,1.9600000381469729,-3.569999933242798,1.190000057220459,-0.34091054204231364,resting,
3,right,2212.032076923077,1789025636451,-0.4331163763999939,9.490273475646973,1.8999689817428589,1.9600000381469729,-3.569999933242798,1.190000057220459,-0.3418849144312191,resting,
3,right,2212.0416923076923,1789025636451,-0.4211518168449402,9.418486595153809,1.9382555484771729,1.9600000381469729,-3.569999933242798,1.190000057220459,-0.3434681969244919,resting,
3,right,2212.0513076923075,1789025636451,-0.4498667120933532,9.430450439453123,1.9143264293670652,1.9600000381469729,-3.569999933242798,1.190000057220459,-0.34497034957644546,resting,
3,right,2212.06,1789025636527,-0.4857603311538696,9.40891456604004,1.904754877090454,-3.150000095367432,-3.7100000381469727,1.190000057220459,-0.34651284284566874,resting,
3,right,2212.069615384615,1789025636527,-0.4355092644691467,9.396949768066406,1.9215052127838133,-3.150000095367432,-3.7100000381469727,1.190000057220459,-0.3483203308863226,resting,
3,right,2212.079230769231,1789025636527,-0.4474738240242004,9.353878021240234,1.945434331893921,-3.150000095367432,-3.7100000381469727,1.190000057220459,-0.35048079546392774,resting,
3,right,2212.088846153846,1789025636527,-0.4091872870922088,9.351485252380373,1.9765421152114868,-3.150000095367432,-3.7100000381469727,1.190000057220459,-0.35261829338327905,resting,
3,right,2212.0984615384614,1789025636527,-0.4331163763999939,9.329948425292969,1.945434331893921,-3.150000095367432,-3.7100000381469727,1.190000057220459,-0.3550072108084387,resting,
3,right,2212.108076923077,1789025636527,-0.4020085632801056,9.329948425292969,1.986113667488098,-3.150000095367432,-3.7100000381469727,1.190000057220459,-0.3573279220259942,resting,
3,right,2212.1176923076923,1789025636527,-0.4115802049636841,9.327555656433104,1.9908995628356931,-3.150000095367432,-3.7100000381469727,1.190000057220459,-0.3596561400407129,resting,
3,right,2212.127307692308,1789025636527,-0.4474738240242004,9.36584186553955,2.0052568912506104,-3.150000095367432,-3.7100000381469727,1.190000057220459,-0.3615796778224397,resting,
3,right,2212.136,1789025636601,-0.4283305406570434,9.39934253692627,1.998078227043152,-1.75,-3.289999961853028,1.4700000286102295,-0.3630537529383543,resting,
3,right,2212.145615384615,1789025636601,-0.4450809061527252,9.351485252380373,2.017221450805664,-1.75,-3.289999961853028,1.4700000286102295,-0.3650872785987421,resting,
3,right,2212.155230769231,1789025636601,-0.4044014811515808,9.38259220123291,1.995685338973999,-1.75,-3.289999961853028,1.4700000286102295,-0.36688824829862543,resting,
3,right,2212.164846153846,1789025636601,-0.4163660109043121,9.36584186553955,2.0339717864990234,-1.75,-3.289999961853028,1.4700000286102295,-0.368763517275086,resting,
3,right,2212.1744615384614,1789025636601,-0.4259376525878906,9.404129028320312,2.0291860103607178,-1.75,-3.289999961853028,1.4700000286102295,-0.3702841373918477,resting,
3,right,2212.184076923077,1789025636601,-0.4690099954605102,9.389771461486816,2.014828681945801,-1.75,-3.289999961853028,1.4700000286102295,-0.3719490639206632,resting,
3,right,2212.1936923076923,1789025636601,-0.3972227573394775,9.40173625946045,1.983720779418945,-1.75,-3.289999961853028,1.4700000286102295,-0.37359459044619314,resting,
3,right,2212.203307692308,1789025636601,-0.4546525478363037,9.389771461486816,1.9526129961013796,-1.75,-3.289999961853028,1.4700000286102295,-0.3753894001291937,resting,
3,right,2212.213,1789025636675,-0.4331163763999939,9.380199432373049,1.9885066747665403,0.9100000262260436,-3.0799999237060547,1.8200000524520876,-0.3772246902863076,resting,
3,right,2212.2226153846154,1789025636675,-0.4331163763999939,9.437629699707031,1.9597917795181277,0.9100000262260436,-3.0799999237060547,1.8200000524520876,-0.37856194968176543,resting,
3,right,2212.232230769231,1789025636675,-0.4474738240242004,9.423272132873535,1.955005884170532,0.9100000262260436,-3.0799999237060547,1.8200000524520876,-0.3800364242071608,resting,
3,right,2212.2418461538464,1789025636675,-0.4450809061527252,9.463951110839844,1.9813278913497925,0.9100000262260436,-3.0799999237060547,1.8200000524520876,-0.3810770566455474,resting,
3,right,2212.2514615384616,1789025636675,-0.4283305406570434,9.46155834197998,1.9908995628356931,0.9100000262260436,-3.0799999237060547,1.8200000524520876,-0.3821280642664099,resting,
3,right,2212.2610769230773,1789025636675,-0.4115802049636841,9.47113037109375,1.9334697723388672,0.9100000262260436,-3.0799999237060547,1.8200000524520876,-0.383208298583482,resting,
3,right,2212.270692307693,1789025636675,-0.4235447347164154,9.47113037109375,1.9238981008529663,0.9100000262260436,-3.0799999237060547,1.8200000524520876,-0.3843011741412592,resting,
3,right,2212.280307692308,1789025636675,-0.3804723918437958,9.47113037109375,1.9334697723388672,0.9100000262260436,-3.0799999237060547,1.8200000524520876,-0.3853920737977943,resting,
3,right,2212.288,1789025636751,-0.3852581977844238,9.428057670593262,1.957398772239685,-0.5600000023841858,-3.220000028610229,1.8200000524520876,-0.3865498591019963,resting,
3,right,2212.2976153846157,1789025636751,-0.3374000489711761,9.39216423034668,1.93586266040802,-0.5600000023841858,-3.220000028610229,1.8200000524520876,-0.3883934938246782,resting,
3,right,2212.307230769231,1789025636751,-0.3445787727832794,9.435236930847168,1.971756219863892,-0.5600000023841858,-3.220000028610229,1.8200000524520876,-0.38975835367604234,resting,
3,right,2212.316846153846,1789025636751,-0.3182567656040191,9.377806663513184,1.9406484365463257,-0.5600000023841858,-3.220000028610229,1.8200000524520876,-0.39173217470857274,resting,
3,right,2212.326461538461,1789025636751,-0.3445787727832794,9.38259220123291,1.9406484365463257,-0.5600000023841858,-3.220000028610229,1.8200000524520876,-0.39365123092792503,resting,
3,right,2212.336076923077,1789025636751,-0.2943277060985565,9.36584186553955,1.9382555484771729,-0.5600000023841858,-3.220000028610229,1.8200000524520876,-0.39574795574802796,resting,
3,right,2212.3456923076924,1789025636751,-0.3254354894161224,9.387378692626951,1.9334697723388672,-0.5600000023841858,-3.220000028610229,1.8200000524520876,-0.3976404187214652,resting,
3,right,2212.355307692308,1789025636751,-0.3589362204074859,9.38498592376709,1.9334697723388672,-0.5600000023841858,-3.220000028610229,1.8200000524520876,-0.3995432260393703,resting,
3,right,2212.364,1789025636827,-0.3326142132282257,9.373021125793455,1.9382555484771729,0.3499999940395355,-2.940000057220459,2.0299999713897705,-0.40136402679171773,resting,
3,right,2212.3736153846157,1789025636827,-0.3038993179798126,9.310805320739746,1.983720779418945,0.3499999940395355,-2.940000057220459,2.0299999713897705,-0.40388244681366386,resting,
3,right,2212.383230769231,1789025636827,-0.3062922358512878,9.361056327819824,1.9526129961013796,0.3499999940395355,-2.940000057220459,2.0299999713897705,-0.4059873916260252,resting,
3,right,2212.392846153846,1789025636827,-0.3015064299106598,9.36823558807373,1.964577555656433,0.3499999940395355,-2.940000057220459,2.0299999713897705,-0.4080016876665438,resting,
3,right,2212.402461538461,1789025636827,-0.2967205941677093,9.356270790100098,1.9597917795181277,0.3499999940395355,-2.940000057220459,2.0299999713897705,-0.4101384462170952,resting,
3,right,2212.412076923077,1789025636827,-0.3206496834754944,9.353878021240234,1.964577555656433,0.3499999940395355,-2.940000057220459,2.0299999713897705,-0.4122799778302489,resting,
3,right,2212.4216923076924,1789025636827,-0.27997025847435,9.40173625946045,1.9334697723388672,0.3499999940395355,-2.940000057220459,2.0299999713897705,-0.4140434256398792,resting,
3,right,2212.431307692308,1789025636827,-0.308685153722763,9.363449096679688,1.9430413246154783,0.3499999940395355,-2.940000057220459,2.0299999713897705,-0.4161389220895253,resting,
3,right,2212.44,1789025636901,-0.3445787727832794,9.423272132873535,1.9334697723388672,1.2599999904632568,-2.799999952316284,1.8899999856948853,-0.4175303356172975,resting,
3,right,2212.4496153846158,1789025636901,-0.3374000489711761,9.442415237426758,1.9023619890213013,1.2599999904632568,-2.799999952316284,1.8899999856948853,-0.4189507572098995,resting,
3,right,2212.459230769231,1789025636901,-0.3709007501602173,9.442415237426758,1.9143264293670652,1.2599999904632568,-2.799999952316284,1.8899999856948853,-0.4203361120847306,resting,
3,right,2212.4688461538462,1789025636901,-0.3445787727832794,9.428057670593262,1.9119335412979128,1.2599999904632568,-2.799999952316284,1.8899999856948853,-0.42186897868224504,resting,
3,right,2212.478461538461,1789025636901,-0.3206496834754944,9.432844161987305,1.8856115341186523,1.2599999904632568,-2.799999952316284,1.8899999856948853,-0.42341396569380296,resting,
3,right,2212.488076923077,1789025636901,-0.363722026348114,9.423272132873535,1.904754877090454,1.2599999904632568,-2.799999952316284,1.8899999856948853,-0.42499758580653774,resting,
3,right,2212.4976923076924,1789025636901,-0.2991135120391845,9.406521797180176,1.9310768842697144,1.2599999904632568,-2.799999952316284,1.8899999856948853,-0.4267093918693742,resting,
3,right,2212.507307692308,1789025636901,-0.27997025847435,9.406521797180176,1.890397429466248,1.2599999904632568,-2.799999952316284,1.8899999856948853,-0.4285033289627698,resting,
3,right,2212.516,1789025636976,-0.3230426013469696,9.38498592376709,1.8712540864944456,0.2100000083446502,-2.5199999809265137,1.8899999856948853,-0.43032849610423185,resting,
3,right,2212.525615384616,1789025636976,-0.3158638775348663,9.329948425292969,1.9143264293670652,0.2100000083446502,-2.5199999809265137,1.8899999856948853,-0.43278527277972123,resting,
3,right,2212.535230769231,1789025636976,-0.3038993179798126,9.373021125793455,1.907147765159607,0.2100000083446502,-2.5199999809265137,1.8899999856948853,-0.4348525547016355,resting,
3,right,2212.5448461538463,1789025636976,-0.2967205941677093,9.38498592376709,1.904754877090454,0.2100000083446502,-2.5199999809265137,1.8899999856948853,-0.43681303366316176,resting,
3,right,2212.554461538461,1789025636976,-0.3350071310997009,9.36823558807373,1.8856115341186523,0.2100000083446502,-2.5199999809265137,1.8899999856948853,-0.43895514133066993,resting,
3,right,2212.564076923077,1789025636976,-0.3038993179798126,9.327555656433104,1.8712540864944456,0.2100000083446502,-2.5199999809265137,1.8899999856948853,-0.4415158261137321,resting,
3,right,2212.5736923076925,1789025636976,-0.3110780417919159,9.394556999206545,1.9430413246154783,0.2100000083446502,-2.5199999809265137,1.8899999856948853,-0.44330583506685867,resting,
3,right,2212.583307692308,1789025636976,-0.2919347882270813,9.420879364013672,1.9238981008529663,0.2100000083446502,-2.5199999809265137,1.8899999856948853,-0.44488905825074,resting,
3,right,2212.591,1789025637052,-0.3374000489711761,9.40173625946045,1.9693633317947388,0.0700000002980232,-2.6600000858306885,1.5399999618530271,-0.4462185788305709,resting,
3,right,2212.600615384615,1789025637052,-0.3613291084766388,9.404129028320312,1.9143264293670652,0.0700000002980232,-2.6600000858306885,1.5399999618530271,-0.4479549671205539,resting,
3,right,2212.610230769231,1789025637052,-0.2895418703556061,9.46155834197998,1.9215052127838133,0.0700000002980232,-2.6600000858306885,1.5399999618530271,-0.4491582870798544,resting,
3,right,2212.619846153846,1789025637052,-0.3134709596633911,9.475915908813477,1.90954065322876,0.0700000002980232,-2.6600000858306885,1.5399999618530271,-0.450241538748626,resting,
3,right,2212.6294615384613,1789025637052,-0.284756064414978,9.437629699707031,1.9478272199630735,0.0700000002980232,-2.6600000858306885,1.5399999618530271,-0.45161995236021407,resting,
3,right,2212.639076923077,1789025637052,-0.3134709596633911,9.406521797180176,1.9813278913497925,0.0700000002980232,-2.6600000858306885,1.5399999618530271,-0.4532171720524719,resting,
3,right,2212.6486923076923,1789025637052,-0.2895418703556061,9.406521797180176,1.9621846675872805,0.0700000002980232,-2.6600000858306885,1.5399999618530271,-0.45485720959060083,resting,
3,right,2212.6583076923075,1789025637052,-0.2895418703556061,9.327555656433104,1.986113667488098,0.0700000002980232,-2.6600000858306885,1.5399999618530271,-0.45719221587679565,resting,
3,right,2212.668,1789025637145,-0.3062922358512878,9.334734916687012,2.002864122390747,-1.75,-2.5199999809265137,1.3300000429153442,-0.4594379760397816,resting,
3,right,2212.677615384616,1789025637145,-0.2871489822864532,9.27969741821289,2.002864122390747,-1.75,-2.5199999809265137,1.3300000429153442,-0.4621870393894936,resting,
3,right,2212.687230769231,1789025637145,-0.2488624453544616,9.294054985046388,2.0220072269439697,-1.75,-2.5199999809265137,1.3300000429153442,-0.46477169977638233,resting,
3,right,2212.6968461538463,1789025637145,-0.284756064414978,9.286876678466797,1.998078227043152,-1.75,-2.5199999809265137,1.3300000429153442,-0.4674603511378783,resting,
3,right,2212.7064615384616,1789025637145,-0.2416837215423584,9.301233291625977,2.0196144580841064,-1.75,-2.5199999809265137,1.3300000429153442,-0.4699808469768781,resting,
3,right,2212.7160769230773,1789025637145,-0.2201475501060485,9.303627014160156,1.9932924509048464,-1.75,-2.5199999809265137,1.3300000429153442,-0.4725360450251113,resting,
3,right,2212.7256923076925,1789025637145,-0.2751844227313995,9.325162887573242,1.998078227043152,-1.75,-2.5199999809265137,1.3300000429153442,-0.4748642531642033,resting,
3,right,2212.735307692308,1789025637145,-0.2584340870380401,9.349091529846191,1.955005884170532,-1.75,-2.5199999809265137,1.3300000429153442,-0.4770574673479485,resting,
3,right,2212.744,1789025637200,-0.2345049977302551,9.394556999206545,1.9526129961013796,2.5899999141693115,-2.380000114440918,1.399999976158142,-0.4786622144535674,resting,
3,right,2212.7536153846154,1789025637200,-0.2392908036708831,9.396949768066406,1.9119335412979128,2.5899999141693115,-2.380000114440918,1.399999976158142,-0.4804927556301605,resting,
3,right,2212.763230769231,1789025637200,-0.205790102481842,9.420879364013672,1.966970443725586,2.5899999141693115,-2.380000114440918,1.399999976158142,-0.48199599251177244,resting,
3,right,2212.7728461538463,1789025637200,-0.2297191768884658,9.411307334899902,1.9430413246154783,2.5899999141693115,-2.380000114440918,1.399999976158142,-0.4836299462716822,resting,
3,right,2212.7824615384616,1789025637200,-0.2273262739181518,9.442415237426758,1.9430413246154783,2.5899999141693115,-2.380000114440918,1.399999976158142,-0.48497087202025496,resting,
3,right,2212.7920769230773,1789025637200,-0.2345049977302551,9.456772804260254,1.8999689817428589,2.5899999141693115,-2.380000114440918,1.399999976158142,-0.48625718617598035,resting,
3,right,2212.8016923076925,1789025637200,-0.2273262739181518,9.480701446533203,1.9191123247146609,2.5899999141693115,-2.380000114440918,1.399999976158142,-0.48728240665444356,resting,
3,right,2212.811307692308,1789025637200,-0.2488624453544616,9.406521797180176,1.93586266040802,2.5899999141693115,-2.380000114440918,1.399999976158142,-0.4889687345248932,resting,
3,right,2212.82,1789025637276,-0.2297191768884658,9.416092872619627,1.8951832056045528,0.7699999809265137,-2.450000047683716,1.1200000047683716,-0.4904851267315459,resting,
3,right,2212.8296153846154,1789025637276,-0.2010042816400528,9.411307334899902,1.8616825342178345,0.7699999809265137,-2.450000047683716,1.1200000047683716,-0.49227631030946745,resting,
3,right,2212.839230769231,1789025637276,-0.1794681102037429,9.416092872619627,1.8592896461486816,0.7699999809265137,-2.450000047683716,1.1200000047683716,-0.4940300614629846,resting,
3,right,2212.8488461538464,1789025637276,-0.181861013174057,9.47830867767334,1.8640754222869875,0.7699999809265137,-2.450000047683716,1.1200000047683716,-0.49518686147309565,resting,
3,right,2212.8584615384616,1789025637276,-0.1794681102037429,9.40891456604004,1.868861198425293,0.7699999809265137,-2.450000047683716,1.1200000047683716,-0.49698873401916394,resting,
3,right,2212.8680769230773,1789025637276,-0.1722893863916397,9.411307334899902,1.8521108627319336,0.7699999809265137,-2.450000047683716,1.1200000047683716,-0.4987996672880896,resting,
3,right,2212.8776923076925,1789025637276,-0.1579319387674331,9.396949768066406,1.830574631690979,0.7699999809265137,-2.450000047683716,1.1200000047683716,-0.5007873008902883,resting,
3,right,2212.887307692308,1789025637276,-0.1483602970838546,9.435236930847168,1.8568966388702397,0.7699999809265137,-2.450000047683716,1.1200000047683716,-0.5023657410011473,resting,
3,right,2212.895,1789025637351,-0.1483602970838546,9.406521797180176,1.8329676389694212,2.5899999141693115,-2.240000009536743,1.1200000047683716,-0.5038800361294873,resting,
3,right,2212.904615384615,1789025637351,-0.1172524988651275,9.394556999206545,1.7851094007492063,2.5899999141693115,-2.240000009536743,1.1200000047683716,-0.5059765933700048,resting,
3,right,2212.914230769231,1789025637351,-0.1603248417377472,9.39934253692627,1.7898952960968018,2.5899999141693115,-2.240000009536743,1.1200000047683716,-0.5080119336235812,resting,
3,right,2212.923846153846,1789025637351,-0.1435744911432266,9.38259220123291,1.84014630317688,2.5899999141693115,-2.240000009536743,1.1200000047683716,-0.5101155360650231,resting,
3,right,2212.9334615384614,1789025637351,-0.1531461179256439,9.39934253692627,1.8233959674835205,2.5899999141693115,-2.240000009536743,1.1200000047683716,-0.5120890522809954,resting,
3,right,2212.943076923077,1789025637351,-0.1866468340158462,9.37541389465332,1.84014630317688,2.5899999141693115,-2.240000009536743,1.1200000047683716,-0.5142513212932517,resting,
3,right,2212.9526923076924,1789025637351,-0.2225404530763626,9.325162887573242,1.8042527437210083,2.5899999141693115,-2.240000009536743,1.1200000047683716,-0.5169456097872597,resting,
3,right,2212.962307692308,1789025637351,-0.184253916144371,9.341913223266602,1.8162171840667725,2.5899999141693115,-2.240000009536743,1.1200000047683716,-0.5194654264962674,resting,
3,right,2212.971,1789025637426,-0.2345049977302551,9.351485252380373,1.830574631690979,0.3499999940395355,-2.5199999809265137,0.8400000333786011,-0.5216279721375698,resting,
3,right,2212.9806153846152,1789025637426,-0.2991135120391845,9.329948425292969,1.8497179746627808,0.3499999940395355,-2.5199999809265137,0.8400000333786011,-0.5241726418402486,resting,
3,right,2212.990230769231,1789025637426,-0.308685153722763,9.337127685546877,1.8616825342178345,0.3499999940395355,-2.5199999809265137,0.8400000333786011,-0.5266228451617808,resting,
3,right,2212.999846153846,1789025637426,-0.3134709596633911,9.346698760986328,1.777930736541748,0.3499999940395355,-2.5199999809265137,0.8400000333786011,-0.5291336998747804,resting,
3,right,2213.009461538461,1789025637426,-0.2991135120391845,9.329948425292969,1.8880045413970947,0.3499999940395355,-2.5199999809265137,0.8400000333786011,-0.5316013940660622,resting,
3,right,2213.019076923077,1789025637426,-0.2943277060985565,9.356270790100098,1.8784328699111936,0.3499999940395355,-2.5199999809265137,0.8400000333786011,-0.5338377933794232,resting,
3,right,2213.0286923076924,1789025637426,-0.3302213251590729,9.36823558807373,1.8640754222869875,0.3499999940395355,-2.5199999809265137,0.8400000333786011,-0.5359766925644671,resting,
3,right,2213.038307692308,1789025637426,-0.3421858549118042,9.404129028320312,1.8832186460494995,0.3499999940395355,-2.5199999809265137,0.8400000333786011,-0.5377363538751352,resting,
3,right,2213.048,1789025637501,-0.3326142132282257,9.406521797180176,1.873647093772888,-1.190000057220459,-2.450000047683716,0.3499999940395355,-0.5395065848345503,resting,
3,right,2213.057615384615,1789025637501,-0.3110780417919159,9.411307334899902,1.8832186460494995,-1.190000057220459,-2.450000047683716,0.3499999940395355,-0.5412053147064528,resting,
3,right,2213.0672307692307,1789025637501,-0.2919347882270813,9.420879364013672,1.8353605270385744,-1.190000057220459,-2.450000047683716,0.3499999940395355,-0.5429086773708633,resting,
3,right,2213.076846153846,1789025637501,-0.2991135120391845,9.420879364013672,1.8616825342178345,-1.190000057220459,-2.450000047683716,0.3499999940395355,-0.5445595913300145,resting,
3,right,2213.086461538461,1789025637501,-0.2727915346622467,9.449594497680664,1.8042527437210083,-1.190000057220459,-2.450000047683716,0.3499999940395355,-0.5460532706597223,resting,
3,right,2213.096076923077,1789025637501,-0.2680056989192962,9.442415237426758,1.8592896461486816,-1.190000057220459,-2.450000047683716,0.3499999940395355,-0.547512969439169,resting,
3,right,2213.105692307692,1789025637501,-0.2703986167907715,9.44480800628662,1.806645631790161,-1.190000057220459,-2.450000047683716,0.3499999940395355,-0.5490460153983598,resting,
3,right,2213.1153076923074,1789025637501,-0.2727915346622467,9.425664901733398,1.8114314079284668,-1.190000057220459,-2.450000047683716,0.3499999940395355,-0.5507489999384759,resting,
3,right,2213.123,1789025637591,-0.2919347882270813,9.40891456604004,1.8592896461486816,-1.8200000524520876,-2.450000047683716,-0.0700000002980232,-0.552162521301476,resting,
3,right,2213.1326153846157,1789025637591,-0.2416837215423584,9.411307334899902,1.8832186460494995,-1.8200000524520876,-2.450000047683716,-0.0700000002980232,-0.5538749614108635,resting,
3,right,2213.142230769231,1789025637591,-0.2895418703556061,9.337127685546877,1.86646831035614,-1.8200000524520876,-2.450000047683716,-0.0700000002980232,-0.5563037230767114,resting,
3,right,2213.1518461538462,1789025637591,-0.2703986167907715,9.35866355895996,1.873647093772888,-1.8200000524520876,-2.450000047683716,-0.0700000002980232,-0.5585201765298247,resting,
3,right,2213.161461538461,1789025637591,-0.2488624453544616,9.346698760986328,1.8712540864944456,-1.8200000524520876,-2.450000047683716,-0.0700000002980232,-0.5608584225884579,resting,
3,right,2213.171076923077,1789025637591,-0.2680056989192962,9.39934253692627,1.821003079414368,-1.8200000524520876,-2.450000047683716,-0.0700000002980232,-0.5627891407013412,resting,
3,right,2213.1806923076924,1789025637591,-0.2273262739181518,9.373021125793455,1.799466848373413,-1.8200000524520876,-2.450000047683716,-0.0700000002980232,-0.5650170361545915,resting,
3,right,2213.190307692308,1789025637591,-0.2727915346622467,9.39934253692627,1.844932198524475,-1.8200000524520876,-2.450000047683716,-0.0700000002980232,-0.5668991095805814,resting,
3,right,2213.199,1789025637699,-0.2751844227313995,9.40891456604004,1.8233959674835205,1.9600000381469729,-2.6600000858306885,0.1400000005960464,-0.5685535097292441,resting,
3,right,2213.2086153846158,1789025637699,-0.2632198929786682,9.44480800628662,1.8114314079284668,1.9600000381469729,-2.6600000858306885,0.1400000005960464,-0.5700690961511249,resting,
3,right,2213.218230769231,1789025637699,-0.2632198929786682,9.47113037109375,1.7898952960968018,1.9600000381469729,-2.6600000858306885,0.1400000005960464,-0.5713745152007972,resting,
3,right,2213.2278461538463,1789025637699,-0.2440766245126724,9.48788070678711,1.8042527437210083,1.9600000381469729,-2.6600000858306885,0.1400000005960464,-0.5724998339539574,resting,
3,right,2213.237461538461,1789025637699,-0.2560411691665649,9.432844161987305,1.8545037508010864,1.9600000381469729,-2.6600000858306885,0.1400000005960464,-0.5740498846645931,resting,
3,right,2213.247076923077,1789025637699,-0.2919347882270813,9.483095169067385,1.8257888555526731,1.9600000381469729,-2.6600000858306885,0.1400000005960464,-0.5751675986403769,resting,
3,right,2213.2566923076924,1789025637699,-0.2680056989192962,9.456772804260254,1.84014630317688,1.9600000381469729,-2.6600000858306885,0.1400000005960464,-0.5765133504026854,resting,
3,right,2213.266307692308,1789025637699,-0.2488624453544616,9.420879364013672,1.8114314079284668,1.9600000381469729,-2.6600000858306885,0.1400000005960464,-0.5782542633112308,resting,
3,right,2213.275,1789025637740,-0.27997025847435,9.430450439453123,1.8784328699111936,0.4900000095367431,-3.009999990463257,0.0700000002980232,-0.5796282509735619,resting,
3,right,2213.284615384616,1789025637740,-0.2703986167907715,9.447200775146484,1.8592896461486816,0.4900000095367431,-3.009999990463257,0.0700000002980232,-0.581026338810751,resting,
3,right,2213.294230769231,1789025637740,-0.2488624453544616,9.44480800628662,1.799466848373413,0.4900000095367431,-3.009999990463257,0.0700000002980232,-0.5825611748850665,resting,
3,right,2213.3038461538463,1789025637740,-0.2464695274829864,9.406521797180176,1.7946810722351074,0.4900000095367431,-3.009999990463257,0.0700000002980232,-0.5844655505529522,resting,
3,right,2213.313461538461,1789025637740,-0.2416837215423584,9.389771461486816,1.7970739603042605,0.4900000095367431,-3.009999990463257,0.0700000002980232,-0.58652399536865,resting,
3,right,2213.323076923077,1789025637740,-0.2632198929786682,9.420879364013672,1.7635732889175415,0.4900000095367431,-3.009999990463257,0.0700000002980232,-0.588342685175901,resting,
3,right,2213.3326923076925,1789025637740,-0.2584340870380401,9.404129028320312,1.84014630317688,0.4900000095367431,-3.009999990463257,0.0700000002980232,-0.5901819646037579,resting,
3,right,2213.342307692308,1789025637740,-0.2751844227313995,9.413700103759766,1.806645631790161,0.4900000095367431,-3.009999990463257,0.0700000002980232,-0.5919859403089174,resting,
3,right,2213.351,1789025637816,-0.284756064414978,9.380199432373049,1.7755378484725952,0.4200000166893005,-3.220000028610229,0.2100000083446502,-0.5939500343982735,resting,
3,right,2213.360615384616,1789025637816,-0.2967205941677093,9.411307334899902,1.7875022888183594,0.4200000166893005,-3.220000028610229,0.2100000083446502,-0.5958030131290821,resting,
3,right,2213.370230769231,1789025637816,-0.260826975107193,9.389771461486816,1.8162171840667725,0.4200000166893005,-3.220000028610229,0.2100000083446502,-0.5978166509622826,resting,
3,right,2213.3798461538463,1789025637816,-0.308685153722763,9.40891456604004,1.8114314079284668,0.4200000166893005,-3.220000028610229,0.2100000083446502,-0.5996436641375954,resting,
3,right,2213.389461538461,1789025637816,-0.2727915346622467,9.428057670593262,1.8042527437210083,0.4200000166893005,-3.220000028610229,0.2100000083446502,-0.6013124722386493,resting,
3,right,2213.399076923077,1789025637816,-0.3134709596633911,9.437629699707031,1.801859736442566,0.4200000166893005,-3.220000028610229,0.2100000083446502,-0.6028828344787632,resting,
3,right,2213.4086923076925,1789025637816,-0.308685153722763,9.430450439453123,1.761180400848389,0.4200000166893005,-3.220000028610229,0.2100000083446502,-0.6045943993073666,resting,
3,right,2213.418307692308,1789025637816,-0.3206496834754944,9.447200775146484,1.7563945055007937,0.4200000166893005,-3.220000028610229,0.2100000083446502,-0.6061515811354374,resting,
3,right,2213.426,1789025637891,-0.3278284072875976,9.418486595153809,1.7875022888183594,-0.1400000005960464,-3.0799999237060547,0.2800000011920929,-0.6075674971381109,resting,
3,right,2213.435615384615,1789025637891,-0.4020085632801056,9.475915908813477,1.7851094007492063,-0.1400000005960464,-3.0799999237060547,0.2800000011920929,-0.6087741883902061,resting,
3,right,2213.445230769231,1789025637891,-0.3804723918437958,9.475915908813477,1.7922881841659546,-0.1400000005960464,-3.0799999237060547,0.2800000011920929,-0.6099739048545549,resting,
3,right,2213.454846153846,1789025637891,-0.3948298394680023,9.468737602233888,1.7803236246109009,-0.1400000005960464,-3.0799999237060547,0.2800000011920929,-0.6112564984420087,resting,
3,right,2213.4644615384614,1789025637891,-0.3326142132282257,9.475915908813477,1.7444299459457395,-0.1400000005960464,-3.0799999237060547,0.2800000011920929,-0.6125565693941161,resting,
3,right,2213.474076923077,1789025637891,-0.3804723918437958,9.442415237426758,1.7516087293624878,-0.1400000005960464,-3.0799999237060547,0.2800000011920929,-0.6141422629322034,resting,
3,right,2213.4836923076923,1789025637891,-0.339792937040329,9.413700103759766,1.7300724983215332,-0.1400000005960464,-3.0799999237060547,0.2800000011920929,-0.6160506520532179,resting,
3,right,2213.493307692308,1789025637891,-0.3182567656040191,9.418486595153809,1.7372512817382812,-0.1400000005960464,-3.0799999237060547,0.2800000011920929,-0.6179074718247094,resting,
3,right,2213.503,1789025637967,-0.3326142132282257,9.442415237426758,1.7563945055007937,-1.1200000047683716,-3.3600001335144043,0.1400000005960464,-0.6195118426671131,resting,
3,right,2213.5126153846154,1789025637967,-0.3445787727832794,9.440022468566896,1.801859736442566,-1.1200000047683716,-3.3600001335144043,0.1400000005960464,-0.6210407307649839,resting,
3,right,2213.522230769231,1789025637967,-0.3038993179798126,9.380199432373049,1.84014630317688,-1.1200000047683716,-3.3600001335144043,0.1400000005960464,-0.6230780088588667,resting,
3,right,2213.5318461538463,1789025637967,-0.3374000489711761,9.39934253692627,1.809038519859314,-1.1200000047683716,-3.3600001335144043,0.1400000005960464,-0.6249780986249719,resting,
3,right,2213.5414615384616,1789025637967,-0.363722026348114,9.389771461486816,1.801859736442566,-1.1200000047683716,-3.3600001335144043,0.1400000005960464,-0.6269713567724361,resting,
3,right,2213.5510769230773,1789025637967,-0.3517574965953827,9.396949768066406,1.809038519859314,-1.1200000047683716,-3.3600001335144043,0.1400000005960464,-0.6288871374608822,resting,
3,right,2213.5606923076925,1789025637967,-0.3206496834754944,9.370628356933594,1.7516087293624878,-1.1200000047683716,-3.3600001335144043,0.1400000005960464,-0.631165188237581,resting,
3,right,2213.570307692308,1789025637967,-0.3254354894161224,9.389771461486816,1.8042527437210083,-1.1200000047683716,-3.3600001335144043,0.1400000005960464,-0.6331642574172295,resting,
3,right,2213.579,1789025638043,-0.3493645787239074,9.430450439453123,1.8114314079284668,0.0,-3.430000066757202,0.2100000083446502,-0.634604697149367,resting,
3,right,2213.5886153846154,1789025638043,-0.3182567656040191,9.413700103759766,1.837753415107727,0.0,-3.430000066757202,0.2100000083446502,-0.6363178236809457,resting,
3,right,2213.598230769231,1789025638043,-0.3062922358512878,9.428057670593262,1.7922881841659546,0.0,-3.430000066757202,0.2100000083446502,-0.6379811259871868,resting,
3,right,2213.6078461538464,1789025638043,-0.3158638775348663,9.463951110839844,1.7898952960968018,0.0,-3.430000066757202,0.2100000083446502,-0.639306016139641,resting,
3,right,2213.6174615384616,1789025638043,-0.3517574965953827,9.418486595153809,1.7946810722351074,0.0,-3.430000066757202,0.2100000083446502,-0.6410387879401142,resting,
3,right,2213.6270769230773,1789025638043,-0.3206496834754944,9.449594497680664,1.777930736541748,0.0,-3.430000066757202,0.2100000083446502,-0.6425174621276528,resting,
3,right,2213.636692307693,1789025638043,-0.3278284072875976,9.404129028320312,1.821003079414368,0.0,-3.430000066757202,0.2100000083446502,-0.6443447458755137,resting,
3,right,2213.646307692308,1789025638043,-0.3350071310997009,9.423272132873535,1.844932198524475,0.0,-3.430000066757202,0.2100000083446502,-0.645944584903545,resting,
3,right,2213.655,1789025638118,-0.3326142132282257,9.435236930847168,1.770751953125,0.6299999952316284,-3.569999933242798,0.4200000166893005,-0.6474101002691945,resting,
3,right,2213.6646153846154,1789025638118,-0.3445787727832794,9.46155834197998,1.777930736541748,0.6299999952316284,-3.569999933242798,0.4200000166893005,-0.6487649262221058,resting,
3,right,2213.674230769231,1789025638118,-0.3469716608524322,9.435236930847168,1.8186101913452148,0.6299999952316284,-3.569999933242798,0.4200000166893005,-0.650293615815568,resting,
3,right,2213.6838461538464,1789025638118,-0.3182567656040191,9.449594497680664,1.7683590650558472,0.6299999952316284,-3.569999933242798,0.4200000166893005,-0.65178574439683,resting,
3,right,2213.6934615384616,1789025638118,-0.3302213251590729,9.411307334899902,1.7922881841659546,0.6299999952316284,-3.569999933242798,0.4200000166893005,-0.6535917487054387,resting,
3,right,2213.7030769230773,1789025638118,-0.3350071310997009,9.451987266540527,1.809038519859314,0.6299999952316284,-3.569999933242798,0.4200000166893005,-0.6549813314736956,resting,
3,right,2213.7126923076926,1789025638118,-0.339792937040329,9.440022468566896,1.7875022888183594,0.6299999952316284,-3.569999933242798,0.4200000166893005,-0.6565202498220677,resting,
3,right,2213.722307692308,1789025638118,-0.3445787727832794,9.39216423034668,1.8329676389694212,0.6299999952316284,-3.569999933242798,0.4200000166893005,-0.6584262390676018,resting,
3,right,2213.73,1789025638192,-0.3302213251590729,9.437629699707031,1.7755378484725952,-0.8400000333786011,-3.569999933242798,0.4200000166893005,-0.6596940567223372,resting,
3,right,2213.7396153846157,1789025638192,-0.3493645787239074,9.40891456604004,1.7922881841659546,-0.8400000333786011,-3.569999933242798,0.4200000166893005,-0.6615123123078384,resting,
3,right,2213.749230769231,1789025638192,-0.3804723918437958,9.418486595153809,1.8114314079284668,-0.8400000333786011,-3.569999933242798,0.4200000166893005,-0.6631936403244313,resting,
3,right,2213.758846153846,1789025638192,-0.3541503846645355,9.40891456604004,1.7683590650558472,-0.8400000333786011,-3.569999933242798,0.4200000166893005,-0.665051515511464,resting,
3,right,2213.768461538461,1789025638192,-0.3374000489711761,9.447200775146484,1.7922881841659546,-0.8400000333786011,-3.569999933242798,0.4200000166893005,-0.6665100600990922,resting,
3,right,2213.778076923077,1789025638192,-0.3732936680316925,9.449594497680664,1.7348583936691284,-0.8400000333786011,-3.569999933242798,0.4200000166893005,-0.6680353574718618,resting,
3,right,2213.7876923076924,1789025638192,-0.3948298394680023,9.45438003540039,1.8233959674835205,-0.8400000333786011,-3.569999933242798,0.4200000166893005,-0.6693486803238875,resting,
3,right,2213.797307692308,1789025638192,-0.3565433025360107,9.47113037109375,1.7922881841659546,-0.8400000333786011,-3.569999933242798,0.4200000166893005,-0.6705727203180493,resting,
3,right,2213.806,1789025638267,-0.3780794739723205,9.497451782226562,1.7875022888183594,-2.5899999141693115,-3.7799999713897705,0.5600000023841858,-0.671454844155045,resting,
3,right,2213.8156153846157,1789025638267,-0.4355092644691467,9.437629699707031,1.8042527437210083,-2.5899999141693115,-3.7799999713897705,0.5600000023841858,-0.6729427137845391,resting,
3,right,2213.825230769231,1789025638267,-0.3709007501602173,9.425664901733398,1.830574631690979,-2.5899999141693115,-3.7799999713897705,0.5600000023841858,-0.674519678056709,resting,
3,right,2213.8348461538462,1789025638267,-0.3852581977844238,9.473523139953612,1.7731448411941528,-2.5899999141693115,-3.7799999713897705,0.5600000023841858,-0.6757426318669546,resting,
3,right,2213.844461538461,1789025638267,-0.4187589287757873,9.485487937927246,1.7635732889175415,-2.5899999141693115,-3.7799999713897705,0.5600000023841858,-0.6768561746391025,resting,
3,right,2213.854076923077,1789025638267,-0.4546525478363037,9.475915908813477,1.801859736442566,-2.5899999141693115,-3.7799999713897705,0.5600000023841858,-0.6779760445019503,resting,
3,right,2213.8636923076924,1789025638267,-0.5120823383331299,9.466344833374023,1.7851094007492063,-2.5899999141693115,-3.7799999713897705,0.5600000023841858,-0.679191149708902,resting,
3,right,2213.873307692308,1789025638267,-0.5192610621452332,9.459165573120115,1.8162171840667725,-2.5899999141693115,-3.7799999713897705,0.5600000023841858,-0.6804128684767519,resting,
3,right,2213.883,1789025638341,-0.5766908526420593,9.504631042480469,1.81382429599762,-1.1200000047683716,-3.920000076293945,0.699999988079071,-0.6811887384338196,resting,
3,right,2213.892615384615,1789025638341,-0.5503688454627991,9.466344833374023,1.7683590650558472,-1.1200000047683716,-3.920000076293945,0.699999988079071,-0.6824115820812529,resting,
3,right,2213.9022307692308,1789025638341,-0.5671192407608032,9.430450439453123,1.7635732889175415,-1.1200000047683716,-3.920000076293945,0.699999988079071,-0.683971640413632,resting,
3,right,2213.911846153846,1789025638341,-0.588655412197113,9.39216423034668,1.8114314079284668,-1.1200000047683716,-3.920000076293945,0.699999988079071,-0.6857939084227418,resting,
3,right,2213.921461538461,1789025638341,-0.5120823383331299,9.349091529846191,1.7635732889175415,-1.1200000047683716,-3.920000076293945,0.699999988079071,-0.6881450054721364,resting,
3,right,2213.931076923077,1789025638341,-0.5120823383331299,9.361056327819824,1.761180400848389,-1.1200000047683716,-3.920000076293945,0.699999988079071,-0.690386236318793,resting,
3,right,2213.940692307692,1789025638341,-0.5288326740264893,9.332341194152832,1.809038519859314,-1.1200000047683716,-3.920000076293945,0.699999988079071,-0.6928026337502465,resting,
3,right,2213.9503076923074,1789025638341,-0.5958341360092163,9.339520454406738,1.7444299459457395,-1.1200000047683716,-3.920000076293945,0.699999988079071,-0.69523079511149,resting,
3,right,2213.959,1789025638416,-0.6125844717025757,9.274911880493164,1.6965718269348145,-0.1400000005960464,-3.7799999713897705,0.8400000333786011,-0.6980439503421112,resting,
3,right,2213.968615384615,1789025638416,-0.6125844717025757,9.291662216186523,1.746822953224182,-0.1400000005960464,-3.7799999713897705,0.8400000333786011,-0.7009054313361277,resting,
3,right,2213.978230769231,1789025638416,-0.6317277550697327,9.253376007080078,1.7324655055999756,-0.1400000005960464,-3.7799999713897705,0.8400000333786011,-0.704140221505553,resting,
3,right,2213.987846153846,1789025638416,-0.6939433217048645,9.262947082519531,1.7659661769866943,-0.1400000005960464,-3.7799999713897705,0.8400000333786011,-0.7071862421717845,resting,
3,right,2213.9974615384613,1789025638416,-0.7346227765083313,9.265339851379396,1.7276796102523804,-0.1400000005960464,-3.7799999713897705,0.8400000333786011,-0.710250368551158,resting,
3,right,2214.007076923077,1789025638416,-0.8040171265602112,9.30601978302002,1.7252867221832275,-0.1400000005960464,-3.7799999713897705,0.8400000333786011,-0.712889086986146,resting,
3,right,2214.016692307692,1789025638416,-0.8686256408691406,9.389771461486816,1.7372512817382812,-0.1400000005960464,-3.7799999713897705,0.8400000333786011,-0.7146722986991525,resting,
3,right,2214.0263076923075,1789025638416,-0.93323415517807,9.394556999206545,1.7157150506973269,-0.1400000005960464,-3.7799999713897705,0.8400000333786011,-0.7164024130567443,resting,
3,right,2214.034,1789025638491,-0.952377438545227,9.430450439453123,1.6630711555480957,2.5899999141693115,-3.640000104904175,0.7699999809265137,-0.7175767938577379,resting,
3,right,2214.043615384616,1789025638491,-1.012200117111206,9.411307334899902,1.6415349245071411,2.5899999141693115,-3.640000104904175,0.7699999809265137,-0.7192171052111441,resting,
3,right,2214.053230769231,1789025638491,-1.074415683746338,9.480701446533203,1.6319633722305298,2.5899999141693115,-3.640000104904175,0.7699999809265137,-0.7201707949983089,resting,
3,right,2214.0628461538463,1789025638491,-1.1342384815216064,9.418486595153809,1.5864980220794678,2.5899999141693115,-3.640000104904175,0.7699999809265137,-0.7217411007116323,resting,
3,right,2214.072461538461,1789025638491,-1.1557745933532717,9.47113037109375,1.5027462244033811,2.5899999141693115,-3.640000104904175,0.7699999809265137,-0.7229365057468427,resting,
3,right,2214.082076923077,1789025638491,-1.2036327123641968,9.411307334899902,1.4883887767791748,2.5899999141693115,-3.640000104904175,0.7699999809265137,-0.7246771016313454,resting,
3,right,2214.0916923076925,1789025638491,-1.1892752647399902,9.44480800628662,1.4907817840576172,2.5899999141693115,-3.640000104904175,0.7699999809265137,-0.72609886743349,resting,
3,right,2214.101307692308,1789025638491,-1.2490980625152588,9.466344833374023,1.4572809934616089,2.5899999141693115,-3.640000104904175,0.7699999809265137,-0.7273205021863207,resting,
3,right,2214.11,1789025638566,-1.2921704053878784,9.39216423034668,1.462066888809204,-0.699999988079071,-3.220000028610229,0.0,-0.7290126673348576,resting,
3,right,2214.119615384616,1789025638566,-1.2825987339019775,9.320377349853516,1.4692455530166626,-0.699999988079071,-3.220000028610229,0.0,-0.7315468373551532,resting,
3,right,2214.129230769231,1789025638566,-1.2802058458328247,9.207910537719728,1.4812101125717163,-0.699999988079071,-3.220000028610229,0.0,-0.7351132596980993,resting,
3,right,2214.1388461538463,1789025638566,-1.2706341743469238,9.222268104553224,1.5721405744552612,-0.699999988079071,-3.220000028610229,0.0,-0.7383890888799607,resting,
3,right,2214.1484615384616,1789025638566,-1.2610626220703125,9.29644775390625,1.5506044626235962,-0.699999988079071,-3.220000028610229,0.0,-0.7410001185177579,resting,
3,right,2214.1580769230773,1789025638566,-1.277812957763672,9.248589515686035,1.557783126831055,-0.699999988079071,-3.220000028610229,0.0,-0.7440272462997832,resting,
3,right,2214.1676923076925,1789025638566,-1.2562767267227173,9.222268104553224,1.581712245941162,-0.699999988079071,-3.220000028610229,0.0,-0.7472719395980433,resting,
3,right,2214.177307692308,1789025638566,-1.2132043838500977,9.207910537719728,1.6152129173278809,-0.699999988079071,-3.220000028610229,0.0,-0.7506252917541313,resting,
3,right,2214.186,1789025638658,-1.1557745933532717,9.191160202026367,1.70135760307312,-5.460000038146973,-3.150000095367432,-1.190000057220459,-0.7537085664213695,resting,
3,right,2214.1956153846154,1789025638658,-1.1581674814224243,9.169623374938965,1.70135760307312,-5.460000038146973,-3.150000095367432,-1.190000057220459,-0.757312535051668,resting,
3,right,2214.205230769231,1789025638658,-1.110309362411499,9.18398094177246,1.7252867221832275,-5.460000038146973,-3.150000095367432,-1.190000057220459,-0.7607783029426117,resting,
3,right,2214.2148461538463,1789025638658,-1.100737690925598,9.140909194946287,1.7587873935699463,-5.460000038146973,-3.150000095367432,-1.190000057220459,-0.7645949523482631,resting,
3,right,2214.2244615384616,1789025638658,-1.072022795677185,9.224660873413086,1.7540016174316406,-5.460000038146973,-3.150000095367432,-1.190000057220459,-0.7676545522998982,resting,
3,right,2214.2340769230773,1789025638658,-0.9882710576057434,9.215088844299316,1.801859736442566,-5.460000038146973,-3.150000095367432,-1.190000057220459,-0.7707983017764775,resting,
3,right,2214.2436923076925,1789025638658,-0.9715206623077391,9.243803977966309,1.749215841293335,-5.460000038146973,-3.150000095367432,-1.190000057220459,-0.7737797714558434,resting,
3,right,2214.253307692308,1789025638658,-0.9595561623573304,9.28926944732666,1.806645631790161,-5.460000038146973,-3.150000095367432,-1.190000057220459,-0.7762413930264876,resting,
3,right,2214.262,1789025638716,-0.8853759765625,9.301233291625977,1.837753415107727,-1.4700000286102295,-2.380000114440918,-1.4700000286102295,-0.7783779997255039,resting,
3,right,2214.2716153846154,1789025638716,-0.8614469170570374,9.363449096679688,1.8162171840667725,-1.4700000286102295,-2.380000114440918,-1.4700000286102295,-0.7802169602570712,resting,
3,right,2214.281230769231,1789025638716,-0.7920525670051575,9.329948425292969,1.8042527437210083,-1.4700000286102295,-2.380000114440918,-1.4700000286102295,-0.7824550333495113,resting,
3,right,2214.2908461538464,1789025638716,-0.7705163955688477,9.353878021240234,1.8712540864944456,-1.4700000286102295,-2.380000114440918,-1.4700000286102295,-0.7843626635033524,resting,
3,right,2214.3004615384616,1789025638716,-0.765730619430542,9.39216423034668,1.873647093772888,-1.4700000286102295,-2.380000114440918,-1.4700000286102295,-0.7859073144532825,resting,
3,right,2214.3100769230773,1789025638716,-0.7130866050720215,9.423272132873535,1.9621846675872805,-1.4700000286102295,-2.380000114440918,-1.4700000286102295,-0.7870404633503625,resting,
3,right,2214.3196923076925,1789025638716,-0.6389064788818359,9.39216423034668,1.9908995628356931,-1.4700000286102295,-2.380000114440918,-1.4700000286102295,-0.7884736494372017,resting,
3,right,2214.329307692308,1789025638716,-0.6724071502685547,9.430450439453123,2.065079689025879,-1.4700000286102295,-2.380000114440918,-1.4700000286102295,-0.7893747829846042,resting,
3,right,2214.338,1789025638807,-0.5862624645233154,9.40891456604004,2.072258472442627,-2.0299999713897705,-1.75,-1.5399999618530271,-0.7904229157321495,resting,
3,right,2214.3476153846154,1789025638807,-0.5958341360092163,9.40891456604004,2.0411505699157715,-2.0299999713897705,-1.75,-1.5399999618530271,-0.7916272083666563,resting,
3,right,2214.357230769231,1789025638807,-0.5384043455123901,9.420879364013672,2.0291860103607178,-2.0299999713897705,-1.75,-1.5399999618530271,-0.7927845114070523,resting,
3,right,2214.3668461538464,1789025638807,-0.5192610621452332,9.418486595153809,2.072258472442627,-2.0299999713897705,-1.75,-1.5399999618530271,-0.7938918214423025,resting,
3,right,2214.3764615384616,1789025638807,-0.4929390549659729,9.442415237426758,2.093794584274292,-2.0299999713897705,-1.75,-1.5399999618530271,-0.794748383494425,resting,
3,right,2214.3860769230773,1789025638807,-0.4857603311538696,9.449594497680664,2.057900905609131,-2.0299999713897705,-1.75,-1.5399999618530271,-0.7956064539342745,resting,
3,right,2214.395692307693,1789025638807,-0.4283305406570434,9.456772804260254,2.0052568912506104,-2.0299999713897705,-1.75,-1.5399999618530271,-0.796538096743723,resting,
3,right,2214.405307692308,1789025638807,-0.4331163763999939,9.466344833374023,2.010042905807495,-2.0299999713897705,-1.75,-1.5399999618530271,-0.7973606671183159,resting,
3,right,2214.414,1789025638882,-0.3780794739723205,9.480701446533203,1.995685338973999,-1.5399999618530271,-1.5399999618530271,-1.6100000143051147,-0.7980401730210849,resting,
3,right,2214.4236153846155,1789025638882,-0.3804723918437958,9.47830867767334,1.983720779418945,-1.5399999618530271,-1.5399999618530271,-1.6100000143051147,-0.7988294908719142,resting,
3,right,2214.433230769231,1789025638882,-0.3254354894161224,9.46155834197998,1.974149227142334,-1.5399999618530271,-1.5399999618530271,-1.6100000143051147,-0.7998278531141895,resting,
3,right,2214.4428461538464,1789025638882,-0.3756865561008453,9.47113037109375,1.9693633317947388,-1.5399999618530271,-1.5399999618530271,-1.6100000143051147,-0.8007039845367536,resting,
3,right,2214.4524615384616,1789025638882,-0.3493645787239074,9.40173625946045,1.9406484365463257,-1.5399999618530271,-1.5399999618530271,-1.6100000143051147,-0.8022999310930908,resting,
3,right,2214.4620769230773,1789025638882,-0.3804723918437958,9.468737602233888,1.916719436645508,-1.5399999618530271,-1.5399999618530271,-1.6100000143051147,-0.8032874624572179,resting,
3,right,2214.4716923076926,1789025638882,-0.4044014811515808,9.449594497680664,1.8640754222869875,-1.5399999618530271,-1.5399999618530271,-1.6100000143051147,-0.8045375482311508,resting,
3,right,2214.481307692308,1789025638882,-0.3661149442195892,9.394556999206545,1.9215052127838133,-1.5399999618530271,-1.5399999618530271,-1.6100000143051147,-0.8062116216763819,resting,
3,right,2214.49,1789025638958,-0.3780794739723205,9.370628356933594,1.9143264293670652,0.8400000333786011,-1.2599999904632568,-1.6100000143051147,-0.8079299109948141,resting,
3,right,2214.499615384615,1789025638958,-0.3158638775348663,9.38259220123291,1.945434331893921,0.8400000333786011,-1.2599999904632568,-1.6100000143051147,-0.8096903280483971,resting,
3,right,2214.5092307692307,1789025638958,-0.2943277060985565,9.416092872619627,1.907147765159607,0.8400000333786011,-1.2599999904632568,-1.6100000143051147,-0.811218110305791,resting,
3,right,2214.518846153846,1789025638958,-0.3158638775348663,9.377806663513184,1.93586266040802,0.8400000333786011,-1.2599999904632568,-1.6100000143051147,-0.8130317941248626,resting,
3,right,2214.528461538461,1789025638958,-0.2823631465435028,9.36584186553955,1.986113667488098,0.8400000333786011,-1.2599999904632568,-1.6100000143051147,-0.8148737238690092,resting,
3,right,2214.538076923077,1789025638958,-0.2464695274829864,9.332341194152832,1.9478272199630735,0.8400000333786011,-1.2599999904632568,-1.6100000143051147,-0.8171192568685965,resting,
3,right,2214.547692307692,1789025638958,-0.3015064299106598,9.420879364013672,1.8712540864944456,0.8400000333786011,-1.2599999904632568,-1.6100000143051147,-0.81864755223068,resting,
3,right,2214.5573076923074,1789025638958,-0.260826975107193,9.581204414367676,1.8114314079284668,0.8400000333786011,-1.2599999904632568,-1.6100000143051147,-0.8188012338569336,resting,
3,right,2214.566,1789025639033,-0.205790102481842,9.655384063720703,1.7731448411941528,11.270000457763672,-1.190000057220459,-1.2599999904632568,-0.8183947176162135,resting,
3,right,2214.575615384615,1789025639033,-0.1627177447080612,9.684099197387695,1.6774286031723022,11.270000457763672,-1.190000057220459,-1.2599999904632568,-0.8178683114255589,resting,
3,right,2214.5852307692307,1789025639033,-0.1148595884442329,9.58359718322754,1.679821491241455,11.270000457763672,-1.190000057220459,-1.2599999904632568,-0.8182964876498303,resting,
3,right,2214.594846153846,1789025639033,-0.0454652532935142,9.576417922973633,1.689393162727356,11.270000457763672,-1.190000057220459,-1.2599999904632568,-0.8187968112707251,resting,
3,right,2214.604461538461,1789025639033,-0.0095716323703527,9.624276161193848,1.6104271411895752,11.270000457763672,-1.190000057220459,-1.2599999904632568,-0.8189949079504051,resting,
3,right,2214.614076923077,1789025639033,0.0717872455716133,9.708027839660645,1.6367491483688354,11.270000457763672,-1.190000057220459,-1.2599999904632568,-0.8183796497656589,resting,
3,right,2214.623692307692,1789025639033,0.0957163274288177,9.751100540161133,1.6008554697036743,11.270000457763672,-1.190000057220459,-1.2599999904632568,-0.8174194749212508,resting,
3,right,2214.6333076923074,1789025639033,0.0957163274288177,9.806137084960938,1.584105134010315,11.270000457763672,-1.190000057220459,-1.2599999904632568,-0.8159566162810025,resting,
3,right,2214.641,1789025639121,0.1483602970838546,9.820494651794434,1.555390238761902,6.929999828338623,-1.399999976158142,-1.2599999904632568,-0.8147274026652582,resting,
3,right,2214.650615384616,1789025639121,0.1890397369861602,9.820494651794434,1.517103672027588,6.929999828338623,-1.399999976158142,-1.2599999904632568,-0.8132604826120916,resting,
3,right,2214.660230769231,1789025639121,0.1914326548576355,9.911425590515137,1.3831008672714231,6.929999828338623,-1.399999976158142,-1.2599999904632568,-0.8111489710017727,resting,
3,right,2214.6698461538463,1789025639121,0.2297191768884658,9.918603897094728,1.3448143005371094,6.929999828338623,-1.399999976158142,-1.2599999904632568,-0.8090336957629173,resting,
3,right,2214.679461538461,1789025639121,0.208183005452156,9.995177268981934,1.4477094411849976,6.929999828338623,-1.399999976158142,-1.2599999904632568,-0.8060030655388999,resting,
3,right,2214.689076923077,1789025639121,0.2488624453544616,9.987998008728027,1.296956181526184,6.929999828338623,-1.399999976158142,-1.2599999904632568,-0.8032879028400959,resting,
3,right,2214.6986923076925,1789025639121,0.2464695274829864,9.868352890014648,1.3735291957855225,6.929999828338623,-1.399999976158142,-1.2599999904632568,-0.8015680232747644,resting,
3,right,2214.708307692308,1789025639121,0.2033971846103668,9.786993980407717,1.3639576435089111,6.929999828338623,-1.399999976158142,-1.2599999904632568,-0.8006087585958477,resting,
3,right,2214.717,1789025639196,0.2153617292642593,9.691277503967283,1.4596738815307615,-6.090000152587891,-1.9600000381469729,-0.2800000011920929,-0.8004212129301146,resting,
3,right,2214.726615384616,1789025639196,0.1770751923322677,9.585989952087402,1.4764243364334106,-6.090000152587891,-1.9600000381469729,-0.2800000011920929,-0.8011661943467778,resting,
3,right,2214.736230769231,1789025639196,0.1483602970838546,9.552489280700684,1.5290682315826416,-6.090000152587891,-1.9600000381469729,-0.2800000011920929,-0.8021294250728281,resting,
3,right,2214.7458461538463,1789025639196,0.1603248417377472,9.51180934906006,1.531461238861084,-6.090000152587891,-1.9600000381469729,-0.2800000011920929,-0.8034699445067289,resting,
3,right,2214.755461538461,1789025639196,0.1555390208959579,9.425664901733398,1.6104271411895752,-6.090000152587891,-1.9600000381469729,-0.2800000011920929,-0.8054905326768051,resting,
3,right,2214.765076923077,1789025639196,0.0789659693837165,9.40173625946045,1.5793193578720093,-6.090000152587891,-1.9600000381469729,-0.2800000011920929,-0.8077653178884452,resting,
3,right,2214.7746923076925,1789025639196,0.0837517827749252,9.47113037109375,1.584105134010315,-6.090000152587891,-1.9600000381469729,-0.2800000011920929,-0.8093703414212334,resting,
3,right,2214.784307692308,1789025639196,0.0622156113386154,9.406521797180176,1.56256902217865,-6.090000152587891,-1.9600000381469729,-0.2800000011920929,-0.8116138578296135,resting,
3,right,2214.794,1789025639257,0.0143574485555291,9.411307334899902,1.584105134010315,-5.670000076293945,-2.309999942779541,0.9800000190734864,-0.8137818924312935,resting,
3,right,2214.803615384615,1789025639257,0.0263219885528087,9.483095169067385,1.5482115745544434,-5.670000076293945,-2.309999942779541,0.9800000190734864,-0.8153101243679381,resting,
3,right,2214.813230769231,1789025639257,0.0358936227858066,9.576417922973633,1.6056413650512695,-5.670000076293945,-2.309999942779541,0.9800000190734864,-0.8158580475388367,resting,
3,right,2214.822846153846,1789025639257,0.016750356182456,9.518988609313965,1.5936768054962158,-5.670000076293945,-2.309999942779541,0.9800000190734864,-0.8169651160249081,resting,
3,right,2214.8324615384613,1789025639257,0.016750356182456,9.559667587280272,1.5482115745544434,-5.670000076293945,-2.309999942779541,0.9800000190734864,-0.8177600479042137,resting,
3,right,2214.842076923077,1789025639257,0.0526439771056175,9.564454078674316,1.4836030006408691,-5.670000076293945,-2.309999942779541,0.9800000190734864,-0.8186168011203622,resting,
3,right,2214.851692307692,1789025639257,0.0191432647407054,9.545310020446776,1.5506044626235962,-5.670000076293945,-2.309999942779541,0.9800000190734864,-0.8195406439635137,resting,
3,right,2214.8613076923075,1789025639257,0.0502510704100132,9.518988609313965,1.4764243364334106,-5.670000076293945,-2.309999942779541,0.9800000190734864,-0.8208354894052468,resting,
3,right,2214.87,1789025639353,0.0622156113386154,9.518988609313965,1.4883887767791748,0.5600000023841858,-2.0999999046325684,2.5199999809265137,-0.8219856157857469,resting,
3,right,2214.879615384615,1789025639353,0.0430723465979099,9.54052448272705,1.3639576435089111,0.5600000023841858,-2.0999999046325684,2.5199999809265137,-0.8232510450686347,resting,
3,right,2214.889230769231,1789025639353,0.016750356182456,9.535738945007324,1.3854937553405762,0.5600000023841858,-2.0999999046325684,2.5199999809265137,-0.8245221686162426,resting,
3,right,2214.898846153846,1789025639353,0.067001424729824,9.502238273620604,1.3735291957855225,0.5600000023841858,-2.0999999046325684,2.5199999809265137,-0.8261265136581263,resting,
3,right,2214.9084615384613,1789025639353,0.0263219885528087,9.475915908813477,1.277812957763672,0.5600000023841858,-2.0999999046325684,2.5199999809265137,-0.8281267675075887,resting,
3,right,2214.918076923077,1789025639353,0.0191432647407054,9.346698760986328,1.3735291957855225,0.5600000023841858,-2.0999999046325684,2.5199999809265137,-0.831197880083175,resting,
3,right,2214.9276923076923,1789025639353,-0.016750356182456,9.370628356933594,1.2610626220703125,0.5600000023841858,-2.0999999046325684,2.5199999809265137,-0.834212439022784,resting,
3,right,2214.9373076923075,1789025639353,-0.0382865294814109,9.308412551879885,1.3926725387573242,0.5600000023841858,-2.0999999046325684,2.5199999809265137,-0.8376106164730946,resting,
3,right,2214.945,1789025639406,-0.0526439771056175,9.286876678466797,1.2897775173187256,-0.7699999809265137,-1.6100000143051147,3.569999933242798,-0.8406164642064804,resting,
3,right,2214.9546153846154,1789025639406,-0.0502510704100132,9.265339851379396,1.3376356363296509,-0.7699999809265137,-1.6100000143051147,3.569999933242798,-0.8445017808758609,resting,
3,right,2214.964230769231,1789025639406,-0.1172524988651275,9.239018440246582,1.3448143005371094,-0.7699999809265137,-1.6100000143051147,3.569999933242798,-0.8486230234325337,resting,
3,right,2214.9738461538464,1789025639406,-0.0981092303991317,9.21987533569336,1.4142086505889893,-0.7699999809265137,-1.6100000143051147,3.569999933242798,-0.8528184227839313,resting,
3,right,2214.9834615384616,1789025639406,-0.1220383122563362,9.253376007080078,1.3998512029647827,-0.7699999809265137,-1.6100000143051147,3.569999933242798,-0.8567137720432888,resting,
3,right,2214.9930769230773,1789025639406,-0.1603248417377472,9.22705364227295,1.4429235458374023,-0.7699999809265137,-1.6100000143051147,3.569999933242798,-0.8607906345267987,resting,
3,right,2215.0026923076925,1789025639406,-0.2033971846103668,9.301233291625977,1.39745831489563,-0.7699999809265137,-1.6100000143051147,3.569999933242798,-0.8642258347040411,resting,
3,right,2215.012307692308,1789025639406,-0.2321120798587799,9.277304649353027,1.4812101125717163,-0.7699999809265137,-1.6100000143051147,3.569999933242798,-0.8677585769062023,resting,
3,right,2215.021,1789025639481,-0.2345049977302551,9.274911880493164,1.4740313291549685,-2.240000009536743,-1.190000057220459,3.7100000381469727,-0.8709790504512933,resting,
3,right,2215.0306153846154,1789025639481,-0.2560411691665649,9.265339851379396,1.5362470149993896,-2.240000009536743,-1.190000057220459,3.7100000381469727,-0.8745336928641826,resting,
3,right,2215.040230769231,1789025639481,-0.2632198929786682,9.308412551879885,1.4477094411849976,-2.240000009536743,-1.190000057220459,3.7100000381469727,-0.8778083502434645,resting,
3,right,2215.0498461538464,1789025639481,-0.27997025847435,9.310805320739746,1.4788172245025637,-2.240000009536743,-1.190000057220459,3.7100000381469727,-0.8810081156917298,resting,
3,right,2215.0594615384616,1789025639481,-0.3278284072875976,9.349091529846191,1.4501023292541504,-2.240000009536743,-1.190000057220459,3.7100000381469727,-0.8838791162606635,resting,
3,right,2215.0690769230773,1789025639481,-0.2871489822864532,9.344305992126465,1.438137769699097,-2.240000009536743,-1.190000057220459,3.7100000381469727,-0.8868145509528439,resting,
3,right,2215.078692307693,1789025639481,-0.3230426013469696,9.339520454406738,1.416601538658142,-2.240000009536743,-1.190000057220459,3.7100000381469727,-0.88982001293069,resting,
3,right,2215.088307692308,1789025639481,-0.3254354894161224,9.337127685546877,1.3998512029647827,-2.240000009536743,-1.190000057220459,3.7100000381469727,-0.892869539205457,resting,
3,right,2215.097,1789025639557,-0.3230426013469696,9.363449096679688,1.4309589862823486,6.440000057220459,-0.2800000011920929,3.920000076293945,-0.8953550550411017,resting,
3,right,2215.1066153846155,1789025639557,-0.308685153722763,9.37541389465332,1.4668526649475098,6.440000057220459,-0.2800000011920929,3.920000076293945,-0.8979362962273679,resting,
3,right,2215.116230769231,1789025639557,-0.3230426013469696,9.411307334899902,1.3615647554397583,6.440000057220459,-0.2800000011920929,3.920000076293945,-0.9003260261507278,resting,
3,right,2215.1258461538464,1789025639557,-0.2488624453544616,9.377806663513184,1.4572809934616089,6.440000057220459,-0.2800000011920929,3.920000076293945,-0.9029045660029111,resting,
3,right,2215.1354615384616,1789025639557,-0.2943277060985565,9.351485252380373,1.3854937553405762,6.440000057220459,-0.2800000011920929,3.920000076293945,-0.9058263661099838,resting,
3,right,2215.1450769230773,1789025639557,-0.2392908036708831,9.36584186553955,1.4668526649475098,6.440000057220459,-0.2800000011920929,3.920000076293945,-0.9085035691293971,resting,
3,right,2215.1546923076926,1789025639557,-0.1675035655498504,9.35866355895996,1.416601538658142,6.440000057220459,-0.2800000011920929,3.920000076293945,-0.9113336235825467,resting,
3,right,2215.164307692308,1789025639557,-0.1220383122563362,9.425664901733398,1.5194966793060305,6.440000057220459,-0.2800000011920929,3.920000076293945,-0.9133857243248277,resting,
3,right,2215.173,1789025639631,-0.12921704351902,9.688884735107422,1.6319633722305298,10.079999923706056,0.2100000083446502,3.3600001335144043,-0.9128326863874426,resting,
3,right,2215.182615384615,1789025639631,-0.102895051240921,10.01671314239502,1.8712540864944456,10.079999923706056,0.2100000083446502,3.3600001335144043,-0.9087691648240608,resting,
3,right,2215.1922307692307,1789025639631,-0.0622156113386154,9.944926261901855,1.3831008672714231,10.079999923706056,0.2100000083446502,3.3600001335144043,-0.9060869295745935,resting,
3,right,2215.201846153846,1789025639631,-0.0933234170079231,9.760672569274902,1.552997350692749,10.079999923706056,0.2100000083446502,3.3600001335144043,-0.9049167262191385,resting,
3,right,2215.211461538461,1789025639631,-0.0837517827749252,9.940139770507812,1.4429235458374023,10.079999923706056,0.2100000083446502,3.3600001335144043,-0.9021943956277372,resting,
3,right,2215.221076923077,1789025639631,-0.0741801485419273,10.36368465423584,1.6295703649520874,10.079999923706056,0.2100000083446502,3.3600001335144043,-0.8951898289595722,resting,
3,right,2215.230692307692,1789025639631,-0.1196454018354415,10.88533878326416,1.9262909889221191,10.079999923706056,0.2100000083446502,3.3600001335144043,-0.8828176905926323,resting,
3,right,2215.2403076923074,1789025639631,-0.1746822893619537,10.959519386291504,0.4331163763999939,10.079999923706056,0.2100000083446502,3.3600001335144043,-0.8717467470723994,resting,
3,right,2215.249,1789025639706,-0.205790102481842,10.887731552124023,0.5503688454627991,43.470001220703125,1.75,3.920000076293945,-0.8621541377670617,resting,
3,right,2215.258615384615,1789025639706,-0.2153617292642593,10.698692321777344,0.5455830693244934,43.470001220703125,1.75,3.920000076293945,-0.8532867554073148,resting,
3,right,2215.2682307692307,1789025639706,-0.2153617292642593,10.497687339782717,0.765730619430542,43.470001220703125,1.75,3.920000076293945,-0.8460417700219335,descending,
3,right,2215.277846153846,1789025639706,-0.3110780417919159,10.583832740783691,0.6843717098236084,43.470001220703125,1.75,3.920000076293945,-0.8380205756502692,descending,
3,right,2215.287461538461,1789025639706,-0.3421858549118042,10.492901802062988,0.6987291574478149,43.470001220703125,1.75,3.920000076293945,-0.8308249801681533,descending,
3,right,2215.297076923077,1789025639706,-0.339792937040329,10.275147438049316,0.5072965025901794,43.470001220703125,1.75,3.920000076293945,-0.8258572020969764,descending,
3,right,2215.306692307692,1789025639706,-0.3565433025360107,9.964069366455078,0.7705163955688477,43.470001220703125,1.75,3.920000076293945,-0.8236364643020169,descending,
3,right,2215.3163076923074,1789025639706,-0.3302213251590729,9.7391357421875,0.8303391337394714,43.470001220703125,1.75,3.920000076293945,-0.8235297419234342,descending,
3,right,2215.325,1789025639781,-0.3015064299106598,9.430450439453123,1.021771788597107,-1.8899999856948853,0.3499999940395355,1.6100000143051147,-0.8259833680423865,descending,
3,right,2215.334615384615,1789025639781,-0.3254354894161224,9.030835151672363,0.8829830884933472,-1.8899999856948853,0.3499999940395355,1.6100000143051147,-0.832618776680023,descending,
3,right,2215.3442307692308,1789025639781,-0.2727915346622467,8.927940368652344,0.9930568337440492,-1.8899999856948853,0.3499999940395355,1.6100000143051147,-0.8401565923502392,descending,
3,right,2215.353846153846,1789025639781,-0.2488624453544616,8.647970199584961,0.9619490504264832,-1.8899999856948853,0.3499999940395355,1.6100000143051147,-0.8503942848734588,descending,
3,right,2215.3634615384613,1789025639781,-0.2033971846103668,8.265104293823242,1.2849916219711304,-1.8899999856948853,0.3499999940395355,1.6100000143051147,-0.8640437270047322,descending,
3,right,2215.373076923077,1789025639781,-0.1722893863916397,7.9994916915893555,1.304134964942932,-1.8899999856948853,0.3499999940395355,1.6100000143051147,-0.8802092635374088,descending,
3,right,2215.382692307692,1789025639781,-0.1531461179256439,7.8726677894592285,1.4740313291549685,-1.8899999856948853,0.3499999940395355,1.6100000143051147,-0.8974360358226955,descending,
3,right,2215.3923076923074,1789025639781,-0.105287954211235,7.932490348815918,1.517103672027588,-1.8899999856948853,0.3499999940395355,1.6100000143051147,-0.9140388924443201,descending,
3,right,2215.401,1789025639903,-0.1172524988651275,7.958812236785889,1.720500946044922,-11.550000190734863,0.3499999940395355,-0.0700000002980232,-0.9286343002549537,descending,
3,right,2215.410615384615,1789025639903,-0.1005021408200264,8.281854629516602,1.5673547983169556,-11.550000190734863,0.3499999940395355,-0.0700000002980232,-0.9417869183705269,descending,
3,right,2215.420230769231,1789025639903,-0.0574297942221164,8.260318756103516,1.9406484365463257,-11.550000190734863,0.3499999940395355,-0.0700000002980232,-0.9547770544320616,descending,
3,right,2215.429846153846,1789025639903,-0.033500712364912,8.676684379577637,1.8880045413970947,-11.550000190734863,0.3499999940395355,-0.0700000002980232,-0.9637961952577003,descending,
3,right,2215.4394615384613,1789025639903,-0.0119645409286022,9.030835151672363,1.837753415107727,-11.550000190734863,0.3499999940395355,-0.0700000002980232,-0.9694450908785184,descending,
3,right,2215.449076923077,1789025639903,-0.067001424729824,9.576417922973633,1.5338541269302368,-11.550000190734863,0.3499999940395355,-0.0700000002980232,-0.9701503281677921,descending,
3,right,2215.458692307692,1789025639903,-0.0789659693837165,9.889888763427734,1.555390238761902,-11.550000190734863,0.3499999940395355,-0.0700000002980232,-0.9678208864791626,descending,
3,right,2215.4683076923075,1789025639903,-0.0837517827749252,10.026285171508787,1.3137065172195437,-11.550000190734863,0.3499999940395355,-0.0700000002980232,-0.9644345013817686,descending,
3,right,2215.476,1789025639931,-0.1100737750530242,10.031070709228516,1.4668526649475098,25.549999237060547,1.2599999904632568,1.0499999523162842,-0.961562405432919,descending,
3,right,2215.485615384616,1789025639931,-0.1770751923322677,9.956890106201172,1.3472073078155518,25.549999237060547,1.2599999904632568,1.0499999523162842,-0.9588088399906824,descending,
3,right,2215.495230769231,1789025639931,-0.2129688262939453,9.916211128234863,1.246705174446106,25.549999237060547,1.2599999904632568,1.0499999523162842,-0.9565496009600194,descending,
3,right,2215.5048461538463,1789025639931,-0.2368979007005691,9.664956092834473,1.25866961479187,25.549999237060547,1.2599999904632568,1.0499999523162842,-0.9566856993935011,descending,
3,right,2215.514461538461,1789025639931,-0.3445787727832794,9.47830867767334,1.3902796506881714,25.549999237060547,1.2599999904632568,1.0499999523162842,-0.9584787099643027,descending,
3,right,2215.524076923077,1789025639931,-0.3589362204074859,9.344305992126465,1.304134964942932,25.549999237060547,1.2599999904632568,1.0499999523162842,-0.9616418389294747,descending,
3,right,2215.5336923076925,1789025639931,-0.3852581977844238,9.128944396972656,1.4501023292541504,25.549999237060547,1.2599999904632568,1.0499999523162842,-0.9667442834065018,descending,
3,right,2215.543307692308,1789025639931,-0.4379021823406219,8.978191375732422,1.4405306577682495,25.549999237060547,1.2599999904632568,1.0499999523162842,-0.9733052945198085,descending,
3,right,2215.552,1789025640021,-0.4953319728374481,9.0284423828125,1.5338541269302368,2.0999999046325684,0.7699999809265137,0.1400000005960464,-0.9787134229171499,descending,
3,right,2215.5616153846154,1789025640021,-0.5360113978385925,9.054763793945312,1.4524952173233032,2.0999999046325684,0.7699999809265137,0.1400000005960464,-0.9844968457412522,descending,
3,right,2215.571230769231,1789025640021,-0.5862624645233154,9.18398094177246,1.5075321197509766,2.0999999046325684,0.7699999809265137,0.1400000005960464,-0.9889769009399826,descending,
3,right,2215.5808461538463,1789025640021,-0.6077986359596252,9.301233291625977,1.485995888710022,2.0999999046325684,0.7699999809265137,0.1400000005960464,-0.9923394417829156,descending,
3,right,2215.5904615384616,1789025640021,-0.6652284264564514,9.39216423034668,1.5266753435134888,2.0999999046325684,0.7699999809265137,0.1400000005960464,-0.9947755751069792,descending,
3,right,2215.6000769230773,1789025640021,-0.6724071502685547,9.554882049560549,1.543425679206848,2.0999999046325684,0.7699999809265137,0.1400000005960464,-0.9956281709373305,descending,
3,right,2215.6096923076925,1789025640021,-0.7011220455169678,9.68649196624756,1.557783126831055,2.0999999046325684,0.7699999809265137,0.1400000005960464,-0.9951936285300207,descending,
3,right,2215.619307692308,1789025640021,-0.6867645978927612,9.784601211547852,1.541032791137695,2.0999999046325684,0.7699999809265137,0.1400000005960464,-0.9938295767286888,descending,
3,right,2215.629,1789025640099,-0.6508709788322449,9.81092357635498,1.5960696935653689,0.1400000005960464,0.8400000333786011,-0.9100000262260436,-0.9921462718237799,descending,
3,right,2215.638615384615,1789025640099,-0.6891575455665588,9.789386749267578,1.557783126831055,0.1400000005960464,0.8400000333786011,-0.9100000262260436,-0.9906989893908671,descending,
3,right,2215.648230769231,1789025640099,-0.6556568145751953,9.873138427734377,1.6415349245071411,0.1400000005960464,0.8400000333786011,-0.9100000262260436,-0.9883690074024603,descending,
3,right,2215.657846153846,1789025640099,-0.619763195514679,9.952104568481444,1.5649619102478027,0.1400000005960464,0.8400000333786011,-0.9100000262260436,-0.9853557074827506,descending,
3,right,2215.6674615384613,1789025640099,-0.648478090763092,10.014320373535156,1.560176134109497,0.1400000005960464,0.8400000333786011,-0.9100000262260436,-0.9817367959994784,descending,
3,right,2215.677076923077,1789025640099,-0.6269419193267822,9.964069366455078,1.3783150911331177,0.1400000005960464,0.8400000333786011,-0.9100000262260436,-0.9787733301221041,descending,
3,right,2215.6866923076923,1789025640099,-0.6173703074455261,9.849209785461426,1.5027462244033811,0.1400000005960464,0.8400000333786011,-0.9100000262260436,-0.9767808026697579,descending,
3,right,2215.6963076923075,1789025640099,-0.5862624645233154,9.79417324066162,1.3017419576644895,0.1400000005960464,0.8400000333786011,-0.9100000262260436,-0.975515891506768,descending,
3,right,2215.705,1789025640173,-0.5766908526420593,9.801351547241213,1.3376356363296509,-0.9800000190734864,0.2100000083446502,-0.6299999952316284,-0.9742752397376864,descending,
3,right,2215.714615384615,1789025640173,-0.5360113978385925,9.734350204467772,1.3113136291503906,-0.9800000190734864,0.2100000083446502,-0.6299999952316284,-0.97357611070052,descending,
3,right,2215.724230769231,1789025640173,-0.5072965025901794,9.51180934906006,1.4429235458374023,-0.9800000190734864,0.2100000083446502,-0.6299999952316284,0,resting,
3,right,2215.733846153846,1789025640173,-0.4809745252132416,9.40891456604004,1.433351993560791,-0.9800000190734864,0.2100000083446502,-0.6299999952316284,-0.00275540623728949,resting,
3,right,2215.7434615384614,1789025640173,-0.5264397859573364,9.317984580993652,1.416601538658142,-0.9800000190734864,0.2100000083446502,-0.6299999952316284,-0.006374081290099136,resting,
3,right,2215.753076923077,1789025640173,-0.466617077589035,9.346698760986328,1.3831008672714231,-0.9800000190734864,0.2100000083446502,-0.6299999952316284,-0.009766352941413101,resting,
3,right,2215.7626923076923,1789025640173,-0.4546525478363037,9.243803977966309,1.4501023292541504,-0.9800000190734864,0.2100000083446502,-0.6299999952316284,-0.014064377862051116,resting,
3,right,2215.7723076923075,1789025640173,-0.4809745252132416,9.27969741821289,1.4477094411849976,-0.9800000190734864,0.2100000083446502,-0.6299999952316284,-0.01800542580360085,resting,
3,right,2215.78,1789025640247,-0.4379021823406219,9.231839179992676,1.4764243364334106,-5.389999866485596,-0.8400000333786011,-0.4900000095367431,-0.02150298895715951,resting,
3,right,2215.7896153846154,1789025640247,-0.4785816073417663,9.267732620239258,1.426173210144043,-5.389999866485596,-0.8400000333786011,-0.4900000095367431,-0.025565320345738572,resting,
3,right,2215.799230769231,1789025640247,-0.5001177787780762,9.260554313659668,1.5027462244033811,-5.389999866485596,-0.8400000333786011,-0.4900000095367431,-0.029590000531637867,resting,
3,right,2215.8088461538464,1789025640247,-0.5431901216506958,9.31319808959961,1.5003533363342283,-5.389999866485596,-0.8400000333786011,-0.4900000095367431,-0.03308970999931169,resting,
3,right,2215.8184615384616,1789025640247,-0.5312256217002869,9.301233291625977,1.5266753435134888,-5.389999866485596,-0.8400000333786011,-0.4900000095367431,-0.03666626316014328,resting,
3,right,2215.8280769230773,1789025640247,-0.5503688454627991,9.37541389465332,1.4572809934616089,-5.389999866485596,-0.8400000333786011,-0.4900000095367431,-0.039604280473383276,resting,
3,right,2215.8376923076926,1789025640247,-0.5910483002662659,9.47830867767334,1.5362470149993896,-5.389999866485596,-0.8400000333786011,-0.4900000095367431,-0.041440521449958745,resting,
3,right,2215.847307692308,1789025640247,-0.6604426503181458,9.55727481842041,1.4812101125717163,-5.389999866485596,-0.8400000333786011,-0.4900000095367431,-0.042558505672263366,resting,
3,right,2215.856,1789025640322,-0.6556568145751953,9.55009651184082,1.4907817840576172,-3.150000095367432,-1.190000057220459,0.0700000002980232,-0.04361633339605693,resting,
3,right,2215.8656153846155,1789025640322,-0.7537660598754883,9.55727481842041,1.433351993560791,-3.150000095367432,-1.190000057220459,0.0700000002980232,-0.04474416170692347,resting,
3,right,2215.875230769231,1789025640322,-0.7561589479446411,9.55009651184082,1.4572809934616089,-3.150000095367432,-1.190000057220459,0.0700000002980232,-0.045901132234597755,resting,
3,right,2215.8848461538464,1789025640322,-0.7729093432426453,9.56684684753418,1.4285660982131958,-3.150000095367432,-1.190000057220459,0.0700000002980232,-0.04692192321184934,resting,
3,right,2215.8944615384617,1789025640322,-0.8207674622535706,9.57402515411377,1.438137769699097,-3.150000095367432,-1.190000057220459,0.0700000002980232,-0.04783261183581915,resting,
3,right,2215.9040769230774,1789025640322,-0.8303391337394714,9.547703742980955,1.3759222030639648,-3.150000095367432,-1.190000057220459,0.0700000002980232,-0.04906459165733722,resting,
3,right,2215.9136923076926,1789025640322,-0.8351249098777771,9.47113037109375,1.3783150911331177,-3.150000095367432,-1.190000057220459,0.0700000002980232,-0.05101196843960182,resting,
3,right,2215.923307692308,1789025640322,-0.8829830884933472,9.44480800628662,1.3687434196472168,-3.150000095367432,-1.190000057220459,0.0700000002980232,-0.05319024370479946,resting,
3,right,2215.932,1789025640397,-0.8877689242362976,9.456772804260254,1.359171748161316,-4.199999809265137,-1.4700000286102295,0.2100000083446502,-0.05505990411594791,resting,
3,right,2215.941615384615,1789025640397,-0.9069121479988098,9.518988609313965,1.268241286277771,-4.199999809265137,-1.4700000286102295,0.2100000083446502,-0.05664309049884985,resting,
3,right,2215.9512307692307,1789025640397,-0.8973405361175537,9.530953407287598,1.306527853012085,-4.199999809265137,-1.4700000286102295,0.2100000083446502,-0.058059817328872616,resting,
3,right,2215.960846153846,1789025640397,-0.9284483194351196,9.562060356140137,1.2108114957809448,-4.199999809265137,-1.4700000286102295,0.2100000083446502,-0.05928759637871975,resting,
3,right,2215.970461538461,1789025640397,-0.9069121479988098,9.581204414367676,1.275420069694519,-4.199999809265137,-1.4700000286102295,0.2100000083446502,-0.060253090479898706,resting,
3,right,2215.980076923077,1789025640397,-0.8614469170570374,9.571632385253906,1.1988469362258911,-4.199999809265137,-1.4700000286102295,0.2100000083446502,-0.06143741161385157,resting,
3,right,2215.989692307692,1789025640397,-0.8351249098777771,9.526166915893556,1.2036327123641968,-4.199999809265137,-1.4700000286102295,0.2100000083446502,-0.06305969481964573,resting,
3,right,2215.9993076923074,1789025640397,-0.8518753051757812,9.53334617614746,1.1557745933532717,-4.199999809265137,-1.4700000286102295,0.2100000083446502,-0.06466440211994062,resting,
3,right,2216.008,1789025640470,-0.7920525670051575,9.538131713867188,1.131845474243164,-2.0999999046325684,-1.4700000286102295,0.3499999940395355,-0.06613503704424288,resting,
3,right,2216.017615384615,1789025640470,-0.8135887384414673,9.48788070678711,1.139024257659912,-2.0999999046325684,-1.4700000286102295,0.3499999940395355,-0.06821157764696495,resting,
3,right,2216.0272307692308,1789025640470,-0.8327320218086243,9.475915908813477,1.1725249290466309,-2.0999999046325684,-1.4700000286102295,0.3499999940395355,-0.07034043983458907,resting,
3,right,2216.036846153846,1789025640470,-0.7872667908668518,9.530953407287598,1.1868823766708374,-2.0999999046325684,-1.4700000286102295,0.3499999940395355,-0.07195490228523123,resting,
3,right,2216.046461538461,1789025640470,-0.7705163955688477,9.530953407287598,1.2108114957809448,-2.0999999046325684,-1.4700000286102295,0.3499999940395355,-0.07354665033081847,resting,
3,right,2216.056076923077,1789025640470,-0.7394086122512817,9.485487937927246,1.1940611600875854,-2.0999999046325684,-1.4700000286102295,0.3499999940395355,-0.07561138793576942,resting,
3,right,2216.065692307692,1789025640470,-0.758551836013794,9.485487937927246,1.2347406148910522,-2.0999999046325684,-1.4700000286102295,0.3499999940395355,-0.0776076930354153,resting,
3,right,2216.0753076923074,1789025640470,-0.7944455146789551,9.521381378173828,1.2610626220703125,-2.0999999046325684,-1.4700000286102295,0.3499999940395355,-0.07920146551300633,resting,
3,right,2216.084,1789025640545,-0.7944455146789551,9.631455421447754,1.2538838386535645,-1.1200000047683716,-1.75,0.4200000166893005,-0.07970408673592164,resting,
3,right,2216.093615384615,1789025640545,-0.7872667908668518,9.6697416305542,1.2251689434051514,-1.1200000047683716,-1.75,0.4200000166893005,-0.07993731266938395,resting,
3,right,2216.103230769231,1789025640545,-0.7633376717567444,9.698456764221191,1.229954719543457,-1.1200000047683716,-1.75,0.4200000166893005,-0.07990826856810757,resting,
3,right,2216.112846153846,1789025640545,-0.7633376717567444,9.751100540161133,1.2275618314743042,-1.1200000047683716,-1.75,0.4200000166893005,-0.07938147144241484,resting,
3,right,2216.1224615384613,1789025640545,-0.8040171265602112,9.72238540649414,1.139024257659912,-1.1200000047683716,-1.75,0.4200000166893005,-0.07920742907553147,resting,
3,right,2216.132076923077,1789025640545,-0.7681235074996948,9.789386749267578,1.100737690925598,-1.1200000047683716,-1.75,0.4200000166893005,-0.07846907907280541,resting,
3,right,2216.141692307692,1789025640545,-0.7394086122512817,9.708027839660645,1.0863802433013916,-1.1200000047683716,-1.75,0.4200000166893005,-0.07854119840919352,resting,
3,right,2216.1513076923075,1789025640545,-0.746587336063385,9.681706428527832,1.0098072290420532,-1.1200000047683716,-1.75,0.4200000166893005,-0.07894930833113087,resting,
3,right,2216.16,1789025640621,-0.7130866050720215,9.655384063720703,1.019378900527954,0.9800000190734864,-2.0299999713897705,0.9800000190734864,-0.07955351661077602,resting,
3,right,2216.169615384615,1789025640621,-0.6915504336357117,9.605133056640623,0.9571632146835328,0.9800000190734864,-2.0299999713897705,0.9800000190734864,-0.08078597482231512,resting,
3,right,2216.179230769231,1789025640621,-0.6724071502685547,9.545310020446776,1.0145930051803589,0.9800000190734864,-2.0299999713897705,0.9800000190734864,-0.0825298881735876,resting,
3,right,2216.188846153846,1789025640621,-0.6580497026443481,9.380199432373049,0.9739136099815368,0.9800000190734864,-2.0299999713897705,0.9800000190734864,-0.08589873275828429,resting,
3,right,2216.1984615384613,1789025640621,-0.6580497026443481,9.351485252380373,1.0552724599838257,0.9800000190734864,-2.0299999713897705,0.9800000190734864,-0.08944364416323375,resting,
3,right,2216.208076923077,1789025640621,-0.6101915836334229,9.377806663513184,1.0839873552322388,0.9800000190734864,-2.0299999713897705,0.9800000190734864,-0.09273566748979259,resting,
3,right,2216.217692307692,1789025640621,-0.600619912147522,9.346698760986328,1.0935590267181396,0.9800000190734864,-2.0299999713897705,0.9800000190734864,-0.09631656348627787,resting,
3,right,2216.2273076923075,1789025640621,-0.5551546812057495,9.301233291625977,1.110309362411499,0.9800000190734864,-2.0299999713897705,0.9800000190734864,-0.10033833216743042,resting,
3,right,2216.236,1789025640697,-0.569512128829956,9.39934253692627,1.1677391529083252,-5.110000133514404,-2.450000047683716,0.8400000333786011,-0.10305938211251858,resting,
3,right,2216.245615384615,1789025640697,-0.600619912147522,9.425664901733398,1.1342384815216064,-5.110000133514404,-2.450000047683716,0.8400000333786011,-0.10583554354845479,resting,
3,right,2216.255230769231,1789025640697,-0.5671192407608032,9.387378692626951,1.2227760553359983,-5.110000133514404,-2.450000047683716,0.8400000333786011,-0.10889153137023873,resting,
3,right,2216.264846153846,1789025640697,-0.5527617931365967,9.509416580200195,1.2036327123641968,-5.110000133514404,-2.450000047683716,0.8400000333786011,-0.11081443861185915,resting,
3,right,2216.2744615384613,1789025640697,-0.5623334050178528,9.530953407287598,1.217990159988403,-5.110000133514404,-2.450000047683716,0.8400000333786011,-0.11250804379612583,resting,
3,right,2216.284076923077,1789025640697,-0.5647262930870056,9.538131713867188,1.2251689434051514,-5.110000133514404,-2.450000047683716,0.8400000333786011,-0.11412228340428947,resting,
3,right,2216.2936923076923,1789025640697,-0.5719050168991089,9.559667587280272,1.2945632934570312,-5.110000133514404,-2.450000047683716,0.8400000333786011,-0.11544049088336697,resting,
3,right,2216.3033076923075,1789025640697,-0.6389064788818359,9.55727481842041,1.2802058458328247,-5.110000133514404,-2.450000047683716,0.8400000333786011,-0.11675979288945253,resting,
3,right,2216.312,1789025640771,-0.6700142621994019,9.497451782226562,1.3113136291503906,-8.1899995803833,-2.7300000190734863,1.399999976158142,-0.11841290826230669,resting,
3,right,2216.321615384615,1789025640771,-0.6700142621994019,9.497451782226562,1.3089207410812378,-8.1899995803833,-2.7300000190734863,1.399999976158142,-0.12024239473802961,resting,
3,right,2216.331230769231,1789025640771,-0.6891575455665588,9.456772804260254,1.3543859720230105,-8.1899995803833,-2.7300000190734863,1.399999976158142,-0.12238491734886638,resting,
3,right,2216.340846153846,1789025640771,-0.7178724408149719,9.373021125793455,1.3160994052886963,-8.1899995803833,-2.7300000190734863,1.399999976158142,-0.12535338930847784,resting,
3,right,2216.3504615384613,1789025640771,-0.7226582169532776,9.404129028320312,1.3615647554397583,-8.1899995803833,-2.7300000190734863,1.399999976158142,-0.12795939991643793,resting,
3,right,2216.360076923077,1789025640771,-0.7250511646270752,9.38498592376709,1.3998512029647827,-8.1899995803833,-2.7300000190734863,1.399999976158142,-0.130690433970741,resting,
3,right,2216.3696923076923,1789025640771,-0.6987291574478149,9.442415237426758,1.3783150911331177,-8.1899995803833,-2.7300000190734863,1.399999976158142,-0.13292153808792842,resting,
3,right,2216.3793076923075,1789025640771,-0.708300769329071,9.418486595153809,1.4094228744506836,-8.1899995803833,-2.7300000190734863,1.399999976158142,-0.13532801935307234,resting,
3,right,2216.387,1789025640847,-0.6819788217544556,9.428057670593262,1.4118157625198364,-5.110000133514404,-3.009999990463257,1.4700000286102295,-0.137191513311218,resting,
3,right,2216.3966153846154,1789025640847,-0.6652284264564514,9.413700103759766,1.395065426826477,-5.110000133514404,-3.009999990463257,1.4700000286102295,-0.13969111824791447,resting,
3,right,2216.406230769231,1789025640847,-0.6819788217544556,9.40173625946045,1.3807079792022705,-5.110000133514404,-3.009999990463257,1.4700000286102295,-0.14231194474306294,resting,
3,right,2216.4158461538464,1789025640847,-0.6724071502685547,9.425664901733398,1.4357448816299438,-5.110000133514404,-3.009999990463257,1.4700000286102295,-0.14463261292486232,resting,
3,right,2216.4254615384616,1789025640847,-0.6771929860115051,9.432844161987305,1.4812101125717163,-5.110000133514404,-3.009999990463257,1.4700000286102295,-0.1468145386654141,resting,
3,right,2216.4350769230773,1789025640847,-0.6556568145751953,9.423272132873535,1.438137769699097,-5.110000133514404,-3.009999990463257,1.4700000286102295,-0.14916357763306126,resting,
3,right,2216.4446923076925,1789025640847,-0.6460852026939392,9.361056327819824,1.4836030006408691,-5.110000133514404,-3.009999990463257,1.4700000286102295,-0.152040244906663,resting,
3,right,2216.454307692308,1789025640847,-0.6700142621994019,9.387378692626951,1.4596738815307615,-5.110000133514404,-3.009999990463257,1.4700000286102295,-0.15468583469884295,resting,
3,right,2216.464,1789025640920,-0.569512128829956,9.317984580993652,1.462066888809204,-1.8899999856948853,-3.289999961853028,0.8400000333786011,-0.1580762813149911,resting,
3,right,2216.473615384615,1789025640920,-0.5623334050178528,9.339520454406738,1.543425679206848,-1.8899999856948853,-3.289999961853028,0.8400000333786011,-0.161115897117433,resting,
3,right,2216.483230769231,1789025640920,-0.600619912147522,9.294054985046388,1.531461238861084,-1.8899999856948853,-3.289999961853028,0.8400000333786011,-0.16457747131657685,resting,
3,right,2216.492846153846,1789025640920,-0.569512128829956,9.258161544799805,1.4764243364334106,-1.8899999856948853,-3.289999961853028,0.8400000333786011,-0.16847965756271036,resting,
3,right,2216.5024615384614,1789025640920,-0.5360113978385925,9.239018440246582,1.4788172245025637,-1.8899999856948853,-3.289999961853028,0.8400000333786011,-0.17257702434438568,resting,
3,right,2216.512076923077,1789025640920,-0.4714028835296631,9.19355297088623,1.524282455444336,-1.8899999856948853,-3.289999961853028,0.8400000333786011,-0.17706974959732694,resting,
3,right,2216.5216923076923,1789025640920,-0.4355092644691467,9.198338508605955,1.5123178958892822,-1.8899999856948853,-3.289999961853028,0.8400000333786011,-0.18155145744294005,resting,
3,right,2216.531307692308,1789025640920,-0.4498667120933532,9.231839179992676,1.49317467212677,-1.8899999856948853,-3.289999961853028,0.8400000333786011,-0.1857337854876463,resting,
3,right,2216.54,1789025641004,-0.4474738240242004,9.22705364227295,1.4094228744506836,2.0999999046325684,-3.990000009536743,-0.2100000083446502,-0.18967028172750178,resting,
3,right,2216.549615384615,1789025641004,-0.3924369215965271,9.344305992126465,1.426173210144043,2.0999999046325684,-3.990000009536743,-0.2100000083446502,-0.19291236780870416,resting,
3,right,2216.559230769231,1789025641004,-0.3780794739723205,9.277304649353027,1.3639576435089111,2.0999999046325684,-3.990000009536743,-0.2100000083446502,-0.19688664872555015,resting,
3,right,2216.568846153846,1789025641004,-0.3756865561008453,9.31319808959961,1.318492412567139,2.0999999046325684,-3.990000009536743,-0.2100000083446502,-0.2005851105497521,resting,
3,right,2216.5784615384614,1789025641004,-0.3493645787239074,9.37541389465332,1.2658483982086182,2.0999999046325684,-3.990000009536743,-0.2100000083446502,-0.20377894880061903,resting,
3,right,2216.588076923077,1789025641004,-0.3732936680316925,9.370628356933594,1.2443121671676636,2.0999999046325684,-3.990000009536743,-0.2100000083446502,-0.20703320688784857,resting,
3,right,2216.5976923076923,1789025641004,-0.3110780417919159,9.282090187072754,1.148595929145813,2.0999999046325684,-3.990000009536743,-0.2100000083446502,-0.21128958017914384,resting,
3,right,2216.607307692308,1789025641004,-0.2464695274829864,9.332341194152832,1.201239824295044,2.0999999046325684,-3.990000009536743,-0.2100000083446502,-0.21501584508631472,resting,
3,right,2216.616,1789025641071,-0.2273262739181518,9.186373710632324,1.079201579093933,5.179999828338623,-4.829999923706055,-0.7699999809265137,-0.21979500356682385,resting,
3,right,2216.6256153846152,1789025641071,-0.1603248417377472,9.0978364944458,1.0863802433013916,5.179999828338623,-4.829999923706055,-0.7699999809265137,-0.2259320493556247,resting,
3,right,2216.635230769231,1789025641071,-0.067001424729824,9.105015754699709,1.072022795677185,5.179999828338623,-4.829999923706055,-0.7699999809265137,-0.23204967889870828,resting,
3,right,2216.644846153846,1789025641071,0.0215361732989549,9.100229263305664,1.1174880266189575,5.179999828338623,-4.829999923706055,-0.7699999809265137,-0.23817530792648148,resting,
3,right,2216.6544615384614,1789025641071,0.0765730589628219,9.239018440246582,1.1438100337982178,5.179999828338623,-4.829999923706055,-0.7699999809265137,-0.24295533893036617,resting,
3,right,2216.664076923077,1789025641071,0.2105759084224701,9.19355297088623,1.1677391529083252,5.179999828338623,-4.829999923706055,-0.7699999809265137,-0.2481736853953925,resting,
3,right,2216.6736923076924,1789025641071,0.2632198929786682,9.38498592376709,1.2060257196426392,5.179999828338623,-4.829999923706055,-0.7699999809265137,-0.25152515570042283,resting,
3,right,2216.683307692308,1789025641071,0.3350071310997009,9.55727481842041,1.2658483982086182,5.179999828338623,-4.829999923706055,-0.7699999809265137,-0.2531693902922554,resting,
3,right,2216.691,1789025641178,0.387651115655899,9.729564666748049,1.3735291957855225,1.8200000524520876,-5.740000247955322,-1.2599999904632568,-0.2530655620817567,resting,
3,right,2216.700615384615,1789025641178,0.4737958014011383,9.887495994567873,1.416601538658142,1.8200000524520876,-5.740000247955322,-1.2599999904632568,-0.2513902912953291,resting,
3,right,2216.7102307692307,1789025641178,0.5144752264022827,10.083714485168455,1.3998512029647827,1.8200000524520876,-5.740000247955322,-1.2599999904632568,-0.24786831516425037,resting,
3,right,2216.719846153846,1789025641178,0.569512128829956,10.28471851348877,1.3615647554397583,1.8200000524520876,-5.740000247955322,-1.2599999904632568,-0.24248539777952158,resting,
3,right,2216.729461538461,1789025641178,0.5766908526420593,10.526402473449709,1.2706341743469238,1.8200000524520876,-5.740000247955322,-1.2599999904632568,-0.23490944875948788,resting,
3,right,2216.739076923077,1789025641178,0.5790837407112122,10.579046249389648,1.201239824295044,1.8200000524520876,-5.740000247955322,-1.2599999904632568,-0.22691089361339153,resting,
3,right,2216.748692307692,1789025641178,0.5766908526420593,10.51443862915039,1.1246668100357056,1.8200000524520876,-5.740000247955322,-1.2599999904632568,-0.21961391401028654,resting,
3,right,2216.7583076923074,1789025641178,0.5647262930870056,10.492901802062988,0.9858781099319458,1.8200000524520876,-5.740000247955322,-1.2599999904632568,-0.21268511168645754,resting,
3,right,2216.767,1789025641266,0.5288326740264893,10.52161693572998,0.9260554313659668,5.599999904632568,-7.630000114440918,0.3499999940395355,-0.20622251741036218,resting,
3,right,2216.776615384615,1789025641266,0.4953319728374481,10.42590045928955,0.8877689242362976,5.599999904632568,-7.630000114440918,0.3499999940395355,-0.20001122661366008,resting,
3,right,2216.7862307692308,1789025641266,0.4450809061527252,10.239253997802734,0.8686256408691406,5.599999904632568,-7.630000114440918,0.3499999940395355,-0.19557867635277695,resting,
3,right,2216.795846153846,1789025641266,0.3780794739723205,9.964069366455078,0.8566610813140869,5.599999904632568,-7.630000114440918,0.3499999940395355,-0.19375961817730344,resting,
3,right,2216.8054615384613,1789025641266,0.3421858549118042,9.775029182434082,0.8638398051261902,5.599999904632568,-7.630000114440918,0.3499999940395355,-0.19371615449746604,resting,
3,right,2216.815076923077,1789025641266,0.2727915346622467,9.585989952087402,0.844696581363678,5.599999904632568,-7.630000114440918,0.3499999940395355,-0.19547729111508413,resting,
3,right,2216.824692307692,1789025641266,0.2201475501060485,9.449594497680664,0.8207674622535706,5.599999904632568,-7.630000114440918,0.3499999940395355,-0.19854992928064366,resting,
3,right,2216.8343076923074,1789025641266,0.1746822893619537,9.341913223266602,0.8159816861152649,5.599999904632568,-7.630000114440918,0.3499999940395355,-0.2026402316126845,resting,
3,right,2216.843,1789025641356,0.12921704351902,9.191160202026367,0.7968384027481079,-1.9600000381469729,-9.3100004196167,0.7699999809265137,-0.2076488081210984,resting,
3,right,2216.852615384615,1789025641356,0.0861446931958198,9.112194061279297,0.8135887384414673,-1.9600000381469729,-9.3100004196167,0.7699999809265137,-0.21391433155493889,resting,
3,right,2216.862230769231,1789025641356,0.0502510704100132,9.01169204711914,0.7633376717567444,-1.9600000381469729,-9.3100004196167,0.7699999809265137,-0.22118600440811853,resting,
3,right,2216.871846153846,1789025641356,-0.0215361732989549,8.920761108398438,0.7968384027481079,-1.9600000381469729,-9.3100004196167,0.7699999809265137,-0.22927871879439027,resting,
3,right,2216.8814615384613,1789025641356,0.0454652532935142,8.913582801818848,0.8159816861152649,-1.9600000381469729,-9.3100004196167,0.7699999809265137,-0.23741632326506018,resting,
3,right,2216.891076923077,1789025641356,0.0119645409286022,8.896832466125488,0.8423036336898804,-1.9600000381469729,-9.3100004196167,0.7699999809265137,-0.24567803407339528,resting,
3,right,2216.900692307692,1789025641356,0.0023929080925881,8.930333137512207,0.8614469170570374,-1.9600000381469729,-9.3100004196167,0.7699999809265137,-0.25359337382911057,resting,
3,right,2216.9103076923075,1789025641356,-0.0047858161851763,9.038013458251951,0.9140908718109132,-1.9600000381469729,-9.3100004196167,0.7699999809265137,-0.2604192307411416,resting,
3,right,2216.92,1789025641386,-0.0119645409286022,9.073907852172852,0.8494823575019836,0.4200000166893005,-10.149999618530272,0.2100000083446502,-0.2670170369551732,resting,
3,right,2216.9296153846158,1789025641386,-0.0311078056693077,9.181588172912598,0.8805902004241943,0.4200000166893005,-10.149999618530272,0.2100000083446502,-0.272496245260015,resting,
3,right,2216.939230769231,1789025641386,-0.0239290818572044,9.243803977966309,0.8734114766120911,0.4200000166893005,-10.149999618530272,0.2100000083446502,-0.2773842881429684,resting,
3,right,2216.9488461538463,1789025641386,0.0071787242777645,9.317984580993652,0.8925547003746033,0.4200000166893005,-10.149999618530272,0.2100000083446502,-0.2815409781519973,resting,
3,right,2216.958461538461,1789025641386,0.0215361732989549,9.38259220123291,0.8758043646812439,0.4200000166893005,-10.149999618530272,0.2100000083446502,-0.28509351746713985,resting,
3,right,2216.968076923077,1789025641386,0.0789659693837165,9.521381378173828,0.8135887384414673,0.4200000166893005,-10.149999618530272,0.2100000083446502,-0.2873764423833314,resting,
3,right,2216.9776923076925,1789025641386,0.0717872455716133,9.502238273620604,0.7896596789360046,0.4200000166893005,-10.149999618530272,0.2100000083446502,-0.28986183137267674,resting,
3,right,2216.987307692308,1789025641386,0.1100737750530242,9.509416580200195,0.8542681932449341,0.4200000166893005,-10.149999618530272,0.2100000083446502,-0.2922128850301374,resting,
3,right,2216.995,1789025641461,0.1172524988651275,9.576417922973633,0.8758043646812439,6.510000228881836,-10.220000267028809,0.4900000095367431,-0.2935621809748297,resting,
3,right,2217.004615384615,1789025641461,0.1746822893619537,9.633848190307615,0.8470894694328308,6.510000228881836,-10.220000267028809,0.4900000095367431,-0.2947197834119354,resting,
3,right,2217.014230769231,1789025641461,0.1986113786697387,9.664956092834473,0.806410014629364,6.510000228881836,-10.220000267028809,0.4900000095367431,-0.295610916967626,resting,
3,right,2217.023846153846,1789025641461,0.2345049977302551,9.6697416305542,0.7800880670547485,6.510000228881836,-10.220000267028809,0.4900000095367431,-0.29647231280171216,resting,
3,right,2217.0334615384613,1789025641461,0.2321120798587799,9.688884735107422,0.7418015003204346,6.510000228881836,-10.220000267028809,0.4900000095367431,-0.29717895022145324,resting,
3,right,2217.043076923077,1789025641461,0.308685153722763,9.717599868774414,0.7489802241325378,6.510000228881836,-10.220000267028809,0.4900000095367431,-0.29759170384154854,resting,
3,right,2217.0526923076923,1789025641461,0.284756064414978,9.71520709991455,0.7130866050720215,6.510000228881836,-10.220000267028809,0.4900000095367431,-0.29805474954138783,resting,
3,right,2217.0623076923075,1789025641461,0.3206496834754944,9.71520709991455,0.6748000979423523,6.510000228881836,-10.220000267028809,0.4900000095367431,-0.2985386183375307,resting,
3,right,2217.071,1789025641553,0.3350071310997009,9.746315002441406,0.6532639265060425,12.039999961853027,-10.289999961853027,1.1200000047683716,-0.2987144219954577,resting,
3,right,2217.080615384615,1789025641553,0.363722026348114,9.751100540161133,0.6269419193267822,12.039999961853027,-10.289999961853027,1.1200000047683716,-0.2988715152092137,resting,
3,right,2217.090230769231,1789025641553,0.3445787727832794,9.727170944213867,0.5599405169487,12.039999961853027,-10.289999961853027,1.1200000047683716,-0.2993029201543456,resting,
3,right,2217.099846153846,1789025641553,0.2943277060985565,9.743921279907228,0.509689450263977,12.039999961853027,-10.289999961853027,1.1200000047683716,-0.2996111310812066,resting,
3,right,2217.1094615384613,1789025641553,0.3326142132282257,9.727170944213867,0.4929390549659729,12.039999961853027,-10.289999961853027,1.1200000047683716,-0.30007669065196874,resting,
3,right,2217.119076923077,1789025641553,0.3326142132282257,9.588382720947266,0.5575475692749023,12.039999961853027,-10.289999961853027,1.1200000047683716,-0.30182709547719117,resting,
3,right,2217.1286923076923,1789025641553,0.2751844227313995,9.468737602233888,0.540797233581543,12.039999961853027,-10.289999961853027,1.1200000047683716,-0.3047446079068502,resting,
3,right,2217.1383076923075,1789025641553,0.2991135120391845,9.38259220123291,0.5790837407112122,12.039999961853027,-10.289999961853027,1.1200000047683716,-0.3084580122056212,resting,
3,right,2217.147,1789025641612,0.2632198929786682,9.284482955932615,0.6054057478904724,5.740000247955322,-11.0600004196167,1.2599999904632568,-0.3126586825611633,resting,
3,right,2217.156615384615,1789025641612,0.260826975107193,9.253376007080078,0.6269419193267822,5.740000247955322,-11.0600004196167,1.2599999904632568,-0.3175896350431666,resting,
3,right,2217.166230769231,1789025641612,0.308685153722763,9.282090187072754,0.727444052696228,5.740000247955322,-11.0600004196167,1.2599999904632568,-0.3221719083702344,resting,
3,right,2217.175846153846,1789025641612,0.2632198929786682,9.538131713867188,0.8542681932449341,5.740000247955322,-11.0600004196167,1.2599999904632568,-0.32423523973087515,resting,
3,right,2217.1854615384614,1789025641612,0.2775773406028747,9.521381378173828,0.825553297996521,5.740000247955322,-11.0600004196167,1.2599999904632568,-0.3264700291143378,resting,
3,right,2217.195076923077,1789025641612,0.2512553632259369,9.246196746826172,0.5838695764541626,5.740000247955322,-11.0600004196167,1.2599999904632568,-0.33149008090435306,resting,
3,right,2217.2046923076923,1789025641612,0.2632198929786682,9.380199432373049,0.6054057478904724,5.740000247955322,-11.0600004196167,1.2599999904632568,-0.3352068263441566,resting,
3,right,2217.214307692308,1789025641612,0.1914326548576355,9.674527168273926,0.844696581363678,5.740000247955322,-11.0600004196167,1.2599999904632568,-0.3359781557995177,resting,
3,right,2217.222,1789025641688,0.0981092303991317,10.090893745422363,0.7681235074996948,17.639999389648438,-11.760000228881836,1.75,-0.33345812908605704,resting,
3,right,2217.2316153846155,1789025641688,0.0526439771056175,10.342148780822754,0.5336185097694397,17.639999389648438,-11.760000228881836,1.75,-0.328041498625276,resting,
3,right,2217.241230769231,1789025641688,-0.0191432647407054,10.308648109436035,0.4211518168449402,17.639999389648438,-11.760000228881836,1.75,-0.32301942170893644,resting,
3,right,2217.2508461538464,1789025641688,-0.1172524988651275,10.045428276062012,0.3780794739723205,17.639999389648438,-11.760000228881836,1.75,-0.3205616140712168,resting,
3,right,2217.2604615384616,1789025641688,-0.1316099464893341,9.932961463928224,0.4594383537769317,17.639999389648438,-11.760000228881836,1.75,-0.31914408032216324,resting,
3,right,2217.2700769230773,1789025641688,-0.1986113786697387,10.143537521362305,0.4091872870922088,17.639999389648438,-11.760000228881836,1.75,-0.31573520639817493,resting,
3,right,2217.2796923076926,1789025641688,-0.260826975107193,10.447436332702637,0.2632198929786682,17.639999389648438,-11.760000228881836,1.75,-0.30947057590827237,resting,
3,right,2217.289307692308,1789025641688,-0.339792937040329,10.614940643310549,0.1220383122563362,17.639999389648438,-11.760000228881836,1.75,-0.3016518017740331,resting,
3,right,2217.299,1789025641776,-0.4259376525878906,10.569475173950195,0.0143574485555291,29.75,-11.130000114440918,2.5199999809265137,-0.29424131322188346,resting,
3,right,2217.308615384615,1789025641776,-0.4331163763999939,10.186610221862791,0.1507532149553299,29.75,-11.130000114440918,2.5199999809265137,-0.29052019088273134,resting,
3,right,2217.318230769231,1789025641776,-0.5120823383331299,10.200966835021973,0.1603248417377472,29.75,-11.130000114440918,2.5199999809265137,-0.2866610814657509,resting,
3,right,2217.327846153846,1789025641776,-0.5144752264022827,10.107644081115724,0.1794681102037429,29.75,-11.130000114440918,2.5199999809265137,-0.2836892863067754,resting,
3,right,2217.3374615384614,1789025641776,-0.5479759573936462,9.961676597595217,0.2105759084224701,29.75,-11.130000114440918,2.5199999809265137,-0.2821172969682681,resting,
3,right,2217.347076923077,1789025641776,-0.5575475692749023,9.88031768798828,0.3804723918437958,29.75,-11.130000114440918,2.5199999809265137,-0.28132110161508916,resting,
3,right,2217.3566923076924,1789025641776,-0.5647262930870056,9.719992637634276,0.4402951002120971,29.75,-11.130000114440918,2.5199999809265137,-0.28207480376470556,resting,
3,right,2217.366307692308,1789025641776,-0.540797233581543,9.56684684753418,0.5264397859573364,29.75,-11.130000114440918,2.5199999809265137,-0.2843140375327893,resting,
3,right,2217.375,1789025641837,-0.5144752264022827,9.516595840454102,0.5838695764541626,3.990000009536743,-12.31999969482422,1.0499999523162842,-0.2867679372218549,resting,
3,right,2217.3846153846152,1789025641837,-0.4929390549659729,9.528559684753418,0.5766908526420593,3.990000009536743,-12.31999969482422,1.0499999523162842,-0.2893570630016685,resting,
3,right,2217.394230769231,1789025641837,-0.4881532490253448,9.447200775146484,0.5527617931365967,3.990000009536743,-12.31999969482422,1.0499999523162842,-0.2927187321569375,resting,
3,right,2217.403846153846,1789025641837,-0.4307234585285187,9.286876678466797,0.5431901216506958,3.990000009536743,-12.31999969482422,1.0499999523162842,-0.29760969283658945,resting,
3,right,2217.413461538461,1789025641837,-0.4067943692207336,9.133729934692385,0.540797233581543,3.990000009536743,-12.31999969482422,1.0499999523162842,-0.3039629583858791,resting,
3,right,2217.423076923077,1789025641837,-0.363722026348114,9.08108615875244,0.5575475692749023,3.990000009536743,-12.31999969482422,1.0499999523162842,-0.3108121226861696,resting,
3,right,2217.4326923076924,1789025641837,-0.3613291084766388,9.064335823059082,0.588655412197113,3.990000009536743,-12.31999969482422,1.0499999523162842,-0.3178139003720811,resting,
3,right,2217.442307692308,1789025641837,-0.308685153722763,8.961441040039062,0.5838695764541626,3.990000009536743,-12.31999969482422,1.0499999523162842,-0.32579462075243304,resting,
3,right,2217.451,1789025641912,-0.3278284072875976,8.791543960571289,0.6652284264564514,-5.949999809265137,-12.739999771118164,0.7699999809265137,-0.3344698558386977,resting,
3,right,2217.4606153846157,1789025641912,-0.3469716608524322,8.712578773498535,0.7824809551239014,-5.949999809265137,-12.739999771118164,0.7699999809265137,-0.3448011326630661,resting,
3,right,2217.470230769231,1789025641912,-0.339792937040329,8.815473556518555,0.7776951193809509,-5.949999809265137,-12.739999771118164,0.7699999809265137,-0.35412115149521745,resting,
3,right,2217.479846153846,1789025641912,-0.3804723918437958,9.004512786865234,0.7322298884391785,-5.949999809265137,-12.739999771118164,0.7699999809265137,-0.36160671504556097,resting,
3,right,2217.489461538461,1789025641912,-0.4091872870922088,8.911190032958984,0.8135887384414673,-5.949999809265137,-12.739999771118164,0.7699999809265137,-0.36996137425083964,resting,
3,right,2217.499076923077,1789025641912,-0.4474738240242004,8.904010772705078,0.8662327527999878,-5.949999809265137,-12.739999771118164,0.7699999809265137,-0.3783569945253421,descending,
3,right,2217.5086923076924,1789025641912,-0.521653950214386,9.042799949645996,0.8662327527999878,-5.949999809265137,-12.739999771118164,0.7699999809265137,-0.3853956672952865,descending,
3,right,2217.518307692308,1789025641912,-0.5838695764541626,9.258161544799805,0.7776951193809509,-5.949999809265137,-12.739999771118164,0.7699999809265137,-0.3903561300869954,descending,
3,right,2217.526,1789025641987,-0.6700142621994019,9.518988609313965,0.6748000979423523,18.6200008392334,-11.760000228881836,2.309999942779541,-0.39233348432822157,descending,
3,right,2217.535615384615,1789025641987,-0.7226582169532776,9.631455421447754,0.6101915836334229,18.6200008392334,-11.760000228881836,2.309999942779541,-0.3937351291786677,descending,
3,right,2217.545230769231,1789025641987,-0.7729093432426453,9.765458106994627,0.5671192407608032,18.6200008392334,-11.760000228881836,2.309999942779541,-0.39385458314921856,descending,
3,right,2217.554846153846,1789025641987,-0.9260554313659668,9.93774700164795,0.5623334050178528,18.6200008392334,-11.760000228881836,2.309999942779541,-0.39231306724638987,descending,
3,right,2217.5644615384613,1789025641987,-0.9284483194351196,10.074143409729004,0.4857603311538696,18.6200008392334,-11.760000228881836,2.309999942779541,-0.38946730673898877,descending,
3,right,2217.574076923077,1789025641987,-1.0289504528045654,10.210538864135742,0.4283305406570434,18.6200008392334,-11.760000228881836,2.309999942779541,-0.38530631059354503,descending,
3,right,2217.583692307692,1789025641987,-1.0361292362213137,9.99278450012207,0.4139730930328369,18.6200008392334,-11.760000228881836,2.309999942779541,-0.38323767151418253,descending,
3,right,2217.5933076923075,1789025641987,-1.0576653480529783,10.035856246948242,0.4283305406570434,18.6200008392334,-11.760000228881836,2.309999942779541,-0.3807525862680631,descending,
3,right,2217.602,1789025642105,-1.0839873552322388,10.01671314239502,0.4283305406570434,6.019999980926514,-11.480000495910645,2.450000047683716,-0.37866284696573377,descending,
3,right,2217.611615384615,1789025642105,-1.079201579093933,10.007142066955566,0.4379021823406219,6.019999980926514,-11.480000495910645,2.450000047683716,-0.3764353228497326,descending,
3,right,2217.621230769231,1789025642105,-1.0935590267181396,9.96646213531494,0.4259376525878906,6.019999980926514,-11.480000495910645,2.450000047683716,-0.3745881131471588,descending,
3,right,2217.630846153846,1789025642105,-1.0576653480529783,9.786993980407717,0.3996156454086303,6.019999980926514,-11.480000495910645,2.450000047683716,-0.37446149143733115,descending,
3,right,2217.6404615384613,1789025642105,-1.0528795719146729,9.72238540649414,0.4307234585285187,6.019999980926514,-11.480000495910645,2.450000047683716,-0.374948229141417,descending,
3,right,2217.650076923077,1789025642105,-0.983485221862793,9.70563507080078,0.44268798828125,6.019999980926514,-11.480000495910645,2.450000047683716,-0.37559909394580204,descending,
3,right,2217.659692307692,1789025642105,-0.9404128789901732,9.712814331054688,0.4067943692207336,6.019999980926514,-11.480000495910645,2.450000047683716,-0.3761797158233549,descending,
3,right,2217.6693076923075,1789025642105,-0.9069121479988098,9.75588607788086,0.4402951002120971,6.019999980926514,-11.480000495910645,2.450000047683716,-0.3763464202713296,descending,
3,right,2217.678,1789025642135,-0.806410014629364,9.777422904968262,0.4714028835296631,-6.019999980926514,-11.199999809265137,1.5399999618530271,-0.3763150699857453,descending,
3,right,2217.687615384615,1789025642135,-0.7872667908668518,9.717599868774414,0.4355092644691467,-6.019999980926514,-11.199999809265137,1.5399999618530271,-0.37684444513511717,descending,
3,right,2217.697230769231,1789025642135,-0.7346227765083313,9.63624095916748,0.4474738240242004,-6.019999980926514,-11.199999809265137,1.5399999618530271,-0.37815265620517946,descending,
3,right,2217.706846153846,1789025642135,-0.679585874080658,9.578810691833496,0.4474738240242004,-6.019999980926514,-11.199999809265137,1.5399999618530271,-0.3800116448918613,descending,
3,right,2217.7164615384613,1789025642135,-0.6317277550697327,9.55009651184082,0.4570454359054565,-6.019999980926514,-11.199999809265137,1.5399999618530271,-0.3821444448246868,descending,
3,right,2217.726076923077,1789025642135,-0.619763195514679,9.480701446533203,0.5240468978881836,-6.019999980926514,-11.199999809265137,1.5399999618530271,-0.38492885708732394,descending,
3,right,2217.7356923076923,1789025642135,-0.5647262930870056,9.353878021240234,0.5838695764541626,-6.019999980926514,-11.199999809265137,1.5399999618530271,-0.388925692294624,descending,
3,right,2217.7453076923075,1789025642135,-0.5360113978385925,9.334734916687012,0.6293348073959351,-6.019999980926514,-11.199999809265137,1.5399999618530271,-0.39309383988752145,descending,
3,right,2217.755,1789025642212,-0.4953319728374481,9.224660873413086,0.6365135312080383,-10.289999961853027,-10.989999771118164,1.1200000047683716,-0.3983527594897641,descending,
3,right,2217.764615384616,1789025642212,-0.5575475692749023,9.186373710632324,0.6317277550697327,-10.289999961853027,-10.989999771118164,1.1200000047683716,0,resting,
3,right,2217.774230769231,1789025642212,-0.5766908526420593,9.181588172912598,0.7130866050720215,-10.289999961853027,-10.989999771118164,1.1200000047683716,-0.005752764434914616,resting,
3,right,2217.7838461538463,1789025642212,-0.5479759573936462,9.222268104553224,0.8088029623031616,-10.289999961853027,-10.989999771118164,1.1200000047683716,-0.011080087008006117,resting,
3,right,2217.793461538461,1789025642212,-0.5790837407112122,9.250982284545898,0.8111958503723145,-10.289999961853027,-10.989999771118164,1.1200000047683716,-0.016102711275184933,resting,
3,right,2217.803076923077,1789025642212,-0.5766908526420593,9.0978364944458,0.758551836013794,-10.289999961853027,-10.989999771118164,1.1200000047683716,-0.022593673172650843,resting,
3,right,2217.8126923076925,1789025642212,-0.5766908526420593,9.085871696472168,0.7441943883895874,-10.289999961853027,-10.989999771118164,1.1200000047683716,-0.029186606251924062,resting,
3,right,2217.822307692308,1789025642212,-0.5623334050178528,9.231839179992676,0.8614469170570374,-10.289999961853027,-10.989999771118164,1.1200000047683716,-0.03432283312411415,resting,
3,right,2217.83,1789025642286,-0.5719050168991089,9.530953407287598,0.8710185289382935,5.599999904632568,-10.710000038146973,1.2599999904632568,-0.036126080800638005,resting,
3,right,2217.839615384615,1789025642286,-0.5671192407608032,9.70563507080078,0.6819788217544556,5.599999904632568,-10.710000038146973,1.2599999904632568,-0.036771294532136865,resting,
3,right,2217.849230769231,1789025642286,-0.6245490312576294,9.679313659667969,0.6460852026939392,5.599999904632568,-10.710000038146973,1.2599999904632568,-0.03766195006894824,resting,
3,right,2217.858846153846,1789025642286,-0.5862624645233154,9.64341926574707,0.6508709788322449,5.599999904632568,-10.710000038146973,1.2599999904632568,-0.03890386291499763,resting,
3,right,2217.8684615384614,1789025642286,-0.588655412197113,9.74870777130127,0.6365135312080383,5.599999904632568,-10.710000038146973,1.2599999904632568,-0.03913658251474616,resting,
3,right,2217.878076923077,1789025642286,-0.6030128598213196,9.940139770507812,0.5814766883850098,5.599999904632568,-10.710000038146973,1.2599999904632568,-0.03754526481156246,resting,
3,right,2217.8876923076923,1789025642286,-0.540797233581543,10.14114475250244,0.4091872870922088,5.599999904632568,-10.710000038146973,1.2599999904632568,-0.03410901751929314,resting,
3,right,2217.8973076923075,1789025642286,-0.5049036145210266,10.172252655029297,0.2967205941677093,5.599999904632568,-10.710000038146973,1.2599999904632568,-0.03042735837732397,resting,
3,right,2217.906,1789025642377,-0.466617077589035,10.057393074035645,0.1746822893619537,22.190000534057617,-10.220000267028809,1.75,-0.028141762134832587,resting,
3,right,2217.915615384615,1789025642377,-0.3924369215965271,9.959283828735352,0.0813588723540306,22.190000534057617,-10.220000267028809,1.75,-0.02660183018255111,resting,
3,right,2217.925230769231,1789025642377,-0.2943277060985565,9.93056869506836,-0.1148595884442329,22.190000534057617,-10.220000267028809,1.75,-0.025407300015802745,resting,
3,right,2217.934846153846,1789025642377,-0.2273262739181518,10.050213813781738,-0.2464695274829864,22.190000534057617,-10.220000267028809,1.75,-0.023094054027319132,resting,
3,right,2217.9444615384614,1789025642377,-0.1172524988651275,10.031070709228516,-0.3517574965953827,22.190000534057617,-10.220000267028809,1.75,-0.02099533081295526,resting,
3,right,2217.954076923077,1789025642377,0.0023929080925881,9.837244987487791,-0.3302213251590729,22.190000534057617,-10.220000267028809,1.75,-0.020772704285208693,resting,
3,right,2217.9636923076923,1789025642377,0.0909305065870285,9.667348861694336,-0.3445787727832794,22.190000534057617,-10.220000267028809,1.75,-0.022188032497812763,resting,
3,right,2217.973307692308,1789025642377,0.1794681102037429,9.691277503967283,-0.3134709596633911,22.190000534057617,-10.220000267028809,1.75,-0.02337751980115448,resting,
3,right,2217.982,1789025642436,0.2416837215423584,9.631455421447754,-0.3469716608524322,8.050000190734863,-10.43000030517578,2.5199999809265137,-0.024974542962806403,resting,
3,right,2217.991615384615,1789025642436,0.2919347882270813,9.53334617614746,-0.308685153722763,8.050000190734863,-10.43000030517578,2.5199999809265137,-0.027682125346938622,resting,
3,right,2218.001230769231,1789025642436,0.387651115655899,9.45438003540039,-0.208183005452156,8.050000190734863,-10.43000030517578,2.5199999809265137,-0.031161477359303913,resting,
3,right,2218.010846153846,1789025642436,0.3709007501602173,9.440022468566896,-0.105287954211235,8.050000190734863,-10.43000030517578,2.5199999809265137,-0.03476705697087535,resting,
3,right,2218.0204615384614,1789025642436,0.4139730930328369,9.466344833374023,-0.0837517827749252,8.050000190734863,-10.43000030517578,2.5199999809265137,-0.03811548700971878,resting,
3,right,2218.030076923077,1789025642436,0.4498667120933532,9.545310020446776,-0.0957163274288177,8.050000190734863,-10.43000030517578,2.5199999809265137,-0.04069534691779476,resting,
3,right,2218.0396923076923,1789025642436,0.4355092644691467,9.600347518920898,-0.1196454018354415,8.050000190734863,-10.43000030517578,2.5199999809265137,-0.04272671510214762,resting,
3,right,2218.049307692308,1789025642436,0.4379021823406219,9.569239616394045,-0.0311078056693077,8.050000190734863,-10.43000030517578,2.5199999809265137,-0.04505591836204693,resting,
3,right,2218.058,1789025642542,0.4498667120933532,9.507023811340332,0.0191432647407054,-7.980000019073486,-10.5,2.6600000858306885,-0.04769667124847425,resting,
3,right,2218.0676153846152,1789025642542,0.339792937040329,9.504631042480469,0.0287148971110582,-7.980000019073486,-10.5,2.6600000858306885,-0.05061724170999078,resting,
3,right,2218.077230769231,1789025642542,0.2751844227313995,9.569239616394045,0.0239290818572044,-7.980000019073486,-10.5,2.6600000858306885,-0.052900087145378916,resting,
3,right,2218.086846153846,1789025642542,0.2464695274829864,9.621883392333984,0.0454652532935142,-7.980000019073486,-10.5,2.6600000858306885,-0.054667442110571556,resting,
3,right,2218.0964615384614,1789025642542,0.1722893863916397,9.679313659667969,0.0263219885528087,-7.980000019073486,-10.5,2.6600000858306885,-0.05587171557784869,resting,
3,right,2218.106076923077,1789025642542,0.0933234170079231,9.65299129486084,0.0047858161851763,-7.980000019073486,-10.5,2.6600000858306885,-0.05732251839929763,resting,
3,right,2218.1156923076924,1789025642542,0.0454652532935142,9.684099197387695,0.0406794361770153,-7.980000019073486,-10.5,2.6600000858306885,-0.058472408053150765,resting,
3,right,2218.125307692308,1789025642542,0.0358936227858066,9.681706428527832,0.0813588723540306,-7.980000019073486,-10.5,2.6600000858306885,-0.05964285734359429,resting,
