sessionId,sensor,t,recvAt,x,y,z,gx,gy,gz,vVert,phase,repIndex
23,right,740.379,1790837963874,9.449594497680664,-3.244783401489258,0.1507532149553299,-0.5600000023841858,-4.199999809265137,-1.399999976158142,undefined,undefined,undefined
23,right,740.3886153846154,1790837963874,9.463951110839844,-3.2208542823791504,0.1005021408200264,-0.5600000023841858,-4.199999809265137,-1.399999976158142,undefined,undefined,undefined
23,right,740.3982307692307,1790837963874,9.377806663513184,-3.2495691776275635,0.07657305896282196,-0.5600000023841858,-4.199999809265137,-1.399999976158142,undefined,undefined,undefined
23,right,740.4078461538462,1790837963874,9.387378692626953,-3.2017109394073486,0.09571632742881775,-0.5600000023841858,-4.199999809265137,-1.399999976158142,undefined,undefined,undefined
23,right,740.4174615384616,1790837963874,9.449594497680664,-3.225640058517456,0.08614469319581985,-0.5600000023841858,-4.199999809265137,-1.399999976158142,undefined,undefined,undefined
23,right,740.4270769230769,1790837963874,9.456772804260254,-3.232818841934204,0.05742979422211647,-0.5600000023841858,-4.199999809265137,-1.399999976158142,undefined,undefined,undefined
23,right,740.4366923076923,1790837963874,9.523774147033691,-3.1873536109924316,0.11007377505302429,-0.5600000023841858,-4.199999809265137,-1.399999976158142,undefined,undefined,undefined
23,right,740.4463076923078,1790837963874,9.468737602233887,-3.182567834854126,0.06700142472982407,-0.5600000023841858,-4.199999809265137,-1.399999976158142,undefined,undefined,undefined
23,left,752.884,1790837963916,-2.488624334335327,-9.47830867767334,0.3015064299106598,-1.1200000047683716,-0.8400000333786011,2.0999999046325684,undefined,undefined,undefined
23,left,752.8936153846154,1790837963916,-2.4838385581970215,-9.490273475646973,0.30629223585128784,-1.1200000047683716,-0.8400000333786011,2.0999999046325684,undefined,undefined,undefined
23,left,752.9032307692307,1790837963916,-2.4551236629486084,-9.492666244506836,0.2943277060985565,-1.1200000047683716,-0.8400000333786011,2.0999999046325684,undefined,undefined,undefined
23,left,752.9128461538462,1790837963916,-2.4766597747802734,-9.535738945007324,0.3230426013469696,-1.1200000047683716,-0.8400000333786011,2.0999999046325684,undefined,undefined,undefined
23,left,752.9224615384616,1790837963916,-2.522125244140625,-9.490273475646973,0.32543548941612244,-1.1200000047683716,-0.8400000333786011,2.0999999046325684,undefined,undefined,undefined
23,left,752.9320769230769,1790837963916,-2.488624334335327,-9.440022468566895,0.3110780417919159,-1.1200000047683716,-0.8400000333786011,2.0999999046325684,undefined,undefined,undefined
23,left,752.9416923076923,1790837963916,-2.481445789337158,-9.526166915893555,0.30868515372276306,-1.1200000047683716,-0.8400000333786011,2.0999999046325684,undefined,undefined,undefined
23,left,752.9513076923078,1790837963916,-2.5316967964172363,-9.475915908813477,0.2895418703556061,-1.1200000047683716,-0.8400000333786011,2.0999999046325684,undefined,undefined,undefined
23,right,740.455,1790837963948,9.440022468566895,-3.156245708465576,0.09332341700792313,-0.6299999952316284,-4.130000114440918,-1.4700000286102295,undefined,undefined,undefined
23,right,740.4646153846154,1790837963948,9.468737602233887,-3.196925163269043,0.11725249886512756,-0.6299999952316284,-4.130000114440918,-1.4700000286102295,undefined,undefined,undefined
23,right,740.4742307692308,1790837963948,9.456772804260254,-3.105994701385498,0.07178724557161331,-0.6299999952316284,-4.130000114440918,-1.4700000286102295,undefined,undefined,undefined
23,right,740.4838461538462,1790837963948,9.413700103759766,-3.139495372772217,0.11964540183544159,-0.6299999952316284,-4.130000114440918,-1.4700000286102295,undefined,undefined,undefined
23,right,740.4934615384616,1790837963948,9.442415237426758,-3.1921393871307373,0.07178724557161331,-0.6299999952316284,-4.130000114440918,-1.4700000286102295,undefined,undefined,undefined
23,right,740.503076923077,1790837963948,9.46155834197998,-3.146674156188965,0.09332341700792313,-0.6299999952316284,-4.130000114440918,-1.4700000286102295,undefined,undefined,undefined
23,right,740.5126923076923,1790837963948,9.530953407287598,-3.1801748275756836,0.1411815732717514,-0.6299999952316284,-4.130000114440918,-1.4700000286102295,undefined,undefined,undefined
23,right,740.5223076923078,1790837963948,9.602740287780762,-3.204103946685791,0.08375178277492523,-0.6299999952316284,-4.130000114440918,-1.4700000286102295,undefined,undefined,undefined
23,right,740.531,1790837964038,9.717599868774414,-3.1849606037139893,0.08135887235403061,-0.49000000953674316,-4.130000114440918,-1.5399999618530273,undefined,undefined,undefined
23,right,740.5406153846153,1790837964038,9.693670272827148,-3.077279806137085,0.13639576733112335,-0.49000000953674316,-4.130000114440918,-1.5399999618530273,undefined,undefined,undefined
23,right,740.5502307692307,1790837964038,9.64341926574707,-3.0677082538604736,0.11725249886512756,-0.49000000953674316,-4.130000114440918,-1.5399999618530273,undefined,undefined,undefined
23,right,740.5598461538461,1790837964038,9.54052448272705,-3.043779134750366,0.0909305065870285,-0.49000000953674316,-4.130000114440918,-1.5399999618530273,undefined,undefined,undefined
23,right,740.5694615384615,1790837964038,9.47830867767334,-3.0748867988586426,0.13639576733112335,-0.49000000953674316,-4.130000114440918,-1.5399999618530273,undefined,undefined,undefined
23,right,740.5790769230769,1790837964038,9.435236930847168,-3.1012089252471924,0.08853759616613388,-0.49000000953674316,-4.130000114440918,-1.5399999618530273,undefined,undefined,undefined
23,right,740.5886923076922,1790837964038,9.373021125793457,-3.041386127471924,0.11964540183544159,-0.49000000953674316,-4.130000114440918,-1.5399999618530273,undefined,undefined,undefined
23,right,740.5983076923077,1790837964038,9.39216423034668,-3.139495372772217,0.09810923039913177,-0.49000000953674316,-4.130000114440918,-1.5399999618530273,undefined,undefined,undefined
23,left,752.963,1790837964066,-2.500588893890381,-9.521381378173828,0.2895418703556061,-0.9100000262260437,-1.1200000047683716,2.5199999809265137,undefined,undefined,undefined
23,left,752.9726153846153,1790837964066,-2.5125534534454346,-9.552489280700684,0.2727915346622467,-0.9100000262260437,-1.1200000047683716,2.5199999809265137,undefined,undefined,undefined
23,left,752.9822307692307,1790837964066,-2.536482572555542,-9.590775489807129,0.25843408703804016,-0.9100000262260437,-1.1200000047683716,2.5199999809265137,undefined,undefined,undefined
23,left,752.9918461538462,1790837964066,-2.605876922607422,-9.672134399414062,0.2943277060985565,-0.9100000262260437,-1.1200000047683716,2.5199999809265137,undefined,undefined,undefined
23,left,753.0014615384615,1790837964066,-2.6656997203826904,-9.71520709991455,0.2703986167907715,-0.9100000262260437,-1.1200000047683716,2.5199999809265137,undefined,undefined,undefined
23,left,753.0110769230769,1790837964066,-2.627413034439087,-9.698456764221191,0.2703986167907715,-0.9100000262260437,-1.1200000047683716,2.5199999809265137,undefined,undefined,undefined
23,left,753.0206923076922,1790837964066,-2.641770601272583,-9.595561027526855,0.2823631465435028,-0.9100000262260437,-1.1200000047683716,2.5199999809265137,undefined,undefined,undefined
23,left,753.0303076923077,1790837964066,-2.6465563774108887,-9.518988609313965,0.2943277060985565,-0.9100000262260437,-1.1200000047683716,2.5199999809265137,undefined,undefined,undefined
23,left,753.043,1790837964081,-2.591519355773926,-9.428057670593262,0.2943277060985565,-1.4700000286102295,-0.9800000190734863,1.9600000381469727,undefined,undefined,undefined
23,left,753.0526153846154,1790837964081,-2.5412683486938477,-9.416092872619629,0.3134709596633911,-1.4700000286102295,-0.9800000190734863,1.9600000381469727,undefined,undefined,undefined
23,left,753.0622307692307,1790837964081,-2.5460541248321533,-9.437629699707031,0.3206496834754944,-1.4700000286102295,-0.9800000190734863,1.9600000381469727,undefined,undefined,undefined
23,left,753.0718461538462,1790837964081,-2.529303789138794,-9.46155834197998,0.29672059416770935,-1.4700000286102295,-0.9800000190734863,1.9600000381469727,undefined,undefined,undefined
23,left,753.0814615384616,1790837964081,-2.5197322368621826,-9.545310020446777,0.2895418703556061,-1.4700000286102295,-0.9800000190734863,1.9600000381469727,undefined,undefined,undefined
23,left,753.0910769230769,1790837964081,-2.536482572555542,-9.533346176147461,0.3110780417919159,-1.4700000286102295,-0.9800000190734863,1.9600000381469727,undefined,undefined,undefined
23,left,753.1006923076923,1790837964081,-2.5340895652770996,-9.559667587280273,0.2727915346622467,-1.4700000286102295,-0.9800000190734863,1.9600000381469727,undefined,undefined,undefined
23,left,753.1103076923077,1790837964081,-2.5484471321105957,-9.499845504760742,0.3326142132282257,-1.4700000286102295,-0.9800000190734863,1.9600000381469727,undefined,undefined,undefined
23,right,740.606,1790837964115,9.394556999206543,-3.196925163269043,0.13878867030143738,-0.14000000059604645,-4.199999809265137,-1.5399999618530273,undefined,undefined,undefined
23,right,740.6156153846154,1790837964115,9.428057670593262,-3.16821026802063,0.12443122267723083,-0.14000000059604645,-4.199999809265137,-1.5399999618530273,undefined,undefined,undefined
23,right,740.6252307692307,1790837964115,9.45438003540039,-3.16821026802063,0.11725249886512756,-0.14000000059604645,-4.199999809265137,-1.5399999618530273,undefined,undefined,undefined
23,right,740.6348461538462,1790837964115,9.507023811340332,-3.1777820587158203,0.07657305896282196,-0.14000000059604645,-4.199999809265137,-1.5399999618530273,undefined,undefined,undefined
23,right,740.6444615384615,1790837964115,9.526166915893555,-3.1251380443573,0.11964540183544159,-0.14000000059604645,-4.199999809265137,-1.5399999618530273,undefined,undefined,undefined
23,right,740.6540769230769,1790837964115,9.432844161987305,-3.127530813217163,0.09810923039913177,-0.14000000059604645,-4.199999809265137,-1.5399999618530273,undefined,undefined,undefined
23,right,740.6636923076923,1790837964115,9.435236930847168,-3.091637372970581,0.07896596938371658,-0.14000000059604645,-4.199999809265137,-1.5399999618530273,undefined,undefined,undefined
23,right,740.6733076923077,1790837964115,9.473523139953613,-3.0461719036102295,0.1005021408200264,-0.14000000059604645,-4.199999809265137,-1.5399999618530273,undefined,undefined,undefined
23,left,753.122,1790837964156,-2.558018684387207,-9.518988609313965,0.31586387753486633,-1.2599999904632568,-1.2599999904632568,2.799999952316284,undefined,undefined,undefined
23,left,753.1316153846153,1790837964156,-2.584340810775757,-9.456772804260254,0.3038993179798126,-1.2599999904632568,-1.2599999904632568,2.799999952316284,undefined,undefined,undefined
23,left,753.1412307692307,1790837964156,-2.615448474884033,-9.39934253692627,0.27518442273139954,-1.2599999904632568,-1.2599999904632568,2.799999952316284,undefined,undefined,undefined
23,left,753.1508461538461,1790837964156,-2.684842824935913,-9.411307334899902,0.260826975107193,-1.2599999904632568,-1.2599999904632568,2.799999952316284,undefined,undefined,undefined
23,left,753.1604615384615,1790837964156,-2.641770601272583,-9.428057670593262,0.30868515372276306,-1.2599999904632568,-1.2599999904632568,2.799999952316284,undefined,undefined,undefined
23,left,753.1700769230769,1790837964156,-2.6321988105773926,-9.456772804260254,0.3206496834754944,-1.2599999904632568,-1.2599999904632568,2.799999952316284,undefined,undefined,undefined
23,left,753.1796923076922,1790837964156,-2.6537351608276367,-9.507023811340332,0.27518442273139954,-1.2599999904632568,-1.2599999904632568,2.799999952316284,undefined,undefined,undefined
23,left,753.1893076923077,1790837964156,-2.6537351608276367,-9.466344833374023,0.29911351203918457,-1.2599999904632568,-1.2599999904632568,2.799999952316284,undefined,undefined,undefined
23,left,753.202,1790837964231,-2.692021608352661,-9.473523139953613,0.3015064299106598,-1.3300000429153442,-1.1200000047683716,2.5899999141693115,undefined,undefined,undefined
23,left,753.2116153846154,1790837964231,-2.684842824935913,-9.40173625946045,0.3445787727832794,-1.3300000429153442,-1.1200000047683716,2.5899999141693115,undefined,undefined,undefined
23,left,753.2212307692307,1790837964231,-2.627413034439087,-9.432844161987305,0.29911351203918457,-1.3300000429153442,-1.1200000047683716,2.5899999141693115,undefined,undefined,undefined
23,left,753.2308461538462,1790837964231,-2.6800570487976074,-9.420879364013672,0.3206496834754944,-1.3300000429153442,-1.1200000047683716,2.5899999141693115,undefined,undefined,undefined
23,left,753.2404615384615,1790837964231,-2.6369848251342773,-9.428057670593262,0.2943277060985565,-1.3300000429153442,-1.1200000047683716,2.5899999141693115,undefined,undefined,undefined
23,left,753.2500769230769,1790837964231,-2.6561279296875,-9.521381378173828,0.30868515372276306,-1.3300000429153442,-1.1200000047683716,2.5899999141693115,undefined,undefined,undefined
23,left,753.2596923076923,1790837964231,-2.72552227973938,-9.451987266540527,0.3517574965953827,-1.3300000429153442,-1.1200000047683716,2.5899999141693115,undefined,undefined,undefined
23,left,753.2693076923077,1790837964231,-2.677664041519165,-9.516595840454102,0.29911351203918457,-1.3300000429153442,-1.1200000047683716,2.5899999141693115,undefined,undefined,undefined
23,right,740.682,1790837964248,9.451987266540527,-3.0174570083618164,0.08614469319581985,-0.3499999940395355,-4.059999942779541,-1.5399999618530273,undefined,undefined,undefined
23,right,740.6916153846154,1790837964248,9.432844161987305,-3.0318145751953125,0.13400284945964813,-0.3499999940395355,-4.059999942779541,-1.5399999618530273,undefined,undefined,undefined
23,right,740.7012307692307,1790837964248,9.416092872619629,-3.091637372970581,0.06460852175951004,-0.3499999940395355,-4.059999942779541,-1.5399999618530273,undefined,undefined,undefined
23,right,740.7108461538462,1790837964248,9.459165573120117,-3.041386127471924,0.05742979422211647,-0.3499999940395355,-4.059999942779541,-1.5399999618530273,undefined,undefined,undefined
23,right,740.7204615384616,1790837964248,9.490273475646973,-3.0605294704437256,0.0502510704100132,-0.3499999940395355,-4.059999942779541,-1.5399999618530273,undefined,undefined,undefined
23,right,740.7300769230769,1790837964248,9.466344833374023,-2.9672060012817383,0.059822700917720795,-0.3499999940395355,-4.059999942779541,-1.5399999618530273,undefined,undefined,undefined
23,right,740.7396923076923,1790837964248,9.466344833374023,-3.02942156791687,0.04546525329351425,-0.3499999940395355,-4.059999942779541,-1.5399999618530273,undefined,undefined,undefined
23,right,740.7493076923078,1790837964248,9.413700103759766,-3.0054924488067627,0.05742979422211647,-0.3499999940395355,-4.059999942779541,-1.5399999618530273,undefined,undefined,undefined
23,right,740.758,1790837964263,9.387378692626953,-3.0246357917785645,0.06939433515071869,-0.14000000059604645,-4.130000114440918,-1.5399999618530273,undefined,undefined,undefined
23,right,740.7676153846154,1790837964263,9.38498592376709,-3.0054924488067627,0.06221561133861542,-0.14000000059604645,-4.130000114440918,-1.5399999618530273,undefined,undefined,undefined
23,right,740.7772307692308,1790837964263,9.440022468566895,-3.007885456085205,0.08375178277492523,-0.14000000059604645,-4.130000114440918,-1.5399999618530273,undefined,undefined,undefined
23,right,740.7868461538462,1790837964263,9.420879364013672,-3.027028799057007,0.07418014854192734,-0.14000000059604645,-4.130000114440918,-1.5399999618530273,undefined,undefined,undefined
23,right,740.7964615384616,1790837964263,9.468737602233887,-3.05574369430542,0.06460852175951004,-0.14000000059604645,-4.130000114440918,-1.5399999618530273,undefined,undefined,undefined
23,right,740.806076923077,1790837964263,9.47830867767334,-3.077279806137085,0.0502510704100132,-0.14000000059604645,-4.130000114440918,-1.5399999618530273,undefined,undefined,undefined
23,right,740.8156923076923,1790837964263,9.526166915893555,-3.09881591796875,0.06460852175951004,-0.14000000059604645,-4.130000114440918,-1.5399999618530273,undefined,undefined,undefined
23,right,740.8253076923078,1790837964263,9.533346176147461,-3.134709596633911,0.08375178277492523,-0.14000000059604645,-4.130000114440918,-1.5399999618530273,undefined,undefined,undefined
23,right,740.835,1790837964338,9.585989952087402,-3.1107804775238037,0.08135887235403061,-0.21000000834465027,-3.569999933242798,-1.4700000286102295,undefined,undefined,undefined
23,right,740.8446153846154,1790837964338,9.605133056640625,-3.0605294704437256,0.11485958844423294,-0.21000000834465027,-3.569999933242798,-1.4700000286102295,undefined,undefined,undefined
23,right,740.8542307692308,1790837964338,9.597954750061035,-3.0677082538604736,0.08853759616613388,-0.21000000834465027,-3.569999933242798,-1.4700000286102295,undefined,undefined,undefined
23,right,740.8638461538462,1790837964338,9.547703742980957,-3.077279806137085,0.07657305896282196,-0.21000000834465027,-3.569999933242798,-1.4700000286102295,undefined,undefined,undefined
23,right,740.8734615384616,1790837964338,9.523774147033691,-3.0940301418304443,0.11964540183544159,-0.21000000834465027,-3.569999933242798,-1.4700000286102295,undefined,undefined,undefined
23,right,740.8830769230769,1790837964338,9.514202117919922,-3.0605294704437256,0.07896596938371658,-0.21000000834465027,-3.569999933242798,-1.4700000286102295,undefined,undefined,undefined
23,right,740.8926923076923,1790837964338,9.530953407287598,-3.0318145751953125,0.11246667802333832,-0.21000000834465027,-3.569999933242798,-1.4700000286102295,0.001876517285750171,resting,null
23,right,740.9023076923078,1790837964338,9.4950590133667,-3.02942156791687,0.09332341700792313,-0.21000000834465027,-3.569999933242798,-1.4700000286102295,0.003416423883571639,resting,null
23,left,753.281,1790837964366,-2.670485496520996,-9.542917251586914,0.3445787727832794,-1.2599999904632568,-0.9100000262260437,2.240000009536743,undefined,undefined,undefined
23,left,753.2906153846153,1790837964366,-2.6441633701324463,-9.605133056640625,0.3230426013469696,-1.2599999904632568,-0.9100000262260437,2.240000009536743,undefined,undefined,undefined
23,left,753.3002307692307,1790837964366,-2.696807384490967,-9.664956092834473,0.29911351203918457,-1.2599999904632568,-0.9100000262260437,2.240000009536743,undefined,undefined,undefined
23,left,753.3098461538461,1790837964366,-2.7446656227111816,-9.638633728027344,0.31825676560401917,-1.2599999904632568,-0.9100000262260437,2.240000009536743,undefined,undefined,undefined
23,left,753.3194615384615,1790837964366,-2.768594741821289,-9.633848190307617,0.29911351203918457,-1.2599999904632568,-0.9100000262260437,2.240000009536743,undefined,undefined,undefined
23,left,753.3290769230769,1790837964366,-2.7422726154327393,-9.600347518920898,0.27518442273139954,-1.2599999904632568,-0.9100000262260437,2.240000009536743,undefined,undefined,undefined
23,left,753.3386923076922,1790837964366,-2.696807384490967,-9.624276161193848,0.3302213251590729,-1.2599999904632568,-0.9100000262260437,2.240000009536743,undefined,undefined,undefined
23,left,753.3483076923077,1790837964366,-2.6680924892425537,-9.619490623474121,0.29911351203918457,-1.2599999904632568,-0.9100000262260437,2.240000009536743,undefined,undefined,undefined
23,left,753.36,1790837964397,-2.6896286010742188,-9.542917251586914,0.29672059416770935,-1.6800000667572021,-0.7699999809265137,2.380000114440918,undefined,undefined,undefined
23,left,753.3696153846154,1790837964397,-2.699200391769409,-9.526166915893555,0.24407662451267242,-1.6800000667572021,-0.7699999809265137,2.380000114440918,undefined,undefined,undefined
23,left,753.3792307692307,1790837964397,-2.7231295108795166,-9.514202117919922,0.2632198929786682,-1.6800000667572021,-0.7699999809265137,2.380000114440918,undefined,undefined,undefined
23,left,753.3888461538462,1790837964397,-2.6561279296875,-9.518988609313965,0.29672059416770935,-1.6800000667572021,-0.7699999809265137,2.380000114440918,undefined,undefined,undefined
23,left,753.3984615384616,1790837964397,-2.6082699298858643,-9.554882049560547,0.2919347882270813,-1.6800000667572021,-0.7699999809265137,2.380000114440918,0.0009816100773892822,resting,null
23,left,753.4080769230769,1790837964397,-2.6441633701324463,-9.459165573120117,0.2823631465435028,-1.6800000667572021,-0.7699999809265137,2.380000114440918,0.001165007559758678,resting,null
23,left,753.4176923076923,1790837964397,-2.6680924892425537,-9.396949768066406,0.3110780417919159,-1.6800000667572021,-0.7699999809265137,2.380000114440918,0.0008425772440036631,resting,null
23,left,753.4273076923077,1790837964397,-2.6561279296875,-9.37541389465332,0.3134709596633911,-1.6800000667572021,-0.7699999809265137,2.380000114440918,0.00029170628942859635,resting,null
23,right,740.91,1790837964413,9.497451782226562,-3.05574369430542,0.12203831225633621,-0.2800000011920929,-3.7100000381469727,-1.399999976158142,0.004729780036544877,resting,null
23,right,740.9196153846153,1790837964413,9.485487937927246,-3.1107804775238037,0.08853759616613388,-0.2800000011920929,-3.7100000381469727,-1.399999976158142,0.006421453716011922,resting,null
23,right,740.9292307692307,1790837964413,9.447200775146484,-3.0533506870269775,0.12921704351902008,-0.2800000011920929,-3.7100000381469727,-1.399999976158142,0.007595525013101502,resting,null
23,right,740.9388461538462,1790837964413,9.387378692626953,-3.05574369430542,0.13639576733112335,-0.2800000011920929,-3.7100000381469727,-1.399999976158142,0.008230146866140957,resting,null
23,right,740.9484615384615,1790837964413,9.408914566040039,-3.034207344055176,0.08614469319581985,-0.2800000011920929,-3.7100000381469727,-1.399999976158142,0.008992932246902036,resting,null
23,right,740.9580769230769,1790837964413,9.380199432373047,-3.019850015640259,0.0909305065870285,-0.2800000011920929,-3.7100000381469727,-1.399999976158142,0.00945078208256308,resting,null
23,right,740.9676923076922,1790837964413,9.408914566040039,-3.0030996799468994,0.08614469319581985,-0.2800000011920929,-3.7100000381469727,-1.399999976158142,0.010121646121440288,resting,null
23,right,740.9773076923077,1790837964413,9.416092872619629,-2.979170560836792,0.07178724557161331,-0.2800000011920929,-3.7100000381469727,-1.399999976158142,0.010787179597871645,resting,null
23,left,753.439,1790837964473,-2.6656997203826904,-9.404129028320312,0.284756064414978,-1.8899999856948853,-0.8400000333786011,2.0999999046325684,-0.000034068433623831754,resting,null
23,left,753.4486153846153,1790837964473,-2.6321988105773926,-9.418486595153809,0.31586387753486633,-1.8899999856948853,-0.8400000333786011,2.0999999046325684,-0.0002476303257234198,resting,null
23,left,753.4582307692307,1790837964473,-2.6321988105773926,-9.39934253692627,0.30629223585128784,-1.8899999856948853,-0.8400000333786011,2.0999999046325684,-0.0006406341712514372,resting,null
23,left,753.4678461538462,1790837964473,-2.6537351608276367,-9.39934253692627,0.3230426013469696,-1.8899999856948853,-0.8400000333786011,2.0999999046325684,-0.000972293384518478,resting,null
23,left,753.4774615384615,1790837964473,-2.641770601272583,-9.423272132873535,0.3326142132282257,-1.8899999856948853,-0.8400000333786011,2.0999999046325684,-0.0011106240755956957,resting,null
23,left,753.4870769230769,1790837964473,-2.692021608352661,-9.423272132873535,0.32782840728759766,-1.8899999856948853,-0.8400000333786011,2.0999999046325684,-0.0011189980696244123,resting,null
23,left,753.4966923076922,1790837964473,-2.6728782653808594,-9.425664901733398,0.3541503846645355,-1.8899999856948853,-0.8400000333786011,2.0999999046325684,-0.0011469163188869984,resting,null
23,left,753.5063076923077,1790837964473,-2.634591817855835,-9.418486595153809,0.3326142132282257,-1.8899999856948853,-0.8400000333786011,2.0999999046325684,-0.001348177178023337,resting,null
23,right,740.986,1790837964488,9.380199432373047,-3.048564910888672,0.07418014854192734,-0.14000000059604645,-3.569999933242798,-1.3300000429153442,0.011274440891697213,resting,null
23,right,740.9956153846153,1790837964488,9.425664901733398,-3.0533506870269775,0.05742979422211647,-0.14000000059604645,-3.569999933242798,-1.3300000429153442,0.012243066042432449,resting,null
23,right,741.0052307692307,1790837964488,9.396949768066406,-3.036600351333618,0.05264397710561752,-0.14000000059604645,-3.569999933242798,-1.3300000429153442,0.012899271394460635,resting,null
23,right,741.0148461538462,1790837964488,9.459165573120117,-3.036600351333618,0.07896596938371658,-0.14000000059604645,-3.569999933242798,-1.3300000429153442,0.014125733868122188,resting,null
23,right,741.0244615384615,1790837964488,9.45438003540039,-3.0318145751953125,0.040679436177015305,-0.14000000059604645,-3.569999933242798,-1.3300000429153442,0.015291820040590072,resting,null
23,right,741.0340769230769,1790837964488,9.447200775146484,-2.9983139038085938,0.06460852175951004,-0.14000000059604645,-3.569999933242798,-1.3300000429153442,0.016294626423137244,resting,null
23,right,741.0436923076923,1790837964488,9.456772804260254,-3.043779134750366,0.035893622785806656,-0.14000000059604645,-3.569999933242798,-1.3300000429153442,0.017516515199043594,resting,null
23,right,741.0533076923077,1790837964488,9.423272132873535,-3.0533506870269775,0.016750356182456017,-0.14000000059604645,-3.569999933242798,-1.3300000429153442,0.018459143174306334,resting,null
23,right,741.062,1790837964578,9.514202117919922,-3.02942156791687,0.06221561133861542,-0.21000000834465027,-3.1500000953674316,-1.3300000429153442,0.020000307251647503,resting,null
23,right,741.0716153846154,1790837964578,9.47113037109375,-2.9959208965301514,0.11007377505302429,-0.21000000834465027,-3.1500000953674316,-1.3300000429153442,0.02121379545069143,resting,null
23,right,741.0812307692307,1790837964578,9.497451782226562,-3.0126712322235107,0.08375178277492523,-0.21000000834465027,-3.1500000953674316,-1.3300000429153442,0.022716438627064843,resting,null
23,right,741.0908461538462,1790837964578,9.57402515411377,-3.022243022918701,0.12443122267723083,-0.21000000834465027,-3.1500000953674316,-1.3300000429153442,0.024949770696914987,resting,null
23,right,741.1004615384616,1790837964578,9.569239616394043,-3.084458589553833,0.13400284945964813,-0.21000000834465027,-3.1500000953674316,-1.3300000429153442,0.027320772899751242,resting,null
23,right,741.1100769230769,1790837964578,9.648205757141113,-3.048564910888672,0.11485958844423294,-0.21000000834465027,-3.1500000953674316,-1.3300000429153442,0.030308501503456077,resting,null
23,right,741.1196923076923,1790837964578,9.624276161193848,-3.034207344055176,0.12921704351902008,-0.21000000834465027,-3.1500000953674316,-1.3300000429153442,0.03303530573393992,resting,null
23,right,741.1293076923077,1790837964578,9.650598526000977,-3.0653152465820312,0.19621846079826355,-0.21000000834465027,-3.1500000953674316,-1.3300000429153442,0.03609785326579937,resting,null
23,left,753.518,1790837964608,-2.6034839153289795,-9.428057670593262,0.3350071310997009,-1.8899999856948853,-0.6299999952316284,2.5199999809265137,-0.0015819933409733488,resting,null
23,left,753.5276153846154,1790837964608,-2.6393775939941406,-9.442415237426758,0.31586387753486633,-1.8899999856948853,-0.6299999952316284,2.5199999809265137,-0.0015543450914537102,resting,null
23,left,753.5372307692307,1790837964608,-2.7015931606292725,-9.4950590133667,0.29672059416770935,-1.8899999856948853,-0.6299999952316284,2.5199999809265137,-0.0008837408504051357,resting,null
23,left,753.5468461538462,1790837964608,-2.7015931606292725,-9.45438003540039,0.26561281085014343,-1.8899999856948853,-0.6299999952316284,2.5199999809265137,-0.0005980177414897462,resting,null
23,left,753.5564615384616,1790837964608,-2.696807384490967,-9.499845504760742,0.2512553632259369,-1.8899999856948853,-0.6299999952316284,2.5199999809265137,0.00009163444642046778,resting,null
23,left,753.5660769230769,1790837964608,-2.6656997203826904,-9.542917251586914,0.23689790070056915,-1.8899999856948853,-0.6299999952316284,2.5199999809265137,0.0010941621518099837,resting,null
23,left,753.5756923076923,1790837964608,-2.641770601272583,-9.609918594360352,0.2727915346622467,-1.8899999856948853,-0.6299999952316284,2.5199999809265137,0.002663020256959949,resting,null
23,left,753.5853076923078,1790837964608,-2.663306713104248,-9.578810691833496,0.23689790070056915,-1.8899999856948853,-0.6299999952316284,2.5199999809265137,0.003990940337514603,resting,null
23,left,753.598,1790837964635,-2.706378936767578,-9.542917251586914,0.2321120798587799,-1.8200000524520874,-0.8400000333786011,2.1700000762939453,0.0054512402328479115,resting,null
23,left,753.6076153846153,1790837964635,-2.7518444061279297,-9.535738945007324,0.18903973698616028,-1.8200000524520874,-0.8400000333786011,2.1700000762939453,0.006601026124334597,resting,null
23,left,753.6172307692307,1790837964635,-2.6896286010742188,-9.542917251586914,0.23929080367088318,-1.8200000524520874,-0.8400000333786011,2.1700000762939453,0.007663869285480824,resting,null
23,left,753.6268461538461,1790837964635,-2.6872358322143555,-9.511809349060059,0.20818300545215607,-1.8200000524520874,-0.8400000333786011,2.1700000762939453,0.008425729804114638,resting,null
23,left,753.6364615384615,1790837964635,-2.663306713104248,-9.475915908813477,0.23929080367088318,-1.8200000524520874,-0.8400000333786011,2.1700000762939453,0.008799439350650421,resting,null
23,left,753.6460769230769,1790837964635,-2.713557720184326,-9.404129028320312,0.25604116916656494,-1.8200000524520874,-0.8400000333786011,2.1700000762939453,0.008645171461926546,resting,null
23,left,753.6556923076922,1790837964635,-2.7422726154327393,-9.387378692626953,0.22014755010604858,-1.8200000524520874,-0.8400000333786011,2.1700000762939453,0.008404997034336921,resting,null
23,left,753.6653076923077,1790837964635,-2.739879846572876,-9.377806663513184,0.21536172926425934,-1.8200000524520874,-0.8400000333786011,2.1700000762939453,0.008069922902603393,resting,null
23,right,741.138,1790837964656,9.686491966247559,-3.070101022720337,0.15793193876743317,-0.21000000834465027,-3.1500000953674316,-1.3300000429153442,0.039172865720174345,resting,null
23,right,741.1476153846154,1790837964656,9.719992637634277,-3.0748867988586426,0.15793193876743317,-0.21000000834465027,-3.1500000953674316,-1.3300000429153442,0.0428941376366632,resting,null
23,right,741.1572307692308,1790837964656,9.686491966247559,-3.062922477722168,0.15793193876743317,-0.21000000834465027,-3.1500000953674316,-1.3300000429153442,0.04627243932313961,resting,null
23,right,741.1668461538462,1790837964656,9.705635070800781,-3.0102784633636475,0.15793193876743317,-0.21000000834465027,-3.1500000953674316,-1.3300000429153442,0.049672955053549725,resting,null
23,right,741.1764615384616,1790837964656,9.703242301940918,-2.993528127670288,0.15314611792564392,-0.21000000834465027,-3.1500000953674316,-1.3300000429153442,0.053001986835713735,resting,null
23,right,741.1860769230769,1790837964656,9.705635070800781,-2.993528127670288,0.14596739411354065,-0.21000000834465027,-3.1500000953674316,-1.3300000429153442,0,resting,null
23,right,741.1956923076923,1790837964656,9.703242301940918,-2.979170560836792,0.15314611792564392,-0.21000000834465027,-3.1500000953674316,-1.3300000429153442,0.003313135972512803,resting,null
23,right,741.2053076923078,1790837964656,9.6697416305542,-3.034207344055176,0.1603248417377472,-0.21000000834465027,-3.1500000953674316,-1.3300000429153442,0.006474879634603796,resting,null
23,left,753.677,1790837964711,-2.696807384490967,-9.38498592376709,0.260826975107193,-1.8200000524520874,-0.7699999809265137,2.380000114440918,0.007615723266961548,resting,null
23,left,753.6866153846154,1790837964711,-2.670485496520996,-9.408914566040039,0.2416837215423584,-1.8200000524520874,-0.7699999809265137,2.380000114440918,0.00738924703465984,resting,null
23,left,753.6962307692307,1790837964711,-2.648949146270752,-9.394556999206543,0.23929080367088318,-1.8200000524520874,-0.7699999809265137,2.380000114440918,0.006973189883974243,resting,null
23,left,753.7058461538462,1790837964711,-2.6585209369659424,-9.351485252380371,0.28714898228645325,-1.8200000524520874,-0.7699999809265137,2.380000114440918,0,resting,null
23,left,753.7154615384616,1790837964711,-2.6944146156311035,-9.28926944732666,0.29911351203918457,-1.8200000524520874,-0.7699999809265137,2.380000114440918,-0.0012497772935632662,resting,null
23,left,753.7250769230769,1790837964711,-2.68245005607605,-9.30601978302002,0.24646952748298645,-1.8200000524520874,-0.7699999809265137,2.380000114440918,-0.002389117225296807,resting,null
23,left,753.7346923076923,1790837964711,-2.711164951324463,-9.284482955932617,0.2919347882270813,-1.8200000524520874,-0.7699999809265137,2.380000114440918,-0.00363843627815725,resting,null
23,left,753.7443076923078,1790837964711,-2.663306713104248,-9.236625671386719,0.27518442273139954,-1.8200000524520874,-0.7699999809265137,2.380000114440918,-0.0054608855304359855,resting,null
23,right,741.214,1790837964773,9.686491966247559,-3.05574369430542,0.15793193876743317,-0.14000000059604645,-3.7100000381469727,-1.2599999904632568,0.009526500044321902,resting,null
23,right,741.2236153846154,1790837964773,9.691277503967285,-3.0940301418304443,0.15314611792564392,-0.14000000059604645,-3.7100000381469727,-1.2599999904632568,0.0130542989500737,resting,null
23,right,741.2332307692308,1790837964773,9.66256332397461,-3.1227450370788574,0.14357449114322662,-0.14000000059604645,-3.7100000381469727,-1.2599999904632568,0.016399718956902558,resting,null
23,right,741.2428461538462,1790837964773,9.6697416305542,-3.0940301418304443,0.11485958844423294,-0.14000000059604645,-3.7100000381469727,-1.2599999904632568,0.01972337345841945,resting,null
23,right,741.2524615384616,1790837964773,9.63624095916748,-3.0868513584136963,0.12682412564754486,-0.14000000059604645,-3.7100000381469727,-1.2599999904632568,0.022719334762440008,resting,null
23,right,741.262076923077,1790837964773,9.588382720947266,-3.019850015640259,0.06939433515071869,-0.14000000059604645,-3.7100000381469727,-1.2599999904632568,0.025074690720946244,resting,null
23,right,741.2716923076923,1790837964773,9.57402515411377,-3.036600351333618,0.13878867030143738,-0.14000000059604645,-3.7100000381469727,-1.2599999904632568,0.027352892249472533,resting,null
23,right,741.2813076923078,1790837964773,9.576417922973633,-2.9887421131134033,0.11485958844423294,-0.14000000059604645,-3.7100000381469727,-1.2599999904632568,0.029511140828103008,resting,null
23,left,753.756,1790837964785,-2.6680924892425537,-9.243803977966309,0.2943277060985565,-1.4700000286102295,-1.0499999523162842,2.6600000858306885,-0.007573102803395632,resting,null
23,left,753.7656153846153,1790837964785,-2.670485496520996,-9.22705364227295,0.2823631465435028,-1.4700000286102295,-1.0499999523162842,2.6600000858306885,-0.009460606329172656,resting,null
23,left,753.7752307692307,1790837964785,-2.713557720184326,-9.167230606079102,0.31825676560401917,-1.4700000286102295,-1.0499999523162842,2.6600000858306885,-0.011772840599579752,resting,null
23,left,753.7848461538462,1790837964785,-2.718343496322632,-9.21030330657959,0.3421858549118042,-1.4700000286102295,-1.0499999523162842,2.6600000858306885,-0.013666198725955949,resting,null
23,left,753.7944615384615,1790837964785,-2.696807384490967,-9.195945739746094,0.32782840728759766,-1.4700000286102295,-1.0499999523162842,2.6600000858306885,-0.01575321342571493,resting,null
23,left,753.8040769230769,1790837964785,-2.6944146156311035,-9.234231948852539,0.3230426013469696,-1.4700000286102295,-1.0499999523162842,2.6600000858306885,-0.017494150647598905,resting,null
23,left,753.8136923076922,1790837964785,-2.696807384490967,-9.258161544799805,0.29911351203918457,-1.4700000286102295,-1.0499999523162842,2.6600000858306885,-0.01901459111774569,resting,null
23,left,753.8233076923077,1790837964785,-2.68245005607605,-9.325162887573242,0.2703986167907715,-1.4700000286102295,-1.0499999523162842,2.6600000858306885,-0.019963328076326586,resting,null
23,right,741.29,1790837964803,9.641026496887207,-2.98634934425354,0.07418014854192734,-0.49000000953674316,-4.199999809265137,-1.2599999904632568,0.03198767739391357,resting,null
23,right,741.2996153846153,1790837964803,9.614705085754395,-2.971991777420044,0.06221561133861542,-0.49000000953674316,-4.199999809265137,-1.2599999904632568,0.03444298861874488,resting,null
23,right,741.3092307692307,1790837964803,9.516595840454102,-2.9408841133117676,0.047858163714408875,-0.49000000953674316,-4.199999809265137,-1.2599999904632568,0.03590746000488374,resting,null
23,right,741.3188461538462,1790837964803,9.48788070678711,-2.9265265464782715,0.08375178277492523,-0.49000000953674316,-4.199999809265137,-1.2599999904632568,0.03706886213589931,resting,null
23,right,741.3284615384615,1790837964803,9.528559684753418,-2.8930258750915527,0.059822700917720795,-0.49000000953674316,-4.199999809265137,-1.2599999904632568,0.03850753479265614,resting,null
23,right,741.3380769230769,1790837964803,9.516595840454102,-2.9815635681152344,0.05742979422211647,-0.49000000953674316,-4.199999809265137,-1.2599999904632568,0.04008586826529444,resting,null
23,right,741.3476923076922,1790837964803,9.55009651184082,-2.957634449005127,0.08853759616613388,-0.49000000953674316,-4.199999809265137,-1.2599999904632568,0.04190490029681616,resting,null
23,right,741.3573076923077,1790837964803,9.578810691833496,-2.9887421131134033,0.09571632742881775,-0.49000000953674316,-4.199999809265137,-1.2599999904632568,0.04407567211739749,resting,null
23,right,741.366,1790837964863,9.564454078674316,-2.9600272178649902,0.06460852175951004,-0.49000000953674316,-4.269999980926514,-1.190000057220459,0.045842692502375965,resting,null
23,right,741.3756153846153,1790837964863,9.585989952087402,-2.9480626583099365,0.06221561133861542,-0.49000000953674316,-4.269999980926514,-1.190000057220459,0.04796011381814231,resting,null
23,right,741.3852307692307,1790837964863,9.55009651184082,-2.924133777618408,0.0502510704100132,-0.49000000953674316,-4.269999980926514,-1.190000057220459,0.049678558146475725,resting,null
23,right,741.3948461538462,1790837964863,9.523774147033691,-2.888240098953247,0.0909305065870285,-0.49000000953674316,-4.269999980926514,-1.190000057220459,0.05105543358452762,resting,null
23,right,741.4044615384615,1790837964863,9.54052448272705,-2.8547394275665283,0.1005021408200264,-0.49000000953674316,-4.269999980926514,-1.190000057220459,0.0524930067222018,resting,null
23,right,741.4140769230769,1790837964863,9.502238273620605,-2.8619179725646973,0.08375178277492523,-0.49000000953674316,-4.269999980926514,-1.190000057220459,0.05359725648406233,resting,null
23,right,741.4236923076922,1790837964863,9.490273475646973,-2.8475606441497803,0.08135887235403061,-0.49000000953674316,-4.269999980926514,-1.190000057220459,0.054551123095751775,resting,null
23,right,741.4333076923077,1790837964863,9.442415237426758,-2.9408841133117676,0.05742979422211647,-0.49000000953674316,-4.269999980926514,-1.190000057220459,0.05532264981454145,resting,null
23,left,753.836,1790837964920,-2.7159507274627686,-9.315590858459473,0.28714898228645325,-0.699999988079071,-0.9100000262260437,2.1700000762939453,-0.021206092005376823,resting,null
23,left,753.8456153846154,1790837964920,-2.7733805179595947,-9.36584186553955,0.29672059416770935,-0.699999988079071,-0.9100000262260437,2.1700000762939453,-0.021525821491290696,resting,null
23,left,753.8552307692307,1790837964920,-2.768594741821289,-9.334734916687012,0.29672059416770935,-0.699999988079071,-0.9100000262260437,2.1700000762939453,-0.022144779987424482,resting,null
23,left,753.8648461538462,1790837964920,-2.768594741821289,-9.310805320739746,0.2895418703556061,-0.699999988079071,-0.9100000262260437,2.1700000762939453,-0.02298594013983306,resting,null
23,left,753.8744615384616,1790837964920,-2.7374868392944336,-9.315590858459473,0.27518442273139954,-0.699999988079071,-0.9100000262260437,2.1700000762939453,-0.023871695332775292,resting,null
23,left,753.8840769230769,1790837964920,-2.754237174987793,-9.265339851379395,0.27757734060287476,-0.699999988079071,-0.9100000262260437,2.1700000762939453,-0.025173379582322974,resting,null
23,left,753.8936923076923,1790837964920,-2.692021608352661,-9.239018440246582,0.3206496834754944,-0.699999988079071,-0.9100000262260437,2.1700000762939453,-0.02687523202322135,resting,null
23,left,753.9033076923077,1790837964920,-2.703986167907715,-9.327555656433105,0.29672059416770935,-0.699999988079071,-0.9100000262260437,2.1700000762939453,-0.02773392527689409,resting,null
23,right,741.442,1790837964938,9.447200775146484,-2.9480626583099365,0.07418014854192734,-0.49000000953674316,-4.550000190734863,-1.1200000047683716,0.056079353964360396,resting,null
23,right,741.4516153846154,1790837964938,9.4950590133667,-2.924133777618408,0.05264397710561752,-0.49000000953674316,-4.550000190734863,-1.1200000047683716,0.057288341991797505,resting,null
23,right,741.4612307692307,1790837964938,9.562060356140137,-2.9624202251434326,0.055036887526512146,-0.49000000953674316,-4.550000190734863,-1.1200000047683716,0.0592206517343611,resting,null
23,right,741.4708461538462,1790837964938,9.542917251586914,-2.971991777420044,0.059822700917720795,-0.49000000953674316,-4.550000190734863,-1.1200000047683716,0.06100380768970762,resting,null
23,right,741.4804615384616,1790837964938,9.585989952087402,-2.9887421131134033,0.07418014854192734,-0.49000000953674316,-4.550000190734863,-1.1200000047683716,0.06322999101249777,resting,null
23,right,741.4900769230769,1790837964938,9.576417922973633,-2.9456698894500732,0.047858163714408875,-0.49000000953674316,-4.550000190734863,-1.1200000047683716,0.06524361857040764,resting,null
23,right,741.4996923076923,1790837964938,9.595561027526855,-2.9456698894500732,0.03110780566930771,-0.49000000953674316,-4.550000190734863,-1.1200000047683716,0.0674314851962242,resting,null
23,right,741.5093076923077,1790837964938,9.676919937133789,-2.979170560836792,0.0502510704100132,-0.49000000953674316,-4.550000190734863,-1.1200000047683716,0.07046081129078867,resting,null
23,left,753.915,1790837964951,-2.696807384490967,-9.334734916687012,0.29672059416770935,-0.5600000023841858,-0.9800000190734863,2.1700000762939453,-0.02871968149674543,resting,null
23,left,753.9246153846153,1790837964951,-2.6680924892425537,-9.380199432373047,0.30629223585128784,-0.5600000023841858,-0.9800000190734863,2.1700000762939453,-0.02918481052521032,resting,null
23,left,753.9342307692307,1790837964951,-2.7422726154327393,-9.425664901733398,0.34936457872390747,-0.5600000023841858,-0.9800000190734863,2.1700000762939453,-0.029017600255399373,resting,null
23,left,753.9438461538462,1790837964951,-2.7709875106811523,-9.430450439453125,0.3350071310997009,-0.5600000023841858,-0.9800000190734863,2.1700000762939453,-0.028732900106120632,resting,null
23,left,753.9534615384615,1790837964951,-2.696807384490967,-9.444808006286621,0.3350071310997009,-0.5600000023841858,-0.9800000190734863,2.1700000762939453,-0.028515649980947202,resting,null
23,left,753.9630769230769,1790837964951,-2.754237174987793,-9.423272132873535,0.2943277060985565,-0.5600000023841858,-0.9800000190734863,2.1700000762939453,-0.028355091560854275,resting,null
23,left,753.9726923076922,1790837964951,-2.7446656227111816,-9.521381378173828,0.3350071310997009,-0.5600000023841858,-0.9800000190734863,2.1700000762939453,-0.02730308129655804,resting,null
23,left,753.9823076923077,1790837964951,-2.768594741821289,-9.538131713867188,0.30868515372276306,-0.5600000023841858,-0.9800000190734863,2.1700000762939453,-0.02604088074655173,resting,null
23,left,753.995,1790837965025,-2.845167636871338,-9.57402515411377,0.3110780417919159,-0.42000001668930054,-0.9800000190734863,2.5899999141693115,-0.023665209171961587,resting,null
23,left,754.0046153846154,1790837965025,-2.804488182067871,-9.605133056640625,0.31825676560401917,-0.42000001668930054,-0.9800000190734863,2.5899999141693115,-0.0216875422650364,resting,null
23,left,754.0142307692307,1790837965025,-2.811666965484619,-9.583597183227539,0.27757734060287476,-0.42000001668930054,-0.9800000190734863,2.5899999141693115,-0.019901942909527286,resting,null
23,left,754.0238461538462,1790837965025,-2.8762755393981934,-9.578810691833496,0.2943277060985565,-0.42000001668930054,-0.9800000190734863,2.5899999141693115,-0.017980546351994448,resting,null
23,left,754.0334615384616,1790837965025,-2.845167636871338,-9.507023811340332,0.27997025847435,-0.42000001668930054,-0.9800000190734863,2.5899999141693115,-0.016809774039424203,resting,null
23,left,754.0430769230769,1790837965025,-2.8355960845947266,-9.55009651184082,0.30629223585128784,-0.42000001668930054,-0.9800000190734863,2.5899999141693115,-0.015261755873521316,resting,null
23,left,754.0526923076923,1790837965025,-2.802095413208008,-9.516595840454102,0.25843408703804016,-0.42000001668930054,-0.9800000190734863,2.5899999141693115,-0.014128150046066,resting,null
23,left,754.0623076923077,1790837965025,-2.7805593013763428,-9.533346176147461,0.3110780417919159,-0.42000001668930054,-0.9800000190734863,2.5899999141693115,-0.012884409235411405,resting,null
23,right,741.517,1790837965058,9.705635070800781,-3.007885456085205,0.059822700917720795,-0.5600000023841858,-4.269999980926514,-0.9100000262260437,0.07315961875635575,resting,null
23,right,741.5266153846154,1790837965058,9.734350204467773,-3.02942156791687,0.08375178277492523,-0.5600000023841858,-4.269999980926514,-0.9100000262260437,0.07685727424822938,resting,null
23,right,741.5362307692308,1790837965058,9.743921279907227,-2.9695990085601807,0.05264397710561752,-0.5600000023841858,-4.269999980926514,-0.9100000262260437,0.08047098773124262,resting,null
23,right,741.5458461538462,1790837965058,9.693670272827148,-2.971991777420044,0.10289505124092102,-0.5600000023841858,-4.269999980926514,-0.9100000262260437,0.08363009200770928,resting,null
23,right,741.5554615384616,1790837965058,9.71520709991455,-2.9815635681152344,0.047858163714408875,-0.5600000023841858,-4.269999980926514,-0.9100000262260437,0.08701027221197179,resting,null
23,right,741.565076923077,1790837965058,9.703242301940918,-2.921740770339966,0.11725249886512756,-0.5600000023841858,-4.269999980926514,-0.9100000262260437,0.09011386955676375,resting,null
23,right,741.5746923076923,1790837965058,9.710420608520508,-2.9408841133117676,0.059822700917720795,-0.5600000023841858,-4.269999980926514,-0.9100000262260437,0.09333342105096813,resting,null
23,right,741.5843076923078,1790837965058,9.676919937133789,-2.9695990085601807,0.07896596938371658,-0.5600000023841858,-4.269999980926514,-0.9100000262260437,0.09632487447186074,resting,null
23,right,741.593,1790837965118,9.679313659667969,-2.9600272178649902,0.047858163714408875,-0.699999988079071,-4.760000228881836,-1.1200000047683716,0.09902215346403741,resting,null
23,right,741.6026153846153,1790837965118,9.686491966247559,-2.9672060012817383,0.08614469319581985,-0.699999988079071,-4.760000228881836,-1.1200000047683716,0.10209218188790052,resting,null
23,right,741.6122307692307,1790837965118,9.655384063720703,-2.9767775535583496,0.07896596938371658,-0.699999988079071,-4.760000228881836,-1.1200000047683716,0.10490172395750183,resting,null
23,right,741.6218461538461,1790837965118,9.621883392333984,-2.9265265464782715,0.07418014854192734,-0.699999988079071,-4.760000228881836,-1.1200000047683716,0.10726059714113154,resting,null
23,right,741.6314615384615,1790837965118,9.614705085754395,-2.9337053298950195,0.06700142472982407,-0.699999988079071,-4.760000228881836,-1.1200000047683716,0.10957222793718818,resting,null
23,right,741.6410769230769,1790837965118,9.559667587280273,-2.895418882369995,0.08614469319581985,-0.699999988079071,-4.760000228881836,-1.1200000047683716,0.11127075632843242,resting,null
23,right,741.6506923076922,1790837965118,9.597954750061035,-2.9528486728668213,0.07418014854192734,-0.699999988079071,-4.760000228881836,-1.1200000047683716,0.11348069050159328,resting,null
23,right,741.6603076923077,1790837965118,9.547703742980957,-2.943276882171631,0.0909305065870285,-0.699999988079071,-4.760000228881836,-1.1200000047683716,0.11520203177365468,resting,null
23,left,754.074,1790837965161,-2.802095413208008,-9.530953407287598,0.2823631465435028,-0.5600000023841858,-0.9800000190734863,2.1700000762939453,-0.011338077480323124,resting,null
23,left,754.0836153846153,1790837965161,-2.8068811893463135,-9.533346176147461,0.31825676560401917,-0.5600000023841858,-0.9800000190734863,2.1700000762939453,-0.010021808302116662,resting,null
23,left,754.0932307692307,1790837965161,-2.859525203704834,-9.507023811340332,0.3134709596633911,-0.5600000023841858,-0.9800000190734863,2.1700000762939453,-0.008806066234573938,resting,null
23,left,754.1028461538461,1790837965161,-2.809274196624756,-9.490273475646973,0.31586387753486633,-0.5600000023841858,-0.9800000190734863,2.1700000762939453,-0.00788184333408463,resting,null
23,left,754.1124615384615,1790837965161,-2.8355960845947266,-9.451987266540527,0.3038993179798126,-0.5600000023841858,-0.9800000190734863,2.1700000762939453,-0.007241930845953751,resting,null
23,left,754.1220769230769,1790837965161,-2.802095413208008,-9.463951110839844,0.3350071310997009,-0.5600000023841858,-0.9800000190734863,2.1700000762939453,-0.006574743449616142,resting,null
23,left,754.1316923076922,1790837965161,-2.7662017345428467,-9.406521797180176,0.3445787727832794,-0.5600000023841858,-0.9800000190734863,2.1700000762939453,-0.0065315852384196914,resting,null
23,left,754.1413076923077,1790837965161,-2.7805593013763428,-9.380199432373047,0.31586387753486633,-0.5600000023841858,-0.9800000190734863,2.1700000762939453,-0.0067005854800011935,resting,null
23,left,754.153,1790837965191,-2.7374868392944336,-9.39934253692627,0.3350071310997009,-0.6299999952316284,-0.9100000262260437,2.5199999809265137,-0.006826617579506369,resting,null
23,left,754.1626153846154,1790837965191,-2.823631525039673,-9.344305992126465,0.33740004897117615,-0.6299999952316284,-0.9100000262260437,2.5199999809265137,-0.007201231925309445,resting,null
23,left,754.1722307692307,1790837965191,-2.852346420288086,-9.301233291625977,0.3709007501602173,-0.6299999952316284,-0.9100000262260437,2.5199999809265137,-0.007881254927794488,resting,null
23,left,754.1818461538462,1790837965191,-2.830810308456421,-9.294054985046387,0.35654330253601074,-0.6299999952316284,-0.9100000262260437,2.5199999809265137,-0.008690180906629201,resting,null
23,left,754.1914615384616,1790837965191,-2.8714897632598877,-9.325162887573242,0.32782840728759766,-0.6299999952316284,-0.9100000262260437,2.5199999809265137,-0.009108407460949191,resting,null
23,left,754.2010769230769,1790837965191,-2.873882532119751,-9.301233291625977,0.38525819778442383,-0.6299999952316284,-0.9100000262260437,2.5199999809265137,-0.00971970930850029,resting,null
23,left,754.2106923076923,1790837965191,-2.833203077316284,-9.294054985046387,0.339792937040329,-0.6299999952316284,-0.9100000262260437,2.5199999809265137,-0.010526296580278626,resting,null
23,left,754.2203076923078,1790837965191,-2.8068811893463135,-9.361056327819824,0.35893622040748596,-0.6299999952316284,-0.9100000262260437,2.5199999809265137,-0.010783664803830561,resting,null
23,right,741.67,1790837965208,9.497451782226562,-2.924133777618408,0.028714897111058235,-0.6299999952316284,-4.760000228881836,-1.0499999523162842,0.11641325403905582,resting,null
23,right,741.6796153846153,1790837965208,9.456772804260254,-2.9528486728668213,0.055036887526512146,-0.6299999952316284,-4.760000228881836,-1.0499999523162842,0.11732311137495877,resting,null
23,right,741.6892307692307,1790837965208,9.480701446533203,-2.881061315536499,0.007178724277764559,-0.6299999952316284,-4.760000228881836,-1.0499999523162842,0.11824799172839012,resting,null
23,right,741.6988461538461,1790837965208,9.449594497680664,-2.8619179725646973,0.01914326474070549,-0.6299999952316284,-4.760000228881836,-1.0499999523162842,0.11883338399386582,resting,null
23,right,741.7084615384615,1790837965208,9.45438003540039,-2.761415958404541,0.023929081857204437,-0.6299999952316284,-4.760000228881836,-1.0499999523162842,0.11918309124702602,resting,null
23,right,741.7180769230769,1790837965208,9.420879364013672,-2.718343496322632,-0.009571632370352745,-0.6299999952316284,-4.760000228881836,-1.0499999523162842,0.1191068227792415,resting,null
23,right,741.7276923076922,1790837965208,9.418486595153809,-2.747058391571045,0.04307234659790993,-0.6299999952316284,-4.760000228881836,-1.0499999523162842,0.11908876427195651,resting,null
23,right,741.7373076923077,1790837965208,9.437629699707031,-2.8140599727630615,-0.014357448555529118,-0.6299999952316284,-4.760000228881836,-1.0499999523162842,0.11943126539013321,resting,null
23,left,754.232,1790837965266,-2.790130853652954,-9.325162887573242,0.34936457872390747,-0.5600000023841858,-0.9100000262260437,2.0299999713897705,-0.011557652226937278,resting,null
23,left,754.2416153846153,1790837965266,-2.8260245323181152,-9.39216423034668,0.31586387753486633,-0.5600000023841858,-0.9100000262260437,2.0299999713897705,-0.011489319249528498,resting,null
23,left,754.2512307692307,1790837965266,-2.8571321964263916,-9.406521797180176,0.35893622040748596,-0.5600000023841858,-0.9100000262260437,2.0299999713897705,-0.011188239460300035,resting,null
23,left,754.2608461538462,1790837965266,-2.8714897632598877,-9.46155834197998,0.35893622040748596,-0.5600000023841858,-0.9100000262260437,2.0299999713897705,-0.01034136315670363,resting,null
23,left,754.2704615384615,1790837965266,-2.8212387561798096,-9.45438003540039,0.35893622040748596,-0.5600000023841858,-0.9100000262260437,2.0299999713897705,-0.009700574237438173,resting,null
23,left,754.2800769230769,1790837965266,-2.8212387561798096,-9.463951110839844,0.41875892877578735,-0.5600000023841858,-0.9100000262260437,2.0299999713897705,-0.00895041330097427,resting,null
23,left,754.2896923076922,1790837965266,-2.881061315536499,-9.432844161987305,0.37807947397232056,-0.5600000023841858,-0.9100000262260437,2.0299999713897705,-0.008334856495740443,resting,null
23,left,754.2993076923077,1790837965266,-2.91695499420166,-9.418486595153809,0.4115802049636841,-0.5600000023841858,-0.9100000262260437,2.0299999713897705,-0.0077380365604429215,resting,null
23,right,741.746,1790837965313,9.444808006286621,-2.809274196624756,0.023929081857204437,-0.6299999952316284,-4.480000019073486,-0.9100000262260437,0.11978805574484007,resting,null
23,right,741.7556153846153,1790837965313,9.473523139953613,-2.837989091873169,0.02632198855280876,-0.6299999952316284,-4.480000019073486,-0.9100000262260437,0.12052602103315488,resting,null
23,right,741.7652307692307,1790837965313,9.411307334899902,-2.8547394275665283,0.04546525329351425,-0.6299999952316284,-4.480000019073486,-0.9100000262260437,0.12073690552097986,resting,null
23,right,741.7748461538462,1790837965313,9.449594497680664,-2.907383441925049,0,-0.6299999952316284,-4.480000019073486,-0.9100000262260437,0.12144667709951297,resting,null
23,right,741.7844615384615,1790837965313,9.530953407287598,-2.837989091873169,0.021536173298954964,-0.6299999952316284,-4.480000019073486,-0.9100000262260437,0.12271282737690316,resting,null
23,right,741.7940769230769,1790837965313,9.55727481842041,-2.8403818607330322,-0.0047858161851763725,-0.6299999952316284,-4.480000019073486,-0.9100000262260437,0.12422776995047444,resting,null
23,right,741.8036923076922,1790837965313,9.581204414367676,-2.8499536514282227,0.02632198855280876,-0.6299999952316284,-4.480000019073486,-0.9100000262260437,0.12598846370761083,resting,null
23,right,741.8133076923077,1790837965313,9.595561027526855,-2.8355960845947266,-0.007178724277764559,-0.6299999952316284,-4.480000019073486,-0.9100000262260437,0.1278415739465213,resting,null
23,left,754.311,1790837965341,-2.9193477630615234,-9.428057670593262,0.43550926446914673,-0.7699999809265137,-1.1200000047683716,3.0799999237060547,-0.006885603163380953,resting,null
23,left,754.3206153846154,1790837965341,-2.9815635681152344,-9.497451782226562,0.43550926446914673,-0.7699999809265137,-1.1200000047683716,3.0799999237060547,-0.005371181230083689,resting,null
23,left,754.3302307692308,1790837965341,-2.979170560836792,-9.432844161987305,0.4020085632801056,-0.7699999809265137,-1.1200000047683716,3.0799999237060547,-0.004469147982903977,resting,null
23,left,754.3398461538462,1790837965341,-2.936098337173462,-9.48788070678711,0.3732936680316925,-0.7699999809265137,-1.1200000047683716,3.0799999237060547,-0.0031973174777214803,resting,null
23,left,754.3494615384616,1790837965341,-2.895418882369995,-9.485487937927246,0.4020085632801056,-0.7699999809265137,-1.1200000047683716,3.0799999237060547,-0.0020527127987045608,resting,null
23,left,754.3590769230769,1790837965341,-2.8643109798431396,-9.466344833374023,0.3732936680316925,-0.7699999809265137,-1.1200000047683716,3.0799999237060547,-0.001182896626329743,resting,null
23,left,754.3686923076923,1790837965341,-2.8786685466766357,-9.48788070678711,0.3421858549118042,-0.7699999809265137,-1.1200000047683716,3.0799999237060547,-0.00008615514859188613,resting,null
23,left,754.3783076923078,1790837965341,-2.8930258750915527,-9.456772804260254,0.39722275733947754,-0.7699999809265137,-1.1200000047683716,3.0799999237060547,0.0007856115946875825,resting,null
23,right,741.821,1790837965388,9.562060356140137,-2.852346420288086,0.009571632370352745,-0.6299999952316284,-4.269999980926514,-0.7699999809265137,0.12911290692829883,resting,null
23,right,741.8306153846154,1790837965388,9.593168258666992,-2.8762755393981934,-0.0047858161851763725,-0.6299999952316284,-4.269999980926514,-0.7699999809265137,0.13105383213257987,resting,null
23,right,741.8402307692307,1790837965388,9.57402515411377,-2.833203077316284,-0.059822700917720795,-0.6299999952316284,-4.269999980926514,-0.7699999809265137,0.13270089260890805,resting,null
23,right,741.8498461538462,1790837965388,9.602740287780762,-2.7925238609313965,-0.040679436177015305,-0.6299999952316284,-4.269999980926514,-0.7699999809265137,0.13450062685833883,resting,null
23,right,741.8594615384616,1790837965388,9.64581298828125,-2.718343496322632,-0.03350071236491203,-0.6299999952316284,-4.269999980926514,-0.7699999809265137,0.13649664461808136,resting,null
23,right,741.8690769230769,1790837965388,9.638633728027344,-2.823631525039673,0.0047858161851763725,-0.6299999952316284,-4.269999980926514,-0.7699999809265137,0.13870826904044856,resting,null
23,right,741.8786923076923,1790837965388,9.585989952087402,-2.907383441925049,-0.01914326474070549,-0.6299999952316284,-4.269999980926514,-0.7699999809265137,0.14066172292393367,resting,null
23,right,741.8883076923078,1790837965388,9.631455421447754,-2.895418882369995,-0.0047858161851763725,-0.6299999952316284,-4.269999980926514,-0.7699999809265137,0.1430009585318285,resting,null
23,right,741.897,1790837965404,9.595561027526855,-2.852346420288086,0.023929081857204437,-0.49000000953674316,-4.480000019073486,-0.42000001668930054,0.14470873973979437,resting,null
23,right,741.9066153846154,1790837965404,9.516595840454102,-2.943276882171631,0.01914326474070549,-0.49000000953674316,-4.480000019073486,-0.42000001668930054,0.1461191477487991,resting,null
23,right,741.9162307692308,1790837965404,9.54052448272705,-2.8930258750915527,0.03350071236491203,-0.49000000953674316,-4.480000019073486,-0.42000001668930054,0.14761165900057974,resting,null
23,right,741.9258461538462,1790837965404,9.4950590133667,-2.7709875106811523,0.05264397710561752,-0.49000000953674316,-4.480000019073486,-0.42000001668930054,0.1483495210148308,resting,null
23,right,741.9354615384616,1790837965404,9.554882049560547,-2.830810308456421,0.04546525329351425,-0.49000000953674316,-4.480000019073486,-0.42000001668930054,0.14980268545445097,resting,null
23,right,741.945076923077,1790837965404,9.54052448272705,-2.928919553756714,-0.02632198855280876,-0.49000000953674316,-4.480000019073486,-0.42000001668930054,0.15139449163386648,resting,null
23,right,741.9546923076923,1790837965404,9.55009651184082,-2.993528127670288,0,-0.49000000953674316,-4.480000019073486,-0.42000001668930054,0.15325283095044373,resting,null
23,right,741.9643076923078,1790837965404,9.502238273620605,-3.02942156791687,-0.014357448555529118,-0.49000000953674316,-4.480000019073486,-0.42000001668930054,0.1547723468686507,resting,null
23,left,754.39,1790837965476,-2.928919553756714,-9.468737602233887,0.3445787727832794,-0.9100000262260437,-0.9100000262260437,2.309999942779541,0.0020785903197147325,resting,null
23,left,754.3996153846153,1790837965476,-2.9193477630615234,-9.492666244506836,0.36611494421958923,-0.9100000262260437,-0.9100000262260437,2.309999942779541,0.0033416515747232743,resting,null
23,left,754.4092307692307,1790837965476,-2.8978116512298584,-9.456772804260254,0.3732936680316925,-0.9100000262260437,-0.9100000262260437,2.309999942779541,0.0042164313400751404,resting,null
23,left,754.4188461538462,1790837965476,-2.8427748680114746,-9.559667587280273,0.37568655610084534,-0.9100000262260437,-0.9100000262260437,2.309999942779541,0.0058824894768589875,resting,null
23,left,754.4284615384615,1790837965476,-2.732701063156128,-9.542917251586914,0.3804723918437958,-0.9100000262260437,-0.9100000262260437,2.309999942779541,0.007089474095840699,resting,null
23,left,754.4380769230769,1790837965476,-2.7662017345428467,-9.535738945007324,0.37807947397232056,-0.9100000262260437,-0.9100000262260437,2.309999942779541,0.00832417446899048,resting,null
23,left,754.4476923076923,1790837965476,-2.833203077316284,-9.466344833374023,0.36611494421958923,-0.9100000262260437,-0.9100000262260437,2.309999942779541,0.009102083449829445,resting,null
23,left,754.4573076923077,1790837965476,-2.866703987121582,-9.406521797180176,0.3948298394680023,-0.9100000262260437,-0.9100000262260437,2.309999942779541,0.009432810286964568,resting,null
23,right,741.973,1790837965480,9.530953407287598,-3.02942156791687,0.023929081857204437,-0.49000000953674316,-4.130000114440918,-0.2800000011920929,0.15638443862481283,resting,null
23,right,741.9826153846153,1790837965480,9.485487937927246,-2.9552414417266846,0.009571632370352745,-0.49000000953674316,-4.130000114440918,-0.2800000011920929,0.1575424652382969,resting,null
23,right,741.9922307692307,1790837965480,9.428057670593262,-2.852346420288086,-0.03110780566930771,-0.49000000953674316,-4.130000114440918,-0.2800000011920929,0.15788453835691765,resting,null
23,right,742.0018461538461,1790837965480,9.442415237426758,-2.8427748680114746,-0.0047858161851763725,-0.49000000953674316,-4.130000114440918,-0.2800000011920929,0.15833105963017868,resting,null
23,right,742.0114615384615,1790837965480,9.40173625946045,-2.833203077316284,-0.055036887526512146,-0.49000000953674316,-4.130000114440918,-0.2800000011920929,0.15837850495638814,resting,null
23,right,742.0210769230769,1790837965480,9.428057670593262,-2.8858470916748047,-0.05264397710561752,-0.49000000953674316,-4.130000114440918,-0.2800000011920929,0.15881469777562812,resting,null
23,right,742.0306923076922,1790837965480,9.377806663513184,-2.8475606441497803,-0.055036887526512146,-0.49000000953674316,-4.130000114440918,-0.2800000011920929,0.15868173475004502,resting,null
23,right,742.0403076923077,1790837965480,9.404129028320312,-2.866703987121582,0.009571632370352745,-0.49000000953674316,-4.130000114440918,-0.2800000011920929,0.15884128057690397,resting,null
23,left,754.47,1790837965508,-2.8571321964263916,-9.387378692626953,0.39004403352737427,-1.190000057220459,-0.9800000190734863,2.380000114440918,0.009599893682348365,resting,null
23,left,754.4796153846154,1790837965508,-2.902597427368164,-9.36584186553955,0.41636601090431213,-1.190000057220459,-0.9800000190734863,2.380000114440918,0.009666497085187525,resting,null
23,left,754.4892307692307,1790837965508,-2.9049904346466064,-9.387378692626953,0.42833054065704346,-1.190000057220459,-0.9800000190734863,2.380000114440918,0.009942718843350622,resting,null
23,left,754.4988461538462,1790837965508,-2.833203077316284,-9.38259220123291,0.4450809061527252,-1.190000057220459,-0.9800000190734863,2.380000114440918,0.009979414315306469,resting,null
23,left,754.5084615384616,1790837965508,-2.7949166297912598,-9.351485252380371,0.41875892877578735,-1.190000057220459,-0.9800000190734863,2.380000114440918,0.009613037494410736,resting,null
23,left,754.5180769230769,1790837965508,-2.888240098953247,-9.377806663513184,0.43550926446914673,-1.190000057220459,-0.9800000190734863,2.380000114440918,0.009757349303257359,resting,null
23,left,754.5276923076923,1790837965508,-2.8834543228149414,-9.286876678466797,0.40918728709220886,-1.190000057220459,-0.9800000190734863,2.380000114440918,0.009043057862821545,resting,null
23,left,754.5373076923078,1790837965508,-2.9193477630615234,-9.363449096679688,0.4211518168449402,-1.190000057220459,-0.9800000190734863,2.380000114440918,0.009138497288393105,resting,null
23,right,742.049,1790837965569,9.36823558807373,-2.8858470916748047,0,-0.6299999952316284,-3.9200000762939453,-0.14000000059604645,0.15873617497869577,resting,null
23,right,742.0586153846153,1790837965569,9.38498592376709,-2.859525203704834,0.021536173298954964,-0.6299999952316284,-3.9200000762939453,-0.14000000059604645,0.15869981945477799,resting,null
23,right,742.0682307692307,1790837965569,9.358663558959961,-2.775773286819458,-0.021536173298954964,-0.6299999952316284,-3.9200000762939453,-0.14000000059604645,0.15818968208349463,resting,null
23,right,742.0778461538462,1790837965569,9.449594497680664,-2.7925238609313965,-0.0047858161851763725,-0.6299999952316284,-3.9200000762939453,-0.14000000059604645,0.15856310162197618,resting,null
23,right,742.0874615384615,1790837965569,9.4950590133667,-2.833203077316284,0,-0.6299999952316284,-3.9200000762939453,-0.14000000059604645,0.1594674973740188,resting,null
23,right,742.0970769230769,1790837965569,9.511809349060059,-2.8355960845947266,-0.03110780566930771,-0.6299999952316284,-3.9200000762939453,-0.14000000059604645,0.16053332445513938,resting,null
23,right,742.1066923076922,1790837965569,9.56684684753418,-2.830810308456421,0.035893622785806656,-0.6299999952316284,-3.9200000762939453,-0.14000000059604645,0.1620905378068187,resting,null
23,right,742.1163076923077,1790837965569,9.56684684753418,-2.8427748680114746,-0.007178724277764559,-0.6299999952316284,-3.9200000762939453,-0.14000000059604645,0.1636812036612748,resting,null
23,left,754.549,1790837965581,-2.938491106033325,-9.358663558959961,0.38525819778442383,-1.0499999523162842,-0.8400000333786011,2.450000047683716,0.009250483701455571,resting,null
23,left,754.5586153846153,1790837965581,-2.931312322616577,-9.428057670593262,0.4115802049636841,-1.0499999523162842,-0.8400000333786011,2.450000047683716,0.009968394705661767,resting,null
23,left,754.5682307692307,1790837965581,-2.8978116512298584,-9.504631042480469,0.34936457872390747,-1.0499999523162842,-0.8400000333786011,2.450000047683716,0.011268496606250091,resting,null
23,left,754.5778461538462,1790837965581,-2.938491106033325,-9.526166915893555,0.39004403352737427,-1.0499999523162842,-0.8400000333786011,2.450000047683716,0.012897415714958841,resting,null
23,left,754.5874615384615,1790837965581,-2.98634934425354,-9.521381378173828,0.3804723918437958,-1.0499999523162842,-0.8400000333786011,2.450000047683716,0.014614574625931936,resting,null
23,left,754.5970769230769,1790837965581,-3.0605294704437256,-9.526166915893555,0.41636601090431213,-1.0499999523162842,-0.8400000333786011,2.450000047683716,0.01660191810773916,resting,null
23,left,754.6066923076922,1790837965581,-3.043779134750366,-9.499845504760742,0.4044014811515808,-1.0499999523162842,-0.8400000333786011,2.450000047683716,0.018295400270574892,resting,null
23,left,754.6163076923077,1790837965581,-3.0054924488067627,-9.547703742980957,0.40679436922073364,-1.0499999523162842,-0.8400000333786011,2.450000047683716,0.020316262245950983,resting,null
23,right,742.125,1790837965673,9.588382720947266,-2.8140599727630615,-0.021536173298954964,-0.42000001668930054,-3.569999933242798,-0.14000000059604645,0.16522749325069397,resting,null
23,right,742.1346153846154,1790837965673,9.631455421447754,-2.7638089656829834,0.03110780566930771,-0.42000001668930054,-3.569999933242798,-0.14000000059604645,0.16719708332139843,resting,null
23,right,742.1442307692307,1790837965673,9.641026496887207,-2.7709875106811523,-0.009571632370352745,-0.42000001668930054,-3.569999933242798,-0.14000000059604645,0.16927524974855196,resting,null
23,right,742.1538461538462,1790837965673,9.564454078674316,-2.818845748901367,-0.021536173298954964,-0.42000001668930054,-3.569999933242798,-0.14000000059604645,0.17077543527316075,resting,null
23,right,742.1634615384615,1790837965673,9.554882049560547,-2.8427748680114746,0.03350071236491203,-0.42000001668930054,-3.569999933242798,-0.14000000059604645,0.17225053978946678,resting,null
23,right,742.1730769230769,1790837965673,9.511809349060059,-2.8403818607330322,-0.0047858161851763725,-0.42000001668930054,-3.569999933242798,-0.14000000059604645,0.17332261582143693,resting,null
23,right,742.1826923076923,1790837965673,9.507023811340332,-2.8547394275665283,-0.009571632370352745,-0.42000001668930054,-3.569999933242798,-0.14000000059604645,0.17438982925387334,resting,null
23,right,742.1923076923077,1790837965673,9.538131713867188,-2.8140599727630615,0.007178724277764559,-0.42000001668930054,-3.569999933242798,-0.14000000059604645,0.17563133951237886,resting,null
23,right,742.201,1790837965706,9.523774147033691,-2.818845748901367,0.007178724277764559,-0.49000000953674316,-3.430000066757202,0.07000000029802322,0.1766455738954688,resting,null
23,right,742.2106153846154,1790837965706,9.56684684753418,-2.833203077316284,-0.0023929080925881863,-0.49000000953674316,-3.430000066757202,0.07000000029802322,0.17820319314260133,resting,null
23,right,742.2202307692307,1790837965706,9.542917251586914,-2.8427748680114746,0.007178724277764559,-0.49000000953674316,-3.430000066757202,0.07000000029802322,0.1795657902537479,resting,null
23,right,742.2298461538462,1790837965706,9.56684684753418,-2.8786685466766357,0.0047858161851763725,-0.49000000953674316,-3.430000066757202,0.07000000029802322,0.18124691774312776,resting,null
23,right,742.2394615384616,1790837965706,9.585989952087402,-2.8714897632598877,-0.011964540928602219,-0.49000000953674316,-3.430000066757202,0.07000000029802322,0.18308370734394505,resting,null
23,right,742.2490769230769,1790837965706,9.585989952087402,-2.830810308456421,-0.016750356182456017,-0.49000000953674316,-3.430000066757202,0.07000000029802322,0.18480804727683006,resting,null
23,right,742.2586923076923,1790837965706,9.526166915893555,-2.881061315536499,-0.0023929080925881863,-0.49000000953674316,-3.430000066757202,0.07000000029802322,0.18611844666993904,resting,null
23,right,742.2683076923078,1790837965706,9.516595840454102,-2.818845748901367,-0.021536173298954964,-0.49000000953674316,-3.430000066757202,0.07000000029802322,0.18716943296085534,resting,null
23,left,754.629,1790837965716,-2.9528486728668213,-9.437629699707031,0.36850783228874207,-1.4700000286102295,-0.7699999809265137,2.450000047683716,0.021432039491160394,resting,null
23,left,754.6386153846154,1790837965716,-2.964813232421875,-9.483095169067383,0.382865309715271,-1.4700000286102295,-0.7699999809265137,2.450000047683716,0.022733385035008727,resting,null
23,left,754.6482307692307,1790837965716,-2.9552414417266846,-9.463951110839844,0.3924369215965271,-1.4700000286102295,-0.7699999809265137,2.450000047683716,0.02383480077550684,resting,null
23,left,754.6578461538462,1790837965716,-3.027028799057007,-9.416092872619629,0.3709007501602173,-1.4700000286102295,-0.7699999809265137,2.450000047683716,0.024696193480821027,resting,null
23,left,754.6674615384616,1790837965716,-3.058136463165283,-9.38498592376709,0.37807947397232056,-1.4700000286102295,-0.7699999809265137,2.450000047683716,0.025366608666048018,resting,null
23,left,754.6770769230769,1790837965716,-2.9767775535583496,-9.423272132873535,0.37807947397232056,-1.4700000286102295,-0.7699999809265137,2.450000047683716,0.0261506622271284,resting,null
23,left,754.6866923076923,1790837965716,-2.9983139038085938,-9.451987266540527,0.3948298394680023,-1.4700000286102295,-0.7699999809265137,2.450000047683716,0.02726592176282871,resting,null
23,left,754.6963076923078,1790837965716,-2.993528127670288,-9.447200775146484,0.3709007501602173,-1.4700000286102295,-0.7699999809265137,2.450000047683716,0.02831407468326197,resting,null
23,left,754.708,1790837965746,-2.993528127670288,-9.485487937927246,0.3732936680316925,-1.6800000667572021,-0.49000000953674316,2.240000009536743,0.030015218981686225,resting,null
23,left,754.7176153846153,1790837965746,-3.048564910888672,-9.502238273620605,0.37568655610084534,-1.6800000667572021,-0.49000000953674316,2.240000009536743,0.0317275930457522,resting,null
23,left,754.7272307692307,1790837965746,-2.9983139038085938,-9.39934253692627,0.38765111565589905,-1.6800000667572021,-0.49000000953674316,2.240000009536743,0.03235563904565539,resting,null
23,left,754.7368461538462,1790837965746,-3.019850015640259,-9.327555656433105,0.37568655610084534,-1.6800000667572021,-0.49000000953674316,2.240000009536743,0.03238570592478848,resting,null
23,left,754.7464615384615,1790837965746,-2.9480626583099365,-9.351485252380371,0.339792937040329,-1.6800000667572021,-0.49000000953674316,2.240000009536743,0.03241127961583567,resting,null
23,left,754.7560769230769,1790837965746,-2.98634934425354,-9.31319808959961,0.3709007501602173,-1.6800000667572021,-0.49000000953674316,2.240000009536743,0.03220985347917726,resting,null
23,left,754.7656923076922,1790837965746,-3.015064239501953,-9.29644775390625,0.39961564540863037,-1.6800000667572021,-0.49000000953674316,2.240000009536743,0.03195065461186408,resting,null
23,left,754.7753076923077,1790837965746,-3.0174570083618164,-9.28926944732666,0.35893622040748596,-1.6800000667572021,-0.49000000953674316,2.240000009536743,0.031618196122801825,resting,null
23,left,754.787,1790837965821,-2.9911351203918457,-9.322770118713379,0.4235447347164154,-1.8899999856948853,-0.42000001668930054,2.380000114440918,0.03152053630914376,resting,null
23,left,754.7966153846154,1790837965821,-2.993528127670288,-9.29644775390625,0.34936457872390747,-1.8899999856948853,-0.42000001668930054,2.380000114440918,0.031179686227452128,resting,null
23,left,754.8062307692308,1790837965821,-2.9911351203918457,-9.274911880493164,0.39722275733947754,-1.8899999856948853,-0.42000001668930054,2.380000114440918,0.030652495512051552,resting,null
23,left,754.8158461538462,1790837965821,-3.0318145751953125,-9.260554313659668,0.39961564540863037,-1.8899999856948853,-0.42000001668930054,2.380000114440918,0.03011609864730553,resting,null
23,left,754.8254615384616,1790837965821,-3.058136463165283,-9.274911880493164,0.3804723918437958,-1.8899999856948853,-0.42000001668930054,2.380000114440918,0.02978273053076292,resting,null
23,left,754.8350769230769,1790837965821,-3.1179592609405518,-9.317984580993652,0.3709007501602173,-1.8899999856948853,-0.42000001668930054,2.380000114440918,0.030019136448886853,resting,null
23,left,754.8446923076923,1790837965821,-3.058136463165283,-9.344305992126465,0.40918728709220886,-1.8899999856948853,-0.42000001668930054,2.380000114440918,0.03032957196045439,resting,null
23,left,754.8543076923078,1790837965821,-2.9983139038085938,-9.341913223266602,0.382865309715271,-1.8899999856948853,-0.42000001668930054,2.380000114440918,0.0304292632145507,resting,null
23,right,742.277,1790837965838,9.509416580200195,-2.837989091873169,-0.023929081857204437,-0.5600000023841858,-3.2899999618530273,0.14000000059604645,0.18810680648781206,resting,null
23,right,742.2866153846154,1790837965838,9.504631042480469,-2.7662017345428467,-0.03828652948141098,-0.5600000023841858,-3.2899999618530273,0.14000000059604645,0.1889031384758982,resting,null
23,right,742.2962307692308,1790837965838,9.497451782226562,-2.809274196624756,0.014357448555529118,-0.5600000023841858,-3.2899999618530273,0.14000000059604645,0.1897492796261612,resting,null
23,right,742.3058461538462,1790837965838,9.507023811340332,-2.802095413208008,0.014357448555529118,-0.5600000023841858,-3.2899999618530273,0.14000000059604645,0.1906639416484499,resting,null
23,right,742.3154615384616,1790837965838,9.516595840454102,-2.818845748901367,-0.047858163714408875,-0.5600000023841858,-3.2899999618530273,0.14000000059604645,0.19171364759367304,resting,null
23,right,742.325076923077,1790837965838,9.507023811340332,-2.7997024059295654,-0.016750356182456017,-0.5600000023841858,-3.2899999618530273,0.14000000059604645,0.19262141396704868,resting,null
23,right,742.3346923076923,1790837965838,9.449594497680664,-2.8068811893463135,-0.03110780566930771,-0.5600000023841858,-3.2899999618530273,0.14000000059604645,0.1930195079116575,resting,null
23,right,742.3443076923078,1790837965838,9.473523139953613,-2.8212387561798096,-0.0047858161851763725,-0.5600000023841858,-3.2899999618530273,0.14000000059604645,0.1936764598784359,resting,null
23,left,754.867,1790837965896,-3.027028799057007,-9.449594497680664,0.39722275733947754,-1.6800000667572021,-0.2800000011920929,2.240000009536743,0.03197961786691575,resting,null
23,left,754.8766153846153,1790837965896,-3.019850015640259,-9.437629699707031,0.34936457872390747,-1.6800000667572021,-0.2800000011920929,2.240000009536743,0.03300592269995815,resting,null
23,left,754.8862307692307,1790837965896,-3.0653152465820312,-9.440022468566895,0.36611494421958923,-1.6800000667572021,-0.2800000011920929,2.240000009536743,0.03419453518815824,resting,null
23,left,754.8958461538462,1790837965896,-3.120352268218994,-9.428057670593262,0.37568655610084534,-1.6800000667572021,-0.2800000011920929,2.240000009536743,0.035440919455496794,resting,null
23,left,754.9054615384615,1790837965896,-3.139495372772217,-9.423272132873535,0.363722026348114,-1.6800000667572021,-0.2800000011920929,2.240000009536743,0.03669693238543562,resting,null
23,left,754.9150769230769,1790837965896,-3.0677082538604736,-9.435236930847168,0.37807947397232056,-1.6800000667572021,-0.2800000011920929,2.240000009536743,0.037850966229204065,resting,null
23,left,754.9246923076922,1790837965896,-3.0796728134155273,-9.45438003540039,0.33740004897117615,-1.6800000667572021,-0.2800000011920929,2.240000009536743,0.039201065114784044,resting,null
23,left,754.9343076923077,1790837965896,-3.091637372970581,-9.463951110839844,0.3350071310997009,-1.6800000667572021,-0.2800000011920929,2.240000009536743,0.04067300754759383,resting,null
23,right,742.352,1790837965913,9.473523139953613,-2.7853450775146484,0.007178724277764559,-0.49000000953674316,-3.0799999237060547,0.3499999940395355,0.194123135568012,resting,null
23,right,742.3616153846153,1790837965913,9.502238273620605,-2.7446656227111816,0.023929081857204437,-0.49000000953674316,-3.0799999237060547,0.3499999940395355,0.1948351982085123,resting,null
23,right,742.3712307692307,1790837965913,9.583597183227539,-2.7877378463745117,-0.03110780566930771,-0.49000000953674316,-3.0799999237060547,0.3499999940395355,0.19641568925635128,resting,null
23,right,742.3808461538462,1790837965913,9.538131713867188,-2.7805593013763428,-0.0023929080925881863,-0.49000000953674316,-3.0799999237060547,0.3499999940395355,0.1975561474096426,resting,null
23,right,742.3904615384615,1790837965913,9.612311363220215,-2.797309637069702,0.009571632370352745,-0.49000000953674316,-3.0799999237060547,0.3499999940395355,0.19942550949788151,resting,null
23,right,742.4000769230769,1790837965913,9.571632385253906,-2.8690967559814453,-0.0047858161851763725,-0.49000000953674316,-3.0799999237060547,0.3499999940395355,0.20111342050573416,resting,null
23,right,742.4096923076922,1790837965913,9.600347518920898,-2.881061315536499,-0.028714897111058235,-0.49000000953674316,-3.0799999237060547,0.3499999940395355,0.203099016463341,resting,null
23,right,742.4193076923077,1790837965913,9.629061698913574,-2.8212387561798096,0.011964540928602219,-0.49000000953674316,-3.0799999237060547,0.3499999940395355,0.20518436772522977,resting,null
23,right,742.428,1790837965928,9.64581298828125,-2.811666965484619,0.04307234659790993,-0.3499999940395355,-3.2200000286102295,0.3499999940395355,0.20718471302368852,resting,null
23,right,742.4376153846154,1790837965928,9.65299129486084,-2.8068811893463135,-0.016750356182456017,-0.3499999940395355,-3.2200000286102295,0.3499999940395355,0.20945082013839714,resting,null
23,right,742.4472307692307,1790837965928,9.667348861694336,-2.873882532119751,-0.0047858161851763725,-0.3499999940395355,-3.2200000286102295,0.3499999940395355,0.21202948467058225,resting,null
23,right,742.4568461538462,1790837965928,9.664956092834473,-2.8140599727630615,0.009571632370352745,-0.3499999940395355,-3.2200000286102295,0.3499999940395355,0.2144225437393674,resting,null
23,right,742.4664615384615,1790837965928,9.605133056640625,-2.818845748901367,0.047858163714408875,-0.3499999940395355,-3.2200000286102295,0.3499999940395355,0.21627564597622068,resting,null
23,right,742.4760769230769,1790837965928,9.621883392333984,-2.8499536514282227,0,-0.3499999940395355,-3.2200000286102295,0.3499999940395355,0.21836705737568265,resting,null
23,right,742.4856923076923,1790837965928,9.588382720947266,-2.837989091873169,0.023929081857204437,-0.3499999940395355,-3.2200000286102295,0.3499999940395355,0.22011616761393615,resting,null
23,right,742.4953076923077,1790837965928,9.607525825500488,-2.797309637069702,0,-0.3499999940395355,-3.2200000286102295,0.3499999940395355,0.22193053107537136,resting,null
23,right,742.505,1790837966003,9.609918594360352,-2.790130853652954,-0.03350071236491203,-0.49000000953674316,-3.1500000953674316,0.49000000953674316,0.22376191670876427,resting,null
23,right,742.5146153846154,1790837966003,9.621883392333984,-2.7877378463745117,-0.011964540928602219,-0.49000000953674316,-3.1500000953674316,0.49000000953674316,0.22568165674880927,resting,null
23,right,742.5242307692307,1790837966003,9.617097854614258,-2.7781662940979004,-0.0023929080925881863,-0.49000000953674316,-3.1500000953674316,0.49000000953674316,0.227530645011356,resting,null
23,right,742.5338461538462,1790837966003,9.597954750061035,-2.802095413208008,-0.03350071236491203,-0.49000000953674316,-3.1500000953674316,0.49000000953674316,0.2292667954774636,resting,null
23,right,742.5434615384615,1790837966003,9.581204414367676,-2.7662017345428467,0.03110780566930771,-0.49000000953674316,-3.1500000953674316,0.49000000953674316,0.23074976175234296,resting,null
23,right,742.5530769230769,1790837966003,9.585989952087402,-2.7805593013763428,-0.023929081857204437,-0.49000000953674316,-3.1500000953674316,0.49000000953674316,0.23231579080106785,resting,null
23,right,742.5626923076923,1790837966003,9.552489280700684,-2.7805593013763428,0.0023929080925881863,-0.49000000953674316,-3.1500000953674316,0.49000000953674316,0.23357126564135755,resting,null
23,right,742.5723076923077,1790837966003,9.597954750061035,-2.718343496322632,-0.023929081857204437,-0.49000000953674316,-3.1500000953674316,0.49000000953674316,0.2350809846048464,resting,null
23,left,754.946,1790837966030,-3.041386127471924,-9.377806663513184,0.34697166085243225,-1.8899999856948853,-0.3499999940395355,2.1700000762939453,0.041328259647285995,resting,null
23,left,754.9556153846154,1790837966030,-3.084458589553833,-9.322770118713379,0.37568655610084534,-1.8899999856948853,-0.3499999940395355,2.1700000762939453,0.04150267306522871,resting,null
23,left,754.9652307692307,1790837966030,-3.062922477722168,-9.36584186553955,0.3948298394680023,-1.8899999856948853,-0.3499999940395355,2.1700000762939453,0.0420126667351173,resting,null
23,left,754.9748461538462,1790837966030,-3.0509579181671143,-9.370628356933594,0.39961564540863037,-1.8899999856948853,-0.3499999940395355,2.1700000762939453,0.042532379002445046,resting,null
23,left,754.9844615384616,1790837966030,-3.022243022918701,-9.373021125793457,0.39004403352737427,-1.8899999856948853,-0.3499999940395355,2.1700000762939453,0.04298497479890564,resting,null
23,left,754.9940769230769,1790837966030,-3.0389933586120605,-9.332341194152832,0.39722275733947754,-1.8899999856948853,-0.3499999940395355,2.1700000762939453,0.043118629754698753,resting,null
23,left,755.0036923076923,1790837966030,-3.062922477722168,-9.308412551879883,0.3350071310997009,-1.8899999856948853,-0.3499999940395355,2.1700000762939453,0.043082601892792304,resting,null
23,left,755.0133076923078,1790837966030,-3.091637372970581,-9.30601978302002,0.33740004897117615,-1.8899999856948853,-0.3499999940395355,2.1700000762939453,0.04311225539200826,resting,null
23,left,755.025,1790837966061,-3.0964231491088867,-9.320377349853516,0.363722026348114,-2.0299999713897705,-0.5600000023841858,2.5199999809265137,0.04333651464955923,resting,null
23,left,755.0346153846153,1790837966061,-3.1179592609405518,-9.310805320739746,0.39722275733947754,-2.0299999713897705,-0.5600000023841858,2.5199999809265137,0.04351107540537056,resting,null
23,left,755.0442307692307,1790837966061,-3.1658174991607666,-9.322770118713379,0.363722026348114,-2.0299999713897705,-0.5600000023841858,2.5199999809265137,0.04392888802436961,resting,null
23,left,755.0538461538462,1790837966061,-3.146674156188965,-9.337127685546875,0.3709007501602173,-2.0299999713897705,-0.5600000023841858,2.5199999809265137,0.04442119277050091,resting,null
23,left,755.0634615384615,1790837966061,-3.091637372970581,-9.353878021240234,0.363722026348114,-2.0299999713897705,-0.5600000023841858,2.5199999809265137,0.044894686814469495,resting,null
23,left,755.0730769230769,1790837966061,-3.1036016941070557,-9.294054985046387,0.39722275733947754,-2.0299999713897705,-0.5600000023841858,2.5199999809265137,0.04487230355499313,resting,null
23,left,755.0826923076922,1790837966061,-3.0605294704437256,-9.327555656433105,0.39722275733947754,-2.0299999713897705,-0.5600000023841858,2.5199999809265137,0.04502405678482562,resting,null
23,left,755.0923076923077,1790837966061,-3.1083877086639404,-9.310805320739746,0.339792937040329,-2.0299999713897705,-0.5600000023841858,2.5199999809265137,0.045148199181820385,resting,null
23,right,742.581,1790837966094,9.63624095916748,-2.6800570487976074,0.047858163714408875,-0.49000000953674316,-2.940000057220459,0.5600000023841858,0.23667205596165528,resting,null
23,right,742.5906153846154,1790837966094,9.667348861694336,-2.804488182067871,0.06460852175951004,-0.49000000953674316,-2.940000057220459,0.5600000023841858,0.2390485554827631,resting,null
23,right,742.6002307692307,1790837966094,9.590775489807129,-2.790130853652954,0.03350071236491203,-0.49000000953674316,-2.940000057220459,0.5600000023841858,0.24067959309751843,resting,null
23,right,742.6098461538462,1790837966094,9.583597183227539,-2.7709875106811523,0.01914326474070549,-0.49000000953674316,-2.940000057220459,0.5600000023841858,0.24219296550008565,resting,null
23,right,742.6194615384616,1790837966094,9.554882049560547,-2.8140599727630615,0.011964540928602219,-0.49000000953674316,-2.940000057220459,0.5600000023841858,0.24355610572936315,resting,null
23,right,742.6290769230769,1790837966094,9.593168258666992,-2.8260245323181152,0.023929081857204437,-0.49000000953674316,-2.940000057220459,0.5600000023841858,0.2453044891866875,resting,null
23,right,742.6386923076923,1790837966094,9.578810691833496,-2.8068811893463135,0.06460852175951004,-0.49000000953674316,-2.940000057220459,0.5600000023841858,0.24686856428213735,resting,null
23,right,742.6483076923078,1790837966094,9.607525825500488,-2.859525203704834,0.016750356182456017,-0.49000000953674316,-2.940000057220459,0.5600000023841858,0.24883898691382977,resting,null
23,left,755.104,1790837966136,-3.0868513584136963,-9.346698760986328,0.32543548941612244,-1.8899999856948853,-0.3499999940395355,2.1700000762939453,0.04561150480976871,resting,null
23,left,755.1136153846154,1790837966136,-3.1107804775238037,-9.377806663513184,0.382865309715271,-1.8899999856948853,-0.3499999940395355,2.1700000762939453,0.046368200130045105,resting,null
23,left,755.1232307692308,1790837966136,-3.153852939605713,-9.363449096679688,0.3445787727832794,-1.8899999856948853,-0.3499999940395355,2.1700000762939453,0.04711172344617439,resting,null
23,left,755.1328461538462,1790837966136,-3.120352268218994,-9.325162887573242,0.3541503846645355,-1.8899999856948853,-0.3499999940395355,2.1700000762939453,0.04740719663800338,resting,null
23,left,755.1424615384616,1790837966136,-3.1849606037139893,-9.308412551879883,0.34697166085243225,-1.8899999856948853,-0.3499999940395355,2.1700000762939453,0.04774565497100631,resting,null
23,left,755.152076923077,1790837966136,-3.1155662536621094,-9.267732620239258,0.3445787727832794,-1.8899999856948853,-0.3499999940395355,2.1700000762939453,0.047499939430775844,resting,null
23,left,755.1616923076923,1790837966136,-3.058136463165283,-9.2725191116333,0.3613291084766388,-1.8899999856948853,-0.3499999940395355,2.1700000762939453,0.047128632813872605,resting,null
23,left,755.1713076923078,1790837966136,-3.139495372772217,-9.224660873413086,0.3421858549118042,-1.8899999856948853,-0.3499999940395355,2.1700000762939453,0.04656369949953333,resting,null
23,right,742.656,1790837966168,9.605133056640625,-2.7805593013763428,0.023929081857204437,-0.42000001668930054,-3.009999990463257,0.7699999809265137,0.250225871821962,resting,null
23,right,742.6656153846153,1790837966168,9.657776832580566,-2.8140599727630615,0.03828652948141098,-0.42000001668930054,-3.009999990463257,0.7699999809265137,0.25253515691960476,resting,null
23,right,742.6752307692307,1790837966168,9.595561027526855,-2.811666965484619,0.04307234659790993,-0.42000001668930054,-3.009999990463257,0.7699999809265137,0.25426326457689274,resting,null
23,right,742.6848461538461,1790837966168,9.545310020446777,-2.775773286819458,0.01914326474070549,-0.42000001668930054,-3.009999990463257,0.7699999809265137,0.2554297031887858,resting,null
23,right,742.6944615384615,1790837966168,9.504631042480469,-2.802095413208008,0.03350071236491203,-0.42000001668930054,-3.009999990463257,0.7699999809265137,0.2562915927569936,resting,null
23,right,742.7040769230769,1790837966168,9.502238273620605,-2.802095413208008,0.059822700917720795,-0.42000001668930054,-3.009999990463257,0.7699999809265137,0.25713184492216884,resting,null
23,right,742.7136923076922,1790837966168,9.55727481842041,-2.833203077316284,0,-0.42000001668930054,-3.009999990463257,0.7699999809265137,0.2585624426257671,resting,null
23,right,742.7233076923077,1790837966168,9.54052448272705,-2.8571321964263916,-0.03110780566930771,-0.42000001668930054,-3.009999990463257,0.7699999809265137,0.2599036471709853,resting,null
23,left,755.183,1790837966271,-3.091637372970581,-9.298840522766113,0.3302213251590729,-1.8200000524520874,-0.2800000011920929,1.8200000524520874,0.046515576840176036,resting,null
23,left,755.1926153846154,1790837966271,-3.084458589553833,-9.255768775939941,0.3302213251590729,-1.8200000524520874,-0.2800000011920929,1.8200000524520874,0.046061897145320885,resting,null
23,left,755.2022307692307,1790837966271,-3.0748867988586426,-9.301233291625977,0.3924369215965271,-1.8200000524520874,-0.2800000011920929,1.8200000524520874,0.04601440149109913,resting,null
23,left,755.2118461538462,1790837966271,-3.1012089252471924,-9.248589515686035,0.35654330253601074,-1.8200000524520874,-0.2800000011920929,1.8200000524520874,0.045555387926128975,resting,null
23,left,755.2214615384615,1790837966271,-3.105994701385498,-9.27969741821289,0.39722275733947754,-1.8200000524520874,-0.2800000011920929,1.8200000524520874,0.04540882974028875,resting,null
23,left,755.2310769230769,1790837966271,-3.182567834854126,-9.243803977966309,0.3350071310997009,-1.8200000524520874,-0.2800000011920929,1.8200000524520874,0.045148787810464476,resting,null
23,left,755.2406923076923,1790837966271,-3.113173484802246,-9.239018440246582,0.36850783228874207,-1.8200000524520874,-0.2800000011920929,1.8200000524520874,0.044643978897696314,resting,null
23,left,755.2503076923077,1790837966271,-3.048564910888672,-9.291662216186523,0.3804723918437958,-1.8200000524520874,-0.2800000011920929,1.8200000524520874,0.044425459595521785,resting,null
23,right,742.732,1790837966273,9.492666244506836,-2.830810308456421,0.02632198855280876,-0.49000000953674316,-2.940000057220459,1.0499999523162842,0.2606518663450753,resting,null
23,right,742.7416153846153,1790837966273,9.559667587280273,-2.7925238609313965,0.06221561133861542,-0.49000000953674316,-2.940000057220459,1.0499999523162842,0.26199229509116057,resting,null
23,right,742.7512307692307,1790837966273,9.54052448272705,-2.8212387561798096,0.03828652948141098,-0.49000000953674316,-2.940000057220459,1.0499999523162842,0.2632341450143975,resting,null
23,right,742.7608461538462,1790837966273,9.562060356140137,-2.818845748901367,0.0023929080925881863,-0.49000000953674316,-2.940000057220459,1.0499999523162842,0.2646669202963548,resting,null
23,right,742.7704615384615,1790837966273,9.55727481842041,-2.804488182067871,-0.011964540928602219,-0.49000000953674316,-2.940000057220459,1.0499999523162842,0.26601600996357644,resting,null
23,right,742.7800769230769,1790837966273,9.526166915893555,-2.8355960845947266,0.01914326474070549,-0.49000000953674316,-2.940000057220459,1.0499999523162842,0.26716203276622225,resting,null
23,right,742.7896923076922,1790837966273,9.564454078674316,-2.866703987121582,0.03110780566930771,-0.49000000953674316,-2.940000057220459,1.0499999523162842,0.2687456262417914,resting,null
23,right,742.7993076923077,1790837966273,9.585989952087402,-2.91695499420166,0.03828652948141098,-0.49000000953674316,-2.940000057220459,1.0499999523162842,0.27066538167396637,resting,null
23,left,755.262,1790837966301,-3.084458589553833,-9.301233291625977,0.3613291084766388,-1.8200000524520874,-0.3499999940395355,2.1700000762939453,0.044391564573314855,resting,null
23,left,755.2716153846153,1790837966301,-3.1371026039123535,-9.30601978302002,0.34936457872390747,-1.8200000524520874,-0.3499999940395355,2.1700000762939453,0.04456357432912895,resting,null
23,left,755.2812307692307,1790837966301,-3.1083877086639404,-9.361056327819824,0.37807947397232056,-1.8200000524520874,-0.3499999940395355,2.1700000762939453,0.04515904709939883,resting,null
23,left,755.2908461538461,1790837966301,-3.1036016941070557,-9.329948425292969,0.35893622040748596,-1.8200000524520874,-0.3499999940395355,2.1700000762939453,0.045449798070368246,resting,null
23,left,755.3004615384615,1790837966301,-3.1706032752990723,-9.344305992126465,0.34697166085243225,-1.8200000524520874,-0.3499999940395355,2.1700000762939453,0.04607143369377931,resting,null
23,left,755.3100769230768,1790837966301,-3.182567834854126,-9.303627014160156,0.3924369215965271,-1.8200000524520874,-0.3499999940395355,2.1700000762939453,0.04637552958861482,resting,null
23,left,755.3196923076922,1790837966301,-3.1227450370788574,-9.337127685546875,0.33740004897117615,-1.8200000524520874,-0.3499999940395355,2.1700000762939453,0.04678180349375257,resting,null
23,left,755.3293076923077,1790837966301,-3.134709596633911,-9.349091529846191,0.39004403352737427,-1.8200000524520874,-0.3499999940395355,2.1700000762939453,0.047351556066183687,resting,null
23,right,742.808,1790837966318,9.648205757141113,-2.8930258750915527,0.0047858161851763725,-0.42000001668930054,-2.940000057220459,1.1200000047683716,0.2728585614769584,resting,null
23,right,742.8176153846154,1790837966318,9.621883392333984,-2.8930258750915527,0,-0.42000001668930054,-2.940000057220459,1.1200000047683716,0.2750410417893496,resting,null
23,right,742.8272307692307,1790837966318,9.633848190307617,-2.8858470916748047,-0.03828652948141098,-0.42000001668930054,-2.940000057220459,1.1200000047683716,0.27731355761061427,resting,null
23,right,742.8368461538462,1790837966318,9.66256332397461,-2.873882532119751,0.04546525329351425,-0.42000001668930054,-2.940000057220459,1.1200000047683716,0.27981422551480845,resting,null
23,right,742.8464615384615,1790837966318,9.667348861694336,-2.900204658508301,-0.040679436177015305,-0.42000001668930054,-2.940000057220459,1.1200000047683716,0.28243263843196326,resting,null
23,right,742.8560769230769,1790837966318,9.638633728027344,-2.8762755393981934,0.011964540928602219,-0.42000001668930054,-2.940000057220459,1.1200000047683716,0.2847176392993328,resting,null
23,right,742.8656923076923,1790837966318,9.631455421447754,-2.859525203704834,0.0023929080925881863,-0.42000001668930054,-2.940000057220459,1.1200000047683716,0.2868899150939807,resting,null
23,right,742.8753076923077,1790837966318,9.614705085754395,-2.866703987121582,0.0023929080925881863,-0.42000001668930054,-2.940000057220459,1.1200000047683716,0.2889269192965531,resting,null
23,left,755.342,1790837966375,-3.1179592609405518,-9.325162887573242,0.3517574965953827,-1.8899999856948853,-0.3499999940395355,2.240000009536743,0.04773064110487877,resting,null
23,left,755.3516153846153,1790837966375,-3.153852939605713,-9.322770118713379,0.33740004897117615,-1.8899999856948853,-0.3499999940395355,2.240000009536743,0.048100886470725544,resting,null
23,left,755.3612307692307,1790837966375,-3.1801748275756836,-9.291662216186523,0.3732936680316925,-1.8899999856948853,-0.3499999940395355,2.240000009536743,0.04828122781540539,resting,null
23,left,755.3708461538462,1790837966375,-3.1706032752990723,-9.320377349853516,0.34936457872390747,-1.8899999856948853,-0.3499999940395355,2.240000009536743,0.04868520825789201,resting,null
23,left,755.3804615384615,1790837966375,-3.105994701385498,-9.317984580993652,0.339792937040329,-1.8899999856948853,-0.3499999940395355,2.240000009536743,0.04886458803276039,resting,null
23,left,755.3900769230769,1790837966375,-3.1729960441589355,-9.349091529846191,0.3206496834754944,-1.8899999856948853,-0.3499999940395355,2.240000009536743,0.04952745537512445,resting,null
23,left,755.3996923076922,1790837966375,-3.1993181705474854,-9.36823558807373,0.3326142132282257,-1.8899999856948853,-0.3499999940395355,2.240000009536743,0.0504493721515462,resting,null
23,left,755.4093076923077,1790837966375,-3.204103946685791,-9.329948425292969,0.3230426013469696,-1.8899999856948853,-0.3499999940395355,2.240000009536743,0.051034741273370834,resting,null
23,right,742.884,1790837966393,9.626668930053711,-2.8978116512298584,0.0502510704100132,-0.49000000953674316,-3.1500000953674316,1.1200000047683716,0.2909442863092886,resting,null
23,right,742.8936153846154,1790837966393,9.588382720947266,-2.8690967559814453,0.03350071236491203,-0.49000000953674316,-3.1500000953674316,1.1200000047683716,0.29274365038792766,resting,null
23,right,742.9032307692307,1790837966393,9.626668930053711,-2.921740770339966,0.02632198855280876,-0.49000000953674316,-3.1500000953674316,1.1200000047683716,0.2950403890991245,resting,null
23,right,742.9128461538462,1790837966393,9.629061698913574,-2.950455665588379,0.009571632370352745,-0.49000000953674316,-3.1500000953674316,1.1200000047683716,0.29743833108177137,resting,null
23,right,742.9224615384616,1790837966393,9.612311363220215,-2.909776210784912,0.0047858161851763725,-0.49000000953674316,-3.1500000953674316,1.1200000047683716,0.2995675792895436,resting,null
23,right,742.9320769230769,1790837966393,9.617097854614258,-2.8906328678131104,0.035893622785806656,-0.49000000953674316,-3.1500000953674316,1.1200000047683716,0.3016869967379248,resting,null
23,right,742.9416923076923,1790837966393,9.648205757141113,-2.8834543228149414,0.02632198855280876,-0.49000000953674316,-3.1500000953674316,1.1200000047683716,0.30407187224857685,resting,null
23,right,742.9513076923078,1790837966393,9.593168258666992,-2.881061315536499,0.03350071236491203,-0.49000000953674316,-3.1500000953674316,1.1200000047683716,0.30594260044552857,resting,null
23,left,755.421,1790837966451,-3.139495372772217,-9.346698760986328,0.363722026348114,-1.75,-0.2800000011920929,2.0999999046325684,0.05170221868652651,resting,null
23,left,755.4306153846154,1790837966451,-3.139495372772217,-9.291662216186523,0.32782840728759766,-1.75,-0.2800000011920929,2.0999999046325684,0.05173992606019112,resting,null
23,left,755.4402307692308,1790837966451,-3.156245708465576,-9.322770118713379,0.3015064299106598,-1.75,-0.2800000011920929,2.0999999046325684,0.052104380254946035,resting,null
23,left,755.4498461538462,1790837966451,-3.1514599323272705,-9.248589515686035,0.339792937040329,-1.75,-0.2800000011920929,2.0999999046325684,0.05179113208719459,resting,null
23,left,755.4594615384616,1790837966451,-3.175389051437378,-9.28926944732666,0.2703986167907715,-1.75,-0.2800000011920929,2.0999999046325684,0.051900985713199045,resting,null
23,left,755.469076923077,1790837966451,-3.1849606037139893,-9.274911880493164,0.2919347882270813,-1.75,-0.2800000011920929,2.0999999046325684,0.05191660659992471,resting,null
23,left,755.4786923076923,1790837966451,-3.175389051437378,-9.262947082519531,0.3038993179798126,-1.75,-0.2800000011920929,2.0999999046325684,0.05179715063726914,resting,null
23,left,755.4883076923078,1790837966451,-3.1729960441589355,-9.262947082519531,0.32543548941612244,-1.75,-0.2800000011920929,2.0999999046325684,0.05167685554533192,resting,null
23,right,742.96,1790837966468,9.569239616394043,-2.859525203704834,0.02632198855280876,-0.49000000953674316,-3.2200000286102295,1.2599999904632568,0.3073800021043741,resting,null
23,right,742.9696153846154,1790837966468,9.535738945007324,-2.8978116512298584,0.059822700917720795,-0.49000000953674316,-3.2200000286102295,1.2599999904632568,0.30876758358202927,resting,null
23,right,742.9792307692308,1790837966468,9.507023811340332,-2.8834543228149414,0.06700142472982407,-0.49000000953674316,-3.2200000286102295,1.2599999904632568,0.30985112023723754,resting,null
23,right,742.9888461538462,1790837966468,9.533346176147461,-2.907383441925049,0.05264397710561752,-0.49000000953674316,-3.2200000286102295,1.2599999904632568,0.31124269607146016,resting,null
23,right,742.9984615384616,1790837966468,9.518988609313965,-2.8714897632598877,0.06700142472982407,-0.49000000953674316,-3.2200000286102295,1.2599999904632568,0.312402168166326,resting,null
23,right,743.0080769230769,1790837966468,9.511809349060059,-2.837989091873169,0.06939433515071869,-0.49000000953674316,-3.2200000286102295,1.2599999904632568,0.3134023150922868,resting,null
23,right,743.0176923076923,1790837966468,9.533346176147461,-2.8403818607330322,0.07657305896282196,-0.49000000953674316,-3.2200000286102295,1.2599999904632568,0.31460751760603256,resting,null
23,right,743.0273076923078,1790837966468,9.521381378173828,-2.873882532119751,0.03350071236491203,-0.49000000953674316,-3.2200000286102295,1.2599999904632568,0.3157927100736509,resting,null
23,right,743.036,1790837966543,9.538131713867188,-2.859525203704834,0.05264397710561752,-0.6299999952316284,-3.2200000286102295,1.2599999904632568,0.31696772198503653,resting,null
23,right,743.0456153846153,1790837966543,9.569239616394043,-2.837989091873169,0.0502510704100132,-0.6299999952316284,-3.2200000286102295,1.2599999904632568,0.31849394099562905,resting,null
23,right,743.0552307692307,1790837966543,9.56684684753418,-2.8427748680114746,0.07657305896282196,-0.6299999952316284,-3.2200000286102295,1.2599999904632568,0.32001186845572377,resting,null
23,right,743.0648461538461,1790837966543,9.564454078674316,-2.8547394275665283,0.06700142472982407,-0.6299999952316284,-3.2200000286102295,1.2599999904632568,0.3215396138370423,resting,null
23,right,743.0744615384615,1790837966543,9.55009651184082,-2.8714897632598877,0.06460852175951004,-0.6299999952316284,-3.2200000286102295,1.2599999904632568,0.32298053691177825,resting,null
23,right,743.0840769230769,1790837966543,9.504631042480469,-2.881061315536499,0.06700142472982407,-0.6299999952316284,-3.2200000286102295,1.2599999904632568,0.3240291872959686,resting,null
23,right,743.0936923076922,1790837966543,9.480701446533203,-2.802095413208008,0.055036887526512146,-0.6299999952316284,-3.2200000286102295,1.2599999904632568,0.32463760061043523,resting,null
23,right,743.1033076923077,1790837966543,9.511809349060059,-2.830810308456421,0.08375178277492523,-0.6299999952316284,-3.2200000286102295,1.2599999904632568,0.3256133358557682,resting,null
23,left,755.501,1790837966586,-3.1993181705474854,-9.298840522766113,0.28714898228645325,-1.6800000667572021,-0.21000000834465027,2.1700000762939453,0.05204187885003861,resting,null
23,left,755.5106153846153,1790837966586,-3.153852939605713,-9.286876678466797,0.3302213251590729,-1.6800000667572021,-0.21000000834465027,2.1700000762939453,0.052080317327809864,resting,null
23,left,755.5202307692307,1790837966586,-3.1873536109924316,-9.317984580993652,0.3326142132282257,-1.6800000667572021,-0.21000000834465027,2.1700000762939453,0.0525068661937645,resting,null
23,left,755.5298461538462,1790837966586,-3.218461275100708,-9.329948425292969,0.31586387753486633,-1.6800000667572021,-0.21000000834465027,2.1700000762939453,0.05313391514600579,resting,null
23,left,755.5394615384615,1790837966586,-3.218461275100708,-9.250982284545898,0.32543548941612244,-1.6800000667572021,-0.21000000834465027,2.1700000762939453,0.05304692689592124,resting,null
23,left,755.5490769230769,1790837966586,-3.204103946685791,-9.265339851379395,0.31586387753486633,-1.6800000667572021,-0.21000000834465027,2.1700000762939453,0.053042096358674316,resting,null
23,left,755.5586923076922,1790837966586,-3.2376046180725098,-9.301233291625977,0.2703986167907715,-1.6800000667572021,-0.21000000834465027,2.1700000762939453,0.05345504643464517,resting,null
23,left,755.5683076923077,1790837966586,-3.2208542823791504,-9.258161544799805,0.2727915346622467,-1.6800000667572021,-0.21000000834465027,2.1700000762939453,0.05342513995664482,resting,null
23,left,755.58,1790837966615,-3.204103946685791,-9.310805320739746,0.3206496834754944,-1.6800000667572021,-0.21000000834465027,2.0999999046325684,0.053922055757633446,resting,null
23,left,755.5896153846154,1790837966615,-3.266319513320923,-9.322770118713379,0.3134709596633911,-1.6800000667572021,-0.21000000834465027,2.0999999046325684,0.0546334033860916,resting,null
23,left,755.5992307692308,1790837966615,-3.2280330657958984,-9.361056327819824,0.2727915346622467,-1.6800000667572021,-0.21000000834465027,2.0999999046325684,0.05555912330205391,resting,null
23,left,755.6088461538462,1790837966615,-3.2423903942108154,-9.329948425292969,0.2895418703556061,-1.6800000667572021,-0.21000000834465027,2.0999999046325684,0.05625212590803159,resting,null
23,left,755.6184615384616,1790837966615,-3.2926416397094727,-9.301233291625977,0.25604116916656494,-1.6800000667572021,-0.21000000834465027,2.0999999046325684,0.05683399182494298,resting,null
23,left,755.628076923077,1790837966615,-3.3046059608459473,-9.267732620239258,0.284756064414978,-1.6800000667572021,-0.21000000834465027,2.0999999046325684,0.05715859974310973,resting,null
23,left,755.6376923076923,1790837966615,-3.2974274158477783,-9.277304649353027,0.25604116916656494,-1.6800000667572021,-0.21000000834465027,2.0999999046325684,0.05753989974337885,resting,null
23,left,755.6473076923078,1790837966615,-3.1993181705474854,-9.28926944732666,0.31586387753486633,-1.6800000667572021,-0.21000000834465027,2.0999999046325684,0.05773224250467688,resting,null
23,right,743.112,1790837966618,9.521381378173828,-2.8547394275665283,0.08375178277492523,-0.6299999952316284,-2.940000057220459,1.2599999904632568,0.32663454611944287,resting,null
23,right,743.1216153846153,1790837966618,9.57402515411377,-2.888240098953247,0.09810923039913177,-0.6299999952316284,-2.940000057220459,1.2599999904632568,0.3283419904039892,resting,null
23,right,743.1312307692307,1790837966618,9.612311363220215,-2.8499536514282227,0.10289505124092102,-0.6299999952316284,-2.940000057220459,1.2599999904632568,0.3302957625022111,resting,null
23,right,743.1408461538462,1790837966618,9.583597183227539,-2.8284173011779785,0.10768086463212967,-0.6299999952316284,-2.940000057220459,1.2599999904632568,0.3319257171342997,resting,null
23,right,743.1504615384615,1790837966618,9.578810691833496,-2.8714897632598877,0.06939433515071869,-0.6299999952316284,-2.940000057220459,1.2599999904632568,0.3336262795556033,resting,null
23,right,743.1600769230769,1790837966618,9.533346176147461,-2.8690967559814453,0.08135887235403061,-0.6299999952316284,-2.940000057220459,1.2599999904632568,0.33490178403411974,resting,null
23,right,743.1696923076922,1790837966618,9.547703742980957,-2.830810308456421,0.1005021408200264,-0.6299999952316284,-2.940000057220459,1.2599999904632568,0.33620462471886453,resting,null
23,right,743.1793076923077,1790837966618,9.523774147033691,-2.7925238609313965,0.07896596938371658,-0.6299999952316284,-2.940000057220459,1.2599999904632568,0.3371801178065657,resting,null
23,left,755.659,1790837966691,-3.247176170349121,-9.315590858459473,0.3038993179798126,-1.75,-0.07000000029802322,2.0999999046325684,0.058438227242043075,resting,null
23,left,755.6686153846154,1790837966691,-3.247176170349121,-9.282090187072754,0.30629223585128784,-1.75,-0.07000000029802322,2.0999999046325684,0.0587156933071929,resting,null
23,left,755.6782307692307,1790837966691,-3.2352118492126465,-9.291662216186523,0.2727915346622467,-1.75,-0.07000000029802322,2.0999999046325684,0.05903247445244703,resting,null
23,left,755.6878461538462,1790837966691,-3.2567479610443115,-9.303627014160156,0.27518442273139954,-1.75,-0.07000000029802322,2.0999999046325684,0.05952651964977033,resting,null
23,left,755.6974615384615,1790837966691,-3.316570520401001,-9.29644775390625,0.2823631465435028,-1.75,-0.07000000029802322,2.0999999046325684,0.06014822832198347,resting,null
23,left,755.7070769230769,1790837966691,-3.309391975402832,-9.246196746826172,0.27997025847435,-1.75,-0.07000000029802322,2.0999999046325684,0.060291492260025205,resting,null
23,left,755.7166923076923,1790837966691,-3.342892646789551,-9.2725191116333,0.3206496834754944,-1.75,-0.07000000029802322,2.0999999046325684,0.06079237779360919,resting,null
23,left,755.7263076923077,1790837966691,-3.3141777515411377,-9.265339851379395,0.29911351203918457,-1.75,-0.07000000029802322,2.0999999046325684,0.06112960528706535,resting,null
23,right,743.188,1790837966693,9.521381378173828,-2.8355960845947266,0.08614469319581985,-0.6299999952316284,-3.009999990463257,1.5399999618530273,0.3381489838979113,resting,null
23,right,743.1976153846153,1790837966693,9.576417922973633,-2.91695499420166,0.11246667802333832,-0.6299999952316284,-3.009999990463257,1.5399999618530273,0.3399534737928773,resting,null
23,right,743.2072307692307,1790837966693,9.593168258666992,-2.909776210784912,0.05742979422211647,-0.6299999952316284,-3.009999990463257,1.5399999618530273,0.3418876172334315,resting,null
23,right,743.2168461538462,1790837966693,9.607525825500488,-2.8978116512298584,0.059822700917720795,-0.6299999952316284,-3.009999990463257,1.5399999618530273,0.3439198735992944,resting,null
23,right,743.2264615384615,1790837966693,9.607525825500488,-2.8858470916748047,0.06221561133861542,-0.6299999952316284,-3.009999990463257,1.5399999618530273,0.34591816964114636,resting,null
23,right,743.2360769230769,1790837966693,9.607525825500488,-2.8834543228149414,0.08614469319581985,-0.6299999952316284,-3.009999990463257,1.5399999618530273,0.34791036174625817,resting,null
23,right,743.2456923076923,1790837966693,9.633848190307617,-2.881061315536499,0.10289505124092102,-0.6299999952316284,-3.009999990463257,1.5399999618530273,0.3501385477540145,resting,null
23,right,743.2553076923077,1790837966693,9.585989952087402,-2.8643109798431396,0.055036887526512146,-0.6299999952316284,-3.009999990463257,1.5399999618530273,0.35187579275553876,resting,null
23,right,743.263,1790837966770,9.57402515411377,-2.8906328678131104,0.040679436177015305,-0.5600000023841858,-2.799999952316284,1.6800000667572021,0.35323463829330826,resting,null
23,right,743.2726153846154,1790837966770,9.614705085754395,-2.9049904346466064,0.06460852175951004,-0.5600000023841858,-2.799999952316284,1.6800000667572021,0.3553476919243156,resting,null
23,right,743.2822307692308,1790837966770,9.612311363220215,-2.971991777420044,0.07418014854192734,-0.5600000023841858,-2.799999952316284,1.6800000667572021,0.3576254694707275,resting,null
23,right,743.2918461538462,1790837966770,9.609918594360352,-2.924133777618408,0.04546525329351425,-0.5600000023841858,-2.799999952316284,1.6800000667572021,0.35974478312938324,resting,null
23,right,743.3014615384616,1790837966770,9.559667587280273,-2.938491106033325,0.08135887235403061,-0.5600000023841858,-2.799999952316284,1.6800000667572021,0.36144300332533064,resting,null
23,right,743.3110769230769,1790837966770,9.564454078674316,-2.9265265464782715,0.07418014854192734,-0.5600000023841858,-2.799999952316284,1.6800000667572021,0.3631507282147703,resting,null
23,right,743.3206923076923,1790837966770,9.559667587280273,-2.950455665588379,0.07657305896282196,-0.5600000023841858,-2.799999952316284,1.6800000667572021,0.364881428436119,resting,null
23,right,743.3303076923078,1790837966770,9.588382720947266,-2.888240098953247,0.03110780566930771,-0.5600000023841858,-2.799999952316284,1.6800000667572021,0.3666976727262375,resting,null
23,left,755.739,1790837966827,-3.259140729904175,-9.277304649353027,0.3302213251590729,-1.8200000524520874,-0.14000000059604645,2.0999999046325684,0.0614950460653112,resting,null
23,left,755.7486153846154,1790837966827,-3.2376046180725098,-9.248589515686035,0.31586387753486633,-1.8200000524520874,-0.14000000059604645,2.0999999046325684,0.06143898361876746,resting,null
23,left,755.7582307692307,1790837966827,-3.2423903942108154,-9.241411209106445,0.284756064414978,-1.8200000524520874,-0.14000000059604645,2.0999999046325684,0.06132462666246361,resting,null
23,left,755.7678461538462,1790837966827,-3.239997625350952,-9.20073127746582,0.29672059416770935,-1.8200000524520874,-0.14000000059604645,2.0999999046325684,0.06083769085532319,resting,null
23,left,755.7774615384616,1790837966827,-3.2064969539642334,-9.198338508605957,0.3517574965953827,-1.8200000524520874,-0.14000000059604645,2.0999999046325684,0.06023901124714486,resting,null
23,left,755.7870769230769,1790837966827,-3.2687125205993652,-9.215088844299316,0.3110780417919159,-1.8200000524520874,-0.14000000059604645,2.0999999046325684,0.05997883087478532,resting,null
23,left,755.7966923076923,1790837966827,-3.247176170349121,-9.198338508605957,0.32782840728759766,-1.8200000524520874,-0.14000000059604645,2.0999999046325684,0.05950325931339014,resting,null
23,left,755.8063076923078,1790837966827,-3.2926416397094727,-9.174409866333008,0.3517574965953827,-1.8200000524520874,-0.14000000059604645,2.0999999046325684,0.058965175805834935,resting,null
23,right,743.34,1790837966843,9.612311363220215,-2.8690967559814453,0.055036887526512146,-0.699999988079071,-3.0799999237060547,1.75,0.3686969302034092,resting,null
23,right,743.3496153846154,1790837966843,9.607525825500488,-2.873882532119751,0.035893622785806656,-0.699999988079071,-3.0799999237060547,1.75,0.3706486059383427,resting,null
23,right,743.3592307692307,1790837966843,9.57402515411377,-2.9121692180633545,0.028714897111058235,-0.699999988079071,-3.0799999237060547,1.75,0.3723976004965794,resting,null
23,right,743.3688461538462,1790837966843,9.629061698913574,-2.9528486728668213,0.059822700917720795,-0.699999988079071,-3.0799999237060547,1.75,0.3747667196913993,resting,null
23,right,743.3784615384616,1790837966843,9.624276161193848,-2.964813232421875,0.011964540928602219,-0.699999988079071,-3.0799999237060547,1.75,0.3771233113534599,resting,null
23,right,743.3880769230769,1790837966843,9.571632385253906,-3.0102784633636475,0.03350071236491203,-0.699999988079071,-3.0799999237060547,1.75,0.37912492441315765,resting,null
23,right,743.3976923076923,1790837966843,9.602740287780762,-2.979170560836792,0.023929081857204437,-0.699999988079071,-3.0799999237060547,1.75,0.381322646917189,resting,null
23,right,743.4073076923078,1790837966843,9.583597183227539,-2.9672060012817383,0.011964540928602219,-0.699999988079071,-3.0799999237060547,1.75,0.3833093255763218,resting,null
23,left,755.818,1790837966856,-3.247176170349121,-9.231839179992676,0.32543548941612244,-1.75,-0.14000000059604645,1.9600000381469727,0.05875557694877526,resting,null
23,left,755.8276153846153,1790837966856,-3.273498296737671,-9.229446411132812,0.33740004897117615,-1.75,-0.14000000059604645,1.9600000381469727,0.05864982908099057,resting,null
23,left,755.8372307692307,1790837966856,-3.2687125205993652,-9.205517768859863,0.3326142132282257,-1.75,-0.14000000059604645,1.9600000381469727,0.05831049449107954,resting,null
23,left,755.8468461538462,1790837966856,-3.2208542823791504,-9.248589515686035,0.3421858549118042,-1.75,-0.14000000059604645,1.9600000381469727,0.05821074963071404,resting,null
23,left,755.8564615384615,1790837966856,-3.1945323944091797,-9.270126342773438,0.3541503846645355,-1.75,-0.14000000059604645,1.9600000381469727,0.0582266341309886,resting,null
23,left,755.8660769230769,1790837966856,-3.1945323944091797,-9.31319808959961,0.3230426013469696,-1.75,-0.14000000059604645,1.9600000381469727,0.058623581003313795,resting,null
23,left,755.8756923076922,1790837966856,-3.189746379852295,-9.294054985046387,0.3613291084766388,-1.75,-0.14000000059604645,1.9600000381469727,0.05884502652688235,resting,null
23,left,755.8853076923077,1790837966856,-3.251962184906006,-9.253376007080078,0.3350071310997009,-1.75,-0.14000000059604645,1.9600000381469727,0.05888629573209789,resting,null
23,right,743.416,1790837966918,9.605133056640625,-2.9600272178649902,0.028714897111058235,-0.6299999952316284,-3.3600001335144043,1.8899999856948853,0.3852650170477733,resting,null
23,right,743.4256153846154,1790837966918,9.576417922973633,-2.931312322616577,0.047858163714408875,-0.6299999952316284,-3.3600001335144043,1.8899999856948853,0.387082715577936,resting,null
23,right,743.4352307692308,1790837966918,9.581204414367676,-2.964813232421875,0.009571632370352745,-0.6299999952316284,-3.3600001335144043,1.8899999856948853,0.3890377967372753,resting,null
23,right,743.4448461538462,1790837966918,9.605133056640625,-2.9839563369750977,0.05264397710561752,-0.6299999952316284,-3.3600001335144043,1.8899999856948853,0.3912664839701467,resting,null
23,right,743.4544615384616,1790837966918,9.576417922973633,-2.9983139038085938,0.028714897111058235,-0.6299999952316284,-3.3600001335144043,1.8899999856948853,0.3932715894021636,resting,null
23,right,743.464076923077,1790837966918,9.55727481842041,-3.027028799057007,0.040679436177015305,-0.6299999952316284,-3.3600001335144043,1.8899999856948853,0.3951831452307228,resting,null
23,right,743.4736923076923,1790837966918,9.492666244506836,-3.0102784633636475,0.05264397710561752,-0.6299999952316284,-3.3600001335144043,1.8899999856948853,0.3964537781138716,resting,null
23,right,743.4833076923078,1790837966918,9.516595840454102,-2.9887421131134033,0.0502510704100132,-0.6299999952316284,-3.3600001335144043,1.8899999856948853,0.39788099195128196,resting,null
23,left,755.897,1790837966930,-3.254354953765869,-9.294054985046387,0.37568655610084534,-1.4700000286102295,-0.2800000011920929,1.75,0.059410515811678485,resting,null
23,left,755.9066153846154,1790837966930,-3.239997625350952,-9.315590858459473,0.35893622040748596,-1.4700000286102295,-0.2800000011920929,1.75,0.05998553593626054,resting,null
23,left,755.9162307692308,1790837966930,-3.1706032752990723,-9.344305992126465,0.35654330253601074,-1.4700000286102295,-0.2800000011920929,1.75,0.06060077214028763,resting,null
23,left,755.9258461538462,1790837966930,-3.204103946685791,-9.29644775390625,0.3038993179798126,-1.4700000286102295,-0.2800000011920929,1.75,0.06087032550302932,resting,null
23,left,755.9354615384616,1790837966930,-3.2136754989624023,-9.303627014160156,0.3326142132282257,-1.4700000286102295,-0.2800000011920929,1.75,0.06124466246016389,resting,null
23,left,755.945076923077,1790837966930,-3.2064969539642334,-9.291662216186523,0.3230426013469696,-1.4700000286102295,-0.2800000011920929,1.75,0.06148461672606673,resting,null
23,left,755.9546923076923,1790837966930,-3.1777820587158203,-9.284482955932617,0.30629223585128784,-1.4700000286102295,-0.2800000011920929,1.75,0.06156438801081156,resting,null
23,left,755.9643076923078,1790837966930,-3.232818841934204,-9.301233291625977,0.26800569891929626,-1.4700000286102295,-0.2800000011920929,1.75,0.06195733533149771,resting,null
23,right,743.492,1790837966993,9.48788070678711,-2.9983139038085938,0.07657305896282196,-0.6299999952316284,-3.430000066757202,2.0299999713897705,0.39895865937494424,resting,null
23,right,743.5016153846153,1790837966993,9.504631042480469,-2.98634934425354,0.09810923039913177,-0.6299999952316284,-3.430000066757202,2.0299999713897705,0.40027027206967075,resting,null
23,right,743.5112307692307,1790837966993,9.507023811340332,-3.019850015640259,0.11725249886512756,-0.6299999952316284,-3.430000066757202,2.0299999713897705,0.40170154389462587,resting,null
23,right,743.5208461538462,1790837966993,9.516595840454102,-3.007885456085205,0.05742979422211647,-0.6299999952316284,-3.430000066757202,2.0299999713897705,0.40318212856316354,resting,null
23,right,743.5304615384615,1790837966993,9.480701446533203,-2.9959208965301514,0.08135887235403061,-0.6299999952316284,-3.430000066757202,2.0299999713897705,0.40429991214042144,resting,null
23,right,743.5400769230769,1790837966993,9.526166915893555,-2.9600272178649902,0.14357449114322662,-0.6299999952316284,-3.430000066757202,2.0299999713897705,0.40573438662357386,resting,null
23,right,743.5496923076922,1790837966993,9.440022468566895,-2.938491106033325,0.11246667802333832,-0.6299999952316284,-3.430000066757202,2.0299999713897705,0.40631466367846325,resting,null
23,right,743.5593076923077,1790837966993,9.46155834197998,-2.9456698894500732,0.08135887235403061,-0.6299999952316284,-3.430000066757202,2.0299999713897705,0.4071108101409113,resting,null
23,left,755.976,1790837967005,-3.254354953765869,-9.234231948852539,0.3110780417919159,-1.4700000286102295,-0.42000001668930054,1.6800000667572021,0.06179380006372381,resting,null
23,left,755.9856153846154,1790837967005,-3.2232472896575928,-9.294054985046387,0.27518442273139954,-1.4700000286102295,-0.42000001668930054,1.6800000667572021,0.062093798776434235,resting,null
23,left,755.9952307692307,1790837967005,-3.232818841934204,-9.282090187072754,0.28714898228645325,-1.4700000286102295,-0.42000001668930054,1.6800000667572021,0.06231855007406526,resting,null
23,left,756.0048461538462,1790837967005,-3.244783401489258,-9.236625671386719,0.29911351203918457,-1.4700000286102295,-0.42000001668930054,1.6800000667572021,0.06217236519214185,resting,null
23,left,756.0144615384615,1790837967005,-3.2711052894592285,-9.188767433166504,0.25604116916656494,-1.4700000286102295,-0.42000001668930054,1.6800000667572021,0.06166468156534712,resting,null
23,left,756.0240769230769,1790837967005,-3.2902486324310303,-9.22705364227295,0.25604116916656494,-1.4700000286102295,-0.42000001668930054,1.6800000667572021,0.061565889737014635,resting,null
23,left,756.0336923076923,1790837967005,-3.2902486324310303,-9.222268104553223,0.26561281085014343,-1.4700000286102295,-0.42000001668930054,1.6800000667572021,0.06142653203143952,resting,null
23,left,756.0433076923077,1790837967005,-3.273498296737671,-9.239018440246582,0.2823631465435028,-1.4700000286102295,-0.42000001668930054,1.6800000667572021,0.061389318580467055,resting,null
23,right,743.567,1790837967068,9.432844161987305,-2.9887421131134033,0.04307234659790993,-0.699999988079071,-3.430000066757202,1.8899999856948853,0.40763408466346945,resting,null
23,right,743.5766153846154,1790837967068,9.442415237426758,-3.000706672668457,0.11725249886512756,-0.699999988079071,-3.430000066757202,1.8899999856948853,0.40841505216737595,resting,null
23,right,743.5862307692307,1790837967068,9.521381378173828,-2.971991777420044,0.0909305065870285,-0.699999988079071,-3.430000066757202,1.8899999856948853,0.4098349204849289,resting,null
23,right,743.5958461538462,1790837967068,9.516595840454102,-3.0030996799468994,0.14357449114322662,-0.699999988079071,-3.430000066757202,1.8899999856948853,0.41130410298219633,resting,null
23,right,743.6054615384616,1790837967068,9.538131713867188,-3.0389933586120605,0.08614469319581985,-0.699999988079071,-3.430000066757202,1.8899999856948853,0.4130696694764527,resting,null
23,right,743.6150769230769,1790837967068,9.533346176147461,-3.041386127471924,0.1005021408200264,-0.699999988079071,-3.430000066757202,1.8899999856948853,0.41479879826464044,resting,null
23,right,743.6246923076923,1790837967068,9.542917251586914,-3.036600351333618,0.10289505124092102,-0.699999988079071,-3.430000066757202,1.8899999856948853,0.41660107398903534,resting,null
23,right,743.6343076923077,1790837967068,9.56684684753418,-3.062922477722168,0.07418014854192734,-0.699999988079071,-3.430000066757202,1.8899999856948853,0.418696116848129,resting,null
23,left,756.055,1790837967140,-3.3069989681243896,-9.253376007080078,0.30629223585128784,-1.5399999618530273,-0.49000000953674316,1.8899999856948853,0.06164156394378734,resting,null
23,left,756.0646153846153,1790837967140,-3.330928087234497,-9.22705364227295,0.2632198929786682,-1.5399999618530273,-0.49000000953674316,1.8899999856948853,0.06167662899757469,resting,null
23,left,756.0742307692307,1790837967140,-3.3357138633728027,-9.246196746826172,0.30868515372276306,-1.5399999618530273,-0.49000000953674316,1.8899999856948853,0.06191290788762797,resting,null
23,left,756.0838461538461,1790837967140,-3.316570520401001,-9.27969741821289,0.284756064414978,-1.5399999618530273,-0.49000000953674316,1.8899999856948853,0.062383143097016,resting,null
23,left,756.0934615384615,1790837967140,-3.2902486324310303,-9.353878021240234,0.27997025847435,-1.5399999618530273,-0.49000000953674316,1.8899999856948853,0.06343822349777328,resting,null
23,left,756.1030769230769,1790837967140,-3.338106870651245,-9.36823558807373,0.2823631465435028,-1.5399999618530273,-0.49000000953674316,1.8899999856948853,0.0647776634382893,resting,null
23,left,756.1126923076922,1790837967140,-3.374000310897827,-9.284482955932617,0.27518442273139954,-1.5399999618530273,-0.49000000953674316,1.8899999856948853,0.06547317738850732,resting,null
23,left,756.1223076923077,1790837967140,-3.366821765899658,-9.341913223266602,0.2632198929786682,-1.5399999618530273,-0.49000000953674316,1.8899999856948853,0.06666159793224417,resting,null
23,right,743.643,1790837967142,9.57402515411377,-3.0389933586120605,0.11725249886512756,-0.5600000023841858,-3.2899999618530273,1.9600000381469727,0.4205882984104147,resting,null
23,right,743.6526153846154,1790837967142,9.602740287780762,-3.0126712322235107,0.09571632742881775,-0.5600000023841858,-3.2899999618530273,1.9600000381469727,0.4228652363219437,resting,null
23,right,743.6622307692307,1790837967142,9.583597183227539,-3.05574369430542,0.1316099464893341,-0.5600000023841858,-3.2899999618530273,1.9600000381469727,0.4250943550957293,resting,null
23,right,743.6718461538462,1790837967142,9.545310020446777,-3.0030996799468994,0.07418014854192734,-0.5600000023841858,-3.2899999618530273,1.9600000381469727,0.4268138623095663,resting,null
23,right,743.6814615384616,1790837967142,9.54052448272705,-3.0054924488067627,0.12443122267723083,-0.5600000023841858,-3.2899999618530273,1.9600000381469727,0.42849967003332057,resting,null
23,right,743.6910769230769,1790837967142,9.535738945007324,-3.0461719036102295,0.08853759616613388,-0.5600000023841858,-3.2899999618530273,1.9600000381469727,0.43025630271085036,resting,null
23,right,743.7006923076923,1790837967142,9.562060356140137,-3.0533506870269775,0.13878867030143738,-0.5600000023841858,-3.2899999618530273,1.9600000381469727,0.4322784052571682,resting,null
23,right,743.7103076923078,1790837967142,9.547703742980957,-3.127530813217163,0.13400284945964813,-0.5600000023841858,-3.2899999618530273,1.9600000381469727,0.43438597816975055,resting,null
23,left,756.135,1790837967170,-3.3117847442626953,-9.325162887573242,0.25604116916656494,-1.6800000667572021,-0.2800000011920929,2.0299999713897705,0.06779163226073792,resting,null
23,left,756.1446153846153,1790837967170,-3.323749303817749,-9.265339851379395,0.26561281085014343,-1.6800000667572021,-0.2800000011920929,2.0299999713897705,0.06814729913443841,resting,null
23,left,756.1542307692307,1790837967170,-3.4122869968414307,-9.301233291625977,0.2703986167907715,-1.6800000667572021,-0.2800000011920929,2.0299999713897705,0.0691174202501046,resting,null
23,left,756.1638461538462,1790837967170,-3.3548572063446045,-9.258161544799805,0.28714898228645325,-1.6800000667572021,-0.2800000011920929,2.0299999713897705,0.06951469011283334,resting,null
23,left,756.1734615384615,1790837967170,-3.2926416397094727,-9.294054985046387,0.2895418703556061,-1.6800000667572021,-0.2800000011920929,2.0299999713897705,0.07003381307673183,resting,null
23,left,756.1830769230769,1790837967170,-3.2926416397094727,-9.327555656433105,0.27997025847435,-1.6800000667572021,-0.2800000011920929,2.0299999713897705,0.07085376622058742,resting,null
23,left,756.1926923076923,1790837967170,-3.2854628562927246,-9.322770118713379,0.27757734060287476,-1.6800000667572021,-0.2800000011920929,2.0299999713897705,0.07160687335232174,resting,null
23,left,756.2023076923077,1790837967170,-3.3883578777313232,-9.284482955932617,0.2512553632259369,-1.6800000667572021,-0.2800000011920929,2.0299999713897705,0.0723401121429991,resting,null
23,right,743.719,1790837967232,9.545310020446777,-3.0892443656921387,0.11725249886512756,-0.49000000953674316,-3.2899999618530273,1.9600000381469727,0.4361676283004383,resting,null
23,right,743.7286153846154,1790837967232,9.518988609313965,-3.084458589553833,0.10528795421123505,-0.49000000953674316,-3.2899999618530273,1.9600000381469727,0.4378815781907017,resting,null
23,right,743.7382307692308,1790837967232,9.523774147033691,-3.0533506870269775,0.13639576733112335,-0.49000000953674316,-3.2899999618530273,1.9600000381469727,0.43954957449846277,resting,null
23,right,743.7478461538462,1790837967232,9.552489280700684,-3.000706672668457,0.10768086463212967,-0.49000000953674316,-3.2899999618530273,1.9600000381469727,0.4413216673005492,resting,null
23,right,743.7574615384616,1790837967232,9.533346176147461,-3.000706672668457,0.09810923039913177,-0.49000000953674316,-3.2899999618530273,1.9600000381469727,0.4429177667857909,resting,null
23,right,743.767076923077,1790837967232,9.569239616394043,-3.0174570083618164,0.12682412564754486,-0.49000000953674316,-3.2899999618530273,1.9600000381469727,0.44489386840933265,resting,null
23,right,743.7766923076923,1790837967232,9.588382720947266,-3.070101022720337,0.1411815732717514,-0.49000000953674316,-3.2899999618530273,1.9600000381469727,0.44719981640399575,resting,null
23,right,743.7863076923078,1790837967232,9.542917251586914,-3.058136463165283,0.0502510704100132,-0.49000000953674316,-3.2899999618530273,1.9600000381469727,0.44904498851021285,resting,null
23,left,756.214,1790837967245,-3.35964298248291,-9.229446411132812,0.23689790070056915,-1.6100000143051147,-0.42000001668930054,1.8200000524520874,0.07250922356359885,resting,null
23,left,756.2236153846154,1790837967245,-3.338106870651245,-9.308412551879883,0.3038993179798126,-1.6100000143051147,-0.42000001668930054,1.8200000524520874,0.07330813497176063,resting,null
23,left,756.2332307692308,1790837967245,-3.374000310897827,-9.308412551879883,0.284756064414978,-1.6100000143051147,-0.42000001668930054,1.8200000524520874,0.07421924921793352,resting,null
23,left,756.2428461538462,1790837967245,-3.3285350799560547,-9.31319808959961,0.260826975107193,-1.6100000143051147,-0.42000001668930054,1.8200000524520874,0.07501858531789245,resting,null
23,left,756.2524615384616,1790837967245,-3.35964298248291,-9.284482955932617,0.2703986167907715,-1.6100000143051147,-0.42000001668930054,1.8200000524520874,0.07566192889823857,resting,null
23,left,756.262076923077,1790837967245,-3.3333208560943604,-9.277304649353027,0.2895418703556061,-1.6100000143051147,-0.42000001668930054,1.8200000524520874,0.07615931224287248,resting,null
23,left,756.2716923076923,1790837967245,-3.287855625152588,-9.260554313659668,0.27757734060287476,-1.6100000143051147,-0.42000001668930054,1.8200000524520874,0.0763541523802607,resting,null
23,left,756.2813076923078,1790837967245,-3.3213565349578857,-9.236625671386719,0.26800569891929626,-1.6100000143051147,-0.42000001668930054,1.8200000524520874,0.07643890181244843,resting,null
23,right,743.795,1790837967293,9.55727481842041,-3.043779134750366,0.10289505124092102,-0.6299999952316284,-3.3600001335144043,1.9600000381469727,0.45079720450921745,resting,null
23,right,743.8046153846153,1790837967293,9.504631042480469,-3.0246357917785645,0.047858163714408875,-0.6299999952316284,-3.3600001335144043,1.9600000381469727,0.4521924001354977,resting,null
23,right,743.8142307692307,1790837967293,9.528559684753418,-3.043779134750366,0.07418014854192734,-0.6299999952316284,-3.3600001335144043,1.9600000381469727,0.45386380191554476,resting,null
23,right,743.8238461538461,1790837967293,9.504631042480469,-3.007885456085205,0.10289505124092102,-0.6299999952316284,-3.3600001335144043,1.9600000381469727,0.455212892970391,resting,null
23,right,743.8334615384615,1790837967293,9.499845504760742,-3.0030996799468994,0.08853759616613388,-0.6299999952316284,-3.3600001335144043,1.9600000381469727,0.4565025607255871,resting,null
23,right,743.8430769230769,1790837967293,9.4950590133667,-2.993528127670288,0.09332341700792313,-0.6299999952316284,-3.3600001335144043,1.9600000381469727,0.4577204754816822,resting,null
23,right,743.8526923076922,1790837967293,9.507023811340332,-3.0030996799468994,0.11246667802333832,-0.6299999952316284,-3.3600001335144043,1.9600000381469727,0.4590769190255373,resting,null
23,right,743.8623076923077,1790837967293,9.473523139953613,-3.0318145751953125,0.11725249886512756,-0.6299999952316284,-3.3600001335144043,1.9600000381469727,0.4602098731127632,resting,null
23,right,743.871,1790837967368,9.468737602233887,-3.007885456085205,0.05742979422211647,-0.6299999952316284,-3.3600001335144043,2.0999999046325684,0.4611263244269171,resting,null
23,right,743.8806153846153,1790837967368,9.47830867767334,-3.0246357917785645,0.13400284945964813,-0.6299999952316284,-3.3600001335144043,2.0999999046325684,0.4622824642537133,resting,null
23,right,743.8902307692307,1790837967368,9.39934253692627,-2.9911351203918457,0.11007377505302429,-0.6299999952316284,-3.3600001335144043,2.0999999046325684,0.46261529408078883,resting,null
23,right,743.8998461538462,1790837967368,9.449594497680664,-3.015064239501953,0.14596739411354065,-0.6299999952316284,-3.3600001335144043,2.0999999046325684,0.4634816289579001,resting,null
23,right,743.9094615384615,1790837967368,9.463951110839844,-3.0126712322235107,0.11246667802333832,-0.6299999952316284,-3.3600001335144043,2.0999999046325684,0.46446867865785424,resting,null
23,right,743.9190769230769,1790837967368,9.485487937927246,-2.9887421131134033,0.16271774470806122,-0.6299999952316284,-3.3600001335144043,2.0999999046325684,0.46558843263674476,resting,null
23,right,743.9286923076922,1790837967368,9.514202117919922,-3.0318145751953125,0.13639576733112335,-0.6299999952316284,-3.3600001335144043,2.0999999046325684,0.46709324453063195,resting,null
23,right,743.9383076923077,1790837967368,9.48788070678711,-3.070101022720337,0.09571632742881775,-0.6299999952316284,-3.3600001335144043,2.0999999046325684,0.4684641177095528,resting,null
23,left,756.294,1790837967381,-3.3213565349578857,-9.181588172912598,0.3038993179798126,-1.6100000143051147,-0.42000001668930054,1.6100000143051147,0.07590690206048716,resting,null
23,left,756.3036153846153,1790837967381,-3.342892646789551,-9.205517768859863,0.2943277060985565,-1.6100000143051147,-0.42000001668930054,1.6100000143051147,0.07578831128880709,resting,null
23,left,756.3132307692307,1790837967381,-3.316570520401001,-9.229446411132812,0.284756064414978,-1.6100000143051147,-0.42000001668930054,1.6100000143051147,0.07579739870611447,resting,null
23,left,756.3228461538462,1790837967381,-3.287855625152588,-9.207910537719727,0.32782840728759766,-1.6100000143051147,-0.42000001668930054,1.6100000143051147,0.07553072042446929,resting,null
23,left,756.3324615384615,1790837967381,-3.2974274158477783,-9.162445068359375,0.27757734060287476,-1.6100000143051147,-0.42000001668930054,1.6100000143051147,0.07487006782850184,resting,null
23,left,756.3420769230769,1790837967381,-3.2830698490142822,-9.195945739746094,0.27757734060287476,-1.6100000143051147,-0.42000001668930054,1.6100000143051147,0.07446609364010048,resting,null
23,left,756.3516923076922,1790837967381,-3.2902486324310303,-9.136122703552246,0.27518442273139954,-1.6100000143051147,-0.42000001668930054,1.6100000143051147,0.07354400583066216,resting,null
23,left,756.3613076923077,1790837967381,-3.280677080154419,-9.119372367858887,0.23689790070056915,-1.6100000143051147,-0.42000001668930054,1.6100000143051147,0.07242986366260497,resting,null
23,left,756.373,1790837967410,-3.3476784229278564,-9.169623374938965,0.23450499773025513,-1.5399999618530273,-0.3499999940395355,1.8899999856948853,0.07189381974716176,resting,null
23,left,756.3826153846154,1790837967410,-3.3692145347595215,-9.138516426086426,0.260826975107193,-1.5399999618530273,-0.3499999940395355,1.8899999856948853,0.0712500664127231,resting,null
23,left,756.3922307692308,1790837967410,-3.4051082134246826,-9.150480270385742,0.23689790070056915,-1.5399999618530273,-0.3499999940395355,1.8899999856948853,0.07082810713337956,resting,null
23,left,756.4018461538462,1790837967410,-3.3476784229278564,-9.145694732666016,0.28714898228645325,-1.5399999618530273,-0.3499999940395355,1.8899999856948853,0.07018517084580878,resting,null
23,left,756.4114615384616,1790837967410,-3.3620357513427734,-9.162445068359375,0.26800569891929626,-1.5399999618530273,-0.3499999940395355,1.8899999856948853,0.06973651067188802,resting,null
23,left,756.421076923077,1790837967410,-3.3069989681243896,-9.176802635192871,0.27518442273139954,-1.5399999618530273,-0.3499999940395355,1.8899999856948853,0.06923787307169214,resting,null
23,left,756.4306923076923,1790837967410,-3.371607542037964,-9.183980941772461,0.26561281085014343,-1.5399999618530273,-0.3499999940395355,1.8899999856948853,0.0690149268545366,resting,null
23,left,756.4403076923078,1790837967410,-3.3404996395111084,-9.267732620239258,0.20818300545215607,-1.5399999618530273,-0.3499999940395355,1.8899999856948853,0.06943024227667609,resting,null
23,right,743.947,1790837967443,9.485487937927246,-3.1012089252471924,0.13400284945964813,-0.42000001668930054,-3.3600001335144043,2.1700000762939453,0.46977001308263855,resting,null
23,right,743.9566153846154,1790837967443,9.492666244506836,-3.0964231491088867,0.12921704351902008,-0.42000001668930054,-3.3600001335144043,2.1700000762939453,0.4712653358417096,resting,null
23,right,743.9662307692307,1790837967443,9.559667587280273,-3.1179592609405518,0.08135887235403061,-0.42000001668930054,-3.3600001335144043,2.1700000762939453,0.47343152266732275,resting,null
23,right,743.9758461538462,1790837967443,9.57402515411377,-3.0820655822753906,0.09810923039913177,-0.42000001668930054,-3.3600001335144043,2.1700000762939453,0.4756229464996472,resting,null
23,right,743.9854615384615,1790837967443,9.564454078674316,-3.077279806137085,0.09571632742881775,-0.42000001668930054,-3.3600001335144043,2.1700000762939453,0.4777116081767795,resting,null
23,right,743.9950769230769,1790837967443,9.607525825500488,-3.1107804775238037,0.13639576733112335,-0.42000001668930054,-3.3600001335144043,2.1700000762939453,0.4802958892491178,resting,null
23,right,744.0046923076923,1790837967443,9.600347518920898,-3.0748867988586426,0.1411815732717514,-0.42000001668930054,-3.3600001335144043,2.1700000762939453,0.4827080082479657,resting,null
23,right,744.0143076923077,1790837967443,9.588382720947266,-3.084458589553833,0.11246667802333832,-0.42000001668930054,-3.3600001335144043,2.1700000762939453,0.4850349978203922,resting,null
23,left,756.452,1790837967485,-3.381179094314575,-9.21748161315918,0.2823631465435028,-1.3300000429153442,-0.49000000953674316,1.6800000667572021,0.0695702786176127,resting,null
23,left,756.4616153846154,1790837967485,-3.4242515563964844,-9.231839179992676,0.23689790070056915,-1.3300000429153442,-0.49000000953674316,1.6800000667572021,0.06994634017630395,resting,null
23,left,756.4712307692307,1790837967485,-3.3692145347595215,-9.236625671386719,0.25604116916656494,-1.3300000429153442,-0.49000000953674316,1.6800000667572021,0.0701875185864181,resting,null
23,left,756.4808461538462,1790837967485,-3.4170727729797363,-9.262947082519531,0.27518442273139954,-1.3300000429153442,-0.49000000953674316,1.6800000667572021,0.07082943100948845,resting,null
23,left,756.4904615384615,1790837967485,-3.3548572063446045,-9.267732620239258,0.2895418703556061,-1.3300000429153442,-0.49000000953674316,1.6800000667572021,0.0713119835652997,resting,null
23,left,756.5000769230769,1790837967485,-3.364428758621216,-9.255768775939941,0.284756064414978,-1.3300000429153442,-0.49000000953674316,1.6800000667572021,0.07171717989162694,resting,null
23,left,756.5096923076923,1790837967485,-3.350071430206299,-9.341913223266602,0.2823631465435028,-1.3300000429153442,-0.49000000953674316,1.6800000667572021,0.07285231134752798,resting,null
23,left,756.5193076923077,1790837967485,-3.3692145347595215,-9.294054985046387,0.3302213251590729,-1.3300000429153442,-0.49000000953674316,1.6800000667572021,0.07363103138614932,resting,null
23,right,744.023,1790837967518,9.593168258666992,-3.113173484802246,0.11246667802333832,-0.42000001668930054,-3.569999933242798,2.1700000762939453,0.4872539295595974,resting,null
23,right,744.0326153846154,1790837967518,9.569239616394043,-3.1107804775238037,0.08135887235403061,-0.42000001668930054,-3.569999933242798,2.1700000762939453,0.4894786357931315,resting,null
23,right,744.0422307692307,1790837967518,9.626668930053711,-3.1323165893554688,0.10528795421123505,-0.42000001668930054,-3.569999933242798,2.1700000762939453,0.4922932259642559,resting,null
23,right,744.0518461538462,1790837967518,9.617097854614258,-3.1107804775238037,0.11725249886512756,-0.42000001668930054,-3.569999933242798,2.1700000762939453,0.49495620244887834,resting,null
23,right,744.0614615384616,1790837967518,9.612311363220215,-3.1083877086639404,0.06460852175951004,-0.42000001668930054,-3.569999933242798,2.1700000762939453,0.49756251854665035,resting,null
23,right,744.0710769230769,1790837967518,9.633848190307617,-3.1706032752990723,0.07418014854192734,-0.42000001668930054,-3.569999933242798,2.1700000762939453,0.5005504982798711,resting,null
23,right,744.0806923076923,1790837967518,9.521381378173828,-3.1490671634674072,0.040679436177015305,-0.42000001668930054,-3.569999933242798,2.1700000762939453,0.5024438305492244,resting,null
23,right,744.0903076923078,1790837967518,9.509416580200195,-3.1251380443573,0.04307234659790993,-0.42000001668930054,-3.569999933242798,2.1700000762939453,0.5041553183928955,resting,null
23,left,756.531,1790837967560,-3.330928087234497,-9.322770118713379,0.3541503846645355,-1.3300000429153442,-0.49000000953674316,1.4700000286102295,0.07474928512658807,resting,null
23,left,756.5406153846153,1790837967560,-3.374000310897827,-9.253376007080078,0.3350071310997009,-1.3300000429153442,-0.49000000953674316,1.4700000286102295,0.0751777015876411,resting,null
23,left,756.5502307692307,1790837967560,-3.3189635276794434,-9.255768775939941,0.284756064414978,-1.3300000429153442,-0.49000000953674316,1.4700000286102295,0.07543233849924383,resting,null
23,left,756.5598461538461,1790837967560,-3.371607542037964,-9.255768775939941,0.2919347882270813,-1.3300000429153442,-0.49000000953674316,1.4700000286102295,0.07586134361385312,resting,null
23,left,756.5694615384615,1790837967560,-3.3141777515411377,-9.203125,0.32543548941612244,-1.3300000429153442,-0.49000000953674316,1.4700000286102295,0.07563617015450766,resting,null
23,left,756.5790769230769,1790837967560,-3.3572499752044678,-9.215088844299316,0.2703986167907715,-1.3300000429153442,-0.49000000953674316,1.4700000286102295,0.0756446574699996,resting,null
23,left,756.5886923076922,1790837967560,-3.2902486324310303,-9.150480270385742,0.28714898228645325,-1.3300000429153442,-0.49000000953674316,1.4700000286102295,0.0748548607115264,resting,null
23,left,756.5983076923077,1790837967560,-3.295034408569336,-9.148087501525879,0.31586387753486633,-1.3300000429153442,-0.49000000953674316,1.4700000286102295,0.07406785785149868,resting,null
23,right,744.098,1790837967592,9.509416580200195,-3.127530813217163,0.055036887526512146,-0.3499999940395355,-3.7799999713897705,2.240000009536743,0.5055301353469912,resting,null
23,right,744.1076153846153,1790837967592,9.483095169067383,-3.1155662536621094,0.08375178277492523,-0.3499999940395355,-3.7799999713897705,2.240000009536743,0.5069729673375885,resting,null
23,right,744.1172307692307,1790837967592,9.466344833374023,-3.141888380050659,0.03110780566930771,-0.3499999940395355,-3.7799999713897705,2.240000009536743,0.5083392936628737,resting,null
23,right,744.1268461538461,1790837967592,9.420879364013672,-3.1777820587158203,0.06221561133861542,-0.3499999940395355,-3.7799999713897705,2.240000009536743,0.509400488232914,resting,null
23,right,744.1364615384615,1790837967592,9.408914566040039,-3.146674156188965,0.08853759616613388,-0.3499999940395355,-3.7799999713897705,2.240000009536743,0.5102587837263911,resting,null
23,right,744.1460769230769,1790837967592,9.37541389465332,-3.09881591796875,0.01914326474070549,-0.3499999940395355,-3.7799999713897705,2.240000009536743,0.5106632583433323,resting,null
23,right,744.1556923076922,1790837967592,9.40173625946045,-3.141888380050659,0.0909305065870285,-0.3499999940395355,-3.7799999713897705,2.240000009536743,0.5114405860239782,resting,null
23,right,744.1653076923077,1790837967592,9.418486595153809,-3.134709596633911,0.10289505124092102,-0.3499999940395355,-3.7799999713897705,2.240000009536743,0.5123492430227815,resting,null
23,right,744.175,1790837967683,9.396949768066406,-3.139495372772217,0.06221561133861542,-0.42000001668930054,-3.569999933242798,2.0299999713897705,0.5130800553068605,resting,null
23,right,744.1846153846153,1790837967683,9.380199432373047,-3.105994701385498,0.07657305896282196,-0.42000001668930054,-3.569999933242798,2.0299999713897705,0.5135509245876159,resting,null
23,right,744.1942307692307,1790837967683,9.411307334899902,-3.1299238204956055,0.06700142472982407,-0.42000001668930054,-3.569999933242798,2.0299999713897705,0.5143775449632515,resting,null
23,right,744.2038461538461,1790837967683,9.36584186553955,-3.1586387157440186,0.08853759616613388,-0.42000001668930054,-3.569999933242798,2.0299999713897705,0.5148782179624231,resting,null
23,right,744.2134615384615,1790837967683,9.475915908813477,-3.1777820587158203,0.06460852175951004,-0.42000001668930054,-3.569999933242798,2.0299999713897705,0.5164385676500545,resting,null
23,right,744.2230769230769,1790837967683,9.48788070678711,-3.141888380050659,0.08375178277492523,-0.42000001668930054,-3.569999933242798,2.0299999713897705,0.5179986169797871,resting,null
23,right,744.2326923076922,1790837967683,9.468737602233887,-3.1490671634674072,0.08853759616613388,-0.42000001668930054,-3.569999933242798,2.0299999713897705,0.5194060862037418,resting,null
23,right,744.2423076923077,1790837967683,9.492666244506836,-3.2232472896575928,0.08614469319581985,-0.42000001668930054,-3.569999933242798,2.0299999713897705,0.5212578321940013,resting,null
23,left,756.611,1790837967695,-3.287855625152588,-9.162445068359375,0.30629223585128784,-1.399999976158142,-0.6299999952316284,1.6100000143051147,0.07316668085028036,resting,null
23,left,756.6206153846153,1790837967695,-3.3285350799560547,-9.157659530639648,0.30629223585128784,-1.399999976158142,-0.6299999952316284,1.6100000143051147,0.0725737861258979,resting,null
23,left,756.6302307692307,1790837967695,-3.371607542037964,-9.128944396972656,0.30868515372276306,-1.399999976158142,-0.6299999952316284,1.6100000143051147,0.07186450874836053,resting,null
23,left,756.6398461538462,1790837967695,-3.3548572063446045,-9.152873039245605,0.3206496834754944,-1.399999976158142,-0.6299999952316284,1.6100000143051147,0.07132020185267676,resting,null
23,left,756.6494615384615,1790837967695,-3.2854628562927246,-9.21748161315918,0.3015064299106598,-1.399999976158142,-0.6299999952316284,1.6100000143051147,0.07112508061433011,resting,null
23,left,756.6590769230769,1790837967695,-3.3069989681243896,-9.172017097473145,0.29911351203918457,-1.399999976158142,-0.6299999952316284,1.6100000143051147,0.07059019867874651,resting,null
23,left,756.6686923076923,1790837967695,-3.3763933181762695,-9.183980941772461,0.27518442273139954,-1.399999976158142,-0.6299999952316284,1.6100000143051147,0.07038454851368109,resting,null
23,left,756.6783076923077,1790837967695,-3.385964870452881,-9.234231948852539,0.31825676560401917,-1.399999976158142,-0.6299999952316284,1.6100000143051147,0.07067671120508796,resting,null
23,left,756.69,1790837967725,-3.3835721015930176,-9.258161544799805,0.284756064414978,-1.3300000429153442,-0.7699999809265137,1.4700000286102295,0.0712728017496984,resting,null
23,left,756.6996153846154,1790837967725,-3.4170727729797363,-9.286876678466797,0.27757734060287476,-1.3300000429153442,-0.7699999809265137,1.4700000286102295,0.0721306188556805,resting,null
23,left,756.7092307692308,1790837967725,-3.3835721015930176,-9.294054985046387,0.26800569891929626,-1.3300000429153442,-0.7699999809265137,1.4700000286102295,0.07293946677530033,resting,null
23,left,756.7188461538462,1790837967725,-3.4386088848114014,-9.267732620239258,0.3038993179798126,-1.3300000429153442,-0.7699999809265137,1.4700000286102295,0.07370244126049479,resting,null
23,left,756.7284615384616,1790837967725,-3.385964870452881,-9.329948425292969,0.260826975107193,-1.3300000429153442,-0.7699999809265137,1.4700000286102295,0.07484032708175371,resting,null
23,left,756.738076923077,1790837967725,-3.3692145347595215,-9.356270790100098,0.2919347882270813,-1.3300000429153442,-0.7699999809265137,1.4700000286102295,0.07616868077441138,resting,null
23,left,756.7476923076923,1790837967725,-3.4122869968414307,-9.310805320739746,0.2632198929786682,-1.3300000429153442,-0.7699999809265137,1.4700000286102295,0.0772203269178491,resting,null
23,left,756.7573076923078,1790837967725,-3.421858549118042,-9.315590858459473,0.284756064414978,-1.3300000429153442,-0.7699999809265137,1.4700000286102295,0.07835197784009344,resting,null
23,right,744.251,1790837967759,9.47830867767334,-3.2567479610443115,0.08614469319581985,-0.2800000011920929,-3.569999933242798,2.0299999713897705,0.5229066603849729,resting,null
23,right,744.2606153846153,1790837967759,9.483095169067383,-3.211282730102539,0.09332341700792313,-0.2800000011920929,-3.569999933242798,2.0299999713897705,0.5246335209662483,resting,null
23,right,744.2702307692307,1790837967759,9.509416580200195,-3.211282730102539,0.12203831225633621,-0.2800000011920929,-3.569999933242798,2.0299999713897705,0.5266014950255419,resting,null
23,right,744.2798461538462,1790837967759,9.480701446533203,-3.211282730102539,0.11007377505302429,-0.2800000011920929,-3.569999933242798,2.0299999713897705,0.5283063988323133,resting,null
23,right,744.2894615384615,1790837967759,9.521381378173828,-3.254354953765869,0.13878867030143738,-0.2800000011920929,-3.569999933242798,2.0299999713897705,0.5305166697289577,resting,null
23,right,744.2990769230769,1790837967759,9.533346176147461,-3.232818841934204,0.07178724557161331,-0.2800000011920929,-3.569999933242798,2.0299999713897705,0.5327620848179235,resting,null
23,right,744.3086923076922,1790837967759,9.516595840454102,-3.2376046180725098,0.09810923039913177,-0.2800000011920929,-3.569999933242798,2.0299999713897705,0.5348709273664383,resting,null
23,right,744.3183076923077,1790837967759,9.521381378173828,-3.254354953765869,0.08135887235403061,-0.2800000011920929,-3.569999933242798,2.0299999713897705,0.5370728067857018,resting,null
23,left,756.769,1790837967800,-3.3883578777313232,-9.346698760986328,0.27997025847435,-1.399999976158142,-0.7699999809265137,1.3300000429153442,0.07993264827062137,resting,null
23,left,756.7786153846154,1790837967800,-3.4027152061462402,-9.320377349853516,0.30629223585128784,-1.399999976158142,-0.7699999809265137,1.3300000429153442,0.08104896138545083,resting,null
23,left,756.7882307692307,1790837967800,-3.3955366611480713,-9.28926944732666,0.27997025847435,-1.399999976158142,-0.7699999809265137,1.3300000429153442,0.08185302751136835,resting,null
23,left,756.7978461538462,1790837967800,-3.4314301013946533,-9.282090187072754,0.2943277060985565,-1.399999976158142,-0.7699999809265137,1.3300000429153442,0.08271476725561532,resting,null
23,left,756.8074615384616,1790837967800,-3.3548572063446045,-9.301233291625977,0.2919347882270813,-1.399999976158142,-0.7699999809265137,1.3300000429153442,0.08349495014480256,resting,null
23,left,756.8170769230769,1790837967800,-3.350071430206299,-9.250982284545898,0.30629223585128784,-1.399999976158142,-0.7699999809265137,1.3300000429153442,0.0838100059229737,resting,null
23,left,756.8266923076923,1790837967800,-3.378786325454712,-9.294054985046387,0.30868515372276306,-1.399999976158142,-0.7699999809265137,1.3300000429153442,0.0846090290019468,resting,null
23,left,756.8363076923077,1790837967800,-3.4098939895629883,-9.234231948852539,0.28714898228645325,-1.399999976158142,-0.7699999809265137,1.3300000429153442,0.08496438285702189,resting,null
23,right,744.327,1790837967833,9.502238273620605,-3.2208542823791504,0.047858163714408875,-0.2800000011920929,-3.7100000381469727,1.75,0.5388090915232103,resting,null
23,right,744.3366153846154,1790837967833,9.47830867767334,-3.2567479610443115,0.07657305896282196,-0.2800000011920929,-3.7100000381469727,1.75,0.5406245547112639,resting,null
23,right,744.3462307692307,1790837967833,9.449594497680664,-3.259140729904175,0.09332341700792313,-0.2800000011920929,-3.7100000381469727,1.75,0.5421868828032065,resting,null
23,right,744.3558461538462,1790837967833,9.418486595153809,-3.2639267444610596,0.1005021408200264,-0.2800000011920929,-3.7100000381469727,1.75,0.5434815578064619,resting,null
23,right,744.3654615384615,1790837967833,9.435236930847168,-3.2567479610443115,0.06460852175951004,-0.2800000011920929,-3.7100000381469727,1.75,0.5449026362779928,resting,null
23,right,744.3750769230769,1790837967833,9.449594497680664,-3.261533737182617,0.06221561133861542,-0.2800000011920929,-3.7100000381469727,1.75,0.5464683555783956,resting,null
23,right,744.3846923076923,1790837967833,9.45438003540039,-3.2567479610443115,0.09810923039913177,-0.2800000011920929,-3.7100000381469727,1.75,0.5480642115121751,resting,null
23,right,744.3943076923077,1790837967833,9.442415237426758,-3.218461275100708,0.07178724557161331,-0.2800000011920929,-3.7100000381469727,1.75,0.5494292071164089,resting,null
23,right,744.402,1790837967908,9.430450439453125,-3.2304258346557617,0.09571632742881775,-0.21000000834465027,-3.5,1.6100000143051147,0.5504649908600205,resting,null
23,right,744.4116153846154,1790837967908,9.387378692626953,-3.2017109394073486,0.09571632742881775,-0.21000000834465027,-3.5,1.6100000143051147,0.5512782018915469,resting,null
23,right,744.4212307692308,1790837967908,9.361056327819824,-3.2352118492126465,0.0909305065870285,-0.21000000834465027,-3.5,1.6100000143051147,0.5519560202246123,resting,null
23,right,744.4308461538462,1790837967908,9.394556999206543,-3.2687125205993652,0.07418014854192734,-0.21000000834465027,-3.5,1.6100000143051147,0.5530419047096504,resting,null
23,right,744.4404615384616,1790837967908,9.373021125793457,-3.247176170349121,0.1005021408200264,-0.21000000834465027,-3.5,1.6100000143051147,0.5538658775784734,resting,null
23,right,744.450076923077,1790837967908,9.39216423034668,-3.2567479610443115,0.08375178277492523,-0.21000000834465027,-3.5,1.6100000143051147,0.5548921640060869,resting,null
23,right,744.4596923076923,1790837967908,9.444808006286621,-3.2902486324310303,0.05742979422211647,-0.21000000834465027,-3.5,1.6100000143051147,0.556499691159101,resting,null
23,right,744.4693076923078,1790837967908,9.418486595153809,-3.295034408569336,0.055036887526512146,-0.21000000834465027,-3.5,1.6100000143051147,0.557882708362558,resting,null
23,left,756.848,1790837967936,-3.3620357513427734,-9.234231948852539,0.27997025847435,-1.6800000667572021,-0.6299999952316284,1.399999976158142,0.08520171066909164,resting,null
23,left,756.8576153846153,1790837967936,-3.378786325454712,-9.229446411132812,0.2823631465435028,-1.6800000667572021,-0.6299999952316284,1.399999976158142,0.08540943227291585,resting,null
23,left,756.8672307692307,1790837967936,-3.4027152061462402,-9.222268104553223,0.260826975107193,-1.6800000667572021,-0.6299999952316284,1.399999976158142,0.08562590620011744,resting,null
23,left,756.8768461538461,1790837967936,-3.4122869968414307,-9.176802635192871,0.26561281085014343,-1.6800000667572021,-0.6299999952316284,1.399999976158142,0.08546584376039733,resting,null
23,left,756.8864615384615,1790837967936,-3.374000310897827,-9.179195404052734,0.2919347882270813,-1.6800000667572021,-0.6299999952316284,1.399999976158142,0.08520674300174821,resting,null
23,left,756.8960769230769,1790837967936,-3.3357138633728027,-9.176802635192871,0.25843408703804016,-1.6800000667572021,-0.6299999952316284,1.399999976158142,0.08479044211296084,resting,null
23,left,756.9056923076922,1790837967936,-3.3476784229278564,-9.203125,0.2919347882270813,-1.6800000667572021,-0.6299999952316284,1.399999976158142,0.08466060433759716,resting,null
23,left,756.9153076923077,1790837967936,-3.381179094314575,-9.21748161315918,0.2895418703556061,-1.6800000667572021,-0.6299999952316284,1.399999976158142,0.08477059983232275,resting,null
23,left,756.927,1790837967965,-3.385964870452881,-9.265339851379395,0.27997025847435,-1.6100000143051147,-0.6299999952316284,1.1200000047683716,0.08544518625301012,resting,null
23,left,756.9366153846154,1790837967965,-3.342892646789551,-9.303627014160156,0.2823631465435028,-1.6100000143051147,-0.6299999952316284,1.1200000047683716,0.08620462310601809,resting,null
23,left,756.9462307692307,1790837967965,-3.385964870452881,-9.274911880493164,0.2536482512950897,-1.6100000143051147,-0.6299999952316284,1.1200000047683716,0.08683826410690523,resting,null
23,left,756.9558461538462,1790837967965,-3.3357138633728027,-9.277304649353027,0.28714898228645325,-1.6100000143051147,-0.6299999952316284,1.1200000047683716,0.08733702112820323,resting,null
23,left,756.9654615384616,1790837967965,-3.393143653869629,-9.250982284545898,0.28714898228645325,-1.6100000143051147,-0.6299999952316284,1.1200000047683716,0.08778657194394074,resting,null
23,left,756.9750769230769,1790837967965,-3.3883578777313232,-9.270126342773438,0.2895418703556061,-1.6100000143051147,-0.6299999952316284,1.1200000047683716,0.08839368227950567,resting,null
23,left,756.9846923076923,1790837967965,-3.3883578777313232,-9.258161544799805,0.29672059416770935,-1.6100000143051147,-0.6299999952316284,1.1200000047683716,0.08889461008579394,resting,null
23,left,756.9943076923078,1790837967965,-3.3955366611480713,-9.28926944732666,0.3134709596633911,-1.6100000143051147,-0.6299999952316284,1.1200000047683716,0.08970458449724368,resting,null
23,right,744.478,1790837967982,9.447200775146484,-3.280677080154419,0.11007377505302429,-0.14000000059604645,-3.2899999618530273,1.4700000286102295,0.5593296478509437,resting,null
23,right,744.4876153846153,1790837967982,9.404129028320312,-3.2974274158477783,0.11964540183544159,-0.14000000059604645,-3.2899999618530273,1.4700000286102295,0.5605928115233442,resting,null
23,right,744.4972307692307,1790837967982,9.449594497680664,-3.266319513320923,0.06939433515071869,-0.14000000059604645,-3.2899999618530273,1.4700000286102295,0.5621662261683296,resting,null
23,right,744.5068461538461,1790837967982,9.442415237426758,-3.266319513320923,0.09571632742881775,-0.14000000059604645,-3.2899999618530273,1.4700000286102295,0.5636756046708653,resting,null
23,right,744.5164615384615,1790837967982,9.456772804260254,-3.2352118492126465,0.08375178277492523,-0.14000000059604645,-3.2899999618530273,1.4700000286102295,0.5652162480980194,resting,null
23,right,744.5260769230769,1790837967982,9.480701446533203,-3.2567479610443115,0.08853759616613388,-0.14000000059604645,-3.2899999618530273,1.4700000286102295,0.5670416694554365,resting,null
23,right,744.5356923076922,1790837967982,9.430450439453125,-3.273498296737671,0.07178724557161331,-0.14000000059604645,-3.2899999618530273,1.4700000286102295,0.5684611021201021,resting,null
23,right,744.5453076923077,1790837967982,9.468737602233887,-3.2567479610443115,0.055036887526512146,-0.14000000059604645,-3.2899999618530273,1.4700000286102295,0.5701739601055287,resting,null
23,left,757.007,1790837968040,-3.4051082134246826,-9.267732620239258,0.2895418703556061,-1.75,-0.7699999809265137,1.2599999904632568,0.09054921535825451,resting,null
23,left,757.0166153846153,1790837968040,-3.4051082134246826,-9.317984580993652,0.339792937040329,-1.75,-0.7699999809265137,1.2599999904632568,0.09165652292633202,resting,null
23,left,757.0262307692307,1790837968040,-3.42903733253479,-9.303627014160156,0.31825676560401917,-1.75,-0.7699999809265137,1.2599999904632568,0.09270698163938884,resting,null
23,left,757.0358461538461,1790837968040,-3.4027152061462402,-9.286876678466797,0.34697166085243225,-1.75,-0.7699999809265137,1.2599999904632568,0.0935275682091655,resting,null
23,left,757.0454615384615,1790837968040,-3.4051082134246826,-9.29644775390625,0.3302213251590729,-1.75,-0.7699999809265137,1.2599999904632568,0.09443690905164426,resting,null
23,left,757.0550769230769,1790837968040,-3.3404996395111084,-9.255768775939941,0.3302213251590729,-1.75,-0.7699999809265137,1.2599999904632568,0.094766011574137,resting,null
23,left,757.0646923076922,1790837968040,-3.4194657802581787,-9.246196746826172,0.30629223585128784,-1.75,-0.7699999809265137,1.2599999904632568,0.09526160443164197,resting,null
23,left,757.0743076923077,1790837968040,-3.42903733253479,-9.28926944732666,0.31586387753486633,-1.75,-0.7699999809265137,1.2599999904632568,0.09618022777028831,resting,null
23,right,744.554,1790837968057,9.456772804260254,-3.2974274158477783,0.04546525329351425,-0.07000000029802322,-3.5,1.2599999904632568,0.57173876483562,resting,null
23,right,744.5636153846153,1790837968057,9.418486595153809,-3.259140729904175,0.06700142472982407,-0.07000000029802322,-3.5,1.2599999904632568,0.573001657933425,resting,null
23,right,744.5732307692307,1790837968057,9.463951110839844,-3.2711052894592285,0.02632198855280876,-0.07000000029802322,-3.5,1.2599999904632568,0.5747127447942483,resting,null
23,right,744.5828461538462,1790837968057,9.411307334899902,-3.2974274158477783,0.06460852175951004,-0.07000000029802322,-3.5,1.2599999904632568,0.5760294974274891,resting,null
23,right,744.5924615384615,1790837968057,9.449594497680664,-3.2782840728759766,0.028714897111058235,-0.07000000029802322,-3.5,1.2599999904632568,0.5776314121624682,resting,null
23,right,744.6020769230769,1790837968057,9.394556999206543,-3.2926416397094727,0.02632198855280876,-0.07000000029802322,-3.5,1.2599999904632568,0.5787784171984212,resting,null
23,right,744.6116923076922,1790837968057,9.418486595153809,-3.316570520401001,0.07657305896282196,-0.07000000029802322,-3.5,1.2599999904632568,0.5802192851445086,resting,null
23,right,744.6213076923077,1790837968057,9.440022468566895,-3.239997625350952,0.06939433515071869,-0.07000000029802322,-3.5,1.2599999904632568,0.5816121704210924,resting,null
23,left,757.087,1790837968116,-3.4457876682281494,-9.308412551879883,0.35893622040748596,-2.0299999713897705,-0.699999988079071,1.399999976158142,0.09771127354923745,resting,null
23,left,757.0966153846153,1790837968116,-3.4386088848114014,-9.284482955932617,0.2943277060985565,-2.0299999713897705,-0.699999988079071,1.399999976158142,0.09861096501793572,resting,null
23,left,757.1062307692307,1790837968116,-3.4194657802581787,-9.298840522766113,0.31586387753486633,-2.0299999713897705,-0.699999988079071,1.399999976158142,0.09958243682940733,resting,null
23,left,757.1158461538462,1790837968116,-3.448180675506592,-9.301233291625977,0.3134709596633911,-2.0299999713897705,-0.699999988079071,1.399999976158142,0.10066983629879406,resting,null
23,left,757.1254615384615,1790837968116,-3.4027152061462402,-9.29644775390625,0.30629223585128784,-2.0299999713897705,-0.699999988079071,1.399999976158142,0.1015601277473787,resting,null
23,left,757.1350769230769,1790837968116,-3.3979294300079346,-9.260554313659668,0.3350071310997009,-2.0299999713897705,-0.699999988079071,1.399999976158142,0.1021194318527814,resting,null
23,left,757.1446923076923,1790837968116,-3.3548572063446045,-9.28926944732666,0.3015064299106598,-2.0299999713897705,-0.699999988079071,1.399999976158142,0.10278493366000252,resting,null
23,left,757.1543076923077,1790837968116,-3.4027152061462402,-9.253376007080078,0.3038993179798126,-2.0299999713897705,-0.699999988079071,1.399999976158142,0.103285335291426,resting,null
23,right,744.631,1790837968133,9.45438003540039,-3.280677080154419,0.021536173298954964,0,-3.1500000953674316,1.0499999523162842,0.5832754224756238,resting,null
23,right,744.6406153846153,1790837968133,9.466344833374023,-3.3285350799560547,0.0909305065870285,0,-3.1500000953674316,1.0499999523162842,0.5851861605080471,resting,null
23,right,744.6502307692307,1790837968133,9.40173625946045,-3.239997625350952,0.0502510704100132,0,-3.1500000953674316,1.0499999523162842,0.5862291506350357,resting,null
23,right,744.6598461538462,1790837968133,9.39216423034668,-3.2352118492126465,0.08853759616613388,0,-3.1500000953674316,1.0499999523162842,0.5871712484092823,resting,null
23,right,744.6694615384615,1790837968133,9.351485252380371,-3.3069989681243896,0.08135887235403061,0,-3.1500000953674316,1.0499999523162842,0.5879701982493976,resting,null
23,right,744.6790769230769,1790837968133,9.40173625946045,-3.309391975402832,0.07896596938371658,0,-3.1500000953674316,1.0499999523162842,0.5892328030467734,resting,null
23,right,744.6886923076922,1790837968133,9.358663558959961,-3.273498296737671,0.11485958844423294,0,-3.1500000953674316,1.0499999523162842,0.5899923821907597,resting,null
23,right,744.6983076923077,1790837968133,9.37541389465332,-3.2304258346557617,0.06939433515071869,0,-3.1500000953674316,1.0499999523162842,0.5907649048569397,resting,null
23,right,744.706,1790837968208,9.396949768066406,-3.2567479610443115,0.07418014854192734,-0.07000000029802322,-3.0799999237060547,0.8400000333786011,0.5916059467057194,resting,null
23,right,744.7156153846154,1790837968208,9.423272132873535,-3.2232472896575928,0.059822700917720795,-0.07000000029802322,-3.0799999237060547,0.8400000333786011,0.5927898345047867,resting,null
23,right,744.7252307692307,1790837968208,9.416092872619629,-3.2376046180725098,0.09332341700792313,-0.07000000029802322,-3.0799999237060547,0.8400000333786011,0.5939551130847783,resting,null
23,right,744.7348461538462,1790837968208,9.370628356933594,-3.2232472896575928,0.11246667802333832,-0.07000000029802322,-3.0799999237060547,0.8400000333786011,0.594663347758575,resting,null
23,right,744.7444615384616,1790837968208,9.344305992126465,-3.211282730102539,0.1005021408200264,-0.07000000029802322,-3.0799999237060547,0.8400000333786011,0.5950939754452248,resting,null
23,right,744.7540769230769,1790837968208,9.358663558959961,-3.2304258346557617,0.1005021408200264,-0.07000000029802322,-3.0799999237060547,0.8400000333786011,0.595714914668706,resting,null
23,right,744.7636923076923,1790837968208,9.389771461486816,-3.218461275100708,0.10289505124092102,-0.07000000029802322,-3.0799999237060547,0.8400000333786011,0.5965810792943788,resting,null
23,right,744.7733076923078,1790837968208,9.420879364013672,-3.1945323944091797,0.14357449114322662,-0.07000000029802322,-3.0799999237060547,0.8400000333786011,0.5976590984438523,resting,null
23,left,757.166,1790837968250,-3.4098939895629883,-9.2725191116333,0.2943277060985565,-2.240000009536743,-0.699999988079071,1.4700000286102295,0.10412886763691484,resting,null
23,left,757.1756153846154,1790837968250,-3.4553592205047607,-9.303627014160156,0.26561281085014343,-2.240000009536743,-0.699999988079071,1.4700000286102295,0.1052459620395701,resting,null
23,left,757.1852307692308,1790837968250,-3.5175747871398926,-9.267732620239258,0.2823631465435028,-2.240000009536743,-0.699999988079071,1.4700000286102295,0.10625204889038403,resting,null
23,left,757.1948461538462,1790837968250,-3.4745025634765625,-9.229446411132812,0.24407662451267242,-2.240000009536743,-0.699999988079071,1.4700000286102295,0.10675943663859622,resting,null
23,left,757.2044615384616,1790837968250,-3.479288339614868,-9.286876678466797,0.2536482512950897,-2.240000009536743,-0.699999988079071,1.4700000286102295,0.10780206494579292,resting,null
23,left,757.214076923077,1790837968250,-3.448180675506592,-9.28926944732666,0.260826975107193,-2.240000009536743,-0.699999988079071,1.4700000286102295,0.10876287921993565,resting,null
23,left,757.2236923076923,1790837968250,-3.443394660949707,-9.231839179992676,0.25843408703804016,-2.240000009536743,-0.699999988079071,1.4700000286102295,0.10918970614989933,resting,null
23,left,757.2333076923078,1790837968250,-3.505610466003418,-9.2725191116333,0.24407662451267242,-2.240000009536743,-0.699999988079071,1.4700000286102295,0.11018852598324125,resting,null
23,left,757.245,1790837968280,-3.464931011199951,-9.215088844299316,0.23689790070056915,-2.450000047683716,-0.6299999952316284,1.2599999904632568,0.11060528782406648,resting,null
23,left,757.2546153846154,1790837968280,-3.443394660949707,-9.265339851379395,0.24407662451267242,-2.450000047683716,-0.6299999952316284,1.2599999904632568,0.11132896696739525,resting,null
23,left,757.2642307692307,1790837968280,-3.4122869968414307,-9.28926944732666,0.24646952748298645,-2.450000047683716,-0.6299999952316284,1.2599999904632568,0.11216416464064609,resting,null
23,left,757.2738461538462,1790837968280,-3.4601449966430664,-9.29644775390625,0.24407662451267242,-2.450000047683716,-0.6299999952316284,1.2599999904632568,0.11322371315577046,resting,null
23,left,757.2834615384616,1790837968280,-3.469716787338257,-9.286876678466797,0.2129688262939453,-2.450000047683716,-0.6299999952316284,1.2599999904632568,0.11422172713431634,resting,null
23,left,757.2930769230769,1790837968280,-3.457752227783203,-9.239018440246582,0.20818300545215607,-2.450000047683716,-0.6299999952316284,1.2599999904632568,0.11474739989477524,resting,null
23,left,757.3026923076923,1790837968280,-3.49843168258667,-9.239018440246582,0.22732627391815186,-2.450000047683716,-0.6299999952316284,1.2599999904632568,0.11541428873674538,resting,null
23,left,757.3123076923077,1790837968280,-3.4673237800598145,-9.250982284545898,0.21775463223457336,-2.450000047683716,-0.6299999952316284,1.2599999904632568,0.11608127758543091,resting,null
23,right,744.782,1790837968282,9.363449096679688,-3.2232472896575928,0.10528795421123505,0.21000000834465027,-2.6600000858306885,0.5600000023841858,0.5982388075855414,resting,null
23,right,744.7916153846154,1790837968282,9.39216423034668,-3.2687125205993652,0.18903973698616028,0.21000000834465027,-2.6600000858306885,0.5600000023841858,0.5992921861432166,resting,null
23,right,744.8012307692308,1790837968282,9.361056327819824,-3.261533737182617,0.14596739411354065,0.21000000834465027,-2.6600000858306885,0.5600000023841858,0.6000357688198752,resting,null
23,right,744.8108461538462,1790837968282,9.37541389465332,-3.2902486324310303,0.14596739411354065,0.21000000834465027,-2.6600000858306885,0.5600000023841858,0.601000285202081,resting,null
23,right,744.8204615384616,1790837968282,9.420879364013672,-3.225640058517456,0.1411815732717514,0.21000000834465027,-2.6600000858306885,0.5600000023841858,0.6021730078334234,resting,null
23,right,744.830076923077,1790837968282,9.425664901733398,-3.2232472896575928,0.1507532149553299,0.21000000834465027,-2.6600000858306885,0.5600000023841858,0.6033827720712017,resting,null
23,right,744.8396923076923,1790837968282,9.377806663513184,-3.2017109394073486,0.16271774470806122,0.21000000834465027,-2.6600000858306885,0.5600000023841858,0.604091641516271,resting,null
23,right,744.8493076923078,1790837968282,9.411307334899902,-3.2687125205993652,0.20339718461036682,0.21000000834465027,-2.6600000858306885,0.5600000023841858,0.6053200365926779,resting,null
23,left,757.324,1790837968355,-3.4745025634765625,-9.27969741821289,0.20818300545215607,-2.6600000858306885,-0.49000000953674316,1.399999976158142,0.11723293343492276,resting,null
23,left,757.3336153846153,1790837968355,-3.4338231086730957,-9.31319808959961,0.2512553632259369,-2.6600000858306885,-0.49000000953674316,1.399999976158142,0.11835277070394613,resting,null
23,left,757.3432307692307,1790837968355,-3.443394660949707,-9.28926944732666,0.2010042816400528,-2.6600000858306885,-0.49000000953674316,1.399999976158142,0.11927930563178803,resting,null
23,left,757.3528461538461,1790837968355,-3.4338231086730957,-9.282090187072754,0.2129688262939453,-2.6600000858306885,-0.49000000953674316,1.399999976158142,0.12011116196071721,resting,null
23,left,757.3624615384615,1790837968355,-3.476895570755005,-9.239018440246582,0.19621846079826355,-2.6600000858306885,-0.49000000953674316,1.399999976158142,0.12069591937456552,resting,null
23,left,757.3720769230769,1790837968355,-3.414679765701294,-9.205517768859863,0.17946811020374298,-2.6600000858306885,-0.49000000953674316,1.399999976158142,0.12076684981666241,resting,null
23,left,757.3816923076922,1790837968355,-3.47210955619812,-9.21987533569336,0.19382555782794952,-2.6600000858306885,-0.49000000953674316,1.399999976158142,0.12116261296133983,resting,null
23,left,757.3913076923077,1790837968355,-3.4936459064483643,-9.243803977966309,0.17707519233226776,-2.6600000858306885,-0.49000000953674316,1.399999976158142,0.12184351605532306,resting,null
23,right,744.858,1790837968372,9.456772804260254,-3.3046059608459473,0.18903973698616028,0.3499999940395355,-2.6600000858306885,0.2800000011920929,0.6069037648602684,resting,null
23,right,744.8676153846153,1790837968372,9.387378692626953,-3.3333208560943604,0.17946811020374298,0.3499999940395355,-2.6600000858306885,0.2800000011920929,0.608114637418436,resting,null
23,right,744.8772307692307,1790837968372,9.404129028320312,-3.287855625152588,0.17946811020374298,0.3499999940395355,-2.6600000858306885,0.2800000011920929,0.6093337379558568,resting,null
23,right,744.8868461538461,1790837968372,9.404129028320312,-3.2830698490142822,0.19861137866973877,0.3499999940395355,-2.6600000858306885,0.2800000011920929,0.6105404080329445,resting,null
23,right,744.8964615384615,1790837968372,9.451987266540527,-3.232818841934204,0.1698964685201645,0.3499999940395355,-2.6600000858306885,0.2800000011920929,0.6120177974695038,resting,null
23,right,744.9060769230769,1790837968372,9.466344833374023,-3.2639267444610596,0.1603248417377472,0.3499999940395355,-2.6600000858306885,0.2800000011920929,0.6137214086410514,resting,null
23,right,744.9156923076922,1790837968372,9.47830867767334,-3.3069989681243896,0.17946811020374298,0.3499999940395355,-2.6600000858306885,0.2800000011920929,0.6156712506951606,resting,null
23,right,744.9253076923077,1790837968372,9.48788070678711,-3.266319513320923,0.15314611792564392,0.3499999940395355,-2.6600000858306885,0.2800000011920929,0.6175751710696264,resting,null
23,left,757.403,1790837968431,-3.500824451446533,-9.188767433166504,0.22971917688846588,-2.870000123977661,-0.49000000953674316,1.4700000286102295,0.12211082522031581,resting,null
23,left,757.4126153846154,1790837968431,-3.484074115753174,-9.21987533569336,0.19382555782794952,-2.870000123977661,-0.49000000953674316,1.4700000286102295,0.12254675470148224,resting,null
23,left,757.4222307692307,1790837968431,-3.469716787338257,-9.224660873413086,0.2010042816400528,-2.870000123977661,-0.49000000953674316,1.4700000286102295,0.12297820646240823,resting,null
23,left,757.4318461538462,1790837968431,-3.512789011001587,-9.21030330657959,0.19621846079826355,-2.870000123977661,-0.49000000953674316,1.4700000286102295,0.1234258750485598,resting,null
23,left,757.4414615384616,1790837968431,-3.4745025634765625,-9.186373710632324,0.18903973698616028,-2.870000123977661,-0.49000000953674316,1.4700000286102295,0.12352656988530447,resting,null
23,left,757.4510769230769,1790837968431,-3.457752227783203,-9.21030330657959,0.20339718461036682,-2.870000123977661,-0.49000000953674316,1.4700000286102295,0.12378828137867999,resting,null
23,left,757.4606923076923,1790837968431,-3.5175747871398926,-9.169623374938965,0.18425391614437103,-2.870000123977661,-0.49000000953674316,1.4700000286102295,0.12388418044595789,resting,null
23,left,757.4703076923078,1790837968431,-3.5295393466949463,-9.198338508605957,0.22971917688846588,-2.870000123977661,-0.49000000953674316,1.4700000286102295,0.12428761601794586,resting,null
23,right,744.934,1790837968433,9.466344833374023,-3.2639267444610596,0.2105759084224701,0.2800000011920929,-2.5199999809265137,-0.07000000029802322,0.6191198743757204,resting,null
23,right,744.9436153846153,1790837968433,9.4950590133667,-3.2423903942108154,0.18664683401584625,0.2800000011920929,-2.5199999809265137,-0.07000000029802322,0.6210179339976133,resting,null
23,right,744.9532307692307,1790837968433,9.490273475646973,-3.239997625350952,0.16511066257953644,0.2800000011920929,-2.5199999809265137,-0.07000000029802322,0.6228608391484707,resting,null
23,right,744.9628461538462,1790837968433,9.499845504760742,-3.280677080154419,0.1603248417377472,0.2800000011920929,-2.5199999809265137,-0.07000000029802322,0.6249159289324441,resting,null
23,right,744.9724615384615,1790837968433,9.48788070678711,-3.2998201847076416,0.17468228936195374,0.2800000011920929,-2.5199999809265137,-0.07000000029802322,0.6269237297761024,resting,null
23,right,744.9820769230769,1790837968433,9.504631042480469,-3.2687125205993652,0.181861013174057,0.2800000011920929,-2.5199999809265137,-0.07000000029802322,0.628986460804495,resting,null
23,right,744.9916923076922,1790837968433,9.463951110839844,-3.259140729904175,0.17707519233226776,0.2800000011920929,-2.5199999809265137,-0.07000000029802322,0.6306479042177385,resting,null
23,right,745.0013076923077,1790837968433,9.47113037109375,-3.2208542823791504,0.2010042816400528,0.2800000011920929,-2.5199999809265137,-0.07000000029802322,0.6322586350407986,resting,null
23,left,757.483,1790837968520,-3.5223608016967773,-9.179195404052734,0.16750356554985046,-2.870000123977661,-0.49000000953674316,1.3300000429153442,0.12454605263913078,resting,null
23,left,757.4926153846153,1790837968520,-3.49843168258667,-9.136122703552246,0.2010042816400528,-2.870000123977661,-0.49000000953674316,1.3300000429153442,0.12427884065213499,resting,null
23,left,757.5022307692307,1790837968520,-3.527146577835083,-9.164837837219238,0.17707519233226776,-2.870000123977661,-0.49000000953674316,1.3300000429153442,0.12436400791499456,resting,null
23,left,757.5118461538461,1790837968520,-3.464931011199951,-9.133729934692383,0.2321120798587799,-2.870000123977661,-0.49000000953674316,1.3300000429153442,0.12396523953114445,resting,null
23,left,757.5214615384615,1790837968520,-3.491252899169922,-9.12415885925293,0.17946811020374298,-2.870000123977661,-0.49000000953674316,1.3300000429153442,0.12356247745546986,resting,null
23,left,757.5310769230769,1790837968520,-3.448180675506592,-9.076300621032715,0.18664683401584625,-2.870000123977661,-0.49000000953674316,1.3300000429153442,0.12258397888876708,resting,null
23,left,757.5406923076922,1790837968520,-3.457752227783203,-9.090658187866211,0.16750356554985046,-2.870000123977661,-0.49000000953674316,1.3300000429153442,0.1217643112022269,resting,null
23,left,757.5503076923077,1790837968520,-3.450573444366455,-9.128944396972656,0.1914326548576355,-2.870000123977661,-0.49000000953674316,1.3300000429153442,0.12126849986699531,resting,null
23,right,745.009,1790837968522,9.497451782226562,-3.218461275100708,0.1698964685201645,0.21000000834465027,-2.450000047683716,-0.3499999940395355,0.6337281745642152,resting,null
23,right,745.0186153846154,1790837968522,9.48788070678711,-3.2280330657958984,0.1722893863916397,0.21000000834465027,-2.450000047683716,-0.3499999940395355,0.6355072146850458,resting,null
23,right,745.0282307692307,1790837968522,9.473523139953613,-3.247176170349121,0.18425391614437103,0.21000000834465027,-2.450000047683716,-0.3499999940395355,0.637216141094576,resting,null
23,right,745.0378461538462,1790837968522,9.456772804260254,-3.225640058517456,0.19861137866973877,0.21000000834465027,-2.450000047683716,-0.3499999940395355,0.6387077156465729,resting,null
23,right,745.0474615384616,1790837968522,9.423272132873535,-3.239997625350952,0.16511066257953644,0.21000000834465027,-2.450000047683716,-0.3499999940395355,0.6399329654616304,resting,null
23,right,745.0570769230769,1790837968522,9.435236930847168,-3.239997625350952,0.16750356554985046,0.21000000834465027,-2.450000047683716,-0.3499999940395355,0.6412667563511876,resting,null
23,right,745.0666923076923,1790837968522,9.39934253692627,-3.225640058517456,0.20818300545215607,0.21000000834465027,-2.450000047683716,-0.3499999940395355,0.6422356855882126,resting,null
23,right,745.0763076923078,1790837968522,9.456772804260254,-3.266319513320923,0.18425391614437103,0.21000000834465027,-2.450000047683716,-0.3499999940395355,0.6438492837868509,resting,null
23,left,757.562,1790837968595,-3.4266443252563477,-9.133729934692383,0.13878867030143738,-2.6600000858306885,-0.42000001668930054,1.3300000429153442,0.12060917791065265,resting,null
23,left,757.5716153846154,1790837968595,-3.42903733253479,-9.126551628112793,0.181861013174057,-2.6600000858306885,-0.42000001668930054,1.3300000429153442,0.12001767936967712,resting,null
23,left,757.5812307692307,1790837968595,-3.519967794418335,-9.152873039245605,0.20339718461036682,-2.6600000858306885,-0.42000001668930054,1.3300000429153442,0.11997613006547989,resting,null
23,left,757.5908461538462,1790837968595,-3.457752227783203,-9.128944396972656,0.19382555782794952,-2.6600000858306885,-0.42000001668930054,1.3300000429153442,0.11950620891919857,resting,null
23,left,757.6004615384616,1790837968595,-3.505610466003418,-9.136122703552246,0.14836029708385468,-2.6600000858306885,-0.42000001668930054,1.3300000429153442,0.11925695059574355,resting,null
23,left,757.6100769230769,1790837968595,-3.5367181301116943,-9.174409866333008,0.13878867030143738,-2.6600000858306885,-0.42000001668930054,1.3300000429153442,0.11945722980635826,resting,null
23,left,757.6196923076923,1790837968595,-3.464931011199951,-9.183980941772461,0.1603248417377472,-2.6600000858306885,-0.42000001668930054,1.3300000429153442,0.11950041693666544,resting,null
23,left,757.6293076923077,1790837968595,-3.4888598918914795,-9.172017097473145,0.15793193876743317,-2.6600000858306885,-0.42000001668930054,1.3300000429153442,0.1195177239676426,resting,null
23,right,745.086,1790837968597,9.442415237426758,-3.2998201847076416,0.2105759084224701,0.3499999940395355,-2.5899999141693115,-0.42000001668930054,0.6454546091641062,resting,null
23,right,745.0956153846154,1790837968597,9.430450439453125,-3.3069989681243896,0.19621846079826355,0.3499999940395355,-2.5899999141693115,-0.42000001668930054,0.6469582671117493,resting,null
23,right,745.1052307692307,1790837968597,9.444808006286621,-3.247176170349121,0.21536172926425934,0.3499999940395355,-2.5899999141693115,-0.42000001668930054,0.6484063258821409,resting,null
23,right,745.1148461538462,1790837968597,9.468737602233887,-3.244783401489258,0.22014755010604858,0.3499999940395355,-2.5899999141693115,-0.42000001668930054,0.6500648352542705,resting,null
23,right,745.1244615384616,1790837968597,9.440022468566895,-3.2232472896575928,0.20339718461036682,0.3499999940395355,-2.5899999141693115,-0.42000001668930054,0.6513914575991897,resting,null
23,right,745.1340769230769,1790837968597,9.437629699707031,-3.2495691776275635,0.17707519233226776,0.3499999940395355,-2.5899999141693115,-0.42000001668930054,0.6527730236634496,resting,null
23,right,745.1436923076923,1790837968597,9.483095169067383,-3.2902486324310303,0.19621846079826355,0.3499999940395355,-2.5899999141693115,-0.42000001668930054,0.6546978414734782,resting,null
23,right,745.1533076923077,1790837968597,9.518988609313965,-3.2782840728759766,0.16511066257953644,0.3499999940395355,-2.5899999141693115,-0.42000001668930054,0.6569049072013569,resting,null
23,right,745.162,1790837968658,9.480701446533203,-3.2926416397094727,0.2010042816400528,0.14000000059604645,-2.450000047683716,-0.699999988079071,0.6586309762338367,resting,null
23,right,745.1716153846154,1790837968658,9.475915908813477,-3.266319513320923,0.20339718461036682,0.14000000059604645,-2.450000047683716,-0.699999988079071,0.6604139921740446,resting,null
23,right,745.1812307692308,1790837968658,9.523774147033691,-3.266319513320923,0.2416837215423584,0.14000000059604645,-2.450000047683716,-0.699999988079071,0.6626382397670284,resting,null
23,right,745.1908461538462,1790837968658,9.552489280700684,-3.2711052894592285,0.23929080367088318,0.14000000059604645,-2.450000047683716,-0.699999988079071,0.6651372564126428,resting,null
23,right,745.2004615384616,1790837968658,9.499845504760742,-3.2711052894592285,0.25843408703804016,0.14000000059604645,-2.450000047683716,-0.699999988079071,0.6671608933803416,resting,null
23,right,745.2100769230769,1790837968658,9.499845504760742,-3.2280330657958984,0.22971917688846588,0.14000000059604645,-2.450000047683716,-0.699999988079071,0.6690436347324449,resting,null
23,right,745.2196923076923,1790837968658,9.535738945007324,-3.254354953765869,0.2321120798587799,0.14000000059604645,-2.450000047683716,-0.699999988079071,0.6713341897996637,resting,null
23,right,745.2293076923078,1790837968658,9.530953407287598,-3.261533737182617,0.22732627391815186,0.14000000059604645,-2.450000047683716,-0.699999988079071,0.6736013536633915,resting,null
23,left,757.641,1790837968670,-3.4529664516448975,-9.145694732666016,0.1722893863916397,-2.5899999141693115,-0.49000000953674316,1.190000057220459,0.11910529594974617,resting,null
23,left,757.6506153846153,1790837968670,-3.479288339614868,-9.176802635192871,0.12443122267723083,-2.5899999141693115,-0.49000000953674316,1.190000057220459,0.11912823617015957,resting,null
23,left,757.6602307692307,1790837968670,-3.479288339614868,-9.140909194946289,0.12682412564754486,-2.5899999141693115,-0.49000000953674316,1.190000057220459,0.11882925298754468,resting,null
23,left,757.6698461538462,1790837968670,-3.49843168258667,-9.174409866333008,0.20579010248184204,-2.5899999141693115,-0.49000000953674316,1.190000057220459,0.11890758765447236,resting,null
23,left,757.6794615384615,1790837968670,-3.5223608016967773,-9.21748161315918,0.1722893863916397,-2.5899999141693115,-0.49000000953674316,1.190000057220459,0.11945017397002798,resting,null
23,left,757.6890769230769,1790837968670,-3.479288339614868,-9.162445068359375,0.08853759616613388,-2.5899999141693115,-0.49000000953674316,1.190000057220459,0.11933938007246217,resting,null
23,left,757.6986923076922,1790837968670,-3.479288339614868,-9.167230606079102,0.12921704351902008,-2.5899999141693115,-0.49000000953674316,1.190000057220459,0.1192770496653774,resting,null
23,left,757.7083076923077,1790837968670,-3.4457876682281494,-9.136122703552246,0.11246667802333832,-2.5899999141693115,-0.49000000953674316,1.190000057220459,0.11881921202522412,resting,null
23,right,745.238,1790837968733,9.530953407287598,-3.2830698490142822,0.2416837215423584,0,-2.940000057220459,-0.8400000333786011,0.6757135969077538,resting,null
23,right,745.2476153846154,1790837968733,9.530953407287598,-3.280677080154419,0.25843408703804016,0,-2.940000057220459,-0.8400000333786011,0.6780454203846142,resting,null
23,right,745.2572307692308,1790837968733,9.535738945007324,-3.266319513320923,0.2823631465435028,0,-2.940000057220459,-0.8400000333786011,0.6803805679355276,resting,null
23,right,745.2668461538462,1790837968733,9.533346176147461,-3.261533737182617,0.23929080367088318,0,-2.940000057220459,-0.8400000333786011,0.6826678124391361,resting,null
23,right,745.2764615384616,1790837968733,9.449594497680664,-3.2567479610443115,0.2512553632259369,0,-2.940000057220459,-0.8400000333786011,0.6841805828913641,resting,null
23,right,745.286076923077,1790837968733,9.47113037109375,-3.275891065597534,0.2895418703556061,0,-2.940000057220459,-0.8400000333786011,0.6859572020860608,resting,null
23,right,745.2956923076923,1790837968733,9.516595840454102,-3.2830698490142822,0.2105759084224701,0,-2.940000057220459,-0.8400000333786011,0.6881504654129141,resting,null
23,right,745.3053076923078,1790837968733,9.466344833374023,-3.2926416397094727,0.24407662451267242,0,-2.940000057220459,-0.8400000333786011,0.689923722347837,resting,null
23,left,757.72,1790837968805,-3.4936459064483643,-9.11458683013916,0.12443122267723083,-2.380000114440918,-0.42000001668930054,1.2599999904632568,0.11822773764167231,resting,null
23,left,757.7296153846154,1790837968805,-3.469716787338257,-9.090658187866211,0.13400284945964813,-2.380000114440918,-0.42000001668930054,1.2599999904632568,0.11744606615521737,resting,null
23,left,757.7392307692307,1790837968805,-3.4936459064483643,-9.078693389892578,0.11246667802333832,-2.380000114440918,-0.42000001668930054,1.2599999904632568,0.1166370988560988,resting,null
23,left,757.7488461538462,1790837968805,-3.42903733253479,-9.102622032165527,0.12203831225633621,-2.380000114440918,-0.42000001668930054,1.2599999904632568,0.11582264182114392,resting,null
23,left,757.7584615384616,1790837968805,-3.4194657802581787,-9.081086158752441,0.15553902089595795,-2.380000114440918,-0.42000001668930054,1.2599999904632568,0.11478678838094124,resting,null
23,left,757.7680769230769,1790837968805,-3.42903733253479,-9.059550285339355,0.17468228936195374,-2.380000114440918,-0.42000001668930054,1.2599999904632568,0.11359353736208047,resting,null
23,left,757.7776923076923,1790837968805,-3.4601449966430664,-9.03562068939209,0.09332341700792313,-2.380000114440918,-0.42000001668930054,1.2599999904632568,0.11228242776698304,resting,null
23,left,757.7873076923078,1790837968805,-3.4338231086730957,-9.047585487365723,0.15793193876743317,-2.380000114440918,-0.42000001668930054,1.2599999904632568,0.11099686279242658,resting,null
23,right,745.313,1790837968822,9.499845504760742,-3.254354953765869,0.28714898228645325,-0.21000000834465027,-3.0799999237060547,-1.0499999523162842,0.6914970621930634,resting,null
23,right,745.3226153846153,1790837968822,9.542917251586914,-3.2567479610443115,0.21775463223457336,-0.21000000834465027,-3.0799999237060547,-1.0499999523162842,0.6938463238442732,resting,null
23,right,745.3322307692307,1790837968822,9.55009651184082,-3.2902486324310303,0.23450499773025513,-0.21000000834465027,-3.0799999237060547,-1.0499999523162842,0.6963678356317871,resting,null
23,right,745.3418461538462,1790837968822,9.56684684753418,-3.232818841934204,0.21775463223457336,-0.21000000834465027,-3.0799999237060547,-1.0499999523162842,0.6988580217647982,resting,null
23,right,745.3514615384615,1790837968822,9.576417922973633,-3.2998201847076416,0.22971917688846588,-0.21000000834465027,-3.0799999237060547,-1.0499999523162842,0.7016450953612718,resting,null
23,right,745.3610769230769,1790837968822,9.569239616394043,-3.2854628562927246,0.2010042816400528,-0.21000000834465027,-3.0799999237060547,-1.0499999523162842,0.7043149207614061,resting,null
23,right,745.3706923076923,1790837968822,9.590775489807129,-3.2854628562927246,0.22971917688846588,-0.21000000834465027,-3.0799999237060547,-1.0499999523162842,0.7071849254850519,resting,null
23,right,745.3803076923077,1790837968822,9.542917251586914,-3.2495691776275635,0.1914326548576355,-0.21000000834465027,-3.0799999237060547,-1.0499999523162842,0.7094993626094166,resting,null
23,left,757.799,1790837968835,-3.4529664516448975,-9.12415885925293,0.1411815732717514,-1.9600000381469727,-0.5600000023841858,1.3300000429153442,0.11034817243104748,resting,null
23,left,757.8086153846153,1790837968835,-3.476895570755005,-9.128944396972656,0.1316099464893341,-1.9600000381469727,-0.5600000023841858,1.3300000429153442,0.10993833325156065,resting,null
23,left,757.8182307692307,1790837968835,-3.464931011199951,-9.150480270385742,0.181861013174057,-1.9600000381469727,-0.5600000023841858,1.3300000429153442,0.10968791320924258,resting,null
23,left,757.8278461538462,1790837968835,-3.457752227783203,-9.126551628112793,0.16511066257953644,-1.9600000381469727,-0.5600000023841858,1.3300000429153442,0.10919624054035917,resting,null
23,left,757.8374615384615,1790837968835,-3.4386088848114014,-9.160052299499512,0.13639576733112335,-1.9600000381469727,-0.5600000023841858,1.3300000429153442,0.1089366965235401,resting,null
23,left,757.8470769230769,1790837968835,-3.484074115753174,-9.169623374938965,0.13878867030143738,-1.9600000381469727,-0.5600000023841858,1.3300000429153442,0.108918386754497,resting,null
23,left,757.8566923076922,1790837968835,-3.5080032348632812,-9.176802635192871,0.17946811020374298,-1.9600000381469727,-0.5600000023841858,1.3300000429153442,0.10905226236726108,resting,null
23,left,757.8663076923077,1790837968835,-3.4888598918914795,-9.152873039245605,0.1698964685201645,-1.9600000381469727,-0.5600000023841858,1.3300000429153442,0.10890447580315257,resting,null
23,right,745.389,1790837968897,9.581204414367676,-3.2232472896575928,0.2536482512950897,-0.3499999940395355,-3.3600001335144043,-1.4700000286102295,0.7118427109017497,resting,null
23,right,745.3986153846154,1790837968897,9.583597183227539,-3.2232472896575928,0.21775463223457336,-0.3499999940395355,-3.3600001335144043,-1.4700000286102295,0.7144490279823441,resting,null
23,right,745.4082307692307,1790837968897,9.57402515411377,-3.2136754989624023,0.20818300545215607,-0.3499999940395355,-3.3600001335144043,-1.4700000286102295,0.7169358698315239,resting,null
23,right,745.4178461538462,1790837968897,9.55727481842041,-3.2232472896575928,0.20339718461036682,-0.3499999940395355,-3.3600001335144043,-1.4700000286102295,0.7192973654781318,resting,null
23,right,745.4274615384616,1790837968897,9.562060356140137,-3.2280330657958984,0.20339718461036682,-0.3499999940395355,-3.3600001335144043,-1.4700000286102295,0.7217160058360379,resting,null
23,right,745.4370769230769,1790837968897,9.538131713867188,-3.2232472896575928,0.19861137866973877,-0.3499999940395355,-3.3600001335144043,-1.4700000286102295,0.7238999711810672,resting,null
23,right,745.4466923076923,1790837968897,9.523774147033691,-3.211282730102539,0.22971917688846588,-0.3499999940395355,-3.3600001335144043,-1.4700000286102295,0.7259212769091644,resting,null
23,right,745.4563076923077,1790837968897,9.440022468566895,-3.1706032752990723,0.22014755010604858,-0.3499999940395355,-3.3600001335144043,-1.4700000286102295,0.7270525565013765,resting,null
23,left,757.879,1790837968910,-3.5103962421417236,-9.174409866333008,0.15793193876743317,-1.75,-0.6299999952316284,1.3300000429153442,0.10905953388891963,resting,null
23,left,757.8886153846154,1790837968910,-3.457752227783203,-9.112194061279297,0.17707519233226776,-1.75,-0.6299999952316284,1.3300000429153442,0.10844088779482161,resting,null
23,left,757.8982307692307,1790837968910,-3.436216115951538,-9.138516426086426,0.17946811020374298,-1.75,-0.6299999952316284,1.3300000429153442,0.10798592532222134,resting,null
23,left,757.9078461538462,1790837968910,-3.4457876682281494,-9.136122703552246,0.18664683401584625,-1.75,-0.6299999952316284,1.3300000429153442,0.10754408813018036,resting,null
23,left,757.9174615384616,1790837968910,-3.42903733253479,-9.102622032165527,0.16271774470806122,-1.75,-0.6299999952316284,1.3300000429153442,0.10674064738120172,resting,null
23,left,757.9270769230769,1790837968910,-3.457752227783203,-9.0978364944458,0.15793193876743317,-1.75,-0.6299999952316284,1.3300000429153442,0.10599154192705428,resting,null
23,left,757.9366923076923,1790837968910,-3.4960386753082275,-9.05237102508545,0.1603248417377472,-1.75,-0.6299999952316284,1.3300000429153442,0.10496639426569288,resting,null
23,left,757.9463076923078,1790837968910,-3.4960386753082275,-9.116979598999023,0.13400284945964813,-1.75,-0.6299999952316284,1.3300000429153442,0.10451776704205268,resting,null
23,right,745.466,1790837968973,9.46155834197998,-3.1299238204956055,0.22971917688846588,-0.42000001668930054,-3.8499999046325684,-1.75,0.7282670603240858,resting,null
23,right,745.4756153846154,1790837968973,9.502238273620605,-3.1227450370788574,0.21775463223457336,-0.42000001668930054,-3.8499999046325684,-1.75,0.7298186426635617,resting,null
23,right,745.4852307692307,1790837968973,9.552489280700684,-3.134709596633911,0.24646952748298645,-0.42000001668930054,-3.8499999046325684,-1.75,0.7318701067452689,resting,null
23,right,745.4948461538462,1790837968973,9.502238273620605,-3.1299238204956055,0.20579010248184204,-0.42000001668930054,-3.8499999046325684,-1.75,0.7334395697964051,resting,null
23,right,745.5044615384616,1790837968973,9.526166915893555,-3.163424491882324,0.2105759084224701,-0.42000001668930054,-3.8499999046325684,-1.75,0.7353284171585965,resting,null
23,right,745.5140769230769,1790837968973,9.516595840454102,-3.2064969539642334,0.24886244535446167,-0.42000001668930054,-3.8499999046325684,-1.75,0.7372666680817868,resting,null
23,right,745.5236923076923,1790837968973,9.554882049560547,-3.16821026802063,0.23929080367088318,-0.42000001668930054,-3.8499999046325684,-1.75,0.7394360273067822,resting,null
23,right,745.5333076923077,1790837968973,9.507023811340332,-3.16821026802063,0.27757734060287476,-0.42000001668930054,-3.8499999046325684,-1.75,0.7411758889751551,resting,null
23,left,757.959,1790837969046,-3.5032174587249756,-9.109801292419434,0.15553902089595795,-1.3300000429153442,-0.7699999809265137,1.399999976158142,0.10387766635879461,resting,null
23,left,757.9686153846153,1790837969046,-3.4745025634765625,-9.121766090393066,0.11007377505302429,-1.3300000429153442,-0.7699999809265137,1.399999976158142,0.10339493806886735,resting,null
23,left,757.9782307692307,1790837969046,-3.47210955619812,-9.121766090393066,0.12203831225633621,-1.3300000429153442,-0.7699999809265137,1.399999976158142,0.10290627667335787,resting,null
23,left,757.9878461538461,1790837969046,-3.4745025634765625,-9.093050956726074,0.09332341700792313,-1.3300000429153442,-0.7699999809265137,1.399999976158142,0.10216509348614015,resting,null
23,left,757.9974615384615,1790837969046,-3.4601449966430664,-9.126551628112793,0.13400284945964813,-1.3300000429153442,-0.7699999809265137,1.399999976158142,0.10168064781451416,resting,null
23,left,758.0070769230769,1790837969046,-3.534325361251831,-9.188767433166504,0.09332341700792313,-1.3300000429153442,-0.7699999809265137,1.399999976158142,0.10200476043124432,resting,null
23,left,758.0166923076922,1790837969046,-3.5175747871398926,-9.143301963806152,0.11964540183544159,-1.3300000429153442,-0.7699999809265137,1.399999976158142,0.10186612800559952,resting,null
23,left,758.0263076923077,1790837969046,-3.5367181301116943,-9.164837837219238,0.12921704351902008,-1.3300000429153442,-0.7699999809265137,1.399999976158142,0.10198799231220693,resting,null
23,right,745.541,1790837969047,9.547703742980957,-3.1251380443573,0.25604116916656494,-0.3499999940395355,-3.8499999046325684,-1.8899999856948853,0.7427568839259414,resting,null
23,right,745.5506153846154,1790837969047,9.528559684753418,-3.1490671634674072,0.23689790070056915,-0.3499999940395355,-3.8499999046325684,-1.8899999856948853,0.7446255458916002,resting,null
23,right,745.5602307692308,1790837969047,9.552489280700684,-3.1729960441589355,0.2512553632259369,-0.3499999940395355,-3.8499999046325684,-1.8899999856948853,0.7467870359442177,resting,null
23,right,745.5698461538462,1790837969047,9.569239616394043,-3.1658174991607666,0.2632198929786682,-0.3499999940395355,-3.8499999046325684,-1.8899999856948853,0.749081468653963,resting,null
23,right,745.5794615384616,1790837969047,9.547703742980957,-3.141888380050659,0.27757734060287476,-0.3499999940395355,-3.8499999046325684,-1.8899999856948853,0.7511097807822963,resting,null
23,right,745.589076923077,1790837969047,9.554882049560547,-3.1658174991607666,0.23450499773025513,-0.3499999940395355,-3.8499999046325684,-1.8899999856948853,0.7532645794906693,resting,null
23,right,745.5986923076923,1790837969047,9.562060356140137,-3.1371026039123535,0.25843408703804016,-0.3499999940395355,-3.8499999046325684,-1.8899999856948853,0.7554028298951602,resting,null
23,right,745.6083076923078,1790837969047,9.56684684753418,-3.1801748275756836,0.2416837215423584,-0.3499999940395355,-3.8499999046325684,-1.8899999856948853,0.7577096561782903,resting,null
23,left,758.038,1790837969075,-3.5103962421417236,-9.229446411132812,0.11246667802333832,-1.190000057220459,-0.8400000333786011,1.3300000429153442,0.10272799298064196,resting,null
23,left,758.0476153846154,1790837969075,-3.512789011001587,-9.19355297088623,0.10768086463212967,-1.190000057220459,-0.8400000333786011,1.3300000429153442,0.10302211799085347,resting,null
23,left,758.0572307692307,1790837969075,-3.5582542419433594,-9.241411209106445,0.12203831225633621,-1.190000057220459,-0.8400000333786011,1.3300000429153442,0.10390359537724546,resting,null
23,left,758.0668461538462,1790837969075,-3.4936459064483643,-9.22705364227295,0.10528795421123505,-1.190000057220459,-0.8400000333786011,1.3300000429153442,0.10443179890517049,resting,null
23,left,758.0764615384616,1790837969075,-3.5103962421417236,-9.212696075439453,0.11246667802333832,-1.190000057220459,-0.8400000333786011,1.3300000429153442,0.10488931532812912,resting,null
23,left,758.0860769230769,1790837969075,-3.479288339614868,-9.229446411132812,0.12921704351902008,-1.190000057220459,-0.8400000333786011,1.3300000429153442,0.10539290165500435,resting,null
23,left,758.0956923076923,1790837969075,-3.505610466003418,-9.246196746826172,0.1507532149553299,-1.190000057220459,-0.8400000333786011,1.3300000429153442,0.10613925404057827,resting,null
23,left,758.1053076923077,1790837969075,-3.527146577835083,-9.176802635192871,0.12203831225633621,-1.190000057220459,-0.8400000333786011,1.3300000429153442,0.10633220320611766,resting,null
23,right,745.617,1790837969123,9.612311363220215,-3.196925163269043,0.2536482512950897,-0.49000000953674316,-3.990000009536743,-2.1700000762939453,0.7602172909976893,resting,null
23,right,745.6266153846153,1790837969123,9.54052448272705,-3.182567834854126,0.2321120798587799,-0.49000000953674316,-3.990000009536743,-2.1700000762939453,0.7622870432295317,resting,null
23,right,745.6362307692307,1790837969123,9.583597183227539,-3.1514599323272705,0.22732627391815186,-0.49000000953674316,-3.990000009536743,-2.1700000762939453,0.764653538620425,resting,null
23,right,745.6458461538462,1790837969123,9.54052448272705,-3.0461719036102295,0.25843408703804016,-0.49000000953674316,-3.990000009536743,-2.1700000762939453,0.7663167891081695,resting,null
23,right,745.6554615384615,1790837969123,9.504631042480469,-3.062922477722168,0.2010042816400528,-0.49000000953674316,-3.990000009536743,-2.1700000762939453,0.767690725039344,resting,null
23,right,745.6650769230769,1790837969123,9.55009651184082,-3.0605294704437256,0.24646952748298645,-0.49000000953674316,-3.990000009536743,-2.1700000762939453,0.769482020179878,resting,null
23,right,745.6746923076922,1790837969123,9.47830867767334,-3.0318145751953125,0.22971917688846588,-0.49000000953674316,-3.990000009536743,-2.1700000762939453,0.7705283827916163,resting,null
23,right,745.6843076923077,1790837969123,9.485487937927246,-3.0318145751953125,0.21775463223457336,-0.49000000953674316,-3.990000009536743,-2.1700000762939453,0.7716376901141923,resting,null
23,left,758.117,1790837969151,-3.534325361251831,-9.136122703552246,0.1005021408200264,-1.3300000429153442,-0.8400000333786011,1.399999976158142,0.1061504133138113,resting,null
23,left,758.1266153846153,1790837969151,-3.563040256500244,-9.160052299499512,0.14357449114322662,-1.3300000429153442,-0.8400000333786011,1.399999976158142,0.10632009181072426,resting,null
23,left,758.1362307692307,1790837969151,-3.5534684658050537,-9.155266761779785,0.12921704351902008,-1.3300000429153442,-0.8400000333786011,1.399999976158142,0.10641213736089074,resting,null
23,left,758.1458461538462,1790837969151,-3.570218801498413,-9.140909194946289,0.16511066257953644,-1.3300000429153442,-0.8400000333786011,1.399999976158142,0.10643871196664983,resting,null
23,left,758.1554615384615,1790837969151,-3.5367181301116943,-9.102622032165527,0.11246667802333832,-1.3300000429153442,-0.8400000333786011,1.399999976158142,0.1059987795722807,resting,null
23,left,758.1650769230769,1790837969151,-3.5223608016967773,-9.083478927612305,0.11007377505302429,-1.3300000429153442,-0.8400000333786011,1.399999976158142,0.10533742340387033,resting,null
23,left,758.1746923076922,1790837969151,-3.548682689666748,-9.12415885925293,0.1603248417377472,-1.3300000429153442,-0.8400000333786011,1.399999976158142,0.10513832697004662,resting,null
23,left,758.1843076923077,1790837969151,-3.5726118087768555,-9.172017097473145,0.10768086463212967,-1.3300000429153442,-0.8400000333786011,1.399999976158142,0.10544514787317498,resting,null
23,right,745.693,1790837969198,9.459165573120117,-3.036600351333618,0.2919347882270813,-0.42000001668930054,-4.059999942779541,-2.309999942779541,0.7724489197326755,resting,null
23,right,745.7026153846153,1790837969198,9.437629699707031,-3.0653152465820312,0.2919347882270813,-0.42000001668930054,-4.059999942779541,-2.309999942779541,0.7732332883811601,resting,null
23,right,745.7122307692307,1790837969198,9.432844161987305,-3.0174570083618164,0.22732627391815186,-0.42000001668930054,-4.059999942779541,-2.309999942779541,0.7738195748224665,resting,null
23,right,745.7218461538462,1790837969198,9.499845504760742,-3.105994701385498,0.24407662451267242,-0.42000001668930054,-4.059999942779541,-2.309999942779541,0.7752821680287235,resting,null
23,right,745.7314615384615,1790837969198,9.490273475646973,-3.077279806137085,0.284756064414978,-0.42000001668930054,-4.059999942779541,-2.309999942779541,0.7765814082791905,resting,null
23,right,745.7410769230769,1790837969198,9.425664901733398,-3.1083877086639404,0.25604116916656494,-0.42000001668930054,-4.059999942779541,-2.309999942779541,0.7773748969289238,resting,null
23,right,745.7506923076922,1790837969198,9.451987266540527,-3.0653152465820312,0.26800569891929626,-0.42000001668930054,-4.059999942779541,-2.309999942779541,0.7782844455550992,resting,null
23,right,745.7603076923077,1790837969198,9.428057670593262,-3.0126712322235107,0.22732627391815186,-0.42000001668930054,-4.059999942779541,-2.309999942779541,0.77881046394079,resting,null
23,left,758.196,1790837969226,-3.5391111373901367,-9.174409866333008,0.10289505124092102,-1.1200000047683716,-0.9100000262260437,1.399999976158142,0.10570190096415041,resting,null
23,left,758.2056153846154,1790837969226,-3.5438969135284424,-9.179195404052734,0.11246667802333832,-1.1200000047683716,-0.9100000262260437,1.399999976158142,0.1059735093184871,resting,null
23,left,758.2152307692307,1790837969226,-3.527146577835083,-9.145694732666016,0.13878867030143738,-1.1200000047683716,-0.9100000262260437,1.399999976158142,0.10588980134947291,resting,null
23,left,758.2248461538462,1790837969226,-3.5319323539733887,-9.155266761779785,0.16750356554985046,-1.1200000047683716,-0.9100000262260437,1.399999976158142,0.1059124419095692,resting,null
23,left,758.2344615384616,1790837969226,-3.4936459064483643,-9.126551628112793,0.1603248417377472,-1.1200000047683716,-0.9100000262260437,1.399999976158142,0.1055445385728382,resting,null
23,left,758.2440769230769,1790837969226,-3.5510756969451904,-9.140909194946289,0.13400284945964813,-1.1200000047683716,-0.9100000262260437,1.399999976158142,0.10550058446219032,resting,null
23,left,758.2536923076923,1790837969226,-3.577397584915161,-9.155266761779785,0.1411815732717514,-1.1200000047683716,-0.9100000262260437,1.399999976158142,0.1056780241391208,resting,null
23,left,758.2633076923078,1790837969226,-3.584576368331909,-9.20073127746582,0.14596739411354065,-1.1200000047683716,-0.9100000262260437,1.399999976158142,0.10628816187841779,resting,null
23,right,745.769,1790837969273,9.404129028320312,-3.036600351333618,0.2321120798587799,-0.3499999940395355,-3.8499999046325684,-2.309999942779541,0.7791523920243385,resting,null
23,right,745.7786153846154,1790837969273,9.435236930847168,-3.015064239501953,0.2105759084224701,-0.3499999940395355,-3.8499999046325684,-2.309999942779541,0.7797471759320361,resting,null
23,right,745.7882307692307,1790837969273,9.47113037109375,-3.0318145751953125,0.25843408703804016,-0.3499999940395355,-3.8499999046325684,-2.309999942779541,0.7807291935100559,resting,null
23,right,745.7978461538462,1790837969273,9.507023811340332,-3.019850015640259,0.21775463223457336,-0.3499999940395355,-3.8499999046325684,-2.309999942779541,0.7819958482841175,resting,null
23,right,745.8074615384616,1790837969273,9.569239616394043,-2.971991777420044,0.22971917688846588,-0.3499999940395355,-3.8499999046325684,-2.309999942779541,0.783696230929577,resting,null
23,right,745.8170769230769,1790837969273,9.552489280700684,-3.022243022918701,0.22014755010604858,-0.3499999940395355,-3.8499999046325684,-2.309999942779541,0.7853853433486994,resting,null
23,right,745.8266923076923,1790837969273,9.54052448272705,-3.0318145751953125,0.24646952748298645,-0.3499999940395355,-3.8499999046325684,-2.309999942779541,0.7869973256821907,resting,null
23,right,745.8363076923077,1790837969273,9.48788070678711,-3.019850015640259,0.2010042816400528,-0.3499999940395355,-3.8499999046325684,-2.309999942779541,0.7880822713937606,resting,null
23,right,745.844,1790837969348,9.545310020446777,-3.007885456085205,0.20818300545215607,-0.3499999940395355,-3.7799999713897705,-2.1700000762939453,0.7893442023987828,resting,null
23,right,745.8536153846154,1790837969348,9.562060356140137,-3.0174570083618164,0.20818300545215607,-0.3499999940395355,-3.7799999713897705,-2.1700000762939453,0.791102014893702,resting,null
23,right,745.8632307692308,1790837969348,9.607525825500488,-3.062922477722168,0.19621846079826355,-0.3499999940395355,-3.7799999713897705,-2.1700000762939453,0.7934050450992555,resting,null
23,right,745.8728461538462,1790837969348,9.583597183227539,-3.0246357917785645,0.19861137866973877,-0.3499999940395355,-3.7799999713897705,-2.1700000762939453,0.7953770982510039,resting,null
23,right,745.8824615384616,1790837969348,9.583597183227539,-3.02942156791687,0.16511066257953644,-0.3499999940395355,-3.7799999713897705,-2.1700000762939453,0.7973561772649205,resting,null
23,right,745.892076923077,1790837969348,9.578810691833496,-2.9839563369750977,0.20339718461036682,-0.3499999940395355,-3.7799999713897705,-2.1700000762939453,0.7991660692283347,resting,null
23,right,745.9016923076923,1790837969348,9.480701446533203,-2.9528486728668213,0.16271774470806122,-0.3499999940395355,-3.7799999713897705,-2.1700000762939453,0.7999793318699054,resting,null
23,right,745.9113076923078,1790837969348,9.404129028320312,-2.91695499420166,0.1507532149553299,-0.3499999940395355,-3.7799999713897705,-2.1700000762939453,0.7999853003759838,resting,null
23,left,758.276,1790837969361,-3.5750045776367188,-9.20073127746582,0.1411815732717514,-1.1200000047683716,-0.9100000262260437,1.5399999618530273,0.1070481196273253,resting,null
23,left,758.2856153846153,1790837969361,-3.5750045776367188,-9.255768775939941,0.14836029708385468,-1.1200000047683716,-0.9100000262260437,1.5399999618530273,0.10811774332104358,resting,null
23,left,758.2952307692307,1790837969361,-3.5726118087768555,-9.231839179992676,0.18425391614437103,-1.1200000047683716,-0.9100000262260437,1.5399999618530273,0.10896950846875816,resting,null
23,left,758.3048461538461,1790837969361,-3.589362144470215,-9.236625671386719,0.15314611792564392,-1.1200000047683716,-0.9100000262260437,1.5399999618530273,0.10991720237478583,resting,null
23,left,758.3144615384615,1790837969361,-3.618077039718628,-9.270126342773438,0.16750356554985046,-1.1200000047683716,-0.9100000262260437,1.5399999618530273,0.11126682450655906,resting,null
23,left,758.3240769230769,1790837969361,-3.61089825630188,-9.253376007080078,0.20579010248184204,-1.1200000047683716,-0.9100000262260437,1.5399999618530273,0.11244722489130328,resting,null
23,left,758.3336923076922,1790837969361,-3.603719472885132,-9.262947082519531,0.22014755010604858,-1.1200000047683716,-0.9100000262260437,1.5399999618530273,0.11369052387912952,resting,null
23,left,758.3433076923077,1790837969361,-3.5917551517486572,-9.353878021240234,0.13878867030143738,-1.1200000047683716,-0.9100000262260437,1.5399999618530273,0.11569158121509972,resting,null
23,left,758.355,1790837969390,-3.5941479206085205,-9.31319808959961,0.17707519233226776,-1.399999976158142,-0.9100000262260437,1.399999976158142,0.11769905223797657,resting,null
23,left,758.3646153846154,1790837969390,-3.582183361053467,-9.195945739746094,0.13878867030143738,-1.399999976158142,-0.9100000262260437,1.399999976158142,0.11825097112884776,resting,null
23,left,758.3742307692307,1790837969390,-3.5654330253601074,-9.181588172912598,0.17707519233226776,-1.399999976158142,-0.9100000262260437,1.399999976158142,0.11862182457007144,resting,null
23,left,758.3838461538462,1790837969390,-3.582183361053467,-9.160052299499512,0.16271774470806122,-1.399999976158142,-0.9100000262260437,1.399999976158142,0.11885576201453577,resting,null
23,left,758.3934615384616,1790837969390,-3.577397584915161,-9.109801292419434,0.17946811020374298,-1.399999976158142,-0.9100000262260437,1.399999976158142,0.11862599141274884,resting,null
23,left,758.4030769230769,1790837969390,-3.56782603263855,-9.133729934692383,0.17468228936195374,-1.399999976158142,-0.9100000262260437,1.399999976158142,0.1185760935417111,resting,null
23,left,758.4126923076923,1790837969390,-3.5797905921936035,-9.119372367858887,0.19382555782794952,-1.399999976158142,-0.9100000262260437,1.399999976158142,0.11844306561570804,resting,null
23,left,758.4223076923078,1790837969390,-3.5797905921936035,-9.176802635192871,0.1507532149553299,-1.399999976158142,-0.9100000262260437,1.399999976158142,0.11881657994997914,resting,null
23,right,745.921,1790837969423,9.373021125793457,-2.9145619869232178,0.18903973698616028,-0.3499999940395355,-3.9200000762939453,-2.0299999713897705,0.7997023006673991,resting,null
23,right,745.9306153846154,1790837969423,9.389771461486816,-2.9408841133117676,0.1698964685201645,-0.3499999940395355,-3.9200000762939453,-2.0299999713897705,0.7996477769326069,resting,null
23,right,745.9402307692308,1790837969423,9.406521797180176,-2.9193477630615234,0.1507532149553299,-0.3499999940395355,-3.9200000762939453,-2.0299999713897705,0.799682542944148,resting,null
23,right,745.9498461538462,1790837969423,9.456772804260254,-2.938491106033325,0.1914326548576355,-0.3499999940395355,-3.9200000762939453,-2.0299999713897705,0.8002388209783351,resting,null
23,right,745.9594615384616,1790837969423,9.46155834197998,-2.9121692180633545,0.2129688262939453,-0.3499999940395355,-3.9200000762939453,-2.0299999713897705,0.8007676529511959,resting,null
23,right,745.969076923077,1790837969423,9.463951110839844,-2.921740770339966,0.17707519233226776,-0.3499999940395355,-3.9200000762939453,-2.0299999713897705,0.8013400893573819,resting,null
23,right,745.9786923076923,1790837969423,9.507023811340332,-2.9145619869232178,0.19861137866973877,-0.3499999940395355,-3.9200000762939453,-2.0299999713897705,0.802291141782862,resting,null
23,right,745.9883076923078,1790837969423,9.45438003540039,-2.9193477630615234,0.18903973698616028,-0.3499999940395355,-3.9200000762939453,-2.0299999713897705,0.8027702848097038,resting,null
23,left,758.434,1790837969466,-3.5750045776367188,-9.143301963806152,0.21536172926425934,-1.6800000667572021,-0.9800000190734863,1.6100000143051147,0.11889929799963554,resting,null
23,left,758.4436153846153,1790837969466,-3.5726118087768555,-9.136122703552246,0.1507532149553299,-1.6800000667572021,-0.9800000190734863,1.6100000143051147,0.11888345270780488,resting,null
23,left,758.4532307692307,1790837969466,-3.5869691371917725,-9.143301963806152,0.16271774470806122,-1.6800000667572021,-0.9800000190734863,1.6100000143051147,0.11898410290907681,resting,null
23,left,758.4628461538462,1790837969466,-3.5462896823883057,-9.088264465332031,0.15314611792564392,-1.6800000667572021,-0.9800000190734863,1.6100000143051147,0.11844827596991789,resting,null
23,left,758.4724615384615,1790837969466,-3.5917551517486572,-8.994941711425781,0.17946811020374298,-1.6800000667572021,-0.9800000190734863,1.6100000143051147,0.11724191111192393,resting,null
23,left,758.4820769230769,1790837969466,-3.625255823135376,-8.985369682312012,0.13639576733112335,-1.6800000667572021,-0.9800000190734863,1.6100000143051147,0.11606335039431892,resting,null
23,left,758.4916923076922,1790837969466,-3.632434368133545,-8.971012115478516,0.1411815732717514,-1.6800000667572021,-0.9800000190734863,1.6100000143051147,0.11478454040364013,resting,null
23,left,758.5013076923077,1790837969466,-3.661149263381958,-9.040407180786133,0.15793193876743317,-1.6800000667572021,-0.9800000190734863,1.6100000143051147,0.114231316509762,resting,null
23,right,745.997,1790837969498,9.425664901733398,-2.859525203704834,0.17946811020374298,-0.2800000011920929,-3.569999933242798,-1.9600000381469727,0.8028110238313922,resting,null
23,right,746.0066153846153,1790837969498,9.39934253692627,-2.809274196624756,0.19382555782794952,-0.2800000011920929,-3.569999933242798,-1.9600000381469727,0.8024764178950591,resting,null
23,right,746.0162307692307,1790837969498,9.416092872619629,-2.802095413208008,0.1914326548576355,-0.2800000011920929,-3.569999933242798,-1.9600000381469727,0.8022764053174095,resting,null
23,right,746.0258461538461,1790837969498,9.46155834197998,-2.797309637069702,0.17707519233226776,-0.2800000011920929,-3.569999933242798,-1.9600000381469727,0.8024799647244137,resting,null
23,right,746.0354615384615,1790837969498,9.499845504760742,-2.7877378463745117,0.15314611792564392,-0.2800000011920929,-3.569999933242798,-1.9600000381469727,0.8030065678624562,resting,null
23,right,746.0450769230769,1790837969498,9.480701446533203,-2.8140599727630615,0.2225404530763626,-0.2800000011920929,-3.569999933242798,-1.9600000381469727,0.8034394778552679,resting,null
23,right,746.0546923076922,1790837969498,9.447200775146484,-2.7733805179595947,0.16271774470806122,-0.2800000011920929,-3.569999933242798,-1.9600000381469727,0.8034431830695898,resting,null
23,right,746.0643076923077,1790837969498,9.451987266540527,-2.7374868392944336,0.2105759084224701,-0.2800000011920929,-3.569999933242798,-1.9600000381469727,0.8034018115937742,resting,null
23,right,746.073,1790837969573,9.425664901733398,-2.7446656227111816,0.1698964685201645,-0.2800000011920929,-3.7100000381469727,-1.75,0.803156663997876,resting,null
23,right,746.0826153846153,1790837969573,9.36823558807373,-2.720736503601074,0.17707519233226776,-0.2800000011920929,-3.7100000381469727,-1.75,0.8022927162581638,resting,null
23,right,746.0922307692307,1790837969573,9.373021125793457,-2.6537351608276367,0.181861013174057,-0.2800000011920929,-3.7100000381469727,-1.75,0.801295832235756,resting,null
23,right,746.1018461538462,1790837969573,9.291662216186523,-2.620234251022339,0.2129688262939453,-0.2800000011920929,-3.7100000381469727,-1.75,0.7994650767116086,resting,null
23,right,746.1114615384615,1790837969573,9.231839179992676,-2.522125244140625,0.19861137866973877,-0.2800000011920929,-3.7100000381469727,-1.75,0.7968228049243581,resting,null
23,right,746.1210769230769,1790837969573,9.150480270385742,-2.4623024463653564,0.181861013174057,-0.2800000011920929,-3.7100000381469727,-1.75,0.793272365565553,resting,null
23,right,746.1306923076922,1790837969573,9.133729934692383,-2.457516670227051,0.20579010248184204,-0.2800000011920929,-3.7100000381469727,-1.75,0.7895621023260564,resting,null
23,right,746.1403076923077,1790837969573,9.095443725585938,-2.5245180130004883,0.181861013174057,-0.2800000011920929,-3.7100000381469727,-1.75,0.785668764008693,resting,null
23,left,758.513,1790837969601,-3.6228628158569336,-9.088264465332031,0.1316099464893341,-1.8200000524520874,-0.7699999809265137,1.6800000667572021,0.11390721153278645,resting,null
23,left,758.5226153846154,1790837969601,-3.6707210540771484,-9.049978256225586,0.1722893863916397,-1.8200000524520874,-0.7699999809265137,1.6800000667572021,0.11347604780391048,resting,null
23,left,758.5322307692308,1790837969601,-3.668328046798706,-8.978191375732422,0.1698964685201645,-1.8200000524520874,-0.7699999809265137,1.6800000667572021,0.11239703888119572,resting,null
23,left,758.5418461538462,1790837969601,-3.6563634872436523,-8.987762451171875,0.1603248417377472,-1.8200000524520874,-0.7699999809265137,1.6800000667572021,0.11135982402404311,resting,null
23,left,758.5514615384616,1790837969601,-3.6515777111053467,-8.899225234985352,0.16750356554985046,-1.8200000524520874,-0.7699999809265137,1.6800000667572021,0.10951909376799823,resting,null
23,left,758.5610769230769,1790837969601,-3.6372203826904297,-8.9231538772583,0.1507532149553299,-1.8200000524520874,-0.7699999809265137,1.6800000667572021,0.1078374284431876,resting,null
23,left,758.5706923076923,1790837969601,-3.682685613632202,-8.781972885131836,0.16511066257953644,-1.8200000524520874,-0.7699999809265137,1.6800000667572021,0.10506882121344233,resting,null
23,left,758.5803076923078,1790837969601,-3.697042942047119,-8.719757080078125,0.1507532149553299,-1.8200000524520874,-0.7699999809265137,1.6800000667572021,0.10180078688540851,resting,null
23,left,758.592,1790837969631,-3.6443989276885986,-8.624040603637695,0.1603248417377472,-2.1700000762939453,-0.7699999809265137,1.4700000286102295,0.09656447282508267,resting,null
23,left,758.6016153846153,1790837969631,-3.632434368133545,-8.604897499084473,0.16271774470806122,-2.1700000762939453,-0.7699999809265137,1.4700000286102295,0.09204762431779334,resting,null
23,left,758.6112307692307,1790837969631,-3.603719472885132,-8.626433372497559,0.13400284945964813,-2.1700000762939453,-0.7699999809265137,1.4700000286102295,0.08761337656960431,resting,null
23,left,758.6208461538462,1790837969631,-3.570218801498413,-8.717364311218262,0.13639576733112335,-2.1700000762939453,-0.7699999809265137,1.4700000286102295,0.0838645672093891,resting,null
23,left,758.6304615384615,1790837969631,-3.596540927886963,-8.729329109191895,0.12682412564754486,-2.1700000762939453,-0.7699999809265137,1.4700000286102295,0.08032005113654091,resting,null
23,left,758.6400769230769,1790837969631,-3.6085054874420166,-8.825044631958008,0.11964540183544159,-2.1700000762939453,-0.7699999809265137,1.4700000286102295,0.07767071033406639,resting,null
23,left,758.6496923076922,1790837969631,-3.61089825630188,-8.856152534484863,0.16511066257953644,-2.1700000762939453,-0.7699999809265137,1.4700000286102295,0.07531389997534246,resting,null
23,left,758.6593076923077,1790837969631,-3.555861473083496,-8.772400856018066,0.15553902089595795,-2.1700000762939453,-0.7699999809265137,1.4700000286102295,0.07201209059594552,resting,null
23,right,746.148,1790837969648,9.13133716583252,-2.579555034637451,0.22732627391815186,-0.07000000029802322,-3.3600001335144043,-1.4700000286102295,0.7829410979416325,resting,null
23,right,746.1576153846154,1790837969648,9.181588172912598,-2.5604116916656494,0.181861013174057,-0.07000000029802322,-3.3600001335144043,-1.4700000286102295,0.7799409658203583,resting,null
23,right,746.1672307692307,1790837969648,9.21987533569336,-2.6369848251342773,0.18425391614437103,-0.07000000029802322,-3.3600001335144043,-1.4700000286102295,0.7774956170841649,resting,null
23,right,746.1768461538462,1790837969648,9.203125,-2.6896286010742188,0.1698964685201645,-0.07000000029802322,-3.3600001335144043,-1.4700000286102295,0.7750321570909744,resting,null
23,right,746.1864615384616,1790837969648,9.234231948852539,-2.720736503601074,0.2105759084224701,-0.07000000029802322,-3.3600001335144043,-1.4700000286102295,0.7729472336755147,resting,null
23,right,746.1960769230769,1790837969648,9.239018440246582,-2.6226272583007812,0.2010042816400528,-0.07000000029802322,-3.3600001335144043,-1.4700000286102295,0.7706484974945637,resting,null
23,right,746.2056923076923,1790837969648,9.12415885925293,-2.5388755798339844,0.181861013174057,-0.07000000029802322,-3.3600001335144043,-1.4700000286102295,0.7670667346800938,resting,null
23,right,746.2153076923078,1790837969648,9.009299278259277,-2.4623024463653564,0.1698964685201645,-0.07000000029802322,-3.3600001335144043,-1.4700000286102295,0.7622240822360754,resting,null
23,left,758.671,1790837969706,-3.570218801498413,-8.717364311218262,0.18425391614437103,-2.5199999809265137,-0.699999988079071,1.5399999618530273,0.06747342410298916,resting,null
23,left,758.6806153846154,1790837969706,-3.584576368331909,-8.566611289978027,0.13400284945964813,-2.5199999809265137,-0.699999988079071,1.5399999618530273,0.062448578982908585,resting,null
23,left,758.6902307692308,1790837969706,-3.582183361053467,-8.284247398376465,0.12443122267723083,-2.5199999809265137,-0.699999988079071,1.5399999618530273,0.054910748625750974,resting,null
23,left,758.6998461538462,1790837969706,-3.407501220703125,-8.030599594116211,0.16511066257953644,-2.5199999809265137,-0.699999988079071,1.5399999618530273,0.04448843212952291,resting,null
23,left,758.7094615384616,1790837969706,-3.309391975402832,-7.654912948608398,0.17707519233226776,-2.5199999809265137,-0.699999988079071,1.5399999618530273,0.030379887233626026,resting,null
23,left,758.719076923077,1790837969706,-3.2711052894592285,-7.4658732414245605,0.21536172926425934,-2.5199999809265137,-0.699999988079071,1.5399999618530273,0.014468618085273421,resting,null
23,left,758.7286923076923,1790837969706,-3.254354953765869,-7.401264667510986,0.16511066257953644,-2.5199999809265137,-0.699999988079071,1.5399999618530273,-0.0020749695299371123,resting,null
23,left,758.7383076923078,1790837969706,-3.163424491882324,-7.585518836975098,0.17707519233226776,-2.5199999809265137,-0.699999988079071,1.5399999618530273,-0.01731864615259149,resting,null
23,right,746.224,1790837969723,8.746079444885254,-2.4000868797302246,0.18664683401584625,-0.3499999940395355,-4.199999809265137,-1.399999976158142,0.7555035222986517,resting,null
23,right,746.2336153846154,1790837969723,8.49721622467041,-2.304370403289795,0.15314611792564392,-0.3499999940395355,-4.199999809265137,-1.399999976158142,0.7455176927253102,resting,null
23,right,746.2432307692308,1790837969723,8.178959846496582,-2.134474039077759,0.22014755010604858,-0.3499999940395355,-4.199999809265137,-1.399999976158142,0.7321677319396349,resting,null
23,right,746.2528461538462,1790837969723,7.997098922729492,-2.136866807937622,0.14836029708385468,-0.3499999940395355,-4.199999809265137,-1.399999976158142,0.71713334432492,resting,null
23,right,746.2624615384616,1790837969723,7.9683837890625,-2.227797508239746,0.1411815732717514,-0.3499999940395355,-4.199999809265137,-1.399999976158142,0.702068225516076,resting,null
23,right,746.272076923077,1790837969723,8.013849258422852,-2.3857293128967285,0.17707519233226776,-0.3499999940395355,-4.199999809265137,-1.399999976158142,0.6878396732295076,ascending,1
23,right,746.2816923076923,1790837969723,8.107172966003418,-2.479052782058716,0.11725249886512756,-0.3499999940395355,-4.199999809265137,-1.399999976158142,0.6747150032507847,ascending,1
23,right,746.2913076923078,1790837969723,8.24596118927002,-2.6513421535491943,0.16511066257953644,-0.3499999940395355,-4.199999809265137,-1.399999976158142,0.6633356070595482,ascending,1
23,left,758.752,1790837969781,-3.0054924488067627,-7.798487663269043,0.1603248417377472,-1.8200000524520874,-0.3499999940395355,0.49000000953674316,-0.03716288019290574,resting,null
23,left,758.7616153846153,1790837969781,-2.823631525039673,-7.985134124755859,0.181861013174057,-1.8200000524520874,-0.3499999940395355,0.49000000953674316,-0.05010218275938151,resting,null
23,left,758.7712307692307,1790837969781,-2.9767775535583496,-8.006670951843262,0.14357449114322662,-1.8200000524520874,-0.3499999940395355,0.49000000953674316,-0.062277652149801264,resting,null
23,left,758.7808461538461,1790837969781,-3.1251380443573,-8.068885803222656,0.09332341700792313,-1.8200000524520874,-0.3499999940395355,0.49000000953674316,-0.07335257148586415,resting,null
23,left,758.7904615384615,1790837969781,-3.1658174991607666,-8.121530532836914,0.09571632742881775,-1.8200000524520874,-0.3499999940395355,0.49000000953674316,-0.08380189813816478,resting,null
23,left,758.8000769230769,1790837969781,-3.113173484802246,-8.157423973083496,0.07657305896282196,-1.8200000524520874,-0.3499999940395355,0.49000000953674316,-0.09411836064496919,descending,null
23,left,758.8096923076922,1790837969781,-3.196925163269043,-8.205282211303711,0.06460852175951004,-1.8200000524520874,-0.3499999940395355,0.49000000953674316,-0.10369842191111776,descending,null
23,left,758.8193076923077,1790837969781,-3.287855625152588,-8.176567077636719,0.06700142472982407,-1.8200000524520874,-0.3499999940395355,0.49000000953674316,-0.11319865230211867,descending,null
23,right,746.3,1790837969798,8.262711524963379,-2.7709875106811523,0.19621846079826355,0.699999988079071,-2.940000057220459,-0.9100000262260437,0.653481781659977,ascending,1
23,right,746.3096153846153,1790837969798,8.363213539123535,-2.7805593013763428,0.1603248417377472,0.699999988079071,-2.940000057220459,-0.9100000262260437,0.6435435488416231,ascending,1
23,right,746.3192307692307,1790837969798,8.51636028289795,-2.6680924892425537,0.23450499773025513,0.699999988079071,-2.940000057220459,-0.9100000262260437,0.6347474680324278,ascending,1
23,right,746.3288461538461,1790837969798,8.607290267944336,-2.601091146469116,0.22014755010604858,0.699999988079071,-2.940000057220459,-0.9100000262260437,0.6266210733213211,ascending,1
23,right,746.3384615384615,1790837969798,8.67189884185791,-2.5747690200805664,0.2321120798587799,0.699999988079071,-2.940000057220459,-0.9100000262260437,0.6190296287393474,ascending,1
23,right,746.3480769230769,1790837969798,8.65514850616455,-2.605876922607422,0.22971917688846588,0.699999988079071,-2.940000057220459,-0.9100000262260437,0.6113707024426555,ascending,1
23,right,746.3576923076922,1790837969798,8.628826141357422,-2.5628044605255127,0.2225404530763626,0.699999988079071,-2.940000057220459,-0.9100000262260437,0.6033582057670749,ascending,1
23,right,746.3673076923077,1790837969798,8.59293270111084,-2.500588893890381,0.20579010248184204,0.699999988079071,-2.940000057220459,-0.9100000262260437,0.5948504165965908,ascending,1
23,right,746.377,1790837969873,8.616862297058105,-2.488624334335327,0.24646952748298645,0,-3.1500000953674316,-0.8400000333786011,0.5864768775859971,ascending,1
23,right,746.3866153846153,1790837969873,8.571396827697754,-2.5675904750823975,0.3038993179798126,0,-3.1500000953674316,-0.8400000333786011,0.577975962248863,ascending,1
23,right,746.3962307692307,1790837969873,8.624040603637695,-2.6369848251342773,0.25843408703804016,0,-3.1500000953674316,-0.8400000333786011,0.5701439428324708,ascending,1
23,right,746.4058461538461,1790837969873,8.75086498260498,-2.6728782653808594,0.23689790070056915,0,-3.1500000953674316,-0.8400000333786011,0.5635799324361647,ascending,1
23,right,746.4154615384615,1790837969873,8.908797264099121,-2.7709875106811523,0.27997025847435,0,-3.1500000953674316,-0.8400000333786011,0.5587505657253756,ascending,1
23,right,746.4250769230769,1790837969873,9.133729934692383,-2.845167636871338,0.25843408703804016,0,-3.1500000953674316,-0.8400000333786011,0.5561962515986298,ascending,1
23,right,746.4346923076922,1790837969873,9.310805320739746,-2.924133777618408,0.29911351203918457,0,-3.1500000953674316,-0.8400000333786011,0.5555001728297911,ascending,1
23,right,746.4443076923077,1790837969873,9.37541389465332,-2.833203077316284,0.30629223585128784,0,-3.1500000953674316,-0.8400000333786011,0.5551534956139758,ascending,1
23,left,758.831,1790837969916,-3.259140729904175,-8.097600936889648,0.10768086463212967,-1.9600000381469727,-0.9800000190734863,1.0499999523162842,-0.12571920599917397,descending,null
23,left,758.8406153846154,1790837969916,-3.2567479610443115,-8.15981674194336,0.12921704351902008,-1.9600000381469727,-0.9800000190734863,1.0499999523162842,-0.13546202269429294,descending,null
23,left,758.8502307692307,1790837969916,-3.247176170349121,-8.171781539916992,0.0909305065870285,-1.9600000381469727,-0.9800000190734863,1.0499999523162842,-0.14513188182188605,descending,null
23,left,758.8598461538462,1790837969916,-3.1921393871307373,-8.176567077636719,0.08614469319581985,-1.9600000381469727,-0.9800000190734863,1.0499999523162842,-0.15495049196757132,descending,null
23,left,758.8694615384616,1790837969916,-3.2208542823791504,-8.257925987243652,0.13639576733112335,-1.9600000381469727,-0.9800000190734863,1.0499999523162842,-0.163929621289572,descending,null
23,left,758.8790769230769,1790837969916,-3.244783401489258,-8.41107177734375,0.08614469319581985,-1.9600000381469727,-0.9800000190734863,1.0499999523162842,-0.17145594748607532,descending,null
23,left,758.8886923076923,1790837969916,-3.254354953765869,-8.657541275024414,0.06221561133861542,-1.9600000381469727,-0.9800000190734863,1.0499999523162842,-0.1767420854521237,descending,null
23,left,758.8983076923078,1790837969916,-3.3835721015930176,-8.887260437011719,0.06700142472982407,-1.9600000381469727,-0.9800000190734863,1.0499999523162842,-0.17951443687274446,descending,null
23,left,758.91,1790837969945,-3.505610466003418,-8.915975570678711,0.03110780566930771,-1.1200000047683716,-1.2599999904632568,1.2599999904632568,-0.1820540113418676,descending,null
23,left,758.9196153846153,1790837969945,-3.5175747871398926,-8.880082130432129,0.03350071236491203,-1.1200000047683716,-1.2599999904632568,1.2599999904632568,-0.1844197177702861,descending,null
23,left,758.9292307692307,1790837969945,-3.5510756969451904,-8.880082130432129,0.05742979422211647,-1.1200000047683716,-1.2599999904632568,1.2599999904632568,-0.1866640195727325,descending,null
23,left,758.9388461538462,1790837969945,-3.5534684658050537,-8.844188690185547,0.08375178277492523,-1.1200000047683716,-1.2599999904632568,1.2599999904632568,-0.18921712929685688,descending,null
23,left,758.9484615384615,1790837969945,-3.596540927886963,-8.810688018798828,0.12921704351902008,-1.1200000047683716,-1.2599999904632568,1.2599999904632568,-0.19191039262060197,descending,null
23,left,758.9580769230769,1790837969945,-3.697042942047119,-8.872902870178223,0.11007377505302429,-1.1200000047683716,-1.2599999904632568,1.2599999904632568,-0.1936873924575666,descending,null
23,left,758.9676923076922,1790837969945,-3.7760090827941895,-8.975798606872559,0.11246667802333832,-1.1200000047683716,-1.2599999904632568,1.2599999904632568,-0.19425979207444674,descending,null
23,left,758.9773076923077,1790837969945,-3.8190813064575195,-9.243803977966309,0.12682412564754486,-1.1200000047683716,-1.2599999904632568,1.2599999904632568,-0.1922865412933385,descending,null
23,right,746.452,1790837969948,9.404129028320312,-2.7231295108795166,0.27757734060287476,-0.07000000029802322,-2.7300000190734863,-0.699999988079071,0.5548428570036724,ascending,1
23,right,746.4616153846154,1790837969948,9.38498592376709,-2.703986167907715,0.27518442273139954,-0.07000000029802322,-2.7300000190734863,-0.699999988079071,0.5542268192797237,ascending,1
23,right,746.4712307692307,1790837969948,9.39216423034668,-2.7231295108795166,0.2632198929786682,-0.07000000029802322,-2.7300000190734863,-0.699999988079071,0.5537273099212238,ascending,1
23,right,746.4808461538462,1790837969948,9.337127685546875,-2.6250202655792236,0.21775463223457336,-0.07000000029802322,-2.7300000190734863,-0.699999988079071,0.5524471373561116,ascending,1
23,right,746.4904615384615,1790837969948,9.425664901733398,-2.641770601272583,0.25843408703804016,-0.07000000029802322,-2.7300000190734863,-0.699999988079071,0.552039819988275,ascending,1
23,right,746.5000769230769,1790837969948,9.559667587280273,-2.7015931606292725,0.27757734060287476,-0.07000000029802322,-2.7300000190734863,-0.699999988079071,0.5530343825948066,ascending,1
23,right,746.5096923076923,1790837969948,9.8085298538208,-2.790130853652954,0.22971917688846588,-0.07000000029802322,-2.7300000190734863,-0.699999988079071,0.5565511908009424,ascending,1
23,right,746.5193076923077,1790837969948,9.947319030761719,-2.8212387561798096,0.23689790070056915,-0.07000000029802322,-2.7300000190734863,-0.699999988079071,0.5614323718260485,ascending,1
23,left,758.989,1790837970021,-3.8406174182891846,-9.418486595153809,0.15793193876743317,-1.0499999523162842,-0.9800000190734863,1.3300000429153442,-0.1878984337497009,descending,null
23,left,758.9986153846154,1790837970021,-3.8621537685394287,-9.526166915893555,0.11246667802333832,-1.0499999523162842,-0.9800000190734863,1.3300000429153442,-0.1832596437540012,descending,null
23,left,759.0082307692307,1790837970021,-3.9602627754211426,-9.518988609313965,0.1005021408200264,-1.0499999523162842,-0.9800000190734863,1.3300000429153442,-0.17833240157568708,descending,null
23,left,759.0178461538462,1790837970021,-4.02008581161499,-9.507023811340332,0.06221561133861542,-1.0499999523162842,-0.9800000190734863,1.3300000429153442,-0.17329822924464922,descending,null
23,left,759.0274615384616,1790837970021,-3.943512439727783,-9.428057670593262,0.09571632742881775,-1.0499999523162842,-0.9800000190734863,1.3300000429153442,-0.16924336732894732,descending,null
23,left,759.0370769230769,1790837970021,-3.919583559036255,-9.277304649353027,0.14596739411354065,-1.0499999523162842,-0.9800000190734863,1.3300000429153442,-0.16661121955813762,descending,null
23,left,759.0466923076923,1790837970021,-3.8382246494293213,-9.128944396972656,0.12443122267723083,-1.0499999523162842,-0.9800000190734863,1.3300000429153442,-0.16559814511124366,descending,null
23,left,759.0563076923078,1790837970021,-3.7544727325439453,-9.057157516479492,0.11007377505302429,-1.0499999523162842,-0.9800000190734863,1.3300000429153442,-0.16553330208106995,descending,null
23,right,746.528,1790837970039,10.09567928314209,-2.8547394275665283,0.2321120798587799,0.14000000059604645,-2.7300000190734863,-0.42000001668930054,0.5671613009807659,ascending,1
23,right,746.5376153846154,1790837970039,10.10525131225586,-2.902597427368164,0.27518442273139954,0.14000000059604645,-2.7300000190734863,-0.42000001668930054,0.573718468740315,ascending,1
23,right,746.5472307692307,1790837970039,10.150715827941895,-2.8619179725646973,0.2632198929786682,0.14000000059604645,-2.7300000190734863,-0.42000001668930054,0.5805840943692406,ascending,1
23,right,746.5568461538462,1790837970039,10.107644081115723,-2.703986167907715,0.2703986167907715,0.14000000059604645,-2.7300000190734863,-0.42000001668930054,0.5866397346389773,ascending,1
23,right,746.5664615384616,1790837970039,10.007142066955566,-2.6561279296875,0.2416837215423584,0.14000000059604645,-2.7300000190734863,-0.42000001668930054,0.5916347583465508,ascending,1
23,right,746.5760769230769,1790837970039,9.82528018951416,-2.696807384490967,0.3134709596633911,0.14000000059604645,-2.7300000190734863,-0.42000001668930054,0.5950651029078999,ascending,1
23,right,746.5856923076923,1790837970039,9.676919937133789,-2.7494513988494873,0.2919347882270813,0.14000000059604645,-2.7300000190734863,-0.42000001668930054,0.5972516247285232,ascending,1
23,right,746.5953076923078,1790837970039,9.583597183227539,-2.732701063156128,0.26800569891929626,0.14000000059604645,-2.7300000190734863,-0.42000001668930054,0.598525477729816,ascending,1
23,right,746.604,1790837970098,9.504631042480469,-2.768594741821289,0.2895418703556061,-0.14000000059604645,-4.130000114440918,-0.14000000059604645,0,resting,null
23,right,746.6136153846154,1790837970098,9.387378692626953,-2.818845748901367,0.2823631465435028,-0.14000000059604645,-4.130000114440918,-0.14000000059604645,-0.000022552691484123765,resting,null
23,right,746.6232307692308,1790837970098,9.28926944732666,-2.859525203704834,0.25604116916656494,-0.14000000059604645,-4.130000114440918,-0.14000000059604645,-0.0008477263846282045,resting,null
23,right,746.6328461538462,1790837970098,9.265339851379395,-2.833203077316284,0.26800569891929626,-0.14000000059604645,-4.130000114440918,-0.14000000059604645,-0.001957511626461588,resting,null
23,right,746.6424615384616,1790837970098,9.198338508605957,-2.8284173011779785,0.24886244535446167,-0.14000000059604645,-4.130000114440918,-0.14000000059604645,-0.0036995910296550865,resting,null
23,right,746.652076923077,1790837970098,9.160052299499512,-2.8475606441497803,0.20818300545215607,-0.14000000059604645,-4.130000114440918,-0.14000000059604645,-0.005748695825337005,resting,null
23,right,746.6616923076923,1790837970098,9.205517768859863,-2.873882532119751,0.19621846079826355,-0.14000000059604645,-4.130000114440918,-0.14000000059604645,-0.007305964003908848,resting,null
23,right,746.6713076923078,1790837970098,9.229446411132812,-2.761415958404541,0.181861013174057,-0.14000000059604645,-4.130000114440918,-0.14000000059604645,-0.008948738455123605,resting,null
23,left,759.068,1790837970156,-3.596540927886963,-9.014084815979004,0.11485958844423294,-2.240000009536743,-0.2800000011920929,0.42000001668930054,-0.1666225873340093,descending,null
23,left,759.0776153846153,1790837970156,-3.5367181301116943,-8.987762451171875,0.11007377505302429,-2.240000009536743,-0.2800000011920929,0.42000001668930054,-0.16796880832151564,descending,null
23,left,759.0872307692307,1790837970156,-3.47210955619812,-8.906403541564941,0.1507532149553299,-2.240000009536743,-0.2800000011920929,0.42000001668930054,-0.1702665376505556,descending,null
23,left,759.0968461538462,1790837970156,-3.4314301013946533,-8.805901527404785,0.1316099464893341,-2.240000009536743,-0.2800000011920929,0.42000001668930054,-0.1736046919401849,descending,null
23,left,759.1064615384615,1790837970156,-3.4027152061462402,-8.7843656539917,0.14357449114322662,-2.240000009536743,-0.2800000011920929,0.42000001668930054,-0.1772331276305732,descending,null
23,left,759.1160769230769,1790837970156,-3.366821765899658,-8.798723220825195,0.13878867030143738,-2.240000009536743,-0.2800000011920929,0.42000001668930054,-0.1808587323930617,descending,null
23,left,759.1256923076922,1790837970156,-3.3548572063446045,-8.820259094238281,0.16750356554985046,-2.240000009536743,-0.2800000011920929,0.42000001668930054,-0.18432756339055428,descending,null
23,left,759.1353076923077,1790837970156,-3.443394660949707,-8.810688018798828,0.15793193876743317,-2.240000009536743,-0.2800000011920929,0.42000001668930054,-0.18756409912675276,descending,null
23,left,759.148,1790837970185,-3.4410018920898438,-8.736507415771484,0.15314611792564392,-1.75,-0.8400000333786011,0.5600000023841858,-0.19271858342475198,descending,null
23,left,759.1576153846154,1790837970185,-3.381179094314575,-8.700613975524902,0.13878867030143738,-1.75,-0.8400000333786011,0.5600000023841858,-0.19715512722133846,descending,null
23,left,759.1672307692307,1790837970185,-3.3979294300079346,-8.669506072998047,0.18664683401584625,-1.75,-0.8400000333786011,0.5600000023841858,-0.20180161749188097,descending,null
23,left,759.1768461538462,1790837970185,-3.5080032348632812,-8.600111961364746,0.19621846079826355,-1.75,-0.8400000333786011,0.5600000023841858,0,resting,null
23,left,759.1864615384616,1790837970185,-3.47210955619812,-8.571396827697754,0.21775463223457336,-1.75,-0.8400000333786011,0.5600000023841858,-0.005349368348899089,resting,null
23,left,759.1960769230769,1790837970185,-3.4888598918914795,-8.530716896057129,0.2129688262939453,-1.75,-0.8400000333786011,0.5600000023841858,-0.010999093804914602,resting,null
23,left,759.2056923076923,1790837970185,-3.5654330253601074,-8.547467231750488,0.23450499773025513,-1.75,-0.8400000333786011,0.5600000023841858,-0.016217796851111212,resting,null
23,left,759.2153076923078,1790837970185,-3.5367181301116943,-8.580968856811523,0.22971917688846588,-1.75,-0.8400000333786011,0.5600000023841858,-0.021237147748643433,resting,null
23,right,746.68,1790837970218,9.21030330657959,-2.7015931606292725,0.15793193876743317,-0.5600000023841858,-3.569999933242798,-0.14000000059604645,-0.010743604334098386,resting,null
23,right,746.6896153846153,1790837970218,9.20073127746582,-2.6680924892425537,0.19861137866973877,-0.5600000023841858,-3.569999933242798,-0.14000000059604645,-0.01289968080730175,resting,null
23,right,746.6992307692307,1790837970218,9.140909194946289,-2.6585209369659424,0.17707519233226776,-0.5600000023841858,-3.569999933242798,-0.14000000059604645,-0.0156358516661187,resting,null
23,right,746.7088461538461,1790837970218,9.109801292419434,-2.670485496520996,0.14357449114322662,-0.5600000023841858,-3.569999933242798,-0.14000000059604645,-0.01863094552516213,resting,null
23,right,746.7184615384615,1790837970218,9.116979598999023,-2.648949146270752,0.14357449114322662,-0.5600000023841858,-3.569999933242798,-0.14000000059604645,-0.0216162712734953,resting,null
23,right,746.7280769230769,1790837970218,9.179195404052734,-2.5340895652770996,0.11964540183544159,-0.5600000023841858,-3.569999933242798,-0.14000000059604645,-0.024335014348382776,resting,null
23,right,746.7376923076922,1790837970218,9.081086158752441,-2.514946460723877,0.13639576733112335,-0.5600000023841858,-3.569999933242798,-0.14000000059604645,-0.02800546579093002,resting,null
23,right,746.7473076923077,1790837970218,9.109801292419434,-2.5245180130004883,0.1411815732717514,-0.5600000023841858,-3.569999933242798,-0.14000000059604645,-0.031381677759329984,resting,null
23,left,759.227,1790837970261,-3.5606472492218018,-8.667113304138184,0.1698964685201645,-1.190000057220459,-0.9800000190734863,0.6299999952316284,-0.02631021337103711,resting,null
23,left,759.2366153846153,1790837970261,-3.596540927886963,-8.851366996765137,0.19861137866973877,-1.190000057220459,-0.9800000190734863,0.6299999952316284,-0.028704550431830195,resting,null
23,left,759.2462307692307,1790837970261,-3.625255823135376,-8.992548942565918,0.15793193876743317,-1.190000057220459,-0.9800000190734863,0.6299999952316284,-0.02974405269309267,resting,null
23,left,759.2558461538462,1790837970261,-3.7425081729888916,-9.042799949645996,0.11964540183544159,-1.190000057220459,-0.9800000190734863,0.6299999952316284,-0.029917681668662925,resting,null
23,left,759.2654615384615,1790837970261,-3.807116746902466,-9.162445068359375,0.13878867030143738,-1.190000057220459,-0.9800000190734863,0.6299999952316284,-0.028787909225692642,resting,null
23,left,759.2750769230769,1790837970261,-3.807116746902466,-9.346698760986328,0.1603248417377472,-1.190000057220459,-0.9800000190734863,0.6299999952316284,-0.026016347552898226,resting,null
23,left,759.2846923076922,1790837970261,-3.730543613433838,-9.420879364013672,0.12443122267723083,-1.190000057220459,-0.9800000190734863,0.6299999952316284,-0.022866870095257414,resting,null
23,left,759.2943076923077,1790837970261,-3.787973403930664,-9.370628356933594,0.12921704351902008,-1.190000057220459,-0.9800000190734863,0.6299999952316284,-0.019958536113355158,resting,null
23,right,746.756,1790837970308,9.215088844299316,-2.6561279296875,0.11964540183544159,-0.14000000059604645,-3.430000066757202,0.14000000059604645,-0.0332419121942565,resting,null
23,right,746.7656153846153,1790837970308,9.339520454406738,-2.6561279296875,0.17707519233226776,-0.14000000059604645,-3.430000066757202,0.14000000059604645,-0.0341418671951275,resting,null
23,right,746.7752307692307,1790837970308,9.404129028320312,-2.6656997203826904,0.16750356554985046,-0.14000000059604645,-3.430000066757202,0.14000000059604645,-0.0344199608855386,resting,null
23,right,746.7848461538462,1790837970308,9.518988609313965,-2.7446656227111816,0.18425391614437103,-0.14000000059604645,-3.430000066757202,0.14000000059604645,-0.03342567000757259,resting,null
23,right,746.7944615384615,1790837970308,9.619490623474121,-2.7638089656829834,0.2225404530763626,-0.14000000059604645,-3.430000066757202,0.14000000059604645,-0.03144680945962714,resting,null
23,right,746.8040769230769,1790837970308,9.729564666748047,-2.7374868392944336,0.2010042816400528,-0.14000000059604645,-3.430000066757202,0.14000000059604645,-0.02852406027755731,resting,null
23,right,746.8136923076922,1790837970308,9.813316345214844,-2.8284173011779785,0.22971917688846588,-0.14000000059604645,-3.430000066757202,0.14000000059604645,-0.024584217538023034,resting,null
23,right,746.8233076923077,1790837970308,9.806137084960938,-2.866703987121582,0.27997025847435,-0.14000000059604645,-3.430000066757202,0.14000000059604645,-0.0206024279264195,resting,null
23,left,759.306,1790837970336,-3.752079963684082,-9.205517768859863,0.1316099464893341,-1.6100000143051147,-0.5600000023841858,0.14000000059604645,-0.018368999517116628,resting,null
23,left,759.3156153846154,1790837970336,-3.632434368133545,-9.047585487365723,0.09571632742881775,-1.6100000143051147,-0.5600000023841858,0.14000000059604645,-0.018905403183978934,resting,null
23,left,759.3252307692308,1790837970336,-3.534325361251831,-8.982976913452148,0.11485958844423294,-1.6100000143051147,-0.5600000023841858,0.14000000059604645,-0.020367453542400132,resting,null
23,left,759.3348461538462,1790837970336,-3.4266443252563477,-8.915975570678711,0.1005021408200264,-1.6100000143051147,-0.5600000023841858,0.14000000059604645,-0.022811969042534613,resting,null
23,left,759.3444615384616,1790837970336,-3.3763933181762695,-8.911190032958984,0.08853759616613388,-1.6100000143051147,-0.5600000023841858,0.14000000059604645,-0.02547587565948942,resting,null
23,left,759.354076923077,1790837970336,-3.3692145347595215,-8.882474899291992,0.059822700917720795,-1.6100000143051147,-0.5600000023841858,0.14000000059604645,-0.02842046866034368,resting,null
23,left,759.3636923076923,1790837970336,-3.505610466003418,-8.9231538772583,0.03828652948141098,-1.6100000143051147,-0.5600000023841858,0.14000000059604645,-0.03051778273712019,resting,null
23,left,759.3733076923078,1790837970336,-3.5750045776367188,-8.990156173706055,0.03828652948141098,-1.6100000143051147,-0.5600000023841858,0.14000000059604645,-0.031769183237325666,resting,null
23,right,746.832,1790837970338,9.729564666748047,-2.818845748901367,0.2895418703556061,-0.21000000834465027,-3.7100000381469727,0.5600000023841858,-0.017756271658299853,resting,null
23,right,746.8416153846154,1790837970338,9.538131713867188,-2.7638089656829834,0.2632198929786682,-0.21000000834465027,-3.7100000381469727,0.5600000023841858,-0.016527253959850326,resting,null
23,right,746.8512307692307,1790837970338,9.349091529846191,-2.7805593013763428,0.23689790070056915,-0.21000000834465027,-3.7100000381469727,0.5600000023841858,-0.017003506060468195,resting,null
23,right,746.8608461538462,1790837970338,9.21030330657959,-2.8068811893463135,0.3038993179798126,-0.21000000834465027,-3.7100000381469727,0.5600000023841858,-0.018676133445949507,resting,null
23,right,746.8704615384615,1790837970338,9.105015754699707,-2.8475606441497803,0.27997025847435,-0.21000000834465027,-3.7100000381469727,0.5600000023841858,-0.021211750684862023,resting,null
23,right,746.8800769230769,1790837970338,9.066728591918945,-2.845167636871338,0.2919347882270813,-0.21000000834465027,-3.7100000381469727,0.5600000023841858,-0.024100508704829784,resting,null
23,right,746.8896923076923,1790837970338,9.12415885925293,-2.837989091873169,0.29672059416770935,-0.21000000834465027,-3.7100000381469727,0.5600000023841858,-0.02647468081005054,resting,null
23,right,746.8993076923077,1790837970338,9.20073127746582,-2.7805593013763428,0.339792937040329,-0.21000000834465027,-3.7100000381469727,0.5600000023841858,-0.028288946744158126,resting,null
23,right,746.908,1790837970413,9.298840522766113,-2.768594741821289,0.3445787727832794,-0.49000000953674316,-3.2200000286102295,0.6299999952316284,-0.029138942408958066,resting,null
23,right,746.9176153846154,1790837970413,9.349091529846191,-2.6585209369659424,0.34936457872390747,-0.49000000953674316,-3.2200000286102295,0.6299999952316284,-0.0299138035046999,resting,null
23,right,746.9272307692307,1790837970413,9.370628356933594,-2.732701063156128,0.3613291084766388,-0.49000000953674316,-3.2200000286102295,0.6299999952316284,-0.030284105013917522,resting,null
23,right,746.9368461538462,1790837970413,9.344305992126465,-2.811666965484619,0.363722026348114,-0.49000000953674316,-3.2200000286102295,0.6299999952316284,-0.030680077260399573,resting,null
23,right,746.9464615384616,1790837970413,9.322770118713379,-2.964813232421875,0.35893622040748596,-0.49000000953674316,-3.2200000286102295,0.6299999952316284,-0.030854550865993296,resting,null
23,right,746.9560769230769,1790837970413,9.349091529846191,-2.91695499420166,0.4044014811515808,-0.49000000953674316,-3.2200000286102295,0.6299999952316284,-0.030904953773687144,resting,null
23,right,746.9656923076923,1790837970413,9.329948425292969,-2.881061315536499,0.382865309715271,-0.49000000953674316,-3.2200000286102295,0.6299999952316284,-0.03123373923151996,resting,null
23,right,746.9753076923078,1790837970413,9.301233291625977,-2.7709875106811523,0.37568655610084534,-0.49000000953674316,-3.2200000286102295,0.6299999952316284,-0.03213102075102689,resting,null
23,left,759.385,1790837970471,-3.5726118087768555,-9.0284423828125,0.03350071236491203,-1.4700000286102295,-0.7699999809265137,0.8400000333786011,-0.03288423790037251,resting,null
23,left,759.3946153846153,1790837970471,-3.6635422706604004,-9.03562068939209,-0.04307234659790993,-1.4700000286102295,-0.7699999809265137,0.8400000333786011,-0.033416616288936565,resting,null
23,left,759.4042307692307,1790837970471,-3.6587564945220947,-9.021263122558594,-0.014357448555529118,-1.4700000286102295,-0.7699999809265137,0.8400000333786011,-0.034091516151690565,resting,null
23,left,759.4138461538462,1790837970471,-3.500824451446533,-9.128944396972656,-0.016750356182456017,-1.4700000286102295,-0.7699999809265137,0.8400000333786011,-0.03436569801028025,resting,null
23,left,759.4234615384615,1790837970471,-3.505610466003418,-9.160052299499512,0.0023929080925881863,-1.4700000286102295,-0.7699999809265137,0.8400000333786011,-0.03434253195161065,resting,null
23,left,759.4330769230769,1790837970471,-3.5367181301116943,-9.059550285339355,-0.040679436177015305,-1.4700000286102295,-0.7699999809265137,0.8400000333786011,-0.035107367371987885,resting,null
23,left,759.4426923076923,1790837970471,-3.6276485919952393,-8.906403541564941,-0.06939433515071869,-1.4700000286102295,-0.7699999809265137,0.8400000333786011,-0.036918137274743565,resting,null
23,left,759.4523076923077,1790837970471,-3.687471389770508,-8.820259094238281,-0.04307234659790993,-1.4700000286102295,-0.7699999809265137,0.8400000333786011,-0.03928270899203707,resting,null
23,left,759.464,1790837970501,-3.7496869564056396,-8.789151191711426,0.0047858161851763725,-2.0299999713897705,-0.49000000953674316,0.42000001668930054,-0.04221956375233469,resting,null
23,left,759.4736153846154,1790837970501,-3.661149263381958,-8.791543960571289,0,-2.0299999713897705,-0.49000000953674316,0.42000001668930054,-0.044927029571346255,resting,null
23,left,759.4832307692308,1790837970501,-3.682685613632202,-8.858545303344727,-0.02632198855280876,-2.0299999713897705,-0.49000000953674316,0.42000001668930054,-0.04695644503715794,resting,null
23,left,759.4928461538462,1790837970501,-3.625255823135376,-8.968619346618652,-0.011964540928602219,-2.0299999713897705,-0.49000000953674316,0.42000001668930054,-0.04821248447843459,resting,null
23,left,759.5024615384616,1790837970501,-3.5032174587249756,-9.095443725585938,0.028714897111058235,-2.0299999713897705,-0.49000000953674316,0.42000001668930054,-0.04877562536474983,resting,null
23,left,759.512076923077,1790837970501,-3.4242515563964844,-9.188767433166504,0.10528795421123505,-2.0299999713897705,-0.49000000953674316,0.42000001668930054,-0.048786604674604925,resting,null
23,left,759.5216923076923,1790837970501,-3.519967794418335,-9.164837837219238,0.06700142472982407,-2.0299999713897705,-0.49000000953674316,0.42000001668930054,-0.04866639570674054,resting,null
23,left,759.5313076923078,1790837970501,-3.5510756969451904,-9.059550285339355,0.08375178277492523,-2.0299999713897705,-0.49000000953674316,0.42000001668930054,-0.04937425048742094,resting,null
23,right,746.984,1790837970548,9.20073127746582,-2.615448474884033,0.39722275733947754,-0.699999988079071,-3.2899999618530273,0.7699999809265137,-0.03415924417613223,resting,null
23,right,746.9936153846154,1790837970548,9.212696075439453,-2.522125244140625,0.382865309715271,-0.699999988079071,-3.2899999618530273,0.7699999809265137,-0.03654881602481602,resting,null
23,right,747.0032307692308,1790837970548,9.174409866333008,-2.493410348892212,0.36611494421958923,-0.699999988079071,-3.2899999618530273,0.7699999809265137,-0.03936953906579159,resting,null
23,right,747.0128461538462,1790837970548,9.215088844299316,-2.598698139190674,0.4044014811515808,-0.699999988079071,-3.2899999618530273,0.7699999809265137,-0.041515534453144536,resting,null
23,right,747.0224615384616,1790837970548,9.28926944732666,-2.68245005607605,0.36850783228874207,-0.699999988079071,-3.2899999618530273,0.7699999809265137,-0.04275813202401141,resting,null
23,right,747.0320769230769,1790837970548,9.327555656433105,-2.8427748680114746,0.3230426013469696,-0.699999988079071,-3.2899999618530273,0.7699999809265137,-0.04322360319665465,resting,null
23,right,747.0416923076923,1790837970548,9.37541389465332,-2.9672060012817383,0.2919347882270813,-0.699999988079071,-3.2899999618530273,0.7699999809265137,-0.04291391730653371,resting,null
23,right,747.0513076923078,1790837970548,9.387378692626953,-2.873882532119751,0.2943277060985565,-0.699999988079071,-3.2899999618530273,0.7699999809265137,-0.04274869220097875,resting,null
23,right,747.059,1790837970565,9.413700103759766,-2.811666965484619,0.2536482512950897,-0.3499999940395355,-2.940000057220459,1.1200000047683716,-0.04256895503392721,resting,null
23,right,747.0686153846153,1790837970565,9.40173625946045,-2.8284173011779785,0.2536482512950897,-0.3499999940395355,-2.940000057220459,1.1200000047683716,-0.04240821577889315,resting,null
23,right,747.0782307692307,1790837970565,9.37541389465332,-2.775773286819458,0.21775463223457336,-0.3499999940395355,-2.940000057220459,1.1200000047683716,-0.04264349222116434,resting,null
23,right,747.0878461538462,1790837970565,9.274911880493164,-2.7590229511260986,0.2536482512950897,-0.3499999940395355,-2.940000057220459,1.1200000047683716,-0.04384135088092834,resting,null
23,right,747.0974615384615,1790837970565,9.172017097473145,-2.7279152870178223,0.22014755010604858,-0.3499999940395355,-2.940000057220459,1.1200000047683716,-0.04607912092093507,resting,null
23,right,747.1070769230769,1790837970565,9.160052299499512,-2.7781662940979004,0.19382555782794952,-0.3499999940395355,-2.940000057220459,1.1200000047683716,-0.04829302356316183,resting,null
23,right,747.1166923076922,1790837970565,9.143301963806152,-2.7853450775146484,0.1722893863916397,-0.3499999940395355,-2.940000057220459,1.1200000047683716,-0.05064379893781238,resting,null
23,right,747.1263076923077,1790837970565,9.155266761779785,-2.6561279296875,0.18425391614437103,-0.3499999940395355,-2.940000057220459,1.1200000047683716,-0.05323787200114417,resting,null
23,left,759.544,1790837970576,-3.5654330253601074,-8.994941711425781,0.10528795421123505,-2.309999942779541,-0.07000000029802322,0.07000000029802322,-0.05100033010954117,resting,null
23,left,759.5536153846153,1790837970576,-3.5247535705566406,-8.944690704345703,0.1698964685201645,-2.309999942779541,-0.07000000029802322,0.07000000029802322,-0.05282223395430404,resting,null
23,left,759.5632307692307,1790837970576,-3.4266443252563477,-8.858545303344727,0.11485958844423294,-2.309999942779541,-0.07000000029802322,0.07000000029802322,-0.05576095446827765,resting,null
23,left,759.5728461538462,1790837970576,-3.42903733253479,-8.762829780578613,0.15793193876743317,-2.309999942779541,-0.07000000029802322,0.07000000029802322,-0.05954224616534802,resting,null
23,left,759.5824615384615,1790837970576,-3.3357138633728027,-8.731721878051758,0.19861137866973877,-2.309999942779541,-0.07000000029802322,0.07000000029802322,-0.06392582414675463,resting,null
23,left,759.5920769230769,1790837970576,-3.330928087234497,-8.703006744384766,0.1722893863916397,-2.309999942779541,-0.07000000029802322,0.07000000029802322,-0.06858049000094443,resting,null
23,left,759.6016923076922,1790837970576,-3.3955366611480713,-8.700613975524902,0.1914326548576355,-2.309999942779541,-0.07000000029802322,0.07000000029802322,-0.073024434128737,resting,null
23,left,759.6113076923077,1790837970576,-3.4529664516448975,-8.662327766418457,0.16511066257953644,-2.309999942779541,-0.07000000029802322,0.07000000029802322,-0.07760738972235527,resting,null
23,right,747.135,1790837970639,9.109801292419434,-2.6680924892425537,0.20339718461036682,-0.699999988079071,-2.870000123977661,1.190000057220459,-0.055926553510809524,resting,null
23,right,747.1446153846153,1790837970639,9.205517768859863,-2.696807384490967,0.16750356554985046,-0.699999988079071,-2.870000123977661,1.190000057220459,-0.05794513655897371,resting,null
23,right,747.1542307692307,1790837970639,9.22705364227295,-2.68245005607605,0.17468228936195374,-0.699999988079071,-2.870000123977661,1.190000057220459,-0.059801599512520426,resting,null
23,right,747.1638461538462,1790837970639,9.234231948852539,-2.6250202655792236,0.17946811020374298,-0.699999988079071,-2.870000123977661,1.190000057220459,-0.061744797576568186,resting,null
23,right,747.1734615384615,1790837970639,9.270126342773438,-2.6465563774108887,0.2010042816400528,-0.699999988079071,-2.870000123977661,1.190000057220459,-0.06329343924744214,resting,null
23,right,747.1830769230769,1790837970639,9.36823558807373,-2.7997024059295654,0.14357449114322662,-0.699999988079071,-2.870000123977661,1.190000057220459,-0.0635331361367191,resting,null
23,right,747.1926923076923,1790837970639,9.447200775146484,-2.830810308456421,0.2225404530763626,-0.699999988079071,-2.870000123977661,1.190000057220459,-0.0629469313895046,resting,null
23,right,747.2023076923077,1790837970639,9.444808006286621,-2.7733805179595947,0.18664683401584625,-0.699999988079071,-2.870000123977661,1.190000057220459,-0.06254482004368515,resting,null
23,left,759.624,1790837970711,-3.4457876682281494,-8.657541275024414,0.17468228936195374,-2.1700000762939453,-0.3499999940395355,0.2800000011920929,-0.08374013477755057,resting,null
23,left,759.6336153846154,1790837970711,-3.505610466003418,-8.700613975524902,0.18664683401584625,-2.1700000762939453,-0.3499999940395355,0.2800000011920929,-0.08778537235305575,resting,null
23,left,759.6432307692307,1790837970711,-3.5534684658050537,-8.77718734741211,0.17707519233226776,-2.1700000762939453,-0.3499999940395355,0.2800000011920929,-0.09097480675695478,resting,null
23,left,759.6528461538462,1790837970711,-3.5103962421417236,-8.87051010131836,0.1914326548576355,-2.1700000762939453,-0.3499999940395355,0.2800000011920929,-0.0934795602925544,resting,null
23,left,759.6624615384616,1790837970711,-3.5534684658050537,-8.951869010925293,0.17946811020374298,-2.1700000762939453,-0.3499999940395355,0.2800000011920929,-0.09510454210443878,resting,null
23,left,759.6720769230769,1790837970711,-3.5223608016967773,-8.973404884338379,0.19861137866973877,-2.1700000762939453,-0.3499999940395355,0.2800000011920929,-0.09664342714467733,resting,null
23,left,759.6816923076923,1790837970711,-3.6085054874420166,-8.944690704345703,0.14596739411354065,-2.1700000762939453,-0.3499999940395355,0.2800000011920929,-0.09813943788327707,resting,null
23,left,759.6913076923078,1790837970711,-3.7784018516540527,-8.913582801818848,0.14357449114322662,-2.1700000762939453,-0.3499999940395355,0.2800000011920929,-0.09930462119633633,resting,null
23,right,747.212,1790837970728,9.444808006286621,-2.711164951324463,0.1603248417377472,-0.5600000023841858,-2.5899999141693115,1.4700000286102295,-0.062313352333497184,resting,null
23,right,747.2216153846153,1790837970728,9.497451782226562,-2.598698139190674,0.181861013174057,-0.5600000023841858,-2.5899999141693115,1.4700000286102295,-0.061895541079435394,resting,null
23,right,747.2312307692307,1790837970728,9.552489280700684,-2.591519355773926,0.2010042816400528,-0.5600000023841858,-2.5899999141693115,1.4700000286102295,-0.06098365426868348,resting,null
23,right,747.2408461538462,1790837970728,9.638633728027344,-2.68245005607605,0.15314611792564392,-0.5600000023841858,-2.5899999141693115,1.4700000286102295,-0.05904059432990237,resting,null
23,right,747.2504615384615,1790837970728,9.631455421447754,-2.7494513988494873,0.1698964685201645,-0.5600000023841858,-2.5899999141693115,1.4700000286102295,-0.05698437879033169,resting,null
23,right,747.2600769230769,1790837970728,9.626668930053711,-2.775773286819458,0.1603248417377472,-0.5600000023841858,-2.5899999141693115,1.4700000286102295,-0.05490511356228847,resting,null
23,right,747.2696923076923,1790837970728,9.507023811340332,-2.852346420288086,0.2010042816400528,-0.5600000023841858,-2.5899999141693115,1.4700000286102295,-0.05371988425857888,resting,null
23,right,747.2793076923077,1790837970728,9.432844161987305,-2.907383441925049,0.24407662451267242,-0.5600000023841858,-2.5899999141693115,1.4700000286102295,-0.053062899982035214,resting,null
23,left,759.703,1790837970741,-3.828652858734131,-8.935118675231934,0.14836029708385468,-1.8200000524520874,-0.3499999940395355,-0.2800000011920929,-0.10026210282432203,resting,null
23,left,759.7126153846153,1790837970741,-3.7257578372955322,-9.064335823059082,0.18425391614437103,-1.8200000524520874,-0.3499999940395355,-0.2800000011920929,-0.10026167954429414,resting,null
23,left,759.7222307692307,1790837970741,-3.7209720611572266,-9.109801292419434,0.16511066257953644,-1.8200000524520874,-0.3499999940395355,-0.2800000011920929,-0.09987577148528852,resting,null
23,left,759.7318461538462,1790837970741,-3.653970718383789,-9.121766090393066,0.17468228936195374,-1.8200000524520874,-0.3499999940395355,-0.2800000011920929,-0.09962376469398669,resting,null
23,left,759.7414615384615,1790837970741,-3.570218801498413,-8.94947624206543,0.1698964685201645,-1.8200000524520874,-0.3499999940395355,-0.2800000011920929,-0.10120852963031036,resting,null
23,left,759.7510769230769,1790837970741,-3.54150390625,-8.987762451171875,0.14836029708385468,-1.8200000524520874,-0.3499999940395355,-0.2800000011920929,-0.10255642817405528,resting,null
23,left,759.7606923076922,1790837970741,-3.527146577835083,-9.088264465332031,0.11246667802333832,-1.8200000524520874,-0.3499999940395355,-0.2800000011920929,-0.10306182931560193,resting,null
23,left,759.7703076923077,1790837970741,-3.469716787338257,-9.133729934692383,0.12203831225633621,-1.8200000524520874,-0.3499999940395355,-0.2800000011920929,-0.1033610661290451,resting,null
23,right,747.287,1790837970788,9.387378692626953,-2.91695499420166,0.22971917688846588,-0.3499999940395355,-3.0799999237060547,1.8200000524520874,-0.0528522072788346,resting,null
23,right,747.2966153846154,1790837970788,9.408914566040039,-2.924133777618408,0.26561281085014343,-0.3499999940395355,-3.0799999237060547,1.8200000524520874,-0.05236253975502703,resting,null
23,right,747.3062307692308,1790837970788,9.48788070678711,-2.993528127670288,0.26800569891929626,-0.3499999940395355,-3.0799999237060547,1.8200000524520874,-0.05095268414712278,resting,null
23,right,747.3158461538462,1790837970788,9.463951110839844,-3.019850015640259,0.2895418703556061,-0.3499999940395355,-3.0799999237060547,1.8200000524520874,-0.04968464446825289,resting,null
23,right,747.3254615384616,1790837970788,9.437629699707031,-3.0318145751953125,0.2727915346622467,-0.3499999940395355,-3.0799999237060547,1.8200000524520874,-0.04862573205902896,resting,null
23,right,747.3350769230769,1790837970788,9.325162887573242,-2.971991777420044,0.3015064299106598,-0.3499999940395355,-3.0799999237060547,1.8200000524520874,-0.048760297291492845,resting,null
23,right,747.3446923076923,1790837970788,9.337127685546875,-2.9528486728668213,0.3517574965953827,-0.3499999940395355,-3.0799999237060547,1.8200000524520874,-0.048826953695366555,resting,null
23,right,747.3543076923078,1790837970788,9.327555656433105,-2.907383441925049,0.29672059416770935,-0.3499999940395355,-3.0799999237060547,1.8200000524520874,-0.04911753084602045,resting,null
23,left,759.782,1790837970816,-3.448180675506592,-9.229446411132812,0.12682412564754486,-1.75,0.14000000059604645,-0.2800000011920929,-0.10277164484774799,resting,null
23,left,759.7916153846154,1790837970816,-3.4936459064483643,-9.140909194946289,0.09810923039913177,-1.75,0.14000000059604645,-0.2800000011920929,-0.10292118690109929,resting,null
23,left,759.8012307692308,1790837970816,-3.534325361251831,-9.081086158752441,0.07657305896282196,-1.75,0.14000000059604645,-0.2800000011920929,-0.10346558760570912,resting,null
23,left,759.8108461538462,1790837970816,-3.5223608016967773,-8.978191375732422,0.06700142472982407,-1.75,0.14000000059604645,-0.2800000011920929,-0.10497309540185248,resting,null
23,left,759.8204615384616,1790837970816,-3.4027152061462402,-8.994941711425781,0.04546525329351425,-1.75,0.14000000059604645,-0.2800000011920929,-0.10674872555928312,resting,null
23,left,759.830076923077,1790837970816,-3.479288339614868,-9.083478927612305,0.09332341700792313,-1.75,0.14000000059604645,-0.2800000011920929,-0.10745894331995078,resting,null
23,left,759.8396923076923,1790837970816,-3.6013267040252686,-9.179195404052734,0.014357448555529118,-1.75,0.14000000059604645,-0.2800000011920929,-0.1068930213546633,resting,null
23,left,759.8493076923078,1790837970816,-3.5534684658050537,-9.260554313659668,0.07178724557161331,-1.75,0.14000000059604645,-0.2800000011920929,-0.10576025746212198,resting,null
23,right,747.363,1790837970863,9.411307334899902,-2.9552414417266846,0.32543548941612244,-0.5600000023841858,-2.7300000190734863,1.8200000524520874,-0.04855652942095893,resting,null
23,right,747.3726153846154,1790837970863,9.533346176147461,-2.9480626583099365,0.3038993179798126,-0.5600000023841858,-2.7300000190734863,1.8200000524520874,-0.04683867103918746,resting,null
23,right,747.3822307692308,1790837970863,9.621883392333984,-3.0174570083618164,0.3206496834754944,-0.5600000023841858,-2.7300000190734863,1.8200000524520874,-0.044107863037808885,resting,null
23,right,747.3918461538462,1790837970863,9.74870777130127,-3.0246357917785645,0.37568655610084534,-0.5600000023841858,-2.7300000190734863,1.8200000524520874,-0.04018056036317785,resting,null
23,right,747.4014615384616,1790837970863,9.786993980407715,-3.0892443656921387,0.36611494421958923,-0.5600000023841858,-2.7300000190734863,1.8200000524520874,-0.035721067116029424,resting,null
23,right,747.411076923077,1790837970863,9.861174583435059,-3.1083877086639404,0.3732936680316925,-0.5600000023841858,-2.7300000190734863,1.8200000524520874,-0.030525493027840203,resting,null
23,right,747.4206923076923,1790837970863,9.782208442687988,-3.0605294704437256,0.37568655610084534,-0.5600000023841858,-2.7300000190734863,1.8200000524520874,-0.026191749881013523,resting,null
23,right,747.4303076923078,1790837970863,9.820494651794434,-2.9839563369750977,0.4020085632801056,-0.5600000023841858,-2.7300000190734863,1.8200000524520874,-0.021719858164601764,resting,null
23,left,759.861,1790837970891,-3.6132912635803223,-9.425664901733398,0.035893622785806656,-1.4700000286102295,0,-0.21000000834465027,-0.10233417658920357,resting,null
23,left,759.8706153846153,1790837970891,-3.6587564945220947,-9.432844161987305,0.011964540928602219,-1.4700000286102295,0,-0.21000000834465027,-0.09929733461291777,resting,null
23,left,759.8802307692307,1790837970891,-3.6348273754119873,-9.523774147033691,0.009571632370352745,-1.4700000286102295,0,-0.21000000834465027,-0.09552874384906758,resting,null
23,left,759.8898461538462,1790837970891,-3.68986439704895,-9.428057670593262,-0.040679436177015305,-1.4700000286102295,0,-0.21000000834465027,-0.09243091063053513,resting,null
23,left,759.8994615384615,1790837970891,-3.6922571659088135,-9.36584186553955,-0.023929081857204437,-1.4700000286102295,0,-0.21000000834465027,-0.08988274202078389,resting,null
23,left,759.9090769230769,1790837970891,-3.730543613433838,-9.27969741821289,0.023929081857204437,-1.4700000286102295,0,-0.21000000834465027,-0.08797288107174009,resting,null
23,left,759.9186923076923,1790837970891,-3.6563634872436523,-9.253376007080078,-0.016750356182456017,-1.4700000286102295,0,-0.21000000834465027,-0.08655751730854117,resting,null
23,left,759.9283076923077,1790837970891,-3.421858549118042,-9.253376007080078,-0.03110780566930771,-1.4700000286102295,0,-0.21000000834465027,-0.08596032549296068,resting,null
23,right,747.439,1790837970938,9.789386749267578,-2.924133777618408,0.39961564540863037,-1.0499999523162842,-2.799999952316284,2.0299999713897705,-0.018090640596032978,resting,null
23,right,747.4486153846153,1790837970938,9.7391357421875,-2.928919553756714,0.39722275733947754,-1.0499999523162842,-2.799999952316284,2.0299999713897705,-0.014524769645292182,resting,null
23,right,747.4582307692307,1790837970938,9.7391357421875,-2.907383441925049,0.4044014811515808,-1.0499999523162842,-2.799999952316284,2.0299999713897705,-0.011018533708719561,resting,null
23,right,747.4678461538462,1790837970938,9.64341926574707,-2.979170560836792,0.4139730930328369,-1.0499999523162842,-2.799999952316284,2.0299999713897705,-0.008185278386686198,resting,null
23,right,747.4774615384615,1790837970938,9.578810691833496,-2.979170560836792,0.37568655610084534,-1.0499999523162842,-2.799999952316284,2.0299999713897705,-0.005956364887022247,resting,null
23,right,747.4870769230769,1790837970938,9.47830867767334,-3.4745025634765625,0.3732936680316925,-1.0499999523162842,-2.799999952316284,2.0299999713897705,-0.0032317051683158696,resting,null
23,right,747.4966923076922,1790837970938,9.538131713867188,-3.4170727729797363,0.3302213251590729,-1.0499999523162842,-2.799999952316284,2.0299999713897705,-0.0001280446089111488,resting,null
23,right,747.5063076923077,1790837970938,9.585989952087402,-3.280677080154419,0.37568655610084534,-1.0499999523162842,-2.799999952316284,2.0299999713897705,0.003036715078732664,resting,null
23,left,759.94,1790837971026,-3.4098939895629883,-9.172017097473145,-0.0023929080925881863,-2.0999999046325684,0.699999988079071,-0.8400000333786011,-0.08616780810107506,resting,null
23,left,759.9496153846154,1790837971026,-3.421858549118042,-9.145694732666016,0.007178724277764559,-2.0999999046325684,0.699999988079071,-0.8400000333786011,-0.0865313378810604,resting,null
23,left,759.9592307692308,1790837971026,-3.3285350799560547,-9.140909194946289,0.05742979422211647,-2.0999999046325684,0.699999988079071,-0.8400000333786011,-0.08725671120833167,resting,null
23,left,759.9688461538462,1790837971026,-3.232818841934204,-9.267732620239258,0.047858163714408875,-2.0999999046325684,0.699999988079071,-0.8400000333786011,-0.08716568974605927,resting,null
23,left,759.9784615384616,1790837971026,-3.1514599323272705,-9.205517768859863,0.040679436177015305,-2.0999999046325684,0.699999988079071,-0.8400000333786011,-0.08790511783783225,resting,null
23,left,759.988076923077,1790837971026,-3.232818841934204,-9.267732620239258,0.047858163714408875,-2.0999999046325684,0.699999988079071,-0.8400000333786011,-0.08780442093180298,resting,null
23,left,759.9976923076923,1790837971026,-3.393143653869629,-9.19355297088623,0.09571632742881775,-2.0999999046325684,0.699999988079071,-0.8400000333786011,-0.08782971764126708,resting,null
23,left,760.0073076923078,1790837971026,-3.4098939895629883,-9.317984580993652,0.07657305896282196,-2.0999999046325684,0.699999988079071,-0.8400000333786011,-0.08667719411917704,resting,null
23,right,747.515,1790837971028,9.612311363220215,-3.189746379852295,0.2943277060985565,-0.699999988079071,-2.940000057220459,2.240000009536743,0.005856877403534267,resting,null
23,right,747.5246153846153,1790837971028,9.617097854614258,-3.254354953765869,0.3517574965953827,-0.699999988079071,-2.940000057220459,2.240000009536743,0.00922706367941965,resting,null
23,right,747.5342307692307,1790837971028,9.72238540649414,-3.3476784229278564,0.31586387753486633,-0.699999988079071,-2.940000057220459,2.240000009536743,0.013827367282476617,resting,null
23,right,747.5438461538462,1790837971028,9.849209785461426,-3.3046059608459473,0.31586387753486633,-0.699999988079071,-2.940000057220459,2.240000009536743,0.01945865470414302,resting,null
23,right,747.5534615384615,1790837971028,9.81810188293457,-3.247176170349121,0.2823631465435028,-0.699999988079071,-2.940000057220459,2.240000009536743,0.024623154000308442,resting,null
23,right,747.5630769230769,1790837971028,9.899460792541504,-3.2208542823791504,0.2512553632259369,-0.699999988079071,-2.940000057220459,2.240000009536743,0.030440969583532124,resting,null
23,right,747.5726923076923,1790837971028,9.93774700164795,-3.338106870651245,0.27518442273139954,-0.699999988079071,-2.940000057220459,2.240000009536743,0.03696411208108835,resting,null
23,right,747.5823076923077,1790837971028,10.035856246948242,-3.3261423110961914,0.23450499773025513,-0.699999988079071,-2.940000057220459,2.240000009536743,0.04433340300906137,resting,null
23,left,760.02,1790837971056,-3.2830698490142822,-9.406521797180176,0.07896596938371658,-1.1200000047683716,0.07000000029802322,-0.699999988079071,-0.08465974907085007,resting,null
23,left,760.0296153846153,1790837971056,-3.266319513320923,-9.47113037109375,0.16271774470806122,-1.1200000047683716,0.07000000029802322,-0.699999988079071,-0.08260051479352333,resting,null
23,left,760.0392307692307,1790837971056,-3.4553592205047607,-9.442415237426758,0.181861013174057,-1.1200000047683716,0.07000000029802322,-0.699999988079071,-0.08017126640178796,resting,null
23,left,760.0488461538462,1790837971056,-3.5080032348632812,-9.507023811340332,0.1914326548576355,-1.1200000047683716,0.07000000029802322,-0.699999988079071,-0.07698372314379953,resting,null
23,left,760.0584615384615,1790837971056,-3.378786325454712,-9.569239616394043,0.2416837215423584,-1.1200000047683716,0.07000000029802322,-0.699999988079071,-0.07366015963504716,resting,null
23,left,760.0680769230769,1790837971056,-3.4314301013946533,-9.712814331054688,0.19621846079826355,-1.1200000047683716,0.07000000029802322,-0.699999988079071,-0.06886828655594054,resting,null
23,left,760.0776923076922,1790837971056,-3.491252899169922,-9.693670272827148,0.23689790070056915,-1.1200000047683716,0.07000000029802322,-0.699999988079071,-0.06404962648000195,resting,null
23,left,760.0873076923077,1790837971056,-3.469716787338257,-9.614705085754395,0.24886244535446167,-1.1200000047683716,0.07000000029802322,-0.699999988079071,-0.06001429073715823,resting,null
23,right,747.591,1790837971104,10.074143409729004,-3.247176170349121,0.21536172926425934,-1.1200000047683716,-2.870000123977661,2.1700000762939453,0.05108936567393524,resting,null
23,right,747.6006153846154,1790837971104,10.057393074035645,-3.2376046180725098,0.18903973698616028,-1.1200000047683716,-2.870000123977661,2.1700000762939453,0.05837315393729583,resting,null
23,right,747.6102307692307,1790837971104,10.117215156555176,-3.4122869968414307,0.1603248417377472,-1.1200000047683716,-2.870000123977661,2.1700000762939453,0.06672013050471089,resting,null
23,right,747.6198461538462,1790837971104,10.045428276062012,-3.3692145347595215,0.23450499773025513,-1.1200000047683716,-2.870000123977661,2.1700000762939453,0.07429284553206007,resting,null
23,right,747.6294615384616,1790837971104,9.856388092041016,-3.1801748275756836,0.19861137866973877,-1.1200000047683716,-2.870000123977661,2.1700000762939453,0.0795592543756277,resting,null
23,right,747.6390769230769,1790837971104,9.729564666748047,-3.02942156791687,0.1914326548576355,-1.1200000047683716,-2.870000123977661,2.1700000762939453,0.08321223575751723,resting,null
23,right,747.6486923076923,1790837971104,9.641026496887207,-3.2064969539642334,0.22493335604667664,-1.1200000047683716,-2.870000123977661,2.1700000762939453,0.08659419038380117,resting,null
23,right,747.6583076923077,1790837971104,9.789386749267578,-3.393143653869629,0.26561281085014343,-1.1200000047683716,-2.870000123977661,2.1700000762939453,0.09190159763029816,resting,null
23,left,760.099,1790837971131,-3.366821765899658,-9.437629699707031,0.23689790070056915,-1.2599999904632568,0.07000000029802322,-1.2599999904632568,-0.05746420426882238,resting,null
23,left,760.1086153846154,1790837971131,-3.350071430206299,-9.349091529846191,0.2416837215423584,-1.2599999904632568,0.07000000029802322,-1.2599999904632568,-0.056220601988014686,resting,null
23,left,760.1182307692308,1790837971131,-3.3404996395111084,-9.428057670593262,0.2105759084224701,-1.2599999904632568,0.07000000029802322,-1.2599999904632568,-0.054297208377511834,resting,null
23,left,760.1278461538462,1790837971131,-3.280677080154419,-9.605133056640625,0.14836029708385468,-1.2599999904632568,0.07000000029802322,-1.2599999904632568,-0.05097356205813195,resting,null
23,left,760.1374615384616,1790837971131,-3.1658174991607666,-9.865960121154785,0.16750356554985046,-1.2599999904632568,0.07000000029802322,-1.2599999904632568,-0.0456563008084416,resting,null
23,left,760.147076923077,1790837971131,-3.1371026039123535,-10.069356918334961,0.09571632742881775,-1.2599999904632568,0.07000000029802322,-1.2599999904632568,-0.038593011516224136,resting,null
23,left,760.1566923076923,1790837971131,-3.2926416397094727,-10.124394416809082,0.035893622785806656,-1.2599999904632568,0.07000000029802322,-1.2599999904632568,-0.03053643257177779,resting,null
23,left,760.1663076923078,1790837971131,-3.464931011199951,-9.997570037841797,0.0023929080925881863,-1.2599999904632568,0.07000000029802322,-1.2599999904632568,-0.023085078528739623,resting,null
23,right,747.667,1790837971163,9.961676597595215,-3.500824451446533,0.26800569891929626,-0.7699999809265137,-3.2899999618530273,2.240000009536743,0.09841608106687064,resting,null
23,right,747.6766153846154,1790837971163,10.011927604675293,-3.5750045776367188,0.3015064299106598,-0.7699999809265137,-3.2899999618530273,2.240000009536743,0.10631348010448517,resting,null
23,right,747.6862307692307,1790837971163,10.021498680114746,-3.6635422706604004,0.3350071310997009,-0.7699999809265137,-3.2899999618530273,2.240000009536743,0.11457764298932478,resting,null
23,right,747.6958461538462,1790837971163,10.069356918334961,-3.5750045776367188,0.39722275733947754,-0.7699999809265137,-3.2899999618530273,2.240000009536743,0.12301447191979352,resting,null
23,right,747.7054615384616,1790837971163,10.052606582641602,-3.35964298248291,0.39961564540863037,-0.7699999809265137,-3.2899999618530273,2.240000009536743,0.130628736949358,resting,null
23,right,747.7150769230769,1790837971163,10.038249015808105,-3.1849606037139893,0.39961564540863037,-0.7699999809265137,-3.2899999618530273,2.240000009536743,0.13756976817141534,resting,null
23,right,747.7246923076923,1790837971163,9.944926261901855,-3.1849606037139893,0.47858160734176636,-0.7699999809265137,-3.2899999618530273,2.240000009536743,0.14367737465788472,resting,null
23,right,747.7343076923078,1790837971163,9.858781814575195,-3.204103946685791,0.46900999546051025,-0.7699999809265137,-3.2899999618530273,2.240000009536743,0.1490572759080679,resting,null
23,right,747.743,1790837971238,9.8444242477417,-3.141888380050659,0.46661707758903503,-1.2599999904632568,-3.7100000381469727,2.0999999046325684,0.15362827254027475,resting,null
23,right,747.7526153846154,1790837971238,9.784601211547852,-3.141888380050659,0.49054616689682007,-1.2599999904632568,-3.7100000381469727,2.0999999046325684,0.15814522127022057,resting,null
23,right,747.7622307692308,1790837971238,9.82528018951416,-3.1873536109924316,0.5288326740264893,-1.2599999904632568,-3.7100000381469727,2.0999999046325684,0.16318091952565794,resting,null
23,right,747.7718461538462,1790837971238,9.940139770507812,-3.163424491882324,0.5049036145210266,-1.2599999904632568,-3.7100000381469727,2.0999999046325684,0.1691827105173054,resting,null
23,right,747.7814615384616,1790837971238,9.99996280670166,-2.9887421131134033,0.5671192407608032,-1.2599999904632568,-3.7100000381469727,2.0999999046325684,0.17520940648532005,resting,null
23,right,747.791076923077,1790837971238,10.172252655029297,-2.9528486728668213,0.5001177787780762,-1.2599999904632568,-3.7100000381469727,2.0999999046325684,0.18268116036625018,resting,null
23,right,747.8006923076923,1790837971238,10.19857406616211,-2.928919553756714,0.569512128829956,-1.2599999904632568,-3.7100000381469727,2.0999999046325684,0.19033864394228095,resting,null
23,right,747.8103076923078,1790837971238,10.303862571716309,-2.9911351203918457,0.5192610621452332,-1.2599999904632568,-3.7100000381469727,2.0999999046325684,0.19913358793784397,resting,null
23,left,760.178,1790837971266,-3.5869691371917725,-9.940139770507812,-0.02632198855280876,-1.190000057220459,-0.5600000023841858,-1.399999976158142,-0.014190261725812663,resting,null
23,left,760.1876153846154,1790837971266,-3.5582542419433594,-9.877924919128418,-0.08614469319581985,-1.190000057220459,-0.5600000023841858,-1.399999976158142,-0.007536586311317019,resting,null
23,left,760.1972307692307,1790837971266,-3.5510756969451904,-9.8085298538208,-0.059822700917720795,-1.190000057220459,-0.5600000023841858,-1.399999976158142,-0.0015343431118823177,resting,null
23,left,760.2068461538462,1790837971266,-3.5151820182800293,-9.727170944213867,-0.06221561133861542,-1.190000057220459,-0.5600000023841858,-1.399999976158142,0.0036145727853276314,resting,null
23,left,760.2164615384615,1790837971266,-3.484074115753174,-9.66256332397461,-0.0909305065870285,-1.190000057220459,-0.5600000023841858,-1.399999976158142,0.008076830577813611,resting,null
23,left,760.2260769230769,1790837971266,-3.457752227783203,-9.703242301940918,-0.1316099464893341,-1.190000057220459,-0.5600000023841858,-1.399999976158142,0.012822258638558445,resting,null
23,left,760.2356923076923,1790837971266,-3.5103962421417236,-9.784601211547852,-0.1316099464893341,-1.190000057220459,-0.5600000023841858,-1.399999976158142,0.018473314624586207,resting,null
23,left,760.2453076923077,1790837971266,-3.603719472885132,-9.734350204467773,-0.12682412564754486,-1.190000057220459,-0.5600000023841858,-1.399999976158142,0.02396865200491753,resting,null
23,left,760.257,1790837971296,-3.7688302993774414,-9.791779518127441,-0.12682412564754486,-1.0499999523162842,-0.5600000023841858,-1.190000057220459,0.031932397743960596,resting,null
23,left,760.2666153846153,1790837971296,-3.8406174182891846,-9.712814331054688,-0.10768086463212967,-1.0499999523162842,-0.5600000023841858,-1.190000057220459,0.038001240648594906,resting,null
23,left,760.2762307692307,1790837971296,-3.7903664112091064,-9.868352890014648,-0.06460852175951004,-1.0499999523162842,-0.5600000023841858,-1.190000057220459,0.045312745587143884,resting,null
23,left,760.2858461538461,1790837971296,-3.675506830215454,-10.023892402648926,-0.06460852175951004,-1.0499999523162842,-0.5600000023841858,-1.190000057220459,0.05365218476291318,resting,null
23,left,760.2954615384615,1790837971296,-3.56782603263855,-10.203360557556152,-0.05264397710561752,-1.0499999523162842,-0.5600000023841858,-1.190000057220459,0.06325766250401704,resting,null
23,left,760.3050769230769,1790837971296,-3.6156840324401855,-10.25361156463623,-0.0502510704100132,-1.0499999523162842,-0.5600000023841858,-1.190000057220459,0.07347005475914266,resting,null
23,left,760.3146923076922,1790837971296,-3.5151820182800293,-10.184216499328613,-0.01914326474070549,-1.0499999523162842,-0.5600000023841858,-1.190000057220459,0.08272477778389005,resting,null
23,left,760.3243076923077,1790837971296,-3.4266443252563477,-10.141144752502441,0.01914326474070549,-1.0499999523162842,-0.5600000023841858,-1.190000057220459,0.09130129815491739,resting,null
23,right,747.819,1790837971358,10.468973159790039,-3.1107804775238037,0.49054616689682007,-0.49000000953674316,-2.940000057220459,2.380000114440918,0.20876633632802435,resting,null
23,right,747.8286153846153,1790837971358,10.54554557800293,-3.505610466003418,0.45943835377693176,-0.49000000953674316,-2.940000057220459,2.380000114440918,0.22130146579064244,resting,null
23,right,747.8382307692307,1790837971358,10.614940643310547,-3.6922571659088135,0.41875892877578735,-0.49000000953674316,-2.940000057220459,2.380000114440918,0.23502037083563967,resting,null
23,right,747.8478461538461,1790837971358,10.579046249389648,-3.5510756969451904,0.3804723918437958,-0.49000000953674316,-2.940000057220459,2.380000114440918,0.24796655490652747,resting,null
23,right,747.8574615384615,1790837971358,10.516831398010254,-3.3955366611480713,0.38525819778442383,-0.49000000953674316,-2.940000057220459,2.380000114440918,0.2598682773518081,ascending,2
23,right,747.8670769230769,1790837971358,10.449830055236816,-3.330928087234497,0.4020085632801056,-0.49000000953674316,-2.940000057220459,2.380000114440918,0.2709637666958553,ascending,2
23,right,747.8766923076922,1790837971358,10.449830055236816,-3.2830698490142822,0.34936457872390747,-0.49000000953674316,-2.940000057220459,2.380000114440918,0.28189647540086726,ascending,2
23,right,747.8863076923077,1790837971358,10.478544235229492,-3.1849606037139893,0.2703986167907715,-0.49000000953674316,-2.940000057220459,2.380000114440918,0.2927718536114503,ascending,2
23,left,760.337,1790837971370,-3.486467123031616,-9.93056869506836,0.055036887526512146,-1.6100000143051147,-0.2800000011920929,-1.8899999856948853,0.10035024406894355,ascending,1
23,left,760.3466153846153,1790837971370,-3.6443989276885986,-9.832459449768066,0.11725249886512756,-1.6100000143051147,-0.2800000011920929,-1.8899999856948853,0.10681895445942075,ascending,1
23,left,760.3562307692307,1790837971370,-3.6515777111053467,-9.741528511047363,0.1316099464893341,-1.6100000143051147,-0.2800000011920929,-1.8899999856948853,0.11248627953257401,ascending,1
23,left,760.3658461538462,1790837971370,-3.563040256500244,-9.614705085754395,0.1603248417377472,-1.6100000143051147,-0.2800000011920929,-1.8899999856948853,0.1167196632485934,ascending,1
23,left,760.3754615384615,1790837971370,-3.5534684658050537,-9.64581298828125,0.1914326548576355,-1.6100000143051147,-0.2800000011920929,-1.8899999856948853,0.12120411887044283,ascending,1
23,left,760.3850769230769,1790837971370,-3.582183361053467,-9.798958778381348,0.26561281085014343,-1.6100000143051147,-0.2800000011920929,-1.8899999856948853,0.12716887193804682,ascending,1
23,left,760.3946923076923,1790837971370,-3.462538003921509,-10.052606582641602,0.2512553632259369,-1.6100000143051147,-0.2800000011920929,-1.8899999856948853,0.13504414011940688,ascending,1
23,left,760.4043076923077,1790837971370,-3.2998201847076416,-10.222503662109375,0.2919347882270813,-1.6100000143051147,-0.2800000011920929,-1.8899999856948853,0.14393844542132425,ascending,1
23,left,760.417,1790837971445,-3.421858549118042,-10.193788528442383,0.21775463223457336,-0.7699999809265137,-0.699999988079071,-1.8200000524520874,0.15584707447139493,ascending,1
23,left,760.4266153846154,1790837971445,-3.4314301013946533,-9.89706802368164,0.20339718461036682,-0.7699999809265137,-0.699999988079071,-1.8200000524520874,0.16220581634443965,ascending,1
23,left,760.4362307692307,1790837971445,-3.598933696746826,-9.46155834197998,0.21775463223457336,-0.7699999809265137,-0.699999988079071,-1.8200000524520874,0.16514934883954083,ascending,1
23,left,760.4458461538462,1790837971445,-3.962655782699585,-9.356270790100098,0.1507532149553299,-0.7699999809265137,-0.699999988079071,-1.8200000524520874,0.16830246257981252,ascending,1
23,left,760.4554615384616,1790837971445,-3.9243693351745605,-9.64581298828125,0.1722893863916397,-0.7699999809265137,-0.699999988079071,-1.8200000524520874,0.17396349762873145,ascending,1
23,left,760.4650769230769,1790837971445,-3.6587564945220947,-10.059785842895508,0.14836029708385468,-0.7699999809265137,-0.699999988079071,-1.8200000524520874,0.18251500828553746,ascending,1
23,left,760.4746923076923,1790837971445,-3.6132912635803223,-10.394792556762695,0.10528795421123505,-0.7699999809265137,-0.699999988079071,-1.8200000524520874,0.19394635503889848,ascending,1
23,left,760.4843076923078,1790837971445,-3.890868663787842,-10.445043563842773,0.06939433515071869,-0.7699999809265137,-0.699999988079071,-1.8200000524520874,0.20671740206896813,ascending,1
23,right,747.894,1790837971448,10.299076080322266,-3.019850015640259,0.2727915346622467,-1.2599999904632568,-3.9200000762939453,2.380000114440918,0.2997657660863363,ascending,2
23,right,747.9036153846154,1790837971448,10.282325744628906,-3.043779134750366,0.181861013174057,-1.2599999904632568,-3.9200000762939453,2.380000114440918,0.3084035781819765,ascending,2
23,right,747.9132307692307,1790837971448,10.385221481323242,-3.1658174991607666,0.21536172926425934,-1.2599999904632568,-3.9200000762939453,2.380000114440918,0.31835250254148945,ascending,2
23,right,747.9228461538462,1790837971448,10.488116264343262,-3.2926416397094727,0.181861013174057,-1.2599999904632568,-3.9200000762939453,2.380000114440918,0.32960731749297906,ascending,2
23,right,747.9324615384616,1790837971448,10.526402473449707,-3.668328046798706,0.12921704351902008,-1.2599999904632568,-3.9200000762939453,2.380000114440918,0.34231292761751686,ascending,2
23,right,747.9420769230769,1790837971448,10.583832740783691,-3.6013267040252686,0.17946811020374298,-1.2599999904632568,-3.9200000762939453,2.380000114440918,0.3553514993423487,ascending,2
23,right,747.9516923076923,1790837971448,10.492901802062988,-3.450573444366455,0.1698964685201645,-1.2599999904632568,-3.9200000762939453,2.380000114440918,0.3671009851755621,ascending,2
23,right,747.9613076923077,1790837971448,10.303862571716309,-3.1083877086639404,0.19621846079826355,-1.2599999904632568,-3.9200000762939453,2.380000114440918,0.3761005890347604,ascending,2
23,right,747.97,1790837971478,10.081321716308594,-2.881061315536499,0.260826975107193,-1.399999976158142,-4.409999847412109,2.380000114440918,0.3817953762041082,ascending,2
23,right,747.9796153846154,1790837971478,10.1578950881958,-2.7781662940979004,0.23929080367088318,-1.399999976158142,-4.409999847412109,2.380000114440918,0.3884886037519528,ascending,2
23,right,747.9892307692307,1790837971478,10.37325668334961,-2.747058391571045,0.2823631465435028,-1.399999976158142,-4.409999847412109,2.380000114440918,0.39706975381974785,ascending,2
23,right,747.9988461538462,1790837971478,10.595796585083008,-2.859525203704834,0.28714898228645325,-1.399999976158142,-4.409999847412109,2.380000114440918,0.40802126449899906,ascending,2
23,right,748.0084615384616,1790837971478,10.808765411376953,-3.0964231491088867,0.31825676560401917,-1.399999976158142,-4.409999847412109,2.380000114440918,0.4216204211034084,ascending,2
23,right,748.0180769230769,1790837971478,10.82312297821045,-3.2711052894592285,0.3732936680316925,-1.399999976158142,-4.409999847412109,2.380000114440918,0.435865252383527,ascending,2
23,right,748.0276923076923,1790837971478,10.827909469604492,-3.2639267444610596,0.4331163763999939,-1.399999976158142,-4.409999847412109,2.380000114440918,0.4501371756804464,ascending,2
23,right,748.0373076923078,1790837971478,10.662798881530762,-3.2830698490142822,0.3326142132282257,-1.399999976158142,-4.409999847412109,2.380000114440918,0.46293117636297787,ascending,2
23,right,748.047,1790837971568,10.516831398010254,-3.022243022918701,0.3613291084766388,-0.7699999809265137,-4.900000095367432,2.6600000858306885,0.47371661642820295,ascending,2
23,right,748.0566153846154,1790837971568,10.397185325622559,-3.0102784633636475,0.36611494421958923,-0.7699999809265137,-4.900000095367432,2.6600000858306885,0.4832838371455409,ascending,2
23,right,748.0662307692307,1790837971568,10.337363243103027,-2.859525203704834,0.44747382402420044,-0.7699999809265137,-4.900000095367432,2.6600000858306885,0.49187939269229536,ascending,2
23,right,748.0758461538462,1790837971568,10.08610725402832,-2.9528486728668213,0.4235447347164154,-0.7699999809265137,-4.900000095367432,2.6600000858306885,0.4984345701659789,ascending,2
23,right,748.0854615384616,1790837971568,10.021498680114746,-2.993528127670288,0.39722275733947754,-0.7699999809265137,-4.900000095367432,2.6600000858306885,0.5045082115692953,ascending,2
23,right,748.0950769230769,1790837971568,9.968854904174805,-3.163424491882324,0.39722275733947754,-0.7699999809265137,-4.900000095367432,2.6600000858306885,0.5105858162565003,ascending,2
23,right,748.1046923076923,1790837971568,9.987998008728027,-3.448180675506592,0.4331163763999939,-0.7699999809265137,-4.900000095367432,2.6600000858306885,0.5176677385550668,ascending,2
23,right,748.1143076923078,1790837971568,9.944926261901855,-3.5750045776367188,0.37807947397232056,-0.7699999809265137,-4.900000095367432,2.6600000858306885,0.5247168078633196,ascending,2
23,left,760.496,1790837971581,-3.8980472087860107,-10.454615592956543,-0.007178724277764559,-0.07000000029802322,-1.399999976158142,-2.799999952316284,0.22236732963880912,ascending,1
23,left,760.5056153846153,1790837971581,-3.998549461364746,-10.37325668334961,-0.01914326474070549,-0.07000000029802322,-1.399999976158142,-2.799999952316284,0.2348225879494008,ascending,1
23,left,760.5152307692307,1790837971581,-3.816688299179077,-10.236861228942871,0.05742979422211647,-0.07000000029802322,-1.399999976158142,-2.799999952316284,0.24545483991135067,ascending,1
23,left,760.5248461538462,1790837971581,-3.8597607612609863,-10.007142066955566,-0.007178724277764559,-0.07000000029802322,-1.399999976158142,-2.799999952316284,0.2541442617080305,ascending,1
23,left,760.5344615384615,1790837971581,-4.041621685028076,-9.813316345214844,-0.021536173298954964,-0.07000000029802322,-1.399999976158142,-2.799999952316284,0.2616776136725659,ascending,1
23,left,760.5440769230769,1790837971581,-3.7760090827941895,-9.679313659667969,0.009571632370352745,-0.07000000029802322,-1.399999976158142,-2.799999952316284,0.2671304744195742,ascending,1
23,left,760.5536923076922,1790837971581,-3.49843168258667,-9.777422904968262,0,-0.07000000029802322,-1.399999976158142,-2.799999952316284,0.27255324529965924,ascending,1
23,left,760.5633076923077,1790837971581,-3.500824451446533,-9.877924919128418,-0.016750356182456017,-0.07000000029802322,-1.399999976158142,-2.799999952316284,0.27889018716881575,ascending,1
23,left,760.575,1790837971611,-3.5175747871398926,-9.868352890014648,-0.007178724277764559,-0.7699999809265137,-0.5600000023841858,-3.2200000286102295,0.2865543887711745,ascending,1
23,left,760.5846153846154,1790837971611,-3.4170727729797363,-9.837244987487793,0,-0.7699999809265137,-0.5600000023841858,-3.2200000286102295,0.2922489697342934,ascending,1
23,left,760.5942307692308,1790837971611,-3.280677080154419,-9.911425590515137,-0.023929081857204437,-0.7699999809265137,-0.5600000023841858,-3.2200000286102295,0.2981776769802933,ascending,1
23,left,760.6038461538462,1790837971611,-3.295034408569336,-9.853995323181152,0.035893622785806656,-0.7699999809265137,-0.5600000023841858,-3.2200000286102295,0.30363361737366207,ascending,1
23,left,760.6134615384616,1790837971611,-3.527146577835083,-9.906639099121094,0.021536173298954964,-0.7699999809265137,-0.5600000023841858,-3.2200000286102295,0.3103028240152187,ascending,1
23,left,760.623076923077,1790837971611,-3.56782603263855,-9.832459449768066,0.0502510704100132,-0.7699999809265137,-0.5600000023841858,-3.2200000286102295,0.31642785749982577,ascending,1
23,left,760.6326923076923,1790837971611,-3.3883578777313232,-9.74870777130127,0.07178724557161331,-0.7699999809265137,-0.5600000023841858,-3.2200000286102295,0.32121785905756656,ascending,1
23,left,760.6423076923078,1790837971611,-3.4410018920898438,-9.686491966247559,0.07657305896282196,-0.7699999809265137,-0.5600000023841858,-3.2200000286102295,0.3256099223243158,ascending,1
23,right,748.123,1790837971628,9.971247673034668,-3.3261423110961914,0.4044014811515808,-0.07000000029802322,-4.480000019073486,2.940000057220459,0.5306549341960093,ascending,2
23,right,748.1326153846154,1790837971628,9.995177268981934,-3.3189635276794434,0.33740004897117615,-0.07000000029802322,-4.480000019073486,2.940000057220459,0.5374084060049048,ascending,2
23,right,748.1422307692308,1790837971628,9.952104568481445,-3.4936459064483643,0.32782840728759766,-0.07000000029802322,-4.480000019073486,2.940000057220459,0.5442817947133165,ascending,2
23,right,748.1518461538462,1790837971628,9.985605239868164,-3.512789011001587,0.33740004897117615,-0.07000000029802322,-4.480000019073486,2.940000057220459,0.5515217156099981,ascending,2
23,right,748.1614615384616,1790837971628,9.954497337341309,-3.2639267444610596,0.3709007501602173,-0.07000000029802322,-4.480000019073486,2.940000057220459,0.5577402560098822,ascending,2
23,right,748.171076923077,1790837971628,9.949711799621582,-3.1586387157440186,0.34936457872390747,-0.07000000029802322,-4.480000019073486,2.940000057220459,0.5635947132498389,ascending,2
23,right,748.1806923076923,1790837971628,9.763065338134766,-3.204103946685791,0.3230426013469696,-0.07000000029802322,-4.480000019073486,2.940000057220459,0.5678724624164312,ascending,2
23,right,748.1903076923078,1790837971628,9.794173240661621,-3.244783401489258,0.31825676560401917,-0.07000000029802322,-4.480000019073486,2.940000057220459,0.5725536565704146,ascending,2
23,left,760.654,1790837971686,-3.5462896823883057,-9.559667587280273,0.11725249886512756,-1.3300000429153442,-1.0499999523162842,-2.309999942779541,0.32996346358322515,ascending,1
23,left,760.6636153846154,1790837971686,-3.479288339614868,-9.624276161193848,0.14357449114322662,-1.3300000429153442,-1.0499999523162842,-2.309999942779541,0.3339151425546616,ascending,1
23,left,760.6732307692307,1790837971686,-3.352464199066162,-9.619490623474121,0.1698964685201645,-1.3300000429153442,-1.0499999523162842,-2.309999942779541,0.33741768014641504,ascending,1
23,left,760.6828461538462,1790837971686,-3.3692145347595215,-9.621883392333984,0.2129688262939453,-1.3300000429153442,-1.0499999523162842,-2.309999942779541,0.34099841203749454,ascending,1
23,left,760.6924615384615,1790837971686,-3.4027152061462402,-9.629061698913574,0.17707519233226776,-1.3300000429153442,-1.0499999523162842,-2.309999942779541,0.34474764204545055,ascending,1
23,left,760.7020769230769,1790837971686,-3.352464199066162,-9.571632385253906,0.19382555782794952,-1.3300000429153442,-1.0499999523162842,-2.309999942779541,0.3478167533603408,ascending,1
23,left,760.7116923076923,1790837971686,-3.2974274158477783,-9.562060356140137,0.2416837215423584,-1.3300000429153442,-1.0499999523162842,-2.309999942779541,0.35062904348508556,ascending,1
23,left,760.7213076923077,1790837971686,-3.2304258346557617,-9.485487937927246,0.2536482512950897,-1.3300000429153442,-1.0499999523162842,-2.309999942779541,0.35253624647519477,ascending,1
23,right,748.198,1790837971703,9.89706802368164,-3.211282730102539,0.2536482512950897,-0.3499999940395355,-4.340000152587891,2.7300000190734863,0.5769577763229851,ascending,2
23,right,748.2076153846153,1790837971703,9.84203052520752,-3.218461275100708,0.2703986167907715,-0.3499999940395355,-4.340000152587891,2.7300000190734863,0.5819829392171675,ascending,2
23,right,748.2172307692307,1790837971703,9.796566009521484,-3.3046059608459473,0.19621846079826355,-0.3499999940395355,-4.340000152587891,2.7300000190734863,0.5868342023096607,ascending,2
23,right,748.2268461538462,1790837971703,9.767850875854492,-3.338106870651245,0.19382555782794952,-0.3499999940395355,-4.340000152587891,2.7300000190734863,0.5915238717471487,ascending,2
23,right,748.2364615384615,1790837971703,9.770243644714355,-3.3189635276794434,0.15793193876743317,-0.3499999940395355,-4.340000152587891,2.7300000190734863,0.5961697212277255,ascending,2
23,right,748.2460769230769,1790837971703,9.765458106994629,-3.2232472896575928,0.18664683401584625,-0.3499999940395355,-4.340000152587891,2.7300000190734863,0.6004834421801851,ascending,2
23,right,748.2556923076922,1790837971703,9.698456764221191,-3.2064969539642334,0.15553902089595795,-0.3499999940395355,-4.340000152587891,2.7300000190734863,0.604128486394186,ascending,2
23,right,748.2653076923077,1790837971703,9.71520709991455,-3.2304258346557617,0.15793193876743317,-0.3499999940395355,-4.340000152587891,2.7300000190734863,0.6079972350195998,ascending,2
23,left,760.733,1790837971776,-3.280677080154419,-9.437629699707031,0.27518442273139954,-1.2599999904632568,-0.9100000262260437,-2.0999999046325684,0.3545252139714823,ascending,1
23,left,760.7426153846153,1790837971776,-3.2423903942108154,-9.351485252380371,0.24886244535446167,-1.2599999904632568,-0.9100000262260437,-2.0999999046325684,0.35525493092361593,ascending,1
23,left,760.7522307692307,1790837971776,-3.2782840728759766,-9.420879364013672,0.23929080367088318,-1.2599999904632568,-0.9100000262260437,-2.0999999046325684,0.3567269209310136,ascending,1
23,left,760.7618461538461,1790837971776,-3.2208542823791504,-9.394556999206543,0.24646952748298645,-1.2599999904632568,-0.9100000262260437,-2.0999999046325684,0.35778047808340224,ascending,1
23,left,760.7714615384615,1790837971776,-3.2711052894592285,-9.459165573120117,0.2727915346622467,-1.2599999904632568,-0.9100000262260437,-2.0999999046325684,0.35958373344234945,ascending,1
23,left,760.7810769230769,1790837971776,-3.247176170349121,-9.387378692626953,0.25604116916656494,-1.2599999904632568,-0.9100000262260437,-2.0999999046325684,0.3606566881323285,ascending,1
23,left,760.7906923076922,1790837971776,-3.139495372772217,-9.404129028320312,0.18425391614437103,-1.2599999904632568,-0.9100000262260437,-2.0999999046325684,0.3615315088856767,ascending,1
23,left,760.8003076923077,1790837971776,-3.02942156791687,-9.344305992126465,0.22014755010604858,-1.2599999904632568,-0.9100000262260437,-2.0999999046325684,0.36152924184526003,ascending,1
23,right,748.274,1790837971778,9.667348861694336,-3.247176170349121,0.17707519233226776,-0.42000001668930054,-4.130000114440918,2.6600000858306885,0.6111472864215829,ascending,2
23,right,748.2836153846154,1790837971778,9.763065338134766,-3.1849606037139893,0.14357449114322662,-0.42000001668930054,-4.130000114440918,2.6600000858306885,0.6153090575260074,ascending,2
23,right,748.2932307692307,1790837971778,9.700849533081055,-3.189746379852295,0.16271774470806122,-0.42000001668930054,-4.130000114440918,2.6600000858306885,0.6189189774397861,ascending,2
23,right,748.3028461538462,1790837971778,9.681706428527832,-3.2208542823791504,0.17468228936195374,-0.42000001668930054,-4.130000114440918,2.6600000858306885,0.6224485559702186,ascending,2
23,right,748.3124615384615,1790837971778,9.612311363220215,-3.2064969539642334,0.1411815732717514,-0.42000001668930054,-4.130000114440918,2.6600000858306885,0.6252953954758693,ascending,2
23,right,748.3220769230769,1790837971778,9.554882049560547,-3.182567834854126,0.18425391614437103,-0.42000001668930054,-4.130000114440918,2.6600000858306885,0.6275501378541565,ascending,2
23,right,748.3316923076923,1790837971778,9.480701446533203,-3.251962184906006,0.20579010248184204,-0.42000001668930054,-4.130000114440918,2.6600000858306885,0.6293436557709519,ascending,2
23,right,748.3413076923077,1790837971778,9.39216423034668,-3.275891065597534,0.1914326548576355,-0.42000001668930054,-4.130000114440918,2.6600000858306885,0.6304033556613345,ascending,2
23,left,760.812,1790837971851,-3.091637372970581,-9.339520454406738,0.2321120798587799,-1.0499999523162842,-0.9800000190734863,-2.7300000190734863,0.36171296681963083,ascending,1
23,left,760.8216153846154,1790837971851,-3.043779134750366,-9.30601978302002,0.20579010248184204,-1.0499999523162842,-0.9800000190734863,-2.7300000190734863,0.3614085474269597,ascending,1
23,left,760.8312307692307,1790837971851,-3.0030996799468994,-9.308412551879883,0.21775463223457336,-1.0499999523162842,-0.9800000190734863,-2.7300000190734863,0,resting,null
23,left,760.8408461538462,1790837971851,-2.9983139038085938,-9.349091529846191,0.181861013174057,-1.0499999523162842,-0.9800000190734863,-2.7300000190734863,0.00012306906379314805,resting,null
23,left,760.8504615384616,1790837971851,-3.070101022720337,-9.341913223266602,0.1914326548576355,-1.0499999523162842,-0.9800000190734863,-2.7300000190734863,0.0003985155227875701,resting,null
23,left,760.8600769230769,1790837971851,-3.058136463165283,-9.36584186553955,0.21536172926425934,-1.0499999523162842,-0.9800000190734863,-2.7300000190734863,0.0008612089662463315,resting,null
23,left,760.8696923076923,1790837971851,-3.1012089252471924,-9.284482955932617,0.2010042816400528,-1.0499999523162842,-0.9800000190734863,-2.7300000190734863,0.0007070957214462619,resting,null
23,left,760.8793076923077,1790837971851,-3.2064969539642334,-9.320377349853516,0.14836029708385468,-1.0499999523162842,-0.9800000190734863,-2.7300000190734863,0.001188005123322808,resting,null
23,right,748.35,1790837971853,9.341913223266602,-3.259140729904175,0.17946811020374298,-0.21000000834465027,-4.480000019073486,2.7300000190734863,0.6309005712978656,ascending,2
23,right,748.3596153846154,1790837971853,9.322770118713379,-3.259140729904175,0.22732627391815186,-0.21000000834465027,-4.480000019073486,2.7300000190734863,0,resting,null
23,right,748.3692307692307,1790837971853,9.332341194152832,-3.2064969539642334,0.19621846079826355,-0.21000000834465027,-4.480000019073486,2.7300000190734863,0.0006057058483493824,resting,null
23,right,748.3788461538462,1790837971853,9.341913223266602,-3.261533737182617,0.15793193876743317,-0.21000000834465027,-4.480000019073486,2.7300000190734863,0.00146516743176704,resting,null
23,right,748.3884615384616,1790837971853,9.346698760986328,-3.251962184906006,0.17707519233226776,-0.21000000834465027,-4.480000019073486,2.7300000190734863,0.002340585922654603,resting,null
23,right,748.3980769230769,1790837971853,9.37541389465332,-3.141888380050659,0.18664683401584625,-0.21000000834465027,-4.480000019073486,2.7300000190734863,0.003131872537509073,resting,null
23,right,748.4076923076923,1790837971853,9.370628356933594,-3.0820655822753906,0.17946811020374298,-0.21000000834465027,-4.480000019073486,2.7300000190734863,0.003692195691429198,resting,null
23,right,748.4173076923078,1790837971853,9.361056327819824,-3.0940301418304443,0.21775463223457336,-0.21000000834465027,-4.480000019073486,2.7300000190734863,0.004209359298595127,resting,null
23,left,760.892,1790837971926,-3.189746379852295,-9.274911880493164,0.1411815732717514,-1.1200000047683716,-1.399999976158142,-1.8899999856948853,0.0012097475233208155,resting,null
23,left,760.9016153846154,1790837971926,-3.1514599323272705,-9.39216423034668,0.12203831225633621,-1.1200000047683716,-1.399999976158142,-1.8899999856948853,0.0021772364580145706,resting,null
23,left,760.9112307692308,1790837971926,-3.127530813217163,-9.38498592376709,0.11725249886512756,-1.1200000047683716,-1.399999976158142,-1.8899999856948853,0.00300615863087627,resting,null
23,left,760.9208461538462,1790837971926,-3.113173484802246,-9.423272132873535,0.11964540183544159,-1.1200000047683716,-1.399999976158142,-1.8899999856948853,0.004141215801668001,resting,null
23,left,760.9304615384616,1790837971926,-3.141888380050659,-9.406521797180176,0.07657305896282196,-1.1200000047683716,-1.399999976158142,-1.8899999856948853,0.005204579305387966,resting,null
23,left,760.940076923077,1790837971926,-3.1490671634674072,-9.435236930847168,0.08135887235403061,-1.1200000047683716,-1.399999976158142,-1.8899999856948853,0.006552255345351689,resting,null
23,left,760.9496923076923,1790837971926,-3.113173484802246,-9.435236930847168,0.021536173298954964,-1.1200000047683716,-1.399999976158142,-1.8899999856948853,0.007785374221835919,resting,null
23,left,760.9593076923078,1790837971926,-3.1012089252471924,-9.394556999206543,0.05264397710561752,-1.1200000047683716,-1.399999976158142,-1.8899999856948853,0.00861419147177198,resting,null
23,right,748.426,1790837971928,9.358663558959961,-3.139495372772217,0.25604116916656494,-0.07000000029802322,-4.269999980926514,2.5899999141693115,0.004790798645823441,resting,null
23,right,748.4356153846154,1790837971928,9.28926944732666,-3.161031484603882,0.26561281085014343,-0.07000000029802322,-4.269999980926514,2.5899999141693115,0.004872046823557036,resting,null
23,right,748.4452307692308,1790837971928,9.346698760986328,-3.2232472896575928,0.3302213251590729,-0.07000000029802322,-4.269999980926514,2.5899999141693115,0.005680362031263047,resting,null
23,right,748.4548461538462,1790837971928,9.282090187072754,-3.3285350799560547,0.3421858549118042,-0.07000000029802322,-4.269999980926514,2.5899999141693115,0.006234284826729056,resting,null
23,right,748.4644615384616,1790837971928,9.248589515686035,-3.2926416397094727,0.3134709596633911,-0.07000000029802322,-4.269999980926514,2.5899999141693115,0.006368173577061733,resting,null
23,right,748.474076923077,1790837971928,9.334734916687012,-3.2208542823791504,0.3326142132282257,-0.07000000029802322,-4.269999980926514,2.5899999141693115,0.007062558764052514,resting,null
23,right,748.4836923076923,1790837971928,9.353878021240234,-3.1921393871307373,0.32782840728759766,-0.07000000029802322,-4.269999980926514,2.5899999141693115,0.007840015173259302,resting,null
23,right,748.4933076923078,1790837971928,9.344305992126465,-3.254354953765869,0.3613291084766388,-0.07000000029802322,-4.269999980926514,2.5899999141693115,0.008733380057797719,resting,null
23,left,760.971,1790837972001,-3.1586387157440186,-9.39216423034668,0.009571632370352745,-1.5399999618530273,-1.0499999523162842,-2.0999999046325684,0.009802816355111052,resting,null
23,left,760.9806153846154,1790837972001,-3.139495372772217,-9.344305992126465,-0.0023929080925881863,-1.5399999618530273,-1.0499999523162842,-2.0999999046325684,0.01028562168928366,resting,null
23,left,760.9902307692307,1790837972001,-3.0748867988586426,-9.284482955932617,-0.02632198855280876,-1.5399999618530273,-1.0499999523162842,-2.0999999046325684,0.010026890929347084,resting,null
23,left,760.9998461538462,1790837972001,-3.070101022720337,-9.317984580993652,0.040679436177015305,-1.5399999618530273,-1.0499999523162842,-2.0999999046325684,0.010062035209589844,resting,null
23,left,761.0094615384616,1790837972001,-3.105994701385498,-9.396949768066406,0.06221561133861542,-1.5399999618530273,-1.0499999523162842,-2.0999999046325684,0.010926916162965202,resting,null
23,left,761.0190769230769,1790837972001,-3.0605294704437256,-9.502238273620605,0.03110780566930771,-1.5399999618530273,-1.0499999523162842,-2.0999999046325684,0.012615561377639094,resting,null
23,left,761.0286923076923,1790837972001,-3.0461719036102295,-9.588382720947266,0.007178724277764559,-1.5399999618530273,-1.0499999523162842,-2.0999999046325684,0.015048140974717157,resting,null
23,left,761.0383076923077,1790837972001,-3.1036016941070557,-9.483095169067383,0.03828652948141098,-1.5399999618530273,-1.0499999523162842,-2.0999999046325684,0.01668884219437291,resting,null
23,right,748.502,1790837972003,9.28926944732666,-3.2208542823791504,0.3613291084766388,0.07000000029802322,-3.990000009536743,2.5899999141693115,0.008994422706646488,resting,null
23,right,748.5116153846153,1790837972003,9.21987533569336,-3.1801748275756836,0.32543548941612244,0.07000000029802322,-3.990000009536743,2.5899999141693115,0.00851861416205661,resting,null
23,right,748.5212307692307,1790837972003,9.186373710632324,-3.1706032752990723,0.36611494421958923,0.07000000029802322,-3.990000009536743,2.5899999141693115,0.007718079116847661,resting,null
23,right,748.5308461538461,1790837972003,9.167230606079102,-3.2280330657958984,0.382865309715271,0.07000000029802322,-3.990000009536743,2.5899999141693115,0.006930559283986082,resting,null
23,right,748.5404615384615,1790837972003,9.267732620239258,-3.323749303817749,0.3732936680316925,0.07000000029802322,-3.990000009536743,2.5899999141693115,0.007357867955283466,resting,null
23,right,748.5500769230769,1790837972003,9.36584186553955,-3.378786325454712,0.38765111565589905,0.07000000029802322,-3.990000009536743,2.5899999141693115,0.008854530994562789,resting,null
23,right,748.5596923076922,1790837972003,9.449594497680664,-3.366821765899658,0.34936457872390747,0.07000000029802322,-3.990000009536743,2.5899999141693115,0.01106375442839982,resting,null
23,right,748.5693076923077,1790837972003,9.432844161987305,-3.3141777515411377,0.36611494421958923,0.07000000029802322,-3.990000009536743,2.5899999141693115,0.012956656356788382,resting,null
23,right,748.578,1790837972079,9.437629699707031,-3.2782840728759766,0.34936457872390747,0.21000000834465027,-3.2200000286102295,2.6600000858306885,0.014599504613792572,resting,null
23,right,748.5876153846153,1790837972079,9.416092872619629,-3.3117847442626953,0.36611494421958923,0.21000000834465027,-3.2200000286102295,2.6600000858306885,0.016332869561835217,resting,null
23,right,748.5972307692307,1790837972079,9.404129028320312,-3.2926416397094727,0.34936457872390747,0.21000000834465027,-3.2200000286102295,2.6600000858306885,0.017892086532434896,resting,null
23,right,748.6068461538462,1790837972079,9.490273475646973,-3.323749303817749,0.35893622040748596,0.21000000834465027,-3.2200000286102295,2.6600000858306885,0.020333584630415506,resting,null
23,right,748.6164615384615,1790837972079,9.516595840454102,-3.42903733253479,0.35654330253601074,0.21000000834465027,-3.2200000286102295,2.6600000858306885,0.023349740666082763,resting,null
23,right,748.6260769230769,1790837972079,9.559667587280273,-3.5582542419433594,0.30868515372276306,0.21000000834465027,-3.2200000286102295,2.6600000858306885,0.02715937151928977,resting,null
23,right,748.6356923076922,1790837972079,9.617097854614258,-3.577397584915161,0.32543548941612244,0.21000000834465027,-3.2200000286102295,2.6600000858306885,0.0315558058324468,resting,null
23,right,748.6453076923077,1790837972079,9.590775489807129,-3.596540927886963,0.3709007501602173,0.21000000834465027,-3.2200000286102295,2.6600000858306885,0.03578960375841518,resting,null
23,left,761.05,1790837972136,-3.1299238204956055,-9.451987266540527,0.04546525329351425,-1.8899999856948853,-1.1200000047683716,-2.450000047683716,0.018433643881640316,resting,null
23,left,761.0596153846153,1790837972136,-3.1155662536621094,-9.349091529846191,0.05264397710561752,-1.8899999856948853,-1.1200000047683716,-2.450000047683716,0.018886002152750596,resting,null
23,left,761.0692307692307,1790837972136,-3.0509579181671143,-9.432844161987305,0.05264397710561752,-1.8899999856948853,-1.1200000047683716,-2.450000047683716,0.019909128113402577,resting,null
23,left,761.0788461538461,1790837972136,-3.027028799057007,-9.504631042480469,0.07178724557161331,-1.8899999856948853,-1.1200000047683716,-2.450000047683716,0.0215182262520965,resting,null
23,left,761.0884615384615,1790837972136,-3.0509579181671143,-9.54052448272705,0.08375178277492523,-1.8899999856948853,-1.1200000047683716,-2.450000047683716,0.0235270865055787,resting,null
23,left,761.0980769230769,1790837972136,-3.007885456085205,-9.64581298828125,0.04546525329351425,-1.8899999856948853,-1.1200000047683716,-2.450000047683716,0.026370691380409747,resting,null
23,left,761.1076923076922,1790837972136,-2.900204658508301,-9.657776832580566,0.07896596938371658,-1.8899999856948853,-1.1200000047683716,-2.450000047683716,0.02901205350472669,resting,null
23,left,761.1173076923077,1790837972136,-2.91695499420166,-9.597954750061035,0.13639576733112335,-1.8899999856948853,-1.1200000047683716,-2.450000047683716,0.031158427822753264,resting,null
23,right,748.654,1790837972154,9.554882049560547,-3.5367181301116943,0.339792937040329,0.3499999940395355,-3.5,2.380000114440918,0.03913843575723375,resting,null
23,right,748.6636153846154,1790837972154,9.413700103759766,-3.4601449966430664,0.2727915346622467,0.3499999940395355,-3.5,2.380000114440918,0.04129668107335092,resting,null
23,right,748.6732307692307,1790837972154,9.38259220123291,-3.352464199066162,0.3015064299106598,0.3499999940395355,-3.5,2.380000114440918,0.042826222455690385,resting,null
23,right,748.6828461538462,1790837972154,9.334734916687012,-3.3069989681243896,0.24407662451267242,0.3499999940395355,-3.5,2.380000114440918,0.04375945018352188,resting,null
23,right,748.6924615384615,1790837972154,9.349091529846191,-3.366821765899658,0.26800569891929626,0.3499999940395355,-3.5,2.380000114440918,0.0450244020676955,resting,null
23,right,748.7020769230769,1790837972154,9.361056327819824,-3.3692145347595215,0.23450499773025513,0.3499999940395355,-3.5,2.380000114440918,0.04639652986310866,resting,null
23,right,748.7116923076923,1790837972154,9.387378692626953,-3.3907508850097656,0.23450499773025513,0.3499999940395355,-3.5,2.380000114440918,0.04807615624443686,resting,null
23,right,748.7213076923077,1790837972154,9.466344833374023,-3.5462896823883057,0.2536482512950897,0.3499999940395355,-3.5,2.380000114440918,0.050983121573595566,resting,null
23,left,761.129,1790837972166,-2.938491106033325,-9.4950590133667,0.12443122267723083,-2.240000009536743,-0.8400000333786011,-2.0299999713897705,0.03269711963407937,resting,null
23,left,761.1386153846154,1790837972166,-2.936098337173462,-9.339520454406738,0.1316099464893341,-2.240000009536743,-0.8400000333786011,-2.0299999713897705,0.03252995824853262,resting,null
23,left,761.1482307692307,1790837972166,-2.938491106033325,-9.28926944732666,0.1411815732717514,-2.240000009536743,-0.8400000333786011,-2.0299999713897705,0.03191030545107468,resting,null
23,left,761.1578461538462,1790837972166,-2.979170560836792,-9.21987533569336,0.14836029708385468,-2.240000009536743,-0.8400000333786011,-2.0299999713897705,0.030773459504959463,resting,null
23,left,761.1674615384616,1790837972166,-2.931312322616577,-9.301233291625977,0.14596739411354065,-2.240000009536743,-0.8400000333786011,-2.0299999713897705,0.030244995576573425,resting,null
23,left,761.1770769230769,1790837972166,-2.830810308456421,-9.389771461486816,0.13878867030143738,-2.240000009536743,-0.8400000333786011,-2.0299999713897705,0.03024006632556476,resting,null
23,left,761.1866923076923,1790837972166,-2.818845748901367,-9.46155834197998,0.14357449114322662,-2.240000009536743,-0.8400000333786011,-2.0299999713897705,0.03086237780688637,resting,null
23,left,761.1963076923078,1790837972166,-2.837989091873169,-9.499845504760742,0.09810923039913177,-2.240000009536743,-0.8400000333786011,-2.0299999713897705,0.031887531090390116,resting,null
23,right,748.73,1790837972228,9.466344833374023,-3.56782603263855,0.2727915346622467,0.49000000953674316,-3.1500000953674316,2.5199999809265137,0.05367940389562614,resting,null
23,right,748.7396153846154,1790837972228,9.492666244506836,-3.5917551517486572,0.26561281085014343,0.49000000953674316,-3.1500000953674316,2.5199999809265137,0.056977608455292796,resting,null
23,right,748.7492307692307,1790837972228,9.428057670593262,-3.500824451446533,0.3206496834754944,0.49000000953674316,-3.1500000953674316,2.5199999809265137,0.059402407677905736,resting,null
23,right,748.7588461538462,1790837972228,9.36584186553955,-3.4673237800598145,0.3038993179798126,0.49000000953674316,-3.1500000953674316,2.5199999809265137,0.061150489680658324,resting,null
23,right,748.7684615384616,1790837972228,9.341913223266602,-3.4098939895629883,0.31825676560401917,0.49000000953674316,-3.1500000953674316,2.5199999809265137,0.06249461519482666,resting,null
23,right,748.7780769230769,1790837972228,9.294054985046387,-3.4386088848114014,0.31586387753486633,0.49000000953674316,-3.1500000953674316,2.5199999809265137,0.06350246033464053,resting,null
23,right,748.7876923076923,1790837972228,9.27969741821289,-3.421858549118042,0.3302213251590729,0.49000000953674316,-3.1500000953674316,2.5199999809265137,0.06432873632495427,resting,null
23,right,748.7973076923078,1790837972228,9.282090187072754,-3.4386088848114014,0.32782840728759766,0.49000000953674316,-3.1500000953674316,2.5199999809265137,0.06523191967554455,resting,null
23,left,761.209,1790837972240,-2.8068811893463135,-9.545310020446777,0.11007377505302429,-1.8899999856948853,-0.8400000333786011,-2.799999952316284,0.033680925097945624,resting,null
23,left,761.2186153846153,1790837972240,-2.809274196624756,-9.48788070678711,0.10289505124092102,-1.8899999856948853,-0.8400000333786011,-2.799999952316284,0.03451824574793558,resting,null
23,left,761.2282307692307,1790837972240,-2.809274196624756,-9.456772804260254,0.10289505124092102,-1.8899999856948853,-0.8400000333786011,-2.799999952316284,0.035069573639295255,resting,null
23,left,761.2378461538461,1790837972240,-2.8260245323181152,-9.38259220123291,0.09332341700792313,-1.8899999856948853,-0.8400000333786011,-2.799999952316284,0.03498297211474068,resting,null
23,left,761.2474615384615,1790837972240,-2.8140599727630615,-9.329948425292969,0.08614469319581985,-1.8899999856948853,-0.8400000333786011,-2.799999952316284,0.03437821227567503,resting,null
23,left,761.2570769230769,1790837972240,-2.8260245323181152,-9.315590858459473,0.08135887235403061,-1.8899999856948853,-0.8400000333786011,-2.799999952316284,0.033674575028703496,resting,null
23,left,761.2666923076922,1790837972240,-2.761415958404541,-9.30601978302002,0.10528795421123505,-1.8899999856948853,-0.8400000333786011,-2.799999952316284,0.032705990752522,resting,null
23,left,761.2763076923077,1790837972240,-2.72552227973938,-9.337127685546875,0.05742979422211647,-1.8899999856948853,-0.8400000333786011,-2.799999952316284,0.03192246165324238,resting,null
23,right,748.805,1790837972303,9.176802635192871,-3.5223608016967773,0.3709007501602173,0.42000001668930054,-3.5,2.1700000762939453,0.06542992084568444,resting,null
23,right,748.8146153846153,1790837972303,9.19355297088623,-3.4936459064483643,0.37568655610084534,0.42000001668930054,-3.5,2.1700000762939453,0.06573444175274899,resting,null
23,right,748.8242307692307,1790837972303,9.145694732666016,-3.548682689666748,0.339792937040329,0.42000001668930054,-3.5,2.1700000762939453,0.06578546319642854,resting,null
23,right,748.8338461538461,1790837972303,9.155266761779785,-3.5032174587249756,0.3445787727832794,0.42000001668930054,-3.5,2.1700000762939453,0.06577115758832347,resting,null
23,right,748.8434615384615,1790837972303,9.231839179992676,-3.5462896823883057,0.34936457872390747,0.42000001668930054,-3.5,2.1700000762939453,0.06659354702654684,resting,null
23,right,748.8530769230769,1790837972303,9.274911880493164,-3.5391111373901367,0.35654330253601074,0.42000001668930054,-3.5,2.1700000762939453,0.06778054374189764,resting,null
23,right,748.8626923076922,1790837972303,9.298840522766113,-3.49843168258667,0.3206496834754944,0.42000001668930054,-3.5,2.1700000762939453,0.06903251353081669,resting,null
23,right,748.8723076923077,1790837972303,9.286876678466797,-3.5103962421417236,0.32543548941612244,0.42000001668930054,-3.5,2.1700000762939453,0.07021863765486215,resting,null
23,left,761.289,1790837972332,-2.7015931606292725,-9.317984580993652,0.03110780566930771,-2.0999999046325684,-0.8400000333786011,-2.5199999809265137,0.03056957112326517,resting,null
23,left,761.2986153846153,1790837972332,-2.627413034439087,-9.329948425292969,0.07657305896282196,-2.0999999046325684,-0.8400000333786011,-2.5199999809265137,0.02945847205057079,resting,null
23,left,761.3082307692307,1790837972332,-2.699200391769409,-9.310805320739746,0.055036887526512146,-2.0999999046325684,-0.8400000333786011,-2.5199999809265137,0.028364687744920472,resting,null
23,left,761.3178461538462,1790837972332,-2.711164951324463,-9.370628356933594,0.03110780566930771,-2.0999999046325684,-0.8400000333786011,-2.5199999809265137,0.02785464102255742,resting,null
23,left,761.3274615384615,1790837972332,-2.747058391571045,-9.389771461486816,0.035893622785806656,-2.0999999046325684,-0.8400000333786011,-2.5199999809265137,0.027617972172650388,resting,null
23,left,761.3370769230769,1790837972332,-2.754237174987793,-9.416092872619629,0.04546525329351425,-2.0999999046325684,-0.8400000333786011,-2.5199999809265137,0.027644023720407668,resting,null
23,left,761.3466923076923,1790837972332,-2.7590229511260986,-9.404129028320312,0.08853759616613388,-2.0999999046325684,-0.8400000333786011,-2.5199999809265137,0.02757475149553007,resting,null
23,left,761.3563076923077,1790837972332,-2.7709875106811523,-9.36823558807373,0.035893622785806656,-2.0999999046325684,-0.8400000333786011,-2.5199999809265137,0.027204355195116683,resting,null
23,right,748.882,1790837972377,9.265339851379395,-3.500824451446533,0.3732936680316925,0.3499999940395355,-3.2200000286102295,2.0999999046325684,0.07120110030071336,resting,null
23,right,748.8916153846153,1790837972377,9.282090187072754,-3.4960386753082275,0.3613291084766388,0.3499999940395355,-3.2200000286102295,2.0999999046325684,0.07230598622912056,resting,null
23,right,748.9012307692307,1790837972377,9.260554313659668,-3.5247535705566406,0.3230426013469696,0.3499999940395355,-3.2200000286102295,2.0999999046325684,0.07330232126083888,resting,null
23,right,748.9108461538461,1790837972377,9.29644775390625,-3.5391111373901367,0.3421858549118042,0.3499999940395355,-3.2200000286102295,2.0999999046325684,0.07467555007510189,resting,null
23,right,748.9204615384615,1790837972377,9.325162887573242,-3.4888598918914795,0.3421858549118042,0.3499999940395355,-3.2200000286102295,2.0999999046325684,0.07613475139005119,resting,null
23,right,748.9300769230769,1790837972377,9.339520454406738,-3.519967794418335,0.3350071310997009,0.3499999940395355,-3.2200000286102295,2.0999999046325684,0.0778260739816047,resting,null
23,right,748.9396923076922,1790837972377,9.339520454406738,-3.582183361053467,0.2919347882270813,0.3499999940395355,-3.2200000286102295,2.0999999046325684,0.0797151645250468,resting,null
23,right,748.9493076923077,1790837972377,9.425664901733398,-3.555861473083496,0.22971917688846588,0.3499999940395355,-3.2200000286102295,2.0999999046325684,0.08226981811860115,resting,null
23,left,761.368,1790837972406,-2.7877378463745117,-9.356270790100098,0.09332341700792313,-2.1700000762939453,-0.9100000262260437,-1.9600000381469727,0.026678908051021508,resting,null
23,left,761.3776153846154,1790837972406,-2.7877378463745117,-9.310805320739746,0.055036887526512146,-2.1700000762939453,-0.9100000262260437,-1.9600000381469727,0.02582644952854852,resting,null
23,left,761.3872307692308,1790837972406,-2.735093832015991,-9.361056327819824,0.09571632742881775,-2.1700000762939453,-0.9100000262260437,-1.9600000381469727,0.025296693761450065,resting,null
23,left,761.3968461538462,1790837972406,-2.747058391571045,-9.28926944732666,0.12443122267723083,-2.1700000762939453,-0.9100000262260437,-1.9600000381469727,0.024140123849675846,resting,null
23,left,761.4064615384616,1790837972406,-2.696807384490967,-9.349091529846191,0.12203831225633621,-2.1700000762939453,-0.9100000262260437,-1.9600000381469727,0.023400113580760433,resting,null
23,left,761.416076923077,1790837972406,-2.7374868392944336,-9.39216423034668,0.14596739411354065,-2.1700000762939453,-0.9100000262260437,-1.9600000381469727,0.023170087369410113,resting,null
23,left,761.4256923076923,1790837972406,-2.7925238609313965,-9.463951110839844,0.11246667802333832,-2.1700000762939453,-0.9100000262260437,-1.9600000381469727,0.02374817392905703,resting,null
23,left,761.4353076923078,1790837972406,-2.7709875106811523,-9.523774147033691,0.1603248417377472,-2.1700000762939453,-0.9100000262260437,-1.9600000381469727,0.02482463835663818,resting,null
23,right,748.958,1790837972454,9.48788070678711,-3.598933696746826,0.2703986167907715,0.49000000953674316,-3.1500000953674316,1.8200000524520874,0.08522694703425766,resting,null
23,right,748.9676153846153,1790837972454,9.514202117919922,-3.6085054874420166,0.27997025847435,0.49000000953674316,-3.1500000953674316,1.8200000524520874,0.08876812213824954,resting,null
23,right,748.9772307692307,1790837972454,9.514202117919922,-3.5917551517486572,0.2703986167907715,0.49000000953674316,-3.1500000953674316,1.8200000524520874,0.09224820595758106,resting,null
23,right,748.9868461538462,1790837972454,9.480701446533203,-3.563040256500244,0.27757734060287476,0.49000000953674316,-3.1500000953674316,1.8200000524520874,0.09533003073983129,resting,null
23,right,748.9964615384615,1790837972454,9.483095169067383,-3.527146577835083,0.2727915346622467,0.49000000953674316,-3.1500000953674316,1.8200000524520874,0.0983096784378492,resting,null
23,right,749.0060769230769,1790837972454,9.442415237426758,-3.4936459064483643,0.26561281085014343,0.49000000953674316,-3.1500000953674316,1.8200000524520874,0.10080767335107514,resting,null
23,right,749.0156923076922,1790837972454,9.420879364013672,-3.5103962421417236,0.22971917688846588,0.49000000953674316,-3.1500000953674316,1.8200000524520874,0.10315820357642204,resting,null
23,right,749.0253076923077,1790837972454,9.40173625946045,-3.491252899169922,0.2895418703556061,0.49000000953674316,-3.1500000953674316,1.8200000524520874,0.10528523266013164,resting,null
23,left,761.447,1790837972482,-2.768594741821289,-9.492666244506836,0.13400284945964813,-2.0299999713897705,-1.1200000047683716,-1.399999976158142,0.025773161516035176,resting,null
23,left,761.4566153846154,1790837972482,-2.7590229511260986,-9.444808006286621,0.15314611792564392,-2.0299999713897705,-1.1200000047683716,-1.399999976158142,0.026088057074024305,resting,null
23,left,761.4662307692307,1790837972482,-2.7949166297912598,-9.349091529846191,0.1603248417377472,-2.0299999713897705,-1.1200000047683716,-1.399999976158142,0.025618102569023866,resting,null
23,left,761.4758461538462,1790837972482,-2.761415958404541,-9.349091529846191,0.1914326548576355,-2.0299999713897705,-1.1200000047683716,-1.399999976158142,0.025062502940210177,resting,null
23,left,761.4854615384615,1790837972482,-2.7662017345428467,-9.265339851379395,0.10528795421123505,-2.0299999713897705,-1.1200000047683716,-1.399999976158142,0.023736473377863273,resting,null
23,left,761.4950769230769,1790837972482,-2.7949166297912598,-9.303627014160156,0.18664683401584625,-2.0299999713897705,-1.1200000047683716,-1.399999976158142,0.022853256889563578,resting,null
23,left,761.5046923076923,1790837972482,-2.833203077316284,-9.325162887573242,0.10528795421123505,-2.0299999713897705,-1.1200000047683716,-1.399999976158142,0.02226322599052711,resting,null
23,left,761.5143076923077,1790837972482,-2.804488182067871,-9.380199432373047,0.13639576733112335,-2.0299999713897705,-1.1200000047683716,-1.399999976158142,0.022106132676576743,resting,null
23,right,749.034,1790837972530,9.38259220123291,-3.450573444366455,0.27997025847435,0.3499999940395355,-3.7799999713897705,1.4700000286102295,0.106926352859654,resting,null
23,right,749.0436153846154,1790837972530,9.456772804260254,-3.457752227783203,0.339792937040329,0.3499999940395355,-3.7799999713897705,1.4700000286102295,0.1094482935492712,resting,null
23,right,749.0532307692307,1790837972530,9.449594497680664,-3.505610466003418,0.2943277060985565,0.3499999940395355,-3.7799999713897705,1.4700000286102295,0.1120531785866593,resting,null
23,right,749.0628461538462,1790837972530,9.509416580200195,-3.512789011001587,0.2943277060985565,0.3499999940395355,-3.7799999713897705,1.4700000286102295,0.115219812634551,resting,null
23,right,749.0724615384615,1790837972530,9.463951110839844,-3.491252899169922,0.25843408703804016,0.3499999940395355,-3.7799999713897705,1.4700000286102295,0.11789423798553554,resting,null
23,right,749.0820769230769,1790837972530,9.483095169067383,-3.448180675506592,0.3038993179798126,0.3499999940395355,-3.7799999713897705,1.4700000286102295,0.1206082525212501,resting,null
23,right,749.0916923076923,1790837972530,9.490273475646973,-3.4194657802581787,0.27518442273139954,0.3499999940395355,-3.7799999713897705,1.4700000286102295,0.123284054344222,resting,null
23,right,749.1013076923077,1790837972530,9.423272132873535,-3.4194657802581787,0.2632198929786682,0.3499999940395355,-3.7799999713897705,1.4700000286102295,0.12535163118990633,resting,null
23,left,761.526,1790837972555,-2.8499536514282227,-9.440022468566895,0.13639576733112335,-1.8200000524520874,-1.2599999904632568,-1.5399999618530273,0.022737442103235465,resting,null
23,left,761.5356153846153,1790837972555,-2.8714897632598877,-9.406521797180176,0.09571632742881775,-1.8200000524520874,-1.2599999904632568,-1.5399999618530273,0.023003084541828284,resting,null
23,left,761.5452307692307,1790837972555,-2.8571321964263916,-9.408914566040039,0.08853759616613388,-1.8200000524520874,-1.2599999904632568,-1.5399999618530273,0.023250338881370812,resting,null
23,left,761.5548461538461,1790837972555,-2.895418882369995,-9.387378692626953,0.1411815732717514,-1.8200000524520874,-1.2599999904632568,-1.5399999618530273,0.023411975521619673,resting,null
23,left,761.5644615384615,1790837972555,-2.8643109798431396,-9.363449096679688,0.11964540183544159,-1.8200000524520874,-1.2599999904632568,-1.5399999618530273,0.023264549681194843,resting,null
23,left,761.5740769230769,1790837972555,-2.859525203704834,-9.337127685546875,0.10289505124092102,-1.8200000524520874,-1.2599999904632568,-1.5399999618530273,0.02286006021414437,resting,null
23,left,761.5836923076922,1790837972555,-2.8834543228149414,-9.294054985046387,0.11725249886512756,-1.8200000524520874,-1.2599999904632568,-1.5399999618530273,0.02212911891855345,resting,null
23,left,761.5933076923077,1790837972555,-2.888240098953247,-9.277304649353027,0.10289505124092102,-1.8200000524520874,-1.2599999904632568,-1.5399999618530273,0.021257103891548747,resting,null
23,right,749.109,1790837972603,9.416092872619629,-3.374000310897827,0.29672059416770935,0.2800000011920929,-3.7799999713897705,1.399999976158142,0.12684045513606274,resting,null
23,right,749.1186153846154,1790837972603,9.358663558959961,-3.371607542037964,0.284756064414978,0.2800000011920929,-3.7799999713897705,1.399999976158142,0.12817162604698956,resting,null
23,right,749.1282307692308,1790837972603,9.406521797180176,-3.393143653869629,0.29911351203918457,0.2800000011920929,-3.7799999713897705,1.399999976158142,0.13000885856523,resting,null
23,right,749.1378461538462,1790837972603,9.38498592376709,-3.443394660949707,0.2943277060985565,0.2800000011920929,-3.7799999713897705,1.399999976158142,0.1318144743244783,resting,null
23,right,749.1474615384616,1790837972603,9.420879364013672,-3.47210955619812,0.27997025847435,0.2800000011920929,-3.7799999713897705,1.399999976158142,0.13403442334318472,resting,null
23,right,749.1570769230769,1790837972603,9.432844161987305,-3.448180675506592,0.32782840728759766,0.2800000011920929,-3.7799999713897705,1.399999976158142,0.1362949087861205,resting,null
23,right,749.1666923076923,1790837972603,9.511809349060059,-3.393143653869629,0.31825676560401917,0.2800000011920929,-3.7799999713897705,1.399999976158142,0.1390831740208902,resting,null
23,right,749.1763076923078,1790837972603,9.55009651184082,-3.4170727729797363,0.32543548941612244,0.2800000011920929,-3.7799999713897705,1.399999976158142,0.14229717215534513,resting,null
23,left,761.605,1790837972645,-2.8762755393981934,-9.31319808959961,0.10289505124092102,-1.6100000143051147,-1.190000057220459,-1.8200000524520874,0.020556453441670675,resting,null
23,left,761.6146153846154,1790837972645,-2.902597427368164,-9.361056327819824,0.07418014854192734,-1.6100000143051147,-1.190000057220459,-1.8200000524520874,0.020491974584495313,resting,null
23,left,761.6242307692307,1790837972645,-2.8427748680114746,-9.377806663513184,0.07896596938371658,-1.6100000143051147,-1.190000057220459,-1.8200000524520874,0.020413570490865004,resting,null
23,left,761.6338461538462,1790837972645,-2.873882532119751,-9.38259220123291,0.09571632742881775,-1.6100000143051147,-1.190000057220459,-1.8200000524520874,0.020467928013995173,resting,null
23,left,761.6434615384616,1790837972645,-2.9265265464782715,-9.451987266540527,0.07178724557161331,-1.6100000143051147,-1.190000057220459,-1.8200000524520874,0.021306284737250606,resting,null
23,left,761.6530769230769,1790837972645,-3.0126712322235107,-9.47113037109375,0.06939433515071869,-1.6100000143051147,-1.190000057220459,-1.8200000524520874,0.02256440912800217,resting,null
23,left,761.6626923076923,1790837972645,-2.9672060012817383,-9.490273475646973,0.07178724557161331,-1.6100000143051147,-1.190000057220459,-1.8200000524520874,0.02386937295602439,resting,null
23,left,761.6723076923078,1790837972645,-2.852346420288086,-9.468737602233887,0.04546525329351425,-1.6100000143051147,-1.190000057220459,-1.8200000524520874,0.024648455272312686,resting,null
23,right,749.185,1790837972693,9.56684684753418,-3.4816813468933105,0.29911351203918457,0.21000000834465027,-3.569999933242798,1.3300000429153442,0.14552345051366408,resting,null
23,right,749.1946153846153,1790837972693,9.569239616394043,-3.49843168258667,0.3445787727832794,0.21000000834465027,-3.569999933242798,1.3300000429153442,0.14918033464973193,resting,null
23,right,749.2042307692307,1790837972693,9.526166915893555,-3.4601449966430664,0.31825676560401917,0.21000000834465027,-3.569999933242798,1.3300000429153442,0.1523133244904904,resting,null
23,right,749.2138461538461,1790837972693,9.466344833374023,-3.5032174587249756,0.3350071310997009,0.21000000834465027,-3.569999933242798,1.3300000429153442,0.15505201967506274,resting,null
23,right,749.2234615384615,1790837972693,9.423272132873535,-3.5606472492218018,0.33740004897117615,0.21000000834465027,-3.569999933242798,1.3300000429153442,0.15759294202954058,resting,null
23,right,749.2330769230769,1790837972693,9.361056327819824,-3.5319323539733887,0.39004403352737427,0.21000000834465027,-3.569999933242798,1.3300000429153442,0.15949329327063538,resting,null
23,right,749.2426923076922,1790837972693,9.349091529846191,-3.5367181301116943,0.34697166085243225,0.21000000834465027,-3.569999933242798,1.3300000429153442,0.16128921069062715,resting,null
23,right,749.2523076923077,1790837972693,9.40173625946045,-3.484074115753174,0.3206496834754944,0.21000000834465027,-3.569999933242798,1.3300000429153442,0.16337421305523453,resting,null
23,left,761.684,1790837972720,-2.8068811893463135,-9.468737602233887,0.016750356182456017,-1.4700000286102295,-0.9800000190734863,-1.6800000667572021,0.02543969564131147,resting,null
23,left,761.6936153846153,1790837972720,-2.7949166297912598,-9.37541389465332,0.07178724557161331,-1.4700000286102295,-0.9800000190734863,-1.6800000667572021,0.025202854096051594,resting,null
23,left,761.7032307692307,1790837972720,-2.7949166297912598,-9.358663558959961,0.059822700917720795,-1.4700000286102295,-0.9800000190734863,-1.6800000667572021,0.02481210479109597,resting,null
23,left,761.7128461538462,1790837972720,-2.7925238609313965,-9.351485252380371,0.03828652948141098,-1.4700000286102295,-0.9800000190734863,-1.6800000667572021,0.02434802134092013,resting,null
23,left,761.7224615384615,1790837972720,-2.732701063156128,-9.329948425292969,0.03828652948141098,-1.4700000286102295,-0.9800000190734863,-1.6800000667572021,0.02352198826579153,resting,null
23,left,761.7320769230769,1790837972720,-2.6896286010742188,-9.337127685546875,0.07657305896282196,-1.4700000286102295,-0.9800000190734863,-1.6800000667572021,0.022647631892543575,resting,null
23,left,761.7416923076922,1790837972720,-2.720736503601074,-9.387378692626953,0.03350071236491203,-1.4700000286102295,-0.9800000190734863,-1.6800000667572021,0.022320321280129275,resting,null
23,left,761.7513076923077,1790837972720,-2.718343496322632,-9.416092872619629,0.06939433515071869,-1.4700000286102295,-0.9800000190734863,-1.6800000667572021,0.022253574325081415,resting,null
23,right,749.261,1790837972768,9.315590858459473,-3.5175747871398926,0.3517574965953827,0,-4.059999942779541,1.1200000047683716,0.16466709216210348,resting,null
23,right,749.2706153846153,1790837972768,9.349091529846191,-3.5438969135284424,0.36850783228874207,0,-4.059999942779541,1.1200000047683716,0.16649241145738766,resting,null
23,right,749.2802307692307,1790837972768,9.425664901733398,-3.519967794418335,0.3421858549118042,0,-4.059999942779541,1.1200000047683716,0.16891732829571499,resting,null
23,right,749.2898461538462,1790837972768,9.451987266540527,-3.5534684658050537,0.29911351203918457,0,-4.059999942779541,1.1200000047683716,0.1716774987293778,resting,null
23,right,749.2994615384615,1790837972768,9.47830867767334,-3.5462896823883057,0.2703986167907715,0,-4.059999942779541,1.1200000047683716,0.17464098681826268,resting,null
23,right,749.3090769230769,1790837972768,9.502238273620605,-3.5175747871398926,0.3110780417919159,0,-4.059999942779541,1.1200000047683716,0.1777333600012503,resting,null
23,right,749.3186923076922,1790837972768,9.447200775146484,-3.5103962421417236,0.3038993179798126,0,-4.059999942779541,1.1200000047683716,0.18030286655021072,resting,null
23,right,749.3283076923077,1790837972768,9.475915908813477,-3.519967794418335,0.34697166085243225,0,-4.059999942779541,1.1200000047683716,0.18317425813861749,resting,null
23,left,761.764,1790837972795,-2.7566301822662354,-9.39934253692627,0.07896596938371658,-1.0499999523162842,-1.1200000047683716,-2.0999999046325684,0.022098394314105485,resting,null
23,left,761.7736153846154,1790837972795,-2.7374868392944336,-9.387378692626953,0.12203831225633621,-1.0499999523162842,-1.1200000047683716,-2.0999999046325684,0.021822260971684392,resting,null
23,left,761.7832307692307,1790837972795,-2.692021608352661,-9.36584186553955,0.09332341700792313,-1.0499999523162842,-1.1200000047683716,-2.0999999046325684,0.021223823444599475,resting,null
23,left,761.7928461538462,1790837972795,-2.7159507274627686,-9.363449096679688,0.08375178277492523,-1.0499999523162842,-1.1200000047683716,-2.0999999046325684,0.020666728732728377,resting,null
23,left,761.8024615384616,1790837972795,-2.782952070236206,-9.408914566040039,0.08135887235403061,-1.0499999523162842,-1.1200000047683716,-2.0999999046325684,0.02070959755868104,resting,null
23,left,761.8120769230769,1790837972795,-2.852346420288086,-9.334734916687012,0.10289505124092102,-1.0499999523162842,-1.1200000047683716,-2.0999999046325684,0.020258760213714793,resting,null
23,left,761.8216923076923,1790837972795,-2.8403818607330322,-9.341913223266602,0.047858163714408875,-1.0499999523162842,-1.1200000047683716,-2.0999999046325684,0.019838593629765006,resting,null
23,left,761.8313076923077,1790837972795,-2.852346420288086,-9.315590858459473,0.12203831225633621,-1.0499999523162842,-1.1200000047683716,-2.0999999046325684,0.019215565578958208,resting,null
23,right,749.337,1790837972843,9.502238273620605,-3.5295393466949463,0.2943277060985565,-0.3499999940395355,-4.059999942779541,0.9100000262260437,0.18599834239661292,resting,null
23,right,749.3466153846153,1790837972843,9.55009651184082,-3.400322437286377,0.3134709596633911,-0.3499999940395355,-4.059999942779541,0.9100000262260437,0.18912670005675616,resting,null
23,right,749.3562307692307,1790837972843,9.475915908813477,-3.3046059608459473,0.3326142132282257,-0.3499999940395355,-4.059999942779541,0.9100000262260437,0.1912741785395483,resting,null
23,right,749.3658461538462,1790837972843,9.490273475646973,-3.3141777515411377,0.2919347882270813,-0.3499999940395355,-4.059999942779541,0.9100000262260437,0.19357348744987257,resting,null
23,right,749.3754615384615,1790837972843,9.416092872619629,-3.4242515563964844,0.25843408703804016,-0.3499999940395355,-4.059999942779541,0.9100000262260437,0.19555709671174162,resting,null
23,right,749.3850769230769,1790837972843,9.47830867767334,-3.4936459064483643,0.29672059416770935,-0.3499999940395355,-4.059999942779541,0.9100000262260437,0.19833965263523556,resting,null
23,right,749.3946923076923,1790837972843,9.437629699707031,-3.5223608016967773,0.2703986167907715,-0.3499999940395355,-4.059999942779541,0.9100000262260437,0.2008430738166563,resting,null
23,right,749.4043076923077,1790837972843,9.430450439453125,-3.5750045776367188,0.2105759084224701,-0.3499999940395355,-4.059999942779541,0.9100000262260437,0.20344259726115893,resting,null
23,left,761.843,1790837972885,-2.845167636871338,-9.329948425292969,0.14357449114322662,-1.0499999523162842,-1.190000057220459,-1.4700000286102295,0.018599185243900383,resting,null
23,left,761.8526153846153,1790837972885,-2.8140599727630615,-9.428057670593262,0.14596739411354065,-1.0499999523162842,-1.190000057220459,-1.4700000286102295,0.018911441352718546,resting,null
23,left,761.8622307692307,1790837972885,-2.739879846572876,-9.45438003540039,0.11964540183544159,-1.0499999523162842,-1.190000057220459,-1.4700000286102295,0.019260977256759668,resting,null
23,left,761.8718461538461,1790837972885,-2.68245005607605,-9.432844161987305,0.15793193876743317,-1.0499999523162842,-1.190000057220459,-1.4700000286102295,0.019261412267625247,resting,null
23,left,761.8814615384615,1790837972885,-2.620234251022339,-9.387378692626953,0.1698964685201645,-1.0499999523162842,-1.190000057220459,-1.4700000286102295,0.01867802378904395,resting,null
23,left,761.8910769230769,1790837972885,-2.591519355773926,-9.339520454406738,0.1914326548576355,-1.0499999523162842,-1.190000057220459,-1.4700000286102295,0.017581152634283816,resting,null
23,left,761.9006923076922,1790837972885,-2.6465563774108887,-9.346698760986328,0.14357449114322662,-1.0499999523162842,-1.190000057220459,-1.4700000286102295,0.016693234448347756,resting,null
23,left,761.9103076923077,1790837972885,-2.627413034439087,-9.334734916687012,0.19382555782794952,-1.0499999523162842,-1.190000057220459,-1.4700000286102295,0.015652078286298325,resting,null
23,right,749.413,1790837972917,9.363449096679688,-3.6132912635803223,0.26800569891929626,-0.07000000029802322,-4.550000190734863,0.7699999809265137,0.20537525812521584,resting,null
23,right,749.4226153846154,1790837972917,9.346698760986328,-3.5797905921936035,0.2632198929786682,-0.07000000029802322,-4.550000190734863,0.7699999809265137,0.2072494093597101,resting,null
23,right,749.4322307692307,1790837972917,9.349091529846191,-3.6132912635803223,0.2321120798587799,-0.07000000029802322,-4.550000190734863,0.7699999809265137,0.20925187339676676,resting,null
23,right,749.4418461538462,1790837972917,9.363449096679688,-3.54150390625,0.22014755010604858,-0.07000000029802322,-4.550000190734863,0.7699999809265137,0.21113670860687767,resting,null
23,right,749.4514615384616,1790837972917,9.442415237426758,-3.491252899169922,0.20579010248184204,-0.07000000029802322,-4.550000190734863,0.7699999809265137,0.21355759852389414,resting,null
23,right,749.4610769230769,1790837972917,9.4950590133667,-3.4386088848114014,0.24646952748298645,-0.07000000029802322,-4.550000190734863,0.7699999809265137,0.2162822120773927,resting,null
23,right,749.4706923076923,1790837972917,9.47830867767334,-3.450573444366455,0.24886244535446167,-0.07000000029802322,-4.550000190734863,0.7699999809265137,0.2188968292989468,resting,null
23,right,749.4803076923077,1790837972917,9.509416580200195,-3.371607542037964,0.25604116916656494,-0.07000000029802322,-4.550000190734863,0.7699999809265137,0.22152883104402327,resting,null
23,left,761.922,1790837972960,-2.692021608352661,-9.387378692626953,0.13878867030143738,-0.8400000333786011,-1.2599999904632568,-0.6299999952316284,0.01517639708169752,resting,null
23,left,761.9316153846154,1790837972960,-2.732701063156128,-9.38498592376709,0.15553902089595795,-0.8400000333786011,-1.2599999904632568,-0.6299999952316284,0.014874098940517092,resting,null
23,left,761.9412307692307,1790837972960,-2.732701063156128,-9.416092872619629,0.17468228936195374,-0.8400000333786011,-1.2599999904632568,-0.6299999952316284,0.01486210274067569,resting,null
23,left,761.9508461538462,1790837972960,-2.761415958404541,-9.428057670593262,0.1698964685201645,-0.8400000333786011,-1.2599999904632568,-0.6299999952316284,0.015036981399016509,resting,null
23,left,761.9604615384616,1790837972960,-2.7638089656829834,-9.39216423034668,0.1698964685201645,-0.8400000333786011,-1.2599999904632568,-0.6299999952316284,0.014887389348473548,resting,null
23,left,761.9700769230769,1790837972960,-2.747058391571045,-9.46155834197998,0.19861137866973877,-0.8400000333786011,-1.2599999904632568,-0.6299999952316284,0.015337708216013917,resting,null
23,left,761.9796923076923,1790837972960,-2.747058391571045,-9.47113037109375,0.11246667802333832,-0.8400000333786011,-1.2599999904632568,-0.6299999952316284,0.01586203427406553,resting,null
23,left,761.9893076923078,1790837972960,-2.768594741821289,-9.440022468566895,0.14836029708385468,-0.8400000333786011,-1.2599999904632568,-0.6299999952316284,0.016162958957700035,resting,null
23,right,749.489,1790837972992,9.463951110839844,-3.421858549118042,0.21775463223457336,-0.42000001668930054,-4.340000152587891,0.49000000953674316,0.22368311062459015,resting,null
23,right,749.4986153846154,1790837972992,9.468737602233887,-3.4098939895629883,0.2321120798587799,-0.42000001668930054,-4.340000152587891,0.49000000953674316,0.22607215958236512,resting,null
23,right,749.5082307692307,1790837972992,9.490273475646973,-3.378786325454712,0.2416837215423584,-0.42000001668930054,-4.340000152587891,0.49000000953674316,0.22855441114403902,resting,null
23,right,749.5178461538462,1790837972992,9.483095169067383,-3.378786325454712,0.26800569891929626,-0.42000001668930054,-4.340000152587891,0.49000000953674316,0.2309767548073422,resting,null
23,right,749.5274615384616,1790837972992,9.440022468566895,-3.35964298248291,0.2943277060985565,-0.42000001668930054,-4.340000152587891,0.49000000953674316,0.23295215714887246,resting,null
23,right,749.5370769230769,1790837972992,9.456772804260254,-3.352464199066162,0.25843408703804016,-0.42000001668930054,-4.340000152587891,0.49000000953674316,0.23504829250535353,resting,null
23,right,749.5466923076923,1790837972992,9.39216423034668,-3.2782840728759766,0.2512553632259369,-0.42000001668930054,-4.340000152587891,0.49000000953674316,0.23631726904776154,resting,null
23,right,749.5563076923078,1790837972992,9.361056327819824,-3.2926416397094727,0.2823631465435028,-0.42000001668930054,-4.340000152587891,0.49000000953674316,0.23735828961219904,resting,null
23,left,762.002,1790837973035,-2.754237174987793,-9.38498592376709,0.1411815732717514,-0.7699999809265137,-1.2599999904632568,-1.3300000429153442,0.01583754691275402,resting,null
23,left,762.0116153846153,1790837973035,-2.739879846572876,-9.406521797180176,0.11964540183544159,-0.7699999809265137,-1.2599999904632568,-1.3300000429153442,0.015748291682044644,resting,null
23,left,762.0212307692307,1790837973035,-2.7566301822662354,-9.351485252380371,0.13400284945964813,-0.7699999809265137,-1.2599999904632568,-1.3300000429153442,0.015198541368234163,resting,null
23,left,762.0308461538461,1790837973035,-2.732701063156128,-9.37541389465332,0.12682412564754486,-0.7699999809265137,-1.2599999904632568,-1.3300000429153442,0.014804182792624736,resting,null
23,left,762.0404615384615,1790837973035,-2.703986167907715,-9.327555656433105,0.1411815732717514,-0.7699999809265137,-1.2599999904632568,-1.3300000429153442,0.01389324700381393,resting,null
23,left,762.0500769230769,1790837973035,-2.6680924892425537,-9.332341194152832,0.12682412564754486,-0.7699999809265137,-1.2599999904632568,-1.3300000429153442,0.012929466929112357,resting,null
23,left,762.0596923076922,1790837973035,-2.739879846572876,-9.413700103759766,0.13639576733112335,-0.7699999809265137,-1.2599999904632568,-1.3300000429153442,0.012909891795739793,resting,null
23,left,762.0693076923077,1790837973035,-2.7590229511260986,-9.442415237426758,0.11007377505302429,-0.7699999809265137,-1.2599999904632568,-1.3300000429153442,0.013203464371876196,resting,null
23,right,749.565,1790837973068,9.322770118713379,-3.302213191986084,0.3326142132282257,-0.3499999940395355,-4.690000057220459,0.49000000953674316,0.23802388967077376,resting,null
23,right,749.5746153846154,1790837973068,9.36584186553955,-3.2974274158477783,0.26800569891929626,-0.3499999940395355,-4.690000057220459,0.49000000953674316,0.23912117396944585,resting,null
23,right,749.5842307692308,1790837973068,9.406521797180176,-3.3357138633728027,0.2727915346622467,-0.3499999940395355,-4.690000057220459,0.49000000953674316,0.24071119262064097,resting,null
23,right,749.5938461538462,1790837973068,9.351485252380371,-3.3572499752044678,0.26561281085014343,-0.3499999940395355,-4.690000057220459,0.49000000953674316,0.2418707007072263,resting,null
23,right,749.6034615384616,1790837973068,9.36823558807373,-3.35964298248291,0.2895418703556061,-0.3499999940395355,-4.690000057220459,0.49000000953674316,0.2431945651442783,resting,null
23,right,749.613076923077,1790837973068,9.389771461486816,-3.3548572063446045,0.3302213251590729,-0.3499999940395355,-4.690000057220459,0.49000000953674316,0.24470684755862687,resting,null
23,right,749.6226923076923,1790837973068,9.389771461486816,-3.374000310897827,0.3134709596633911,-0.3499999940395355,-4.690000057220459,0.49000000953674316,0.24627692131047987,resting,null
23,right,749.6323076923078,1790837973068,9.411307334899902,-3.393143653869629,0.27997025847435,-0.3499999940395355,-4.690000057220459,0.49000000953674316,0.248095374190761,resting,null
23,left,762.081,1790837973110,-2.7231295108795166,-9.46155834197998,0.10528795421123505,-0.49000000953674316,-1.4700000286102295,-1.3300000429153442,0.013657837155391478,resting,null
23,left,762.0906153846154,1790837973110,-2.7303080558776855,-9.47113037109375,0.07896596938371658,-0.49000000953674316,-1.4700000286102295,-1.3300000429153442,0.01413630335160244,resting,null
23,left,762.1002307692307,1790837973110,-2.6537351608276367,-9.57402515411377,0.16511066257953644,-0.49000000953674316,-1.4700000286102295,-1.3300000429153442,0.015371208534988174,resting,null
23,left,762.1098461538462,1790837973110,-2.6680924892425537,-9.554882049560547,0.08375178277492523,-0.49000000953674316,-1.4700000286102295,-1.3300000429153442,0.01645932634537449,resting,null
23,left,762.1194615384616,1790837973110,-2.7159507274627686,-9.583597183227539,0.11246667802333832,-0.49000000953674316,-1.4700000286102295,-1.3300000429153442,0.017941030198024704,resting,null
23,left,762.1290769230769,1790837973110,-2.6872358322143555,-9.590775489807129,0.12443122267723083,-0.49000000953674316,-1.4700000286102295,-1.3300000429153442,0.019414910746313675,resting,null
23,left,762.1386923076923,1790837973110,-2.68245005607605,-9.552489280700684,0.12203831225633621,-0.49000000953674316,-1.4700000286102295,-1.3300000429153442,0.020521063396507538,resting,null
23,left,762.1483076923078,1790837973110,-2.703986167907715,-9.530953407287598,0.12921704351902008,-0.49000000953674316,-1.4700000286102295,-1.3300000429153442,0.02148450184967345,resting,null
23,right,749.64,1790837973143,9.404129028320312,-3.4673237800598145,0.2919347882270813,0,-4.619999885559082,0.2800000011920929,0.24969352466395894,resting,null
23,right,749.6496153846153,1790837973143,9.418486595153809,-3.505610466003418,0.3230426013469696,0,-4.619999885559082,0.2800000011920929,0.2519537917635172,resting,null
23,right,749.6592307692307,1790837973143,9.394556999206543,-3.548682689666748,0.31825676560401917,0,-4.619999885559082,0.2800000011920929,0.2541386432345254,resting,null
23,right,749.6688461538462,1790837973143,9.418486595153809,-3.505610466003418,0.3015064299106598,0,-4.619999885559082,0.2800000011920929,0.25639374858355357,resting,null
23,right,749.6784615384615,1790837973143,9.411307334899902,-3.4314301013946533,0.2727915346622467,0,-4.619999885559082,0.2800000011920929,0.2583311848330788,resting,null
23,right,749.6880769230769,1790837973143,9.416092872619629,-3.4194657802581787,0.29672059416770935,0,-4.619999885559082,0.2800000011920929,0.2602777256320623,resting,null
23,right,749.6976923076923,1790837973143,9.430450439453125,-3.4027152061462402,0.25604116916656494,0,-4.619999885559082,0.2800000011920929,0.26228783733243516,resting,null
23,right,749.7073076923077,1790837973143,9.528559684753418,-3.4410018920898438,0.23929080367088318,0,-4.619999885559082,0.2800000011920929,0.2653046395822119,resting,null
23,right,749.716,1790837973218,9.507023811340332,-3.414679765701294,0.24407662451267242,-0.07000000029802322,-4.340000152587891,0.21000000834465027,0.26777813524016514,resting,null
23,right,749.7256153846154,1790837973218,9.475915908813477,-3.4051082134246826,0.2512553632259369,-0.07000000029802322,-4.340000152587891,0.21000000834465027,0.27020231037007275,resting,null
23,right,749.7352307692307,1790837973218,9.444808006286621,-3.4529664516448975,0.25604116916656494,-0.07000000029802322,-4.340000152587891,0.21000000834465027,0.27250146647362133,resting,null
23,right,749.7448461538462,1790837973218,9.428057670593262,-3.476895570755005,0.25604116916656494,-0.07000000029802322,-4.340000152587891,0.21000000834465027,0.2747272665721563,resting,null
23,right,749.7544615384616,1790837973218,9.416092872619629,-3.486467123031616,0.26800569891929626,-0.07000000029802322,-4.340000152587891,0.21000000834465027,0.27687889985779524,resting,null
23,right,749.7640769230769,1790837973218,9.325162887573242,-3.3955366611480713,0.2536482512950897,-0.07000000029802322,-4.340000152587891,0.21000000834465027,0.2779059383399246,resting,null
23,right,749.7736923076923,1790837973218,9.267732620239258,-3.4194657802581787,0.27997025847435,-0.07000000029802322,-4.340000152587891,0.21000000834465027,0.27849946446561596,resting,null
23,right,749.7833076923077,1790837973218,9.174409866333008,-3.4816813468933105,0.284756064414978,-0.07000000029802322,-4.340000152587891,0.21000000834465027,0.278458943481891,resting,null
23,left,762.161,1790837973246,-2.7279152870178223,-9.542917251586914,0.13878867030143738,-0.8400000333786011,-1.399999976158142,-1.0499999523162842,0.022986170557526428,resting,null
23,left,762.1706153846153,1790837973246,-2.7781662940979004,-9.607525825500488,0.13400284945964813,-0.8400000333786011,-1.399999976158142,-1.0499999523162842,0.024852463233356267,resting,null
23,left,762.1802307692307,1790837973246,-2.7374868392944336,-9.64341926574707,0.09571632742881775,-0.8400000333786011,-1.399999976158142,-1.0499999523162842,0.026937672046782886,resting,null
23,left,762.1898461538461,1790837973246,-2.7087719440460205,-9.66016960144043,0.1698964685201645,-0.8400000333786011,-1.399999976158142,-1.0499999523162842,0.029110525019273734,resting,null
23,left,762.1994615384615,1790837973246,-2.684842824935913,-9.609918594360352,0.1507532149553299,-0.8400000333786011,-1.399999976158142,-1.0499999523162842,0.030753212577896094,resting,null
23,left,762.2090769230769,1790837973246,-2.7231295108795166,-9.559667587280273,0.12203831225633621,-0.8400000333786011,-1.399999976158142,-1.0499999523162842,0.032026651322849264,resting,null
23,left,762.2186923076922,1790837973246,-2.7518444061279297,-9.576417922973633,0.13639576733112335,-0.8400000333786011,-1.399999976158142,-1.0499999523162842,0.03353183419150833,resting,null
23,left,762.2283076923077,1790837973246,-2.7015931606292725,-9.473523139953613,0.10768086463212967,-0.8400000333786011,-1.399999976158142,-1.0499999523162842,0.03394954508969116,resting,null
23,left,762.24,1790837973275,-2.634591817855835,-9.428057670593262,0.13400284945964813,-1.3300000429153442,-1.1200000047683716,-1.4700000286102295,0.033736533983380876,resting,null
23,left,762.2496153846154,1790837973275,-2.577162027359009,-9.358663558959961,0.181861013174057,-1.3300000429153442,-1.1200000047683716,-1.4700000286102295,0.0327766354868659,resting,null
23,left,762.2592307692307,1790837973275,-2.598698139190674,-9.322770118713379,0.2010042816400528,-1.3300000429153442,-1.1200000047683716,-1.4700000286102295,0.031544372421363535,resting,null
23,left,762.2688461538462,1790837973275,-2.5532329082489014,-9.327555656433105,0.181861013174057,-1.3300000429153442,-1.1200000047683716,-1.4700000286102295,0.030237497895467497,resting,null
23,left,762.2784615384616,1790837973275,-2.58673357963562,-9.327555656433105,0.18425391614437103,-1.3300000429153442,-1.1200000047683716,-1.4700000286102295,0.02901836401384735,resting,null
23,left,762.2880769230769,1790837973275,-2.5747690200805664,-9.339520454406738,0.20339718461036682,-1.3300000429153442,-1.1200000047683716,-1.4700000286102295,0.027883385645736017,resting,null
23,left,762.2976923076923,1790837973275,-2.598698139190674,-9.404129028320312,0.2010042816400528,-1.3300000429153442,-1.1200000047683716,-1.4700000286102295,0.027408522788270318,resting,null
23,left,762.3073076923077,1790837973275,-2.5532329082489014,-9.526166915893555,0.2225404530763626,-1.3300000429153442,-1.1200000047683716,-1.4700000286102295,0.027953071111680685,resting,null
23,right,749.793,1790837973293,9.172017097473145,-3.4457876682281494,0.1698964685201645,-0.07000000029802322,-4.550000190734863,0.07000000029802322,0.2782507670782867,resting,null
23,right,749.8026153846154,1790837973293,9.179195404052734,-3.407501220703125,0.24646952748298645,-0.07000000029802322,-4.550000190734863,0.07000000029802322,0.2779986621715213,resting,null
23,right,749.8122307692307,1790837973293,9.207910537719727,-3.4027152061462402,0.1722893863916397,-0.07000000029802322,-4.550000190734863,0.07000000029802322,0.27797382348051763,resting,null
23,right,749.8218461538462,1790837973293,9.215088844299316,-3.4673237800598145,0.2010042816400528,-0.07000000029802322,-4.550000190734863,0.07000000029802322,0.278235775160188,resting,null
23,right,749.8314615384616,1790837973293,9.308412551879883,-3.42903733253479,0.17468228936195374,-0.07000000029802322,-4.550000190734863,0.07000000029802322,0.27920521767179995,resting,null
23,right,749.8410769230769,1790837973293,9.358663558959961,-3.4816813468933105,0.17946811020374298,-0.07000000029802322,-4.550000190734863,0.07000000029802322,0.2808036543390869,resting,null
23,right,749.8506923076923,1790837973293,9.408914566040039,-3.512789011001587,0.2010042816400528,-0.07000000029802322,-4.550000190734863,0.07000000029802322,0.2829618868697412,resting,null
23,right,749.8603076923077,1790837973293,9.432844161987305,-3.5726118087768555,0.19621846079826355,-0.07000000029802322,-4.550000190734863,0.07000000029802322,0.28553527753033486,resting,null
23,left,762.319,1790837973350,-2.5556259155273438,-9.55009651184082,0.1914326548576355,-0.8400000333786011,-1.2599999904632568,-1.1200000047683716,0.02888632593449359,resting,null
23,left,762.3286153846153,1790837973350,-2.598698139190674,-9.607525825500488,0.181861013174057,-0.8400000333786011,-1.2599999904632568,-1.1200000047683716,0.030292802880823963,resting,null
23,left,762.3382307692307,1790837973350,-2.605876922607422,-9.518988609313965,0.2321120798587799,-0.8400000333786011,-1.2599999904632568,-1.1200000047683716,0.030904722564004658,resting,null
23,left,762.3478461538461,1790837973350,-2.615448474884033,-9.47830867767334,0.22971917688846588,-0.8400000333786011,-1.2599999904632568,-1.1200000047683716,0.03116338739349515,resting,null
23,left,762.3574615384615,1790837973350,-2.6321988105773926,-9.394556999206543,0.2321120798587799,-0.8400000333786011,-1.2599999904632568,-1.1200000047683716,0.030689193988906155,resting,null
23,left,762.3670769230769,1790837973350,-2.6465563774108887,-9.38259220123291,0.2129688262939453,-0.8400000333786011,-1.2599999904632568,-1.1200000047683716,0.030138029410297286,resting,null
23,left,762.3766923076922,1790837973350,-2.565197467803955,-9.468737602233887,0.23689790070056915,-0.8400000333786011,-1.2599999904632568,-1.1200000047683716,0.030183247891760436,resting,null
23,left,762.3863076923077,1790837973350,-2.5556259155273438,-9.581204414367676,0.23929080367088318,-0.8400000333786011,-1.2599999904632568,-1.1200000047683716,0.031248082951644395,resting,null
23,right,749.869,1790837973368,9.423272132873535,-3.436216115951538,0.18664683401584625,-0.14000000059604645,-4.130000114440918,0,0.2873665115568589,resting,null
23,right,749.8786153846154,1790837973368,9.310805320739746,-3.3763933181762695,0.19621846079826355,-0.14000000059604645,-4.130000114440918,0,0.28818068807655417,resting,null
23,right,749.8882307692307,1790837973368,9.265339851379395,-3.3285350799560547,0.1603248417377472,-0.14000000059604645,-4.130000114440918,0,0.28842076273690737,resting,null
23,right,749.8978461538462,1790837973368,9.291662216186523,-3.364428758621216,0.18903973698616028,-0.14000000059604645,-4.130000114440918,0,0.2890226527085596,resting,null
23,right,749.9074615384616,1790837973368,9.332341194152832,-3.3955366611480713,0.20339718461036682,-0.14000000059604645,-4.130000114440918,0,0.29009685702757926,resting,null
23,right,749.9170769230769,1790837973368,9.344305992126465,-3.4529664516448975,0.17946811020374298,-0.14000000059604645,-4.130000114440918,0,0.29146467247256574,resting,null
23,right,749.9266923076923,1790837973368,9.36823558807373,-3.5223608016967773,0.1914326548576355,-0.14000000059604645,-4.130000114440918,0,0.2932808690497098,resting,null
23,right,749.9363076923078,1790837973368,9.413700103759766,-3.5582542419433594,0.17946811020374298,-0.14000000059604645,-4.130000114440918,0,0.2956247491081237,resting,null
23,left,762.398,1790837973441,-2.507767677307129,-9.612311363220215,0.24646952748298645,-0.9100000262260437,-1.1200000047683716,-1.4700000286102295,0.032750872956080423,resting,null
23,left,762.4076153846154,1790837973441,-2.4981961250305176,-9.698456764221191,0.24646952748298645,-0.9100000262260437,-1.1200000047683716,-1.4700000286102295,0.03476353900534941,resting,null
23,left,762.4172307692307,1790837973441,-2.5532329082489014,-9.626668930053711,0.27757734060287476,-0.9100000262260437,-1.1200000047683716,-1.4700000286102295,0.036252432537070445,resting,null
23,left,762.4268461538462,1790837973441,-2.579555034637451,-9.6697416305542,0.25604116916656494,-0.9100000262260437,-1.1200000047683716,-1.4700000286102295,0.03820061604531292,resting,null
23,left,762.4364615384616,1790837973441,-2.5412683486938477,-9.664956092834473,0.2727915346622467,-0.9100000262260437,-1.1200000047683716,-1.4700000286102295,0.04001333121865134,resting,null
23,left,762.4460769230769,1790837973441,-2.4981961250305176,-9.712814331054688,0.25604116916656494,-0.9100000262260437,-1.1200000047683716,-1.4700000286102295,0.04216083692653118,resting,null
23,left,762.4556923076923,1790837973441,-2.5388755798339844,-9.676919937133789,0.2321120798587799,-0.9100000262260437,-1.1200000047683716,-1.4700000286102295,0.04406720684593414,resting,null
23,left,762.4653076923078,1790837973441,-2.5628044605255127,-9.727170944213867,0.2321120798587799,-0.9100000262260437,-1.1200000047683716,-1.4700000286102295,0.04649814053983675,resting,null
23,right,749.944,1790837973442,9.40173625946045,-3.5750045776367188,0.11964540183544159,0.14000000059604645,-4.130000114440918,-0.07000000029802322,0.29745124889916197,resting,null
23,right,749.9536153846153,1790837973442,9.428057670593262,-3.598933696746826,0.16511066257953644,0.14000000059604645,-4.130000114440918,-0.07000000029802322,0.3000583925265207,resting,null
23,right,749.9632307692307,1790837973442,9.370628356933594,-3.582183361053467,0.1698964685201645,0.14000000059604645,-4.130000114440918,-0.07000000029802322,0.30209255080277736,resting,null
23,right,749.9728461538461,1790837973442,9.418486595153809,-3.5606472492218018,0.16511066257953644,0.14000000059604645,-4.130000114440918,-0.07000000029802322,0.30448233927982615,resting,null
23,right,749.9824615384615,1790837973442,9.416092872619629,-3.534325361251831,0.18664683401584625,0.14000000059604645,-4.130000114440918,-0.07000000029802322,0.3067635548941292,resting,null
23,right,749.9920769230769,1790837973442,9.411307334899902,-3.5750045776367188,0.17946811020374298,0.14000000059604645,-4.130000114440918,-0.07000000029802322,0.30913770073823277,resting,null
23,right,750.0016923076922,1790837973442,9.492666244506836,-3.5797905921936035,0.1914326548576355,0.14000000059604645,-4.130000114440918,-0.07000000029802322,0.3122602593760488,resting,null
23,right,750.0113076923077,1790837973442,9.404129028320312,-3.5247535705566406,0.18903973698616028,0.14000000059604645,-4.130000114440918,-0.07000000029802322,0.31439844198135136,resting,null
23,left,762.477,1790837973515,-2.5699832439422607,-9.693670272827148,0.20818300545215607,-1.3300000429153442,-1.190000057220459,-1.1200000047683716,0.04908924826695811,resting,null
23,left,762.4866153846153,1790837973515,-2.5316967964172363,-9.631455421447754,0.22014755010604858,-1.3300000429153442,-1.190000057220459,-1.1200000047683716,0.050549706010898796,resting,null
23,left,762.4962307692307,1790837973515,-2.488624334335327,-9.564454078674316,0.24407662451267242,-1.3300000429153442,-1.190000057220459,-1.1200000047683716,0.05128722841481138,resting,null
23,left,762.5058461538462,1790837973515,-2.488624334335327,-9.492666244506836,0.19861137866973877,-1.3300000429153442,-1.190000057220459,-1.1200000047683716,0.05134717651845727,resting,null
23,left,762.5154615384615,1790837973515,-2.5412683486938477,-9.492666244506836,0.2010042816400528,-1.3300000429153442,-1.190000057220459,-1.1200000047683716,0.051536322104878456,resting,null
23,left,762.5250769230769,1790837973515,-2.500588893890381,-9.420879364013672,0.2010042816400528,-1.3300000429153442,-1.190000057220459,-1.1200000047683716,0.05095910445009238,resting,null
23,left,762.5346923076922,1790837973515,-2.4216229915618896,-9.480701446533203,0.18664683401584625,-1.3300000429153442,-1.190000057220459,-1.1200000047683716,0.050742363615224884,resting,null
23,left,762.5443076923077,1790837973515,-2.347442865371704,-9.516595840454102,0.19621846079826355,-1.3300000429153442,-1.190000057220459,-1.1200000047683716,0.05068293712398847,resting,null
23,right,750.02,1790837973517,9.416092872619629,-3.512789011001587,0.20818300545215607,-0.14000000059604645,-4.199999809265137,-0.2800000011920929,0.3163943934166479,resting,null
23,right,750.0296153846153,1790837973517,9.31319808959961,-3.4266443252563477,0.24407662451267242,-0.14000000059604645,-4.199999809265137,-0.2800000011920929,0.3173917823168066,resting,null
23,right,750.0392307692307,1790837973517,9.250982284545898,-3.4051082134246826,0.21775463223457336,-0.14000000059604645,-4.199999809265137,-0.2800000011920929,0.3177523027907182,resting,null
23,right,750.0488461538462,1790837973517,9.265339851379395,-3.4338231086730957,0.2225404530763626,-0.14000000059604645,-4.199999809265137,-0.2800000011920929,0.31833935855100925,resting,null
23,right,750.0584615384615,1790837973517,9.258161544799805,-3.5319323539733887,0.22014755010604858,-0.14000000059604645,-4.199999809265137,-0.2800000011920929,0.3191907007807742,resting,null
23,right,750.0680769230769,1790837973517,9.21030330657959,-3.5534684658050537,0.21536172926425934,-0.14000000059604645,-4.199999809265137,-0.2800000011920929,0.31968396769870094,resting,null
23,right,750.0776923076922,1790837973517,9.20073127746582,-3.582183361053467,0.22971917688846588,-0.14000000059604645,-4.199999809265137,-0.2800000011920929,0.3201922589268969,resting,null
23,right,750.0873076923077,1790837973517,9.253376007080078,-3.596540927886963,0.20579010248184204,-0.14000000059604645,-4.199999809265137,-0.2800000011920929,0.32121941747247557,resting,null
23,left,762.557,1790837973590,-2.3426570892333984,-9.504631042480469,0.1698964685201645,-1.5399999618530273,-0.9800000190734863,-1.1200000047683716,0.05043986332234411,resting,null
23,left,762.5666153846154,1790837973590,-2.409658432006836,-9.511809349060059,0.181861013174057,-1.5399999618530273,-0.9800000190734863,-1.1200000047683716,0.050485845154277106,resting,null
23,left,762.5762307692307,1790837973590,-2.464695453643799,-9.535738945007324,0.19382555782794952,-1.5399999618530273,-0.9800000190734863,-1.1200000047683716,0.05088788266866571,resting,null
23,left,762.5858461538462,1790837973590,-2.459909439086914,-9.507023811340332,0.18425391614437103,-1.5399999618530273,-0.9800000190734863,-1.1200000047683716,0.05100943954762775,resting,null
23,left,762.5954615384616,1790837973590,-2.4623024463653564,-9.55009651184082,0.181861013174057,-1.5399999618530273,-0.9800000190734863,-1.1200000047683716,0.05153691267455222,resting,null
23,left,762.6050769230769,1790837973590,-2.488624334335327,-9.492666244506836,0.23929080367088318,-1.5399999618530273,-0.9800000190734863,-1.1200000047683716,0.05160326788715725,resting,null
23,left,762.6146923076923,1790837973590,-2.4144442081451416,-9.473523139953613,0.23450499773025513,-1.5399999618530273,-0.9800000190734863,-1.1200000047683716,0.05131355888153448,resting,null
23,left,762.6243076923078,1790837973590,-2.4048726558685303,-9.47830867767334,0.24646952748298645,-1.5399999618530273,-0.9800000190734863,-1.1200000047683716,0.05104862355306604,resting,null
23,right,750.096,1790837973593,9.274911880493164,-3.618077039718628,0.22732627391815186,0,-3.7100000381469727,-0.21000000834465027,0.3223934285573477,resting,null
23,right,750.1056153846154,1790837973593,9.29644775390625,-3.5247535705566406,0.2416837215423584,0,-3.7100000381469727,-0.21000000834465027,0.32356846674820156,resting,null
23,right,750.1152307692307,1790837973593,9.416092872619629,-3.462538003921509,0.2010042816400528,0,-3.7100000381469727,-0.21000000834465027,0.3255990247459292,resting,null
23,right,750.1248461538462,1790837973593,9.387378692626953,-3.4529664516448975,0.17468228936195374,0,-3.7100000381469727,-0.21000000834465027,0.32733482366364774,resting,null
23,right,750.1344615384616,1790837973593,9.37541389465332,-3.4888598918914795,0.23450499773025513,0,-3.7100000381469727,-0.21000000834465027,0.3290946047084814,resting,null
23,right,750.1440769230769,1790837973593,9.380199432373047,-3.4745025634765625,0.19621846079826355,0,-3.7100000381469727,-0.21000000834465027,0.3308418119983674,resting,null
23,right,750.1536923076923,1790837973593,9.339520454406738,-3.47210955619812,0.20339718461036682,0,-3.7100000381469727,-0.21000000834465027,0.332215347654494,resting,null
23,right,750.1633076923077,1790837973593,9.394556999206543,-3.5391111373901367,0.19382555782794952,0,-3.7100000381469727,-0.21000000834465027,0.33430718686738425,resting,null
23,left,762.636,1790837973665,-2.359407424926758,-9.533346176147461,0.2416837215423584,-1.4700000286102295,-0.9100000262260437,-1.8200000524520874,0.05121888160512971,resting,null
23,left,762.6456153846153,1790837973665,-2.3641932010650635,-9.633848190307617,0.22014755010604858,-1.4700000286102295,-0.9100000262260437,-1.8200000524520874,0.052303044167259206,resting,null
23,left,762.6552307692307,1790837973665,-2.3306925296783447,-9.65299129486084,0.20818300545215607,-1.4700000286102295,-0.9100000262260437,-1.8200000524520874,0.05348596297120129,resting,null
23,left,762.6648461538462,1790837973665,-2.261298179626465,-9.657776832580566,0.24407662451267242,-1.4700000286102295,-0.9100000262260437,-1.8200000524520874,0.05456218169677816,resting,null
23,left,762.6744615384615,1790837973665,-2.2660839557647705,-9.571632385253906,0.22493335604667664,-1.4700000286102295,-0.9100000262260437,-1.8200000524520874,0.05484275782410505,resting,null
23,left,762.6840769230769,1790837973665,-2.347442865371704,-9.444808006286621,0.2512553632259369,-1.4700000286102295,-0.9100000262260437,-1.8200000524520874,0.05413050071146442,resting,null
23,left,762.6936923076922,1790837973665,-2.340264081954956,-9.394556999206543,0.24407662451267242,-1.4700000286102295,-0.9100000262260437,-1.8200000524520874,0.05293217478491742,resting,null
23,left,762.7033076923077,1790837973665,-2.3498356342315674,-9.40173625946045,0.2416837215423584,-1.4700000286102295,-0.9100000262260437,-1.8200000524520874,0.051823293246267846,resting,null
23,right,750.173,1790837973667,9.404129028320312,-3.653970718383789,0.20339718461036682,0.21000000834465027,-3.7100000381469727,-0.42000001668930054,0.3368953118177208,resting,null
23,right,750.1826153846154,1790837973667,9.47830867767334,-3.6659352779388428,0.181861013174057,0.21000000834465027,-3.7100000381469727,-0.42000001668930054,0.3401669513305878,resting,null
23,right,750.1922307692307,1790837973667,9.466344833374023,-3.6515777111053467,0.20818300545215607,0.21000000834465027,-3.7100000381469727,-0.42000001668930054,0.3432860029067998,resting,null
23,right,750.2018461538462,1790837973667,9.435236930847168,-3.675506830215454,0.1698964685201645,0.21000000834465027,-3.7100000381469727,-0.42000001668930054,0.3462006449094637,resting,null
23,right,750.2114615384615,1790837973667,9.38259220123291,-3.598933696746826,0.11964540183544159,0.21000000834465027,-3.7100000381469727,-0.42000001668930054,0.34837114499161254,resting,null
23,right,750.2210769230769,1790837973667,9.31319808959961,-3.534325361251831,0.1411815732717514,0.21000000834465027,-3.7100000381469727,-0.42000001668930054,0.349699392275472,resting,null
23,right,750.2306923076923,1790837973667,9.255768775939941,-3.4960386753082275,0.15553902089595795,0.21000000834465027,-3.7100000381469727,-0.42000001668930054,0.35038256367149156,resting,null
23,right,750.2403076923077,1790837973667,9.294054985046387,-3.4936459064483643,0.19621846079826355,0.21000000834465027,-3.7100000381469727,-0.42000001668930054,0.35140741462240294,resting,null
23,right,750.248,1790837973758,9.377806663513184,-3.570218801498413,0.20579010248184204,-0.14000000059604645,-3.7100000381469727,-0.5600000023841858,0.35303890195332643,resting,null
23,right,750.2576153846154,1790837973758,9.406521797180176,-3.5797905921936035,0.17468228936195374,-0.14000000059604645,-3.7100000381469727,-0.5600000023841858,0.3553634355520237,resting,null
23,right,750.2672307692308,1790837973758,9.459165573120117,-3.596540927886963,0.15553902089595795,-0.14000000059604645,-3.7100000381469727,-0.5600000023841858,0.35821393707225097,resting,null
23,right,750.2768461538462,1790837973758,9.449594497680664,-3.632434368133545,0.1914326548576355,-0.14000000059604645,-3.7100000381469727,-0.5600000023841858,0.36110517432691036,resting,null
23,right,750.2864615384616,1790837973758,9.406521797180176,-3.606112480163574,0.16271774470806122,-0.14000000059604645,-3.7100000381469727,-0.5600000023841858,0.36351420863684103,resting,null
23,right,750.296076923077,1790837973758,9.418486595153809,-3.548682689666748,0.13400284945964813,-0.14000000059604645,-3.7100000381469727,-0.5600000023841858,0.36582887195038155,resting,null
23,right,750.3056923076923,1790837973758,9.45438003540039,-3.49843168258667,0.16750356554985046,-0.14000000059604645,-3.7100000381469727,-0.5600000023841858,0.36829899502786184,resting,null
23,right,750.3153076923078,1790837973758,9.425664901733398,-3.491252899169922,0.2129688262939453,-0.14000000059604645,-3.7100000381469727,-0.5600000023841858,0.37049263874020155,resting,null
23,left,762.715,1790837973800,-2.311549186706543,-9.47830867767334,0.260826975107193,-1.5399999618530273,-0.9800000190734863,-0.3499999940395355,0.05124273323249411,resting,null
23,left,762.7246153846154,1790837973800,-2.2876200675964355,-9.562060356140137,0.2536482512950897,-1.5399999618530273,-0.9800000190734863,-0.3499999940395355,0.05149134519214509,resting,null
23,left,762.7342307692307,1790837973800,-2.3426570892333984,-9.617097854614258,0.25843408703804016,-1.5399999618530273,-0.9800000190734863,-0.3499999940395355,0.052379971552631834,resting,null
23,left,762.7438461538462,1790837973800,-2.361800193786621,-9.65299129486084,0.2895418703556061,-1.5399999618530273,-0.9800000190734863,-0.3499999940395355,0.05365483028647776,resting,null
23,left,762.7534615384616,1790837973800,-2.347442865371704,-9.602740287780762,0.2919347882270813,-1.5399999618530273,-0.9800000190734863,-0.3499999940395355,0.0544281934514105,resting,null
23,left,762.7630769230769,1790837973800,-2.373764753341675,-9.581204414367676,0.22971917688846588,-1.5399999618530273,-0.9800000190734863,-0.3499999940395355,0.0550440663097187,resting,null
23,left,762.7726923076923,1790837973800,-2.402479648590088,-9.595561027526855,0.24646952748298645,-1.5399999618530273,-0.9800000190734863,-0.3499999940395355,0.05586435850324844,resting,null
23,left,762.7823076923078,1790837973800,-2.4910173416137695,-9.595561027526855,0.2225404530763626,-1.5399999618530273,-0.9800000190734863,-0.3499999940395355,0.056884084539661206,resting,null
23,left,762.795,1790837973830,-2.5101606845855713,-9.605133056640625,0.1914326548576355,-1.5399999618530273,-1.190000057220459,-0.3499999940395355,0.058399282062713984,resting,null
23,left,762.8046153846153,1790837973830,-2.481445789337158,-9.569239616394043,0.15793193876743317,-1.5399999618530273,-1.190000057220459,-0.3499999940395355,0.05913898183730415,resting,null
23,left,762.8142307692307,1790837973830,-2.452730894088745,-9.552489280700684,0.1698964685201645,-1.5399999618530273,-1.190000057220459,-0.3499999940395355,0.05965848628206445,resting,null
23,left,762.8238461538461,1790837973830,-2.4144442081451416,-9.559667587280273,0.17468228936195374,-1.5399999618530273,-1.190000057220459,-0.3499999940395355,0.060155851342759664,resting,null
23,left,762.8334615384615,1790837973830,-2.4072654247283936,-9.578810691833496,0.13878867030143738,-1.5399999618530273,-1.190000057220459,-0.3499999940395355,0.06080837355360708,resting,null
23,left,762.8430769230769,1790837973830,-2.388122320175171,-9.619490623474121,0.1698964685201645,-1.5399999618530273,-1.190000057220459,-0.3499999940395355,0.061800599917984506,resting,null
23,left,762.8526923076922,1790837973830,-2.3522286415100098,-9.629061698913574,0.14357449114322662,-1.5399999618530273,-1.190000057220459,-0.3499999940395355,0.06279438697792196,resting,null
23,left,762.8623076923077,1790837973830,-2.3522286415100098,-9.621883392333984,0.12203831225633621,-1.5399999618530273,-1.190000057220459,-0.3499999940395355,0.06371814314497644,resting,null
23,right,750.324,1790837973863,9.447200775146484,-3.436216115951538,0.17946811020374298,-0.3499999940395355,-3.9200000762939453,-0.699999988079071,0.3724785442520923,resting,null
23,right,750.3336153846153,1790837973863,9.39934253692627,-3.393143653869629,0.25604116916656494,-0.3499999940395355,-3.9200000762939453,-0.699999988079071,0.37411078312469387,resting,null
23,right,750.3432307692307,1790837973863,9.36823558807373,-3.4194657802581787,0.26800569891929626,-0.3499999940395355,-3.9200000762939453,-0.699999988079071,0.37555379001176925,resting,null
23,right,750.3528461538461,1790837973863,9.284482955932617,-3.448180675506592,0.260826975107193,-0.3499999940395355,-3.9200000762939453,-0.699999988079071,0.37633800968092096,resting,null
23,right,750.3624615384615,1790837973863,9.294054985046387,-3.4888598918914795,0.27518442273139954,-0.3499999940395355,-3.9200000762939453,-0.699999988079071,0.37734749800301465,resting,null
23,right,750.3720769230769,1790837973863,9.334734916687012,-3.4888598918914795,0.2727915346622467,-0.3499999940395355,-3.9200000762939453,-0.699999988079071,0.378723122648672,resting,null
23,right,750.3816923076922,1790837973863,9.303627014160156,-3.5654330253601074,0.25843408703804016,-0.3499999940395355,-3.9200000762939453,-0.699999988079071,0.3800737137072511,resting,null
23,right,750.3913076923077,1790837973863,9.303627014160156,-3.5319323539733887,0.2943277060985565,-0.3499999940395355,-3.9200000762939453,-0.699999988079071,0.3813180417750725,resting,null
23,left,762.874,1790837973905,-2.3713719844818115,-9.590775489807129,0.13400284945964813,-1.6100000143051147,-0.9100000262260437,0,0.06454390129049828,resting,null
23,left,762.8836153846154,1790837973905,-2.409658432006836,-9.514202117919922,0.14596739411354065,-1.6100000143051147,-0.9100000262260437,0,0.06459896930779824,resting,null
23,left,762.8932307692307,1790837973905,-2.47426700592041,-9.521381378173828,0.1507532149553299,-1.6100000143051147,-0.9100000262260437,0,0.06487329493383726,resting,null
23,left,762.9028461538462,1790837973905,-2.5269110202789307,-9.466344833374023,0.1603248417377472,-1.6100000143051147,-0.9100000262260437,0,0.06476143897747044,resting,null
23,left,762.9124615384616,1790837973905,-2.5053746700286865,-9.547703742980957,0.13400284945964813,-1.6100000143051147,-0.9100000262260437,0,0.06535475960332944,resting,null
23,left,762.9220769230769,1790837973905,-2.479052782058716,-9.545310020446777,0.2129688262939453,-1.6100000143051147,-0.9100000262260437,0,0.06587420706056804,resting,null
23,left,762.9316923076923,1790837973905,-2.4335875511169434,-9.581204414367676,0.1698964685201645,-1.6100000143051147,-0.9100000262260437,0,0.06661358900438619,resting,null
23,left,762.9413076923078,1790837973905,-2.4000868797302246,-9.585989952087402,0.1698964685201645,-1.6100000143051147,-0.9100000262260437,0,0.06731825526388911,resting,null
23,right,750.4,1790837973953,9.267732620239258,-3.5391111373901367,0.30629223585128784,-0.21000000834465027,-3.7799999713897705,-0.8400000333786011,0.38217508339668804,resting,null
23,right,750.4096153846153,1790837973953,9.282090187072754,-3.4601449966430664,0.2512553632259369,-0.21000000834465027,-3.7799999713897705,-0.8400000333786011,0.3829758199490972,resting,null
23,right,750.4192307692307,1790837973953,9.255768775939941,-3.350071430206299,0.2919347882270813,-0.21000000834465027,-3.7799999713897705,-0.8400000333786011,0.3831780417722216,resting,null
23,right,750.4288461538462,1790837973953,9.294054985046387,-3.3213565349578857,0.28714898228645325,-0.21000000834465027,-3.7799999713897705,-0.8400000333786011,0.3836297184936785,resting,null
23,right,750.4384615384615,1790837973953,9.284482955932617,-3.330928087234497,0.2703986167907715,-0.21000000834465027,-3.7799999713897705,-0.8400000333786011,0.38402528325980456,resting,null
23,right,750.4480769230769,1790837973953,9.389771461486816,-3.3548572063446045,0.25843408703804016,-0.21000000834465027,-3.7799999713897705,-0.8400000333786011,0.38544862231548327,resting,null
23,right,750.4576923076922,1790837973953,9.425664901733398,-3.35964298248291,0.2895418703556061,-0.21000000834465027,-3.7799999713897705,-0.8400000333786011,0.3872186841099442,resting,null
23,right,750.4673076923077,1790837973953,9.435236930847168,-3.350071430206299,0.26561281085014343,-0.21000000834465027,-3.7799999713897705,-0.8400000333786011,0.38903921171268785,resting,null
23,right,750.476,1790837973983,9.396949768066406,-3.4098939895629883,0.24407662451267242,0,-3.3600001335144043,-0.8400000333786011,0.39054541688118705,resting,null
23,right,750.4856153846154,1790837973983,9.36823558807373,-3.462538003921509,0.20579010248184204,0,-3.3600001335144043,-0.8400000333786011,0.3921167287367007,resting,null
23,right,750.4952307692307,1790837973983,9.332341194152832,-3.4338231086730957,0.22493335604667664,0,-3.3600001335144043,-0.8400000333786011,0.39327291636220846,resting,null
23,right,750.5048461538462,1790837973983,9.349091529846191,-3.4266443252563477,0.23450499773025513,0,-3.3600001335144043,-0.8400000333786011,0.3945580229181786,resting,null
23,right,750.5144615384615,1790837973983,9.267732620239258,-3.3955366611480713,0.2010042816400528,0,-3.3600001335144043,-0.8400000333786011,0.3949986556024569,resting,null
23,right,750.5240769230769,1790837973983,9.28926944732666,-3.3763933181762695,0.24646952748298645,0,-3.3600001335144043,-0.8400000333786011,0.39557955953502777,resting,null
23,right,750.5336923076923,1790837973983,9.286876678466797,-3.3189635276794434,0.25843408703804016,0,-3.3600001335144043,-0.8400000333786011,0.3959527888534053,resting,null
23,right,750.5433076923077,1790837973983,9.406521797180176,-3.381179094314575,0.23450499773025513,0,-3.3600001335144043,-0.8400000333786011,0.3976060217180391,resting,null
23,left,762.953,1790837974000,-2.4264087677001953,-9.511809349060059,0.20339718461036682,-1.6800000667572021,-0.6299999952316284,-1.3300000429153442,0.06741681135565457,resting,null
23,left,762.9626153846153,1790837974000,-2.4000868797302246,-9.499845504760742,0.21775463223457336,-1.6800000667572021,-0.6299999952316284,-1.3300000429153442,0.0673270899637046,resting,null
23,left,762.9722307692307,1790837974000,-2.366586208343506,-9.492666244506836,0.18903973698616028,-1.6800000667572021,-0.6299999952316284,-1.3300000429153442,0.06708699430539838,resting,null
23,left,762.9818461538462,1790837974000,-2.3522286415100098,-9.459165573120117,0.19382555782794952,-1.6800000667572021,-0.6299999952316284,-1.3300000429153442,0.06650231712578633,resting,null
23,left,762.9914615384615,1790837974000,-2.368978977203369,-9.437629699707031,0.2010042816400528,-1.6800000667572021,-0.6299999952316284,-1.3300000429153442,0.06575755231748776,resting,null
23,left,763.0010769230769,1790837974000,-2.4120514392852783,-9.430450439453125,0.2129688262939453,-1.6800000667572021,-0.6299999952316284,-1.3300000429153442,0.06504967205958259,resting,null
23,left,763.0106923076922,1790837974000,-2.4694812297821045,-9.516595840454102,0.19382555782794952,-1.6800000667572021,-0.6299999952316284,-1.3300000429153442,0.06527685795122015,resting,null
23,left,763.0203076923077,1790837974000,-2.4048726558685303,-9.523774147033691,0.15553902089595795,-1.6800000667572021,-0.6299999952316284,-1.3300000429153442,0.06541137976774757,resting,null
23,right,750.551,1790837974058,9.435236930847168,-3.4410018920898438,0.21775463223457336,-0.14000000059604645,-3.2899999618530273,-0.9800000190734863,0.3992894756742058,resting,null
23,right,750.5606153846154,1790837974058,9.423272132873535,-3.491252899169922,0.22014755010604858,-0.14000000059604645,-3.2899999618530273,-0.9800000190734863,0.4014509383033544,resting,null
23,right,750.5702307692308,1790837974058,9.440022468566895,-3.486467123031616,0.18664683401584625,-0.14000000059604645,-3.2899999618530273,-0.9800000190734863,0.4037406225051723,resting,null
23,right,750.5798461538462,1790837974058,9.449594497680664,-3.5103962421417236,0.21536172926425934,-0.14000000059604645,-3.2899999618530273,-0.9800000190734863,0.4062006373666342,resting,null
23,right,750.5894615384616,1790837974058,9.411307334899902,-3.486467123031616,0.2512553632259369,-0.14000000059604645,-3.2899999618530273,-0.9800000190734863,0.408242010238057,resting,null
23,right,750.599076923077,1790837974058,9.411307334899902,-3.4051082134246826,0.1914326548576355,-0.14000000059604645,-3.2899999618530273,-0.9800000190734863,0.4100012919812146,resting,null
23,right,750.6086923076923,1790837974058,9.373021125793457,-3.323749303817749,0.22014755010604858,-0.14000000059604645,-3.2899999618530273,-0.9800000190734863,0.4111525330797171,resting,null
23,right,750.6183076923078,1790837974058,9.358663558959961,-3.316570520401001,0.2010042816400528,-0.14000000059604645,-3.2899999618530273,-0.9800000190734863,0.41214786432496847,resting,null
23,left,763.033,1790837974070,-2.3067634105682373,-9.578810691833496,0.2105759084224701,-1.5399999618530273,-0.7699999809265137,-0.42000001668930054,0.06597641505764551,resting,null
23,left,763.0426153846154,1790837974070,-2.2589051723480225,-9.583597183227539,0.2129688262939453,-1.5399999618530273,-0.7699999809265137,-0.42000001668930054,0.06634000326544781,resting,null
23,left,763.0522307692307,1790837974070,-2.3498356342315674,-9.55009651184082,0.17707519233226776,-1.5399999618530273,-0.7699999809265137,-0.42000001668930054,0.0665953291861074,resting,null
23,left,763.0618461538462,1790837974070,-2.424015998840332,-9.552489280700684,0.19382555782794952,-1.5399999618530273,-0.7699999809265137,-0.42000001668930054,0.06704736338916908,resting,null
23,left,763.0714615384616,1790837974070,-2.3976938724517822,-9.492666244506836,0.2010042816400528,-1.5399999618530273,-0.7699999809265137,-0.42000001668930054,0.06688212968267439,resting,null
23,left,763.0810769230769,1790837974070,-2.3976938724517822,-9.456772804260254,0.181861013174057,-1.5399999618530273,-0.7699999809265137,-0.42000001668930054,0.06637933526132306,resting,null
23,left,763.0906923076923,1790837974070,-2.359407424926758,-9.463951110839844,0.15793193876743317,-1.5399999618530273,-0.7699999809265137,-0.42000001668930054,0.0658499851293585,resting,null
23,left,763.1003076923078,1790837974070,-2.4048726558685303,-9.411307334899902,0.15314611792564392,-1.5399999618530273,-0.7699999809265137,-0.42000001668930054,0.06493624740936985,resting,null
23,right,750.628,1790837974133,9.344305992126465,-3.3476784229278564,0.23450499773025513,-0.42000001668930054,-3.569999933242798,-1.190000057220459,0.4131291090183806,resting,null
23,right,750.6376153846154,1790837974133,9.337127685546875,-3.2974274158477783,0.2943277060985565,-0.42000001668930054,-3.569999933242798,-1.190000057220459,0.41388597226040313,resting,null
23,right,750.6472307692308,1790837974133,9.337127685546875,-3.280677080154419,0.22971917688846588,-0.42000001668930054,-3.569999933242798,-1.190000057220459,0.4145764959481877,resting,null
23,right,750.6568461538462,1790837974133,9.250982284545898,-3.309391975402832,0.2823631465435028,-0.42000001668930054,-3.569999933242798,-1.190000057220459,0.41459094934248447,resting,null
23,right,750.6664615384616,1790837974133,9.28926944732666,-3.374000310897827,0.23689790070056915,-0.42000001668930054,-3.569999933242798,-1.190000057220459,0.41515201483973635,resting,null
23,right,750.676076923077,1790837974133,9.21987533569336,-3.3907508850097656,0.25604116916656494,-0.42000001668930054,-3.569999933242798,-1.190000057220459,0.41514447634744966,resting,null
23,right,750.6856923076923,1790837974133,9.239018440246582,-3.3692145347595215,0.2943277060985565,-0.42000001668930054,-3.569999933242798,-1.190000057220459,0.41524854620247587,resting,null
23,right,750.6953076923078,1790837974133,9.243803977966309,-3.366821765899658,0.2895418703556061,-0.42000001668930054,-3.569999933242798,-1.190000057220459,0.4153875460313139,resting,null
23,left,763.112,1790837974145,-2.3857293128967285,-9.442415237426758,0.17707519233226776,-1.75,-0.5600000023841858,-0.6299999952316284,0.06412824444018153,resting,null
23,left,763.1216153846153,1790837974145,-2.431194543838501,-9.449594497680664,0.14836029708385468,-1.75,-0.5600000023841858,-0.6299999952316284,0.06363373778940246,resting,null
23,left,763.1312307692307,1790837974145,-2.3091564178466797,-9.466344833374023,0.13878867030143738,-1.75,-0.5600000023841858,-0.6299999952316284,0.06300692994212392,resting,null
23,left,763.1408461538462,1790837974145,-2.2517266273498535,-9.444808006286621,0.11964540183544159,-1.75,-0.5600000023841858,-0.6299999952316284,0.06204430252081274,resting,null
23,left,763.1504615384615,1790837974145,-2.2325832843780518,-9.440022468566895,0.16271774470806122,-1.75,-0.5600000023841858,-0.6299999952316284,0.06100136377980282,resting,null
23,left,763.1600769230769,1790837974145,-2.28283429145813,-9.483095169067383,0.13878867030143738,-1.75,-0.5600000023841858,-0.6299999952316284,0.06047445028254064,resting,null
23,left,763.1696923076922,1790837974145,-2.325906753540039,-9.449594497680664,0.10768086463212967,-1.75,-0.5600000023841858,-0.6299999952316284,0.05972995535517271,resting,null
23,left,763.1793076923077,1790837974145,-2.368978977203369,-9.485487937927246,0.12203831225633621,-1.75,-0.5600000023841858,-0.6299999952316284,0.05942185361675568,resting,null
23,right,750.704,1790837974208,9.308412551879883,-3.3404996395111084,0.24646952748298645,-0.2800000011920929,-3.2899999618530273,-1.1200000047683716,0.41595491961301595,resting,null
23,right,750.7136153846153,1790837974208,9.37541389465332,-3.3189635276794434,0.2536482512950897,-0.2800000011920929,-3.2899999618530273,-1.1200000047683716,0.4171203571812846,resting,null
23,right,750.7232307692307,1790837974208,9.363449096679688,-3.3141777515411377,0.2895418703556061,-0.2800000011920929,-3.2899999618530273,-1.1200000047683716,0.4181702743208305,resting,null
23,right,750.7328461538461,1790837974208,9.411307334899902,-3.309391975402832,0.2823631465435028,-0.2800000011920929,-3.2899999618530273,-1.1200000047683716,0.41963634222615775,resting,null
23,right,750.7424615384615,1790837974208,9.451987266540527,-3.2926416397094727,0.30868515372276306,-0.2800000011920929,-3.2899999618530273,-1.1200000047683716,0.42142347928079205,resting,null
23,right,750.7520769230769,1790837974208,9.507023811340332,-3.309391975402832,0.27518442273139954,-0.2800000011920929,-3.2899999618530273,-1.1200000047683716,0.42375442881204417,resting,null
23,right,750.7616923076922,1790837974208,9.523774147033691,-3.2304258346557617,0.2919347882270813,-0.2800000011920929,-3.2899999618530273,-1.1200000047683716,0.4259905971916279,resting,null
23,right,750.7713076923077,1790837974208,9.523774147033691,-3.2687125205993652,0.25843408703804016,-0.2800000011920929,-3.2899999618530273,-1.1200000047683716,0.4283395422091141,resting,null
23,left,763.191,1790837974220,-2.333085298538208,-9.55727481842041,0.18664683401584625,-1.5399999618530273,-0.7699999809265137,0.2800000011920929,0.05977134877385309,resting,null
23,left,763.2006153846154,1790837974220,-2.3522286415100098,-9.600347518920898,0.12443122267723083,-1.5399999618530273,-0.7699999809265137,0.2800000011920929,0.06049654428212683,resting,null
23,left,763.2102307692307,1790837974220,-2.4048726558685303,-9.564454078674316,0.10528795421123505,-1.5399999618530273,-0.7699999809265137,0.2800000011920929,0.06100558372325568,resting,null
23,left,763.2198461538462,1790837974220,-2.486231565475464,-9.57402515411377,0.16271774470806122,-1.5399999618530273,-0.7699999809265137,0.2800000011920929,0.06179982913077405,resting,null
23,left,763.2294615384616,1790837974220,-2.479052782058716,-9.583597183227539,0.13878867030143738,-1.5399999618530273,-0.7699999809265137,0.2800000011920929,0.0626649295451055,resting,null
23,left,763.2390769230769,1790837974220,-2.4000868797302246,-9.547703742980957,0.20339718461036682,-1.5399999618530273,-0.7699999809265137,0.2800000011920929,0.0630187449875105,resting,null
23,left,763.2486923076923,1790837974220,-2.390515089035034,-9.583597183227539,0.16271774470806122,-1.5399999618530273,-0.7699999809265137,0.2800000011920929,0.06367955171575748,resting,null
23,left,763.2583076923078,1790837974220,-2.366586208343506,-9.569239616394043,0.13400284945964813,-1.5399999618530273,-0.7699999809265137,0.2800000011920929,0.06414669753672024,resting,null
23,right,750.78,1790837974283,9.468737602233887,-3.3069989681243896,0.24886244535446167,-0.3499999940395355,-3.2899999618530273,-1.1200000047683716,0.4301174767991217,resting,null
23,right,750.7896153846153,1790837974283,9.425664901733398,-3.2854628562927246,0.2823631465435028,-0.3499999940395355,-3.2899999618530273,-1.1200000047683716,0.43163251015436843,resting,null
23,right,750.7992307692307,1790837974283,9.416092872619629,-3.3476784229278564,0.3134709596633911,-0.3499999940395355,-3.2899999618530273,-1.1200000047683716,0.43326497237357836,resting,null
23,right,750.8088461538462,1790837974283,9.46155834197998,-3.3261423110961914,0.29672059416770935,-0.3499999940395355,-3.2899999618530273,-1.1200000047683716,0.4352369505620677,resting,null
23,right,750.8184615384615,1790837974283,9.423272132873535,-3.3117847442626953,0.2727915346622467,-0.3499999940395355,-3.2899999618530273,-1.1200000047683716,0.43680925284834665,resting,null
23,right,750.8280769230769,1790837974283,9.480701446533203,-3.3476784229278564,0.3015064299106598,-0.3499999940395355,-3.2899999618530273,-1.1200000047683716,0.43902331256902477,resting,null
23,right,750.8376923076922,1790837974283,9.55727481842041,-3.366821765899658,0.27997025847435,-0.3499999940395355,-3.2899999618530273,-1.1200000047683716,0.4419855137905498,resting,null
23,right,750.8473076923077,1790837974283,9.607525825500488,-3.3213565349578857,0.2823631465435028,-0.3499999940395355,-3.2899999618530273,-1.1200000047683716,0.4452576167173694,resting,null
23,left,763.27,1790837974355,-2.373764753341675,-9.499845504760742,0.16750356554985046,-1.75,-0.42000001668930054,-0.49000000953674316,0.06395363237828813,resting,null
23,left,763.2796153846153,1790837974355,-2.380943536758423,-9.545310020446777,0.11246667802333832,-1.75,-0.42000001668930054,-0.49000000953674316,0.06422802162566545,resting,null
23,left,763.2892307692307,1790837974355,-2.402479648590088,-9.569239616394043,0.13400284945964813,-1.75,-0.42000001668930054,-0.49000000953674316,0.06477838524518383,resting,null
23,left,763.2988461538462,1790837974355,-2.3785505294799805,-9.614705085754395,0.13400284945964813,-1.75,-0.42000001668930054,-0.49000000953674316,0.06569671372689796,resting,null
23,left,763.3084615384615,1790837974355,-2.311549186706543,-9.638633728027344,0.12443122267723083,-1.75,-0.42000001668930054,-0.49000000953674316,0.0666824326057719,resting,null
23,left,763.3180769230769,1790837974355,-2.380943536758423,-9.71520709991455,0.12682412564754486,-1.75,-0.42000001668930054,-0.49000000953674316,0.06854235417094984,resting,null
23,left,763.3276923076922,1790837974355,-2.5245180130004883,-9.789386749267578,0.1507532149553299,-1.75,-0.42000001668930054,-0.49000000953674316,0.07142666203746563,resting,null
23,left,763.3373076923077,1790837974355,-2.5125534534454346,-9.770243644714355,0.17468228936195374,-1.75,-0.42000001668930054,-0.49000000953674316,0.07410786871460508,resting,null
23,right,750.855,1790837974357,9.703242301940918,-3.2902486324310303,0.27757734060287476,-0.3499999940395355,-3.009999990463257,-1.1200000047683716,0.4484895116634559,resting,null
23,right,750.8646153846154,1790837974357,9.770243644714355,-3.3572499752044678,0.2703986167907715,-0.3499999940395355,-3.009999990463257,-1.1200000047683716,0.4533465047363318,resting,null
23,right,750.8742307692307,1790837974357,9.803744316101074,-3.342892646789551,0.24407662451267242,-0.3499999940395355,-3.009999990463257,-1.1200000047683716,0.4584544845244116,resting,null
23,right,750.8838461538462,1790837974357,9.82767391204834,-3.273498296737671,0.2536482512950897,-0.3499999940395355,-3.009999990463257,-1.1200000047683716,0.46356417610763573,resting,null
23,right,750.8934615384616,1790837974357,9.688884735107422,-3.2423903942108154,0.2225404530763626,-0.3499999940395355,-3.009999990463257,-1.1200000047683716,0.467307210295155,resting,null
23,right,750.9030769230769,1790837974357,9.614705085754395,-3.2902486324310303,0.2416837215423584,-0.3499999940395355,-3.009999990463257,-1.1200000047683716,0.470526356434454,resting,null
23,right,750.9126923076923,1790837974357,9.681706428527832,-3.316570520401001,0.2225404530763626,-0.3499999940395355,-3.009999990463257,-1.1200000047683716,0.47443075283915015,resting,null
23,right,750.9223076923078,1790837974357,9.64581298828125,-3.3069989681243896,0.20339718461036682,-0.3499999940395355,-3.009999990463257,-1.1200000047683716,0.47797335977902444,resting,null
23,left,763.349,1790837974385,-2.5245180130004883,-9.760672569274902,0.18903973698616028,-1.6800000667572021,-0.699999988079071,0.42000001668930054,0.07729606909400169,resting,null
23,left,763.3586153846154,1790837974385,-2.4479448795318604,-9.696063995361328,0.19861137866973877,-1.6800000667572021,-0.699999988079071,0.42000001668930054,0.07913770093136417,resting,null
23,left,763.3682307692308,1790837974385,-2.4479448795318604,-9.602740287780762,0.22971917688846588,-1.6800000667572021,-0.699999988079071,0.42000001668930054,0.0801140083050366,resting,null
23,left,763.3778461538462,1790837974385,-2.5029819011688232,-9.576417922973633,0.19861137866973877,-1.6800000667572021,-0.699999988079071,0.42000001668930054,0.08097031327683318,resting,null
23,left,763.3874615384616,1790837974385,-2.459909439086914,-9.569239616394043,0.19621846079826355,-1.6800000667572021,-0.699999988079071,0.42000001668930054,0.08165792533841411,resting,null
23,left,763.397076923077,1790837974385,-2.4216229915618896,-9.588382720947266,0.21536172926425934,-1.6800000667572021,-0.699999988079071,0.42000001668930054,0.08243636791117294,resting,null
23,left,763.4066923076923,1790837974385,-2.333085298538208,-9.55009651184082,0.20579010248184204,-1.6800000667572021,-0.699999988079071,0.42000001668930054,0.08264811281081393,resting,null
23,left,763.4163076923078,1790837974385,-2.275655508041382,-9.492666244506836,0.22971917688846588,-1.6800000667572021,-0.699999988079071,0.42000001668930054,0.08219579585900111,resting,null
23,right,750.931,1790837974433,9.655384063720703,-3.316570520401001,0.22732627391815186,-0.2800000011920929,-3.640000104904175,-1.0499999523162842,0.4812843276597757,resting,null
23,right,750.9406153846154,1790837974433,9.55009651184082,-3.3141777515411377,0.15793193876743317,-0.2800000011920929,-3.640000104904175,-1.0499999523162842,0.4839680198655402,resting,null
23,right,750.9502307692308,1790837974433,9.552489280700684,-3.3620357513427734,0.2416837215423584,-0.2800000011920929,-3.640000104904175,-1.0499999523162842,0.48683752643426076,resting,null
23,right,750.9598461538462,1790837974433,9.473523139953613,-3.35964298248291,0.17946811020374298,-0.2800000011920929,-3.640000104904175,-1.0499999523162842,0.4889708673708011,resting,null
23,right,750.9694615384616,1790837974433,9.38498592376709,-3.3620357513427734,0.22732627391815186,-0.2800000011920929,-3.640000104904175,-1.0499999523162842,0.49031660918921455,resting,null
23,right,750.979076923077,1790837974433,9.38259220123291,-3.352464199066162,0.2010042816400528,-0.2800000011920929,-3.640000104904175,-1.0499999523162842,0.4916061710113415,resting,null
23,right,750.9886923076923,1790837974433,9.346698760986328,-3.342892646789551,0.181861013174057,-0.2800000011920929,-3.640000104904175,-1.0499999523162842,0.4925367757085408,resting,null
23,right,750.9983076923078,1790837974433,9.425664901733398,-3.4051082134246826,0.1316099464893341,-0.2800000011920929,-3.640000104904175,-1.0499999523162842,0.49437423766071203,resting,null
23,left,763.429,1790837974461,-2.2182257175445557,-9.380199432373047,0.20579010248184204,-1.6800000667572021,-0.49000000953674316,-0.7699999809265137,0.0800366822241629,resting,null
23,left,763.4386153846153,1790837974461,-2.1942968368530273,-9.363449096679688,0.17707519233226776,-1.6800000667572021,-0.49000000953674316,-0.7699999809265137,0.07818720529147323,resting,null
23,left,763.4482307692307,1790837974461,-2.172760486602783,-9.337127685546875,0.23689790070056915,-1.6800000667572021,-0.49000000953674316,-0.7699999809265137,0.07605646884949033,resting,null
23,left,763.4578461538462,1790837974461,-2.1751534938812256,-9.39216423034668,0.2632198929786682,-1.6800000667572021,-0.49000000953674316,-0.7699999809265137,0.0744528665882306,resting,null
23,left,763.4674615384615,1790837974461,-2.129688262939453,-9.430450439453125,0.23929080367088318,-1.6800000667572021,-0.49000000953674316,-0.7699999809265137,0.07310285201843357,resting,null
23,left,763.4770769230769,1790837974461,-2.115330696105957,-9.435236930847168,0.24407662451267242,-1.6800000667572021,-0.49000000953674316,-0.7699999809265137,0.07176953775447416,resting,null
23,left,763.4866923076922,1790837974461,-2.177546262741089,-9.45438003540039,0.22971917688846588,-1.6800000667572021,-0.49000000953674316,-0.7699999809265137,0.07075268929334148,resting,null
23,left,763.4963076923077,1790837974461,-2.2804415225982666,-9.521381378173828,0.25843408703804016,-1.6800000667572021,-0.49000000953674316,-0.7699999809265137,0.07059663902084463,resting,null
23,right,751.008,1790837974508,9.389771461486816,-3.421858549118042,0.1698964685201645,-0.42000001668930054,-3.7100000381469727,-1.0499999523162842,0.4959592311924852,resting,null
23,right,751.0176153846154,1790837974508,9.428057670593262,-3.381179094314575,0.19382555782794952,-0.42000001668930054,-3.7100000381469727,-1.0499999523162842,0.4977504528252429,resting,null
23,right,751.0272307692308,1790837974508,9.47830867767334,-3.400322437286377,0.19382555782794952,-0.42000001668930054,-3.7100000381469727,-1.0499999523162842,0.5000576946456539,resting,null
23,right,751.0368461538462,1790837974508,9.585989952087402,-3.345285415649414,0.181861013174057,-0.42000001668930054,-3.7100000381469727,-1.0499999523162842,0.5031596306099672,resting,null
23,right,751.0464615384616,1790837974508,9.674527168273926,-3.3046059608459473,0.2105759084224701,-0.42000001668930054,-3.7100000381469727,-1.0499999523162842,0.5069377371006633,resting,null
23,right,751.056076923077,1790837974508,9.705635070800781,-3.2567479610443115,0.1914326548576355,-0.42000001668930054,-3.7100000381469727,-1.0499999523162842,0.5108427312287762,resting,null
23,right,751.0656923076923,1790837974508,9.650598526000977,-3.196925163269043,0.181861013174057,-0.42000001668930054,-3.7100000381469727,-1.0499999523162842,0.5140583273573266,resting,null
23,right,751.0753076923078,1790837974508,9.727170944213867,-3.1586387157440186,0.19861137866973877,-0.42000001668930054,-3.7100000381469727,-1.0499999523162842,0.5178527939291795,resting,null
23,left,763.508,1790837974552,-2.325906753540039,-9.521381378173828,0.23689790070056915,-1.1200000047683716,-1.0499999523162842,0.8400000333786011,0.07052554248900941,resting,null
23,left,763.5176153846154,1790837974552,-2.3139421939849854,-9.612311363220215,0.2321120798587799,-1.1200000047683716,-1.0499999523162842,0.8400000333786011,0.07128912033853915,resting,null
23,left,763.5272307692308,1790837974552,-2.3833365440368652,-9.64341926574707,0.23689790070056915,-1.1200000047683716,-1.0499999523162842,0.8400000333786011,0.07250108369196265,resting,null
23,left,763.5368461538462,1790837974552,-2.445552110671997,-9.559667587280273,0.23450499773025513,-1.1200000047683716,-1.0499999523162842,0.8400000333786011,0.07307331732648595,resting,null
23,left,763.5464615384616,1790837974552,-2.3929080963134766,-9.507023811340332,0.2105759084224701,-1.1200000047683716,-1.0499999523162842,0.8400000333786011,0.07302921024567709,resting,null
23,left,763.556076923077,1790837974552,-2.347442865371704,-9.36823558807373,0.20818300545215607,-1.1200000047683716,-1.0499999523162842,0.8400000333786011,0.07158564005904054,resting,null
23,left,763.5656923076923,1790837974552,-2.2852272987365723,-9.327555656433105,0.23450499773025513,-1.1200000047683716,-1.0499999523162842,0.8400000333786011,0.06962501044490346,resting,null
23,left,763.5753076923078,1790837974552,-2.156010150909424,-9.224660873413086,0.2010042816400528,-1.1200000047683716,-1.0499999523162842,0.8400000333786011,0.0664017711626661,resting,null
23,right,751.083,1790837974584,9.528559684753418,-3.091637372970581,0.2105759084224701,-0.5600000023841858,-4.340000152587891,-1.1200000047683716,0.5192792826290559,resting,null
23,right,751.0926153846153,1790837974584,9.406521797180176,-3.091637372970581,0.2129688262939453,-0.5600000023841858,-4.340000152587891,-1.1200000047683716,0.5199551674109683,resting,null
23,right,751.1022307692307,1790837974584,9.329948425292969,-3.156245708465576,0.20339718461036682,-0.5600000023841858,-4.340000152587891,-1.1200000047683716,0.5201345147270335,resting,null
23,right,751.1118461538462,1790837974584,9.198338508605957,-3.2352118492126465,0.2010042816400528,-0.5600000023841858,-4.340000152587891,-1.1200000047683716,0.5193624221461515,resting,null
23,right,751.1214615384615,1790837974584,9.212696075439453,-3.3141777515411377,0.1698964685201645,-0.5600000023841858,-4.340000152587891,-1.1200000047683716,0.5189645940219475,resting,null
23,right,751.1310769230769,1790837974584,9.229446411132812,-3.436216115951538,0.14596739411354065,-0.5600000023841858,-4.340000152587891,-1.1200000047683716,0.5191014247505675,resting,null
23,right,751.1406923076922,1790837974584,9.327555656433105,-3.491252899169922,0.1698964685201645,-0.5600000023841858,-4.340000152587891,-1.1200000047683716,0.5203092982696607,resting,null
23,right,751.1503076923077,1790837974584,9.363449096679688,-3.5319323539733887,0.14836029708385468,-0.5600000023841858,-4.340000152587891,-1.1200000047683716,0.5219720316825535,resting,null
23,left,763.587,1790837974626,-2.1129379272460938,-9.291662216186523,0.22014755010604858,-0.9100000262260437,-0.49000000953674316,-1.0499999523162842,0.06313411215083188,resting,null
23,left,763.5966153846153,1790837974626,-2.024400234222412,-9.315590858459473,0.24886244535446167,-0.9100000262260437,-0.49000000953674316,-1.0499999523162842,0.06048112901315599,resting,null
23,left,763.6062307692307,1790837974626,-2.0698654651641846,-9.45438003540039,0.24646952748298645,-0.9100000262260437,-0.49000000953674316,-1.0499999523162842,0.05923156364588508,resting,null
23,left,763.6158461538462,1790837974626,-2.0124356746673584,-9.535738945007324,0.24886244535446167,-0.9100000262260437,-0.49000000953674316,-1.0499999523162842,0.058620183788734764,resting,null
23,left,763.6254615384615,1790837974626,-2.038757801055908,-9.597954750061035,0.25843408703804016,-0.9100000262260437,-0.49000000953674316,-1.0499999523162842,0.05865549257186526,resting,null
23,left,763.6350769230769,1790837974626,-2.0555081367492676,-9.621883392333984,0.25604116916656494,-0.9100000262260437,-0.49000000953674316,-1.0499999523162842,0.058954571833721325,resting,null
23,left,763.6446923076923,1790837974626,-2.2517266273498535,-9.609918594360352,0.284756064414978,-0.9100000262260437,-0.49000000953674316,-1.0499999523162842,0.059575301709786,resting,null
23,left,763.6543076923077,1790837974626,-2.373764753341675,-9.585989952087402,0.26800569891929626,-0.9100000262260437,-0.49000000953674316,-1.0499999523162842,0.06023578645249283,resting,null
23,right,751.159,1790837974658,9.504631042480469,-3.527146577835083,0.15314611792564392,-0.42000001668930054,-4.059999942779541,-0.9800000190734863,0.5246213038705425,resting,null
23,right,751.1686153846154,1790837974658,9.46155834197998,-3.47210955619812,0.11964540183544159,-0.42000001668930054,-4.059999942779541,-0.9800000190734863,0.5269824286994547,resting,null
23,right,751.1782307692307,1790837974658,9.564454078674316,-3.4098939895629883,0.11725249886512756,-0.42000001668930054,-4.059999942779541,-0.9800000190734863,0.5300750581974363,resting,null
23,right,751.1878461538462,1790837974658,9.569239616394043,-3.2711052894592285,0.13639576733112335,-0.42000001668930054,-4.059999942779541,-0.9800000190734863,0.5327666371452168,resting,null
23,right,751.1974615384615,1790837974658,9.530953407287598,-3.1107804775238037,0.12443122267723083,-0.42000001668930054,-4.059999942779541,-0.9800000190734863,0.534599819748297,resting,null
23,right,751.2070769230769,1790837974658,9.538131713867188,-3.0868513584136963,0.1411815732717514,-0.42000001668930054,-4.059999942779541,-0.9800000190734863,0.5364271643762878,resting,null
23,right,751.2166923076923,1790837974658,9.530953407287598,-3.1706032752990723,0.12443122267723083,-0.42000001668930054,-4.059999942779541,-0.9800000190734863,0.5384546126227043,resting,null
23,right,751.2263076923077,1790837974658,9.499845504760742,-3.2711052894592285,0.1722893863916397,-0.42000001668930054,-4.059999942779541,-0.9800000190734863,0.540519848849903,resting,null
23,left,763.667,1790837974700,-2.388122320175171,-9.530953407287598,0.30629223585128784,-0.8400000333786011,-1.399999976158142,1.4700000286102295,0.06048598522497088,resting,null
23,left,763.6766153846154,1790837974700,-2.3857293128967285,-9.47830867767334,0.2727915346622467,-0.8400000333786011,-1.399999976158142,1.4700000286102295,0.06017242744008675,resting,null
23,left,763.6862307692307,1790837974700,-2.3091564178466797,-9.480701446533203,0.284756064414978,-0.8400000333786011,-1.399999976158142,1.4700000286102295,0.05971389413208769,resting,null
23,left,763.6958461538462,1790837974700,-2.28283429145813,-9.585989952087402,0.25604116916656494,-0.8400000333786011,-1.399999976158142,1.4700000286102295,0.06017278478757507,resting,null
23,left,763.7054615384616,1790837974700,-2.1966896057128906,-9.65299129486084,0.24646952748298645,-0.8400000333786011,-1.399999976158142,1.4700000286102295,0.0610643214250105,resting,null
23,left,763.7150769230769,1790837974700,-2.0985803604125977,-9.590775489807129,0.22493335604667664,-0.8400000333786011,-1.399999976158142,1.4700000286102295,0.06115355663279713,resting,null
23,left,763.7246923076923,1790837974700,-2.053115129470825,-9.576417922973633,0.2536482512950897,-0.8400000333786011,-1.399999976158142,1.4700000286102295,0.06101837577802509,resting,null
23,left,763.7343076923078,1790837974700,-2.0842230319976807,-9.504631042480469,0.23929080367088318,-0.8400000333786011,-1.399999976158142,1.4700000286102295,0.060278258750784894,resting,null
23,right,751.235,1790837974733,9.528559684753418,-3.366821765899658,0.16750356554985046,-0.2800000011920929,-4.550000190734863,-0.9100000262260437,0.5428939322187927,resting,null
23,right,751.2446153846154,1790837974733,9.468737602233887,-3.4673237800598145,0.1316099464893341,-0.2800000011920929,-4.550000190734863,-0.9100000262260437,0.5452913221643141,resting,null
23,right,751.2542307692307,1790837974733,9.423272132873535,-3.4457876682281494,0.13639576733112335,-0.2800000011920929,-4.550000190734863,-0.9100000262260437,0.5472094304300102,resting,null
23,right,751.2638461538462,1790837974733,9.39216423034668,-3.385964870452881,0.1507532149553299,-0.2800000011920929,-4.550000190734863,-0.9100000262260437,0.5486566108125827,resting,null
23,right,751.2734615384616,1790837974733,9.38259220123291,-3.330928087234497,0.17946811020374298,-0.2800000011920929,-4.550000190734863,-0.9100000262260437,0.5498438315654497,resting,null
23,right,751.2830769230769,1790837974733,9.425664901733398,-3.247176170349121,0.16511066257953644,-0.2800000011920929,-4.550000190734863,-0.9100000262260437,0.551152862716511,resting,null
23,right,751.2926923076923,1790837974733,9.459165573120117,-3.204103946685791,0.1603248417377472,-0.2800000011920929,-4.550000190734863,-0.9100000262260437,0.5526291671810927,resting,null
23,right,751.3023076923077,1790837974733,9.420879364013672,-3.1036016941070557,0.12443122267723083,-0.2800000011920929,-4.550000190734863,-0.9100000262260437,0.553438514745788,resting,null
23,left,763.746,1790837974779,-2.1966896057128906,-9.475915908813477,0.2823631465435028,-0.699999988079071,-1.1200000047683716,0.3499999940395355,0.05936219795281746,resting,null
23,left,763.7556153846153,1790837974779,-2.2469406127929688,-9.47113037109375,0.26561281085014343,-0.699999988079071,-1.1200000047683716,0.3499999940395355,0.058669980245976014,resting,null
23,left,763.7652307692307,1790837974779,-2.2947988510131836,-9.423272132873535,0.27997025847435,-0.699999988079071,-1.1200000047683716,0.3499999940395355,0.0576403656649001,resting,null
23,left,763.7748461538462,1790837974779,-2.28283429145813,-9.418486595153809,0.29672059416770935,-0.699999988079071,-1.1200000047683716,0.3499999940395355,0.056545440571014884,resting,null
23,left,763.7844615384615,1790837974779,-2.256512403488159,-9.48788070678711,0.29672059416770935,-0.699999988079071,-1.1200000047683716,0.3499999940395355,0.05604138143155936,resting,null
23,left,763.7940769230769,1790837974779,-2.3163349628448486,-9.564454078674316,0.3517574965953827,-0.699999988079071,-1.1200000047683716,0.3499999940395355,0.05640260771845208,resting,null
23,left,763.8036923076922,1790837974779,-2.2301902770996094,-9.686491966247559,0.3326142132282257,-0.699999988079071,-1.1200000047683716,0.3499999940395355,0.05770749219527215,resting,null
23,left,763.8133076923077,1790837974779,-2.1464385986328125,-9.693670272827148,0.3350071310997009,-0.699999988079071,-1.1200000047683716,0.3499999940395355,0.05889650102066254,resting,null
23,right,751.311,1790837974808,9.463951110839844,-3.1179592609405518,0.09571632742881775,-0.5600000023841858,-4.619999885559082,-0.9800000190734863,0.5545641090193321,resting,null
23,right,751.3206153846154,1790837974808,9.509416580200195,-3.2017109394073486,0.11007377505302429,-0.5600000023841858,-4.619999885559082,-0.9800000190734863,0.5564863838054702,resting,null
23,right,751.3302307692308,1790837974808,9.542917251586914,-3.342892646789551,0.11485958844423294,-0.5600000023841858,-4.619999885559082,-0.9800000190734863,0.559153138792933,resting,null
23,right,751.3398461538462,1790837974808,9.54052448272705,-3.371607542037964,0.08135887235403061,-0.5600000023841858,-4.619999885559082,-0.9800000190734863,0.5618850829923264,resting,null
23,right,751.3494615384616,1790837974808,9.533346176147461,-3.4027152061462402,0.11007377505302429,-0.5600000023841858,-4.619999885559082,-0.9800000190734863,0.5646517962963915,resting,null
23,right,751.3590769230769,1790837974808,9.521381378173828,-3.3404996395111084,0.07178724557161331,-0.5600000023841858,-4.619999885559082,-0.9800000190734863,0.5671095859297598,resting,null
23,right,751.3686923076923,1790837974808,9.538131713867188,-3.3069989681243896,0.10528795421123505,-0.5600000023841858,-4.619999885559082,-0.9800000190734863,0.569614344874459,resting,null
23,right,751.3783076923078,1790837974808,9.552489280700684,-3.2782840728759766,0.06939433515071869,-0.5600000023841858,-4.619999885559082,-0.9800000190734863,0.5721556865905272,resting,null
23,right,751.386,1790837974885,9.437629699707031,-3.1036016941070557,0.0909305065870285,-0.699999988079071,-4.900000095367432,-1.0499999523162842,0.5729167161715454,resting,null
23,right,751.3956153846153,1790837974885,9.451987266540527,-3.09881591796875,0.10289505124092102,-0.699999988079071,-4.900000095367432,-1.0499999523162842,0.5739861453542991,resting,null
23,right,751.4052307692307,1790837974885,9.380199432373047,-3.1179592609405518,0.13639576733112335,-0.699999988079071,-4.900000095367432,-1.0499999523162842,0.5744649137447738,resting,null
23,right,751.4148461538462,1790837974885,9.373021125793457,-3.1658174991607666,0.12203831225633621,-0.699999988079071,-4.900000095367432,-1.0499999523162842,0.5750261638197138,resting,null
23,right,751.4244615384615,1790837974885,9.322770118713379,-3.1227450370788574,0.13878867030143738,-0.699999988079071,-4.900000095367432,-1.0499999523162842,0.5749983354620355,resting,null
23,right,751.4340769230769,1790837974885,9.346698760986328,-3.182567834854126,0.1722893863916397,-0.699999988079071,-4.900000095367432,-1.0499999523162842,0.5753755798496702,resting,null
23,right,751.4436923076922,1790837974885,9.356270790100098,-3.1993181705474854,0.18903973698616028,-0.699999988079071,-4.900000095367432,-1.0499999523162842,0.5758932197670175,resting,null
23,right,751.4533076923077,1790837974885,9.344305992126465,-3.2782840728759766,0.17707519233226776,-0.699999988079071,-4.900000095367432,-1.0499999523162842,0.5765457074241822,resting,null
23,left,763.825,1790837974911,-2.1464385986328125,-9.676919937133789,0.34936457872390747,-0.42000001668930054,-0.9800000190734863,0.6299999952316284,0.06015925531718906,resting,null
23,left,763.8346153846154,1790837974911,-2.2301902770996094,-9.63624095916748,0.3541503846645355,-0.42000001668930054,-0.9800000190734863,0.6299999952316284,0.061001067240921525,resting,null
23,left,763.8442307692308,1790837974911,-2.3211207389831543,-9.581204414367676,0.3302213251590729,-0.42000001668930054,-0.9800000190734863,0.6299999952316284,0.06151932697204426,resting,null
23,left,763.8538461538462,1790837974911,-2.340264081954956,-9.554882049560547,0.3038993179798126,-0.42000001668930054,-0.9800000190734863,0.6299999952316284,0.06182647486010994,resting,null
23,left,763.8634615384616,1790837974911,-2.3450498580932617,-9.523774147033691,0.33740004897117615,-0.42000001668930054,-0.9800000190734863,0.6299999952316284,0.061865357472347865,resting,null
23,left,763.873076923077,1790837974911,-2.2876200675964355,-9.538131713867188,0.30868515372276306,-0.42000001668930054,-0.9800000190734863,0.6299999952316284,0.061901286309563826,resting,null
23,left,763.8826923076923,1790837974911,-2.2852272987365723,-9.545310020446777,0.31825676560401917,-0.42000001668930054,-0.9800000190734863,0.6299999952316284,0.06200181938978669,resting,null
23,left,763.8923076923078,1790837974911,-2.2995846271514893,-9.538131713867188,0.260826975107193,-0.42000001668930054,-0.9800000190734863,0.6299999952316284,0.06204990251542512,resting,null
23,left,763.905,1790837974941,-2.361800193786621,-9.605133056640625,0.24886244535446167,-0.3499999940395355,-1.0499999523162842,-0.07000000029802322,0.06312039445348767,resting,null
23,left,763.9146153846153,1790837974941,-2.249333620071411,-9.626668930053711,0.2416837215423584,-0.3499999940395355,-1.0499999523162842,-0.07000000029802322,0.06387808501405835,resting,null
23,left,763.9242307692307,1790837974941,-2.2397620677948,-9.693670272827148,0.2536482512950897,-0.3499999940395355,-1.0499999523162842,-0.07000000029802322,0.06524464329506538,resting,null
23,left,763.9338461538462,1790837974941,-2.2325832843780518,-9.729564666748047,0.22493335604667664,-0.3499999940395355,-1.0499999523162842,-0.07000000029802322,0.0669236900686668,resting,null
23,left,763.9434615384615,1790837974941,-2.325906753540039,-9.710420608520508,0.21775463223457336,-0.3499999940395355,-1.0499999523162842,-0.07000000029802322,0.06862822058568244,resting,null
23,left,763.9530769230769,1790837974941,-2.3785505294799805,-9.684099197387695,0.2225404530763626,-0.3499999940395355,-1.0499999523162842,-0.07000000029802322,0.07020515176012168,resting,null
23,left,763.9626923076922,1790837974941,-2.3976938724517822,-9.686491966247559,0.23689790070056915,-0.3499999940395355,-1.0499999523162842,-0.07000000029802322,0.07185123796375802,resting,null
23,left,763.9723076923077,1790837974941,-2.3282995223999023,-9.710420608520508,0.2632198929786682,-0.3499999940395355,-1.0499999523162842,-0.07000000029802322,0.07357038161436312,resting,null
23,right,751.463,1790837974958,9.38259220123291,-3.2639267444610596,0.1698964685201645,-0.2800000011920929,-4.340000152587891,-0.9800000190734863,0.5775097609742745,resting,null
23,right,751.4726153846153,1790837974958,9.39934253692627,-3.211282730102539,0.18664683401584625,-0.2800000011920929,-4.340000152587891,-0.9800000190734863,0.5784567609189822,resting,null
23,right,751.4822307692307,1790837974958,9.411307334899902,-3.189746379852295,0.17707519233226776,-0.2800000011920929,-4.340000152587891,-0.9800000190734863,0.5794450819794243,resting,null
23,right,751.4918461538462,1790837974958,9.411307334899902,-3.1227450370788574,0.1914326548576355,-0.2800000011920929,-4.340000152587891,-0.9800000190734863,0.580227968683444,resting,null
23,right,751.5014615384615,1790837974958,9.428057670593262,-3.041386127471924,0.15793193876743317,-0.2800000011920929,-4.340000152587891,-0.9800000190734863,0.5809109188009292,resting,null
23,right,751.5110769230769,1790837974958,9.396949768066406,-3.0892443656921387,0.1316099464893341,-0.2800000011920929,-4.340000152587891,-0.9800000190734863,0.5814557075610102,resting,null
23,right,751.5206923076922,1790837974958,9.440022468566895,-3.127530813217163,0.1507532149553299,-0.2800000011920929,-4.340000152587891,-0.9800000190734863,0.5825120075676705,resting,null
23,right,751.5303076923077,1790837974958,9.344305992126465,-3.16821026802063,0.10528795421123505,-0.2800000011920929,-4.340000152587891,-0.9800000190734863,0.5828150392685268,resting,null
23,left,763.984,1790837975016,-2.3139421939849854,-9.708027839660645,0.27518442273139954,-1.0499999523162842,-0.9800000190734863,0.9100000262260437,0.07559722139754309,resting,null
23,left,763.9936153846154,1790837975016,-2.3235137462615967,-9.72238540649414,0.30868515372276306,-1.0499999523162842,-0.9800000190734863,0.9100000262260437,0.07742788803125795,resting,null
23,left,764.0032307692308,1790837975016,-2.3139421939849854,-9.65299129486084,0.2943277060985565,-1.0499999523162842,-0.9800000190734863,0.9100000262260437,0.07858404395178875,resting,null
23,left,764.0128461538462,1790837975016,-2.28283429145813,-9.650598526000977,0.27518442273139954,-1.0499999523162842,-0.9800000190734863,0.9100000262260437,0.0796425707720551,resting,null
23,left,764.0224615384616,1790837975016,-2.2804415225982666,-9.64581298828125,0.2895418703556061,-1.0499999523162842,-0.9800000190734863,0.9100000262260437,0.08065468569349833,resting,null
23,left,764.0320769230769,1790837975016,-2.347442865371704,-9.686491966247559,0.25843408703804016,-1.0499999523162842,-0.9800000190734863,0.9100000262260437,0.08218717902612704,resting,null
23,left,764.0416923076923,1790837975016,-2.3498356342315674,-9.719992637634277,0.2321120798587799,-1.0499999523162842,-0.9800000190734863,0.9100000262260437,0.08403101928511009,resting,null
23,left,764.0513076923078,1790837975016,-2.340264081954956,-9.753493309020996,0.22971917688846588,-1.0499999523162842,-0.9800000190734863,0.9100000262260437,0.08616537635693179,resting,null
23,right,751.539,1790837975048,9.310805320739746,-3.1083877086639404,0.12682412564754486,-0.3499999940395355,-4.199999809265137,-1.1200000047683716,0.5826495584937013,resting,null
23,right,751.5486153846153,1790837975048,9.291662216186523,-3.120352268218994,0.12921704351902008,-0.3499999940395355,-4.199999809265137,-1.1200000047683716,0.582329053730854,resting,null
23,right,751.5582307692307,1790837975048,9.282090187072754,-3.0940301418304443,0.1507532149553299,-0.3499999940395355,-4.199999809265137,-1.1200000047683716,0.5818437198860018,resting,null
23,right,751.5678461538462,1790837975048,9.361056327819824,-3.1442811489105225,0.15314611792564392,-0.3499999940395355,-4.199999809265137,-1.1200000047683716,0.5822319739567757,resting,null
23,right,751.5774615384615,1790837975048,9.389771461486816,-3.1586387157440186,0.16750356554985046,-0.3499999940395355,-4.199999809265137,-1.1200000047683716,0.5829275169820765,resting,null
23,right,751.5870769230769,1790837975048,9.420879364013672,-3.182567834854126,0.16511066257953644,-0.3499999940395355,-4.199999809265137,-1.1200000047683716,0.5839792414930821,resting,null
23,right,751.5966923076923,1790837975048,9.377806663513184,-3.1945323944091797,0.1914326548576355,-0.3499999940395355,-4.199999809265137,-1.1200000047683716,0.5846786321693789,resting,null
23,right,751.6063076923077,1790837975048,9.380199432373047,-3.1586387157440186,0.16750356554985046,-0.3499999940395355,-4.199999809265137,-1.1200000047683716,0.5852863823953559,resting,null
23,left,764.063,1790837975106,-2.2589051723480225,-9.786993980407715,0.22971917688846588,-1.3300000429153442,-0.9100000262260437,0.8400000333786011,0.08892010621126319,resting,null
23,left,764.0726153846153,1790837975106,-2.3139421939849854,-9.75588607788086,0.20818300545215607,-1.3300000429153442,-0.9100000262260437,0.8400000333786011,0.09101130300683169,resting,null
23,left,764.0822307692307,1790837975106,-2.333085298538208,-9.73195743560791,0.24646952748298645,-1.3300000429153442,-0.9100000262260437,0.8400000333786011,0.09292901038551707,resting,null
23,left,764.0918461538462,1790837975106,-2.366586208343506,-9.691277503967285,0.2536482512950897,-1.3300000429153442,-0.9100000262260437,0.8400000333786011,0.09454287871313777,resting,null
23,left,764.1014615384615,1790837975106,-2.3976938724517822,-9.626668930053711,0.23689790070056915,-1.3300000429153442,-0.9100000262260437,0.8400000333786011,0.09561992592166803,resting,null
23,left,764.1110769230769,1790837975106,-2.4216229915618896,-9.621883392333984,0.22971917688846588,-1.3300000429153442,-0.9100000262260437,0.8400000333786011,0.09670583704793184,resting,null
23,left,764.1206923076923,1790837975106,-2.388122320175171,-9.518988609313965,0.24646952748298645,-1.3300000429153442,-0.9100000262260437,0.8400000333786011,0.09675898347829426,resting,null
23,left,764.1303076923077,1790837975106,-2.3378713130950928,-9.463951110839844,0.25843408703804016,-1.3300000429153442,-0.9100000262260437,0.8400000333786011,0.09618581368096785,resting,null
23,right,751.615,1790837975108,9.418486595153809,-3.141888380050659,0.17707519233226776,-0.14000000059604645,-3.7100000381469727,-0.9800000190734863,0.5861059489340711,resting,null
23,right,751.6246153846154,1790837975108,9.356270790100098,-3.062922477722168,0.18664683401584625,-0.14000000059604645,-3.7100000381469727,-0.9800000190734863,0.586206515396515,resting,null
23,right,751.6342307692307,1790837975108,9.370628356933594,-3.036600351333618,0.19861137866973877,-0.14000000059604645,-3.7100000381469727,-0.9800000190734863,0.5863610093197955,resting,null
23,right,751.6438461538462,1790837975108,9.327555656433105,-2.9815635681152344,0.13639576733112335,-0.14000000059604645,-3.7100000381469727,-0.9800000190734863,0.585948705891636,resting,null
23,right,751.6534615384616,1790837975108,9.265339851379395,-2.9193477630615234,0.13878867030143738,-0.14000000059604645,-3.7100000381469727,-0.9800000190734863,0.5847843866274375,resting,null
23,right,751.6630769230769,1790837975108,9.20073127746582,-2.9695990085601807,0.11725249886512756,-0.14000000059604645,-3.7100000381469727,-0.9800000190734863,0.5831782632796698,resting,null
23,right,751.6726923076923,1790837975108,9.12415885925293,-3.015064239501953,0.1603248417377472,-0.14000000059604645,-3.7100000381469727,-0.9800000190734863,0.581014003900839,resting,null
23,right,751.6823076923077,1790837975108,9.169623374938965,-3.105994701385498,0.2010042816400528,-0.14000000059604645,-3.7100000381469727,-0.9800000190734863,0.5795437566629638,resting,null
23,left,764.142,1790837975181,-2.311549186706543,-9.45438003540039,0.260826975107193,-2.240000009536743,-0.6299999952316284,0.21000000834465027,0.09530804221359265,resting,null
23,left,764.1516153846154,1790837975181,-2.21343994140625,-9.473523139953613,0.25843408703804016,-2.240000009536743,-0.6299999952316284,0.21000000834465027,0.0945415892945146,resting,null
23,left,764.1612307692308,1790837975181,-2.2373690605163574,-9.490273475646973,0.20818300545215607,-2.240000009536743,-0.6299999952316284,0.21000000834465027,0.09397524249568862,resting,null
23,left,764.1708461538462,1790837975181,-2.2086541652679443,-9.590775489807129,0.2632198929786682,-2.240000009536743,-0.6299999952316284,0.21000000834465027,0.09429744024060366,resting,null
23,left,764.1804615384616,1790837975181,-2.2589051723480225,-9.607525825500488,0.22014755010604858,-2.240000009536743,-0.6299999952316284,0.21000000834465027,0.09487932405848717,resting,null
23,left,764.190076923077,1790837975181,-2.2852272987365723,-9.6697416305542,0.22493335604667664,-2.240000009536743,-0.6299999952316284,0.21000000834465027,0.09610233313649325,resting,null
23,left,764.1996923076923,1790837975181,-2.424015998840332,-9.667348861694336,0.23689790070056915,-2.240000009536743,-0.6299999952316284,0.21000000834465027,0.09761428307328353,resting,null
23,left,764.2093076923078,1790837975181,-2.4718739986419678,-9.63624095916748,0.2225404530763626,-2.240000009536743,-0.6299999952316284,0.21000000834465027,0.09894140510131172,resting,null
23,right,751.69,1790837975214,9.102622032165527,-3.091637372970581,0.181861013174057,0.21000000834465027,-3.2899999618530273,-0.8400000333786011,0.5778430709169929,resting,null
23,right,751.6996153846154,1790837975214,9.19355297088623,-3.1658174991607666,0.17468228936195374,0.21000000834465027,-3.2899999618530273,-0.8400000333786011,0.5767720663633591,resting,null
23,right,751.7092307692308,1790837975214,9.27969741821289,-3.1251380443573,0.1722893863916397,0.21000000834465027,-3.2899999618530273,-0.8400000333786011,0.5763652318668262,resting,null
23,right,751.7188461538462,1790837975214,9.329948425292969,-3.0964231491088867,0.20818300545215607,0.21000000834465027,-3.2899999618530273,-0.8400000333786011,0.5763353606000118,resting,null
23,right,751.7284615384616,1790837975214,9.416092872619629,-3.022243022918701,0.21536172926425934,0.21000000834465027,-3.2899999618530273,-0.8400000333786011,0.5768693085445876,resting,null
23,right,751.738076923077,1790837975214,9.451987266540527,-2.881061315536499,0.21536172926425934,0.21000000834465027,-3.2899999618530273,-0.8400000333786011,0.5773092520060584,resting,null
23,right,751.7476923076923,1790837975214,9.518988609313965,-2.845167636871338,0.2225404530763626,0.21000000834465027,-3.2899999618530273,-0.8400000333786011,0.5782590406590444,resting,null
23,right,751.7573076923078,1790837975214,9.533346176147461,-2.900204658508301,0.18664683401584625,0.21000000834465027,-3.2899999618530273,-0.8400000333786011,0.5795016365681602,resting,null
23,left,764.221,1790837975256,-2.493410348892212,-9.700849533081055,0.20579010248184204,-2.309999942779541,-0.9800000190734863,1.399999976158142,0.10134702629624391,resting,null
23,left,764.2306153846154,1790837975256,-2.459909439086914,-9.698456764221191,0.22732627391815186,-2.309999942779541,-0.9800000190734863,1.399999976158142,0.10323202201323886,resting,null
23,left,764.2402307692307,1790837975256,-2.459909439086914,-9.779815673828125,0.19382555782794952,-2.309999942779541,-0.9800000190734863,1.399999976158142,0.10586942643621632,resting,null
23,left,764.2498461538462,1790837975256,-2.354621648788452,-9.794173240661621,0.22493335604667664,-2.309999942779541,-0.9800000190734863,1.399999976158142,0.10840318025908628,resting,null
23,left,764.2594615384616,1790837975256,-2.3426570892333984,-9.760672569274902,0.25604116916656494,-2.309999942779541,-0.9800000190734863,1.399999976158142,0.11060260951024814,resting,null
23,left,764.2690769230769,1790837975256,-2.2660839557647705,-9.712814331054688,0.21536172926425934,-2.309999942779541,-0.9800000190734863,1.399999976158142,0.11217257937998248,resting,null
23,left,764.2786923076923,1790837975256,-2.2947988510131836,-9.64341926574707,0.21536172926425934,-2.309999942779541,-0.9800000190734863,1.399999976158142,0.11315978831098988,resting,null
23,left,764.2883076923077,1790837975256,-2.2301902770996094,-9.597954750061035,0.20579010248184204,-2.309999942779541,-0.9800000190734863,1.399999976158142,0.11357544893310198,resting,null
23,right,751.766,1790837975274,9.607525825500488,-2.9456698894500732,0.17707519233226776,0.2800000011920929,-2.5899999141693115,-0.9800000190734863,0.5813602706171166,resting,null
23,right,751.7756153846153,1790837975274,9.624276161193848,-3.058136463165283,0.18425391614437103,0.2800000011920929,-2.5899999141693115,-0.9800000190734863,0.5839009879403458,resting,null
23,right,751.7852307692307,1790837975274,9.56684684753418,-3.0868513584136963,0.20339718461036682,0.2800000011920929,-2.5899999141693115,-0.9800000190734863,0.5860023468680826,resting,null
23,right,751.7948461538462,1790837975274,9.552489280700684,-3.16821026802063,0.2105759084224701,0.2800000011920929,-2.5899999141693115,-0.9800000190734863,0.5882126137080456,resting,null
23,right,751.8044615384615,1790837975274,9.411307334899902,-3.1586387157440186,0.25604116916656494,0.2800000011920929,-2.5899999141693115,-0.9800000190734863,0.5891114807690214,resting,null
23,right,751.8140769230769,1790837975274,9.40173625946045,-3.141888380050659,0.260826975107193,0.2800000011920929,-2.5899999141693115,-0.9800000190734863,0.5898750796052756,resting,null
23,right,751.8236923076922,1790837975274,9.36823558807373,-3.0892443656921387,0.1914326548576355,0.2800000011920929,-2.5899999141693115,-0.9800000190734863,0.5901643780111016,resting,null
23,right,751.8333076923077,1790837975274,9.404129028320312,-3.0246357917785645,0.19382555782794952,0.2800000011920929,-2.5899999141693115,-0.9800000190734863,0.5905897988575032,resting,null
23,left,764.301,1790837975331,-2.2995846271514893,-9.590775489807129,0.22493335604667664,-3.0799999237060547,-0.7699999809265137,1.1200000047683716,0.11424565050283533,resting,null
23,left,764.3106153846154,1790837975331,-2.359407424926758,-9.55727481842041,0.20818300545215607,-3.0799999237060547,-0.7699999809265137,1.1200000047683716,0.11457188813207894,resting,null
23,left,764.3202307692308,1790837975331,-2.3378713130950928,-9.614705085754395,0.19861137866973877,-3.0799999237060547,-0.7699999809265137,1.1200000047683716,0.11538368704820659,resting,null
23,left,764.3298461538462,1790837975331,-2.3713719844818115,-9.64341926574707,0.18425391614437103,-3.0799999237060547,-0.7699999809265137,1.1200000047683716,0.11653692503688336,resting,null
23,left,764.3394615384616,1790837975331,-2.2852272987365723,-9.674527168273926,0.2105759084224701,-3.0799999237060547,-0.7699999809265137,1.1200000047683716,0.11778841810590805,resting,null
23,left,764.349076923077,1790837975331,-2.28283429145813,-9.770243644714355,0.19861137866973877,-3.0799999237060547,-0.7699999809265137,1.1200000047683716,0.11992672975662429,resting,null
23,left,764.3586923076923,1790837975331,-2.3019776344299316,-9.679313659667969,0.1914326548576355,-3.0799999237060547,-0.7699999809265137,1.1200000047683716,0.12125727363609626,resting,null
23,left,764.3683076923078,1790837975331,-2.311549186706543,-9.686491966247559,0.17707519233226776,-3.0799999237060547,-0.7699999809265137,1.1200000047683716,0.12267333871387207,resting,null
23,right,751.842,1790837975349,9.449594497680664,-2.9767775535583496,0.18664683401584625,0.21000000834465027,-2.380000114440918,-0.8400000333786011,0.5912216950841593,resting,null
23,right,751.8516153846153,1790837975349,9.545310020446777,-2.9624202251434326,0.20818300545215607,0.21000000834465027,-2.380000114440918,-0.8400000333786011,0.5927590771538022,resting,null
23,right,751.8612307692307,1790837975349,9.538131713867188,-2.98634934425354,0.21775463223457336,0.21000000834465027,-2.380000114440918,-0.8400000333786011,0.5943028399285111,resting,null
23,right,751.8708461538462,1790837975349,9.564454078674316,-3.0964231491088867,0.24407662451267242,0.21000000834465027,-2.380000114440918,-0.8400000333786011,0.596413188022703,resting,null
23,right,751.8804615384615,1790837975349,9.588382720947266,-3.105994701385498,0.2321120798587799,0.21000000834465027,-2.380000114440918,-0.8400000333786011,0.5987678882770753,resting,null
23,right,751.8900769230769,1790837975349,9.617097854614258,-3.1083877086639404,0.24646952748298645,0.21000000834465027,-2.380000114440918,-0.8400000333786011,0.6013944622731828,resting,null
23,right,751.8996923076922,1790837975349,9.619490623474121,-3.1012089252471924,0.19382555782794952,0.21000000834465027,-2.380000114440918,-0.8400000333786011,0.6040101441835309,resting,null
23,right,751.9093076923077,1790837975349,9.595561027526855,-3.0389933586120605,0.26800569891929626,0.21000000834465027,-2.380000114440918,-0.8400000333786011,0.6062373423102453,resting,null
23,right,751.919,1790837975423,9.47830867767334,-2.9480626583099365,0.26561281085014343,0.42000001668930054,-2.5899999141693115,-0.7699999809265137,0.6071319046652803,resting,null
23,right,751.9286153846153,1790837975423,9.418486595153809,-2.91695499420166,0.19621846079826355,0.42000001668930054,-2.5899999141693115,-0.7699999809265137,0.6073680374707178,resting,null
23,right,751.9382307692307,1790837975423,9.437629699707031,-2.8714897632598877,0.16271774470806122,0.42000001668930054,-2.5899999141693115,-0.7699999809265137,0.6076430929968596,resting,null
23,right,751.9478461538462,1790837975423,9.45438003540039,-2.91695499420166,0.2010042816400528,0.42000001668930054,-2.5899999141693115,-0.7699999809265137,0.6082107335229661,resting,null
23,right,751.9574615384615,1790837975423,9.480701446533203,-2.9911351203918457,0.19382555782794952,0.42000001668930054,-2.5899999141693115,-0.7699999809265137,0.6092311513656523,resting,null
23,right,751.9670769230769,1790837975423,9.55009651184082,-3.0677082538604736,0.2105759084224701,0.42000001668930054,-2.5899999141693115,-0.7699999809265137,0.6111118734067829,resting,null
23,right,751.9766923076922,1790837975423,9.626668930053711,-3.127530813217163,0.22971917688846588,0.42000001668930054,-2.5899999141693115,-0.7699999809265137,0.6138712437419409,resting,null
23,right,751.9863076923077,1790837975423,9.648205757141113,-3.1777820587158203,0.181861013174057,0.42000001668930054,-2.5899999141693115,-0.7699999809265137,0.6169655322235443,resting,null
23,left,764.38,1790837975466,-2.361800193786621,-9.595561027526855,0.17707519233226776,-3.430000066757202,-0.8400000333786011,0.9100000262260437,0.12349876980816367,resting,null
23,left,764.3896153846154,1790837975466,-2.361800193786621,-9.456772804260254,0.19621846079826355,-3.430000066757202,-0.8400000333786011,0.9100000262260437,0.12288512399721595,resting,null
23,left,764.3992307692307,1790837975466,-2.333085298538208,-9.411307334899902,0.2010042816400528,-3.430000066757202,-0.8400000333786011,0.9100000262260437,0.12178349020668225,resting,null
23,left,764.4088461538462,1790837975466,-2.3235137462615967,-9.38259220123291,0.2129688262939453,-3.430000066757202,-0.8400000333786011,0.9100000262260437,0.12039499609159363,resting,null
23,left,764.4184615384615,1790837975466,-2.3163349628448486,-9.46155834197998,0.17946811020374298,-3.430000066757202,-0.8400000333786011,0.9100000262260437,0.1197217397310397,resting,null
23,left,764.4280769230769,1790837975466,-2.333085298538208,-9.511809349060059,0.17707519233226776,-3.430000066757202,-0.8400000333786011,0.9100000262260437,0.11955568953018281,resting,null
23,left,764.4376923076923,1790837975466,-2.3019776344299316,-9.638633728027344,0.19621846079826355,-3.430000066757202,-0.8400000333786011,0.9100000262260437,0.1205058390884508,resting,null
23,left,764.4473076923077,1790837975466,-2.2589051723480225,-9.650598526000977,0.17707519233226776,-3.430000066757202,-0.8400000333786011,0.9100000262260437,0.1214672071846617,resting,null
23,left,764.46,1790837975496,-2.2445478439331055,-9.655384063720703,0.19382555782794952,-3.0799999237060547,-0.699999988079071,0.8400000333786011,0.12275742495363286,resting,null
23,left,764.4696153846154,1790837975496,-2.2254045009613037,-9.64341926574707,0.18425391614437103,-3.0799999237060547,-0.699999988079071,0.8400000333786011,0.12357937178238164,resting,null
23,left,764.4792307692308,1790837975496,-2.3235137462615967,-9.518988609313965,0.19861137866973877,-3.0799999237060547,-0.699999988079071,0.8400000333786011,0.12345952333478026,resting,null
23,left,764.4888461538462,1790837975496,-2.347442865371704,-9.411307334899902,0.2321120798587799,-3.0799999237060547,-0.699999988079071,0.8400000333786011,0.12239422319105386,resting,null
23,left,764.4984615384616,1790837975496,-2.3306925296783447,-9.27969741821289,0.19621846079826355,-3.0799999237060547,-0.699999988079071,0.8400000333786011,0.12005760436301798,resting,null
23,left,764.5080769230769,1790837975496,-2.2852272987365723,-9.267732620239258,0.17707519233226776,-3.0799999237060547,-0.699999988079071,0.8400000333786011,0.1175040437117886,resting,null
23,left,764.5176923076923,1790837975496,-2.325906753540039,-9.294054985046387,0.2129688262939453,-3.0799999237060547,-0.699999988079071,0.8400000333786011,0.11529741910802611,resting,null
23,left,764.5273076923078,1790837975496,-2.2852272987365723,-9.358663558959961,0.20579010248184204,-3.0799999237060547,-0.699999988079071,0.8400000333786011,0.11359991562105676,resting,null
23,right,751.994,1790837975498,9.631455421447754,-3.161031484603882,0.2727915346622467,0.6299999952316284,-2.240000009536743,-0.5600000023841858,0.6192921245766868,resting,null
23,right,752.0036153846154,1790837975498,9.617097854614258,-3.0533506870269775,0.22971917688846588,0.6299999952316284,-2.240000009536743,-0.5600000023841858,0.6217439746539425,resting,null
23,right,752.0132307692307,1790837975498,9.542917251586914,-2.9408841133117676,0.22014755010604858,0.6299999952316284,-2.240000009536743,-0.5600000023841858,0.6231866672255989,resting,null
23,right,752.0228461538462,1790837975498,9.507023811340332,-2.9552414417266846,0.2010042816400528,0.6299999952316284,-2.240000009536743,-0.5600000023841858,0.6243388670537754,resting,null
23,right,752.0324615384616,1790837975498,9.411307334899902,-2.8427748680114746,0.24646952748298645,0.6299999952316284,-2.240000009536743,-0.5600000023841858,0.6242992194990161,resting,null
23,right,752.0420769230769,1790837975498,9.346698760986328,-2.833203077316284,0.22732627391815186,0.6299999952316284,-2.240000009536743,-0.5600000023841858,0.6236374311865729,resting,null
23,right,752.0516923076923,1790837975498,9.404129028320312,-2.8834543228149414,0.20579010248184204,0.6299999952316284,-2.240000009536743,-0.5600000023841858,0.6236426774949145,resting,null
23,right,752.0613076923078,1790837975498,9.497451782226562,-2.91695499420166,0.23929080367088318,0.6299999952316284,-2.240000009536743,-0.5600000023841858,0.6246066501460553,resting,null
23,left,764.539,1790837975570,-2.278048515319824,-9.47830867767334,0.15553902089595795,-2.6600000858306885,-0.9800000190734863,0.49000000953674316,0.11286435039797305,resting,null
23,left,764.5486153846153,1790837975570,-2.268476963043213,-9.600347518920898,0.1005021408200264,-2.6600000858306885,-0.9800000190734863,0.49000000953674316,0.11336946899131206,resting,null
23,left,764.5582307692307,1790837975570,-2.2110471725463867,-9.571632385253906,0.0909305065870285,-2.6600000858306885,-0.9800000190734863,0.49000000953674316,0.11347653017355015,resting,null
23,left,764.5678461538462,1790837975570,-2.1942968368530273,-9.571632385253906,0.14836029708385468,-2.6600000858306885,-0.9800000190734863,0.49000000953674316,0.1135557825016004,resting,null
23,left,764.5774615384615,1790837975570,-2.263690948486328,-9.483095169067383,0.15793193876743317,-2.6600000858306885,-0.9800000190734863,0.49000000953674316,0.11296451677917184,resting,null
23,left,764.5870769230769,1790837975570,-2.311549186706543,-9.373021125793457,0.12443122267723083,-2.6600000858306885,-0.9800000190734863,0.49000000953674316,0.11144796062733568,resting,null
23,left,764.5966923076923,1790837975570,-2.3450498580932617,-9.315590858459473,0.12682412564754486,-2.6600000858306885,-0.9800000190734863,0.49000000953674316,0.10947306490015228,resting,null
23,left,764.6063076923077,1790837975570,-2.3354783058166504,-9.346698760986328,0.16750356554985046,-2.6600000858306885,-0.9800000190734863,0.49000000953674316,0.10777422280693362,resting,null
23,right,752.07,1790837975573,9.626668930053711,-3.0246357917785645,0.27997025847435,0.9100000262260437,-2.380000114440918,-0.42000001668930054,0.6268341835241572,resting,null
23,right,752.0796153846154,1790837975573,9.605133056640625,-3.1251380443573,0.22732627391815186,0.9100000262260437,-2.380000114440918,-0.42000001668930054,0.6293758601662731,resting,null
23,right,752.0892307692308,1790837975573,9.65299129486084,-3.1993181705474854,0.26800569891929626,0.9100000262260437,-2.380000114440918,-0.42000001668930054,0.6325787077620489,resting,null
23,right,752.0988461538462,1790837975573,9.633848190307617,-3.1706032752990723,0.26800569891929626,0.9100000262260437,-2.380000114440918,-0.42000001668930054,0.6355243898543612,resting,null
23,right,752.1084615384616,1790837975573,9.597954750061035,-3.077279806137085,0.30868515372276306,0.9100000262260437,-2.380000114440918,-0.42000001668930054,0.6378800524482474,resting,null
23,right,752.118076923077,1790837975573,9.54052448272705,-2.971991777420044,0.27518442273139954,0.9100000262260437,-2.380000114440918,-0.42000001668930054,0.6393970895829717,resting,null
23,right,752.1276923076923,1790837975573,9.492666244506836,-2.936098337173462,0.25843408703804016,0.9100000262260437,-2.380000114440918,-0.42000001668930054,0.6403681515327458,resting,null
23,right,752.1373076923078,1790837975573,9.56684684753418,-2.8930258750915527,0.24886244535446167,0.9100000262260437,-2.380000114440918,-0.42000001668930054,0.6418948671978867,resting,null
23,left,764.618,1790837975662,-2.3139421939849854,-9.416092872619629,0.18425391614437103,-2.7300000190734863,-1.3300000429153442,1.190000057220459,0.10644077637795571,resting,null
23,left,764.6276153846154,1790837975662,-2.2876200675964355,-9.499845504760742,0.1698964685201645,-2.7300000190734863,-1.3300000429153442,1.190000057220459,0.10606452174088606,resting,null
23,left,764.6372307692308,1790837975662,-2.278048515319824,-9.459165573120117,0.14836029708385468,-2.7300000190734863,-1.3300000429153442,1.190000057220459,0.10528393640715254,resting,null
23,left,764.6468461538462,1790837975662,-2.2589051723480225,-9.499845504760742,0.17946811020374298,-2.7300000190734863,-1.3300000429153442,1.190000057220459,0.10484541434971277,resting,null
23,left,764.6564615384616,1790837975662,-2.2373690605163574,-9.48788070678711,0.1411815732717514,-2.7300000190734863,-1.3300000429153442,1.190000057220459,0.1042417609560451,resting,null
23,left,764.666076923077,1790837975662,-2.2301902770996094,-9.420879364013672,0.17946811020374298,-2.7300000190734863,-1.3300000429153442,1.190000057220459,0.1030019819326352,resting,null
23,left,764.6756923076923,1790837975662,-2.2014753818511963,-9.380199432373047,0.15553902089595795,-2.7300000190734863,-1.3300000429153442,1.190000057220459,0.10131535081664717,resting,null
23,left,764.6853076923078,1790837975662,-2.2158329486846924,-9.39216423034668,0.13639576733112335,-2.7300000190734863,-1.3300000429153442,1.190000057220459,0.09977046610433468,resting,null
23,right,752.146,1790837975663,9.57402515411377,-2.950455665588379,0.22014755010604858,0.699999988079071,-2.870000123977661,-0.49000000953674316,0.6434761786575168,resting,null
23,right,752.1556153846153,1790837975663,9.626668930053711,-2.9983139038085938,0.27757734060287476,0.699999988079071,-2.870000123977661,-0.49000000953674316,0.6458566323533789,resting,null
23,right,752.1652307692307,1790837975663,9.617097854614258,-3.0533506870269775,0.22971917688846588,0.699999988079071,-2.870000123977661,-0.49000000953674316,0.6482948394548039,resting,null
23,right,752.1748461538461,1790837975663,9.578810691833496,-3.141888380050659,0.2225404530763626,0.699999988079071,-2.870000123977661,-0.49000000953674316,0.6506347539214269,resting,null
23,right,752.1844615384615,1790837975663,9.554882049560547,-3.139495372772217,0.2129688262939453,0.699999988079071,-2.870000123977661,-0.49000000953674316,0.6527474878222351,resting,null
23,right,752.1940769230769,1790837975663,9.504631042480469,-3.1155662536621094,0.24407662451267242,0.699999988079071,-2.870000123977661,-0.49000000953674316,0.6543377353234819,resting,null
23,right,752.2036923076922,1790837975663,9.535738945007324,-3.0892443656921387,0.23450499773025513,0.699999988079071,-2.870000123977661,-0.49000000953674316,0.6561343238710664,resting,null
23,right,752.2133076923077,1790837975663,9.425664901733398,-3.05574369430542,0.2536482512950897,0.699999988079071,-2.870000123977661,-0.49000000953674316,0.6568292330961378,resting,null
23,right,752.222,1790837975723,9.530953407287598,-3.0605294704437256,0.27518442273139954,0.6299999952316284,-3.0799999237060547,-0.2800000011920929,0.6583452629004091,resting,null
23,right,752.2316153846153,1790837975723,9.507023811340332,-3.0605294704437256,0.25843408703804016,0.6299999952316284,-3.0799999237060547,-0.2800000011920929,0.6597989984928723,resting,null
23,right,752.2412307692307,1790837975723,9.609918594360352,-3.084458589553833,0.3015064299106598,0.6299999952316284,-3.0799999237060547,-0.2800000011920929,0.6622740463394922,resting,null
23,right,752.2508461538462,1790837975723,9.746315002441406,-3.120352268218994,0.27518442273139954,0.6299999952316284,-3.0799999237060547,-0.2800000011920929,0.666094860045337,resting,null
23,right,752.2604615384615,1790837975723,9.8085298538208,-3.1490671634674072,0.26561281085014343,0.6299999952316284,-3.0799999237060547,-0.2800000011920929,0.670564782339191,resting,null
23,right,752.2700769230769,1790837975723,9.856388092041016,-3.211282730102539,0.2727915346622467,0.6299999952316284,-3.0799999237060547,-0.2800000011920929,0.6756557211284053,resting,null
23,right,752.2796923076922,1790837975723,9.851602554321289,-3.2088897228240967,0.27997025847435,0.6299999952316284,-3.0799999237060547,-0.2800000011920929,0.6806953125523861,resting,null
23,right,752.2893076923077,1790837975723,9.786993980407715,-3.2567479610443115,0.20339718461036682,0.6299999952316284,-3.0799999237060547,-0.2800000011920929,0.6852667673754158,resting,null
23,left,764.697,1790837975736,-2.3067634105682373,-9.39934253692627,0.17468228936195374,-2.309999942779541,-1.4700000286102295,1.0499999523162842,0.09822714765547262,resting,null
23,left,764.7066153846154,1790837975736,-2.3306925296783447,-9.480701446533203,0.16271774470806122,-2.309999942779541,-1.4700000286102295,1.0499999523162842,0.09777191054608932,resting,null
23,left,764.7162307692307,1790837975736,-2.325906753540039,-9.667348861694336,0.13639576733112335,-2.309999942779541,-1.4700000286102295,1.0499999523162842,0.09904634925226961,resting,null
23,left,764.7258461538462,1790837975736,-2.3426570892333984,-9.753493309020996,0.1411815732717514,-2.309999942779541,-1.4700000286102295,1.0499999523162842,0.10116336831413165,resting,null
23,left,764.7354615384615,1790837975736,-2.3426570892333984,-9.796566009521484,0.14357449114322662,-2.309999942779541,-1.4700000286102295,1.0499999523162842,0.10368220450240864,resting,null
23,left,764.7450769230769,1790837975736,-2.3713719844818115,-9.801351547241211,0.18903973698616028,-2.309999942779541,-1.4700000286102295,1.0499999523162842,0.10631540375223868,resting,null
23,left,764.7546923076923,1790837975736,-2.3163349628448486,-9.712814331054688,0.1698964685201645,-2.309999942779541,-1.4700000286102295,1.0499999523162842,0.10799410522133819,resting,null
23,left,764.7643076923077,1790837975736,-2.263690948486328,-9.655384063720703,0.2010042816400528,-2.309999942779541,-1.4700000286102295,1.0499999523162842,0.10902304164472999,resting,null
23,right,752.298,1790837975798,9.679313659667969,-3.280677080154419,0.20818300545215607,0.5600000023841858,-3.569999933242798,-0.21000000834465027,0.6885756978294337,resting,null
23,right,752.3076153846154,1790837975798,9.569239616394043,-3.1729960441589355,0.21775463223457336,0.5600000023841858,-3.569999933242798,-0.21000000834465027,0.6909094658109483,resting,null
23,right,752.3172307692307,1790837975798,9.466344833374023,-3.058136463165283,0.20818300545215607,0.5600000023841858,-3.569999933242798,-0.21000000834465027,0.6919565572157604,resting,null
23,right,752.3268461538462,1790837975798,9.435236930847168,-3.015064239501953,0.18425391614437103,0.5600000023841858,-3.569999933242798,-0.21000000834465027,0.6925866822216552,resting,null
23,right,752.3364615384615,1790837975798,9.475915908813477,-3.1107804775238037,0.22014755010604858,0.5600000023841858,-3.569999933242798,-0.21000000834465027,0.6938801353162348,resting,null
23,right,752.3460769230769,1790837975798,9.504631042480469,-3.120352268218994,0.1603248417377472,0.5600000023841858,-3.569999933242798,-0.21000000834465027,0.6954526860613722,resting,null
23,right,752.3556923076923,1790837975798,9.624276161193848,-3.1849606037139893,0.2225404530763626,0.5600000023841858,-3.569999933242798,-0.21000000834465027,0.698321835246602,resting,null
23,right,752.3653076923077,1790837975798,9.724778175354004,-3.345285415649414,0.26561281085014343,0.5600000023841858,-3.569999933242798,-0.21000000834465027,0.7025979665457789,resting,null
23,left,764.777,1790837975811,-2.2014753818511963,-9.578810691833496,0.20339718461036682,-2.6600000858306885,-1.399999976158142,1.190000057220459,0.10925520685306962,resting,null
23,left,764.7866153846154,1790837975811,-2.2469406127929688,-9.442415237426758,0.19382555782794952,-2.6600000858306885,-1.399999976158142,1.190000057220459,0.10825453956175797,resting,null
23,left,764.7962307692308,1790837975811,-2.3450498580932617,-9.40173625946045,0.20579010248184204,-2.6600000858306885,-1.399999976158142,1.190000057220459,0.10709567035032579,resting,null
23,left,764.8058461538462,1790837975811,-2.3067634105682373,-9.442415237426758,0.16271774470806122,-2.6600000858306885,-1.399999976158142,1.190000057220459,0.10622510635140972,resting,null
23,left,764.8154615384616,1790837975811,-2.268476963043213,-9.605133056640625,0.1722893863916397,-2.6600000858306885,-1.399999976158142,1.190000057220459,0.10679084863889904,resting,null
23,left,764.825076923077,1790837975811,-2.199082612991333,-9.72238540649414,0.1722893863916397,-2.6600000858306885,-1.399999976158142,1.190000057220459,0.10829864630844431,resting,null
23,left,764.8346923076923,1790837975811,-2.1895108222961426,-9.820494651794434,0.1411815732717514,-2.6600000858306885,-1.399999976158142,1.190000057220459,0.11069896751845573,resting,null
23,left,764.8443076923078,1790837975811,-2.297191858291626,-9.863567352294922,0.13878867030143738,-2.6600000858306885,-1.399999976158142,1.190000057220459,0.11373869996927485,resting,null
23,right,752.374,1790837975873,9.736742973327637,-3.371607542037964,0.25604116916656494,0.5600000023841858,-3.2200000286102295,-0.21000000834465027,0.7066325895344713,resting,null
23,right,752.3836153846154,1790837975873,9.765458106994629,-3.244783401489258,0.27518442273139954,0.5600000023841858,-3.2200000286102295,-0.21000000834465027,0.7109757515818106,resting,null
23,right,752.3932307692307,1790837975873,9.743921279907227,-3.09881591796875,0.2632198929786682,0.5600000023841858,-3.2200000286102295,-0.21000000834465027,0.7146783221589718,resting,null
23,right,752.4028461538462,1790837975873,9.66256332397461,-2.9767775535583496,0.27518442273139954,0.5600000023841858,-3.2200000286102295,-0.21000000834465027,0.7172749779642048,resting,null
23,right,752.4124615384616,1790837975873,9.516595840454102,-2.8140599727630615,0.284756064414978,0.5600000023841858,-3.2200000286102295,-0.21000000834465027,0.718057254009183,resting,null
23,right,752.4220769230769,1790837975873,9.396949768066406,-2.711164951324463,0.27518442273139954,0.5600000023841858,-3.2200000286102295,-0.21000000834465027,0.7174435771243082,resting,null
23,right,752.4316923076923,1790837975873,9.260554313659668,-2.7638089656829834,0.3015064299106598,0.5600000023841858,-3.2200000286102295,-0.21000000834465027,0.7157481855666207,resting,null
23,right,752.4413076923078,1790837975873,9.248589515686035,-2.8690967559814453,0.32543548941612244,0.5600000023841858,-3.2200000286102295,-0.21000000834465027,0.7142609311394489,resting,null
23,left,764.856,1790837975885,-2.340264081954956,-9.81092357635498,0.13639576733112335,-2.0299999713897705,-1.399999976158142,1.3300000429153442,0.1169493856559307,resting,null
23,left,764.8656153846154,1790837975885,-2.4144442081451416,-9.72238540649414,0.13878867030143738,-2.0299999713897705,-1.399999976158142,1.3300000429153442,0.11892748825137094,resting,null
23,left,764.8752307692307,1790837975885,-2.4551236629486084,-9.595561027526855,0.16750356554985046,-2.0299999713897705,-1.399999976158142,1.3300000429153442,0.11981702415848057,resting,null
23,left,764.8848461538462,1790837975885,-2.4072654247283936,-9.344305992126465,0.10289505124092102,-2.0299999713897705,-1.399999976158142,1.3300000429153442,0.11824557520802621,resting,null
23,left,764.8944615384615,1790837975885,-2.4288017749786377,-9.2725191116333,0.11485958844423294,-2.0299999713897705,-1.399999976158142,1.3300000429153442,0.11605834363732401,resting,null
23,left,764.9040769230769,1790837975885,-2.4000868797302246,-9.205517768859863,0.09810923039913177,-2.0299999713897705,-1.399999976158142,1.3300000429153442,0.11318147134303189,resting,null
23,left,764.9136923076923,1790837975885,-2.242154836654663,-9.291662216186523,0.11246667802333832,-2.0299999713897705,-1.399999976158142,1.3300000429153442,0.11074600081555712,resting,null
23,left,764.9233076923077,1790837975885,-2.10097336769104,-9.337127685546875,0.07178724557161331,-2.0299999713897705,-1.399999976158142,1.3300000429153442,0.10840964304564185,resting,null
23,right,752.45,1790837975948,9.176802635192871,-3.034207344055176,0.30868515372276306,0.7699999809265137,-3.9200000762939453,0,0.712759556149185,resting,null
23,right,752.4596153846154,1790837975948,9.183980941772461,-3.1371026039123535,0.260826975107193,0.7699999809265137,-3.9200000762939453,0,0.7114607634005524,resting,null
23,right,752.4692307692308,1790837975948,9.224660873413086,-3.196925163269043,0.31586387753486633,0.7699999809265137,-3.9200000762939453,0,0.7107262461162436,resting,null
23,right,752.4788461538462,1790837975948,9.250982284545898,-3.2423903942108154,0.3038993179798126,0.7699999809265137,-3.9200000762939453,0,0.7103687022052878,resting,null
23,right,752.4884615384616,1790837975948,9.329948425292969,-3.1849606037139893,0.25604116916656494,0.7699999809265137,-3.9200000762939453,0,0.7105523309796953,resting,null
23,right,752.498076923077,1790837975948,9.430450439453125,-3.043779134750366,0.3110780417919159,0.7699999809265137,-3.9200000762939453,0,0.7112413264912024,resting,null
23,right,752.5076923076923,1790837975948,9.413700103759766,-2.9552414417266846,0.24407662451267242,0.7699999809265137,-3.9200000762939453,0,0.7114989987097639,resting,null
23,right,752.5173076923078,1790837975948,9.423272132873535,-2.8499536514282227,0.2632198929786682,0.7699999809265137,-3.9200000762939453,0,0.7115377770086737,resting,null
23,left,764.935,1790837976020,-2.0220072269439697,-9.356270790100098,0.06221561133861542,-1.8899999856948853,-0.8400000333786011,0.07000000029802322,0.10557380640692907,resting,null
23,left,764.9446153846153,1790837976020,-1.9908995628356934,-9.425664901733398,0.11725249886512756,-1.8899999856948853,-0.8400000333786011,0.07000000029802322,0.10383094941408633,resting,null
23,left,764.9542307692307,1790837976020,-2.0914015769958496,-9.435236930847168,0.055036887526512146,-1.8899999856948853,-0.8400000333786011,0.07000000029802322,0.1024013059036746,resting,null
23,left,764.9638461538461,1790837976020,-2.2254045009613037,-9.47830867767334,0.08135887235403061,-1.8899999856948853,-0.8400000333786011,0.07000000029802322,0.10167672025329778,resting,null
23,left,764.9734615384615,1790837976020,-2.2469406127929688,-9.456772804260254,0.1507532149553299,-1.8899999856948853,-0.8400000333786011,0.07000000029802322,0.10080514128690447,resting,null
23,left,764.9830769230769,1790837976020,-2.3282995223999023,-9.380199432373047,0.14596739411354065,-1.8899999856948853,-0.8400000333786011,0.07000000029802322,0.09939939001270919,resting,null
23,left,764.9926923076922,1790837976020,-2.3857293128967285,-9.291662216186523,0.12682412564754486,-1.8899999856948853,-0.8400000333786011,0.07000000029802322,0.09729568117700971,resting,null
23,left,765.0023076923077,1790837976020,-2.4216229915618896,-9.315590858459473,0.14357449114322662,-1.8899999856948853,-0.8400000333786011,0.07000000029802322,0.09550188041471687,resting,null
23,right,752.526,1790837976023,9.39216423034668,-2.8068811893463135,0.29672059416770935,0,-3.1500000953674316,-0.14000000059604645,0.7112099301361995,resting,null
23,right,752.5356153846153,1790837976023,9.413700103759766,-2.747058391571045,0.29672059416770935,0,-3.1500000953674316,-0.14000000059604645,0.7108725171954814,resting,null
23,right,752.5452307692307,1790837976023,9.40173625946045,-2.8643109798431396,0.260826975107193,0,-3.1500000953674316,-0.14000000059604645,0.7107643891977852,resting,null
23,right,752.5548461538461,1790837976023,9.499845504760742,-2.9695990085601807,0.2536482512950897,0,-3.1500000953674316,-0.14000000059604645,0.7118608654391785,resting,null
23,right,752.5644615384615,1790837976023,9.516595840454102,-3.0820655822753906,0.3015064299106598,0,-3.1500000953674316,-0.14000000059604645,0.713448166138454,resting,null
23,right,752.5740769230769,1790837976023,9.57402515411377,-3.1155662536621094,0.26561281085014343,0,-3.1500000953674316,-0.14000000059604645,0.7156509986320135,resting,null
23,right,752.5836923076922,1790837976023,9.569239616394043,-3.113173484802246,0.2536482512950897,0,-3.1500000953674316,-0.14000000059604645,0.7177999652260607,resting,null
23,right,752.5933076923077,1790837976023,9.48788070678711,-3.141888380050659,0.2727915346622467,0,-3.1500000953674316,-0.14000000059604645,0.719293859848198,resting,null
23,left,765.014,1790837976052,-2.409658432006836,-9.30601978302002,0.15553902089595795,-1.9600000381469727,-1.3300000429153442,0.699999988079071,0.09318556183165377,resting,null
23,left,765.0236153846154,1790837976052,-2.3067634105682373,-9.444808006286621,0.15553902089595795,-1.9600000381469727,-1.3300000429153442,0.699999988079071,0.09234249244463977,resting,null
23,left,765.0332307692307,1790837976052,-2.21343994140625,-9.535738945007324,0.1316099464893341,-1.9600000381469727,-1.3300000429153442,0.699999988079071,0.09213450147242673,resting,null
23,left,765.0428461538462,1790837976052,-2.2038683891296387,-9.602740287780762,0.1411815732717514,-1.9600000381469727,-1.3300000429153442,0.699999988079071,0.09253365989000624,resting,null
23,left,765.0524615384616,1790837976052,-2.2086541652679443,-9.57402515411377,0.13639576733112335,-1.9600000381469727,-1.3300000429153442,0.699999988079071,0.09267606278911225,resting,null
23,left,765.0620769230769,1790837976052,-2.249333620071411,-9.4950590133667,0.17468228936195374,-1.9600000381469727,-1.3300000429153442,0.699999988079071,0.09217633101653458,resting,null
23,left,765.0716923076923,1790837976052,-2.2947988510131836,-9.404129028320312,0.17468228936195374,-1.9600000381469727,-1.3300000429153442,0.699999988079071,0.09092922929103935,resting,null
23,left,765.0813076923077,1790837976052,-2.290013074874878,-9.380199432373047,0.14596739411354065,-1.9600000381469727,-1.3300000429153442,0.699999988079071,0.08944505387914414,resting,null
23,right,752.601,1790837976099,9.516595840454102,-3.0461719036102295,0.2727915346622467,0.3499999940395355,-3.7100000381469727,0,0.7204723840524723,resting,null
23,right,752.6106153846154,1790837976099,9.40173625946045,-2.9145619869232178,0.24646952748298645,0.3499999940395355,-3.7100000381469727,0,0.7205020677243488,resting,null
23,right,752.6202307692307,1790837976099,9.442415237426758,-2.9121692180633545,0.24886244535446167,0.3499999940395355,-3.7100000381469727,0,0.7208992271916471,resting,null
23,right,752.6298461538462,1790837976099,9.440022468566895,-2.9145619869232178,0.22493335604667664,0.3499999940395355,-3.7100000381469727,0,0.7212772966684279,resting,null
23,right,752.6394615384615,1790837976099,9.47830867767334,-2.9528486728668213,0.2703986167907715,0.3499999940395355,-3.7100000381469727,0,0.7221274027402408,resting,null
23,right,752.6490769230769,1790837976099,9.538131713867188,-3.0126712322235107,0.24886244535446167,0.3499999940395355,-3.7100000381469727,0,0.7236933186815523,resting,null
23,right,752.6586923076923,1790837976099,9.595561027526855,-3.1036016941070557,0.2416837215423584,0.3499999940395355,-3.7100000381469727,0,0.7260471425535233,resting,null
23,right,752.6683076923077,1790837976099,9.638633728027344,-3.1586387157440186,0.2703986167907715,0.3499999940395355,-3.7100000381469727,0,0.7289622401813095,resting,null
23,left,765.093,1790837976126,-2.3570144176483154,-9.349091529846191,0.1507532149553299,-2.0999999046325684,-1.5399999618530273,1.6800000667572021,0.08747548220086315,resting,null
23,left,765.1026153846153,1790837976126,-2.354621648788452,-9.370628356933594,0.1316099464893341,-2.0999999046325684,-1.5399999618530273,1.6800000667572021,0.08605050457444864,resting,null
23,left,765.1122307692307,1790837976126,-2.333085298538208,-9.473523139953613,0.1698964685201645,-2.0999999046325684,-1.5399999618530273,1.6800000667572021,0.085541839710693,resting,null
23,left,765.1218461538461,1790837976126,-2.3426570892333984,-9.528559684753418,0.181861013174057,-2.0999999046325684,-1.5399999618530273,1.6800000667572021,0.08557096025029856,resting,null
23,left,765.1314615384615,1790837976126,-2.278048515319824,-9.605133056640625,0.1316099464893341,-2.0999999046325684,-1.5399999618530273,1.6800000667572021,0.0861592922577829,resting,null
23,left,765.1410769230769,1790837976126,-2.290013074874878,-9.626668930053711,0.13400284945964813,-2.0999999046325684,-1.5399999618530273,1.6800000667572021,0.08697709035242178,resting,null
23,left,765.1506923076922,1790837976126,-2.3139421939849854,-9.664956092834473,0.15553902089595795,-2.0999999046325684,-1.5399999618530273,1.6800000667572021,0.08820989311054901,resting,null
23,left,765.1603076923077,1790837976126,-2.340264081954956,-9.533346176147461,0.12682412564754486,-2.0999999046325684,-1.5399999618530273,1.6800000667572021,0.08826887646206735,resting,null
23,right,752.677,1790837976173,9.612311363220215,-3.1323165893554688,0.24646952748298645,0.5600000023841858,-3.7100000381469727,0.21000000834465027,0.7313047568263419,resting,null
23,right,752.6866153846154,1790837976173,9.600347518920898,-3.1227450370788574,0.284756064414978,0.5600000023841858,-3.7100000381469727,0.21000000834465027,0.733766284833487,resting,null
23,right,752.6962307692307,1790837976173,9.54052448272705,-3.058136463165283,0.2823631465435028,0.5600000023841858,-3.7100000381469727,0.21000000834465027,0.7354888514518473,resting,null
23,right,752.7058461538462,1790837976173,9.502238273620605,-2.9767775535583496,0.260826975107193,0.5600000023841858,-3.7100000381469727,0.21000000834465027,0.7366169672815366,resting,null
23,right,752.7154615384616,1790837976173,9.406521797180176,-2.931312322616577,0.2727915346622467,0.5600000023841858,-3.7100000381469727,0.21000000834465027,0.7367394180535175,resting,null
23,right,752.7250769230769,1790837976173,9.40173625946045,-2.921740770339966,0.28714898228645325,0.5600000023841858,-3.7100000381469727,0.21000000834465027,0.7367944384432422,resting,null
23,right,752.7346923076923,1790837976173,9.507023811340332,-2.9887421131134033,0.260826975107193,0.5600000023841858,-3.7100000381469727,0.21000000834465027,0.7380020622029235,resting,null
23,right,752.7443076923078,1790837976173,9.564454078674316,-3.0246357917785645,0.2727915346622467,0.5600000023841858,-3.7100000381469727,0.21000000834465027,0.7398420660692971,resting,null
23,left,765.173,1790837976216,-2.3498356342315674,-9.449594497680664,0.13878867030143738,-1.9600000381469727,-1.6100000143051147,1.5399999618530273,0.08734660470003643,resting,null
23,left,765.1826153846154,1790837976216,-2.3426570892333984,-9.344305992126465,0.1603248417377472,-1.9600000381469727,-1.6100000143051147,1.5399999618530273,0.08565280858106696,resting,null
23,left,765.1922307692307,1790837976216,-2.3833365440368652,-9.356270790100098,0.15793193876743317,-1.9600000381469727,-1.6100000143051147,1.5399999618530273,0.08416632007278961,resting,null
23,left,765.2018461538462,1790837976216,-2.390515089035034,-9.480701446533203,0.12443122267723083,-1.9600000381469727,-1.6100000143051147,1.5399999618530273,0.08385269199929975,resting,null
23,left,765.2114615384615,1790837976216,-2.4048726558685303,-9.538131713867188,0.1698964685201645,-1.9600000381469727,-1.6100000143051147,1.5399999618530273,0.08411425872505615,resting,null
23,left,765.2210769230769,1790837976216,-2.4479448795318604,-9.667348861694336,0.14836029708385468,-1.9600000381469727,-1.6100000143051147,1.5399999618530273,0.08567801413487756,resting,null
23,left,765.2306923076923,1790837976216,-2.5269110202789307,-9.729564666748047,0.14357449114322662,-1.9600000381469727,-1.6100000143051147,1.5399999618530273,0.08800756667575889,resting,null
23,left,765.2403076923077,1790837976216,-2.536482572555542,-9.741528511047363,0.11007377505302429,-1.9600000381469727,-1.6100000143051147,1.5399999618530273,0.09046634064289663,resting,null
23,right,752.754,1790837976270,9.734350204467773,-3.0030996799468994,0.29911351203918457,0.3499999940395355,-3.2899999618530273,0.21000000834465027,0.7432096124544376,resting,null
23,right,752.7636153846154,1790837976270,9.822887420654297,-3.0102784633636475,0.2703986167907715,0.3499999940395355,-3.2899999618530273,0.21000000834465027,0.7473748925335949,resting,null
23,right,752.7732307692307,1790837976270,9.8444242477417,-2.9408841133117676,0.2919347882270813,0.3499999940395355,-3.2899999618530273,0.21000000834465027,0.7515443838767825,resting,null
23,right,752.7828461538462,1790837976270,9.798958778381348,-2.938491106033325,0.2895418703556061,0.3499999940395355,-3.2899999618530273,0.21000000834465027,0.7552887187832189,resting,null
23,right,752.7924615384616,1790837976270,9.798958778381348,-2.9193477630615234,0.3230426013469696,0.3499999940395355,-3.2899999618530273,0.21000000834465027,0.7589867591509362,resting,null
23,right,752.8020769230769,1790837976270,9.693670272827148,-2.943276882171631,0.28714898228645325,0.3499999940395355,-3.2899999618530273,0.21000000834465027,0.761774693829548,resting,null
23,right,752.8116923076923,1790837976270,9.617097854614258,-2.938491106033325,0.3015064299106598,0.3499999940395355,-3.2899999618530273,0.21000000834465027,0.7638481778256548,resting,null
23,right,752.8213076923078,1790837976270,9.57402515411377,-2.979170560836792,0.2727915346622467,0.3499999940395355,-3.2899999618530273,0.21000000834465027,0.7656323067608699,resting,null
23,left,765.253,1790837976291,-2.61305570602417,-9.763065338134766,0.1316099464893341,-1.6100000143051147,-1.399999976158142,1.75,0.09422333915331517,resting,null
23,left,765.2626153846154,1790837976291,-2.5675904750823975,-9.638633728027344,0.11485958844423294,-1.6100000143051147,-1.399999976158142,1.75,0.09579961557434621,resting,null
23,left,765.2722307692308,1790837976291,-2.5173392295837402,-9.595561027526855,0.11007377505302429,-1.6100000143051147,-1.399999976158142,1.75,0.09685142132818597,resting,null
23,left,765.2818461538462,1790837976291,-2.4910173416137695,-9.562060356140137,0.12682412564754486,-1.6100000143051147,-1.399999976158142,1.75,0.09752907604867216,resting,null
23,left,765.2914615384616,1790837976291,-2.4264087677001953,-9.554882049560547,0.10528795421123505,-1.6100000143051147,-1.399999976158142,1.75,0.09798105210580414,resting,null
23,left,765.301076923077,1790837976291,-2.368978977203369,-9.466344833374023,0.13878867030143738,-1.6100000143051147,-1.399999976158142,1.75,0.09747531251199529,resting,null
23,left,765.3106923076923,1790837976291,-2.3450498580932617,-9.440022468566895,0.11725249886512756,-1.6100000143051147,-1.399999976158142,1.75,0.09666626385536085,resting,null
23,left,765.3203076923078,1790837976291,-2.3378713130950928,-9.497451782226562,0.10289505124092102,-1.6100000143051147,-1.399999976158142,1.75,0.0963748465233919,resting,null
23,left,765.332,1790837976366,-2.318727970123291,-9.507023811340332,0.10768086463212967,-1.75,-1.1200000047683716,0.8400000333786011,0.09607673853328337,resting,null
23,left,765.3416153846154,1790837976366,-2.366586208343506,-9.547703742980957,0.10289505124092102,-1.75,-1.1200000047683716,0.8400000333786011,0.09632353956966931,resting,null
23,left,765.3512307692307,1790837976366,-2.390515089035034,-9.612311363220215,0.10528795421123505,-1.75,-1.1200000047683716,0.8400000333786011,0.0972288349176859,resting,null
23,left,765.3608461538462,1790837976366,-2.4144442081451416,-9.617097854614258,0.11485958844423294,-1.75,-1.1200000047683716,0.8400000333786011,0.0982350753312558,resting,null
23,left,765.3704615384615,1790837976366,-2.4000868797302246,-9.621883392333984,0.13878867030143738,-1.75,-1.1200000047683716,0.8400000333786011,0.09925471382982808,resting,null
23,left,765.3800769230769,1790837976366,-2.464695453643799,-9.502238273620605,0.1316099464893341,-1.75,-1.1200000047683716,0.8400000333786011,0.09930980794884198,resting,null
23,left,765.3896923076923,1790837976366,-2.4838385581970215,-9.490273475646973,0.17946811020374298,-1.75,-1.1200000047683716,0.8400000333786011,0.0993055196683323,resting,null
23,left,765.3993076923077,1790837976366,-2.4694812297821045,-9.507023811340332,0.12921704351902008,-1.75,-1.1200000047683716,0.8400000333786011,0.09941791376196792,resting,null
23,right,752.829,1790837976369,9.507023811340332,-3.0533506870269775,0.30629223585128784,0.49000000953674316,-4.130000114440918,0.2800000011920929,0.7667426225246905,resting,null
23,right,752.8386153846153,1790837976369,9.442415237426758,-3.015064239501953,0.2895418703556061,0.49000000953674316,-4.130000114440918,0.2800000011920929,0.767425280674287,resting,null
23,right,752.8482307692307,1790837976369,9.468737602233887,-3.022243022918701,0.2895418703556061,0.49000000953674316,-4.130000114440918,0.2800000011920929,0.7683706410770097,resting,null
23,right,752.8578461538461,1790837976369,9.468737602233887,-3.0318145751953125,0.2823631465435028,0.49000000953674316,-4.130000114440918,0.2800000011920929,0.769342131765584,resting,null
23,right,752.8674615384615,1790837976369,9.530953407287598,-3.0940301418304443,0.3326142132282257,0.49000000953674316,-4.130000114440918,0.2800000011920929,0.7710769085796014,resting,null
23,right,752.8770769230769,1790837976369,9.593168258666992,-3.041386127471924,0.2895418703556061,0.49000000953674316,-4.130000114440918,0.2800000011920929,0.7732170844840454,resting,null
23,right,752.8866923076922,1790837976369,9.588382720947266,-3.02942156791687,0.284756064414978,0.49000000953674316,-4.130000114440918,0.2800000011920929,0.7752764733238918,resting,null
23,right,752.8963076923077,1790837976369,9.552489280700684,-3.007885456085205,0.29911351203918457,0.49000000953674316,-4.130000114440918,0.2800000011920929,0.776947735603066,resting,null
23,left,765.411,1790837976441,-2.390515089035034,-9.54052448272705,0.1316099464893341,-1.75,-0.9800000190734863,1.190000057220459,0.09970607457489607,resting,null
23,left,765.4206153846153,1790837976441,-2.347442865371704,-9.559667587280273,0.19621846079826355,-1.75,-0.9800000190734863,1.190000057220459,0.10002846406438379,resting,null
23,left,765.4302307692307,1790837976441,-2.292405843734741,-9.576417922973633,0.14596739411354065,-1.75,-0.9800000190734863,1.190000057220459,0.10037243536044245,resting,null
23,left,765.4398461538461,1790837976441,-2.3378713130950928,-9.514202117919922,0.13878867030143738,-1.75,-0.9800000190734863,1.190000057220459,0.1002425250208291,resting,null
23,left,765.4494615384615,1790837976441,-2.3139421939849854,-9.55009651184082,0.15314611792564392,-1.75,-0.9800000190734863,1.190000057220459,0.10039452021380127,resting,null
23,left,765.4590769230769,1790837976441,-2.3857293128967285,-9.511809349060059,0.10528795421123505,-1.75,-0.9800000190734863,1.190000057220459,0.10034938892558748,resting,null
23,left,765.4686923076922,1790837976441,-2.4120514392852783,-9.667348861694336,0.08375178277492523,-1.75,-0.9800000190734863,1.190000057220459,0.10181377513010877,resting,null
23,left,765.4783076923077,1790837976441,-2.3833365440368652,-9.655384063720703,0.10768086463212967,-1.75,-0.9800000190734863,1.190000057220459,0.10310185644654246,resting,null
23,right,752.905,1790837976458,9.597954750061035,-2.9887421131134033,0.2512553632259369,0.07000000029802322,-3.7100000381469727,0.2800000011920929,0.7787732674634841,resting,null
23,right,752.9146153846153,1790837976458,9.581204414367676,-2.9624202251434326,0.27518442273139954,0.07000000029802322,-3.7100000381469727,0.2800000011920929,0.7805692079027462,resting,null
23,right,752.9242307692307,1790837976458,9.497451782226562,-2.9408841133117676,0.24407662451267242,0.07000000029802322,-3.7100000381469727,0.2800000011920929,0.7815269590208155,resting,null
23,right,752.9338461538462,1790837976458,9.528559684753418,-3.0030996799468994,0.3038993179798126,0.07000000029802322,-3.7100000381469727,0.2800000011920929,0.782962054534274,resting,null
23,right,752.9434615384615,1790837976458,9.547703742980957,-3.022243022918701,0.22014755010604858,0.07000000029802322,-3.7100000381469727,0.2800000011920929,0.7846071060975474,resting,null
23,right,752.9530769230769,1790837976458,9.523774147033691,-3.0605294704437256,0.260826975107193,0.07000000029802322,-3.7100000381469727,0.2800000011920929,0.7861524025719812,resting,null
23,right,752.9626923076922,1790837976458,9.514202117919922,-3.091637372970581,0.25843408703804016,0.07000000029802322,-3.7100000381469727,0.2800000011920929,0.7876999420284583,resting,null
23,right,752.9723076923077,1790837976458,9.447200775146484,-3.0748867988586426,0.23689790070056915,0.07000000029802322,-3.7100000381469727,0.2800000011920929,0.7885807353628842,resting,null
23,right,752.981,1790837976488,9.473523139953613,-3.09881591796875,0.27518442273139954,0.07000000029802322,-3.569999933242798,0.42000001668930054,0.7896662225748475,resting,null
23,right,752.9906153846154,1790837976488,9.480701446533203,-3.0796728134155273,0.30868515372276306,0.07000000029802322,-3.569999933242798,0.42000001668930054,0.7908841022153649,resting,null
23,right,753.0002307692307,1790837976488,9.516595840454102,-3.0964231491088867,0.3134709596633911,0.07000000029802322,-3.569999933242798,0.42000001668930054,0.7924807586059689,resting,null
23,right,753.0098461538462,1790837976488,9.530953407287598,-3.141888380050659,0.32782840728759766,0.07000000029802322,-3.569999933242798,0.42000001668930054,0.7943464606731052,resting,null
23,right,753.0194615384615,1790837976488,9.514202117919922,-3.0461719036102295,0.3134709596633911,0.07000000029802322,-3.569999933242798,0.42000001668930054,0.7957720335504628,resting,null
23,right,753.0290769230769,1790837976488,9.475915908813477,-3.022243022918701,0.3350071310997009,0.07000000029802322,-3.569999933242798,0.42000001668930054,0.7967823279535078,resting,null
23,right,753.0386923076923,1790837976488,9.425664901733398,-3.022243022918701,0.32543548941612244,0.07000000029802322,-3.569999933242798,0.42000001668930054,0.7973306064745125,resting,null
23,right,753.0483076923077,1790837976488,9.38498592376709,-3.007885456085205,0.31586387753486633,0.07000000029802322,-3.569999933242798,0.42000001668930054,0.7974621258363473,resting,null
23,right,753.057,1790837976563,9.36584186553955,-2.9839563369750977,0.30629223585128784,-0.14000000059604645,-3.569999933242798,0.49000000953674316,0.7973569803277472,resting,null
23,right,753.0666153846154,1790837976563,9.377806663513184,-3.000706672668457,0.3326142132282257,-0.14000000059604645,-3.569999933242798,0.49000000953674316,0.7974069438228399,resting,null
23,right,753.0762307692307,1790837976563,9.45438003540039,-3.0677082538604736,0.363722026348114,-0.14000000059604645,-3.569999933242798,0.49000000953674316,0.7983633783116915,resting,null
23,right,753.0858461538462,1790837976563,9.545310020446777,-3.0940301418304443,0.33740004897117615,-0.14000000059604645,-3.569999933242798,0.49000000953674316,0.8002210135703907,resting,null
23,right,753.0954615384616,1790837976563,9.552489280700684,-3.0892443656921387,0.339792937040329,-0.14000000059604645,-3.569999933242798,0.49000000953674316,0.8021302042806508,resting,null
23,right,753.1050769230769,1790837976563,9.502238273620605,-3.058136463165283,0.32543548941612244,-0.14000000059604645,-3.569999933242798,0.49000000953674316,0.8034829877876829,resting,null
23,right,753.1146923076923,1790837976563,9.588382720947266,-3.1083877086639404,0.35893622040748596,-0.14000000059604645,-3.569999933242798,0.49000000953674316,0.805781384219892,resting,null
23,right,753.1243076923078,1790837976563,9.562060356140137,-3.041386127471924,0.3517574965953827,-0.14000000059604645,-3.569999933242798,0.49000000953674316,0.8076386897776933,resting,null
23,left,765.49,1790837976577,-2.4144442081451416,-9.581204414367676,0.08375178277492523,-1.75,-1.1200000047683716,2.0299999713897705,0.10391128070980088,resting,null
23,left,765.4996153846154,1790837976577,-2.4407663345336914,-9.569239616394043,0.10768086463212967,-1.75,-1.1200000047683716,2.0299999713897705,0.10452933523628657,resting,null
23,left,765.5092307692307,1790837976577,-2.5340895652770996,-9.437629699707031,0.10289505124092102,-1.75,-1.1200000047683716,2.0299999713897705,0.1041425757921226,resting,null
23,left,765.5188461538462,1790837976577,-2.467088222503662,-9.442415237426758,0.05264397710561752,-1.75,-1.1200000047683716,2.0299999713897705,0.1036383384375801,resting,null
23,left,765.5284615384616,1790837976577,-2.438373327255249,-9.356270790100098,0.04307234659790993,-1.75,-1.1200000047683716,2.0299999713897705,0.10226391269988429,resting,null
23,left,765.5380769230769,1790837976577,-2.445552110671997,-9.499845504760742,0.10768086463212967,-1.75,-1.1200000047683716,2.0299999713897705,0.10224815871783043,resting,null
23,left,765.5476923076923,1790837976577,-2.479052782058716,-9.56684684753418,0.09810923039913177,-1.75,-1.1200000047683716,2.0299999713897705,0.10293578087867286,resting,null
23,left,765.5573076923077,1790837976577,-2.438373327255249,-9.617097854614258,0.059822700917720795,-1.75,-1.1200000047683716,2.0299999713897705,0.10398986718416275,resting,null
23,left,765.57,1790837976606,-2.4407663345336914,-9.612311363220215,0.07178724557161331,-1.6100000143051147,-0.7699999809265137,1.5399999618530273,0.10533117055850785,resting,null
23,left,765.5796153846154,1790837976606,-2.459909439086914,-9.612311363220215,0.09571632742881775,-1.6100000143051147,-0.7699999809265137,1.5399999618530273,0.10639427637645547,resting,null
23,left,765.5892307692308,1790837976606,-2.5388755798339844,-9.626668930053711,0.04546525329351425,-1.6100000143051147,-0.7699999809265137,1.5399999618530273,0.10777619219705474,resting,null
23,left,765.5988461538462,1790837976606,-2.5029819011688232,-9.581204414367676,0.06221561133861542,-1.6100000143051147,-0.7699999809265137,1.5399999618530273,0.10864978137474547,resting,null
23,left,765.6084615384616,1790837976606,-2.47426700592041,-9.6697416305542,0.06700142472982407,-1.6100000143051147,-0.7699999809265137,1.5399999618530273,0.11027775165412085,resting,null
23,left,765.618076923077,1790837976606,-2.486231565475464,-9.600347518920898,0.05742979422211647,-1.6100000143051147,-0.7699999809265137,1.5399999618530273,0.11128738204668868,resting,null
23,left,765.6276923076923,1790837976606,-2.4981961250305176,-9.664956092834473,0.06460852175951004,-1.6100000143051147,-0.7699999809265137,1.5399999618530273,0.11292691646761549,resting,null
23,left,765.6373076923078,1790837976606,-2.467088222503662,-9.57402515411377,0.09810923039913177,-1.6100000143051147,-0.7699999809265137,1.5399999618530273,0.11364700683714271,resting,null
23,right,753.133,1790837976638,9.55727481842041,-3.05574369430542,0.3445787727832794,-0.2800000011920929,-3.2899999618530273,0.49000000953674316,0.809313555263902,resting,null
23,right,753.1426153846154,1790837976638,9.552489280700684,-2.9959208965301514,0.3350071310997009,-0.2800000011920929,-3.2899999618530273,0.49000000953674316,0.8109442244372397,resting,null
23,right,753.1522307692308,1790837976638,9.57402515411377,-3.0533506870269775,0.32543548941612244,-0.2800000011920929,-3.2899999618530273,0.49000000953674316,0.8129353859632391,resting,null
23,right,753.1618461538462,1790837976638,9.55727481842041,-3.015064239501953,0.3206496834754944,-0.2800000011920929,-3.2899999618530273,0.49000000953674316,0.8146594012904378,resting,null
23,right,753.1714615384616,1790837976638,9.511809349060059,-2.9815635681152344,0.3732936680316925,-0.2800000011920929,-3.2899999618530273,0.49000000953674316,0.8158853285226464,resting,null
23,right,753.181076923077,1790837976638,9.504631042480469,-2.9672060012817383,0.34697166085243225,-0.2800000011920929,-3.2899999618530273,0.49000000953674316,0.816995756308007,resting,null
23,right,753.1906923076923,1790837976638,9.430450439453125,-3.02942156791687,0.36850783228874207,-0.2800000011920929,-3.2899999618530273,0.49000000953674316,0.8176133157381946,resting,null
23,right,753.2003076923078,1790837976638,9.463951110839844,-3.070101022720337,0.3541503846645355,-0.2800000011920929,-3.2899999618530273,0.49000000953674316,0.8186518583404131,resting,null
23,left,765.649,1790837976681,-2.467088222503662,-9.554882049560547,0.11485958844423294,-1.9600000381469727,-0.3499999940395355,0.6299999952316284,0.11430753515633814,resting,null
23,left,765.6586153846154,1790837976681,-2.445552110671997,-9.504631042480469,0.10768086463212967,-1.9600000381469727,-0.3499999940395355,0.6299999952316284,0.11433077294355462,resting,null
23,left,765.6682307692307,1790837976681,-2.3426570892333984,-9.533346176147461,0.07896596938371658,-1.9600000381469727,-0.3499999940395355,0.6299999952316284,0.1143733303954887,resting,null
23,left,765.6778461538462,1790837976681,-2.3091564178466797,-9.542917251586914,0.1005021408200264,-1.9600000381469727,-0.3499999940395355,0.6299999952316284,0.11442898140627004,resting,null
23,left,765.6874615384615,1790837976681,-2.304370403289795,-9.538131713867188,0.08853759616613388,-1.9600000381469727,-0.3499999940395355,0.6299999952316284,0.11442958709529995,resting,null
23,left,765.6970769230769,1790837976681,-2.290013074874878,-9.485487937927246,0.059822700917720795,-1.9600000381469727,-0.3499999940395355,0.6299999952316284,0.11390522205528618,resting,null
23,left,765.7066923076923,1790837976681,-2.318727970123291,-9.39216423034668,0.13878867030143738,-1.9600000381469727,-0.3499999940395355,0.6299999952316284,0.11258477112750588,resting,null
23,left,765.7163076923077,1790837976681,-2.2852272987365723,-9.349091529846191,0.1411815732717514,-1.9600000381469727,-0.3499999940395355,0.6299999952316284,0.1107863247088768,resting,null
23,right,753.209,1790837976713,9.456772804260254,-3.120352268218994,0.3230426013469696,-0.14000000059604645,-3.2899999618530273,0.699999988079071,0.8196559858273837,resting,null
23,right,753.2186153846153,1790837976713,9.466344833374023,-3.1729960441589355,0.3421858549118042,-0.14000000059604645,-3.2899999618530273,0.699999988079071,0.8210164091886034,resting,null
23,right,753.2282307692307,1790837976713,9.416092872619629,-3.1514599323272705,0.31825676560401917,-0.14000000059604645,-3.2899999618530273,0.699999988079071,0.8218477211797098,resting,null
23,right,753.2378461538461,1790837976713,9.363449096679688,-3.0724940299987793,0.32543548941612244,-0.14000000059604645,-3.2899999618530273,0.699999988079071,0.821965663664976,resting,null
23,right,753.2474615384615,1790837976713,9.341913223266602,-3.05574369430542,0.2703986167907715,-0.14000000059604645,-3.2899999618530273,0.699999988079071,0.8218206723061262,resting,null
23,right,753.2570769230769,1790837976713,9.38259220123291,-2.9815635681152344,0.2536482512950897,-0.14000000059604645,-3.2899999618530273,0.699999988079071,0.8218222774875484,resting,null
23,right,753.2666923076922,1790837976713,9.406521797180176,-2.9528486728668213,0.31586387753486633,-0.14000000059604645,-3.2899999618530273,0.699999988079071,0.821975741151163,resting,null
23,right,753.2763076923077,1790837976713,9.4950590133667,-2.9600272178649902,0.2727915346622467,-0.14000000059604645,-3.2899999618530273,0.699999988079071,0.8229494789948877,resting,null
23,left,765.728,1790837976756,-2.3713719844818115,-9.339520454406738,0.16511066257953644,-2.0299999713897705,-0.3499999940395355,1.75,0.1087395201186464,resting,null
23,left,765.7376153846153,1790837976756,-2.361800193786621,-9.303627014160156,0.12203831225633621,-2.0299999713897705,-0.3499999940395355,1.75,0.10669621013337816,resting,null
23,left,765.7472307692307,1790837976756,-2.3785505294799805,-9.428057670593262,0.1722893863916397,-2.0299999713897705,-0.3499999940395355,1.75,0.10585874962026393,resting,null
23,left,765.7568461538461,1790837976756,-2.4120514392852783,-9.473523139953613,0.13878867030143738,-2.0299999713897705,-0.3499999940395355,1.75,0.10552046185476124,resting,null
23,left,765.7664615384615,1790837976756,-2.3522286415100098,-9.533346176147461,0.1411815732717514,-2.0299999713897705,-0.3499999940395355,1.75,0.10559918432426378,resting,null
23,left,765.7760769230769,1790837976756,-2.395301103591919,-9.650598526000977,0.12921704351902008,-2.0299999713897705,-0.3499999940395355,1.75,0.10687066430650571,resting,null
23,left,765.7856923076922,1790837976756,-2.416837215423584,-9.657776832580566,0.10528795421123505,-2.0299999713897705,-0.3499999940395355,1.75,0.108256045135711,resting,null
23,left,765.7953076923077,1790837976756,-2.4192299842834473,-9.55009651184082,0.09571632742881775,-2.0299999713897705,-0.3499999940395355,1.75,0.10864192266354919,resting,null
23,right,753.285,1790837976803,9.511809349060059,-3.015064239501953,0.31825676560401917,-0.42000001668930054,-3.0799999237060547,0.5600000023841858,0.8241257803506818,resting,null
23,right,753.2946153846153,1790837976803,9.624276161193848,-3.0748867988586426,0.3015064299106598,-0.42000001668930054,-3.0799999237060547,0.5600000023841858,0.8266262476029269,resting,null
23,right,753.3042307692307,1790837976803,9.681706428527832,-3.120352268218994,0.30868515372276306,-0.42000001668930054,-3.0799999237060547,0.5600000023841858,0.8297863192716595,resting,null
23,right,753.3138461538462,1790837976803,9.727170944213867,-3.1107804775238037,0.29672059416770935,-0.42000001668930054,-3.0799999237060547,0.5600000023841858,0.8333292467450628,resting,null
23,right,753.3234615384615,1790837976803,9.655384063720703,-3.077279806137085,0.28714898228645325,-0.42000001668930054,-3.0799999237060547,0.5600000023841858,0.8361129296521213,resting,null
23,right,753.3330769230769,1790837976803,9.57402515411377,-3.036600351333618,0.2727915346622467,-0.42000001668930054,-3.0799999237060547,0.5600000023841858,0.8380281430604779,resting,null
23,right,753.3426923076922,1790837976803,9.444808006286621,-2.936098337173462,0.3015064299106598,-0.42000001668930054,-3.0799999237060547,0.5600000023841858,0.8384753331877908,resting,null
23,right,753.3523076923077,1790837976803,9.356270790100098,-2.8547394275665283,0.26561281085014343,-0.42000001668930054,-3.0799999237060547,0.5600000023841858,0.8378682607236697,resting,null
23,left,765.807,1790837976846,-2.4072654247283936,-9.377806663513184,0.09332341700792313,-1.9600000381469727,-0.49000000953674316,1.75,0.10712523798053528,resting,null
23,left,765.8166153846154,1790837976846,-2.4288017749786377,-9.236625671386719,0.11725249886512756,-1.9600000381469727,-0.49000000953674316,1.75,0.10461855917085175,resting,null
23,left,765.8262307692307,1790837976846,-2.4407663345336914,-9.179195404052734,0.09810923039913177,-1.9600000381469727,-0.49000000953674316,1.75,0.10160682755039997,resting,null
23,left,765.8358461538462,1790837976846,-2.4216229915618896,-9.21748161315918,0.07418014854192734,-1.9600000381469727,-0.49000000953674316,1.75,0.09890457436184502,resting,null
23,left,765.8454615384616,1790837976846,-2.270869731903076,-9.39934253692627,0.14596739411354065,-1.9600000381469727,-0.49000000953674316,1.75,0.09753601307810171,resting,null
23,left,765.8550769230769,1790837976846,-2.1249024868011475,-9.499845504760742,0.16271774470806122,-1.9600000381469727,-0.49000000953674316,1.75,0.0967559544896496,resting,null
23,left,765.8646923076923,1790837976846,-2.1201164722442627,-9.64341926574707,0.1603248417377472,-1.9600000381469727,-0.49000000953674316,1.75,0.09730574796686856,resting,null
23,left,765.8743076923078,1790837976846,-2.21343994140625,-9.703242301940918,0.16271774470806122,-1.9600000381469727,-0.49000000953674316,1.75,0.09863939165677932,resting,null
23,right,753.361,1790837976863,9.284482955932617,-2.8906328678131104,0.2727915346622467,-0.49000000953674316,-3.640000104904175,0.7699999809265137,0.83681973499041,resting,null
23,right,753.3706153846153,1790837976863,9.286876678466797,-3.007885456085205,0.31586387753486633,-0.49000000953674316,-3.640000104904175,0.7699999809265137,0.8360308755690601,resting,null
23,right,753.3802307692307,1790837976863,9.349091529846191,-3.211282730102539,0.2823631465435028,-0.49000000953674316,-3.640000104904175,0.7699999809265137,0.8363945589617776,resting,null
23,right,753.3898461538462,1790837976863,9.46155834197998,-3.364428758621216,0.2512553632259369,-0.49000000953674316,-3.640000104904175,0.7699999809265137,0.8382310648562307,resting,null
23,right,753.3994615384615,1790837976863,9.535738945007324,-3.4051082134246826,0.2321120798587799,-0.49000000953674316,-3.640000104904175,0.7699999809265137,0.8408664960044742,resting,null
23,right,753.4090769230769,1790837976863,9.621883392333984,-3.316570520401001,0.26800569891929626,-0.49000000953674316,-3.640000104904175,0.7699999809265137,0.8440413541956097,resting,null
23,right,753.4186923076923,1790837976863,9.779815673828125,-3.1921393871307373,0.24886244535446167,-0.49000000953674316,-3.640000104904175,0.7699999809265137,0.8482867563745418,resting,null
23,right,753.4283076923077,1790837976863,9.853995323181152,-3.091637372970581,0.23929080367088318,-0.49000000953674316,-3.640000104904175,0.7699999809265137,0.8529085835941597,resting,null
23,left,765.886,1790837976921,-2.424015998840332,-9.746315002441406,0.19621846079826355,-1.190000057220459,-0.9800000190734863,2.309999942779541,0.10136186998618642,resting,null
23,left,765.8956153846153,1790837976921,-2.6752712726593018,-9.760672569274902,0.11485958844423294,-1.190000057220459,-0.9800000190734863,2.309999942779541,0.10432530053796943,resting,null
23,left,765.9052307692307,1790837976921,-2.7662017345428467,-9.801351547241211,0.14357449114322662,-1.190000057220459,-0.9800000190734863,2.309999942779541,0.1078914550798093,resting,null
23,left,765.9148461538462,1790837976921,-2.747058391571045,-9.839637756347656,0.1316099464893341,-1.190000057220459,-0.9800000190734863,2.309999942779541,0.11176839264895193,resting,null
23,left,765.9244615384615,1790837976921,-2.706378936767578,-9.8085298538208,0.09810923039913177,-1.190000057220459,-0.9800000190734863,2.309999942779541,0.11525439737373178,resting,null
23,left,765.9340769230769,1790837976921,-2.699200391769409,-9.751100540161133,0.06700142472982407,-1.190000057220459,-0.9800000190734863,2.309999942779541,0.11818682490970074,resting,null
23,left,765.9436923076922,1790837976921,-2.711164951324463,-9.751100540161133,0.08135887235403061,-1.190000057220459,-0.9800000190734863,2.309999942779541,0.12115091237047475,resting,null
23,left,765.9533076923077,1790837976921,-2.6441633701324463,-9.724778175354004,0.10289505124092102,-1.190000057220459,-0.9800000190734863,2.309999942779541,0.12370407732172854,resting,null
23,right,753.436,1790837976953,9.892282485961914,-2.943276882171631,0.25604116916656494,-1.0499999523162842,-3.0799999237060547,0.5600000023841858,0.8565392267031725,resting,null
23,right,753.4456153846154,1790837976953,9.935354232788086,-2.900204658508301,0.30868515372276306,-1.0499999523162842,-3.0799999237060547,0.5600000023841858,0.8613583763021088,resting,null
23,right,753.4552307692308,1790837976953,9.93774700164795,-2.888240098953247,0.26561281085014343,-1.0499999523162842,-3.0799999237060547,0.5600000023841858,0.8661572671631453,resting,null
23,right,753.4648461538462,1790837976953,9.815709114074707,-2.859525203704834,0.27518442273139954,-1.0499999523162842,-3.0799999237060547,0.5600000023841858,0.8697588136442219,resting,null
23,right,753.4744615384616,1790837976953,9.815709114074707,-2.873882532119751,0.32543548941612244,-1.0499999523162842,-3.0799999237060547,0.5600000023841858,0.8734140921195861,resting,null
23,right,753.4840769230769,1790837976953,9.775029182434082,-3.007885456085205,0.3230426013469696,-1.0499999523162842,-3.0799999237060547,0.5600000023841858,0.877081399191892,resting,null
23,right,753.4936923076923,1790837976953,9.691277503967285,-3.0820655822753906,0.3709007501602173,-1.0499999523162842,-3.0799999237060547,0.5600000023841858,0.880204125351054,resting,null
23,right,753.5033076923078,1790837976953,9.55009651184082,-3.0653152465820312,0.29911351203918457,-1.0499999523162842,-3.0799999237060547,0.5600000023841858,0.8819676034810834,resting,null
23,left,765.965,1790837976996,-2.550840139389038,-9.698456764221191,0.10528795421123505,-1.8899999856948853,0,-0.14000000059604645,0.12622649288655366,resting,null
23,left,765.9746153846154,1790837976996,-2.366586208343506,-9.583597183227539,0.08135887235403061,-1.8899999856948853,0,-0.14000000059604645,0.12677544545921826,resting,null
23,left,765.9842307692307,1790837976996,-2.261298179626465,-9.554882049560547,0.10289505124092102,-1.8899999856948853,0,-0.14000000059604645,0.12680347990137833,resting,null
23,left,765.9938461538462,1790837976996,-2.3163349628448486,-9.440022468566895,0.08375178277492523,-1.8899999856948853,0,-0.14000000059604645,0.12590133260325653,resting,null
23,left,766.0034615384616,1790837976996,-2.3450498580932617,-9.416092872619629,0.06221561133861542,-1.8899999856948853,0,-0.14000000059604645,0.12484774785616755,resting,null
23,left,766.0130769230769,1790837976996,-2.304370403289795,-9.468737602233887,0.03110780566930771,-1.8899999856948853,0,-0.14000000059604645,0.1241861812674601,resting,null
23,left,766.0226923076923,1790837976996,-2.2876200675964355,-9.459165573120117,0.014357448555529118,-1.8899999856948853,0,-0.14000000059604645,0.12339730269819243,resting,null
23,left,766.0323076923078,1790837976996,-2.270869731903076,-9.46155834197998,0.01914326474070549,-1.8899999856948853,0,-0.14000000059604645,0.12259415167977367,resting,null
23,right,753.512,1790837977013,9.396949768066406,-3.120352268218994,0.3732936680316925,-0.42000001668930054,-3.7799999713897705,0.8400000333786011,0.882453916186183,resting,null
23,right,753.5216153846153,1790837977013,9.303627014160156,-3.1801748275756836,0.36611494421958923,-0.42000001668930054,-3.7799999713897705,0.8400000333786011,0.8823123496321587,resting,null
23,right,753.5312307692307,1790837977013,9.270126342773438,-3.2136754989624023,0.36850783228874207,-0.42000001668930054,-3.7799999713897705,0.8400000333786011,0.881966553521923,resting,null
23,right,753.5408461538461,1790837977013,9.262947082519531,-3.163424491882324,0.33740004897117615,-0.42000001668930054,-3.7799999713897705,0.8400000333786011,0.8814034448375634,resting,null
23,right,753.5504615384615,1790837977013,9.317984580993652,-3.070101022720337,0.36850783228874207,-0.42000001668930054,-3.7799999713897705,0.8400000333786011,0.8810775053118259,resting,null
23,right,753.5600769230768,1790837977013,9.2725191116333,-3.0653152465820312,0.39961564540863037,-0.42000001668930054,-3.7799999713897705,0.8400000333786011,0.880331007929128,resting,null
23,right,753.5696923076922,1790837977013,9.308412551879883,-3.1299238204956055,0.4139730930328369,-0.42000001668930054,-3.7799999713897705,0.8400000333786011,0.8801097492183065,resting,null
23,right,753.5793076923077,1790837977013,9.38259220123291,-3.1490671634674072,0.44268798828125,-0.42000001668930054,-3.7799999713897705,0.8400000333786011,0.8806324371046681,resting,null
23,right,753.589,1790837977088,9.473523139953613,-3.1706032752990723,0.41636601090431213,-0.6299999952316284,-2.7300000190734863,0.699999988079071,0.8820554557849571,resting,null
23,right,753.5986153846154,1790837977088,9.499845504760742,-3.1251380443573,0.4546525478363037,-0.6299999952316284,-2.7300000190734863,0.699999988079071,0.8835830615342763,resting,null
23,right,753.6082307692308,1790837977088,9.590775489807129,-3.05574369430542,0.44747382402420044,-0.6299999952316284,-2.7300000190734863,0.699999988079071,0.8857323123742242,resting,null
23,right,753.6178461538462,1790837977088,9.664956092834473,-2.979170560836792,0.40918728709220886,-0.6299999952316284,-2.7300000190734863,0.699999988079071,0.8883208902975303,resting,null
23,right,753.6274615384616,1790837977088,9.765458106994629,-2.9408841133117676,0.38765111565589905,-0.6299999952316284,-2.7300000190734863,0.699999988079071,0.8917096993845884,resting,null
23,right,753.637076923077,1790837977088,9.786993980407715,-2.964813232421875,0.4115802049636841,-0.6299999952316284,-2.7300000190734863,0.699999988079071,0.8953743472068644,resting,null
23,right,753.6466923076923,1790837977088,9.789386749267578,-3.027028799057007,0.39722275733947754,-0.6299999952316284,-2.7300000190734863,0.699999988079071,0.8992395944920477,resting,null
23,right,753.6563076923078,1790837977088,9.784601211547852,-3.034207344055176,0.38765111565589905,-0.6299999952316284,-2.7300000190734863,0.699999988079071,0.9030787157339146,resting,null
23,left,766.046,1790837977130,-2.3163349628448486,-9.502238273620605,0.035893622785806656,-1.6800000667572021,-0.21000000834465027,1.4700000286102295,0.12214859066182546,resting,null
23,left,766.0556153846154,1790837977130,-2.359407424926758,-9.595561027526855,-0.0047858161851763725,-1.6800000667572021,-0.21000000834465027,1.4700000286102295,0.12280609113335175,resting,null
23,left,766.0652307692308,1790837977130,-2.402479648590088,-9.612311363220215,-0.023929081857204437,-1.6800000667572021,-0.21000000834465027,1.4700000286102295,0.12372048849318011,resting,null
23,left,766.0748461538462,1790837977130,-2.4335875511169434,-9.65299129486084,0.009571632370352745,-1.6800000667572021,-0.21000000834465027,1.4700000286102295,0.12508705778348397,resting,null
23,left,766.0844615384616,1790837977130,-2.5173392295837402,-9.684099197387695,-0.007178724277764559,-1.6800000667572021,-0.21000000834465027,1.4700000286102295,0.12694122095382213,resting,null
23,left,766.094076923077,1790837977130,-2.605876922607422,-9.674527168273926,0.0047858161851763725,-1.6800000667572021,-0.21000000834465027,1.4700000286102295,0.128918151766728,resting,null
23,left,766.1036923076923,1790837977130,-2.6441633701324463,-9.693670272827148,-0.01914326474070549,-1.6800000667572021,-0.21000000834465027,1.4700000286102295,0.131166927799698,resting,null
23,left,766.1133076923078,1790837977130,-2.6082699298858643,-9.698456764221191,0.023929081857204437,-1.6800000667572021,-0.21000000834465027,1.4700000286102295,0.13337367047631843,resting,null
23,left,766.125,1790837977161,-2.558018684387207,-9.710420608520508,-0.0047858161851763725,-1.6800000667572021,-0.21000000834465027,1.6800000667572021,0.13604232677936956,resting,null
23,left,766.1346153846154,1790837977161,-2.4838385581970215,-9.655384063720703,0.007178724277764559,-1.6800000667572021,-0.21000000834465027,1.6800000667572021,0.1375430340597057,resting,null
23,left,766.1442307692307,1790837977161,-2.486231565475464,-9.676919937133789,0.07657305896282196,-1.6800000667572021,-0.21000000834465027,1.6800000667572021,0.13924960919064253,resting,null
23,left,766.1538461538462,1790837977161,-2.438373327255249,-9.483095169067383,0.08375178277492523,-1.6800000667572021,-0.21000000834465027,1.6800000667572021,0.139037758492648,resting,null
23,left,766.1634615384615,1790837977161,-2.3976938724517822,-9.48788070678711,0.07896596938371658,-1.6800000667572021,-0.21000000834465027,1.6800000667572021,0.1387726196289668,resting,null
23,left,766.1730769230769,1790837977161,-2.347442865371704,-9.545310020446777,0.10768086463212967,-1.6800000667572021,-0.21000000834465027,1.6800000667572021,0.1389223530960961,resting,null
23,left,766.1826923076923,1790837977161,-2.4120514392852783,-9.760672569274902,0.12443122267723083,-1.6800000667572021,-0.21000000834465027,1.6800000667572021,0.14123358407775177,resting,null
23,left,766.1923076923077,1790837977161,-2.488624334335327,-10.275147438049316,0.19861137866973877,-1.6800000667572021,-0.21000000834465027,1.6800000667572021,0.14851997571838968,resting,null
23,right,753.665,1790837977163,9.710420608520508,-3.02942156791687,0.40918728709220886,-0.49000000953674316,-3.009999990463257,0.8400000333786011,0.9059282237858427,resting,null
23,right,753.6746153846153,1790837977163,9.736742973327637,-3.041386127471924,0.3732936680316925,-0.49000000953674316,-3.009999990463257,0.8400000333786011,0.9093440657096209,resting,null
23,right,753.6842307692307,1790837977163,9.629061698913574,-3.048564910888672,0.3326142132282257,-0.49000000953674316,-3.009999990463257,0.8400000333786011,0.9117800267793574,resting,null
23,right,753.6938461538462,1790837977163,9.588382720947266,-3.0820655822753906,0.3445787727832794,-0.49000000953674316,-3.009999990463257,0.8400000333786011,0.9139434545251979,resting,null
23,right,753.7034615384615,1790837977163,9.583597183227539,-3.0748867988586426,0.39004403352737427,-0.49000000953674316,-3.009999990463257,0.8400000333786011,0.9160557786297918,resting,null
23,right,753.7130769230769,1790837977163,9.770243644714355,-3.141888380050659,0.31586387753486633,-0.49000000953674316,-3.009999990463257,0.8400000333786011,0.9200479108578202,resting,null
23,right,753.7226923076922,1790837977163,10.143537521362305,-3.378786325454712,0.3326142132282257,-0.49000000953674316,-3.009999990463257,0.8400000333786011,0.9281542703379687,resting,null
23,right,753.7323076923077,1790837977163,10.772871971130371,-3.6778998374938965,0.3110780417919159,-0.49000000953674316,-3.009999990463257,0.8400000333786011,0.9428896470165534,resting,null
23,left,766.204,1790837977236,-2.6178414821624756,-10.949947357177734,0.17946811020374298,1.3300000429153442,-1.0499999523162842,1.5399999618530273,0.16539185987372035,resting,null
23,left,766.2136153846153,1790837977236,-2.761415958404541,-11.6151762008667,0.22493335604667664,1.3300000429153442,-1.0499999523162842,1.5399999618530273,0.18580211400566857,resting,null
23,left,766.2232307692307,1790837977236,-3.1036016941070557,-12.30911922454834,0.17468228936195374,1.3300000429153442,-1.0499999523162842,1.5399999618530273,0.21347542710111714,resting,null
23,left,766.2328461538461,1790837977236,-3.6300415992736816,-12.833166122436523,0.2727915346622467,1.3300000429153442,-1.0499999523162842,1.5399999618530273,0.24727419908891426,resting,null
23,left,766.2424615384615,1790837977236,-4.142123699188232,-13.259103775024414,0.24646952748298645,1.3300000429153442,-1.0499999523162842,1.5399999618530273,0.2862392620010441,ascending,1
23,left,766.2520769230769,1790837977236,-4.371842861175537,-13.680255889892578,0.23689790070056915,1.3300000429153442,-1.0499999523162842,1.5399999618530273,0.32965488294530726,ascending,1
23,left,766.2616923076922,1790837977236,-4.271340847015381,-13.859724044799805,0.24646952748298645,1.3300000429153442,-1.0499999523162842,1.5399999618530273,0.3744843756724212,ascending,1
23,left,766.2713076923077,1790837977236,-4.206732273101807,-13.816651344299316,0.2321120798587799,1.3300000429153442,-1.0499999523162842,1.5399999618530273,0.4187378990181433,ascending,1
23,right,753.74,1790837977238,11.371099472045898,-3.8884756565093994,0.30629223585128784,0.42000001668930054,-0.21000000834465027,0.699999988079071,0.9595475813864295,resting,null
23,right,753.7496153846154,1790837977238,12.175116539001465,-3.878904104232788,0.26800569891929626,0.42000001668930054,-0.21000000834465027,0.699999988079071,0.9876656297534976,resting,null
23,right,753.7592307692307,1790837977238,12.866666793823242,-3.744901180267334,0.2703986167907715,0.42000001668930054,-0.21000000834465027,0.699999988079071,1.0216901806092238,resting,null
23,right,753.7688461538462,1790837977238,13.519930839538574,-3.6420061588287354,0.32543548941612244,0.42000001668930054,-0.21000000834465027,0.699999988079071,1.0613746610697634,ascending,3
23,right,753.7784615384616,1790837977238,14.103800773620605,-3.606112480163574,0.3038993179798126,0.42000001668930054,-0.21000000834465027,0.699999988079071,1.106260280695514,ascending,3
23,right,753.7880769230769,1790837977238,14.474700927734375,-3.687471389770508,0.2823631465435028,0.42000001668930054,-0.21000000834465027,0.699999988079071,1.154747548531306,ascending,3
23,right,753.7976923076923,1790837977238,14.570417404174805,-3.694650173187256,0.3038993179798126,0.42000001668930054,-0.21000000834465027,0.699999988079071,1.2041119438149999,ascending,3
23,right,753.8073076923077,1790837977238,14.467522621154785,-3.618077039718628,0.339792937040329,0.42000001668930054,-0.21000000834465027,0.699999988079071,1.2522934139416078,ascending,3
23,right,753.816,1790837977313,14.213873863220215,-3.5175747871398926,0.3948298394680023,-0.8400000333786011,-4.059999942779541,0.9100000262260437,1.2934778262003823,ascending,3
23,right,753.8256153846154,1790837977313,13.950654029846191,-3.484074115753174,0.461831271648407,-0.8400000333786011,-4.059999942779541,0.9100000262260437,1.3365257485889828,ascending,3
23,right,753.8352307692307,1790837977313,13.661111831665039,-3.6013267040252686,0.4761887192726135,-0.8400000333786011,-4.059999942779541,0.9100000262260437,1.3772597670814437,ascending,3
23,right,753.8448461538462,1790837977313,13.189709663391113,-3.716186285018921,0.4761887192726135,-0.8400000333786011,-4.059999942779541,0.9100000262260437,1.4140096871435663,ascending,3
23,right,753.8544615384616,1790837977313,12.201437950134277,-5.924840450286865,0.43550926446914673,-0.8400000333786011,-4.059999942779541,0.9100000262260437,1.448296827152898,ascending,3
23,right,753.8640769230769,1790837977313,12.601054191589355,-4.438844680786133,0.6030128598213196,-0.8400000333786011,-4.059999942779541,0.9100000262260437,1.4818205882981066,ascending,3
23,right,753.8736923076923,1790837977313,12.11050796508789,-4.252197742462158,0.48815324902534485,-0.8400000333786011,-4.059999942779541,0.9100000262260437,1.5102637261310023,ascending,3
23,right,753.8833076923078,1790837977313,11.78746509552002,-3.596540927886963,0.521653950214386,-0.8400000333786011,-4.059999942779541,0.9100000262260437,1.5337952296101887,ascending,3
23,left,766.283,1790837977327,-4.376628875732422,-13.507966041564941,0.16750356554985046,-1.1200000047683716,-0.699999988079071,1.9600000381469727,0.46951374810960567,ascending,1
23,left,766.2926153846154,1790837977327,-4.343128204345703,-13.235175132751465,0.16511066257953644,-1.1200000047683716,-0.699999988079071,1.9600000381469727,0.5086333824031144,ascending,1
23,left,766.3022307692307,1790837977327,-3.8980472087860107,-13.034170150756836,0.13878867030143738,-1.1200000047683716,-0.699999988079071,1.9600000381469727,0.5447981705559765,ascending,1
23,left,766.3118461538462,1790837977327,-3.295034408569336,-12.833166122436523,0.09571632742881775,-1.1200000047683716,-0.699999988079071,1.9600000381469727,0.5776270878274492,ascending,1
23,left,766.3214615384616,1790837977327,-2.8690967559814453,-12.720699310302734,0.05742979422211647,-1.1200000047683716,-0.699999988079071,1.9600000381469727,0.6083678600704286,ascending,1
23,left,766.3310769230769,1790837977327,-3.0533506870269775,-12.218188285827637,-0.06939433515071869,-1.1200000047683716,-0.699999988079071,1.9600000381469727,0.6348515666392655,ascending,1
23,left,766.3406923076923,1790837977327,-2.9624202251434326,-12.033934593200684,0.13878867030143738,-1.1200000047683716,-0.699999988079071,1.9600000381469727,0.659406880386851,ascending,1
23,left,766.3503076923078,1790837977327,-2.6944146156311035,-11.584068298339844,-0.01914326474070549,-1.1200000047683716,-0.699999988079071,1.9600000381469727,0.6791150797830137,ascending,1
23,left,766.362,1790837977401,-2.5245180130004883,-11.237096786499023,0.10289505124092102,-2.7300000190734863,-0.2800000011920929,2.0299999713897705,0.6986644588235048,ascending,1
23,left,766.3716153846153,1790837977401,-2.684842824935913,-11.024127960205078,0.01914326474070549,-2.7300000190734863,-0.2800000011920929,2.0299999713897705,0.7131227286655277,ascending,1
23,left,766.3812307692307,1790837977401,-2.684842824935913,-11.019341468811035,0.05742979422211647,-2.7300000190734863,-0.2800000011920929,2.0299999713897705,0.7275325936230101,ascending,1
23,left,766.3908461538462,1790837977401,-2.5699832439422607,-10.892518043518066,0.028714897111058235,-2.7300000190734863,-0.2800000011920929,2.0299999713897705,0.7404863254477921,ascending,1
23,left,766.4004615384615,1790837977401,-2.3713719844818115,-11.031306266784668,0.06700142472982407,-2.7300000190734863,-0.2800000011920929,2.0299999713897705,0.7542754037872706,ascending,1
23,left,766.4100769230769,1790837977401,-2.5053746700286865,-11.167701721191406,0.040679436177015305,-2.7300000190734863,-0.2800000011920929,2.0299999713897705,0.7696413671817378,ascending,1
23,left,766.4196923076922,1790837977401,-2.565197467803955,-11.31127643585205,0.07178724557161331,-2.7300000190734863,-0.2800000011920929,2.0299999713897705,0.7864806867424411,ascending,1
23,left,766.4293076923077,1790837977401,-2.500588893890381,-11.330419540405273,0.06939433515071869,-2.7300000190734863,-0.2800000011920929,2.0299999713897705,0.803347376621906,ascending,1
23,right,753.892,1790837977404,11.363920211791992,-3.68986439704895,0.5144752264022827,-1.3300000429153442,-6.510000228881836,1.4700000286102295,1.5518109459899596,ascending,3
23,right,753.9016153846154,1790837977404,11.174880981445312,-3.7544727325439453,0.48576033115386963,-1.3300000429153442,-6.510000228881836,1.4700000286102295,1.5701905348812015,ascending,3
23,right,753.9112307692308,1790837977404,11.071986198425293,-3.639613151550293,0.45943835377693176,-1.3300000429153442,-6.510000228881836,1.4700000286102295,1.587272872045995,ascending,3
23,right,753.9208461538462,1790837977404,10.96430492401123,-3.7137932777404785,0.44986671209335327,-1.3300000429153442,-6.510000228881836,1.4700000286102295,1.6035847667143746,ascending,3
23,right,753.9304615384616,1790837977404,10.947554588317871,-3.661149263381958,0.4450809061527252,-1.3300000429153442,-6.510000228881836,1.4700000286102295,1.6195775185904064,ascending,3
23,right,753.940076923077,1790837977404,10.99062728881836,-3.8119025230407715,0.44747382402420044,-1.3300000429153442,-6.510000228881836,1.4700000286102295,1.636411879405995,ascending,3
23,right,753.9496923076923,1790837977404,10.993020057678223,-3.9961564540863037,0.44268798828125,-1.3300000429153442,-6.510000228881836,1.4700000286102295,1.6538206525869978,ascending,3
23,right,753.9593076923078,1790837977404,11.05044937133789,-4.008121013641357,0.4115802049636841,-1.3300000429153442,-6.510000228881836,1.4700000286102295,1.6717785182664453,ascending,3
23,right,753.968,1790837977464,11.026520729064941,-4.010513782501221,0.40679436922073364,-0.14000000059604645,-4.900000095367432,1.190000057220459,1.687817988881052,ascending,3
23,right,753.9776153846153,1790837977464,10.966697692871094,-4.034442901611328,0.4331163763999939,-0.14000000059604645,-4.900000095367432,1.190000057220459,1.7050922754795914,ascending,3
23,right,753.9872307692307,1790837977464,10.80637264251709,-4.017692565917969,0.4139730930328369,-0.14000000059604645,-4.900000095367432,1.190000057220459,1.720848991258889,ascending,3
23,right,753.9968461538461,1790837977464,10.70347785949707,-4.1564812660217285,0.3804723918437958,-0.14000000059604645,-4.900000095367432,1.190000057220459,1.736094139380218,ascending,3
23,right,754.0064615384615,1790837977464,10.64126205444336,-4.240232944488525,0.3541503846645355,-0.14000000059604645,-4.900000095367432,1.190000057220459,1.7510324354623354,ascending,3
23,right,754.0160769230769,1790837977464,10.835087776184082,-4.075122356414795,0.30868515372276306,-0.14000000059604645,-4.900000095367432,1.190000057220459,1.7672008950450575,ascending,3
23,right,754.0256923076922,1790837977464,10.918839454650879,-4.024871349334717,0.30868515372276306,-0.14000000059604645,-4.900000095367432,1.190000057220459,1.783966517458974,ascending,3
23,right,754.0353076923077,1790837977464,10.5551176071167,-3.929155111312866,0.30629223585128784,-0.14000000059604645,-4.900000095367432,1.190000057220459,1.7971250296090842,ascending,3
23,left,766.442,1790837977475,-2.3306925296783447,-11.24188232421875,0.047858163714408875,-0.42000001668930054,-0.9100000262260437,2.240000009536743,0.8240081818504251,ascending,1
23,left,766.4516153846154,1790837977475,-2.4264087677001953,-11.280168533325195,0.08375178277492523,-0.42000001668930054,-0.9100000262260437,2.240000009536743,0.8402297036678031,ascending,1
23,left,766.4612307692307,1790837977475,-2.388122320175171,-11.048056602478027,0.11007377505302429,-0.42000001668930054,-0.9100000262260437,2.240000009536743,0.854192250648968,ascending,1
23,left,766.4708461538462,1790837977475,-2.3426570892333984,-11.165308952331543,0.1603248417377472,-0.42000001668930054,-0.9100000262260437,2.240000009536743,0.8691503029591041,ascending,1
23,left,766.4804615384616,1790837977475,-2.220618724822998,-10.983448028564453,0.16511066257953644,-0.42000001668930054,-0.9100000262260437,2.240000009536743,0.8821366811758556,ascending,1
23,left,766.4900769230769,1790837977475,-2.2876200675964355,-11.244275093078613,0.16750356554985046,-0.42000001668930054,-0.9100000262260437,2.240000009536743,0.8977091620402928,ascending,1
23,left,766.4996923076923,1790837977475,-2.3426570892333984,-10.921232223510742,0.17946811020374298,-0.42000001668930054,-0.9100000262260437,2.240000009536743,0.9103729422068597,ascending,1
23,left,766.5093076923077,1790837977475,-2.2254045009613037,-10.45940113067627,0.15314611792564392,-0.42000001668930054,-0.9100000262260437,2.240000009536743,0.9184534674544022,ascending,1
23,right,754.044,1790837977539,10.241646766662598,-3.7831876277923584,0.30629223585128784,-0.9800000190734863,-5.949999809265137,0.8400000333786011,1.8060275049342587,ascending,3
23,right,754.0536153846153,1790837977539,9.775029182434082,-3.5797905921936035,0.3038993179798126,-0.9800000190734863,-5.949999809265137,0.8400000333786011,1.810992707740763,ascending,3
23,right,754.0632307692307,1790837977539,9.614705085754395,-3.548682689666748,0.3038993179798126,-0.9800000190734863,-5.949999809265137,0.8400000333786011,1.8144055770496068,ascending,3
23,right,754.0728461538462,1790837977539,9.822887420654297,-3.701828718185425,0.34936457872390747,-0.9800000190734863,-5.949999809265137,0.8400000333786011,1.8202076138577852,ascending,3
23,right,754.0824615384615,1790837977539,9.935354232788086,-3.9459054470062256,0.34697166085243225,-0.9800000190734863,-5.949999809265137,0.8400000333786011,1.827822237693035,ascending,3
23,right,754.0920769230769,1790837977539,10.047821044921875,-3.9171905517578125,0.32782840728759766,-0.9800000190734863,-5.949999809265137,0.8400000333786011,1.8363559887248708,ascending,3
23,right,754.1016923076922,1790837977539,10.160287857055664,-4.034442901611328,0.39722275733947754,-0.9800000190734863,-5.949999809265137,0.8400000333786011,1.8463045999084446,ascending,3
23,right,754.1113076923077,1790837977539,10.145930290222168,-4.000942230224609,0.363722026348114,-0.9800000190734863,-5.949999809265137,0.8400000333786011,1.856005828906266,ascending,3
23,left,766.521,1790837977551,-2.14404559135437,-9.995177268981934,0.15314611792564392,-1.9600000381469727,-0.9800000190734863,1.2599999904632568,0.9227771205460508,ascending,1
23,left,766.5306153846153,1790837977551,-2.0411505699157715,-9.648205757141113,0.17468228936195374,-1.9600000381469727,-0.9800000190734863,1.2599999904632568,0.9228640494679696,ascending,1
23,left,766.5402307692307,1790837977551,-2.036364793777466,-9.978426933288574,0.1507532149553299,-1.9600000381469727,-0.9800000190734863,1.2599999904632568,0.9260371704189287,ascending,1
23,left,766.5498461538461,1790837977551,-1.9310768842697144,-10.18182373046875,0.14357449114322662,-1.9600000381469727,-0.9800000190734863,1.2599999904632568,0.9308984879841774,ascending,1
23,left,766.5594615384615,1790837977551,-1.928683876991272,-10.52161693572998,0.11964540183544159,-1.9600000381469727,-0.9800000190734863,1.2599999904632568,0.9389440301605066,ascending,1
23,left,766.5690769230769,1790837977551,-1.9478272199630737,-10.653226852416992,0.08375178277492523,-1.9600000381469727,-0.9800000190734863,1.2599999904632568,0.9482639376163788,ascending,1
23,left,766.5786923076922,1790837977551,-2.072258472442627,-10.485723495483398,0.08375178277492523,-1.9600000381469727,-0.9800000190734863,1.2599999904632568,0.9562673407511848,ascending,1
23,left,766.5883076923077,1790837977551,-2.1679747104644775,-10.344541549682617,0.12682412564754486,-1.9600000381469727,-0.9800000190734863,1.2599999904632568,0.9631415487207327,ascending,1
23,right,754.12,1790837977613,10.114822387695312,-3.7209720611572266,0.30629223585128784,-0.699999988079071,-4.96999979019165,0.6299999952316284,1.863669913363936,ascending,3
23,right,754.1296153846154,1790837977613,10.050213813781738,-3.381179094314575,0.32543548941612244,-0.699999988079071,-4.96999979019165,0.6299999952316284,1.8704426799222758,ascending,3
23,right,754.1392307692307,1790837977613,9.846817016601562,-3.2639267444610596,0.2632198929786682,-0.699999988079071,-4.96999979019165,0.6299999952316284,1.8749824516679026,ascending,3
23,right,754.1488461538462,1790837977613,9.786993980407715,-3.4027152061462402,0.2727915346622467,-0.699999988079071,-4.96999979019165,0.6299999952316284,1.8794395088364029,ascending,3
23,right,754.1584615384616,1790837977613,9.911425590515137,-3.54150390625,0.24407662451267242,-0.699999988079071,-4.96999979019165,0.6299999952316284,1.885467639861067,ascending,3
23,right,754.1680769230769,1790837977613,10.050213813781738,-3.5462896823883057,0.27518442273139954,-0.699999988079071,-4.96999979019165,0.6299999952316284,1.8927698144952068,ascending,3
23,right,754.1776923076923,1790837977613,10.18182373046875,-3.5080032348632812,0.2321120798587799,-0.699999988079071,-4.96999979019165,0.6299999952316284,1.9011279445429152,ascending,3
23,right,754.1873076923077,1790837977613,10.28711223602295,-3.534325361251831,0.22732627391815186,-0.699999988079071,-4.96999979019165,0.6299999952316284,1.9105210095012772,ascending,3
23,left,766.6,1790837977687,-2.263690948486328,-10.117215156555176,0.14836029708385468,-1.0499999523162842,-1.8899999856948853,2.5899999141693115,0.9691405078135374,ascending,1
23,left,766.6096153846154,1790837977687,-2.3306925296783447,-9.966462135314941,0.1698964685201645,-1.0499999523162842,-1.8899999856948853,2.5899999141693115,0.9727987816150897,ascending,1
23,left,766.6192307692307,1790837977687,-2.2110471725463867,-9.84203052520752,0.20579010248184204,-1.0499999523162842,-1.8899999856948853,2.5899999141693115,0.9750446654167575,ascending,1
23,left,766.6288461538462,1790837977687,-2.2852272987365723,-10.138751983642578,0.22493335604667664,-1.0499999523162842,-1.8899999856948853,2.5899999141693115,0.9802312465351711,ascending,1
23,left,766.6384615384616,1790837977687,-2.206261157989502,-10.148323059082031,0.20339718461036682,-1.0499999523162842,-1.8899999856948853,2.5899999141693115,0.9853385034027752,ascending,1
23,left,766.6480769230769,1790837977687,-2.2373690605163574,-10.485723495483398,0.22971917688846588,-1.0499999523162842,-1.8899999856948853,2.5899999141693115,0.9936781446018751,ascending,1
23,left,766.6576923076923,1790837977687,-2.2852272987365723,-10.550332069396973,0.24407662451267242,-1.0499999523162842,-1.8899999856948853,2.5899999141693115,1.0027224240349093,ascending,1
23,left,766.6673076923078,1790837977687,-2.6226272583007812,-10.366077423095703,0.25604116916656494,-1.0499999523162842,-1.8899999856948853,2.5899999141693115,1.01074217315122,ascending,1
23,right,754.196,1790837977703,10.27754020690918,-3.5247535705566406,0.2225404530763626,-0.07000000029802322,-4.619999885559082,0.6299999952316284,1.9189031775671503,ascending,3
23,right,754.2056153846154,1790837977703,10.454615592956543,-3.5295393466949463,0.2225404530763626,-0.07000000029802322,-4.619999885559082,0.6299999952316284,1.9297930078015688,ascending,3
23,right,754.2152307692307,1790837977703,10.301469802856445,-3.4888598918914795,0.22732627391815186,-0.07000000029802322,-4.619999885559082,0.6299999952316284,1.9391622768899335,ascending,3
23,right,754.2248461538462,1790837977703,10.19857406616211,-3.469716787338257,0.2010042816400528,-0.07000000029802322,-4.619999885559082,0.6299999952316284,1.9475298176792024,ascending,3
23,right,754.2344615384616,1790837977703,10.433079719543457,-3.4816813468933105,0.24646952748298645,-0.07000000029802322,-4.619999885559082,0.6299999952316284,1.9580690249068424,ascending,3
23,right,754.2440769230769,1790837977703,10.569475173950195,-3.4314301013946533,0.22732627391815186,-0.07000000029802322,-4.619999885559082,0.6299999952316284,1.969684133733664,ascending,3
23,right,754.2536923076923,1790837977703,10.890124320983887,-3.42903733253479,0.21536172926425934,-0.07000000029802322,-4.619999885559082,0.6299999952316284,1.9842029029136656,ascending,3
23,right,754.2633076923078,1790837977703,11.057628631591797,-3.7137932777404785,0.23450499773025513,-0.07000000029802322,-4.619999885559082,0.6299999952316284,2.0011266493902427,ascending,3
23,left,766.679,1790837977715,-2.7015931606292725,-10.385221481323242,0.24646952748298645,-0.07000000029802322,-2.380000114440918,1.190000057220459,1.0209169489778633,ascending,1
23,left,766.6886153846153,1790837977715,-2.72552227973938,-10.351720809936523,0.24646952748298645,-0.07000000029802322,-2.380000114440918,1.190000057220459,1.0290245202363701,ascending,1
23,left,766.6982307692307,1790837977715,-2.4694812297821045,-10.45940113067627,0.26561281085014343,-0.07000000029802322,-2.380000114440918,1.190000057220459,1.0375945938555613,ascending,1
23,left,766.7078461538462,1790837977715,-2.5269110202789307,-10.653226852416992,0.2129688262939453,-0.07000000029802322,-2.380000114440918,1.190000057220459,1.0480913997775092,ascending,1
23,left,766.7174615384615,1790837977715,-2.818845748901367,-10.725013732910156,0.23450499773025513,-0.07000000029802322,-2.380000114440918,1.190000057220459,1.0598986921035614,ascending,1
23,left,766.7270769230769,1790837977715,-3.084458589553833,-11.071986198425293,0.22014755010604858,-0.07000000029802322,-2.380000114440918,1.190000057220459,1.075535039844721,ascending,1
23,left,766.7366923076922,1790837977715,-2.964813232421875,-11.119843482971191,0.24886244535446167,-0.07000000029802322,-2.380000114440918,1.190000057220459,1.0913588883820737,ascending,1
23,left,766.7463076923077,1790837977715,-2.605876922607422,-11.500316619873047,0.34936457872390747,-0.07000000029802322,-2.380000114440918,1.190000057220459,1.1099527261989657,ascending,1
23,right,754.272,1790837977779,11.124629974365234,-4.008121013641357,0.22732627391815186,0.8400000333786011,-4.199999809265137,0.5600000023841858,2.0177961332980128,ascending,3
23,right,754.2816153846154,1790837977779,11.294526100158691,-4.252197742462158,0.19382555782794952,0.8400000333786011,-4.199999809265137,0.5600000023841858,2.0385329690338803,ascending,3
23,right,754.2912307692308,1790837977779,11.335206031799316,-4.343128204345703,0.13639576733112335,0.8400000333786011,-4.199999809265137,0.5600000023841858,2.0599136368844517,ascending,3
23,right,754.3008461538462,1790837977779,11.646284103393555,-4.175624847412109,0.14596739411354065,0.8400000333786011,-4.199999809265137,0.5600000023841858,2.083584451608012,ascending,3
23,right,754.3104615384616,1790837977779,11.6151762008667,-3.8334388732910156,0.13878867030143738,0.8400000333786011,-4.199999809265137,0.5600000023841858,2.105880675135886,ascending,3
23,right,754.320076923077,1790837977779,11.765929222106934,-3.5103962421417236,0.05742979422211647,0.8400000333786011,-4.199999809265137,0.5600000023841858,2.128517135742425,ascending,3
23,right,754.3296923076923,1790837977779,11.854466438293457,-3.3189635276794434,0.12682412564754486,0.8400000333786011,-4.199999809265137,0.5600000023841858,2.1513675587197603,ascending,3
23,right,754.3393076923078,1790837977779,11.971718788146973,-3.4266443252563477,0.13878867030143738,0.8400000333786011,-4.199999809265137,0.5600000023841858,2.175620936960498,ascending,3
23,left,766.758,1790837977791,-2.495803117752075,-11.600818634033203,0.36611494421958923,0.42000001668930054,-1.5399999618530273,3.2200000286102295,1.1334041035943576,ascending,1
23,left,766.7676153846154,1790837977791,-2.9121692180633545,-11.727643013000488,0.3445787727832794,0.42000001668930054,-1.5399999618530273,3.2200000286102295,1.154784321623452,ascending,1
23,left,766.7772307692308,1790837977791,-3.323749303817749,-11.450065612792969,0.3732936680316925,0.42000001668930054,-1.5399999618530273,3.2200000286102295,1.1744955979431073,ascending,1
23,left,766.7868461538462,1790837977791,-3.730543613433838,-11.395028114318848,0.3732936680316925,0.42000001668930054,-1.5399999618530273,3.2200000286102295,1.1946202220801903,ascending,1
23,left,766.7964615384616,1790837977791,-3.723365068435669,-11.373492240905762,0.39722275733947754,0.42000001668930054,-1.5399999618530273,3.2200000286102295,1.2145448616446897,ascending,1
23,left,766.806076923077,1790837977791,-3.5295393466949463,-11.720463752746582,0.3804723918437958,0.42000001668930054,-1.5399999618530273,3.2200000286102295,1.2372635325816852,ascending,1
23,left,766.8156923076923,1790837977791,-3.280677080154419,-11.947790145874023,0.4211518168449402,0.42000001668930054,-1.5399999618530273,3.2200000286102295,1.2615311492638224,ascending,1
23,left,766.8253076923078,1790837977791,-3.211282730102539,-11.938218116760254,0.26800569891929626,0.42000001668930054,-1.5399999618530273,3.2200000286102295,1.2855037061051493,ascending,1
23,right,754.347,1790837977868,12.014791488647461,-3.709007501602173,0.05264397710561752,-0.21000000834465027,-4.96999979019165,0.42000001668930054,2.196027787089207,ascending,3
23,right,754.3566153846153,1790837977868,11.718070983886719,-4.625491142272949,0.04546525329351425,-0.21000000834465027,-4.96999979019165,0.42000001668930054,2.221665327032306,ascending,3
23,right,754.3662307692307,1790837977868,11.813787460327148,-4.053586483001709,0.08614469319581985,-0.21000000834465027,-4.96999979019165,0.42000001668930054,2.24638821645879,ascending,3
23,right,754.3758461538462,1790837977868,11.557745933532715,-3.7401154041290283,0.12443122267723083,-0.21000000834465027,-4.96999979019165,0.42000001668930054,2.267800182586756,ascending,3
23,right,754.3854615384615,1790837977868,11.174880981445312,-3.295034408569336,0.11964540183544159,-0.21000000834465027,-4.96999979019165,0.42000001668930054,2.2843469183224947,ascending,3
23,right,754.3950769230769,1790837977868,10.768086433410645,-3.156245708465576,0.08614469319581985,-0.21000000834465027,-4.96999979019165,0.42000001668930054,2.296761006192114,ascending,3
23,right,754.4046923076922,1790837977868,10.370863914489746,-3.041386127471924,0.11964540183544159,-0.21000000834465027,-4.96999979019165,0.42000001668930054,2.3052073139540887,ascending,3
23,right,754.4143076923077,1790837977868,10.289505004882812,-3.041386127471924,0.05264397710561752,-0.21000000834465027,-4.96999979019165,0.42000001668930054,2.3129118603692516,ascending,3
23,left,766.837,1790837977881,-3.259140729904175,-11.713285446166992,0.39004403352737427,-0.7699999809265137,-1.2599999904632568,1.3300000429153442,1.3122706172064889,ascending,1
23,left,766.8466153846153,1790837977881,-3.3189635276794434,-11.363920211791992,0.30868515372276306,-0.7699999809265137,-1.2599999904632568,1.3300000429153442,1.331151055517703,ascending,1
23,left,766.8562307692307,1790837977881,-3.4338231086730957,-10.949947357177734,0.3709007501602173,-0.7699999809265137,-1.2599999904632568,1.3300000429153442,1.3464739111436002,ascending,1
23,left,766.8658461538462,1790837977881,-3.345285415649414,-10.574260711669922,0.32782840728759766,-0.7699999809265137,-1.2599999904632568,1.3300000429153442,1.3580830240456099,ascending,1
23,left,766.8754615384615,1790837977881,-3.3285350799560547,-10.28711223602295,0.3541503846645355,-0.7699999809265137,-1.2599999904632568,1.3300000429153442,1.3669959395775857,ascending,1
23,left,766.8850769230769,1790837977881,-3.2136754989624023,-10.327791213989258,0.31586387753486633,-0.7699999809265137,-1.2599999904632568,1.3300000429153442,1.3759996421718972,ascending,1
23,left,766.8946923076923,1790837977881,-3.1729960441589355,-10.059785842895508,0.2823631465435028,-0.7699999809265137,-1.2599999904632568,1.3300000429153442,1.3824116050895168,ascending,1
23,left,766.9043076923077,1790837977881,-2.9456698894500732,-9.547703742980957,0.24886244535446167,-0.7699999809265137,-1.2599999904632568,1.3300000429153442,1.383500766796465,ascending,1
23,left,766.918,1790837977956,-2.888240098953247,-8.638398170471191,0.2105759084224701,-4.760000228881836,-0.49000000953674316,4.340000152587891,1.3728547191881817,ascending,1
23,left,766.9276153846154,1790837977956,-2.9265265464782715,-7.504159927368164,0.24407662451267242,-4.760000228881836,-0.49000000953674316,4.340000152587891,1.3550026431015088,ascending,1
23,left,766.9372307692307,1790837977956,-2.754237174987793,-6.585283279418945,0.19382555782794952,-4.760000228881836,-0.49000000953674316,4.340000152587891,1.3282206832062258,ascending,1
23,left,766.9468461538462,1790837977956,-2.4407663345336914,-5.80758810043335,0.19621846079826355,-4.760000228881836,-0.49000000953674316,4.340000152587891,1.2934483478755248,ascending,1
23,left,766.9564615384616,1790837977956,-2.1177237033843994,-5.046643257141113,0.13639576733112335,-4.760000228881836,-0.49000000953674316,4.340000152587891,1.2508047447924489,ascending,1
23,left,766.9660769230769,1790837977956,-1.7970739603042603,-4.008121013641357,0.14836029708385468,-4.760000228881836,-0.49000000953674316,4.340000152587891,1.1977476084820662,ascending,1
23,left,766.9756923076923,1790837977956,-1.3759222030639648,-3.077279806137085,0.39961564540863037,-4.760000228881836,-0.49000000953674316,4.340000152587891,1.1350582689327906,ascending,1
23,left,766.9853076923077,1790837977956,-0.8662327527999878,-2.1823322772979736,0.17707519233226776,-4.760000228881836,-0.49000000953674316,4.340000152587891,1.0627452645432858,ascending,1
23,right,754.424,1790837977974,10.141144752502441,-3.2304258346557617,0.05742979422211647,-1.3300000429153442,-7.139999866485596,0.21000000834465027,2.3198907558176685,ascending,3
23,right,754.4336153846153,1790837977974,9.688884735107422,-3.161031484603882,0.055036887526512146,-1.3300000429153442,-7.139999866485596,0.21000000834465027,2.322475001920726,ascending,3
23,right,754.4432307692307,1790837977974,8.987762451171875,-2.6513421535491943,0.07178724557161331,-1.3300000429153442,-7.139999866485596,0.21000000834465027,2.3171309268908917,ascending,3
23,right,754.4528461538462,1790837977974,8.095208168029785,-2.2110471725463867,0.07657305896282196,-1.3300000429153442,-7.139999866485596,0.21000000834465027,2.302327480862705,ascending,3
23,right,754.4624615384615,1790837977974,7.322298526763916,-1.9837207794189453,0.08853759616613388,-1.3300000429153442,-7.139999866485596,0.21000000834465027,2.2797971132475943,ascending,3
23,right,754.4720769230769,1790837977974,6.709714412689209,-1.1677391529083252,0.2105759084224701,-1.3300000429153442,-7.139999866485596,0.21000000834465027,2.2492783460565056,ascending,3
23,right,754.4816923076922,1790837977974,5.7573370933532715,-1.0361292362213135,0.08614469319581985,-1.3300000429153442,-7.139999866485596,0.21000000834465027,2.209672703627144,ascending,3
23,right,754.4913076923077,1790837977974,4.819316864013672,-0.9858781099319458,0.1507532149553299,-1.3300000429153442,-7.139999866485596,0.21000000834465027,2.161351684405734,ascending,3
23,right,754.5,1790837978004,3.7688302993774414,-1.0074143409729004,0.11007377505302429,-2.240000009536743,-9.800000190734863,0.3499999940395355,2.1090553808551857,ascending,3
23,right,754.5096153846154,1790837978004,2.8571321964263916,-0.7896596789360046,0.11725249886512756,-2.240000009536743,-9.800000190734863,0.3499999940395355,2.0422485068610845,ascending,3
23,right,754.5192307692307,1790837978004,2.065079689025879,-0.5623334050178528,0.11007377505302429,-2.240000009536743,-9.800000190734863,0.3499999940395355,1.96755664970438,ascending,3
23,right,754.5288461538462,1790837978004,1.517103672027588,-0.6221560835838318,0.07896596938371658,-2.240000009536743,-9.800000190734863,0.3499999940395355,1.8880640061942373,ascending,3
23,right,754.5384615384615,1790837978004,1.296956181526184,-0.7298369407653809,0.07418014854192734,-2.240000009536743,-9.800000190734863,0.3499999940395355,1.8069113153201406,ascending,3
23,right,754.5480769230769,1790837978004,1.3089207410812378,-0.8135887384414673,0.11725249886512756,-2.240000009536743,-9.800000190734863,0.3499999940395355,1.7261466321521115,ascending,3
23,right,754.5576923076923,1790837978004,1.32806396484375,-0.8135887384414673,0.1005021408200264,-2.240000009536743,-9.800000190734863,0.3499999940395355,1.6455963017663813,ascending,3
23,right,754.5673076923077,1790837978004,1.1916682720184326,-1.2155972719192505,0.059822700917720795,-2.240000009536743,-9.800000190734863,0.3499999940395355,1.5650249639191924,ascending,3
23,left,766.997,1790837978031,-0.5288326740264893,-1.5410327911376953,-0.16511066257953644,0.6299999952316284,-3.9200000762939453,-0.07000000029802322,0.9664991324931687,ascending,1
23,left,767.0066153846153,1790837978031,-0.24886244535446167,-1.5338541269302368,0.1698964685201645,0.6299999952316284,-3.9200000762939453,-0.07000000029802322,0.8866470141878173,ascending,1
23,left,767.0162307692307,1790837978031,-0.19861137866973877,-1.643927812576294,0.16271774470806122,0.6299999952316284,-3.9200000762939453,-0.07000000029802322,0.807716954379999,ascending,1
23,left,767.0258461538461,1790837978031,0.2703986167907715,-1.6056413650512695,0.22493335604667664,0.6299999952316284,-3.9200000762939453,-0.07000000029802322,0.7272477242655274,ascending,1
23,left,767.0354615384615,1790837978031,-0.15553902089595795,-1.3184924125671387,0.06460852175951004,0.6299999952316284,-3.9200000762939453,-0.07000000029802322,0.6452548159568053,ascending,1
23,left,767.0450769230769,1790837978031,-0.17707519233226776,-1.1509888172149658,0.12203831225633621,0.6299999952316284,-3.9200000762939453,-0.07000000029802322,0.5618221115646743,ascending,1
23,left,767.0546923076922,1790837978031,0.10289505124092102,-1.043307900428772,0.35893622040748596,0.6299999952316284,-3.9200000762939453,-0.07000000029802322,0.47674595641163053,ascending,1
23,left,767.0643076923077,1790837978031,0.461831271648407,-0.5479759573936462,1.9932924509048462,0.6299999952316284,-3.9200000762939453,-0.07000000029802322,0.38653014144806574,ascending,1
23,right,754.575,1790837978093,1.1127022504806519,-0.39004403352737427,0.1316099464893341,-0.2800000011920929,-4.96999979019165,5.53000020980835,1.4980609105366434,ascending,3
23,right,754.5846153846154,1790837978093,0.5431901216506958,-1.1988469362258911,0.25604116916656494,-0.2800000011920929,-4.96999979019165,5.53000020980835,1.4115594453965712,ascending,3
23,right,754.5942307692308,1790837978093,0.6556568145751953,-1.0050214529037476,0.21536172926425934,-0.2800000011920929,-4.96999979019165,5.53000020980835,1.325566414236065,ascending,3
23,right,754.6038461538462,1790837978093,0.44029510021209717,-0.5934411883354187,0.22493335604667664,-0.2800000011920929,-4.96999979019165,5.53000020980835,1.2364255209964,ascending,3
23,right,754.6134615384616,1790837978093,0.9715206623077393,-0.765730619430542,0.13878867030143738,-0.2800000011920929,-4.96999979019165,5.53000020980835,1.1527126924641904,ascending,3
23,right,754.623076923077,1790837978093,1.3615647554397583,-0.6508709788322449,0.23450499773025513,-0.2800000011920929,-4.96999979019165,5.53000020980835,1.07224058297087,ascending,3
23,right,754.6326923076923,1790837978093,1.8712540864944458,-0.8016242384910583,0.34697166085243225,-0.2800000011920929,-4.96999979019165,5.53000020980835,0.9968874522637259,ascending,3
23,right,754.6423076923078,1790837978093,1.268241286277771,-0.509689450263977,0.30868515372276306,-0.2800000011920929,-4.96999979019165,5.53000020980835,0.9151966831153316,ascending,3
23,left,767.076,1790837978105,-0.5240468978881836,-0.36611494421958923,0.18664683401584625,1.1200000047683716,-3.8499999046325684,-17.010000228881836,0.2775325852291309,ascending,1
23,left,767.0856153846154,1790837978105,-1.0935590267181396,-1.3854937553405762,0.06700142472982407,1.1200000047683716,-3.8499999046325684,-17.010000228881836,0.19880599398097462,ascending,1
23,left,767.0952307692307,1790837978105,-0.588655412197113,-0.667621374130249,0.055036887526512146,1.1200000047683716,-3.8499999046325684,-17.010000228881836,0.11215848247737494,ascending,1
23,left,767.1048461538462,1790837978105,-0.30629223585128784,-1.2706341743469238,0.08853759616613388,1.1200000047683716,-3.8499999046325684,-17.010000228881836,0.03042777978116341,ascending,1
23,left,767.1144615384616,1790837978105,0.5001177787780762,-2.479052782058716,-0.11485958844423294,1.1200000047683716,-3.8499999046325684,-17.010000228881836,-0.04210917345321373,resting,null
23,left,767.1240769230769,1790837978105,1.689393162727356,-0.9404128789901733,0.12921704351902008,1.1200000047683716,-3.8499999046325684,-17.010000228881836,-0.13174811904103606,resting,null
23,left,767.1336923076923,1790837978105,0.5671192407608032,-4.278519630432129,-0.09332341700792313,1.1200000047683716,-3.8499999046325684,-17.010000228881836,-0.18758399632244532,resting,null
23,left,767.1433076923078,1790837978105,-0.8734114766120911,-4.316806316375732,0.12443122267723083,1.1200000047683716,-3.8499999046325684,-17.010000228881836,-0.23946107004243733,resting,null
23,right,754.651,1790837978168,2.0267932415008545,-1.672642707824707,0.1411815732717514,0.2800000011920929,-0.6299999952316284,-13.09000015258789,0.8508185808170436,ascending,3
23,right,754.6606153846153,1790837978168,4.362271308898926,-1.4788172245025635,0.3015064299106598,0.2800000011920929,-0.6299999952316284,-13.09000015258789,0.8003458066565392,ascending,3
23,right,754.6702307692307,1790837978168,3.0820655822753906,-2.495803117752075,0.29911351203918457,0.2800000011920929,-0.6299999952316284,-13.09000015258789,0.7411914981597251,ascending,3
23,right,754.6798461538461,1790837978168,5.0131425857543945,-1.6678569316864014,0.44747382402420044,0.2800000011920929,-0.6299999952316284,-13.09000015258789,0.697244699152113,ascending,3
23,right,754.6894615384615,1790837978168,6.128237724304199,-1.072022795677185,0.7729093432426453,0.2800000011920929,-0.6299999952316284,-13.09000015258789,0.6617197228795824,ascending,3
23,right,754.6990769230769,1790837978168,7.985134124755859,-3.0126712322235107,0.5336185097694397,0.2800000011920929,-0.6299999952316284,-13.09000015258789,0.6489191684402398,ascending,3
23,right,754.7086923076922,1790837978168,8.375178337097168,-3.486467123031616,0.4737958014011383,0.2800000011920929,-0.6299999952316284,-13.09000015258789,0.6410820554930334,ascending,3
23,right,754.7183076923077,1790837978168,11.404600143432617,-3.6659352779388428,0.41875892877578735,0.2800000011920929,-0.6299999952316284,-13.09000015258789,0.661546736348779,ascending,3
23,left,767.155,1790837978240,-0.806410014629364,-6.843717098236084,-0.4235447347164154,5.670000076293945,-2.6600000858306885,-1.6800000667572021,-0.2742676458711835,resting,null
23,left,767.1646153846153,1790837978240,-1.531461238861084,-6.23352575302124,-0.03350071236491203,5.670000076293945,-2.6600000858306885,-1.6800000667572021,-0.3067270911229619,descending,null
23,left,767.1742307692307,1790837978240,-3.639613151550293,-8.011456489562988,-0.6604426503181458,5.670000076293945,-2.6600000858306885,-1.6800000667572021,-0.31772057681153487,descending,null
23,left,767.1838461538462,1790837978240,-3.7329366207122803,-9.772636413574219,2.03157901763916,5.670000076293945,-2.6600000858306885,-1.6800000667572021,-0.31138985645550804,descending,null
23,left,767.1934615384615,1790837978240,-2.5340895652770996,-14.405306816101074,0.11964540183544159,5.670000076293945,-2.6600000858306885,-1.6800000667572021,-0.2653829229154506,descending,null
23,left,767.2030769230769,1790837978240,-5.151931285858154,-16.008554458618164,0.03350071236491203,5.670000076293945,-2.6600000858306885,-1.6800000667572021,-0.19821886186814167,descending,null
23,left,767.2126923076922,1790837978240,-7.5280890464782715,-16.96332550048828,-0.035893622785806656,5.670000076293945,-2.6600000858306885,-1.6800000667572021,-0.11652972076952027,descending,null
23,left,767.2223076923077,1790837978240,-5.273969650268555,-17.78648567199707,0.708300769329071,5.670000076293945,-2.6600000858306885,-1.6800000667572021,-0.032413153637323965,descending,null
23,right,754.727,1790837978242,14.034405708312988,-3.8597607612609863,0.3230426013469696,1.1200000047683716,8.819999694824219,-1.2599999904632568,0.7023681268496049,ascending,3
23,right,754.7366153846153,1790837978242,16.027698516845703,-4.077515602111816,0.23689790070056915,1.1200000047683716,8.819999694824219,-1.2599999904632568,0.7664329677740445,ascending,3
23,right,754.7462307692307,1790837978242,18.74843406677246,-5.513260364532471,0.09332341700792313,1.1200000047683716,8.819999694824219,-1.2599999904632568,0.8595670317738581,ascending,3
23,right,754.7558461538462,1790837978242,19.24616050720215,-1.524282455444336,0.5120823383331299,1.1200000047683716,8.819999694824219,-1.2599999904632568,0.9457524135706401,ascending,3
23,right,754.7654615384615,1790837978242,17.32704734802246,-4.390986442565918,0.11246667802333832,1.1200000047683716,8.819999694824219,-1.2599999904632568,1.0225593162108808,ascending,3
23,right,754.7750769230769,1790837978242,15.537152290344238,-2.536482572555542,0.0047858161851763725,1.1200000047683716,8.819999694824219,-1.2599999904632568,1.0776241974054483,ascending,3
23,right,754.7846923076922,1790837978242,14.381377220153809,-3.3835721015930176,-0.021536173298954964,1.1200000047683716,8.819999694824219,-1.2599999904632568,1.1244866259199888,ascending,3
23,right,754.7943076923077,1790837978242,13.208852767944336,-3.6922571659088135,0.03110780566930771,1.1200000047683716,8.819999694824219,-1.2599999904632568,1.1614473197546507,ascending,3
23,left,767.234,1790837978270,-6.6786065101623535,-15.47732925415039,0.7681235074996948,-4.269999980926514,3.2899999618530273,4.900000095367432,0.047843616712144404,resting,null
23,left,767.2436153846154,1790837978270,-4.862389087677002,-15.41750717163086,0.6580497026443481,-4.269999980926514,3.2899999618530273,4.900000095367432,0.1088555967960203,resting,null
23,left,767.2532307692308,1790837978270,-4.4651665687561035,-12.962383270263672,0.7298369407653809,-4.269999980926514,3.2899999618530273,4.900000095367432,0.14607867958739404,resting,null
23,left,767.2628461538462,1790837978270,-3.933940887451172,-11.806608200073242,0.5240468978881836,-4.269999980926514,3.2899999618530273,4.900000095367432,0.17121427239444625,resting,null
23,left,767.2724615384616,1790837978270,-3.448180675506592,-11.198809623718262,0.4953319728374481,-4.269999980926514,3.2899999618530273,4.900000095367432,0.18950542663218695,resting,null
23,left,767.2820769230769,1790837978270,-2.242154836654663,-10.937982559204102,0.521653950214386,-4.269999980926514,3.2899999618530273,4.900000095367432,0.20239728172236873,ascending,2
23,left,767.2916923076923,1790837978270,-2.057900905609131,-10.220110893249512,0.3350071310997009,-4.269999980926514,3.2899999618530273,4.900000095367432,0.2081182255040178,ascending,2
23,left,767.3013076923078,1790837978270,-2.0818300247192383,-9.727170944213867,0.04307234659790993,-4.269999980926514,3.2899999618530273,4.900000095367432,0.20924546820002926,ascending,2
23,right,754.803,1790837978318,12.074614524841309,-3.273498296737671,0.08375178277492523,0.42000001668930054,-10.289999961853027,1.0499999523162842,1.1843546832263012,ascending,3
23,right,754.8126153846154,1790837978318,10.909268379211426,-3.6013267040252686,0.08135887235403061,0.42000001668930054,-10.289999961853027,1.0499999523162842,1.1999179236715296,ascending,3
23,right,754.8222307692307,1790837978318,10.323005676269531,-3.6659352779388428,0.1316099464893341,0.42000001668930054,-10.289999961853027,1.0499999523162842,1.2102785199296988,ascending,3
23,right,754.8318461538462,1790837978318,10.303862571716309,-4.039228916168213,0.23929080367088318,0.42000001668930054,-10.289999961853027,1.0499999523162842,1.2215288529428894,ascending,3
23,right,754.8414615384615,1790837978318,9.870745658874512,-3.316570520401001,0.28714898228645325,0.42000001668930054,-10.289999961853027,1.0499999523162842,1.2267123346718023,ascending,3
23,right,754.8510769230769,1790837978318,9.021263122558594,-3.752079963684082,0.31825676560401917,0.42000001668930054,-10.289999961853027,1.0499999523162842,1.2253759652886163,ascending,3
23,right,754.8606923076923,1790837978318,8.695828437805176,-3.393143653869629,0.4044014811515808,0.42000001668930054,-10.289999961853027,1.0499999523162842,1.220009392835882,ascending,3
23,right,754.8703076923077,1790837978318,8.583361625671387,-3.3189635276794434,0.4307234585285187,0.42000001668930054,-10.289999961853027,1.0499999523162842,1.2133994028796462,ascending,3
23,left,767.314,1790837978345,-2.2517266273498535,-9.277304649353027,0.0502510704100132,-3.2200000286102295,-1.6100000143051147,-3.430000066757202,0.20577721542886396,ascending,2
23,left,767.3236153846153,1790837978345,-2.395301103591919,-9.021263122558594,-0.03110780566930771,-3.2200000286102295,-1.6100000143051147,-3.430000066757202,0.20110450749397688,ascending,2
23,left,767.3332307692307,1790837978345,-1.7970739603042603,-8.49721622467041,-0.03110780566930771,-3.2200000286102295,-1.6100000143051147,-3.430000066757202,0.19012262710316113,ascending,2
23,left,767.3428461538462,1790837978345,-1.5482115745544434,-8.487645149230957,-0.009571632370352745,-3.2200000286102295,-1.6100000143051147,-3.430000066757202,0.17847886295250578,ascending,2
23,left,767.3524615384615,1790837978345,-1.6391420364379883,-8.231603622436523,-0.03828652948141098,-3.2200000286102295,-1.6100000143051147,-3.430000066757202,0.16468003008086127,ascending,2
23,left,767.3620769230769,1790837978345,-2.158403158187866,-8.233996391296387,-0.17468228936195374,-3.2200000286102295,-1.6100000143051147,-3.430000066757202,0.1521171054159444,ascending,2
23,left,767.3716923076922,1790837978345,-2.2589051723480225,-8.059314727783203,-0.13878867030143738,-3.2200000286102295,-1.6100000143051147,-3.430000066757202,0.13818090290242063,ascending,2
23,left,767.3813076923077,1790837978345,-1.9932924509048462,-7.9779558181762695,-0.08375178277492523,-3.2200000286102295,-1.6100000143051147,-3.430000066757202,0.12287805832145621,ascending,2
23,right,754.879,1790837978377,8.535503387451172,-3.141888380050659,0.44986671209335327,-0.9800000190734863,-6.510000228881836,0.5600000023841858,1.206561898882238,ascending,3
23,right,754.8886153846154,1790837978377,8.155031204223633,-3.1299238204956055,0.4522596299648285,-0.9800000190734863,-6.510000228881836,0.5600000023841858,1.195490778442873,ascending,3
23,right,754.8982307692307,1790837978377,7.961205005645752,-3.0677082538604736,0.5264397859573364,-0.9800000190734863,-6.510000228881836,0.5600000023841858,1.1824637659531956,ascending,3
23,right,754.9078461538462,1790837978377,7.992312908172607,-2.7805593013763428,0.42833054065704346,-0.9800000190734863,-6.510000228881836,0.5600000023841858,1.1688925225890716,ascending,3
23,right,754.9174615384616,1790837978377,7.994706153869629,-2.7446656227111816,0.4546525478363037,-0.9800000190734863,-6.510000228881836,0.5600000023841858,1.155241651710434,ascending,3
23,right,754.9270769230769,1790837978377,7.884632110595703,-2.670485496520996,0.40918728709220886,-0.9800000190734863,-6.510000228881836,0.5600000023841858,1.140378420177755,ascending,3
23,right,754.9366923076923,1790837978377,7.757808208465576,-2.7709875106811523,0.3302213251590729,-0.9800000190734863,-6.510000228881836,0.5600000023841858,1.124674356954431,ascending,3
23,right,754.9463076923078,1790837978377,7.9779558181762695,-2.8403818607330322,0.3206496834754944,-0.9800000190734863,-6.510000228881836,0.5600000023841858,1.1111994740573556,ascending,3
23,left,767.393,1790837978436,-1.770751953125,-8.078457832336426,-0.09332341700792313,-0.9100000262260437,-2.0299999713897705,5.179999828338623,0.10478526854578882,ascending,2
23,left,767.4026153846154,1790837978436,-1.8616825342178345,-8.33449935913086,-0.0023929080925881863,-0.9100000262260437,-2.0299999713897705,5.179999828338623,0.09252610022751707,ascending,2
23,left,767.4122307692307,1790837978436,-2.129688262939453,-8.451751708984375,0.047858163714408875,-0.9100000262260437,-2.0299999713897705,5.179999828338623,0.08199955015178607,ascending,2
23,left,767.4218461538462,1790837978436,-2.304370403289795,-8.51636028289795,0.11007377505302429,-0.9100000262260437,-2.0299999713897705,5.179999828338623,0.07250053492857833,ascending,2
23,left,767.4314615384616,1790837978436,-2.390515089035034,-8.645576477050781,0.09571632742881775,-0.9100000262260437,-2.0299999713897705,5.179999828338623,0.06441711427279874,ascending,2
23,left,767.4410769230769,1790837978436,-2.3929080963134766,-8.980584144592285,0.18664683401584625,-0.9100000262260437,-2.0299999713897705,5.179999828338623,0.059471395888195146,ascending,2
23,left,767.4506923076923,1790837978436,-2.3570144176483154,-9.093050956726074,0.17946811020374298,-0.9100000262260437,-2.0299999713897705,5.179999828338623,0.05548717213233655,ascending,2
23,left,767.4603076923078,1790837978436,-2.361800193786621,-9.188767433166504,0.2105759084224701,-0.9100000262260437,-2.0299999713897705,5.179999828338623,0.052411155250515686,ascending,2
23,right,754.955,1790837978453,8.360820770263672,-2.8260245323181152,0.260826975107193,0.2800000011920929,-4.130000114440918,0.14000000059604645,1.102155203503548,ascending,3
23,right,754.9646153846154,1790837978453,8.509181022644043,-2.7566301822662354,0.26561281085014343,0.2800000011920929,-4.130000114440918,0.14000000059604645,1.0933048621279216,ascending,3
23,right,754.9742307692308,1790837978453,8.511573791503906,-2.6465563774108887,0.19861137866973877,0.2800000011920929,-4.130000114440918,0.14000000059604645,1.0841615851189044,ascending,3
23,right,754.9838461538462,1790837978453,8.597719192504883,-2.6226272583007812,0.12921704351902008,0.2800000011920929,-4.130000114440918,0.14000000059604645,1.0757481332914067,ascending,3
23,right,754.9934615384616,1790837978453,8.841794967651367,-2.775773286819458,0.11246667802333832,0.2800000011920929,-4.130000114440918,0.14000000059604645,1.0700282004832409,ascending,3
23,right,755.003076923077,1790837978453,9.105015754699707,-2.804488182067871,0.15314611792564392,0.2800000011920929,-4.130000114440918,0.14000000059604645,1.0668007201874667,ascending,3
23,right,755.0126923076923,1790837978453,9.320377349853516,-2.837989091873169,0.12682412564754486,0.2800000011920929,-4.130000114440918,0.14000000059604645,1.065647789506931,ascending,3
23,right,755.0223076923078,1790837978453,9.562060356140137,-2.859525203704834,0.17707519233226776,0.2800000011920929,-4.130000114440918,0.14000000059604645,1.0667683290047567,ascending,3
23,left,767.472,1790837978510,-2.61305570602417,-9.317984580993652,0.22493335604667664,-0.21000000834465027,-2.380000114440918,3.1500000953674316,0.05088403858670406,ascending,2
23,left,767.4816153846153,1790837978510,-2.9624202251434326,-9.538131713867188,0.19861137866973877,-0.21000000834465027,-2.380000114440918,3.1500000953674316,0.05253732727004841,ascending,2
23,left,767.4912307692307,1790837978510,-3.175389051437378,-9.880317687988281,0.260826975107193,-0.21000000834465027,-2.380000114440918,3.1500000953674316,0.05791542676327752,ascending,2
23,left,767.5008461538462,1790837978510,-3.0892443656921387,-10.141144752502441,0.22014755010604858,-0.21000000834465027,-2.380000114440918,3.1500000953674316,0.06549792141581279,ascending,2
23,left,767.5104615384615,1790837978510,-2.9408841133117676,-10.392399787902832,0.20579010248184204,-0.21000000834465027,-2.380000114440918,3.1500000953674316,0.07503312733197132,ascending,2
23,left,767.5200769230769,1790837978510,-3.1155662536621094,-10.533581733703613,0.15314611792564392,-0.21000000834465027,-2.380000114440918,3.1500000953674316,0.08631245058051075,ascending,2
23,left,767.5296923076922,1790837978510,-3.469716787338257,-10.454615592956543,0.17468228936195374,-0.21000000834465027,-2.380000114440918,3.1500000953674316,0.09777891554564239,ascending,2
23,left,767.5393076923077,1790837978510,-3.5175747871398926,-10.28711223602295,0.1722893863916397,-0.21000000834465027,-2.380000114440918,3.1500000953674316,0.10782724539946592,ascending,2
23,right,755.031,1790837978528,9.93774700164795,-2.9480626583099365,0.20339718461036682,0.8400000333786011,-2.6600000858306885,0.3499999940395355,1.0711251722743518,ascending,3
23,right,755.0406153846153,1790837978528,10.28471851348877,-3.0054924488067627,0.21775463223457336,0.8400000333786011,-2.6600000858306885,0.3499999940395355,1.079289726244886,ascending,3
23,right,755.0502307692307,1790837978528,10.399578094482422,-3.161031484603882,0.14836029708385468,0.8400000333786011,-2.6600000858306885,0.3499999940395355,1.088964632079278,ascending,3
23,right,755.0598461538461,1790837978528,10.45940113067627,-2.950455665588379,0.19382555782794952,0.8400000333786011,-2.6600000858306885,0.3499999940395355,1.0985706578320773,ascending,3
23,right,755.0694615384615,1790837978528,10.411542892456055,-3.0509579181671143,0.21536172926425934,0.8400000333786011,-2.6600000858306885,0.3499999940395355,1.108029294616747,ascending,3
23,right,755.0790769230769,1790837978528,10.332576751708984,-3.0246357917785645,0.1603248417377472,0.8400000333786011,-2.6600000858306885,0.3499999940395355,1.1166896715048622,ascending,3
23,right,755.0886923076922,1790837978528,10.186610221862793,-2.8427748680114746,0.18664683401584625,0.8400000333786011,-2.6600000858306885,0.3499999940395355,1.1234869352170775,ascending,3
23,right,755.0983076923077,1790837978528,9.89706802368164,-2.852346420288086,0.20339718461036682,0.8400000333786011,-2.6600000858306885,0.3499999940395355,1.1276570211009975,ascending,3
23,left,767.551,1790837978585,-3.3069989681243896,-10.114822387695312,0.19621846079826355,-2.5199999809265137,-1.8899999856948853,2.6600000858306885,0.11745223586888093,ascending,2
23,left,767.5606153846154,1790837978585,-3.1012089252471924,-10.038249015808105,0.21775463223457336,-2.5199999809265137,-1.8899999856948853,2.6600000858306885,0.12412199456680198,ascending,2
23,left,767.5702307692308,1790837978585,-3.16821026802063,-9.849209785461426,0.22732627391815186,-2.5199999809265137,-1.8899999856948853,2.6600000858306885,0.12922906949412377,ascending,2
23,left,767.5798461538462,1790837978585,-3.1993181705474854,-9.619490623474121,0.23929080367088318,-2.5199999809265137,-1.8899999856948853,2.6600000858306885,0.13230718013736117,ascending,2
23,left,767.5894615384616,1790837978585,-3.0533506870269775,-9.564454078674316,0.260826975107193,-2.5199999809265137,-1.8899999856948853,2.6600000858306885,0.13449078021354682,ascending,2
23,left,767.599076923077,1790837978585,-2.8714897632598877,-9.466344833374023,0.27757734060287476,-2.5199999809265137,-1.8899999856948853,2.6600000858306885,0.13527926538434645,ascending,2
23,left,767.6086923076923,1790837978585,-2.7733805179595947,-9.260554313659668,0.2632198929786682,-2.5199999809265137,-1.8899999856948853,2.6600000858306885,0.1339021699016308,ascending,2
23,left,767.6183076923078,1790837978585,-2.6465563774108887,-9.145694732666016,0.3015064299106598,-2.5199999809265137,-1.8899999856948853,2.6600000858306885,0.13112870872522514,ascending,2
23,right,755.107,1790837978603,9.719992637634277,-2.9624202251434326,0.19621846079826355,1.0499999523162842,-4.760000228881836,0.3499999940395355,1.130243676423097,ascending,3
23,right,755.1166153846153,1790837978603,9.712814331054688,-2.964813232421875,0.14596739411354065,1.0499999523162842,-4.760000228881836,0.3499999940395355,1.1330468057835243,ascending,3
23,right,755.1262307692307,1790837978603,9.588382720947266,-2.8403818607330322,0.13878867030143738,1.0499999523162842,-4.760000228881836,0.3499999940395355,1.1343529108135015,ascending,3
23,right,755.1358461538462,1790837978603,9.322770118713379,-2.811666965484619,0.12921704351902008,1.0499999523162842,-4.760000228881836,0.3499999940395355,1.1331400661045377,ascending,3
23,right,755.1454615384615,1790837978603,9.059550285339355,-2.8403818607330322,0.09571632742881775,1.0499999523162842,-4.760000228881836,0.3499999940395355,1.129594087722529,ascending,3
23,right,755.1550769230769,1790837978603,8.93990421295166,-2.895418882369995,0.07657305896282196,1.0499999523162842,-4.760000228881836,0.3499999940395355,1.1251101490980981,ascending,3
23,right,755.1646923076922,1790837978603,8.908797264099121,-2.895418882369995,0.1005021408200264,1.0499999523162842,-4.760000228881836,0.3499999940395355,1.1203446445142216,ascending,3
23,right,755.1743076923077,1790837978603,8.808294296264648,-2.833203077316284,0.08614469319581985,1.0499999523162842,-4.760000228881836,0.3499999940395355,1.1144817462532008,ascending,3
23,left,767.63,1790837978660,-2.6082699298858643,-8.935118675231934,0.30868515372276306,-3.3600001335144043,-1.399999976158142,0.8400000333786011,0.1252756604496888,ascending,2
23,left,767.6396153846154,1790837978660,-2.670485496520996,-8.889653205871582,0.23450499773025513,-3.3600001335144043,-1.399999976158142,0.8400000333786011,0.12020161406143476,ascending,2
23,left,767.6492307692307,1790837978660,-2.7279152870178223,-8.877689361572266,0.2943277060985565,-3.3600001335144043,-1.399999976158142,0.8400000333786011,0.11519092090921475,ascending,2
23,left,767.6588461538462,1790837978660,-2.6537351608276367,-8.918368339538574,0.27518442273139954,-3.3600001335144043,-1.399999976158142,0.8400000333786011,0.11034957320438968,ascending,2
23,left,767.6684615384615,1790837978660,-2.593912363052368,-8.930333137512207,0.24646952748298645,-3.3600001335144043,-1.399999976158142,0.8400000333786011,0.10545084893901532,ascending,2
23,left,767.6780769230769,1790837978660,-2.6513421535491943,-9.009299278259277,0.2321120798587799,-3.3600001335144043,-1.399999976158142,0.8400000333786011,0.10143604950300485,ascending,2
23,left,767.6876923076923,1790837978660,-2.7853450775146484,-9.12415885925293,0.15314611792564392,-3.3600001335144043,-1.399999976158142,0.8400000333786011,0.09883065685170508,ascending,2
23,left,767.6973076923077,1790837978660,-2.9408841133117676,-9.174409866333008,0.20818300545215607,-3.3600001335144043,-1.399999976158142,0.8400000333786011,0.09713060580578624,ascending,2
23,right,755.182,1790837978694,8.746079444885254,-2.7877378463745117,0.11485958844423294,0.9800000190734863,-3.7100000381469727,0.42000001668930054,1.1092328271393723,ascending,3
23,right,755.1916153846154,1790837978694,8.755650520324707,-2.7303080558776855,0.10289505124092102,0.9800000190734863,-3.7100000381469727,0.42000001668930054,1.1025971431730497,ascending,3
23,right,755.2012307692307,1790837978694,8.793937683105469,-2.699200391769409,0.12921704351902008,0.9800000190734863,-3.7100000381469727,0.42000001668930054,1.0962276464021983,ascending,3
23,right,755.2108461538462,1790837978694,8.904010772705078,-2.818845748901367,0.1698964685201645,0.9800000190734863,-3.7100000381469727,0.42000001668930054,1.0912173524774582,ascending,3
23,right,755.2204615384616,1790837978694,8.990156173706055,-2.823631525039673,0.11964540183544159,0.9800000190734863,-3.7100000381469727,0.42000001668930054,1.08701170585103,ascending,3
23,right,755.2300769230769,1790837978694,9.12415885925293,-2.859525203704834,0.19621846079826355,0.9800000190734863,-3.7100000381469727,0.42000001668930054,1.0841448576887394,ascending,3
23,right,755.2396923076923,1790837978694,9.205517768859863,-2.907383441925049,0.20818300545215607,0.9800000190734863,-3.7100000381469727,0.42000001668930054,1.0821650713528574,ascending,3
23,right,755.2493076923078,1790837978694,9.329948425292969,-2.859525203704834,0.2010042816400528,0.9800000190734863,-3.7100000381469727,0.42000001668930054,1.0811898659916965,ascending,3
23,right,755.258,1790837978753,9.353878021240234,-2.8762755393981934,0.1914326548576355,1.399999976158142,-2.380000114440918,0.42000001668930054,1.0805511391639218,ascending,3
23,right,755.2676153846154,1790837978753,9.48788070678711,-3.0102784633636475,0.2010042816400528,1.399999976158142,-2.380000114440918,0.42000001668930054,1.0814609037343248,ascending,3
23,right,755.2772307692308,1790837978753,9.648205757141113,-3.084458589553833,0.2703986167907715,1.399999976158142,-2.380000114440918,0.42000001668930054,1.0840618033779736,ascending,3
23,right,755.2868461538462,1790837978753,9.770243644714355,-3.134709596633911,0.27997025847435,1.399999976158142,-2.380000114440918,0.42000001668930054,1.0879279850903438,ascending,3
23,right,755.2964615384616,1790837978753,9.849209785461426,-3.1801748275756836,0.2225404530763626,1.399999976158142,-2.380000114440918,0.42000001668930054,1.0926427246794428,ascending,3
23,right,755.306076923077,1790837978753,9.815709114074707,-3.182567834854126,0.29911351203918457,1.399999976158142,-2.380000114440918,0.42000001668930054,1.09706608616672,ascending,3
23,right,755.3156923076923,1790837978753,9.81810188293457,-3.1442811489105225,0.23689790070056915,1.399999976158142,-2.380000114440918,0.42000001668930054,1.1013914580803954,ascending,3
23,right,755.3253076923078,1790837978753,9.892282485961914,-3.0964231491088867,0.24407662451267242,1.399999976158142,-2.380000114440918,0.42000001668930054,1.1062572196334626,ascending,3
23,left,767.711,1790837978796,-2.902597427368164,-9.222268104553223,0.19621846079826355,-2.380000114440918,-2.0299999713897705,2.6600000858306885,0.09519031761358504,ascending,2
23,left,767.7206153846154,1790837978796,-2.8499536514282227,-9.310805320739746,0.15553902089595795,-2.380000114440918,-2.0299999713897705,2.6600000858306885,0.09448852365981868,ascending,2
23,left,767.7302307692307,1790837978796,-2.9600272178649902,-9.416092872619629,0.17707519233226776,-2.380000114440918,-2.0299999713897705,2.6600000858306885,0.09506870506341084,ascending,2
23,left,767.7398461538462,1790837978796,-3.0174570083618164,-9.507023811340332,0.16750356554985046,-2.380000114440918,-2.0299999713897705,2.6600000858306885,0.09664604762836863,ascending,2
23,left,767.7494615384616,1790837978796,-3.0796728134155273,-9.600347518920898,0.07178724557161331,-2.380000114440918,-2.0299999713897705,2.6600000858306885,0.09924220555487598,ascending,2
23,left,767.7590769230769,1790837978796,-3.0605294704437256,-9.676919937133789,0.15793193876743317,-2.380000114440918,-2.0299999713897705,2.6600000858306885,0.10249975723533034,ascending,2
23,left,767.7686923076923,1790837978796,-2.9983139038085938,-9.73195743560791,0.13878867030143738,-2.380000114440918,-2.0299999713897705,2.6600000858306885,0.10607929155205291,ascending,2
23,left,767.7783076923077,1790837978796,-2.9815635681152344,-9.700849533081055,0.1698964685201645,-2.380000114440918,-2.0299999713897705,2.6600000858306885,0.10932876679002639,ascending,2
23,left,767.79,1790837978825,-3.0796728134155273,-9.684099197387695,0.09810923039913177,-3.0799999237060547,-1.6800000667572021,2.5199999809265137,0.11342069208984366,ascending,2
23,left,767.7996153846153,1790837978825,-3.196925163269043,-9.600347518920898,0.13878867030143738,-3.0799999237060547,-1.6800000667572021,2.5199999809265137,0.11636183267576297,ascending,2
23,left,767.8092307692307,1790837978825,-3.204103946685791,-9.612311363220215,0.13400284945964813,-3.0799999237060547,-1.6800000667572021,2.5199999809265137,0.11943473055418671,ascending,2
23,left,767.8188461538462,1790837978825,-3.0102784633636475,-9.626668930053711,0.16271774470806122,-3.0799999237060547,-1.6800000667572021,2.5199999809265137,0.12207691901408503,ascending,2
23,left,767.8284615384615,1790837978825,-2.971991777420044,-9.569239616394043,0.181861013174057,-3.0799999237060547,-1.6800000667572021,2.5199999809265137,0.12408370683670049,ascending,2
23,left,767.8380769230769,1790837978825,-2.9983139038085938,-9.459165573120117,0.181861013174057,-3.0799999237060547,-1.6800000667572021,2.5199999809265137,0.12515760359096023,ascending,2
23,left,767.8476923076922,1790837978825,-3.019850015640259,-9.36584186553955,0.19621846079826355,-3.0799999237060547,-1.6800000667572021,2.5199999809265137,0.12544156932721803,ascending,2
23,left,767.8573076923077,1790837978825,-2.957634449005127,-9.303627014160156,0.2129688262939453,-3.0799999237060547,-1.6800000667572021,2.5199999809265137,0,resting,null
23,right,755.335,1790837978842,9.918603897094727,-3.070101022720337,0.2536482512950897,0.9800000190734863,-2.6600000858306885,0.2800000011920929,1.1113282748927595,ascending,3
23,right,755.3446153846154,1790837978842,9.892282485961914,-3.0174570083618164,0.22971917688846588,0.9800000190734863,-2.6600000858306885,0.2800000011920929,1.11596104159581,ascending,3
23,right,755.3542307692308,1790837978842,9.853995323181152,-3.0605294704437256,0.22014755010604858,0.9800000190734863,-2.6600000858306885,0.2800000011920929,1.120363781212655,ascending,3
23,right,755.3638461538462,1790837978842,9.801351547241211,-3.048564910888672,0.2129688262939453,0.9800000190734863,-2.6600000858306885,0.2800000011920929,1.124246495830873,ascending,3
23,right,755.3734615384616,1790837978842,9.712814331054688,-3.041386127471924,0.20818300545215607,0.9800000190734863,-2.6600000858306885,0.2800000011920929,0,resting,null
23,right,755.3830769230769,1790837978842,9.708027839660645,-3.043779134750366,0.20579010248184204,0.9800000190734863,-2.6600000858306885,0.2800000011920929,0.0035505683910131438,resting,null
23,right,755.3926923076923,1790837978842,9.64581298828125,-3.0724940299987793,0.1411815732717514,0.9800000190734863,-2.6600000858306885,0.2800000011920929,0.006600333193639866,resting,null
23,right,755.4023076923078,1790837978842,9.564454078674316,-3.0892443656921387,0.16271774470806122,0.9800000190734863,-2.6600000858306885,0.2800000011920929,0.008956351889376706,resting,null
23,left,767.869,1790837978900,-2.8690967559814453,-9.322770118713379,0.2225404530763626,-3.1500000953674316,-0.9800000190734863,1.3300000429153442,-0.0005886047466142254,resting,null
23,left,767.8786153846154,1790837978900,-2.7566301822662354,-9.29644775390625,0.2512553632259369,-3.1500000953674316,-0.9800000190734863,1.3300000429153442,-0.0016330430708521011,resting,null
23,left,767.8882307692307,1790837978900,-2.696807384490967,-9.181588172912598,0.2105759084224701,-3.1500000953674316,-0.9800000190734863,1.3300000429153442,-0.003906499577671856,resting,null
23,left,767.8978461538462,1790837978900,-2.732701063156128,-9.138516426086426,0.2416837215423584,-3.1500000953674316,-0.9800000190734863,1.3300000429153442,-0.006463462084588656,resting,null
23,left,767.9074615384616,1790837978900,-2.816452741622925,-9.112194061279297,0.21775463223457336,-3.1500000953674316,-0.9800000190734863,1.3300000429153442,-0.009024088580434575,resting,null
23,left,767.9170769230769,1790837978900,-2.761415958404541,-9.116979598999023,0.22014755010604858,-3.1500000953674316,-0.9800000190734863,1.3300000429153442,-0.011695601795542377,resting,null
23,left,767.9266923076923,1790837978900,-2.6680924892425537,-9.176802635192871,0.24407662451267242,-3.1500000953674316,-0.9800000190734863,1.3300000429153442,-0.01407599073326977,resting,null
23,left,767.9363076923078,1790837978900,-2.68245005607605,-9.241411209106445,0.23929080367088318,-3.1500000953674316,-0.9800000190734863,1.3300000429153442,-0.01581986646008933,resting,null
23,right,755.411,1790837978918,9.516595840454102,-3.0533506870269775,0.17468228936195374,0.9800000190734863,-3.2200000286102295,0.2800000011920929,0.010597037876129376,resting,null
23,right,755.4206153846153,1790837978918,9.432844161987305,-3.05574369430542,0.17946811020374298,0.9800000190734863,-3.2200000286102295,0.2800000011920929,0.011652724812334214,resting,null
23,right,755.4302307692307,1790837978918,9.394556999206543,-3.0868513584136963,0.15553902089595795,0.9800000190734863,-3.2200000286102295,0.2800000011920929,0.01244612607039552,resting,null
23,right,755.4398461538461,1790837978918,9.36823558807373,-3.156245708465576,0.12682412564754486,0.9800000190734863,-3.2200000286102295,0.2800000011920929,0.013201153856983696,resting,null
23,right,755.4494615384615,1790837978918,9.380199432373047,-3.1179592609405518,0.13400284945964813,0.9800000190734863,-3.2200000286102295,0.2800000011920929,0.01395368739970395,resting,null
23,right,755.4590769230769,1790837978918,9.483095169067383,-3.1442811489105225,0.1722893863916397,0.9800000190734863,-3.2200000286102295,0.2800000011920929,0.015730194583750964,resting,null
23,right,755.4686923076922,1790837978918,9.509416580200195,-3.182567834854126,0.18903973698616028,0.9800000190734863,-3.2200000286102295,0.2800000011920929,0.017864202357111513,resting,null
23,right,755.4783076923077,1790837978918,9.538131713867188,-3.247176170349121,0.15793193876743317,0.9800000190734863,-3.2200000286102295,0.2800000011920929,0.020450787222994746,resting,null
23,left,767.948,1790837978991,-2.7279152870178223,-9.27969741821289,0.20339718461036682,-2.240000009536743,-1.190000057220459,2.450000047683716,-0.017361339838620135,resting,null
23,left,767.9576153846153,1790837978991,-2.7877378463745117,-9.262947082519531,0.20818300545215607,-2.240000009536743,-1.190000057220459,2.450000047683716,-0.018613141134941023,resting,null
23,left,767.9672307692307,1790837978991,-2.8140599727630615,-9.291662216186523,0.2321120798587799,-2.240000009536743,-1.190000057220459,2.450000047683716,-0.019521876729849518,resting,null
23,left,767.9768461538462,1790837978991,-2.866703987121582,-9.329948425292969,0.18903973698616028,-2.240000009536743,-1.190000057220459,2.450000047683716,-0.019939180021333356,resting,null
23,left,767.9864615384615,1790837978991,-2.845167636871338,-9.428057670593262,0.2321120798587799,-2.240000009536743,-1.190000057220459,2.450000047683716,-0.019506843228308,resting,null
23,left,767.9960769230769,1790837978991,-2.8284173011779785,-9.423272132873535,0.23929080367088318,-2.240000009536743,-1.190000057220459,2.450000047683716,-0.019163698773910113,resting,null
23,left,768.0056923076922,1790837978991,-2.837989091873169,-9.387378692626953,0.22732627391815186,-2.240000009536743,-1.190000057220459,2.450000047683716,-0.01912604857738685,resting,null
23,left,768.0153076923077,1790837978991,-2.924133777618408,-9.325162887573242,0.22732627391815186,-2.240000009536743,-1.190000057220459,2.450000047683716,-0.0194181552200018,resting,null
23,right,755.486,1790837979007,9.562060356140137,-3.2304258346557617,0.18425391614437103,0.7699999809265137,-2.870000123977661,0.2800000011920929,0.022656781134915028,resting,null
23,right,755.4956153846153,1790837979007,9.624276161193848,-3.2687125205993652,0.1914326548576355,0.7699999809265137,-2.870000123977661,0.2800000011920929,0.026098409916246235,resting,null
23,right,755.5052307692307,1790837979007,9.65299129486084,-3.2830698490142822,0.17707519233226776,0.7699999809265137,-2.870000123977661,0.2800000011920929,0.02984232434167972,resting,null
23,right,755.5148461538462,1790837979007,9.696063995361328,-3.287855625152588,0.2129688262939453,0.7699999809265137,-2.870000123977661,0.2800000011920929,0.03399733926698142,resting,null
23,right,755.5244615384615,1790837979007,9.74870777130127,-3.287855625152588,0.181861013174057,0.7699999809265137,-2.870000123977661,0.2800000011920929,0.03862461619856517,resting,null
23,right,755.5340769230769,1790837979007,9.708027839660645,-3.2495691776275635,0.16750356554985046,0.7699999809265137,-2.870000123977661,0.2800000011920929,0.042759568838618575,resting,null
23,right,755.5436923076923,1790837979007,9.688884735107422,-3.211282730102539,0.20818300545215607,0.7699999809265137,-2.870000123977661,0.2800000011920929,0.04660808788475739,resting,null
23,right,755.5533076923077,1790837979007,9.648205757141113,-3.182567834854126,0.17707519233226776,0.7699999809265137,-2.870000123977661,0.2800000011920929,0.04999197076572612,resting,null
23,left,768.027,1790837979065,-2.931312322616577,-9.250982284545898,0.21536172926425934,-1.9600000381469727,-1.2599999904632568,2.0299999713897705,-0.020577724604338148,resting,null
23,left,768.0366153846154,1790837979065,-2.9193477630615234,-9.239018440246582,0.20339718461036682,-1.9600000381469727,-1.2599999904632568,2.0299999713897705,-0.021676083994915843,resting,null
23,left,768.0462307692308,1790837979065,-2.900204658508301,-9.267732620239258,0.19621846079826355,-1.9600000381469727,-1.2599999904632568,2.0299999713897705,-0.022566621630619583,resting,null
23,left,768.0558461538462,1790837979065,-2.8978116512298584,-9.282090187072754,0.2105759084224701,-1.9600000381469727,-1.2599999904632568,2.0299999713897705,-0.0233290632249123,resting,null
23,left,768.0654615384616,1790837979065,-2.881061315536499,-9.325162887573242,0.20818300545215607,-1.9600000381469727,-1.2599999904632568,2.0299999713897705,-0.023744283681838608,resting,null
23,left,768.075076923077,1790837979065,-2.8930258750915527,-9.298840522766113,0.18903973698616028,-1.9600000381469727,-1.2599999904632568,2.0299999713897705,-0.024370390739985804,resting,null
23,left,768.0846923076923,1790837979065,-2.8906328678131104,-9.284482955932617,0.1722893863916397,-1.9600000381469727,-1.2599999904632568,2.0299999713897705,-0.02513774875289446,resting,null
23,left,768.0943076923078,1790837979065,-2.859525203704834,-9.253376007080078,0.18664683401584625,-1.9600000381469727,-1.2599999904632568,2.0299999713897705,-0.02627636011098178,resting,null
23,right,755.562,1790837979067,9.607525825500488,-3.105994701385498,0.19621846079826355,0,-3.7799999713897705,0,0.05250834157187909,resting,null
23,right,755.5716153846154,1790837979067,9.602740287780762,-3.1083877086639404,0.15314611792564392,0,-3.7799999713897705,0,0.055248237884651274,resting,null
23,right,755.5812307692307,1790837979067,9.626668930053711,-3.0653152465820312,0.17468228936195374,0,-3.7799999713897705,0,0.05808078099940835,resting,null
23,right,755.5908461538462,1790837979067,9.638633728027344,-3.077279806137085,0.19621846079826355,0,-3.7799999713897705,0,0.06106107279390727,resting,null
23,right,755.6004615384616,1790837979067,9.614705085754395,-3.048564910888672,0.18664683401584625,0,-3.7799999713897705,0,0.06373556565518246,resting,null
23,right,755.6100769230769,1790837979067,9.564454078674316,-3.05574369430542,0.19382555782794952,0,-3.7799999713897705,0,0.0659719893854244,resting,null
23,right,755.6196923076923,1790837979067,9.559667587280273,-3.058136463165283,0.23929080367088318,0,-3.7799999713897705,0,0.06817828770356442,resting,null
23,right,755.6293076923077,1790837979067,9.516595840454102,-3.022243022918701,0.2105759084224701,0,-3.7799999713897705,0,0.06987971777704362,resting,null
23,left,768.106,1790837979140,-2.8427748680114746,-9.277304649353027,0.2225404530763626,-1.4700000286102295,-1.0499999523162842,2.380000114440918,-0.027442648012101813,resting,null
23,left,768.1156153846154,1790837979140,-2.8403818607330322,-9.282090187072754,0.1914326548576355,-1.4700000286102295,-1.0499999523162842,2.380000114440918,-0.02836964440545212,resting,null
23,left,768.1252307692307,1790837979140,-2.8403818607330322,-9.346698760986328,0.15553902089595795,-1.4700000286102295,-1.0499999523162842,2.380000114440918,-0.02870901111671982,resting,null
23,left,768.1348461538462,1790837979140,-2.909776210784912,-9.361056327819824,0.13400284945964813,-1.4700000286102295,-1.0499999523162842,2.380000114440918,-0.028723429337819375,resting,null
23,left,768.1444615384615,1790837979140,-2.888240098953247,-9.341913223266602,0.11485958844423294,-1.4700000286102295,-1.0499999523162842,2.380000114440918,-0.028977106757465728,resting,null
23,left,768.1540769230769,1790837979140,-2.907383441925049,-9.361056327819824,0.12443122267723083,-1.4700000286102295,-1.0499999523162842,2.380000114440918,-0.028998841907753835,resting,null
23,left,768.1636923076923,1790837979140,-2.8834543228149414,-9.36823558807373,0.11964540183544159,-1.4700000286102295,-1.0499999523162842,2.380000114440918,-0.029023187997529506,resting,null
23,left,768.1733076923077,1790837979140,-2.9121692180633545,-9.373021125793457,0.08853759616613388,-1.4700000286102295,-1.0499999523162842,2.380000114440918,-0.028925360706074904,resting,null
23,right,755.638,1790837979142,9.4950590133667,-3.019850015640259,0.23689790070056915,-0.07000000029802322,-4.059999942779541,-0.07000000029802322,0.0712370289397599,resting,null
23,right,755.6476153846154,1790837979142,9.538131713867188,-3.062922477722168,0.2416837215423584,-0.07000000029802322,-4.059999942779541,-0.07000000029802322,0.07325931244920995,resting,null
23,right,755.6572307692308,1790837979142,9.55009651184082,-3.0748867988586426,0.23450499773025513,-0.07000000029802322,-4.059999942779541,-0.07000000029802322,0.07542419812728127,resting,null
23,right,755.6668461538462,1790837979142,9.56684684753418,-3.1036016941070557,0.2512553632259369,-0.07000000029802322,-4.059999942779541,-0.07000000029802322,0.07782922619598324,resting,null
23,right,755.6764615384616,1790837979142,9.552489280700684,-3.0820655822753906,0.26561281085014343,-0.07000000029802322,-4.059999942779541,-0.07000000029802322,0.08004161896489996,resting,null
23,right,755.6860769230769,1790837979142,9.526166915893555,-3.1107804775238037,0.31825676560401917,-0.07000000029802322,-4.059999942779541,-0.07000000029802322,0.08210810219158958,resting,null
23,right,755.6956923076923,1790837979142,9.55727481842041,-3.0940301418304443,0.27518442273139954,-0.07000000029802322,-4.059999942779541,-0.07000000029802322,0.08440020805378574,resting,null
23,right,755.7053076923078,1790837979142,9.569239616394043,-2.9839563369750977,0.2536482512950897,-0.07000000029802322,-4.059999942779541,-0.07000000029802322,0.0864727926844592,resting,null
23,left,768.186,1790837979215,-2.9600272178649902,-9.325162887573242,0.07896596938371658,-1.190000057220459,-1.2599999904632568,2.450000047683716,-0.029195485411744868,resting,null
23,left,768.1956153846154,1790837979215,-2.957634449005127,-9.320377349853516,0.11007377505302429,-1.190000057220459,-1.2599999904632568,2.450000047683716,-0.029447200417615615,resting,null
23,left,768.2052307692308,1790837979215,-2.9408841133117676,-9.286876678466797,0.1603248417377472,-1.190000057220459,-1.2599999904632568,2.450000047683716,-0.030048552077191055,resting,null
23,left,768.2148461538462,1790837979215,-2.931312322616577,-9.361056327819824,0.07178724557161331,-1.190000057220459,-1.2599999904632568,2.450000047683716,-0.03000700149523379,resting,null
23,left,768.2244615384616,1790837979215,-2.943276882171631,-9.337127685546875,0.1411815732717514,-1.190000057220459,-1.2599999904632568,2.450000047683716,-0.030142875631738356,resting,null
23,left,768.2340769230769,1790837979215,-3.0102784633636475,-9.322770118713379,0.16271774470806122,-1.190000057220459,-1.2599999904632568,2.450000047683716,-0.030212587552961218,resting,null
23,left,768.2436923076923,1790837979215,-3.000706672668457,-9.358663558959961,0.181861013174057,-1.190000057220459,-1.2599999904632568,2.450000047683716,-0.029978325527475883,resting,null
23,left,768.2533076923078,1790837979215,-3.015064239501953,-9.344305992126465,0.16750356554985046,-1.190000057220459,-1.2599999904632568,2.450000047683716,-0.029834930598293372,resting,null
23,right,755.715,1790837979218,9.569239616394043,-3.0653152465820312,0.25604116916656494,-0.07000000029802322,-4.340000152587891,-0.3499999940395355,0.0888022652919348,resting,null
23,right,755.7246153846154,1790837979218,9.528559684753418,-3.05574369430542,0.260826975107193,-0.07000000029802322,-4.340000152587891,-0.3499999940395355,0.09071309107358037,resting,null
23,right,755.7342307692307,1790837979218,9.545310020446777,-3.048564910888672,0.2632198929786682,-0.07000000029802322,-4.340000152587891,-0.3499999940395355,0.0927559364286959,resting,null
23,right,755.7438461538462,1790837979218,9.559667587280273,-3.0820655822753906,0.2919347882270813,-0.07000000029802322,-4.340000152587891,-0.3499999940395355,0.0950342677071834,resting,null
23,right,755.7534615384616,1790837979218,9.559667587280273,-3.0868513584136963,0.23450499773025513,-0.07000000029802322,-4.340000152587891,-0.3499999940395355,0.0973122185070908,resting,null
23,right,755.7630769230769,1790837979218,9.552489280700684,-3.120352268218994,0.26561281085014343,-0.07000000029802322,-4.340000152587891,-0.3499999940395355,0.09962950483021461,resting,null
23,right,755.7726923076923,1790837979218,9.55727481842041,-3.058136463165283,0.2010042816400528,-0.07000000029802322,-4.340000152587891,-0.3499999940395355,0.10179168016238338,resting,null
23,right,755.7823076923078,1790837979218,9.581204414367676,-3.0246357917785645,0.19621846079826355,-0.07000000029802322,-4.340000152587891,-0.3499999940395355,0.104073008823133,resting,null
23,right,755.79,1790837979292,9.564454078674316,-3.02942156791687,0.1914326548576355,-0.42000001668930054,-4.409999847412109,-0.49000000953674316,0.1057855220902353,resting,null
23,right,755.7996153846153,1790837979292,9.578810691833496,-3.027028799057007,0.2105759084224701,-0.42000001668930054,-4.409999847412109,-0.49000000953674316,0.10805338668586072,resting,null
23,right,755.8092307692307,1790837979292,9.588382720947266,-3.041386127471924,0.22014755010604858,-0.42000001668930054,-4.409999847412109,-0.49000000953674316,0.11045145084311049,resting,null
23,right,755.8188461538462,1790837979292,9.533346176147461,-3.027028799057007,0.19861137866973877,-0.42000001668930054,-4.409999847412109,-0.49000000953674316,0.11229828555491748,resting,null
23,right,755.8284615384615,1790837979292,9.48788070678711,-2.9959208965301514,0.18664683401584625,-0.42000001668930054,-4.409999847412109,-0.49000000953674316,0.11363536756186764,resting,null
23,right,755.8380769230769,1790837979292,9.507023811340332,-3.0389933586120605,0.19621846079826355,-0.42000001668930054,-4.409999847412109,-0.49000000953674316,0.11527403661044182,resting,null
23,right,755.8476923076922,1790837979292,9.48788070678711,-3.027028799057007,0.16750356554985046,-0.42000001668930054,-4.409999847412109,-0.49000000953674316,0.11669687782603715,resting,null
23,right,755.8573076923077,1790837979292,9.485487937927246,-3.0174570083618164,0.12921704351902008,-0.42000001668930054,-4.409999847412109,-0.49000000953674316,0.11806367886536058,resting,null
23,left,768.265,1790837979350,-2.9911351203918457,-9.36584186553955,0.1914326548576355,-1.0499999523162842,-1.2599999904632568,2.799999952316284,-0.02950163044920387,resting,null
23,left,768.2746153846153,1790837979350,-2.9815635681152344,-9.341913223266602,0.2010042816400528,-1.0499999523162842,-1.2599999904632568,2.799999952316284,-0.029472802487439533,resting,null
23,left,768.2842307692307,1790837979350,-3.0533506870269775,-9.356270790100098,0.1603248417377472,-1.0499999523162842,-1.2599999904632568,2.799999952316284,-0.02910778183809459,resting,null
23,left,768.2938461538462,1790837979350,-3.02942156791687,-9.346698760986328,0.1914326548576355,-1.0499999523162842,-1.2599999904632568,2.799999952316284,-0.028895915373222864,resting,null
23,left,768.3034615384615,1790837979350,-3.0389933586120605,-9.31319808959961,0.22732627391815186,-1.0499999523162842,-1.2599999904632568,2.799999952316284,-0.02895512486172279,resting,null
23,left,768.3130769230769,1790837979350,-2.9624202251434326,-9.337127685546875,0.23689790070056915,-1.0499999523162842,-1.2599999904632568,2.799999952316284,-0.029020539334985763,resting,null
23,left,768.3226923076923,1790837979350,-2.9767775535583496,-9.315590858459473,0.20818300545215607,-1.0499999523162842,-1.2599999904632568,2.799999952316284,-0.029245283899091975,resting,null
23,left,768.3323076923077,1790837979350,-3.0509579181671143,-9.356270790100098,0.19621846079826355,-1.0499999523162842,-1.2599999904632568,2.799999952316284,-0.028880919659375642,resting,null
23,right,755.866,1790837979367,9.45438003540039,-3.02942156791687,0.20579010248184204,-0.42000001668930054,-4.409999847412109,-0.49000000953674316,0.119082480282438,resting,null
23,right,755.8756153846153,1790837979367,9.432844161987305,-2.9552414417266846,0.1914326548576355,-0.42000001668930054,-4.409999847412109,-0.49000000953674316,0.11979390899387889,resting,null
23,right,755.8852307692307,1790837979367,9.39934253692627,-2.98634934425354,0.17707519233226776,-0.42000001668930054,-4.409999847412109,-0.49000000953674316,0.12028665827261008,resting,null
23,right,755.8948461538462,1790837979367,9.420879364013672,-2.9695990085601807,0.14357449114322662,-0.42000001668930054,-4.409999847412109,-0.49000000953674316,0.12092292664979146,resting,null
23,right,755.9044615384615,1790837979367,9.418486595153809,-2.9600272178649902,0.2010042816400528,-0.42000001668930054,-4.409999847412109,-0.49000000953674316,0.12151743229735691,resting,null
23,right,755.9140769230769,1790837979367,9.437629699707031,-2.957634449005127,0.16511066257953644,-0.42000001668930054,-4.409999847412109,-0.49000000953674316,0.12227530795449182,resting,null
23,right,755.9236923076922,1790837979367,9.341913223266602,-2.91695499420166,0.1603248417377472,-0.42000001668930054,-4.409999847412109,-0.49000000953674316,0.1220376037454342,resting,null
23,right,755.9333076923077,1790837979367,9.339520454406738,-2.8714897632598877,0.17468228936195374,-0.42000001668930054,-4.409999847412109,-0.49000000953674316,0.12165046137262508,resting,null
23,left,768.344,1790837979380,-3.0677082538604736,-9.341913223266602,0.1603248417377472,-0.9800000190734863,-1.0499999523162842,2.380000114440918,-0.028544593104747613,resting,null
23,left,768.3536153846154,1790837979380,-3.09881591796875,-9.370628356933594,0.2010042816400528,-0.9800000190734863,-1.0499999523162842,2.380000114440918,-0.027905223482436077,resting,null
23,left,768.3632307692308,1790837979380,-3.0940301418304443,-9.408914566040039,0.17946811020374298,-0.9800000190734863,-1.0499999523162842,2.380000114440918,-0.02693501842922159,resting,null
23,left,768.3728461538462,1790837979380,-3.120352268218994,-9.413700103759766,0.18903973698616028,-0.9800000190734863,-1.0499999523162842,2.380000114440918,-0.02584060887620302,resting,null
23,left,768.3824615384616,1790837979380,-3.0605294704437256,-9.320377349853516,0.22493335604667664,-0.9800000190734863,-1.0499999523162842,2.380000114440918,-0.025771843100286074,resting,null
23,left,768.392076923077,1790837979380,-3.105994701385498,-9.341913223266602,0.1722893863916397,-0.9800000190734863,-1.0499999523162842,2.380000114440918,-0.0253791110984901,resting,null
23,left,768.4016923076923,1790837979380,-3.134709596633911,-9.310805320739746,0.18903973698616028,-0.9800000190734863,-1.0499999523162842,2.380000114440918,-0.025179663200848204,resting,null
23,left,768.4113076923078,1790837979380,-3.146674156188965,-9.325162887573242,0.19861137866973877,-0.9800000190734863,-1.0499999523162842,2.380000114440918,-0.024810919681852988,resting,null
23,left,768.423,1790837979455,-3.163424491882324,-9.36823558807373,0.2010042816400528,-1.0499999523162842,-0.9100000262260437,2.380000114440918,-0.023822853956974796,resting,null
23,left,768.4326153846154,1790837979455,-3.146674156188965,-9.418486595153809,0.18903973698616028,-1.0499999523162842,-0.9100000262260437,2.380000114440918,-0.02260686136733809,resting,null
23,left,768.4422307692307,1790837979455,-3.141888380050659,-9.504631042480469,0.181861013174057,-1.0499999523162842,-0.9100000262260437,2.380000114440918,-0.020622390769961075,resting,null
23,left,768.4518461538462,1790837979455,-3.1179592609405518,-9.528559684753418,0.22014755010604858,-1.0499999523162842,-0.9100000262260437,2.380000114440918,-0.018485987444698815,resting,null
23,left,768.4614615384615,1790837979455,-3.0868513584136963,-9.562060356140137,0.17946811020374298,-1.0499999523162842,-0.9100000262260437,2.380000114440918,-0.016146371359579848,resting,null
23,left,768.4710769230769,1790837979455,-3.105994701385498,-9.523774147033691,0.2129688262939453,-1.0499999523162842,-0.9100000262260437,2.380000114440918,-0.014091930919865138,resting,null
23,left,768.4806923076923,1790837979455,-3.113173484802246,-9.483095169067383,0.17946811020374298,-1.0499999523162842,-0.9100000262260437,2.380000114440918,-0.012393884960221653,resting,null
23,left,768.4903076923077,1790837979455,-3.113173484802246,-9.466344833374023,0.17946811020374298,-1.0499999523162842,-0.9100000262260437,2.380000114440918,-0.010849425252069316,resting,null
23,right,755.942,1790837979458,9.329948425292969,-2.888240098953247,0.18903973698616028,-0.5600000023841858,-4.059999942779541,-0.699999988079071,0.12126655573827698,resting,null
23,right,755.9516153846154,1790837979458,9.377806663513184,-2.888240098953247,0.12682412564754486,-0.5600000023841858,-4.059999942779541,-0.699999988079071,0.1212722486516916,resting,null
23,right,755.9612307692307,1790837979458,9.442415237426758,-2.928919553756714,0.22493335604667664,-0.5600000023841858,-4.059999942779541,-0.699999988079071,0.12200048042506756,resting,null
23,right,755.9708461538462,1790837979458,9.528559684753418,-2.993528127670288,0.17946811020374298,-0.5600000023841858,-4.059999942779541,-0.699999988079071,0.12369672287802035,resting,null
23,right,755.9804615384616,1790837979458,9.518988609313965,-3.015064239501953,0.22732627391815186,-0.5600000023841858,-4.059999942779541,-0.699999988079071,0.12537341353214476,resting,null
23,right,755.9900769230769,1790837979458,9.511809349060059,-3.0724940299987793,0.2010042816400528,-0.5600000023841858,-4.059999942779541,-0.699999988079071,0.12714502171794145,resting,null
23,right,755.9996923076923,1790837979458,9.518988609313965,-3.0724940299987793,0.2010042816400528,-0.5600000023841858,-4.059999942779541,-0.699999988079071,0.1289827759892866,resting,null
23,right,756.0093076923077,1790837979458,9.507023811340332,-3.041386127471924,0.21775463223457336,-0.5600000023841858,-4.059999942779541,-0.699999988079071,0.13062338887888322,resting,null
23,right,756.018,1790837979533,9.509416580200195,-2.9983139038085938,0.181861013174057,-0.6299999952316284,-3.7100000381469727,-0.699999988079071,0.1320080768013192,resting,null
23,right,756.0276153846154,1790837979533,9.497451782226562,-2.9624202251434326,0.19382555782794952,-0.6299999952316284,-3.7100000381469727,-0.699999988079071,0.13332805506532763,resting,null
23,right,756.0372307692307,1790837979533,9.502238273620605,-2.924133777618408,0.17946811020374298,-0.6299999952316284,-3.7100000381469727,-0.699999988079071,0.1345795755804814,resting,null
23,right,756.0468461538462,1790837979533,9.535738945007324,-2.950455665588379,0.15314611792564392,-0.6299999952316284,-3.7100000381469727,-0.699999988079071,0.13620908989475777,resting,null
23,right,756.0564615384616,1790837979533,9.46155834197998,-2.9743847846984863,0.13639576733112335,-0.6299999952316284,-3.7100000381469727,-0.699999988079071,0.13722316811921753,resting,null
23,right,756.0660769230769,1790837979533,9.459165573120117,-2.9337053298950195,0.13878867030143738,-0.6299999952316284,-3.7100000381469727,-0.699999988079071,0.13809884431279648,resting,null
23,right,756.0756923076923,1790837979533,9.449594497680664,-2.957634449005127,0.11246667802333832,-0.6299999952316284,-3.7100000381469727,-0.699999988079071,0.13895134103496587,resting,null
23,right,756.0853076923078,1790837979533,9.430450439453125,-2.950455665588379,0.1005021408200264,-0.6299999952316284,-3.7100000381469727,-0.699999988079071,0.13960615271295373,resting,null
23,left,768.503,1790837979546,-3.0820655822753906,-9.47113037109375,0.20339718461036682,-1.6100000143051147,-0.6299999952316284,2.7300000190734863,-0.008871642093882248,resting,null
23,left,768.5126153846154,1790837979546,-3.1083877086639404,-9.47113037109375,0.20579010248184204,-1.6100000143051147,-0.6299999952316284,2.7300000190734863,-0.007294680887201982,resting,null
23,left,768.5222307692308,1790837979546,-3.1299238204956055,-9.406521797180176,0.22732627391815186,-1.6100000143051147,-0.6299999952316284,2.7300000190734863,-0.006238878708838478,resting,null
23,left,768.5318461538462,1790837979546,-3.1371026039123535,-9.36584186553955,0.25843408703804016,-1.6100000143051147,-0.6299999952316284,2.7300000190734863,-0.005526000639370831,resting,null
23,left,768.5414615384616,1790837979546,-3.120352268218994,-9.36823558807373,0.25843408703804016,-1.6100000143051147,-0.6299999952316284,2.7300000190734863,-0.004841884837700544,resting,null
23,left,768.551076923077,1790837979546,-3.0605294704437256,-9.38259220123291,0.27518442273139954,-1.6100000143051147,-0.6299999952316284,2.7300000190734863,-0.0042042815799828446,resting,null
23,left,768.5606923076923,1790837979546,-3.105994701385498,-9.36584186553955,0.19861137866973877,-1.6100000143051147,-0.6299999952316284,2.7300000190734863,-0.0035990917502187534,resting,null
23,left,768.5703076923078,1790837979546,-3.127530813217163,-9.39216423034668,0.22971917688846588,-1.6100000143051147,-0.6299999952316284,2.7300000190734863,-0.0026822674942586456,resting,null
23,right,756.093,1790837979593,9.480701446533203,-2.936098337173462,0.11485958844423294,-0.49000000953674316,-3.2899999618530273,-0.49000000953674316,0.14046704024915488,resting,null
23,right,756.1026153846153,1790837979593,9.47830867767334,-2.902597427368164,0.12921704351902008,-0.49000000953674316,-3.2899999618530273,-0.49000000953674316,0.14142713176520363,resting,null
23,right,756.1122307692307,1790837979593,9.516595840454102,-2.938491106033325,0.14596739411354065,-0.49000000953674316,-3.2899999618530273,-0.49000000953674316,0.14284217637576835,resting,null
23,right,756.1218461538461,1790837979593,9.46155834197998,-2.9983139038085938,0.17468228936195374,-0.49000000953674316,-3.2899999618530273,-0.49000000953674316,0.14392507013193104,resting,null
23,right,756.1314615384615,1790837979593,9.47113037109375,-2.9839563369750977,0.16511066257953644,-0.49000000953674316,-3.2899999618530273,-0.49000000953674316,0.14505392531388112,resting,null
23,right,756.1410769230769,1790837979593,9.449594497680664,-2.98634934425354,0.1411815732717514,-0.49000000953674316,-3.2899999618530273,-0.49000000953674316,0.14598911488824268,resting,null
23,right,756.1506923076922,1790837979593,9.456772804260254,-3.015064239501953,0.16750356554985046,-0.49000000953674316,-3.2899999618530273,-0.49000000953674316,0.14707604939845714,resting,null
23,right,756.1603076923077,1790837979593,9.504631042480469,-2.9959208965301514,0.17707519233226776,-0.49000000953674316,-3.2899999618530273,-0.49000000953674316,0.14854757647053363,resting,null
23,left,768.583,1790837979620,-3.1658174991607666,-9.396949768066406,0.20579010248184204,-1.6800000667572021,-0.3499999940395355,2.0999999046325684,-0.0012678051589289252,resting,null
23,left,768.5926153846153,1790837979620,-3.084458589553833,-9.423272132873535,0.22014755010604858,-1.6800000667572021,-0.3499999940395355,2.0999999046325684,-0.00020198221617874167,resting,null
23,left,768.6022307692307,1790837979620,-3.0102784633636475,-9.437629699707031,0.2225404530763626,-1.6800000667572021,-0.3499999940395355,2.0999999046325684,0.0007706370939368798,resting,null
23,left,768.6118461538462,1790837979620,-3.0509579181671143,-9.377806663513184,0.19382555782794952,-1.6800000667572021,-0.3499999940395355,2.0999999046325684,0.001315674676157071,resting,null
23,left,768.6214615384615,1790837979620,-3.0748867988586426,-9.380199432373047,0.2010042816400528,-1.6800000667572021,-0.3499999940395355,2.0999999046325684,0.001956219724581096,resting,null
23,left,768.6310769230769,1790837979620,-3.0964231491088867,-9.37541389465332,0.23929080367088318,-1.6800000667572021,-0.3499999940395355,2.0999999046325684,0.0026253073447498657,resting,null
23,left,768.6406923076922,1790837979620,-3.0509579181671143,-9.370628356933594,0.2010042816400528,-1.6800000667572021,-0.3499999940395355,2.0999999046325684,0.0031061940084374066,resting,null
23,left,768.6503076923077,1790837979620,-3.062922477722168,-9.40173625946045,0.24646952748298645,-1.6800000667572021,-0.3499999940395355,2.0999999046325684,0.003916138639151673,resting,null
23,right,756.17,1790837979668,9.502238273620605,-2.9983139038085938,0.10768086463212967,-0.6299999952316284,-2.7300000190734863,-0.3499999940395355,0.1500060284391048,resting,null
23,right,756.1796153846153,1790837979668,9.521381378173828,-2.9695990085601807,0.16511066257953644,-0.6299999952316284,-2.7300000190734863,-0.3499999940395355,0.15155199341790407,resting,null
23,right,756.1892307692307,1790837979668,9.509416580200195,-3.000706672668457,0.10768086463212967,-0.6299999952316284,-2.7300000190734863,-0.3499999940395355,0.15307021265023843,resting,null
23,right,756.1988461538461,1790837979668,9.559667587280273,-3.0892443656921387,0.0909305065870285,-0.6299999952316284,-2.7300000190734863,-0.3499999940395355,0.15530330466263573,resting,null
23,right,756.2084615384615,1790837979668,9.554882049560547,-3.105994701385498,0.10289505124092102,-0.6299999952316284,-2.7300000190734863,-0.3499999940395355,0.15754244753657443,resting,null
23,right,756.2180769230769,1790837979668,9.63624095916748,-3.1299238204956055,0.14357449114322662,-0.6299999952316284,-2.7300000190734863,-0.3499999940395355,0.16059992765789904,resting,null
23,right,756.2276923076922,1790837979668,9.597954750061035,-3.196925163269043,0,-0.6299999952316284,-2.7300000190734863,-0.3499999940395355,0.16349022840810673,resting,null
23,right,756.2373076923077,1790837979668,9.64581298828125,-3.16821026802063,0.01914326474070549,-0.6299999952316284,-2.7300000190734863,-0.3499999940395355,0.16673574151863074,resting,null
23,left,768.662,1790837979695,-3.0533506870269775,-9.442415237426758,0.27757734060287476,-1.8899999856948853,-0.14000000059604645,2.240000009536743,0.005326054560307983,resting,null
23,left,768.6716153846154,1790837979695,-3.0461719036102295,-9.430450439453125,0.3015064299106598,-1.8899999856948853,-0.14000000059604645,2.240000009536743,0.0063602604597259565,resting,null
23,left,768.6812307692308,1790837979695,-3.0318145751953125,-9.475915908813477,0.2943277060985565,-1.8899999856948853,-0.14000000059604645,2.240000009536743,0.007765515864776824,resting,null
23,left,768.6908461538462,1790837979695,-2.964813232421875,-9.564454078674316,0.30868515372276306,-1.8899999856948853,-0.14000000059604645,2.240000009536743,0.009784573472574526,resting,null
23,left,768.7004615384616,1790837979695,-2.943276882171631,-9.578810691833496,0.3350071310997009,-1.8899999856948853,-0.14000000059604645,2.240000009536743,0.011878372640048221,resting,null
23,left,768.7100769230769,1790837979695,-3.0030996799468994,-9.516595840454102,0.38525819778442383,-1.8899999856948853,-0.14000000059604645,2.240000009536743,0.013593009041345104,resting,null
23,left,768.7196923076923,1790837979695,-3.0030996799468994,-9.468737602233887,0.37807947397232056,-1.8899999856948853,-0.14000000059604645,2.240000009536743,0.014868643675044766,resting,null
23,left,768.7293076923078,1790837979695,-2.9767775535583496,-9.485487937927246,0.39961564540863037,-1.8899999856948853,-0.14000000059604645,2.240000009536743,0.016226211213050862,resting,null
23,right,756.246,1790837979743,9.605133056640625,-3.153852939605713,0.014357448555529118,-0.6299999952316284,-2.7300000190734863,-0.42000001668930054,0.16929447121311045,resting,null
23,right,756.2556153846153,1790837979743,9.569239616394043,-3.1251380443573,-0.0023929080925881863,-0.6299999952316284,-2.7300000190734863,-0.42000001668930054,0.17171049536990748,resting,null
23,right,756.2652307692307,1790837979743,9.590775489807129,-3.0461719036102295,0.03350071236491203,-0.6299999952316284,-2.7300000190734863,-0.42000001668930054,0.17409062258657856,resting,null
23,right,756.2748461538462,1790837979743,9.559667587280273,-3.0126712322235107,-0.016750356182456017,-0.6299999952316284,-2.7300000190734863,-0.42000001668930054,0.17608608249463464,resting,null
23,right,756.2844615384615,1790837979743,9.528559684753418,-3.0389933586120605,-0.014357448555529118,-0.6299999952316284,-2.7300000190734863,-0.42000001668930054,0.17787355932251023,resting,null
23,right,756.2940769230769,1790837979743,9.456772804260254,-3.1179592609405518,0.05264397710561752,-0.6299999952316284,-2.7300000190734863,-0.42000001668930054,0.1792354790806008,resting,null
23,right,756.3036923076922,1790837979743,9.466344833374023,-3.0892443656921387,0.011964540928602219,-0.6299999952316284,-2.7300000190734863,-0.42000001668930054,0.18060036845183525,resting,null
23,right,756.3133076923077,1790837979743,9.411307334899902,-3.1012089252471924,0.04307234659790993,-0.6299999952316284,-2.7300000190734863,-0.42000001668930054,0.18149753705175842,resting,null
23,left,768.741,1790837979770,-2.957634449005127,-9.387378692626953,0.3804723918437958,-2.0999999046325684,-0.07000000029802322,2.240000009536743,0.016711987637443096,resting,null
23,left,768.7506153846153,1790837979770,-2.91695499420166,-9.380199432373047,0.3804723918437958,-2.0999999046325684,-0.07000000029802322,2.240000009536743,0.016927243324948382,resting,null
23,left,768.7602307692307,1790837979770,-2.852346420288086,-9.361056327819824,0.363722026348114,-2.0999999046325684,-0.07000000029802322,2.240000009536743,0.016774662730044916,resting,null
23,left,768.7698461538462,1790837979770,-2.8643109798431396,-9.389771461486816,0.4044014811515808,-2.0999999046325684,-0.07000000029802322,2.240000009536743,0.01693361790586846,resting,null
23,left,768.7794615384615,1790837979770,-2.8427748680114746,-9.346698760986328,0.3445787727832794,-2.0999999046325684,-0.07000000029802322,2.240000009536743,0.016619166610347416,resting,null
23,left,768.7890769230769,1790837979770,-2.823631525039673,-9.341913223266602,0.27757734060287476,-2.0999999046325684,-0.07000000029802322,2.240000009536743,0.016187119620382908,resting,null
23,left,768.7986923076922,1790837979770,-2.8475606441497803,-9.337127685546875,0.29672059416770935,-2.0999999046325684,-0.07000000029802322,2.240000009536743,0.015787537132773893,resting,null
23,left,768.8083076923077,1790837979770,-2.816452741622925,-9.36584186553955,0.25843408703804016,-2.0999999046325684,-0.07000000029802322,2.240000009536743,0.015552451377428616,resting,null
23,right,756.321,1790837979817,9.418486595153809,-3.0653152465820312,0.09332341700792313,-0.42000001668930054,-3.009999990463257,-0.699999988079071,0.18218300413003197,resting,null
23,right,756.3306153846154,1790837979817,9.428057670593262,-3.0940301418304443,0.11007377505302429,-0.42000001668930054,-3.009999990463257,-0.699999988079071,0.18321317896807357,resting,null
23,right,756.3402307692307,1790837979817,9.432844161987305,-3.1323165893554688,0.11964540183544159,-0.42000001668930054,-3.009999990463257,-0.699999988079071,0.184401604132103,resting,null
23,right,756.3498461538462,1790837979817,9.437629699707031,-3.0796728134155273,0.14836029708385468,-0.42000001668930054,-3.009999990463257,-0.699999988079071,0.1854782329925818,resting,null
23,right,756.3594615384616,1790837979817,9.463951110839844,-3.1371026039123535,0.1316099464893341,-0.42000001668930054,-3.009999990463257,-0.699999988079071,0.1869661155764973,resting,null
23,right,756.3690769230769,1790837979817,9.442415237426758,-3.1442811489105225,0.181861013174057,-0.42000001668930054,-3.009999990463257,-0.699999988079071,0.18828141078150326,resting,null
23,right,756.3786923076923,1790837979817,9.497451782226562,-3.0748867988586426,0.19382555782794952,-0.42000001668930054,-3.009999990463257,-0.699999988079071,0.18989344789278692,resting,null
23,right,756.3883076923078,1790837979817,9.499845504760742,-3.0940301418304443,0.18903973698616028,-0.42000001668930054,-3.009999990463257,-0.699999988079071,0.19158439626383258,resting,null
23,right,756.397,1790837979893,9.444808006286621,-3.0796728134155273,0.24646952748298645,-0.42000001668930054,-2.7300000190734863,-0.8400000333786011,0.19262381669260478,resting,null
23,right,756.4066153846154,1790837979893,9.48788070678711,-3.0820655822753906,0.2416837215423584,-0.42000001668930054,-2.7300000190734863,-0.8400000333786011,0.19417476815805323,resting,null
23,right,756.4162307692308,1790837979893,9.46155834197998,-3.1323165893554688,0.23929080367088318,-0.42000001668930054,-2.7300000190734863,-0.8400000333786011,0.19563519445324298,resting,null
23,right,756.4258461538462,1790837979893,9.459165573120117,-3.120352268218994,0.27997025847435,-0.42000001668930054,-2.7300000190734863,-0.8400000333786011,0.19704275017648243,resting,null
23,right,756.4354615384616,1790837979893,9.475915908813477,-3.1371026039123535,0.2895418703556061,-0.42000001668930054,-2.7300000190734863,-0.8400000333786011,0.19865515076146903,resting,null
23,right,756.445076923077,1790837979893,9.45438003540039,-3.163424491882324,0.2823631465435028,-0.42000001668930054,-2.7300000190734863,-0.8400000333786011,0.20014934462419345,resting,null
23,right,756.4546923076923,1790837979893,9.490273475646973,-3.1514599323272705,0.2919347882270813,-0.42000001668930054,-2.7300000190734863,-0.8400000333786011,0.2019375694276166,resting,null
23,right,756.4643076923078,1790837979893,9.466344833374023,-3.1179592609405518,0.3206496834754944,-0.42000001668930054,-2.7300000190734863,-0.8400000333786011,0.2034114992976498,resting,null
23,left,768.82,1790837979905,-2.8355960845947266,-9.404129028320312,0.26561281085014343,-2.0299999713897705,-0.14000000059604645,2.240000009536743,0.015764761012740113,resting,null
23,left,768.8296153846154,1790837979905,-2.8068811893463135,-9.447200775146484,0.2512553632259369,-2.0299999713897705,-0.14000000059604645,2.240000009536743,0.01625052104293714,resting,null
23,left,768.8392307692308,1790837979905,-2.866703987121582,-9.425664901733398,0.21775463223457336,-2.0299999713897705,-0.14000000059604645,2.240000009536743,0.016699870360797463,resting,null
23,left,768.8488461538462,1790837979905,-2.852346420288086,-9.423272132873535,0.20579010248184204,-2.0299999713897705,-0.14000000059604645,2.240000009536743,0.017084334491745717,resting,null
23,left,768.8584615384616,1790837979905,-2.8714897632598877,-9.40173625946045,0.181861013174057,-2.0299999713897705,-0.14000000059604645,2.240000009536743,0.01732003544321409,resting,null
23,left,768.868076923077,1790837979905,-2.8858470916748047,-9.411307334899902,0.15793193876743317,-2.0299999713897705,-0.14000000059604645,2.240000009536743,0.017679712034100025,resting,null
23,left,768.8776923076923,1790837979905,-2.9265265464782715,-9.363449096679688,0.11485958844423294,-2.0299999713897705,-0.14000000059604645,2.240000009536743,0.01770748129326064,resting,null
23,left,768.8873076923078,1790837979905,-2.8786685466766357,-9.387378692626953,0.11964540183544159,-2.0299999713897705,-0.14000000059604645,2.240000009536743,0.017821264752167627,resting,null
23,left,768.899,1790837979935,-2.833203077316284,-9.370628356933594,0.1005021408200264,-2.1700000762939453,-0.07000000029802322,2.7300000190734863,0.017613617383222632,resting,null
23,left,768.9086153846154,1790837979935,-2.8260245323181152,-9.389771461486816,0.09810923039913177,-2.1700000762939453,-0.07000000029802322,2.7300000190734863,0.017599204782437206,resting,null
23,left,768.9182307692307,1790837979935,-2.8834543228149414,-9.387378692626953,0.03828652948141098,-2.1700000762939453,-0.07000000029802322,2.7300000190734863,0.017718062889550922,resting,null
23,left,768.9278461538462,1790837979935,-2.866703987121582,-9.322770118713379,0.07418014854192734,-2.1700000762939453,-0.07000000029802322,2.7300000190734863,0.017201361584712367,resting,null
23,left,768.9374615384615,1790837979935,-2.8834543228149414,-9.308412551879883,0.08853759616613388,-2.1700000762939453,-0.07000000029802322,2.7300000190734863,0.016602371206181087,resting,null
23,left,768.9470769230769,1790837979935,-2.8978116512298584,-9.325162887573242,0.07418014854192734,-2.1700000762939453,-0.07000000029802322,2.7300000190734863,0.016197163130987402,resting,null
23,left,768.9566923076923,1790837979935,-2.9121692180633545,-9.294054985046387,0.059822700917720795,-2.1700000762939453,-0.07000000029802322,2.7300000190734863,0.015546887453616503,resting,null
23,left,768.9663076923077,1790837979935,-2.928919553756714,-9.334734916687012,0.09332341700792313,-2.1700000762939453,-0.07000000029802322,2.7300000190734863,0.015320549928354106,resting,null
23,right,756.473,1790837979982,9.39216423034668,-3.1299238204956055,0.3206496834754944,-0.3499999940395355,-2.940000057220459,-1.0499999523162842,0.20416442160111772,resting,null
23,right,756.4826153846153,1790837979982,9.45438003540039,-3.0820655822753906,0.30868515372276306,-0.3499999940395355,-2.940000057220459,-1.0499999523162842,0.20542165632217066,resting,null
23,right,756.4922307692307,1790837979982,9.483095169067383,-3.05574369430542,0.3326142132282257,-0.3499999940395355,-2.940000057220459,-1.0499999523162842,0.20686713523005387,resting,null
23,right,756.5018461538461,1790837979982,9.490273475646973,-3.0509579181671143,0.3206496834754944,-0.3499999940395355,-2.940000057220459,-1.0499999523162842,0.20836277541867176,resting,null
23,right,756.5114615384615,1790837979982,9.547703742980957,-3.0940301418304443,0.3134709596633911,-0.3499999940395355,-2.940000057220459,-1.0499999523162842,0.21051061376647273,resting,null
23,right,756.5210769230769,1790837979982,9.605133056640625,-3.0796728134155273,0.30868515372276306,-0.3499999940395355,-2.940000057220459,-1.0499999523162842,0.21313984751631115,resting,null
23,right,756.5306923076922,1790837979982,9.631455421447754,-3.0940301418304443,0.31586387753486633,-0.3499999940395355,-2.940000057220459,-1.0499999523162842,0.21605342693327922,resting,null
23,right,756.5403076923077,1790837979982,9.633848190307617,-3.084458589553833,0.3326142132282257,-0.3499999940395355,-2.940000057220459,-1.0499999523162842,0.218963525602232,resting,null
23,left,768.978,1790837980010,-2.9672060012817383,-9.301233291625977,0.059822700917720795,-2.1700000762939453,-0.5600000023841858,2.870000123977661,0.014804028780417231,resting,null
23,left,768.9876153846153,1790837980010,-2.9695990085601807,-9.337127685546875,0.07896596938371658,-2.1700000762939453,-0.5600000023841858,2.870000123977661,0.014716656872018535,resting,null
23,left,768.9972307692307,1790837980010,-3.02942156791687,-9.39934253692627,0.0909305065870285,-2.1700000762939453,-0.5600000023841858,2.870000123977661,0.015374889418792637,resting,null
23,left,769.0068461538461,1790837980010,-2.9552414417266846,-9.377806663513184,0.07896596938371658,-2.1700000762939453,-0.5600000023841858,2.870000123977661,0.015617734830685246,resting,null
23,left,769.0164615384615,1790837980010,-2.9408841133117676,-9.40173625946045,0.06221561133861542,-2.1700000762939453,-0.5600000023841858,2.870000123977661,0.01603709516507878,resting,null
23,left,769.0260769230769,1790837980010,-2.9983139038085938,-9.389771461486816,0.10528795421123505,-2.1700000762939453,-0.5600000023841858,2.870000123977661,0.016516961858471853,resting,null
23,left,769.0356923076922,1790837980010,-2.9983139038085938,-9.411307334899902,0.11964540183544159,-2.1700000762939453,-0.5600000023841858,2.870000123977661,0.017195237827786456,resting,null
23,left,769.0453076923077,1790837980010,-2.9887421131134033,-9.36823558807373,0.11246667802333832,-2.1700000762939453,-0.5600000023841858,2.870000123977661,0.01745044847545697,resting,null
23,right,756.55,1790837980043,9.655384063720703,-3.084458589553833,0.29911351203918457,-0.2800000011920929,-2.870000123977661,-1.2599999904632568,0.2220881492158942,resting,null
23,right,756.5596153846153,1790837980043,9.686491966247559,-3.09881591796875,0.30868515372276306,-0.2800000011920929,-2.870000123977661,-1.2599999904632568,0.22551612396757323,resting,null
23,right,756.5692307692307,1790837980043,9.679313659667969,-3.0605294704437256,0.2632198929786682,-0.2800000011920929,-2.870000123977661,-1.2599999904632568,0.22875508868593242,resting,null
23,right,756.5788461538461,1790837980043,9.688884735107422,-3.0940301418304443,0.2703986167907715,-0.2800000011920929,-2.870000123977661,-1.2599999904632568,0.23218014027462264,resting,null
23,right,756.5884615384615,1790837980043,9.633848190307617,-3.09881591796875,0.2703986167907715,-0.2800000011920929,-2.870000123977661,-1.2599999904632568,0.23511414178424533,resting,null
23,right,756.5980769230769,1790837980043,9.641026496887207,-3.0677082538604736,0.24886244535446167,-0.2800000011920929,-2.870000123977661,-1.2599999904632568,0.23801633631216465,resting,null
23,right,756.6076923076922,1790837980043,9.64581298828125,-3.05574369430542,0.22014755010604858,-0.2800000011920929,-2.870000123977661,-1.2599999904632568,0.24091978055539728,resting,null
23,right,756.6173076923077,1790837980043,9.602740287780762,-3.019850015640259,0.22732627391815186,-0.2800000011920929,-2.870000123977661,-1.2599999904632568,0.24332488714234074,resting,null
23,left,769.058,1790837980101,-2.9911351203918457,-9.36823558807373,0.12443122267723083,-1.8899999856948853,-0.42000001668930054,2.5899999141693115,0.017798192594808873,resting,null
23,left,769.0676153846154,1790837980101,-2.979170560836792,-9.39934253692627,0.16271774470806122,-1.8899999856948853,-0.42000001668930054,2.5899999141693115,0.018315865284417348,resting,null
23,left,769.0772307692307,1790837980101,-2.971991777420044,-9.339520454406738,0.1914326548576355,-1.8899999856948853,-0.42000001668930054,2.5899999141693115,0.018268750998284237,resting,null
23,left,769.0868461538462,1790837980101,-2.9672060012817383,-9.28926944732666,0.16271774470806122,-1.8899999856948853,-0.42000001668930054,2.5899999141693115,0.017744257416501468,resting,null
23,left,769.0964615384615,1790837980101,-3.0102784633636475,-9.250982284545898,0.18903973698616028,-1.8899999856948853,-0.42000001668930054,2.5899999141693115,0.017000415870868615,resting,null
23,left,769.1060769230769,1790837980101,-3.0246357917785645,-9.188767433166504,0.14596739411354065,-1.8899999856948853,-0.42000001668930054,2.5899999141693115,0.01572493029455814,resting,null
23,left,769.1156923076923,1790837980101,-2.9552414417266846,-9.248589515686035,0.22014755010604858,-1.8899999856948853,-0.42000001668930054,2.5899999141693115,0.014802521896983433,resting,null
23,left,769.1253076923077,1790837980101,-3.0030996799468994,-9.231839179992676,0.18664683401584625,-1.8899999856948853,-0.42000001668930054,2.5899999141693115,0.013864416170094524,resting,null
23,right,756.625,1790837980135,9.530953407287598,-3.0054924488067627,0.2010042816400528,-0.5600000023841858,-3.1500000953674316,-1.399999976158142,0.24468437564365716,resting,null
23,right,756.6346153846154,1790837980135,9.545310020446777,-2.928919553756714,0.18664683401584625,-0.5600000023841858,-3.1500000953674316,-1.399999976158142,0.24629205120654787,resting,null
23,right,756.6442307692307,1790837980135,9.547703742980957,-2.9624202251434326,0.14836029708385468,-0.5600000023841858,-3.1500000953674316,-1.399999976158142,0.2480105616758064,resting,null
23,right,756.6538461538462,1790837980135,9.490273475646973,-2.9480626583099365,0.17946811020374298,-0.5600000023841858,-3.1500000953674316,-1.399999976158142,0.24916563243809647,resting,null
23,right,756.6634615384615,1790837980135,9.509416580200195,-2.950455665588379,0.20579010248184204,-0.5600000023841858,-3.1500000953674316,-1.399999976158142,0.25050736535657947,resting,null
23,right,756.6730769230769,1790837980135,9.526166915893555,-2.9528486728668213,0.17707519233226776,-0.5600000023841858,-3.1500000953674316,-1.399999976158142,0.25200386996245516,resting,null
23,right,756.6826923076923,1790837980135,9.480701446533203,-2.964813232421875,0.17707519233226776,-0.5600000023841858,-3.1500000953674316,-1.399999976158142,0.2531166410833728,resting,null
23,right,756.6923076923077,1790837980135,9.507023811340332,-2.9815635681152344,0.16511066257953644,-0.5600000023841858,-3.1500000953674316,-1.399999976158142,0.2545164690619759,resting,null
23,left,769.137,1790837980176,-3.0246357917785645,-9.284482955932617,0.22971917688846588,-1.8899999856948853,-0.6299999952316284,2.6600000858306885,0.013396549857318009,resting,null
23,left,769.1466153846153,1790837980176,-2.9911351203918457,-9.255768775939941,0.20339718461036682,-1.8899999856948853,-0.6299999952316284,2.6600000858306885,0.012645557671741208,resting,null
23,left,769.1562307692307,1790837980176,-3.0102784633636475,-9.274911880493164,0.15793193876743317,-1.8899999856948853,-0.6299999952316284,2.6600000858306885,0.01211867179041859,resting,null
23,left,769.1658461538461,1790837980176,-3.02942156791687,-9.246196746826172,0.19621846079826355,-1.8899999856948853,-0.6299999952316284,2.6600000858306885,0.011393389987494307,resting,null
23,left,769.1754615384615,1790837980176,-3.036600351333618,-9.361056327819824,0.17946811020374298,-1.8899999856948853,-0.6299999952316284,2.6600000858306885,0.0117361940056721,resting,null
23,left,769.1850769230768,1790837980176,-3.09881591796875,-9.344305992126465,0.1603248417377472,-1.8899999856948853,-0.6299999952316284,2.6600000858306885,0.012108459816574262,resting,null
23,left,769.1946923076922,1790837980176,-3.062922477722168,-9.320377349853516,0.1722893863916397,-1.8899999856948853,-0.6299999952316284,2.6600000858306885,0.012156559840347072,resting,null
23,left,769.2043076923077,1790837980176,-3.09881591796875,-9.325162887573242,0.13878867030143738,-1.8899999856948853,-0.6299999952316284,2.6600000858306885,0.012351279596766929,resting,null
23,right,756.701,1790837980208,9.509416580200195,-2.9743847846984863,0.20818300545215607,-0.3499999940395355,-3.430000066757202,-1.5399999618530273,0.2557888513610483,resting,null
23,right,756.7106153846154,1790837980208,9.516595840454102,-2.950455665588379,0.24407662451267242,-0.3499999940395355,-3.430000066757202,-1.5399999618530273,0.2571993180721123,resting,null
23,right,756.7202307692307,1790837980208,9.533346176147461,-2.938491106033325,0.2321120798587799,-0.3499999940395355,-3.430000066757202,-1.5399999618530273,0.2587271367867725,resting,null
23,right,756.7298461538462,1790837980208,9.528559684753418,-2.9145619869232178,0.23929080367088318,-0.3499999940395355,-3.430000066757202,-1.5399999618530273,0.26014406917368993,resting,null
23,right,756.7394615384616,1790837980208,9.4950590133667,-2.8571321964263916,0.20579010248184204,-0.3499999940395355,-3.430000066757202,-1.5399999618530273,0.26108487866741115,resting,null
23,right,756.7490769230769,1790837980208,9.528559684753418,-2.895418882369995,0.2416837215423584,-0.3499999940395355,-3.430000066757202,-1.5399999618530273,0.2624480801024854,resting,null
23,right,756.7586923076923,1790837980208,9.504631042480469,-2.859525203704834,0.26561281085014343,-0.3499999940395355,-3.430000066757202,-1.5399999618530273,0.2634951265744293,resting,null
23,right,756.7683076923078,1790837980208,9.559667587280273,-2.888240098953247,0.23450499773025513,-0.3499999940395355,-3.430000066757202,-1.5399999618530273,0.2651224500078836,resting,null
23,left,769.216,1790837980251,-3.1012089252471924,-9.370628356933594,0.11964540183544159,-1.8200000524520874,-0.7699999809265137,2.940000057220459,0.013098016302724448,resting,null
23,left,769.2256153846154,1790837980251,-3.120352268218994,-9.353878021240234,0.1411815732717514,-1.8200000524520874,-0.7699999809265137,2.940000057220459,0.013619997391001315,resting,null
23,left,769.2352307692307,1790837980251,-3.163424491882324,-9.36823558807373,0.08853759616613388,-1.8200000524520874,-0.7699999809265137,2.940000057220459,0.014397635122263311,resting,null
23,left,769.2448461538462,1790837980251,-3.175389051437378,-9.36823558807373,0.10528795421123505,-1.8200000524520874,-0.7699999809265137,2.940000057220459,0.015214013105295462,resting,null
23,left,769.2544615384616,1790837980251,-3.2136754989624023,-9.361056327819824,0.12443122267723083,-1.8200000524520874,-0.7699999809265137,2.940000057220459,0.016085344558819475,resting,null
23,left,769.2640769230769,1790837980251,-3.2232472896575928,-9.346698760986328,0.1005021408200264,-1.8200000524520874,-0.7699999809265137,2.940000057220459,0.016853296990644168,resting,null
23,left,769.2736923076923,1790837980251,-3.251962184906006,-9.37541389465332,0.07418014854192734,-1.8200000524520874,-0.7699999809265137,2.940000057220459,0.017969473107715066,resting,null
23,left,769.2833076923077,1790837980251,-3.189746379852295,-9.413700103759766,0.09571632742881775,-1.8200000524520874,-0.7699999809265137,2.940000057220459,0.019240627978086868,resting,null
23,right,756.777,1790837980284,9.55009651184082,-2.8499536514282227,0.30629223585128784,-0.21000000834465027,-3.2899999618530273,-1.75,0.26643046066078274,resting,null
23,right,756.7866153846154,1790837980284,9.518988609313965,-2.830810308456421,0.23689790070056915,-0.21000000834465027,-3.2899999618530273,-1.75,0.26752385602099266,resting,null
23,right,756.7962307692308,1790837980284,9.504631042480469,-2.797309637069702,0.34936457872390747,-0.21000000834465027,-3.2899999618530273,-1.75,0.26841661358854874,resting,null
23,right,756.8058461538462,1790837980284,9.514202117919922,-2.823631525039673,0.2632198929786682,-0.21000000834465027,-3.2899999618530273,-1.75,0.26945169968809884,resting,null
23,right,756.8154615384616,1790837980284,9.526166915893555,-2.8475606441497803,0.28714898228645325,-0.21000000834465027,-3.2899999618530273,-1.75,0.2706679478731396,resting,null
23,right,756.825076923077,1790837980284,9.547703742980957,-2.873882532119751,0.3326142132282257,-0.21000000834465027,-3.2899999618530273,-1.75,0.27216533078248006,resting,null
23,right,756.8346923076923,1790837980284,9.490273475646973,-2.8619179725646973,0.31586387753486633,-0.21000000834465027,-3.2899999618530273,-1.75,0.2730969784097293,resting,null
23,right,756.8443076923078,1790837980284,9.485487937927246,-2.8714897632598877,0.27518442273139954,-0.21000000834465027,-3.2899999618530273,-1.75,0.2740009304030392,resting,null
23,left,769.296,1790837980326,-3.1801748275756836,-9.39216423034668,0.10768086463212967,-2.0299999713897705,-0.699999988079071,2.940000057220459,0.020621860450816314,resting,null
23,left,769.3056153846154,1790837980326,-3.1801748275756836,-9.387378692626953,0.08853759616613388,-2.0299999713897705,-0.699999988079071,2.940000057220459,0.021622675107894528,resting,null
23,left,769.3152307692308,1790837980326,-3.153852939605713,-9.396949768066406,0.09332341700792313,-2.0299999713897705,-0.699999988079071,2.940000057220459,0.022629493867007633,resting,null
23,left,769.3248461538462,1790837980326,-3.259140729904175,-9.411307334899902,0.055036887526512146,-2.0299999713897705,-0.699999988079071,2.940000057220459,0.024089168801917554,resting,null
23,left,769.3344615384616,1790837980326,-3.2352118492126465,-9.387378692626953,0.08375178277492523,-2.0299999713897705,-0.699999988079071,2.940000057220459,0.02525893874975028,resting,null
23,left,769.344076923077,1790837980326,-3.2280330657958984,-9.363449096679688,0.04307234659790993,-2.0299999713897705,-0.699999988079071,2.940000057220459,0.02618563460115147,resting,null
23,left,769.3536923076923,1790837980326,-3.232818841934204,-9.334734916687012,0.04307234659790993,-2.0299999713897705,-0.699999988079071,2.940000057220459,0.026866240130177056,resting,null
23,left,769.3633076923078,1790837980326,-3.1945323944091797,-9.356270790100098,0.07178724557161331,-2.0299999713897705,-0.699999988079071,2.940000057220459,0.027623537608909687,resting,null
23,right,756.853,1790837980358,9.502238273620605,-2.8499536514282227,0.31825676560401917,0,-3.1500000953674316,-1.6800000667572021,0.27491340100984524,resting,null
23,right,756.8626153846153,1790837980358,9.492666244506836,-2.845167636871338,0.31825676560401917,0,-3.1500000953674316,-1.6800000667572021,0.2758214046981437,resting,null
23,right,756.8722307692307,1790837980358,9.533346176147461,-2.8068811893463135,0.2943277060985565,0,-3.1500000953674316,-1.6800000667572021,0.2769922879284062,resting,null
23,right,756.8818461538461,1790837980358,9.480701446533203,-2.823631525039673,0.30868515372276306,0,-3.1500000953674316,-1.6800000667572021,0.2777277406874769,resting,null
23,right,756.8914615384615,1790837980358,9.538131713867188,-2.8643109798431396,0.32543548941612244,0,-3.1500000953674316,-1.6800000667572021,0.27910801997400964,resting,null
23,right,756.9010769230769,1790837980358,9.485487937927246,-2.8284173011779785,0.2823631465435028,0,-3.1500000953674316,-1.6800000667572021,0.27989240433580553,resting,null
23,right,756.9106923076922,1790837980358,9.55009651184082,-2.8284173011779785,0.3038993179798126,0,-3.1500000953674316,-1.6800000667572021,0.2812772368421623,resting,null
23,right,756.9203076923077,1790837980358,9.526166915893555,-2.8284173011779785,0.32543548941612244,0,-3.1500000953674316,-1.6800000667572021,0.28244719766562015,resting,null
23,left,769.375,1790837980461,-3.2711052894592285,-9.341913223266602,0.06221561133861542,-2.309999942779541,-0.699999988079071,2.870000123977661,0.028677564492311475,resting,null
23,left,769.3846153846154,1790837980461,-3.2854628562927246,-9.37541389465332,0.03828652948141098,-2.309999942779541,-0.699999988079071,2.870000123977661,0.029892428375322033,resting,null
23,left,769.3942307692307,1790837980461,-3.2902486324310303,-9.351485252380371,0.04307234659790993,-2.309999942779541,-0.699999988079071,2.870000123977661,0.03090511747726416,resting,null
23,left,769.4038461538462,1790837980461,-3.2376046180725098,-9.31319808959961,0.055036887526512146,-2.309999942779541,-0.699999988079071,2.870000123977661,0.03140295896728648,resting,null
23,left,769.4134615384615,1790837980461,-3.261533737182617,-9.303627014160156,0.06939433515071869,-2.309999942779541,-0.699999988079071,2.870000123977661,0.03189082183463559,resting,null
23,left,769.4230769230769,1790837980461,-3.2304258346557617,-9.294054985046387,0.08375178277492523,-2.309999942779541,-0.699999988079071,2.870000123977661,0.032193659108704996,resting,null
23,left,769.4326923076923,1790837980461,-3.247176170349121,-9.282090187072754,0.07896596938371658,-2.309999942779541,-0.699999988079071,2.870000123977661,0.03244098318229115,resting,null
23,left,769.4423076923077,1790837980461,-3.2280330657958984,-9.234231948852539,0.12921704351902008,-2.309999942779541,-0.699999988079071,2.870000123977661,0.03219720042584454,resting,null
23,right,756.928,1790837980478,9.56684684753418,-2.775773286819458,0.32782840728759766,0.07000000029802322,-2.870000123977661,-1.75,0.2835686733570391,resting,null
23,right,756.9376153846154,1790837980478,9.518988609313965,-2.8068811893463135,0.3421858549118042,0.07000000029802322,-2.870000123977661,-1.75,0.28461795848591515,resting,null
23,right,756.9472307692307,1790837980478,9.48788070678711,-2.804488182067871,0.2943277060985565,0.07000000029802322,-2.870000123977661,-1.75,0.28535966806403523,resting,null
23,right,756.9568461538462,1790837980478,9.504631042480469,-2.8260245323181152,0.2919347882270813,0.07000000029802322,-2.870000123977661,-1.75,0.28631345918174084,resting,null
23,right,756.9664615384615,1790837980478,9.485487937927246,-2.804488182067871,0.24646952748298645,0.07000000029802322,-2.870000123977661,-1.75,0.28701947678599676,resting,null
23,right,756.9760769230769,1790837980478,9.514202117919922,-2.7949166297912598,0.23929080367088318,0.07000000029802322,-2.870000123977661,-1.75,0.28796220885080975,resting,null
23,right,756.9856923076923,1790837980478,9.526166915893555,-2.7733805179595947,0.3015064299106598,0.07000000029802322,-2.870000123977661,-1.75,0.28897218790893575,resting,null
23,right,756.9953076923077,1790837980478,9.55009651184082,-2.7662017345428467,0.26800569891929626,0.07000000029802322,-2.870000123977661,-1.75,0.2901748734340254,resting,null
23,left,769.455,1790837980491,-3.244783401489258,-9.250982284545898,0.10528795421123505,-2.450000047683716,-0.7699999809265137,2.799999952316284,0.032144292058904976,resting,null
23,left,769.4646153846154,1790837980491,-3.3141777515411377,-9.270126342773438,0.08853759616613388,-2.450000047683716,-0.7699999809265137,2.799999952316284,0.03249838496243634,resting,null
23,left,769.4742307692308,1790837980491,-3.2974274158477783,-9.241411209106445,0.06939433515071869,-2.450000047683716,-0.7699999809265137,2.799999952316284,0.032537181843336614,resting,null
23,left,769.4838461538462,1790837980491,-3.2902486324310303,-9.29644775390625,0.11964540183544159,-2.450000047683716,-0.7699999809265137,2.799999952316284,0.033055120237911566,resting,null
23,left,769.4934615384616,1790837980491,-3.3261423110961914,-9.274911880493164,0.08614469319581985,-2.450000047683716,-0.7699999809265137,2.799999952316284,0.03349103588764338,resting,null
23,left,769.503076923077,1790837980491,-3.3117847442626953,-9.274911880493164,0.07418014854192734,-2.450000047683716,-0.7699999809265137,2.799999952316284,0.03387930927714342,resting,null
23,left,769.5126923076923,1790837980491,-3.3117847442626953,-9.308412551879883,0.06700142472982407,-2.450000047683716,-0.7699999809265137,2.799999952316284,0.03457017813960637,resting,null
23,left,769.5223076923078,1790837980491,-3.2854628562927246,-9.29644775390625,0.11246667802333832,-2.450000047683716,-0.7699999809265137,2.799999952316284,0.035070762302713034,resting,null
23,right,757.005,1790837980508,9.56684684753418,-2.703986167907715,0.2536482512950897,0,-2.7300000190734863,-1.6800000667572021,0.29137161863952243,resting,null
23,right,757.0146153846154,1790837980508,9.595561027526855,-2.739879846572876,0.30629223585128784,0,-2.7300000190734863,-1.6800000667572021,0.2929326700839472,resting,null
23,right,757.0242307692307,1790837980508,9.64581298828125,-2.735093832015991,0.2895418703556061,0,-2.7300000190734863,-1.6800000667572021,0.2949405707725364,resting,null
23,right,757.0338461538462,1790837980508,9.609918594360352,-2.7374868392944336,0.284756064414978,0,-2.7300000190734863,-1.6800000667572021,0.29662118587674996,resting,null
23,right,757.0434615384615,1790837980508,9.621883392333984,-2.7374868392944336,0.28714898228645325,0,-2.7300000190734863,-1.6800000667572021,0.29841222791381855,resting,null
23,right,757.0530769230769,1790837980508,9.629061698913574,-2.72552227973938,0.24646952748298645,0,-2.7300000190734863,-1.6800000667572021,0.30022673186448273,resting,null
23,right,757.0626923076923,1790837980508,9.597954750061035,-2.7279152870178223,0.29672059416770935,0,-2.7300000190734863,-1.6800000667572021,0.3017722504927527,resting,null
23,right,757.0723076923077,1790837980508,9.626668930053711,-2.7231295108795166,0.24646952748298645,0,-2.7300000190734863,-1.6800000667572021,0.30355691172144317,resting,null
23,left,769.534,1790837980566,-3.273498296737671,-9.325162887573242,0.06460852175951004,-2.5199999809265137,-0.7699999809265137,2.799999952316284,0.03594497555577866,resting,null
23,left,769.5436153846154,1790837980566,-3.309391975402832,-9.29644775390625,0.09571632742881775,-2.5199999809265137,-0.7699999809265137,2.799999952316284,0.036520823886866685,resting,null
23,left,769.5532307692307,1790837980566,-3.342892646789551,-9.303627014160156,0.08853759616613388,-2.5199999809265137,-0.7699999809265137,2.799999952316284,0.0372692380996653,resting,null
23,left,769.5628461538462,1790837980566,-3.2926416397094727,-9.258161544799805,0.09810923039913177,-2.5199999809265137,-0.7699999809265137,2.799999952316284,0.03744415780448244,resting,null
23,left,769.5724615384615,1790837980566,-3.3333208560943604,-9.253376007080078,0.07418014854192734,-2.5199999809265137,-0.7699999809265137,2.799999952316284,0.03770558249057164,resting,null
23,left,769.5820769230769,1790837980566,-3.3189635276794434,-9.246196746826172,0.08614469319581985,-2.5199999809265137,-0.7699999809265137,2.799999952316284,0.03785620922851835,resting,null
23,left,769.5916923076923,1790837980566,-3.3357138633728027,-9.229446411132812,0.08135887235403061,-2.5199999809265137,-0.7699999809265137,2.799999952316284,0.03790945777580017,resting,null
23,left,769.6013076923077,1790837980566,-3.3069989681243896,-9.22705364227295,0.06460852175951004,-2.5199999809265137,-0.7699999809265137,2.799999952316284,0.03784620988163039,resting,null
23,right,757.081,1790837980583,9.681706428527832,-2.7638089656829834,0.27997025847435,0.21000000834465027,-2.7300000190734863,-1.5399999618530273,0.30573347296447384,resting,null
23,right,757.0906153846154,1790837980583,9.65299129486084,-2.747058391571045,0.26561281085014343,0.21000000834465027,-2.7300000190734863,-1.5399999618530273,0.30782699435289346,resting,null
23,right,757.1002307692307,1790837980583,9.600347518920898,-2.7566301822662354,0.30629223585128784,0.21000000834465027,-2.7300000190734863,-1.5399999618530273,0.3094690284595179,resting,null
23,right,757.1098461538462,1790837980583,9.585989952087402,-2.703986167907715,0.2895418703556061,0.21000000834465027,-2.7300000190734863,-1.5399999618530273,0.31083481730685664,resting,null
23,right,757.1194615384616,1790837980583,9.56684684753418,-2.7303080558776855,0.2919347882270813,0.21000000834465027,-2.7300000190734863,-1.5399999618530273,0.3120929065679679,resting,null
23,right,757.1290769230769,1790837980583,9.629061698913574,-2.72552227973938,0.31825676560401917,0.21000000834465027,-2.7300000190734863,-1.5399999618530273,0.31392015686818886,resting,null
23,right,757.1386923076923,1790837980583,9.65299129486084,-2.7231295108795166,0.27757734060287476,0.21000000834465027,-2.7300000190734863,-1.5399999618530273,0.31595023805666517,resting,null
23,right,757.1483076923078,1790837980583,9.638633728027344,-2.732701063156128,0.30868515372276306,0.21000000834465027,-2.7300000190734863,-1.5399999618530273,0.3178800774736653,resting,null
23,left,769.613,1790837980656,-3.3141777515411377,-9.248589515686035,0.055036887526512146,-2.450000047683716,-0.7699999809265137,2.7300000190734863,0.03803406172225864,resting,null
23,left,769.6226153846154,1790837980656,-3.3189635276794434,-9.241411209106445,0.07657305896282196,-2.450000047683716,-0.7699999809265137,2.7300000190734863,0.038140388977751294,resting,null
23,left,769.6322307692308,1790837980656,-3.3069989681243896,-9.234231948852539,0.06939433515071869,-2.450000047683716,-0.7699999809265137,2.7300000190734863,0.03814248718271362,resting,null
23,left,769.6418461538462,1790837980656,-3.287855625152588,-9.253376007080078,0.10289505124092102,-2.450000047683716,-0.7699999809265137,2.7300000190734863,0.03825826210212484,resting,null
23,left,769.6514615384616,1790837980656,-3.323749303817749,-9.236625671386719,0.14836029708385468,-2.450000047683716,-0.7699999809265137,2.7300000190734863,0.03834276621948431,resting,null
23,left,769.661076923077,1790837980656,-3.366821765899658,-9.243803977966309,0.11485958844423294,-2.450000047683716,-0.7699999809265137,2.7300000190734863,0.03863000479618395,resting,null
23,left,769.6706923076923,1790837980656,-3.4027152061462402,-9.239018440246582,0.07896596938371658,-2.450000047683716,-0.7699999809265137,2.7300000190734863,0.03898900174494429,resting,null
23,left,769.6803076923078,1790837980656,-3.381179094314575,-9.20073127746582,0.0909305065870285,-2.450000047683716,-0.7699999809265137,2.7300000190734863,0.038932784876823924,resting,null
23,right,757.157,1790837980658,9.66016960144043,-2.732701063156128,0.24407662451267242,0.2800000011920929,-2.6600000858306885,-1.4700000286102295,0.3197883780934698,resting,null
23,right,757.1666153846154,1790837980658,9.64341926574707,-2.7494513988494873,0.284756064414978,0.2800000011920929,-2.6600000858306885,-1.4700000286102295,0.3217979587048953,resting,null
23,right,757.1762307692308,1790837980658,9.631455421447754,-2.747058391571045,0.2416837215423584,0.2800000011920929,-2.6600000858306885,-1.4700000286102295,0.3236788396042579,resting,null
23,right,757.1858461538462,1790837980658,9.672134399414062,-2.7422726154327393,0.2321120798587799,0.2800000011920929,-2.6600000858306885,-1.4700000286102295,0.32592014724549573,resting,null
23,right,757.1954615384616,1790837980658,9.674527168273926,-2.754237174987793,0.2703986167907715,0.2800000011920929,-2.6600000858306885,-1.4700000286102295,0.3282228700395992,resting,null
23,right,757.205076923077,1790837980658,9.6697416305542,-2.699200391769409,0.30868515372276306,0.2800000011920929,-2.6600000858306885,-1.4700000286102295,0.3303458490476351,resting,null
23,right,757.2146923076923,1790837980658,9.66256332397461,-2.670485496520996,0.2919347882270813,0.2800000011920929,-2.6600000858306885,-1.4700000286102295,0.33232326534356776,resting,null
23,right,757.2243076923078,1790837980658,9.672134399414062,-2.663306713104248,0.2632198929786682,0.2800000011920929,-2.6600000858306885,-1.4700000286102295,0.3343632411447715,resting,null
23,left,769.692,1790837980731,-3.350071430206299,-9.205517768859863,0.11246667802333832,-2.5899999141693115,-0.8400000333786011,3.009999990463257,0.03879453016481311,resting,null
23,left,769.7016153846154,1790837980731,-3.350071430206299,-9.174409866333008,0.09332341700792313,-2.5899999141693115,-0.8400000333786011,3.009999990463257,0.03839830324492534,resting,null
23,left,769.7112307692307,1790837980731,-3.350071430206299,-9.145694732666016,0.11246667802333832,-2.5899999141693115,-0.8400000333786011,3.009999990463257,0.03774493721219125,resting,null
23,left,769.7208461538462,1790837980731,-3.385964870452881,-9.112194061279297,0.12203831225633621,-2.5899999141693115,-0.8400000333786011,3.009999990463257,0.036909798913045515,resting,null
23,left,769.7304615384616,1790837980731,-3.378786325454712,-9.083478927612305,0.03110780566930771,-2.5899999141693115,-0.8400000333786011,3.009999990463257,0.03578454841738326,resting,null
23,left,769.7400769230769,1790837980731,-3.364428758621216,-9.081086158752441,0.11485958844423294,-2.5899999141693115,-0.8400000333786011,3.009999990463257,0.03459769727235286,resting,null
23,left,769.7496923076923,1790837980731,-3.4098939895629883,-9.102622032165527,0.07657305896282196,-2.5899999141693115,-0.8400000333786011,3.009999990463257,0.033754371118268275,resting,null
23,left,769.7593076923077,1790837980731,-3.4601449966430664,-9.076300621032715,0.08614469319581985,-2.5899999141693115,-0.8400000333786011,3.009999990463257,0.032845278281638995,resting,null
23,right,757.232,1790837980733,9.619490623474121,-2.6752712726593018,0.2536482512950897,0.14000000059604645,-2.940000057220459,-1.399999976158142,0.33562747781117636,resting,null
23,right,757.2416153846153,1790837980733,9.64341926574707,-2.615448474884033,0.22732627391815186,0.14000000059604645,-2.940000057220459,-1.399999976158142,0.33726979474772606,resting,null
23,right,757.2512307692307,1790837980733,9.605133056640625,-2.620234251022339,0.3038993179798126,0.14000000059604645,-2.940000057220459,-1.399999976158142,0.3385867231933406,resting,null
23,right,757.2608461538462,1790837980733,9.545310020446777,-2.6537351608276367,0.3110780417919159,0.14000000059604645,-2.940000057220459,-1.399999976158142,0.33943623534317285,resting,null
23,right,757.2704615384615,1790837980733,9.583597183227539,-2.6369848251342773,0.27757734060287476,0.14000000059604645,-2.940000057220459,-1.399999976158142,0.340589518478509,resting,null
23,right,757.2800769230769,1790837980733,9.569239616394043,-2.584340810775757,0.3206496834754944,0.14000000059604645,-2.940000057220459,-1.399999976158142,0.34148681037944606,resting,null
23,right,757.2896923076922,1790837980733,9.602740287780762,-2.601091146469116,0.29911351203918457,0.14000000059604645,-2.940000057220459,-1.399999976158142,0.34273147352287525,resting,null
23,right,757.2993076923077,1790837980733,9.629061698913574,-2.6034839153289795,0.3613291084766388,0.14000000059604645,-2.940000057220459,-1.399999976158142,0.3442427491680495,resting,null
23,left,769.771,1790837980807,-3.476895570755005,-9.102622032165527,0.04307234659790993,-2.1700000762939453,-1.1200000047683716,2.870000123977661,0.032094748608001065,resting,null
23,left,769.7806153846153,1790837980807,-3.4601449966430664,-9.162445068359375,0.06939433515071869,-2.1700000762939453,-1.1200000047683716,2.870000123977661,0.03196037256222388,resting,null
23,left,769.7902307692307,1790837980807,-3.462538003921509,-9.195945739746094,0.047858163714408875,-2.1700000762939453,-1.1200000047683716,2.870000123977661,0.03213413256612385,resting,null
23,left,769.7998461538461,1790837980807,-3.457752227783203,-9.188767433166504,0.0502510704100132,-2.1700000762939453,-1.1200000047683716,2.870000123977661,0.032227215980011936,resting,null
23,left,769.8094615384615,1790837980807,-3.469716787338257,-9.19355297088623,0.03350071236491203,-2.1700000762939453,-1.1200000047683716,2.870000123977661,0.03240315298366208,resting,null
23,left,769.8190769230769,1790837980807,-3.4936459064483643,-9.21748161315918,0.08375178277492523,-2.1700000762939453,-1.1200000047683716,2.870000123977661,0.03287746239843718,resting,null
23,left,769.8286923076922,1790837980807,-3.4888598918914795,-9.188767433166504,0.0502510704100132,-2.1700000762939453,-1.1200000047683716,2.870000123977661,0.033075888608789974,resting,null
23,left,769.8383076923077,1790837980807,-3.469716787338257,-9.21987533569336,0.055036887526512146,-2.1700000762939453,-1.1200000047683716,2.870000123977661,0.0334888453418852,resting,null
23,right,757.308,1790837980823,9.664956092834473,-2.627413034439087,0.28714898228645325,0.21000000834465027,-3.009999990463257,-1.399999976158142,0.3459454399180771,resting,null
23,right,757.3176153846154,1790837980823,9.686491966247559,-2.6298060417175293,0.29911351203918457,0.21000000834465027,-3.009999990463257,-1.399999976158142,0.34803707467961525,resting,null
23,right,757.3272307692307,1790837980823,9.743921279907227,-2.6106626987457275,0.32543548941612244,0.21000000834465027,-3.009999990463257,-1.399999976158142,0.35062007986152605,resting,null
23,right,757.3368461538462,1790837980823,9.72238540649414,-2.6082699298858643,0.3134709596633911,0.21000000834465027,-3.009999990463257,-1.399999976158142,0.3529926470427231,resting,null
23,right,757.3464615384615,1790837980823,9.72238540649414,-2.6106626987457275,0.31586387753486633,0.21000000834465027,-3.009999990463257,-1.399999976158142,0.3553707638391476,resting,null
23,right,757.3560769230769,1790837980823,9.758278846740723,-2.598698139190674,0.32543548941612244,0.21000000834465027,-3.009999990463257,-1.399999976158142,0.3580540187732642,resting,null
23,right,757.3656923076923,1790837980823,9.72238540649414,-2.6034839153289795,0.30868515372276306,0.21000000834465027,-3.009999990463257,-1.399999976158142,0.3604096799624118,resting,null
23,right,757.3753076923077,1790837980823,9.758278846740723,-2.6537351608276367,0.31586387753486633,0.21000000834465027,-3.009999990463257,-1.399999976158142,0.36322470576579535,resting,null
23,left,769.851,1790837980880,-3.476895570755005,-9.267732620239258,0.07178724557161331,-2.1700000762939453,-0.9800000190734863,2.940000057220459,0.03463517395410993,resting,null
23,left,769.8606153846154,1790837980880,-3.484074115753174,-9.282090187072754,0.05264397710561752,-2.1700000762939453,-0.9800000190734863,2.940000057220459,0.03565571972637989,resting,null
23,left,769.8702307692307,1790837980880,-3.5391111373901367,-9.246196746826172,0.02632198855280876,-2.1700000762939453,-0.9800000190734863,2.940000057220459,0.03653895507791709,resting,null
23,left,769.8798461538462,1790837980880,-3.5151820182800293,-9.212696075439453,0.06460852175951004,-2.1700000762939453,-0.9800000190734863,2.940000057220459,0.037041187686041366,resting,null
23,left,769.8894615384615,1790837980880,-3.54150390625,-9.150480270385742,0.016750356182456017,-2.1700000762939453,-0.9800000190734863,2.940000057220459,0.03707319036833446,resting,null
23,left,769.8990769230769,1790837980880,-3.5438969135284424,-9.160052299499512,0.04546525329351425,-2.1700000762939453,-0.9800000190734863,2.940000057220459,0.03720090730650841,resting,null
23,left,769.9086923076923,1790837980880,-3.462538003921509,-9.176802635192871,0.009571632370352745,-2.1700000762939453,-0.9800000190734863,2.940000057220459,0.03719717566760017,resting,null
23,left,769.9183076923077,1790837980880,-3.4745025634765625,-9.128944396972656,0.016750356182456017,-2.1700000762939453,-0.9800000190734863,2.940000057220459,0.0368058340296486,resting,null
23,right,757.384,1790837980882,9.758278846740723,-2.615448474884033,0.30868515372276306,0.07000000029802322,-3.0799999237060547,-1.399999976158142,0.36568008136069685,resting,null
23,right,757.3936153846154,1790837980882,9.765458106994629,-2.5891265869140625,0.3038993179798126,0.07000000029802322,-3.0799999237060547,-1.399999976158142,0.36839501043531614,resting,null
23,right,757.4032307692307,1790837980882,9.746315002441406,-2.5604116916656494,0.3206496834754944,0.07000000029802322,-3.0799999237060547,-1.399999976158142,0.37086525319747293,resting,null
23,right,757.4128461538462,1790837980882,9.75588607788086,-2.5628044605255127,0.32782840728759766,0.07000000029802322,-3.0799999237060547,-1.399999976158142,0.3734313534761507,resting,null
23,right,757.4224615384616,1790837980882,9.674527168273926,-2.5675904750823975,0.32543548941612244,0.07000000029802322,-3.0799999237060547,-1.399999976158142,0.37525159044690437,resting,null
23,right,757.4320769230769,1790837980882,9.679313659667969,-2.5675904750823975,0.31825676560401917,0.07000000029802322,-3.0799999237060547,-1.399999976158142,0.37711328510971254,resting,null
23,right,757.4416923076923,1790837980882,9.612311363220215,-2.5197322368621826,0.2919347882270813,0.07000000029802322,-3.0799999237060547,-1.399999976158142,0.3782266055772267,resting,null
23,right,757.4513076923078,1790837980882,9.602740287780762,-2.5460541248321533,0.35893622040748596,0.07000000029802322,-3.0799999237060547,-1.399999976158142,0.37933486902817815,resting,null
23,right,757.461,1790837980959,9.609918594360352,-2.5412683486938477,0.3350071310997009,0.14000000059604645,-3.3600001335144043,-1.399999976158142,0.38049983965539225,resting,null
23,right,757.4706153846154,1790837980959,9.578810691833496,-2.5388755798339844,0.32543548941612244,0.14000000059604645,-3.3600001335144043,-1.399999976158142,0.38135738644339573,resting,null
23,right,757.4802307692307,1790837980959,9.571632385253906,-2.486231565475464,0.3206496834754944,0.14000000059604645,-3.3600001335144043,-1.399999976158142,0.3820176502781531,resting,null
23,right,757.4898461538462,1790837980959,9.607525825500488,-2.514946460723877,0.339792937040329,0.14000000059604645,-3.3600001335144043,-1.399999976158142,0.38308715968190293,resting,null
23,right,757.4994615384616,1790837980959,9.607525825500488,-2.481445789337158,0.38525819778442383,0.14000000059604645,-3.3600001335144043,-1.399999976158142,0.3840895544084082,resting,null
23,right,757.5090769230769,1790837980959,9.631455421447754,-2.493410348892212,0.29911351203918457,0.14000000059604645,-3.3600001335144043,-1.399999976158142,0.38531581333295634,resting,null
23,right,757.5186923076923,1790837980959,9.64581298828125,-2.5388755798339844,0.37807947397232056,0.14000000059604645,-3.3600001335144043,-1.399999976158142,0.3868092864214055,resting,null
23,right,757.5283076923077,1790837980959,9.676919937133789,-2.54366135597229,0.3517574965953827,0.14000000059604645,-3.3600001335144043,-1.399999976158142,0.388594923658155,resting,null
23,left,769.93,1790837981017,-3.5319323539733887,-9.083478927612305,0.03828652948141098,-2.240000009536743,-1.0499999523162842,3.009999990463257,0.036075719751633664,resting,null
23,left,769.9396153846153,1790837981017,-3.5032174587249756,-9.059550285339355,0.03110780566930771,-2.240000009536743,-1.0499999523162842,3.009999990463257,0.035161557889254916,resting,null
23,left,769.9492307692307,1790837981017,-3.5151820182800293,-9.078693389892578,0.035893622785806656,-2.240000009536743,-1.0499999523162842,3.009999990463257,0.03446109225874579,resting,null
23,left,769.9588461538461,1790837981017,-3.5295393466949463,-9.026049613952637,0.02632198855280876,-2.240000009536743,-1.0499999523162842,3.009999990463257,0.033339124458162325,resting,null
23,left,769.9684615384615,1790837981017,-3.486467123031616,-9.05237102508545,0.009571632370352745,-2.240000009536743,-1.0499999523162842,3.009999990463257,0.03230311376489036,resting,null
23,left,769.9780769230769,1790837981017,-3.5223608016967773,-9.083478927612305,-0.01914326474070549,-2.240000009536743,-1.0499999523162842,3.009999990463257,0.0316710957500676,resting,null
23,left,769.9876923076922,1790837981017,-3.486467123031616,-9.11458683013916,0.011964540928602219,-2.240000009536743,-1.0499999523162842,3.009999990463257,0.031193759021987268,resting,null
23,left,769.9973076923077,1790837981017,-3.5654330253601074,-9.128944396972656,0.016750356182456017,-2.240000009536743,-1.0499999523162842,3.009999990463257,0.031119799151612674,resting,null
23,right,757.536,1790837981035,9.664956092834473,-2.5484471321105957,0.3732936680316925,0.21000000834465027,-3.1500000953674316,-1.399999976158142,0.38994892671204734,resting,null
23,right,757.5456153846153,1790837981035,9.729564666748047,-2.5604116916656494,0.3613291084766388,0.21000000834465027,-3.1500000953674316,-1.399999976158142,0.39226644245296904,resting,null
23,right,757.5552307692307,1790837981035,9.765458106994629,-2.5532329082489014,0.3924369215965271,0.21000000834465027,-3.1500000953674316,-1.399999976158142,0.3949094610834716,resting,null
23,right,757.5648461538461,1790837981035,9.784601211547852,-2.5173392295837402,0.3206496834754944,0.21000000834465027,-3.1500000953674316,-1.399999976158142,0.39761847912365145,resting,null
23,right,757.5744615384615,1790837981035,9.736742973327637,-2.5197322368621826,0.34697166085243225,0.21000000834465027,-3.1500000953674316,-1.399999976158142,0.3998956676853911,resting,null
23,right,757.5840769230769,1790837981035,9.710420608520508,-2.457516670227051,0.3948298394680023,0.21000000834465027,-3.1500000953674316,-1.399999976158142,0.40179397888932733,resting,null
23,right,757.5936923076922,1790837981035,9.765458106994629,-2.457516670227051,0.3804723918437958,0.21000000834465027,-3.1500000953674316,-1.399999976158142,0.40419937845183046,resting,null
23,right,757.6033076923077,1790837981035,9.7391357421875,-2.5029819011688232,0.39004403352737427,0.21000000834465027,-3.1500000953674316,-1.399999976158142,0.406470164138474,resting,null
23,left,770.009,1790837981046,-3.527146577835083,-9.143301963806152,-0.0023929080925881863,-1.8899999856948853,-1.0499999523162842,3.009999990463257,0.03102414450612104,resting,null
23,left,770.0186153846154,1790837981046,-3.5750045776367188,-9.160052299499512,0.0023929080925881863,-1.8899999856948853,-1.0499999523162842,3.009999990463257,0.03126214233252905,resting,null
23,left,770.0282307692307,1790837981046,-3.5797905921936035,-9.203125,-0.011964540928602219,-1.8899999856948853,-1.0499999523162842,3.009999990463257,0.03190249409482845,resting,null
23,left,770.0378461538462,1790837981046,-3.5750045776367188,-9.207910537719727,-0.021536173298954964,-1.8899999856948853,-1.0499999523162842,3.009999990463257,0.03256891241818295,resting,null
23,left,770.0474615384616,1790837981046,-3.5941479206085205,-9.174409866333008,-0.035893622785806656,-1.8899999856948853,-1.0499999523162842,3.009999990463257,0.033002300440094216,resting,null
23,left,770.0570769230769,1790837981046,-3.5462896823883057,-9.167230606079102,-0.023929081857204437,-1.8899999856948853,-1.0499999523162842,3.009999990463257,0.033203666524963704,resting,null
23,left,770.0666923076923,1790837981046,-3.632434368133545,-9.174409866333008,-0.009571632370352745,-1.8899999856948853,-1.0499999523162842,3.009999990463257,0.03377037739000449,resting,null
23,left,770.0763076923078,1790837981046,-3.6300415992736816,-9.172017097473145,-0.0023929080925881863,-1.8899999856948853,-1.0499999523162842,3.009999990463257,0.034307349419307645,resting,null
23,right,757.612,1790837981108,9.777422904968262,-2.4551236629486084,0.36611494421958923,0.21000000834465027,-3.7100000381469727,-1.2599999904632568,0.40873432921941516,resting,null
23,right,757.6216153846153,1790837981108,9.767850875854492,-2.464695453643799,0.40918728709220886,0.21000000834465027,-3.7100000381469727,-1.2599999904632568,0.4111862875146748,resting,null
23,right,757.6312307692307,1790837981108,9.770243644714355,-2.4407663345336914,0.382865309715271,0.21000000834465027,-3.7100000381469727,-1.2599999904632568,0.41359420187429585,resting,null
23,right,757.6408461538462,1790837981108,9.686491966247559,-2.424015998840332,0.3445787727832794,0.21000000834465027,-3.7100000381469727,-1.2599999904632568,0.4151684158066687,resting,null
23,right,757.6504615384615,1790837981108,9.72238540649414,-2.4359803199768066,0.39961564540863037,0.21000000834465027,-3.7100000381469727,-1.2599999904632568,0.41712288357854277,resting,null
23,right,757.6600769230769,1790837981108,9.736742973327637,-2.452730894088745,0.38525819778442383,0.21000000834465027,-3.7100000381469727,-1.2599999904632568,0.4192445863070969,resting,null
23,right,757.6696923076922,1790837981108,9.696063995361328,-2.4120514392852783,0.363722026348114,0.21000000834465027,-3.7100000381469727,-1.2599999904632568,0.4208839672724541,resting,null
23,right,757.6793076923077,1790837981108,9.6697416305542,-2.467088222503662,0.32782840728759766,0.21000000834465027,-3.7100000381469727,-1.2599999904632568,0.42239335898820785,resting,null
23,left,770.088,1790837981121,-3.6204700469970703,-9.21748161315918,-0.040679436177015305,-1.8899999856948853,-1.190000057220459,3.1500000953674316,0.0354143158291559,resting,null
23,left,770.0976153846153,1790837981121,-3.596540927886963,-9.10740852355957,-0.05742979422211647,-1.8899999856948853,-1.190000057220459,3.1500000953674316,0.03525649251495084,resting,null
23,left,770.1072307692307,1790837981121,-3.6132912635803223,-9.088264465332031,-0.03828652948141098,-1.8899999856948853,-1.190000057220459,3.1500000953674316,0.03498609577798536,resting,null
23,left,770.1168461538462,1790837981121,-3.6228628158569336,-9.061943054199219,-0.059822700917720795,-1.8899999856948853,-1.190000057220459,3.1500000953674316,0.03451596967133258,resting,null
23,left,770.1264615384615,1790837981121,-3.6085054874420166,-9.076300621032715,-0.016750356182456017,-1.8899999856948853,-1.190000057220459,3.1500000953674316,0.034120975222878075,resting,null
23,left,770.1360769230769,1790837981121,-3.56782603263855,-9.069121360778809,-0.05742979422211647,-1.8899999856948853,-1.190000057220459,3.1500000953674316,0.03351950599659114,resting,null
23,left,770.1456923076922,1790837981121,-3.555861473083496,-9.093050956726074,-0.02632198855280876,-1.8899999856948853,-1.190000057220459,3.1500000953674316,0.033088560760812936,resting,null
23,left,770.1553076923077,1790837981121,-3.56782603263855,-9.064335823059082,-0.016750356182456017,-1.8899999856948853,-1.190000057220459,3.1500000953674316,0.03244360430144069,resting,null
23,right,757.688,1790837981183,9.648205757141113,-2.4623024463653564,0.37568655610084534,0.2800000011920929,-3.7100000381469727,-0.9800000190734863,0.4235805885634591,resting,null
23,right,757.6976153846153,1790837981183,9.63624095916748,-2.4766597747802734,0.3445787727832794,0.2800000011920929,-3.7100000381469727,-0.9800000190734863,0.4248057674288853,resting,null
23,right,757.7072307692307,1790837981183,9.655384063720703,-2.4407663345336914,0.36850783228874207,0.2800000011920929,-3.7100000381469727,-0.9800000190734863,0.4261320854530541,resting,null
23,right,757.7168461538462,1790837981183,9.629061698913574,-2.4981961250305176,0.3445787727832794,0.2800000011920929,-3.7100000381469727,-0.9800000190734863,0.4273406814478661,resting,null
23,right,757.7264615384615,1790837981183,9.64341926574707,-2.4623024463653564,0.35893622040748596,0.2800000011920929,-3.7100000381469727,-0.9800000190734863,0.42860212470473685,resting,null
23,right,757.7360769230769,1790837981183,9.66256332397461,-2.5053746700286865,0.3206496834754944,0.2800000011920929,-3.7100000381469727,-0.9800000190734863,0.43013119335625966,resting,null
23,right,757.7456923076923,1790837981183,9.624276161193848,-2.4981961250305176,0.3732936680316925,0.2800000011920929,-3.7100000381469727,-0.9800000190734863,0.43130346424832466,resting,null
23,right,757.7553076923077,1790837981183,9.624276161193848,-2.5125534534454346,0.363722026348114,0.2800000011920929,-3.7100000381469727,-0.9800000190734863,0.4325068235923581,resting,null
23,left,770.168,1790837981211,-3.5941479206085205,-9.054763793945312,-0.01914326474070549,-1.8200000524520874,-1.2599999904632568,2.870000123977661,0.03160324321141358,resting,null
23,left,770.1776153846154,1790837981211,-3.61089825630188,-9.026049613952637,-0.0023929080925881863,-1.8200000524520874,-1.2599999904632568,2.870000123977661,0.030769904789684006,resting,null
23,left,770.1872307692307,1790837981211,-3.6156840324401855,-9.042799949645996,0.016750356182456017,-1.8200000524520874,-1.2599999904632568,2.870000123977661,0.03010353731887034,resting,null
23,left,770.1968461538462,1790837981211,-3.6013267040252686,-9.059550285339355,-0.007178724277764559,-1.8200000524520874,-1.2599999904632568,2.870000123977661,0.029535983306320457,resting,null
23,left,770.2064615384616,1790837981211,-3.548682689666748,-9.05237102508545,-0.028714897111058235,-1.8200000524520874,-1.2599999904632568,2.870000123977661,0.028718179518201426,resting,null
23,left,770.2160769230769,1790837981211,-3.56782603263855,-9.095443725585938,-0.035893622785806656,-1.8200000524520874,-1.2599999904632568,2.870000123977661,0.02835404253059363,resting,null
23,left,770.2256923076923,1790837981211,-3.555861473083496,-9.088264465332031,0.023929081857204437,-1.8200000524520874,-1.2599999904632568,2.870000123977661,0.027882653881547304,resting,null
23,left,770.2353076923077,1790837981211,-3.5606472492218018,-9.172017097473145,0.014357448555529118,-1.8200000524520874,-1.2599999904632568,2.870000123977661,0.02817784371261834,resting,null
23,right,757.764,1790837981258,9.66256332397461,-2.5197322368621826,0.35654330253601074,0.49000000953674316,-3.7799999713897705,-0.699999988079071,0.43392974486933117,resting,null
23,right,757.7736153846154,1790837981258,9.6697416305542,-2.584340810775757,0.3709007501602173,0.49000000953674316,-3.7799999713897705,-0.699999988079071,0.4357314371574055,resting,null
23,right,757.7832307692307,1790837981258,9.633848190307617,-2.6034839153289795,0.35893622040748596,0.49000000953674316,-3.7799999713897705,-0.699999988079071,0.4372424282134538,resting,null
23,right,757.7928461538462,1790837981258,9.674527168273926,-2.6656997203826904,0.3134709596633911,0.49000000953674316,-3.7799999713897705,-0.699999988079071,0.43926965567997445,resting,null
23,right,757.8024615384616,1790837981258,9.6697416305542,-2.6321988105773926,0.38525819778442383,0.49000000953674316,-3.7799999713897705,-0.699999988079071,0.4411928594712788,resting,null
23,right,757.8120769230769,1790837981258,9.657776832580566,-2.601091146469116,0.35893622040748596,0.49000000953674316,-3.7799999713897705,-0.699999988079071,0.4429190356286093,resting,null
23,right,757.8216923076923,1790837981258,9.597954750061035,-2.5675904750823975,0.36611494421958923,0.49000000953674316,-3.7799999713897705,-0.699999988079071,0.4440086680229518,resting,null
23,right,757.8313076923077,1790837981258,9.655384063720703,-2.529303789138794,0.3709007501602173,0.49000000953674316,-3.7799999713897705,-0.699999988079071,0.4455380079265721,resting,null
23,left,770.247,1790837981286,-3.56782603263855,-9.181588172912598,0,-1.6100000143051147,-1.1200000047683716,2.7300000190734863,0.02867236164922378,resting,null
23,left,770.2566153846153,1790837981286,-3.5175747871398926,-9.243803977966309,0.021536173298954964,-1.6100000143051147,-1.1200000047683716,2.7300000190734863,0.029460299844229577,resting,null
23,left,770.2662307692307,1790837981286,-3.5319323539733887,-9.239018440246582,0.03110780566930771,-1.6100000143051147,-1.1200000047683716,2.7300000190734863,0.030256081912498026,resting,null
23,left,770.2758461538461,1790837981286,-3.5582542419433594,-9.205517768859863,0.014357448555529118,-1.6100000143051147,-1.1200000047683716,2.7300000190734863,0.03084347070083908,resting,null
23,left,770.2854615384615,1790837981286,-3.56782603263855,-9.167230606079102,0.0502510704100132,-1.6100000143051147,-1.1200000047683716,2.7300000190734863,0.031121542661371623,resting,null
23,left,770.2950769230769,1790837981286,-3.5797905921936035,-9.191160202026367,-0.009571632370352745,-1.6100000143051147,-1.1200000047683716,2.7300000190734863,0.03165470904412739,resting,null
23,left,770.3046923076922,1790837981286,-3.682685613632202,-9.150480270385742,0.007178724277764559,-1.6100000143051147,-1.1200000047683716,2.7300000190734863,0.032184717358534676,resting,null
23,left,770.3143076923077,1790837981286,-3.6300415992736816,-9.172017097473145,0.0023929080925881863,-1.6100000143051147,-1.1200000047683716,2.7300000190734863,0.03272265865274392,resting,null