sessionId,sensor,t,recvAt,x,y,z,gx,gy,gz,vVert,phase,repIndex
9,right,3455.339,1790663812781,8.712578773498535,-2.395301103591919,0.016750356182456017,-0.5600000023841858,-1.8899999856948853,-0.5600000023841858,undefined,undefined,undefined
9,right,3455.348615384615,1790663812781,8.94947624206543,-2.184725046157837,0.08614469319581985,-0.5600000023841858,-1.8899999856948853,-0.5600000023841858,undefined,undefined,undefined
9,right,3455.358230769231,1790663812781,9.373021125793457,-2.8260245323181152,0.09810923039913177,-0.5600000023841858,-1.8899999856948853,-0.5600000023841858,undefined,undefined,undefined
9,right,3455.367846153846,1790663812781,9.356270790100098,-2.459909439086914,0.10528795421123505,-0.5600000023841858,-1.8899999856948853,-0.5600000023841858,undefined,undefined,undefined
9,right,3455.3774615384614,1790663812781,9.641026496887207,-2.7087719440460205,0.0909305065870285,-0.5600000023841858,-1.8899999856948853,-0.5600000023841858,undefined,undefined,undefined
9,right,3455.387076923077,1790663812781,9.006906509399414,-2.7925238609313965,0.09810923039913177,-0.5600000023841858,-1.8899999856948853,-0.5600000023841858,undefined,undefined,undefined
9,right,3455.3966923076923,1790663812781,9.248589515686035,-2.68245005607605,0.12443122267723083,-0.5600000023841858,-1.8899999856948853,-0.5600000023841858,undefined,undefined,undefined
9,right,3455.4063076923076,1790663812781,9.36584186553955,-3.1323165893554688,0.1507532149553299,-0.5600000023841858,-1.8899999856948853,-0.5600000023841858,undefined,undefined,undefined
9,left,3351.195,1790663812782,10.222503662109375,1.5362470149993896,0.5264397859573364,-2.0299999713897705,-2.0999999046325684,0.9800000190734863,undefined,undefined,undefined
9,left,3351.2046153846154,1790663812782,10.368471145629883,1.9167194366455078,0.5120823383331299,-2.0299999713897705,-2.0999999046325684,0.9800000190734863,undefined,undefined,undefined
9,left,3351.214230769231,1790663812782,10.392399787902832,1.6989647150039673,0.5144752264022827,-2.0299999713897705,-2.0999999046325684,0.9800000190734863,undefined,undefined,undefined
9,left,3351.2238461538464,1790663812782,10.406757354736328,1.777930736541748,0.48815324902534485,-2.0299999713897705,-2.0999999046325684,0.9800000190734863,undefined,undefined,undefined
9,left,3351.2334615384616,1790663812782,9.782208442687988,1.7157150506973267,0.5120823383331299,-2.0299999713897705,-2.0999999046325684,0.9800000190734863,undefined,undefined,undefined
9,left,3351.2430769230773,1790663812782,10.141144752502441,1.4189945459365845,0.4522596299648285,-2.0299999713897705,-2.0999999046325684,0.9800000190734863,undefined,undefined,undefined
9,left,3351.2526923076925,1790663812782,9.964069366455078,1.619998812675476,0.44029510021209717,-2.0299999713897705,-2.0999999046325684,0.9800000190734863,undefined,undefined,undefined
9,left,3351.262307692308,1790663812782,9.820494651794434,1.5482115745544434,0.4211518168449402,-2.0299999713897705,-2.0999999046325684,0.9800000190734863,undefined,undefined,undefined
9,right,3455.415,1790663812819,9.514202117919922,-2.9193477630615234,0.17946811020374298,0.3499999940395355,-0.49000000953674316,1.0499999523162842,undefined,undefined,undefined
9,right,3455.424615384615,1790663812819,9.248589515686035,-2.9145619869232178,0.17468228936195374,0.3499999940395355,-0.49000000953674316,1.0499999523162842,undefined,undefined,undefined
9,right,3455.434230769231,1790663812819,9.049978256225586,-2.61305570602417,0.19621846079826355,0.3499999940395355,-0.49000000953674316,1.0499999523162842,undefined,undefined,undefined
9,right,3455.443846153846,1790663812819,8.856152534484863,-2.5269110202789307,0.16750356554985046,0.3499999940395355,-0.49000000953674316,1.0499999523162842,undefined,undefined,undefined
9,right,3455.4534615384614,1790663812819,9.05237102508545,-2.9815635681152344,0.07896596938371658,0.3499999940395355,-0.49000000953674316,1.0499999523162842,undefined,undefined,undefined
9,right,3455.463076923077,1790663812819,9.28926944732666,-2.6561279296875,-0.0047858161851763725,0.3499999940395355,-0.49000000953674316,1.0499999523162842,undefined,undefined,undefined
9,right,3455.4726923076923,1790663812819,9.45438003540039,-3.015064239501953,-0.06700142472982407,0.3499999940395355,-0.49000000953674316,1.0499999523162842,undefined,undefined,undefined
9,right,3455.4823076923076,1790663812819,9.164837837219238,-2.936098337173462,-0.06939433515071869,0.3499999940395355,-0.49000000953674316,1.0499999523162842,undefined,undefined,undefined
9,left,3351.274,1790663812847,9.408914566040039,1.4477094411849976,0.43550926446914673,-1.190000057220459,-4.619999885559082,1.4700000286102295,undefined,undefined,undefined
9,left,3351.283615384615,1790663812847,9.298840522766113,1.4883887767791748,0.5049036145210266,-1.190000057220459,-4.619999885559082,1.4700000286102295,undefined,undefined,undefined
9,left,3351.293230769231,1790663812847,9.370628356933594,1.2802058458328247,0.5599405169487,-1.190000057220459,-4.619999885559082,1.4700000286102295,undefined,undefined,undefined
9,left,3351.302846153846,1790663812847,9.528559684753418,1.5434256792068481,0.5766908526420593,-1.190000057220459,-4.619999885559082,1.4700000286102295,undefined,undefined,undefined
9,left,3351.3124615384613,1790663812847,9.198338508605957,1.7516087293624878,0.6915504336357117,-1.190000057220459,-4.619999885559082,1.4700000286102295,undefined,undefined,undefined
9,left,3351.322076923077,1790663812847,8.741292953491211,1.5888910293579102,0.619763195514679,-1.190000057220459,-4.619999885559082,1.4700000286102295,undefined,undefined,undefined
9,left,3351.3316923076923,1790663812847,8.57618236541748,1.560176134109497,0.5982270240783691,-1.190000057220459,-4.619999885559082,1.4700000286102295,undefined,undefined,undefined
9,left,3351.3413076923075,1790663812847,8.274676322937012,1.464459776878357,0.5719050168991089,-1.190000057220459,-4.619999885559082,1.4700000286102295,undefined,undefined,undefined
9,right,3455.49,1790663812879,8.963833808898926,-3.1036016941070557,-0.07896596938371658,0.14000000059604645,-0.5600000023841858,-0.14000000059604645,undefined,undefined,undefined
9,right,3455.499615384615,1790663812879,8.597719192504883,-3.0509579181671143,-0.055036887526512146,0.14000000059604645,-0.5600000023841858,-0.14000000059604645,undefined,undefined,undefined
9,right,3455.5092307692307,1790663812879,8.865724563598633,-2.873882532119751,0.0047858161851763725,0.14000000059604645,-0.5600000023841858,-0.14000000059604645,undefined,undefined,undefined
9,right,3455.518846153846,1790663812879,8.597719192504883,-2.591519355773926,0.014357448555529118,0.14000000059604645,-0.5600000023841858,-0.14000000059604645,undefined,undefined,undefined
9,right,3455.528461538461,1790663812879,8.700613975524902,-2.627413034439087,0.007178724277764559,0.14000000059604645,-0.5600000023841858,-0.14000000059604645,undefined,undefined,undefined
9,right,3455.538076923077,1790663812879,8.358428001403809,-2.5675904750823975,-0.01914326474070549,0.14000000059604645,-0.5600000023841858,-0.14000000059604645,undefined,undefined,undefined
9,right,3455.547692307692,1790663812879,8.095208168029785,-2.54366135597229,-0.0023929080925881863,0.14000000059604645,-0.5600000023841858,-0.14000000059604645,undefined,undefined,undefined
9,right,3455.5573076923074,1790663812879,8.016242027282715,-2.5412683486938477,-0.023929081857204437,0.14000000059604645,-0.5600000023841858,-0.14000000059604645,undefined,undefined,undefined
9,left,3351.353,1790663812922,8.87051010131836,1.306527853012085,0.5072965025901794,-1.4700000286102295,-4.059999942779541,1.399999976158142,undefined,undefined,undefined
9,left,3351.3626153846153,1790663812922,8.391928672790527,1.201239824295044,0.5120823383331299,-1.4700000286102295,-4.059999942779541,1.399999976158142,undefined,undefined,undefined
9,left,3351.372230769231,1790663812922,8.157423973083496,1.296956181526184,0.509689450263977,-1.4700000286102295,-4.059999942779541,1.399999976158142,undefined,undefined,undefined
9,left,3351.3818461538463,1790663812922,7.707557201385498,1.1988469362258911,0.5240468978881836,-1.4700000286102295,-4.059999942779541,1.399999976158142,undefined,undefined,undefined
9,left,3351.3914615384615,1790663812922,7.7960944175720215,1.2443121671676636,0.5360113978385925,-1.4700000286102295,-4.059999942779541,1.399999976158142,undefined,undefined,undefined
9,left,3351.401076923077,1790663812922,7.973169803619385,1.3113136291503906,0.5479759573936462,-1.4700000286102295,-4.059999942779541,1.399999976158142,undefined,undefined,undefined
9,left,3351.4106923076924,1790663812922,8.458930015563965,1.335242748260498,0.5623334050178528,-1.4700000286102295,-4.059999942779541,1.399999976158142,undefined,undefined,undefined
9,left,3351.4203076923077,1790663812922,8.241175651550293,1.5864980220794678,0.5838695764541626,-1.4700000286102295,-4.059999942779541,1.399999976158142,undefined,undefined,undefined
9,right,3455.566,1790663812969,8.42064380645752,-2.5675904750823975,-0.035893622785806656,-0.3499999940395355,-0.9100000262260437,-0.9100000262260437,undefined,undefined,undefined
9,right,3455.575615384615,1790663812969,8.614469528198242,-2.739879846572876,-0.11007377505302429,-0.3499999940395355,-0.9100000262260437,-0.9100000262260437,undefined,undefined,undefined
9,right,3455.5852307692307,1790663812969,8.494823455810547,-2.47426700592041,-0.028714897111058235,-0.3499999940395355,-0.9100000262260437,-0.9100000262260437,undefined,undefined,undefined
9,right,3455.594846153846,1790663812969,8.485252380371094,-2.4718739986419678,-0.023929081857204437,-0.3499999940395355,-0.9100000262260437,-0.9100000262260437,undefined,undefined,undefined
9,right,3455.6044615384612,1790663812969,7.9994916915893555,-2.1249024868011475,0.011964540928602219,-0.3499999940395355,-0.9100000262260437,-0.9100000262260437,undefined,undefined,undefined
9,right,3455.614076923077,1790663812969,8.145459175109863,-2.4048726558685303,0.023929081857204437,-0.3499999940395355,-0.9100000262260437,-0.9100000262260437,undefined,undefined,undefined
9,right,3455.623692307692,1790663812969,7.975562572479248,-2.431194543838501,0.03110780566930771,-0.3499999940395355,-0.9100000262260437,-0.9100000262260437,undefined,undefined,undefined
9,right,3455.6333076923074,1790663812969,8.458930015563965,-2.6106626987457275,0.0047858161851763725,-0.3499999940395355,-0.9100000262260437,-0.9100000262260437,undefined,undefined,undefined
9,left,3351.432,1790663812997,8.06410026550293,1.6247845888137817,0.5384043455123901,-1.8899999856948853,-3.3600001335144043,1.8200000524520874,undefined,undefined,undefined
9,left,3351.441615384615,1790663812997,8.265104293823242,1.433351993560791,0.521653950214386,-1.8899999856948853,-3.3600001335144043,1.8200000524520874,undefined,undefined,undefined
9,left,3351.4512307692307,1790663812997,8.14306640625,1.584105134010315,0.5144752264022827,-1.8899999856948853,-3.3600001335144043,1.8200000524520874,undefined,undefined,undefined
9,left,3351.460846153846,1790663812997,8.289033889770508,1.3831008672714233,0.4953319728374481,-1.8899999856948853,-3.3600001335144043,1.8200000524520874,undefined,undefined,undefined
9,left,3351.470461538461,1790663812997,8.535503387451172,1.4142086505889893,0.509689450263977,-1.8899999856948853,-3.3600001335144043,1.8200000524520874,undefined,undefined,undefined
9,left,3351.480076923077,1790663812997,9.152873039245605,1.433351993560791,0.5384043455123901,-1.8899999856948853,-3.3600001335144043,1.8200000524520874,undefined,undefined,undefined
9,left,3351.489692307692,1790663812997,9.243803977966309,1.2538838386535645,0.46900999546051025,-1.8899999856948853,-3.3600001335144043,1.8200000524520874,undefined,undefined,undefined
9,left,3351.4993076923074,1790663812997,9.31319808959961,1.395065426826477,0.4211518168449402,-1.8899999856948853,-3.3600001335144043,1.8200000524520874,undefined,undefined,undefined
9,right,3455.642,1790663813044,8.753257751464844,-2.818845748901367,0.011964540928602219,0,-0.3499999940395355,-0.699999988079071,undefined,undefined,undefined
9,right,3455.651615384615,1790663813044,9.396949768066406,-2.572376251220703,0.040679436177015305,0,-0.3499999940395355,-0.699999988079071,undefined,undefined,undefined
9,right,3455.6612307692308,1790663813044,9.396949768066406,-2.684842824935913,0.06939433515071869,0,-0.3499999940395355,-0.699999988079071,undefined,undefined,undefined
9,right,3455.670846153846,1790663813044,9.463951110839844,-2.550840139389038,0.13400284945964813,0,-0.3499999940395355,-0.699999988079071,undefined,undefined,undefined
9,right,3455.6804615384613,1790663813044,9.344305992126465,-2.7494513988494873,0.14836029708385468,0,-0.3499999940395355,-0.699999988079071,undefined,undefined,undefined
9,right,3455.690076923077,1790663813044,9.526166915893555,-2.6082699298858643,0.15314611792564392,0,-0.3499999940395355,-0.699999988079071,undefined,undefined,undefined
9,right,3455.699692307692,1790663813044,9.449594497680664,-2.72552227973938,0.21775463223457336,0,-0.3499999940395355,-0.699999988079071,undefined,undefined,undefined
9,right,3455.7093076923074,1790663813044,9.74870777130127,-2.68245005607605,0.24886244535446167,0,-0.3499999940395355,-0.699999988079071,undefined,undefined,undefined
9,left,3351.511,1790663813071,9.286876678466797,1.5290682315826416,0.44029510021209717,-1.75,-2.5199999809265137,1.8200000524520874,undefined,undefined,undefined
9,left,3351.520615384615,1790663813071,9.55009651184082,1.4285660982131958,0.40918728709220886,-1.75,-2.5199999809265137,1.8200000524520874,undefined,undefined,undefined
9,left,3351.530230769231,1790663813071,9.619490623474121,1.4501023292541504,0.4020085632801056,-1.75,-2.5199999809265137,1.8200000524520874,undefined,undefined,undefined
9,left,3351.539846153846,1790663813071,9.913818359375,1.454888105392456,0.37568655610084534,-1.75,-2.5199999809265137,1.8200000524520874,undefined,undefined,undefined
9,left,3351.5494615384614,1790663813071,10.10285758972168,1.5123178958892822,0.32543548941612244,-1.75,-2.5199999809265137,1.8200000524520874,undefined,undefined,undefined
9,left,3351.559076923077,1790663813071,10.437865257263184,1.7587873935699463,0.2703986167907715,-1.75,-2.5199999809265137,1.8200000524520874,undefined,undefined,undefined
9,left,3351.5686923076923,1790663813071,10.437865257263184,1.6846072673797607,0.22971917688846588,-1.75,-2.5199999809265137,1.8200000524520874,undefined,undefined,undefined
9,left,3351.5783076923076,1790663813071,10.385221481323242,1.5553902387619019,0.17707519233226776,-1.75,-2.5199999809265137,1.8200000524520874,undefined,undefined,undefined
9,right,3455.718,1790663813119,10.19139575958252,-3.0820655822753906,0.2727915346622467,0.07000000029802322,-1.0499999523162842,-0.2800000011920929,undefined,undefined,undefined
9,right,3455.727615384615,1790663813119,10.34693431854248,-3.280677080154419,0.37568655610084534,0.07000000029802322,-1.0499999523162842,-0.2800000011920929,undefined,undefined,undefined
9,right,3455.737230769231,1790663813119,10.698692321777344,-3.120352268218994,0.3206496834754944,0.07000000029802322,-1.0499999523162842,-0.2800000011920929,undefined,undefined,undefined
9,right,3455.746846153846,1790663813119,10.52161693572998,-3.2352118492126465,0.39722275733947754,0.07000000029802322,-1.0499999523162842,-0.2800000011920929,undefined,undefined,undefined
9,right,3455.7564615384613,1790663813119,10.648441314697266,-2.8714897632598877,0.38765111565589905,0.07000000029802322,-1.0499999523162842,-0.2800000011920929,undefined,undefined,undefined
9,right,3455.766076923077,1790663813119,10.480937004089355,-3.1490671634674072,0.4044014811515808,0.07000000029802322,-1.0499999523162842,-0.2800000011920929,undefined,undefined,undefined
9,right,3455.775692307692,1790663813119,10.512044906616211,-3.1777820587158203,0.41636601090431213,0.07000000029802322,-1.0499999523162842,-0.2800000011920929,undefined,undefined,undefined
9,right,3455.7853076923075,1790663813119,10.504866600036621,-3.0126712322235107,0.37568655610084534,0.07000000029802322,-1.0499999523162842,-0.2800000011920929,undefined,undefined,undefined
9,left,3351.591,1790663813206,10.368471145629883,1.514710783958435,0.18425391614437103,-1.6800000667572021,-2.380000114440918,1.6800000667572021,undefined,undefined,undefined
9,left,3351.600615384615,1790663813206,10.301469802856445,1.5099250078201294,0.19382555782794952,-1.6800000667572021,-2.380000114440918,1.6800000667572021,undefined,undefined,undefined
9,left,3351.610230769231,1790663813206,10.145930290222168,1.6678569316864014,0.15314611792564392,-1.6800000667572021,-2.380000114440918,1.6800000667572021,undefined,undefined,undefined
9,left,3351.619846153846,1790663813206,10.26078987121582,1.8257888555526733,0.1507532149553299,-1.6800000667572021,-2.380000114440918,1.6800000667572021,undefined,undefined,undefined
9,left,3351.6294615384613,1790663813206,10.193788528442383,1.462066888809204,0.16511066257953644,-1.6800000667572021,-2.380000114440918,1.6800000667572021,undefined,undefined,undefined
9,left,3351.639076923077,1790663813206,10.069356918334961,1.5673547983169556,0.15793193876743317,-1.6800000667572021,-2.380000114440918,1.6800000667572021,undefined,undefined,undefined
9,left,3351.6486923076923,1790663813206,10.18182373046875,1.3926725387573242,0.12682412564754486,-1.6800000667572021,-2.380000114440918,1.6800000667572021,undefined,undefined,undefined
9,left,3351.6583076923075,1790663813206,9.791779518127441,1.2132043838500977,0.10528795421123505,-1.6800000667572021,-2.380000114440918,1.6800000667572021,undefined,undefined,undefined
9,right,3455.794,1790663813209,10.35650634765625,-3.1036016941070557,0.44986671209335327,-0.49000000953674316,-2.309999942779541,-0.21000000834465027,undefined,undefined,undefined
9,right,3455.803615384615,1790663813209,10.662798881530762,-2.6441633701324463,0.42833054065704346,-0.49000000953674316,-2.309999942779541,-0.21000000834465027,undefined,undefined,undefined
9,right,3455.813230769231,1790663813209,10.54793930053711,-2.931312322616577,0.4139730930328369,-0.49000000953674316,-2.309999942779541,-0.21000000834465027,undefined,undefined,undefined
9,right,3455.822846153846,1790663813209,10.179430961608887,-2.816452741622925,0.48576033115386963,-0.49000000953674316,-2.309999942779541,-0.21000000834465027,undefined,undefined,undefined
9,right,3455.8324615384613,1790663813209,9.894675254821777,-2.7709875106811523,0.5264397859573364,-0.49000000953674316,-2.309999942779541,-0.21000000834465027,undefined,undefined,undefined
9,right,3455.842076923077,1790663813209,9.684099197387695,-2.7781662940979004,0.4809745252132416,-0.49000000953674316,-2.309999942779541,-0.21000000834465027,undefined,undefined,undefined
9,right,3455.8516923076922,1790663813209,9.853995323181152,-2.615448474884033,0.5312256217002869,-0.49000000953674316,-2.309999942779541,-0.21000000834465027,0.0037653991194434833,resting,null
9,right,3455.8613076923075,1790663813209,9.84203052520752,-2.7853450775146484,0.5336185097694397,-0.49000000953674316,-2.309999942779541,-0.21000000834465027,0.007885087569237803,resting,null
9,left,3351.671,1790663813237,9.442415237426758,1.4692455530166626,0.08853759616613388,-1.8899999856948853,-2.309999942779541,1.4700000286102295,undefined,undefined,undefined
9,left,3351.680615384615,1790663813237,9.521381378173828,1.2443121671676636,0.08375178277492523,-1.8899999856948853,-2.309999942779541,1.4700000286102295,undefined,undefined,undefined
9,left,3351.6902307692308,1790663813237,9.406521797180176,1.366350531578064,0.03828652948141098,-1.8899999856948853,-2.309999942779541,1.4700000286102295,undefined,undefined,undefined
9,left,3351.699846153846,1790663813237,9.373021125793457,1.4716384410858154,0.03828652948141098,-1.8899999856948853,-2.309999942779541,1.4700000286102295,undefined,undefined,undefined
9,left,3351.7094615384613,1790663813237,9.093050956726074,1.356778860092163,0.0909305065870285,-1.8899999856948853,-2.309999942779541,1.4700000286102295,-0.005931518222441239,resting,null
9,left,3351.719076923077,1790663813237,8.894439697265625,1.387886643409729,0.06460852175951004,-1.8899999856948853,-2.309999942779541,1.4700000286102295,-0.01370262084301971,resting,null
9,left,3351.728692307692,1790663813237,8.67189884185791,1.359171748161316,0.040679436177015305,-1.8899999856948853,-2.309999942779541,1.4700000286102295,-0.02362812140879459,resting,null
9,left,3351.7383076923074,1790663813237,9.083478927612305,1.4429235458374023,-0.009571632370352745,-1.8899999856948853,-2.309999942779541,1.4700000286102295,-0.029531274853712427,resting,null
9,left,3351.75,1790663813311,9.198338508605957,1.4022440910339355,-0.016750356182456017,-2.450000047683716,-0.2800000011920929,1.399999976158142,-0.03545040701461746,resting,null
9,left,3351.7596153846152,1790663813311,9.224660873413086,1.3448143005371094,-0.05742979422211647,-2.450000047683716,-0.2800000011920929,1.399999976158142,-0.040159464825739455,resting,null
9,left,3351.769230769231,1790663813311,9.006906509399414,1.6917860507965088,-0.08375178277492523,-2.450000047683716,-0.2800000011920929,1.399999976158142,-0.046420304818045315,resting,null
9,left,3351.778846153846,1790663813311,8.93272590637207,1.7133221626281738,-0.10289505124092102,-2.450000047683716,-0.2800000011920929,1.399999976158142,-0.05334936895409689,resting,null
9,left,3351.7884615384614,1790663813311,9.006906509399414,1.7875022888183594,-0.06221561133861542,-2.450000047683716,-0.2800000011920929,1.399999976158142,-0.05944177593260695,resting,null
9,left,3351.798076923077,1790663813311,9.322770118713379,2.0267932415008545,-0.009571632370352745,-2.450000047683716,-0.2800000011920929,1.399999976158142,-0.06215053838088836,resting,null
9,left,3351.8076923076924,1790663813311,9.564454078674316,2.0004711151123047,0.011964540928602219,-2.450000047683716,-0.2800000011920929,1.399999976158142,-0.06259174072747642,resting,null
9,left,3351.8173076923076,1790663813311,9.203125,2.0076498985290527,0.021536173298954964,-2.450000047683716,-0.2800000011920929,1.399999976158142,-0.06643787623454867,descending,null
9,right,3455.87,1790663813314,9.935354232788086,-2.572376251220703,0.4929390549659729,-0.7699999809265137,-3.2899999618530273,-0.07000000029802322,0.011860647104852419,resting,null
9,right,3455.879615384615,1790663813314,9.418486595153809,-2.7015931606292725,0.4833674430847168,-0.7699999809265137,-3.2899999618530273,-0.07000000029802322,0.011841362467809185,resting,null
9,right,3455.889230769231,1790663813314,9.088264465332031,-2.713557720184326,0.5168681740760803,-0.7699999809265137,-3.2899999618530273,-0.07000000029802322,0.008817979981309962,resting,null
9,right,3455.898846153846,1790663813314,9.179195404052734,-2.754237174987793,0.5384043455123901,-0.7699999809265137,-3.2899999618530273,-0.07000000029802322,0.006751165334808157,resting,null
9,right,3455.9084615384613,1790663813314,9.265339851379395,-2.993528127670288,0.5599405169487,-0.7699999809265137,-3.2899999618530273,-0.07000000029802322,0.0061358896431908975,resting,null
9,right,3455.918076923077,1790663813314,9.597954750061035,-2.943276882171631,0.6149773597717285,-0.7699999809265137,-3.2899999618530273,-0.07000000029802322,0.008464205262998728,resting,null
9,right,3455.9276923076923,1790663813314,9.447200775146484,-3.0964231491088867,0.6556568145751953,-0.7699999809265137,-3.2899999618530273,-0.07000000029802322,0.009831618035287815,resting,null
9,right,3455.9373076923075,1790663813314,9.373021125793457,-3.0724940299987793,0.679585874080658,-0.7699999809265137,-3.2899999618530273,-0.07000000029802322,0.010459631797113993,resting,null
9,right,3455.946,1790663813344,9.133729934692383,-3.16821026802063,0.7154794931411743,-0.7699999809265137,-4.130000114440918,0.49000000953674316,0.009283199937395438,resting,null
9,right,3455.955615384615,1790663813344,9.076300621032715,-3.4338231086730957,0.6580497026443481,-0.7699999809265137,-4.130000114440918,0.49000000953674316,0.008180104423477382,resting,null
9,right,3455.965230769231,1790663813344,9.588382720947266,-3.476895570755005,0.6221560835838318,-0.7699999809265137,-4.130000114440918,0.49000000953674316,0.01191072968936285,resting,null
9,right,3455.974846153846,1790663813344,9.698456764221191,-3.5654330253601074,0.569512128829956,-0.7699999809265137,-4.130000114440918,0.49000000953674316,0.016895496445726015,resting,null
9,right,3455.9844615384613,1790663813344,9.858781814575195,-3.218461275100708,0.5336185097694397,-0.7699999809265137,-4.130000114440918,0.49000000953674316,0.02238182872737263,resting,null
9,right,3455.994076923077,1790663813344,9.36584186553955,-4.060765266418457,0.4809745252132416,-0.7699999809265137,-4.130000114440918,0.49000000953674316,0.02569447338680574,resting,null
9,right,3456.0036923076923,1790663813344,9.337127685546875,-3.6850783824920654,0.44268798828125,-0.7699999809265137,-4.130000114440918,0.49000000953674316,0.027690925133952167,resting,null
9,right,3456.0133076923075,1790663813344,9.672134399414062,-3.3333208560943604,0.5240468978881836,-0.7699999809265137,-4.130000114440918,0.49000000953674316,0.03179132211541863,resting,null
9,left,3351.829,1790663813401,8.951869010925293,2.0746512413024902,0.0909305065870285,-2.5899999141693115,0.3499999940395355,1.1200000047683716,-0.0738470562062717,descending,null
9,left,3351.8386153846154,1790663813401,9.064335823059082,2.3019776344299316,0.1005021408200264,-2.5899999141693115,0.3499999940395355,1.1200000047683716,-0.07850060731753201,descending,null
9,left,3351.848230769231,1790663813401,9.38498592376709,2.2397620677948,0.1005021408200264,-2.5899999141693115,0.3499999940395355,1.1200000047683716,-0.08020038742314028,descending,null
9,left,3351.8578461538464,1790663813401,9.813316345214844,1.6487137079238892,0.06700142472982407,-2.5899999141693115,0.3499999940395355,1.1200000047683716,-0.07878889918824246,descending,null
9,left,3351.8674615384616,1790663813401,9.562060356140137,2.3067634105682373,0.06939433515071869,-2.5899999141693115,0.3499999940395355,1.1200000047683716,-0.07869983839609361,descending,null
9,left,3351.8770769230773,1790663813401,9.361056327819824,2.3713719844818115,0.10528795421123505,-2.5899999141693115,0.3499999940395355,1.1200000047683716,-0.08039011012015253,descending,null
9,left,3351.8866923076926,1790663813401,9.337127685546875,2.2038683891296387,0.15314611792564392,-2.5899999141693115,0.3499999940395355,1.1200000047683716,-0.08255726930880357,descending,null
9,left,3351.896307692308,1790663813401,9.631455421447754,2.3067634105682373,0.22493335604667664,-2.5899999141693115,0.3499999940395355,1.1200000047683716,-0.08174151754045889,descending,null
9,right,3456.022,1790663813419,9.74870777130127,-3.8382246494293213,0.5168681740760803,-1.75,-4.550000190734863,-0.14000000059604645,0.0374362535135135,resting,null
9,right,3456.031615384615,1790663813419,9.741528511047363,-3.661149263381958,0.5168681740760803,-1.75,-4.550000190734863,-0.14000000059604645,0.04311530837592536,resting,null
9,right,3456.041230769231,1790663813419,9.45438003540039,-3.6707210540771484,0.45943835377693176,-1.75,-4.550000190734863,-0.14000000059604645,0.04618355780681345,resting,null
9,right,3456.050846153846,1790663813419,9.511809349060059,-3.7760090827941895,0.43550926446914673,-1.75,-4.550000190734863,-0.14000000059604645,0.05008683177092454,resting,null
9,right,3456.0604615384614,1790663813419,9.803744316101074,-3.582183361053467,0.3948298394680023,-1.75,-4.550000190734863,-0.14000000059604645,0.05609857160535398,resting,null
9,right,3456.070076923077,1790663813419,9.815709114074707,-3.6276485919952393,0.35893622040748596,-1.75,-4.550000190734863,-0.14000000059604645,0.0623493541229296,resting,null
9,right,3456.0796923076923,1790663813419,9.956890106201172,-3.6228628158569336,0.28714898228645325,-1.75,-4.550000190734863,-0.14000000059604645,0.0698666799458604,resting,null
9,right,3456.0893076923076,1790663813419,9.815709114074707,-3.6228628158569336,0.23450499773025513,-1.75,-4.550000190734863,-0.14000000059604645,0.07608611090593055,ascending,1
9,right,3456.097,1790663813494,9.547703742980957,-3.7137932777404785,0.17468228936195374,-2.0299999713897705,-5.949999809265137,-0.2800000011920929,0.07931313480706091,ascending,1
9,right,3456.1066153846155,1790663813494,9.585989952087402,-3.5080032348632812,0.25604116916656494,-2.0299999713897705,-5.949999809265137,-0.2800000011920929,0.083102778548056,ascending,1
9,right,3456.116230769231,1790663813494,9.40173625946045,-3.639613151550293,0.22971917688846588,-2.0299999713897705,-5.949999809265137,-0.2800000011920929,0.08560678908510512,ascending,1
9,right,3456.1258461538464,1790663813494,9.181588172912598,-3.2926416397094727,0.20579010248184204,-2.0299999713897705,-5.949999809265137,-0.2800000011920929,0.08505512979325092,ascending,1
9,right,3456.1354615384616,1790663813494,8.834616661071777,-3.4051082134246826,0.1914326548576355,-2.0299999713897705,-5.949999809265137,-0.2800000011920929,0.08168563373721796,ascending,1
9,right,3456.1450769230773,1790663813494,9.12415885925293,-3.6587564945220947,0.1722893863916397,-2.0299999713897705,-5.949999809265137,-0.2800000011920929,0,resting,null
9,right,3456.1546923076926,1790663813494,9.370628356933594,-3.4386088848114014,0.2416837215423584,-2.0299999713897705,-5.949999809265137,-0.2800000011920929,0.0016743591683410354,resting,null
9,right,3456.164307692308,1790663813494,9.39216423034668,-3.6228628158569336,0.1914326548576355,-2.0299999713897705,-5.949999809265137,-0.2800000011920929,0.0041112237858794455,resting,null
9,left,3351.908,1790663813521,9.806137084960938,2.1751534938812256,0.28714898228645325,-3.1500000953674316,1.6800000667572021,1.4700000286102295,-0.07897673980900201,descending,null
9,left,3351.917615384615,1790663813521,9.796566009521484,2.268476963043213,0.38765111565589905,-3.1500000953674316,1.6800000667572021,1.4700000286102295,-0.07660592358320825,descending,null
9,left,3351.927230769231,1790663813521,9.767850875854492,2.4072654247283936,0.3445787727832794,-3.1500000953674316,1.6800000667572021,1.4700000286102295,-0.07427349701352816,descending,null
9,left,3351.936846153846,1790663813521,9.440022468566895,2.3282995223999023,0.34936457872390747,-3.1500000953674316,1.6800000667572021,1.4700000286102295,-0.07516519330066707,descending,null
9,left,3351.9464615384613,1790663813521,9.564454078674316,2.278048515319824,0.35893622040748596,-3.1500000953674316,1.6800000667572021,1.4700000286102295,-0.07495558266631813,descending,null
9,left,3351.956076923077,1790663813521,9.459165573120117,2.163188934326172,0.3948298394680023,-3.1500000953674316,1.6800000667572021,1.4700000286102295,-0.07592364044041028,descending,null
9,left,3351.9656923076923,1790663813521,9.442415237426758,2.1320810317993164,0.34936457872390747,-3.1500000953674316,1.6800000667572021,1.4700000286102295,-0.07711011228961766,descending,null
9,left,3351.9753076923075,1790663813521,9.428057670593262,2.2158329486846924,0.3732936680316925,-3.1500000953674316,1.6800000667572021,1.4700000286102295,-0.07826992057083475,descending,null
9,left,3351.987,1790663813552,9.712814331054688,2.2589051723480225,0.3924369215965271,-3.1500000953674316,1.8899999856948853,1.75,-0.07630110304364117,descending,null
9,left,3351.9966153846153,1790663813552,9.710420608520508,1.928683876991272,0.34697166085243225,-3.1500000953674316,1.8899999856948853,1.75,-0.07531045065423621,descending,null
9,left,3352.006230769231,1790663813552,9.736742973327637,2.1177237033843994,0.3709007501602173,-3.1500000953674316,1.8899999856948853,1.75,-0.07371904997533864,descending,null
9,left,3352.0158461538463,1790663813552,9.81092357635498,2.1033661365509033,0.363722026348114,-3.1500000953674316,1.8899999856948853,1.75,-0.07145405458396649,descending,null
9,left,3352.0254615384615,1790663813552,9.932961463928223,2.1272952556610107,0.32782840728759766,-3.1500000953674316,1.8899999856948853,1.75,-0.06800445350186728,descending,null
9,left,3352.035076923077,1790663813552,10.100464820861816,2.199082612991333,0.38765111565589905,-3.1500000953674316,1.8899999856948853,1.75,-0.06282211425790377,descending,null
9,left,3352.0446923076925,1790663813552,10.299076080322266,2.227797508239746,0.3924369215965271,-3.1500000953674316,1.8899999856948853,1.75,0,resting,null
9,left,3352.0543076923077,1790663813552,10.256004333496094,2.325906753540039,0.3613291084766388,-3.1500000953674316,1.8899999856948853,1.75,0.006851280206219372,resting,null
9,right,3456.174,1790663813569,9.241411209106445,-3.342892646789551,0.24646952748298645,-2.240000009536743,-5.809999942779541,0.07000000029802322,0.004319914702388865,resting,null
9,right,3456.183615384615,1790663813569,9.162445068359375,-3.371607542037964,0.2225404530763626,-2.240000009536743,-5.809999942779541,0.07000000029802322,0.003898167161015923,resting,null
9,right,3456.193230769231,1790663813569,9.167230606079102,-3.5295393466949463,0.20579010248184204,-2.240000009536743,-5.809999942779541,0.07000000029802322,0.004017272937841519,resting,null
9,right,3456.202846153846,1790663813569,9.277304649353027,-3.3548572063446045,0.25604116916656494,-2.240000009536743,-5.809999942779541,0.07000000029802322,0.004594678500290573,resting,null
9,right,3456.2124615384614,1790663813569,9.301233291625977,-3.6156840324401855,0.2105759084224701,-2.240000009536743,-5.809999942779541,0.07000000029802322,0.00621156728818549,resting,null
9,right,3456.222076923077,1790663813569,9.188767433166504,-3.5295393466949463,0.21775463223457336,-2.240000009536743,-5.809999942779541,0.07000000029802322,0.006539607205547877,resting,null
9,right,3456.2316923076924,1790663813569,9.145694732666016,-3.6013267040252686,0.21536172926425934,-2.240000009536743,-5.809999942779541,0.07000000029802322,0.006710984124752123,resting,null
9,right,3456.2413076923076,1790663813569,9.059550285339355,-3.5606472492218018,0.2416837215423584,-2.240000009536743,-5.809999942779541,0.07000000029802322,0.005979111678522738,resting,null
9,left,3352.067,1790663813642,10.119607925415039,2.199082612991333,0.35654330253601074,-3.2200000286102295,1.0499999523162842,2.0999999046325684,0.013878556955512775,resting,null
9,left,3352.0766153846153,1790663813642,10.126787185668945,2.148831367492676,0.363722026348114,-3.2200000286102295,1.0499999523162842,2.0999999046325684,0.019174658759358386,resting,null
9,left,3352.086230769231,1790663813642,10.043035507202148,2.0483293533325195,0.32543548941612244,-3.2200000286102295,1.0499999523162842,2.0999999046325684,0.023473509339191952,resting,null
9,left,3352.095846153846,1790663813642,10.019105911254883,1.974149227142334,0.363722026348114,-3.2200000286102295,1.0499999523162842,2.0999999046325684,0.027416635932935727,resting,null
9,left,3352.1054615384614,1790663813642,10.071749687194824,2.1823322772979736,0.38525819778442383,-3.2200000286102295,1.0499999523162842,2.0999999046325684,0.03225874615460398,resting,null
9,left,3352.115076923077,1790663813642,9.968854904174805,2.1057591438293457,0.37568655610084534,-3.2200000286102295,1.0499999523162842,2.0999999046325684,0.0359811565381849,resting,null
9,left,3352.1246923076924,1790663813642,9.796566009521484,2.134474039077759,0.39004403352737427,-3.2200000286102295,1.0499999523162842,2.0999999046325684,0.038143011569413604,resting,null
9,left,3352.1343076923076,1790663813642,9.90424633026123,2.134474039077759,0.3948298394680023,-3.2200000286102295,1.0499999523162842,2.0999999046325684,0.041319512880530096,resting,null
9,right,3456.25,1790663813645,9.085871696472168,-3.3404996395111084,0.25604116916656494,-2.309999942779541,-4.829999923706055,0.14000000059604645,0.0048954257869803005,resting,null
9,right,3456.2596153846152,1790663813645,9.176802635192871,-3.35964298248291,0.2321120798587799,-2.309999942779541,-4.829999923706055,0.14000000059604645,0.004580708536597977,resting,null
9,right,3456.269230769231,1790663813645,9.085871696472168,-3.2974274158477783,0.181861013174057,-2.309999942779541,-4.829999923706055,0.14000000059604645,0.003237239436079036,resting,null
9,right,3456.278846153846,1790663813645,8.896832466125488,-3.3572499752044678,0.21775463223457336,-2.309999942779541,-4.829999923706055,0.14000000059604645,0.00038405020383795117,resting,null
9,right,3456.2884615384614,1790663813645,8.793937683105469,-3.534325361251831,0.22014755010604858,-2.309999942779541,-4.829999923706055,0.14000000059604645,-0.0028165639455644833,resting,null
9,right,3456.298076923077,1790663813645,8.856152534484863,-3.295034408569336,0.2129688262939453,-2.309999942779541,-4.829999923706055,0.14000000059604645,-0.006235290183321417,resting,null
9,right,3456.3076923076924,1790663813645,8.985369682312012,-3.302213191986084,0.19382555782794952,-2.309999942779541,-4.829999923706055,0.14000000059604645,-0.008463111480619472,resting,null
9,right,3456.3173076923076,1790663813645,9.155266761779785,-3.2567479610443115,0.2225404530763626,-2.309999942779541,-4.829999923706055,0.14000000059604645,-0.009300547188051506,resting,null
9,left,3352.146,1790663813719,10.026285171508789,2.03157901763916,0.3948298394680023,-3.2899999618530273,-0.3499999940395355,1.6100000143051147,0.046331426687887804,resting,null
9,left,3352.1556153846154,1790663813719,10.10525131225586,2.1392598152160645,0.41875892877578735,-3.2899999618530273,-0.3499999940395355,1.6100000143051147,0.0514117031018472,resting,null
9,left,3352.165230769231,1790663813719,9.913818359375,2.148831367492676,0.45943835377693176,-3.2899999618530273,-0.3499999940395355,1.6100000143051147,0.05472458316949414,resting,null
9,left,3352.1748461538464,1790663813719,9.830066680908203,2.093794584274292,0.45704543590545654,-3.2899999618530273,-0.3499999940395355,1.6100000143051147,0.05714076834254659,resting,null
9,left,3352.1844615384616,1790663813719,9.64341926574707,2.0555081367492676,0.509689450263977,-3.2899999618530273,-0.3499999940395355,1.6100000143051147,0.05774832883475794,resting,null
9,left,3352.1940769230773,1790663813719,9.650598526000977,2.0626866817474365,0.5623334050178528,-3.2899999618530273,-0.3499999940395355,1.6100000143051147,0.05846051212526963,resting,null
9,left,3352.2036923076926,1790663813719,9.753493309020996,2.002864122390747,0.5503688454627991,-3.2899999618530273,-0.3499999940395355,1.6100000143051147,0.06001839690772269,resting,null
9,left,3352.213307692308,1790663813719,9.889888763427734,2.0985803604125977,0.5814766883850098,-3.2899999618530273,-0.3499999940395355,1.6100000143051147,0.06306009263319168,resting,null
9,right,3456.326,1790663813720,9.169623374938965,-3.476895570755005,0.18903973698616028,-1.9600000381469727,-3.1500000953674316,-0.14000000059604645,-0.009289762451840735,resting,null
9,right,3456.3356153846153,1790663813720,9.047585487365723,-3.4242515563964844,0.12443122267723083,-1.9600000381469727,-3.1500000953674316,-0.14000000059604645,-0.010558694613794006,resting,null
9,right,3456.345230769231,1790663813720,9.090658187866211,-3.2376046180725098,0.11485958844423294,-1.9600000381469727,-3.1500000953674316,-0.14000000059604645,-0.01205513675028186,resting,null
9,right,3456.354846153846,1790663813720,8.963833808898926,-3.323749303817749,0.07657305896282196,-1.9600000381469727,-3.1500000953674316,-0.14000000059604645,-0.014415876838824553,resting,null
9,right,3456.3644615384615,1790663813720,9.081086158752441,-3.0054924488067627,0.04307234659790993,-1.9600000381469727,-3.1500000953674316,-0.14000000059604645,-0.016765722495481573,resting,null
9,right,3456.374076923077,1790663813720,9.250982284545898,-3.2304258346557617,0.0502510704100132,-1.9600000381469727,-3.1500000953674316,-0.14000000059604645,-0.016838090126747286,resting,null
9,right,3456.3836923076924,1790663813720,9.353878021240234,-3.254354953765869,0.016750356182456017,-1.9600000381469727,-3.1500000953674316,-0.14000000059604645,-0.01590233547575157,resting,null
9,right,3456.3933076923076,1790663813720,9.497451782226562,-3.2974274158477783,-0.047858163714408875,-1.9600000381469727,-3.1500000953674316,-0.14000000059604645,-0.013529625016924571,resting,null
9,left,3352.225,1790663813792,9.8444242477417,2.2397620677948,0.5862624645233154,-3.2200000286102295,-1.2599999904632568,1.2599999904632568,0.06658030935423072,resting,null
9,left,3352.234615384615,1790663813792,9.746315002441406,2.108151912689209,0.6077986359596252,-3.2200000286102295,-1.2599999904632568,1.2599999904632568,0.06830393624530284,resting,null
9,left,3352.244230769231,1790663813792,9.6697416305542,2.0483293533325195,0.6508709788322449,-3.2200000286102295,-1.2599999904632568,1.2599999904632568,0.06921133463646875,resting,null
9,left,3352.253846153846,1790663813792,9.700849533081055,1.8903974294662476,0.6963362693786621,-3.2200000286102295,-1.2599999904632568,1.2599999904632568,0.07012406567599949,resting,null
9,left,3352.2634615384613,1790663813792,9.609918594360352,2.376157760620117,0.6891575455665588,-3.2200000286102295,-1.2599999904632568,1.2599999904632568,0.0711382972782071,resting,null
9,left,3352.273076923077,1790663813792,9.523774147033691,2.134474039077759,0.7154794931411743,-3.2200000286102295,-1.2599999904632568,1.2599999904632568,0.07088125119347143,resting,null
9,left,3352.2826923076923,1790663813792,9.514202117919922,1.8784328699111938,0.7226582169532776,-3.2200000286102295,-1.2599999904632568,1.2599999904632568,0.07003421885103236,resting,null
9,left,3352.2923076923075,1790663813792,9.463951110839844,2.2254045009613037,0.7370156645774841,-3.2200000286102295,-1.2599999904632568,1.2599999904632568,0.06941121154583899,resting,null
9,right,3456.401,1790663813794,9.418486595153809,-3.3261423110961914,-0.05264397710561752,-1.6100000143051147,-2.5899999141693115,-0.2800000011920929,-0.012128167722889155,resting,null
9,right,3456.410615384615,1790663813794,9.451987266540527,-3.0868513584136963,-0.08614469319581985,-1.6100000143051147,-2.5899999141693115,-0.2800000011920929,-0.010844505850311952,resting,null
9,right,3456.420230769231,1790663813794,9.408914566040039,-3.127530813217163,-0.07418014854192734,-1.6100000143051147,-2.5899999141693115,-0.2800000011920929,-0.009815763078947973,resting,null
9,right,3456.429846153846,1790663813794,9.358663558959961,-3.0940301418304443,-0.12921704351902008,-1.6100000143051147,-2.5899999141693115,-0.2800000011920929,-0.00934606754758799,resting,null
9,right,3456.4394615384613,1790663813794,9.396949768066406,-3.0533506870269775,-0.1411815732717514,-1.6100000143051147,-2.5899999141693115,-0.2800000011920929,-0.008654259822122158,resting,null
9,right,3456.449076923077,1790663813794,9.267732620239258,-3.156245708465576,-0.17468228936195374,-1.6100000143051147,-2.5899999141693115,-0.2800000011920929,-0.00880355711379279,resting,null
9,right,3456.458692307692,1790663813794,9.507023811340332,-2.9815635681152344,-0.1722893863916397,-1.6100000143051147,-2.5899999141693115,-0.2800000011920929,-0.0073299379912182576,resting,null
9,right,3456.4683076923075,1790663813794,9.736742973327637,-2.936098337173462,-0.11964540183544159,-1.6100000143051147,-2.5899999141693115,-0.2800000011920929,-0.003909779943675132,resting,null
9,left,3352.304,1790663813867,9.736742973327637,1.9023619890213013,0.7035149931907654,-2.5899999141693115,-1.3300000429153442,1.9600000381469727,0.07097392070616328,resting,null
9,left,3352.3136153846153,1790663813867,9.789386749267578,1.9262909889221191,0.6748000979423523,-2.5899999141693115,-1.3300000429153442,1.9600000381469727,0.07278692806059507,resting,null
9,left,3352.323230769231,1790663813867,9.703242301940918,2.038757801055908,0.6819788217544556,-2.5899999141693115,-1.3300000429153442,1.9600000381469727,0.07401422709007689,resting,null
9,left,3352.3328461538463,1790663813867,9.638633728027344,1.8066456317901611,0.6365135312080383,-2.5899999141693115,-1.3300000429153442,1.9600000381469727,0.0741599010738365,resting,null
9,left,3352.3424615384615,1790663813867,9.578810691833496,1.9119335412979126,0.600619912147522,-2.5899999141693115,-1.3300000429153442,1.9600000381469727,0.07392704825341552,resting,null
9,left,3352.352076923077,1790663813867,9.497451782226562,1.9621846675872803,0.5838695764541626,-2.5899999141693115,-1.3300000429153442,1.9600000381469727,0.07301619929281224,resting,null
9,left,3352.3616923076925,1790663813867,9.7391357421875,1.9621846675872803,0.5049036145210266,-2.5899999141693115,-1.3300000429153442,1.9600000381469727,0.07433331424863712,resting,null
9,left,3352.3713076923077,1790663813867,9.856388092041016,2.0961875915527344,0.5001177787780762,-2.5899999141693115,-1.3300000429153442,1.9600000381469727,0.0770078566758369,resting,null
9,right,3456.477,1790663813869,9.861174583435059,-2.8068811893463135,-0.1603248417377472,-1.399999976158142,-2.240000009536743,-0.49000000953674316,-0.00015327014053630327,resting,null
9,right,3456.486615384615,1790663813869,9.705635070800781,-2.8930258750915527,-0.1005021408200264,-1.399999976158142,-2.240000009536743,-0.49000000953674316,0.0028601429705644448,resting,null
9,right,3456.496230769231,1790663813869,9.521381378173828,-2.754237174987793,-0.11964540183544159,-1.399999976158142,-2.240000009536743,-0.49000000953674316,0.003775620122027998,resting,null
9,right,3456.505846153846,1790663813869,9.349091529846191,-2.6800570487976074,-0.06939433515071869,-1.399999976158142,-2.240000009536743,-0.49000000953674316,0.0028986825354980336,resting,null
9,right,3456.5154615384613,1790663813869,9.408914566040039,-2.684842824935913,-0.06460852175951004,-1.399999976158142,-2.240000009536743,-0.49000000953674316,0.002589929956884851,resting,null
9,right,3456.525076923077,1790663813869,9.411307334899902,-2.8547394275665283,0.023929081857204437,-1.399999976158142,-2.240000009536743,-0.49000000953674316,0.0028193958423171715,resting,null
9,right,3456.5346923076922,1790663813869,9.633848190307617,-2.943276882171631,0.07657305896282196,-1.399999976158142,-2.240000009536743,-0.49000000953674316,0.005346822377316127,resting,null
9,right,3456.5443076923075,1790663813869,9.751100540161133,-2.852346420288086,0.09810923039913177,-1.399999976158142,-2.240000009536743,-0.49000000953674316,0.008672410217132874,resting,null
9,right,3456.553,1790663813944,9.679313659667969,-2.8930258750915527,0.14836029708385468,-0.07000000029802322,-2.6600000858306885,-0.14000000059604645,0.011196216688176277,resting,null
9,right,3456.562615384615,1790663813944,9.72238540649414,-2.8427748680114746,0.1722893863916397,-0.07000000029802322,-2.6600000858306885,-0.14000000059604645,0.014233267918111612,resting,null
9,right,3456.572230769231,1790663813944,9.727170944213867,-2.9121692180633545,0.18425391614437103,-0.07000000029802322,-2.6600000858306885,-0.14000000059604645,0.01752321577152279,resting,null
9,right,3456.581846153846,1790663813944,9.679313659667969,-2.8547394275665283,0.21775463223457336,-0.07000000029802322,-2.6600000858306885,-0.14000000059604645,0.020206339853011585,resting,null
9,right,3456.5914615384613,1790663813944,9.631455421447754,-2.797309637069702,0.2536482512950897,-0.07000000029802322,-2.6600000858306885,-0.14000000059604645,0.02228394111714715,resting,null
9,right,3456.601076923077,1790663813944,9.657776832580566,-2.747058391571045,0.24646952748298645,-0.07000000029802322,-2.6600000858306885,-0.14000000059604645,0.024459021167494596,resting,null
9,right,3456.6106923076923,1790663813944,9.786993980407715,-2.9121692180633545,0.29672059416770935,-0.07000000029802322,-2.6600000858306885,-0.14000000059604645,0.028303484054174786,resting,null
9,right,3456.6203076923075,1790663813944,9.968854904174805,-3.0318145751953125,0.26800569891929626,-0.07000000029802322,-2.6600000858306885,-0.14000000059604645,0.034165711280548176,resting,null
9,left,3352.383,1790663813956,9.877924919128418,1.9502201080322266,0.44986671209335327,-1.6800000667572021,-1.190000057220459,1.9600000381469727,0.08013266330614598,resting,null
9,left,3352.392615384615,1790663813956,9.868352890014648,1.928683876991272,0.42833054065704346,-1.6800000667572021,-1.190000057220459,1.9600000381469727,0.08256090911149366,resting,null
9,left,3352.4022307692308,1790663813956,9.911425590515137,2.0746512413024902,0.3924369215965271,-1.6800000667572021,-1.190000057220459,1.9600000381469727,0.08565437856710319,resting,null
9,left,3352.411846153846,1790663813956,9.777422904968262,2.0339717864990234,0.39722275733947754,-1.6800000667572021,-1.190000057220459,1.9600000381469727,0.08741255373371544,resting,null
9,left,3352.4214615384612,1790663813956,9.724778175354004,1.9861136674880981,0.31586387753486633,-1.6800000667572021,-1.190000057220459,1.9600000381469727,0.08854613702226334,resting,null
9,left,3352.431076923077,1790663813956,9.758278846740723,2.0004711151123047,0.29911351203918457,-1.6800000667572021,-1.190000057220459,1.9600000381469727,0.0900163813481788,resting,null
9,left,3352.440692307692,1790663813956,9.873138427734375,1.9382555484771729,0.2943277060985565,-1.6800000667572021,-1.190000057220459,1.9600000381469727,0.09244901336295408,resting,null
9,left,3352.4503076923074,1790663813956,9.952104568481445,2.0674726963043213,0.27997025847435,-1.6800000667572021,-1.190000057220459,1.9600000381469727,0.0958649031244446,resting,null
9,right,3456.629,1790663814019,9.997570037841797,-3.0748867988586426,0.2895418703556061,0.9100000262260437,-2.870000123977661,0,0.03981669871610565,resting,null
9,right,3456.638615384615,1790663814019,10.033463478088379,-3.0318145751953125,0.26561281085014343,0.9100000262260437,-2.870000123977661,0,0.04627110353973468,resting,null
9,right,3456.648230769231,1790663814019,10.004748344421387,-2.9672060012817383,0.3206496834754944,0.9100000262260437,-2.870000123977661,0,0.052274801177279916,resting,null
9,right,3456.657846153846,1790663814019,9.99278450012207,-3.077279806137085,0.30868515372276306,0.9100000262260437,-2.870000123977661,0,0.05848925457367052,resting,null
9,right,3456.6674615384613,1790663814019,10.057393074035645,-3.0509579181671143,0.31825676560401917,0.9100000262260437,-2.870000123977661,0,0.06521944553500764,resting,null
9,right,3456.677076923077,1790663814019,9.980819702148438,-3.2088897228240967,0.26561281085014343,0.9100000262260437,-2.870000123977661,0,0.07170412691349834,resting,null
9,right,3456.6866923076923,1790663814019,9.947319030761719,-3.1849606037139893,0.2895418703556061,0.9100000262260437,-2.870000123977661,0,0.07781231173100984,resting,null
9,right,3456.6963076923075,1790663814019,9.767850875854492,-3.1873536109924316,0.260826975107193,0.9100000262260437,-2.870000123977661,0,0.08228152374333575,resting,null
9,left,3352.463,1790663814031,9.89706802368164,2.10097336769104,0.31825676560401917,-0.7699999809265137,-0.9800000190734863,2.240000009536743,0.09979691044193759,resting,null
9,left,3352.4726153846154,1790663814031,9.932961463928223,2.0220072269439697,0.339792937040329,-0.7699999809265137,-0.9800000190734863,2.240000009536743,0.10297200820565772,resting,null
9,left,3352.482230769231,1790663814031,9.851602554321289,2.03157901763916,0.26800569891929626,-0.7699999809265137,-0.9800000190734863,2.240000009536743,0.10537122592304167,resting,null
9,left,3352.4918461538464,1790663814031,9.858781814575195,2.024400234222412,0.27518442273139954,-0.7699999809265137,-0.9800000190734863,2.240000009536743,0.10782773920917285,resting,null
9,left,3352.5014615384616,1790663814031,9.856388092041016,2.0770442485809326,0.29911351203918457,-0.7699999809265137,-0.9800000190734863,2.240000009536743,0.11037114097267287,resting,null
9,left,3352.5110769230773,1790663814031,9.83485221862793,2.0961875915527344,0.2895418703556061,-0.7699999809265137,-0.9800000190734863,2.240000009536743,0.11274539204586614,resting,null
9,left,3352.5206923076926,1790663814031,9.684099197387695,2.0961875915527344,0.32543548941612244,-0.7699999809265137,-0.9800000190734863,2.240000009536743,0.11371400744083045,resting,null
9,left,3352.530307692308,1790663814031,9.535738945007324,2.163188934326172,0.29911351203918457,-0.7699999809265137,-0.9800000190734863,2.240000009536743,0.1134094186911372,resting,null
9,right,3456.705,1790663814094,9.569239616394043,-3.2376046180725098,0.2632198929786682,1.3300000429153442,-4.340000152587891,-0.07000000029802322,0.08480987173838252,resting,null
9,right,3456.714615384615,1790663814094,9.459165573120117,-3.3141777515411377,0.22493335604667664,1.3300000429153442,-4.340000152587891,-0.07000000029802322,0.08682314632965031,resting,null
9,right,3456.724230769231,1790663814094,9.490273475646973,-3.421858549118042,0.260826975107193,1.3300000429153442,-4.340000152587891,-0.07000000029802322,0.08944320536763353,resting,null
9,right,3456.733846153846,1790663814094,9.518988609313965,-3.4457876682281494,0.25843408703804016,1.3300000429153442,-4.340000152587891,-0.07000000029802322,0.09240052583221557,resting,null
9,right,3456.7434615384614,1790663814094,9.48788070678711,-3.448180675506592,0.3445787727832794,1.3300000429153442,-4.340000152587891,-0.07000000029802322,0.09508932486724589,resting,null
9,right,3456.753076923077,1790663814094,9.483095169067383,-3.5606472492218018,0.2416837215423584,1.3300000429153442,-4.340000152587891,-0.07000000029802322,0.09806794437686096,resting,null
9,right,3456.7626923076923,1790663814094,9.406521797180176,-3.49843168258667,0.25604116916656494,1.3300000429153442,-4.340000152587891,-0.07000000029802322,0.10016700956487772,resting,null
9,right,3456.7723076923075,1790663814094,9.320377349853516,-3.3357138633728027,0.26561281085014343,1.3300000429153442,-4.340000152587891,-0.07000000029802322,0.10099494327270299,resting,null
9,left,3352.543,1790663814107,9.425664901733398,2.072258472442627,0.3206496834754944,0.07000000029802322,-0.699999988079071,2.1700000762939453,0.11142059990101474,resting,null
9,left,3352.5526153846154,1790663814107,9.373021125793457,2.0985803604125977,0.2895418703556061,0.07000000029802322,-0.699999988079071,2.1700000762939453,0.10946298580887084,resting,null
9,left,3352.562230769231,1790663814107,9.4950590133667,2.1105449199676514,0.2895418703556061,0.07000000029802322,-0.699999988079071,2.1700000762939453,0.10867876013432853,resting,null
9,left,3352.5718461538463,1790663814107,9.430450439453125,2.199082612991333,0.29911351203918457,0.07000000029802322,-0.699999988079071,2.1700000762939453,0.10746965843869498,resting,null
9,left,3352.5814615384616,1790663814107,9.449594497680664,2.036364793777466,0.3206496834754944,0.07000000029802322,-0.699999988079071,2.1700000762939453,0.10612231802900567,resting,null
9,left,3352.5910769230773,1790663814107,9.45438003540039,2.017221450805664,0.29672059416770935,0.07000000029802322,-0.699999988079071,2.1700000762939453,0.10477466706599091,resting,null
9,left,3352.6006923076925,1790663814107,9.38259220123291,2.038757801055908,0.2703986167907715,0.07000000029802322,-0.699999988079071,2.1700000762939453,0.10278903968324736,resting,null
9,left,3352.6103076923077,1790663814107,9.078693389892578,2.361800193786621,0.3230426013469696,0.07000000029802322,-0.699999988079071,2.1700000762939453,0.0986216421107018,resting,null
9,left,3352.622,1790663814181,8.975798606872559,2.234976053237915,0.27997025847435,0.2800000011920929,-0.3499999940395355,3.2200000286102295,0.09205980792228802,resting,null
9,left,3352.631615384615,1790663814181,9.20073127746582,1.830574631690979,0.24646952748298645,0.2800000011920929,-0.3499999940395355,3.2200000286102295,0.08794492042752869,resting,null
9,left,3352.641230769231,1790663814181,9.413700103759766,2.115330696105957,0.25604116916656494,0.2800000011920929,-0.3499999940395355,3.2200000286102295,0.08641159024993567,resting,null
9,left,3352.650846153846,1790663814181,9.585989952087402,1.6750357151031494,0.23689790070056915,0.2800000011920929,-0.3499999940395355,3.2200000286102295,0.08560537032542204,resting,null
9,left,3352.6604615384613,1790663814181,9.497451782226562,1.6582852602005005,0.19621846079826355,0.2800000011920929,-0.3499999940395355,3.2200000286102295,0.08393129686677134,resting,null
9,left,3352.670076923077,1790663814181,9.416092872619629,1.837753415107727,0.19382555782794952,0.2800000011920929,-0.3499999940395355,3.2200000286102295,0.0818527799094867,resting,null
9,left,3352.679692307692,1790663814181,9.294054985046387,1.5099250078201294,0.20818300545215607,0.2800000011920929,-0.3499999940395355,3.2200000286102295,0.0779962441821707,resting,null
9,left,3352.6893076923075,1790663814181,9.504631042480469,1.8856115341186523,0.19861137866973877,0.2800000011920929,-0.3499999940395355,3.2200000286102295,0.07685268064379656,resting,null
9,right,3456.781,1790663814184,9.164837837219238,-3.1849606037139893,0.25604116916656494,1.190000057220459,-4.96999979019165,-0.3499999940395355,0.10005051820751625,resting,null
9,right,3456.790615384615,1790663814184,8.980584144592285,-3.232818841934204,0.31586387753486633,1.190000057220459,-4.96999979019165,-0.3499999940395355,0.09747707353405383,resting,null
9,right,3456.800230769231,1790663814184,8.966226577758789,-3.512789011001587,0.30868515372276306,1.190000057220459,-4.96999979019165,-0.3499999940395355,0.09562842582175564,resting,null
9,right,3456.809846153846,1790663814184,9.162445068359375,-3.2495691776275635,0.32782840728759766,1.190000057220459,-4.96999979019165,-0.3499999940395355,0.09477282394287798,resting,null
9,right,3456.8194615384614,1790663814184,9.095443725585938,-3.2064969539642334,0.3517574965953827,1.190000057220459,-4.96999979019165,-0.3499999940395355,0.09317985010794029,resting,null
9,right,3456.829076923077,1790663814184,9.042799949645996,-3.1777820587158203,0.31825676560401917,1.190000057220459,-4.96999979019165,-0.3499999940395355,0.09101947617785641,resting,null
9,right,3456.8386923076923,1790663814184,8.817866325378418,-2.9672060012817383,0.34936457872390747,1.190000057220459,-4.96999979019165,-0.3499999940395355,0.08617077851829905,resting,null
9,right,3456.8483076923076,1790663814184,8.813080787658691,-3.141888380050659,0.3134709596633911,1.190000057220459,-4.96999979019165,-0.3499999940395355,0.08181438994661124,resting,null
9,right,3456.857,1790663814259,8.772400856018066,-3.1155662536621094,0.382865309715271,1.399999976158142,-4.409999847412109,-0.3499999940395355,0.07747830978679136,resting,null
9,right,3456.866615384615,1790663814259,8.94229793548584,-3.120352268218994,0.3924369215965271,1.399999976158142,-4.409999847412109,-0.3499999940395355,0.07424901285802848,resting,null
9,right,3456.876230769231,1790663814259,8.911190032958984,-3.141888380050659,0.3924369215965271,1.399999976158142,-4.409999847412109,-0.3499999940395355,0.07080667917800972,resting,null
9,right,3456.885846153846,1790663814259,9.236625671386719,-3.034207344055176,0.4235447347164154,1.399999976158142,-4.409999847412109,-0.3499999940395355,0.07000259626569848,resting,null
9,right,3456.8954615384614,1790663814259,9.437629699707031,-3.1849606037139893,0.3445787727832794,1.399999976158142,-4.409999847412109,-0.3499999940395355,0.07148441816605955,resting,null
9,right,3456.905076923077,1790663814259,9.535738945007324,-3.1586387157440186,0.38525819778442383,1.399999976158142,-4.409999847412109,-0.3499999940395355,0.0737849700429081,resting,null
9,right,3456.9146923076923,1790663814259,9.743921279907227,-3.0318145751953125,0.31825676560401917,1.399999976158142,-4.409999847412109,-0.3499999940395355,0.07758480876642093,resting,null
9,right,3456.9243076923076,1790663814259,9.8085298538208,-2.696807384490967,0.2703986167907715,1.399999976158142,-4.409999847412109,-0.3499999940395355,0.08094946748306835,resting,null
9,left,3352.701,1790663814317,9.607525825500488,1.6941789388656616,0.20818300545215607,0.07000000029802322,0.14000000059604645,2.799999952316284,0.07620321714482774,resting,null
9,left,3352.7106153846153,1790663814317,9.885103225708008,1.5793193578720093,0.181861013174057,0.07000000029802322,0.14000000059604645,2.799999952316284,0.0780677096735821,resting,null
9,left,3352.720230769231,1790663814317,10.098072052001953,1.7922881841659546,0.1914326548576355,0.07000000029802322,0.14000000059604645,2.799999952316284,0.08234525278389564,resting,null
9,left,3352.729846153846,1790663814317,10.337363243103027,1.5410327911376953,0.2416837215423584,0.07000000029802322,0.14000000059604645,2.799999952316284,0.08843239131689327,resting,null
9,left,3352.7394615384615,1790663814317,10.540760040283203,1.6367491483688354,0.26800569891929626,0.07000000029802322,0.14000000059604645,2.799999952316284,0.09662586941495073,resting,null
9,left,3352.749076923077,1790663814317,10.507259368896484,1.4836030006408691,0.3206496834754944,0.07000000029802322,0.14000000059604645,2.799999952316284,0.10424600443359718,resting,null
9,left,3352.7586923076924,1790663814317,10.392399787902832,1.32806396484375,0.3421858549118042,0.07000000029802322,0.14000000059604645,2.799999952316284,0.11051914169336721,resting,null
9,left,3352.7683076923076,1790663814317,10.28711223602295,1.4309589862823486,0.3924369215965271,0.07000000029802322,0.14000000059604645,2.799999952316284,0.11600014528028517,resting,null
9,right,3456.932,1790663814334,9.791779518127441,-2.924133777618408,0.20818300545215607,1.0499999523162842,-3.1500000953674316,-0.3499999940395355,0.08406817737795778,resting,null
9,right,3456.941615384615,1790663814334,9.71520709991455,-3.0461719036102295,0.21775463223457336,1.0499999523162842,-3.1500000953674316,-0.3499999940395355,0.08764008653533786,resting,null
9,right,3456.9512307692307,1790663814334,9.66016960144043,-3.036600351333618,0.12203831225633621,1.0499999523162842,-3.1500000953674316,-0.3499999940395355,0.09066845883711645,resting,null
9,right,3456.960846153846,1790663814334,9.492666244506836,-2.9695990085601807,0.1411815732717514,1.0499999523162842,-3.1500000953674316,-0.3499999940395355,0.09197014077339138,resting,null
9,right,3456.970461538461,1790663814334,9.394556999206543,-2.8499536514282227,0.1411815732717514,1.0499999523162842,-3.1500000953674316,-0.3499999940395355,0.09202215853733263,resting,null
9,right,3456.980076923077,1790663814334,9.40173625946045,-2.718343496322632,0.07418014854192734,1.0499999523162842,-3.1500000953674316,-0.3499999940395355,0.09174787282645483,resting,null
9,right,3456.989692307692,1790663814334,9.509416580200195,-2.7518444061279297,0.08135887235403061,1.0499999523162842,-3.1500000953674316,-0.3499999940395355,0.09256378351062848,resting,null
9,right,3456.9993076923074,1790663814334,9.442415237426758,-3.062922477722168,0.09332341700792313,1.0499999523162842,-3.1500000953674316,-0.3499999940395355,0.09367744128316423,resting,null
9,left,3352.78,1790663814346,10.19857406616211,1.3711363077163696,0.44268798828125,0.07000000029802322,-1.4700000286102295,2.0299999713897705,0.12154749154633576,resting,null
9,left,3352.7896153846154,1790663814346,9.959283828735352,1.4764243364334106,0.46661707758903503,0.07000000029802322,-1.4700000286102295,2.0299999713897705,0.12403993858852917,resting,null
9,left,3352.799230769231,1790663814346,9.911425590515137,1.2849916219711304,0.4809745252132416,0.07000000029802322,-1.4700000286102295,2.0299999713897705,0.12576584064632923,resting,null
9,left,3352.8088461538464,1790663814346,9.894675254821777,1.2179901599884033,0.4546525478363037,0.07000000029802322,-1.4700000286102295,2.0299999713897705,0.12722354943842581,resting,null
9,left,3352.8184615384616,1790663814346,9.952104568481445,1.395065426826477,0.5120823383331299,0.07000000029802322,-1.4700000286102295,2.0299999713897705,0.129541898587006,resting,null
9,left,3352.8280769230773,1790663814346,9.980819702148438,1.2778129577636719,0.4929390549659729,0.07000000029802322,-1.4700000286102295,2.0299999713897705,0.13194129541578525,resting,null
9,left,3352.8376923076926,1790663814346,10.028677940368652,1.5338541269302368,0.5049036145210266,0.07000000029802322,-1.4700000286102295,2.0299999713897705,0.1352184323356253,resting,null
9,left,3352.847307692308,1790663814346,10.069356918334961,1.4237803220748901,0.4953319728374481,0.07000000029802322,-1.4700000286102295,2.0299999713897705,0.1387040954245894,resting,null
9,right,3457.008,1790663814409,9.578810691833496,-2.895418882369995,0.11725249886512756,1.3300000429153442,-2.5199999809265137,-0.21000000834465027,0.09537182561566168,resting,null
9,right,3457.017615384615,1790663814409,9.63624095916748,-2.9815635681152344,0.11246667802333832,1.3300000429153442,-2.5199999809265137,-0.21000000834465027,0.09802370355394999,resting,null
9,right,3457.0272307692308,1790663814409,9.74870777130127,-2.873882532119751,0.09810923039913177,1.3300000429153442,-2.5199999809265137,-0.21000000834465027,0.10139426624049776,resting,null
9,right,3457.036846153846,1790663814409,9.789386749267578,-2.833203077316284,0.0909305065870285,1.3300000429153442,-2.5199999809265137,-0.21000000834465027,0.1050223459917029,resting,null
9,right,3457.0464615384612,1790663814409,9.648205757141113,-2.9265265464782715,0.07896596938371658,1.3300000429153442,-2.5199999809265137,-0.21000000834465027,0.10762173407560409,resting,null
9,right,3457.056076923077,1790663814409,9.502238273620605,-2.7087719440460205,0.07896596938371658,1.3300000429153442,-2.5199999809265137,-0.21000000834465027,0.10826371060737541,resting,null
9,right,3457.065692307692,1790663814409,9.241411209106445,-2.718343496322632,0.028714897111058235,1.3300000429153442,-2.5199999809265137,-0.21000000834465027,0.1065355569436928,resting,null
9,right,3457.0753076923074,1790663814409,9.19355297088623,-2.670485496520996,0.06460852175951004,1.3300000429153442,-2.5199999809265137,-0.21000000834465027,0.10423867827246938,resting,null
9,left,3352.859,1790663814421,10.081321716308594,1.2658483982086182,0.49772489070892334,-0.07000000029802322,-1.75,1.9600000381469727,0.14278370687570618,resting,null
9,left,3352.868615384615,1790663814421,10.064571380615234,1.395065426826477,0.4953319728374481,-0.07000000029802322,-1.75,1.9600000381469727,0.14618756782314393,resting,null
9,left,3352.878230769231,1790663814421,9.9832124710083,1.296956181526184,0.5049036145210266,-0.07000000029802322,-1.75,1.9600000381469727,0.1486750192584216,resting,null
9,left,3352.887846153846,1790663814421,9.700849533081055,1.4285660982131958,0.5503688454627991,-0.07000000029802322,-1.75,1.9600000381469727,0.14870568267096682,resting,null
9,left,3352.8974615384614,1790663814421,9.564454078674316,1.2419192790985107,0.5168681740760803,-0.07000000029802322,-1.75,1.9600000381469727,0.14715175163148442,resting,null
9,left,3352.907076923077,1790663814421,9.480701446533203,1.2562767267227173,0.5025107264518738,-0.07000000029802322,-1.75,1.9600000381469727,0.1448266339111104,resting,null
9,left,3352.9166923076923,1790663814421,9.617097854614258,1.3496001958847046,0.5312256217002869,-0.07000000029802322,-1.75,1.9600000381469727,0.14395012919421513,resting,null
9,left,3352.9263076923075,1790663814421,9.770243644714355,1.356778860092163,0.5168681740760803,-0.07000000029802322,-1.75,1.9600000381469727,0.14453666157158387,resting,null
9,right,3457.085,1790663814484,9.380199432373047,-2.7015931606292725,0.021536173298954964,0.9100000262260437,-2.380000114440918,-0.07000000029802322,0.10374196062305202,resting,null
9,right,3457.0946153846153,1790663814484,9.456772804260254,-2.8427748680114746,0.055036887526512146,0.9100000262260437,-2.380000114440918,-0.07000000029802322,0.10434865569014334,resting,null
9,right,3457.104230769231,1790663814484,9.535738945007324,-2.7925238609313965,0.09810923039913177,0.9100000262260437,-2.380000114440918,-0.07000000029802322,0.10554617544177308,resting,null
9,right,3457.113846153846,1790663814484,9.45438003540039,-2.8475606441497803,0.07178724557161331,0.9100000262260437,-2.380000114440918,-0.07000000029802322,0.10614421491726095,resting,null
9,right,3457.1234615384615,1790663814484,9.45438003540039,-2.8786685466766357,0.11725249886512756,0.9100000262260437,-2.380000114440918,-0.07000000029802322,0.10683145508595208,resting,null
9,right,3457.133076923077,1790663814484,9.63624095916748,-2.797309637069702,0.1411815732717514,0.9100000262260437,-2.380000114440918,-0.07000000029802322,0.10896961906406763,resting,null
9,right,3457.1426923076924,1790663814484,9.619490623474121,-2.8858470916748047,0.1722893863916397,0.9100000262260437,-2.380000114440918,-0.07000000029802322,0.11120007726493947,resting,null
9,right,3457.1523076923077,1790663814484,9.528559684753418,-2.7446656227111816,0.16511066257953644,0.9100000262260437,-2.380000114440918,-0.07000000029802322,0.1122039320241893,resting,null
9,left,3352.939,1790663814512,9.753493309020996,1.454888105392456,0.4929390549659729,-0.5600000023841858,-2.0999999046325684,1.3300000429153442,0.14528383263193856,resting,null
9,left,3352.948615384615,1790663814512,9.741528511047363,1.299349069595337,0.44986671209335327,-0.5600000023841858,-2.0999999046325684,1.3300000429153442,0.1454962691050431,resting,null
9,left,3352.958230769231,1790663814512,9.672134399414062,1.3974583148956299,0.4642241597175598,-0.5600000023841858,-2.0999999046325684,1.3300000429153442,0.1451986828818837,resting,null
9,left,3352.967846153846,1790663814512,9.703242301940918,1.3448143005371094,0.45704543590545654,-0.5600000023841858,-2.0999999046325684,1.3300000429153442,0.14512052971665015,resting,null
9,left,3352.9774615384613,1790663814512,9.657776832580566,1.2419192790985107,0.4546525478363037,-0.5600000023841858,-2.0999999046325684,1.3300000429153442,0.14446714862802998,resting,null
9,left,3352.987076923077,1790663814512,9.523774147033691,1.3376356363296509,0.41636601090431213,-0.5600000023841858,-2.0999999046325684,1.3300000429153442,0.14266212467302802,resting,null
9,left,3352.9966923076922,1790663814512,9.440022468566895,1.229954719543457,0.4044014811515808,-0.5600000023841858,-2.0999999046325684,1.3300000429153442,0.13991091901498753,resting,null
9,left,3353.0063076923075,1790663814512,9.545310020446777,1.4022440910339355,0.4809745252132416,-0.5600000023841858,-2.0999999046325684,1.3300000429153442,0.13842759722053277,resting,null
9,right,3457.161,1790663814559,9.473523139953613,-2.845167636871338,0.12682412564754486,0.8400000333786011,-2.309999942779541,0.14000000059604645,0.11289951465085624,resting,null
9,right,3457.1706153846153,1790663814559,9.57402515411377,-2.895418882369995,0.10768086463212967,0.8400000333786011,-2.309999942779541,0.14000000059604645,0.11473079590193745,resting,null
9,right,3457.180230769231,1790663814559,9.779815673828125,-2.902597427368164,0.12682412564754486,0.8400000333786011,-2.309999942779541,0.14000000059604645,0.11847726213661965,resting,null
9,right,3457.1898461538462,1790663814559,9.8444242477417,-3.113173484802246,0.1316099464893341,0.8400000333786011,-2.309999942779541,0.14000000059604645,0.1234004730050823,resting,null
9,right,3457.1994615384615,1790663814559,9.92099666595459,-3.0389933586120605,0.13639576733112335,0.8400000333786011,-2.309999942779541,0.14000000059604645,0.12882120152758522,resting,null
9,right,3457.209076923077,1790663814559,9.956890106201172,-3.1706032752990723,0.16750356554985046,0.8400000333786011,-2.309999942779541,0.14000000059604645,0.13494217736206188,resting,null
9,right,3457.2186923076924,1790663814559,10.004748344421387,-3.1658174991607666,0.20579010248184204,0.8400000333786011,-2.309999942779541,0.14000000059604645,0.14149271855555245,resting,null
9,right,3457.2283076923077,1790663814559,10.028677940368652,-3.1155662536621094,0.23450499773025513,0.8400000333786011,-2.309999942779541,0.14000000059604645,0.14812294118510477,resting,null
9,left,3353.018,1790663814586,9.650598526000977,1.366350531578064,0.45704543590545654,-0.7699999809265137,-2.0299999713897705,1.75,0.1377715213822445,resting,null
9,left,3353.0276153846153,1790663814586,9.676919937133789,1.4477094411849976,0.4761887192726135,-0.7699999809265137,-2.0299999713897705,1.75,0.13760168484131122,resting,null
9,left,3353.037230769231,1790663814586,9.719992637634277,1.5290682315826416,0.4259376525878906,-0.7699999809265137,-2.0299999713897705,1.75,0.13793372402401863,resting,null
9,left,3353.046846153846,1790663814586,9.82528018951416,1.4142086505889893,0.3709007501602173,-0.7699999809265137,-2.0299999713897705,1.75,0.13908556373117714,resting,null
9,left,3353.0564615384615,1790663814586,9.789386749267578,1.4022440910339355,0.36611494421958923,-0.7699999809265137,-2.0299999713897705,1.75,0.1398779492927465,resting,null
9,left,3353.066076923077,1790663814586,9.674527168273926,1.296956181526184,0.3350071310997009,-0.7699999809265137,-2.0299999713897705,1.75,0.13942436857887933,resting,null
9,left,3353.0756923076924,1790663814586,9.595561027526855,1.246705174446106,0.36850783228874207,-0.7699999809265137,-2.0299999713897705,1.75,0.13816680562596426,resting,null
9,left,3353.0853076923077,1790663814586,9.562060356140137,1.3639576435089111,0.3613291084766388,-0.7699999809265137,-2.0299999713897705,1.75,0.13674478192308995,resting,null
9,right,3457.236,1790663814634,9.961676597595215,-3.182567834854126,0.20579010248184204,0.5600000023841858,-2.940000057220459,0.07000000029802322,0.15308215259436755,resting,null
9,right,3457.245615384615,1790663814634,9.961676597595215,-3.1873536109924316,0.2010042816400528,0.5600000023841858,-2.940000057220459,0.07000000029802322,0.15929283194890448,resting,null
9,right,3457.255230769231,1790663814634,9.973641395568848,-3.211282730102539,0.20818300545215607,0.5600000023841858,-2.940000057220459,0.07000000029802322,0.16568117697404586,resting,null
9,right,3457.264846153846,1790663814634,9.940139770507812,-3.239997625350952,0.24407662451267242,0.5600000023841858,-2.940000057220459,0.07000000029802322,0.1718482702822579,resting,null
9,right,3457.2744615384613,1790663814634,9.863567352294922,-3.1514599323272705,0.22014755010604858,0.5600000023841858,-2.940000057220459,0.07000000029802322,0.17705344450390986,resting,null
9,right,3457.284076923077,1790663814634,9.794173240661621,-3.2495691776275635,0.22732627391815186,0.5600000023841858,-2.940000057220459,0.07000000029802322,0.18190638035620404,resting,null
9,right,3457.2936923076923,1790663814634,9.813316345214844,-3.1371026039123535,0.24646952748298645,0.5600000023841858,-2.940000057220459,0.07000000029802322,0.18661026848175571,resting,null
9,right,3457.3033076923075,1790663814634,9.758278846740723,-3.120352268218994,0.24886244535446167,0.5600000023841858,-2.940000057220459,0.07000000029802322,0.19076022412782168,resting,null
9,left,3353.097,1790663814662,9.619490623474121,1.3089207410812378,0.339792937040329,-1.1200000047683716,-1.399999976158142,1.1200000047683716,0.1355825552807982,resting,null
9,left,3353.1066153846155,1790663814662,9.631455421447754,1.4788172245025635,0.363722026348114,-1.1200000047683716,-1.399999976158142,1.1200000047683716,0.13497629884380094,resting,null
9,left,3353.116230769231,1790663814662,9.605133056640625,1.387886643409729,0.3445787727832794,-1.1200000047683716,-1.399999976158142,1.1200000047683716,0.13399199694537559,resting,null
9,left,3353.1258461538464,1790663814662,9.617097854614258,1.4142086505889893,0.37807947397232056,-1.1200000047683716,-1.399999976158142,1.1200000047683716,0.1331696781591695,resting,null
9,left,3353.1354615384616,1790663814662,9.612311363220215,1.454888105392456,0.2943277060985565,-1.1200000047683716,-1.399999976158142,1.1200000047683716,0.13232990328234973,resting,null
9,left,3353.1450769230773,1790663814662,9.676919937133789,1.3974583148956299,0.31586387753486633,-1.1200000047683716,-1.399999976158142,1.1200000047683716,0.13203320732457594,resting,null
9,left,3353.1546923076926,1790663814662,9.624276161193848,1.4405306577682495,0.26800569891929626,-1.1200000047683716,-1.399999976158142,1.1200000047683716,0.13128092854349566,resting,null
9,left,3353.164307692308,1790663814662,9.54052448272705,1.4285660982131958,0.24886244535446167,-1.1200000047683716,-1.399999976158142,1.1200000047683716,0.1297114236262468,resting,null
9,right,3457.312,1790663814710,9.66256332397461,-3.1706032752990723,0.2727915346622467,-0.2800000011920929,-3.9200000762939453,0.21000000834465027,0.19385444033955218,resting,null
9,right,3457.321615384615,1790663814710,9.703242301940918,-3.0748867988586426,0.2895418703556061,-0.2800000011920929,-3.9200000762939453,0.21000000834465027,0.1973725818863965,resting,null
9,right,3457.331230769231,1790663814710,9.533346176147461,-3.1323165893554688,0.30868515372276306,-0.2800000011920929,-3.9200000762939453,0.21000000834465027,0.1995056056670378,resting,null
9,right,3457.340846153846,1790663814710,9.451987266540527,-3.153852939605713,0.3206496834754944,-0.2800000011920929,-3.9200000762939453,0.21000000834465027,0.20095994295196765,resting,null
9,right,3457.3504615384613,1790663814710,9.40173625946045,-3.09881591796875,0.3038993179798126,-0.2800000011920929,-3.9200000762939453,0.21000000834465027,0.20179042738803685,resting,null
9,right,3457.360076923077,1790663814710,9.387378692626953,-3.1155662536621094,0.3541503846645355,-0.2800000011920929,-3.9200000762939453,0.21000000834465027,0.20254973010617267,resting,null
9,right,3457.3696923076923,1790663814710,9.325162887573242,-3.0653152465820312,0.34697166085243225,-0.2800000011920929,-3.9200000762939453,0.21000000834465027,0.20259126222490506,resting,null
9,right,3457.3793076923075,1790663814710,9.267732620239258,-3.0820655822753906,0.382865309715271,-0.2800000011920929,-3.9200000762939453,0.21000000834465027,0.20216609305850808,resting,null
9,left,3353.176,1790663814737,9.483095169067383,1.5266753435134888,0.25843408703804016,-1.6800000667572021,-0.49000000953674316,1.6100000143051147,0.12731227141397733,resting,null
9,left,3353.185615384615,1790663814737,9.54052448272705,1.5027462244033813,0.2416837215423584,-1.6800000667572021,-0.49000000953674316,1.6100000143051147,0.12584894660758142,resting,null
9,left,3353.195230769231,1790663814737,9.612311363220215,1.4836030006408691,0.23450499773025513,-1.6800000667572021,-0.49000000953674316,1.6100000143051147,0.12504014566836966,resting,null
9,left,3353.204846153846,1790663814737,9.63624095916748,1.5577831268310547,0.23450499773025513,-1.6800000667572021,-0.49000000953674316,1.6100000143051147,0.12456642927451876,resting,null
9,left,3353.2144615384614,1790663814737,9.619490623474121,1.619998812675476,0.2010042816400528,-1.6800000667572021,-0.49000000953674316,1.6100000143051147,0.12401697501245464,resting,null
9,left,3353.224076923077,1790663814737,9.674527168273926,1.6846072673797607,0.1722893863916397,-1.6800000667572021,-0.49000000953674316,1.6100000143051147,0.12408007077095778,resting,null
9,left,3353.2336923076923,1790663814737,9.66016960144043,1.7731448411941528,0.1914326548576355,-1.6800000667572021,-0.49000000953674316,1.6100000143051147,0.12414557787928097,resting,null
9,left,3353.2433076923076,1790663814737,9.830066680908203,1.7276796102523804,0.2105759084224701,-1.6800000667572021,-0.49000000953674316,1.6100000143051147,0.1257643133310192,resting,null
9,right,3457.388,1790663814784,9.277304649353027,-3.0389933586120605,0.37568655610084534,-0.5600000023841858,-4.059999942779541,0.2800000011920929,0.20174529503823896,resting,null
9,right,3457.397615384615,1790663814784,9.224660873413086,-3.1107804775238037,0.3948298394680023,-0.5600000023841858,-4.059999942779541,0.2800000011920929,0.20101749183847553,resting,null
9,right,3457.407230769231,1790663814784,9.329948425292969,-3.2208542823791504,0.382865309715271,-0.5600000023841858,-4.059999942779541,0.2800000011920929,0.20157899780508412,resting,null
9,right,3457.416846153846,1790663814784,9.325162887573242,-3.3261423110961914,0.40918728709220886,-0.5600000023841858,-4.059999942779541,0.2800000011920929,0.20242044144100477,resting,null
9,right,3457.4264615384614,1790663814784,9.301233291625977,-3.2088897228240967,0.42833054065704346,-0.5600000023841858,-4.059999942779541,0.2800000011920929,0.20269854386880257,resting,null
9,right,3457.436076923077,1790663814784,9.176802635192871,-3.259140729904175,0.38525819778442383,-0.5600000023841858,-4.059999942779541,0.2800000011920929,0.20198516697037938,resting,null
9,right,3457.4456923076923,1790663814784,9.229446411132812,-3.2998201847076416,0.36850783228874207,-0.5600000023841858,-4.059999942779541,0.2800000011920929,0.20187470358604737,resting,null
9,right,3457.4553076923075,1790663814784,9.255768775939941,-3.2926416397094727,0.4307234585285187,-0.5600000023841858,-4.059999942779541,0.2800000011920929,0.2020003230650507,resting,null
9,left,3353.255,1790663814828,9.73195743560791,1.749215841293335,0.1722893863916397,-2.0999999046325684,-0.21000000834465027,1.2599999904632568,0.126632300367429,resting,null
9,left,3353.2646153846154,1790663814828,9.600347518920898,1.739644169807434,0.18664683401584625,-2.0999999046325684,-0.21000000834465027,1.2599999904632568,0.12608918150623857,resting,null
9,left,3353.274230769231,1790663814828,9.578810691833496,1.8162171840667725,0.17468228936195374,-2.0999999046325684,-0.21000000834465027,1.2599999904632568,0.12546048336994556,resting,null
9,left,3353.2838461538463,1790663814828,9.624276161193848,1.8999689817428589,0.15553902089595795,-2.0999999046325684,-0.21000000834465027,1.2599999904632568,0.12539336939380927,resting,null
9,left,3353.2934615384615,1790663814828,9.763065338134766,1.9095406532287598,0.15314611792564392,-2.0999999046325684,-0.21000000834465027,1.2599999904632568,0.12666136500802122,resting,null
9,left,3353.3030769230772,1790663814828,9.803744316101074,1.9262909889221191,0.19861137866973877,-2.0999999046325684,-0.21000000834465027,1.2599999904632568,0.1283553040812223,resting,null
9,left,3353.3126923076925,1790663814828,9.837244987487793,1.9478272199630737,0.21536172926425934,-2.0999999046325684,-0.21000000834465027,1.2599999904632568,0.13040840980919424,resting,null
9,left,3353.3223076923077,1790663814828,9.8085298538208,1.9167194366455078,0.17707519233226776,-2.0999999046325684,-0.21000000834465027,1.2599999904632568,0.13213429267685659,resting,null
9,right,3457.465,1790663814859,9.361056327819824,-3.3548572063446045,0.44029510021209717,-0.7699999809265137,-3.640000104904175,0.2800000011920929,0.20329056812063961,resting,null
9,right,3457.4746153846154,1790663814859,9.37541389465332,-3.350071430206299,0.4044014811515808,-0.7699999809265137,-3.640000104904175,0.2800000011920929,0.2046803117803493,resting,null
9,right,3457.484230769231,1790663814859,9.380199432373047,-3.323749303817749,0.40918728709220886,-0.7699999809265137,-3.640000104904175,0.2800000011920929,0.2060358439860113,resting,null
9,right,3457.4938461538463,1790663814859,9.320377349853516,-3.225640058517456,0.4044014811515808,-0.7699999809265137,-3.640000104904175,0.2800000011920929,0.20654455615017847,resting,null
9,right,3457.5034615384616,1790663814859,9.322770118713379,-3.2280330657958984,0.39961564540863037,-0.7699999809265137,-3.640000104904175,0.2800000011920929,0.20708215941182542,resting,null
9,right,3457.5130769230773,1790663814859,9.38259220123291,-3.254354953765869,0.339792937040329,-0.7699999809265137,-3.640000104904175,0.2800000011920929,0.20823002778461577,resting,null
9,right,3457.5226923076925,1790663814859,9.408914566040039,-3.3189635276794434,0.339792937040329,-0.7699999809265137,-3.640000104904175,0.2800000011920929,0.20981852728380554,resting,null
9,right,3457.5323076923078,1790663814859,9.406521797180176,-3.280677080154419,0.3350071310997009,-0.7699999809265137,-3.640000104904175,0.2800000011920929,0.21126480291017566,resting,null
9,left,3353.336,1790663814902,9.782208442687988,1.8329676389694214,0.21775463223457336,-2.0999999046325684,-0.699999988079071,1.4700000286102295,0.13405923339963735,resting,null
9,left,3353.345615384615,1790663814902,9.81092357635498,1.9167194366455078,0.24646952748298645,-2.0999999046325684,-0.699999988079071,1.4700000286102295,0.13582911738403597,resting,null
9,left,3353.3552307692307,1790663814902,9.794173240661621,1.844932198524475,0.2321120798587799,-2.0999999046325684,-0.699999988079071,1.4700000286102295,0.13731941872625053,resting,null
9,left,3353.364846153846,1790663814902,9.743921279907227,1.8233959674835205,0.23689790070056915,-2.0999999046325684,-0.699999988079071,1.4700000286102295,0.13829996228473426,resting,null
9,left,3353.374461538461,1790663814902,9.609918594360352,1.7922881841659546,0.2632198929786682,-2.0999999046325684,-0.699999988079071,1.4700000286102295,0.13796682889250478,resting,null
9,left,3353.384076923077,1790663814902,9.698456764221191,1.7563945055007935,0.24886244535446167,-2.0999999046325684,-0.699999988079071,1.4700000286102295,0.13840702447118552,resting,null
9,left,3353.393692307692,1790663814902,9.75588607788086,1.8545037508010864,0.3038993179798126,-2.0999999046325684,-0.699999988079071,1.4700000286102295,0.13957179786499382,resting,null
9,left,3353.4033076923074,1790663814902,9.856388092041016,1.6750357151031494,0.2919347882270813,-2.0999999046325684,-0.699999988079071,1.4700000286102295,0.141377176880543,resting,null
9,right,3457.54,1790663814934,9.36823558807373,-3.1729960441589355,0.3110780417919159,-1.0499999523162842,-3.430000066757202,0.2800000011920929,0.21186903447663305,resting,null
9,right,3457.549615384615,1790663814934,9.435236930847168,-3.266319513320923,0.3350071310997009,-1.0499999523162842,-3.430000066757202,0.2800000011920929,0.21353060582600727,resting,null
9,right,3457.559230769231,1790663814934,9.514202117919922,-3.139495372772217,0.32782840728759766,-1.0499999523162842,-3.430000066757202,0.2800000011920929,0.21551271613078374,resting,null
9,right,3457.568846153846,1790663814934,9.554882049560547,-3.146674156188965,0.3038993179798126,-1.0499999523162842,-3.430000066757202,0.2800000011920929,0.2178809770887963,resting,null
9,right,3457.5784615384614,1790663814934,9.55009651184082,-3.1083877086639404,0.26800569891929626,-1.0499999523162842,-3.430000066757202,0.2800000011920929,0.22007852739870198,resting,null
9,right,3457.588076923077,1790663814934,9.518988609313965,-3.048564910888672,0.2512553632259369,-1.0499999523162842,-3.430000066757202,0.2800000011920929,0.22180633007465694,resting,null
9,right,3457.5976923076923,1790663814934,9.528559684753418,-3.1036016941070557,0.260826975107193,-1.0499999523162842,-3.430000066757202,0.2800000011920929,0.2237926211043091,resting,null
9,right,3457.6073076923076,1790663814934,9.607525825500488,-3.0892443656921387,0.26800569891929626,-1.0499999523162842,-3.430000066757202,0.2800000011920929,0.22645759924900769,resting,null
9,left,3353.415,1790663814976,9.877924919128418,1.739644169807434,0.3015064299106598,-2.0299999713897705,-0.699999988079071,1.190000057220459,0.14395612448232356,resting,null
9,left,3353.424615384615,1790663814976,9.84203052520752,1.7276796102523804,0.3302213251590729,-2.0299999713897705,-0.699999988079071,1.190000057220459,0.14572459803793836,resting,null
9,left,3353.434230769231,1790663814976,9.837244987487793,1.718108057975769,0.3230426013469696,-2.0299999713897705,-0.699999988079071,1.190000057220459,0.14742949506998806,resting,null
9,left,3353.443846153846,1790663814976,9.925783157348633,1.7731448411941528,0.382865309715271,-2.0299999713897705,-0.699999988079071,1.190000057220459,0.15008102870596235,resting,null
9,left,3353.4534615384614,1790663814976,9.923389434814453,1.801859736442566,0.41875892877578735,-2.0299999713897705,-0.699999988079071,1.190000057220459,0.15276861893332153,resting,null
9,left,3353.463076923077,1790663814976,9.815709114074707,1.679821491241455,0.4115802049636841,-2.0299999713897705,-0.699999988079071,1.190000057220459,0.15423146685229933,resting,null
9,left,3353.4726923076923,1790663814976,9.830066680908203,1.8401463031768799,0.4522596299648285,-2.0299999713897705,-0.699999988079071,1.190000057220459,0.15611118576515168,resting,null
9,left,3353.4823076923076,1790663814976,9.830066680908203,1.6750357151031494,0.4235447347164154,-2.0299999713897705,-0.699999988079071,1.190000057220459,0.15770595542807417,resting,null
9,right,3457.616,1790663815009,9.700849533081055,-3.153852939605713,0.19621846079826355,-0.7699999809265137,-3.0799999237060547,0.3499999940395355,0.2297967665273859,resting,null
9,right,3457.6256153846152,1790663815009,9.710420608520508,-3.0964231491088867,0.13878867030143738,-0.7699999809265137,-3.0799999237060547,0.3499999940395355,0.23339219434112,resting,null
9,right,3457.635230769231,1790663815009,9.581204414367676,-2.811666965484619,0.17468228936195374,-0.7699999809265137,-3.0799999237060547,0.3499999940395355,0.234964658670432,resting,null
9,right,3457.644846153846,1790663815009,9.629061698913574,-2.895418882369995,0.16271774470806122,-0.7699999809265137,-3.0799999237060547,0.3499999940395355,0.237225634049896,resting,null
9,right,3457.6544615384614,1790663815009,9.545310020446777,-2.8499536514282227,0.12921704351902008,-0.7699999809265137,-3.0799999237060547,0.3499999940395355,0.23858300451481523,resting,null
9,right,3457.664076923077,1790663815009,9.502238273620605,-2.8547394275665283,0.14357449114322662,-0.7699999809265137,-3.0799999237060547,0.3499999940395355,0.23956660334544425,resting,null
9,right,3457.6736923076924,1790663815009,9.430450439453125,-2.900204658508301,0.19621846079826355,-0.7699999809265137,-3.0799999237060547,0.3499999940395355,0.24003817829901225,resting,null
9,right,3457.6833076923076,1790663815009,9.432844161987305,-3.0030996799468994,0.19621846079826355,-0.7699999809265137,-3.0799999237060547,0.3499999940395355,0.24083239153693523,resting,null
9,left,3353.494,1790663815066,9.803744316101074,1.6295703649520874,0.39004403352737427,-1.75,-1.1200000047683716,0.7699999809265137,0.15923783607565958,resting,null
9,left,3353.5036153846154,1790663815066,9.729564666748047,1.7827165126800537,0.3517574965953827,-1.75,-1.1200000047683716,0.7699999809265137,0.1600342476645425,resting,null
9,left,3353.513230769231,1790663815066,9.758278846740723,1.6415349245071411,0.40679436922073364,-1.75,-1.1200000047683716,0.7699999809265137,0.1608883215542628,resting,null
9,left,3353.5228461538463,1790663815066,9.674527168273926,1.7444299459457397,0.39004403352737427,-1.75,-1.1200000047683716,0.7699999809265137,0.16111350296494423,resting,null
9,left,3353.5324615384616,1790663815066,9.743921279907227,1.7228938341140747,0.3421858549118042,-1.75,-1.1200000047683716,0.7699999809265137,0.1619425163552799,resting,null
9,left,3353.5420769230773,1790663815066,9.674527168273926,1.6032484769821167,0.43790218234062195,-1.75,-1.1200000047683716,0.7699999809265137,0.1619507947012425,resting,null
9,left,3353.5516923076925,1790663815066,9.607525825500488,1.6965718269348145,0.4020085632801056,-1.75,-1.1200000047683716,0.7699999809265137,0.16146682206767263,resting,null
9,left,3353.5613076923078,1790663815066,9.597954750061035,1.6104271411895752,0.4139730930328369,-1.75,-1.1200000047683716,0.7699999809265137,0.16075558577800242,resting,null
9,right,3457.692,1790663815084,9.497451782226562,-2.928919553756714,0.181861013174057,-0.3499999940395355,-3.2899999618530273,0.49000000953674316,0.24188805255904927,resting,null
9,right,3457.7016153846153,1790663815084,9.516595840454102,-2.9145619869232178,0.19861137866973877,-0.3499999940395355,-3.2899999618530273,0.49000000953674316,0.2431933792656318,resting,null
9,right,3457.711230769231,1790663815084,9.420879364013672,-2.938491106033325,0.19382555782794952,-0.3499999940395355,-3.2899999618530273,0.49000000953674316,0.24368927026027185,resting,null
9,right,3457.720846153846,1790663815084,9.377806663513184,-2.7805593013763428,0.19621846079826355,-0.3499999940395355,-3.2899999618530273,0.49000000953674316,0.24333916891821217,resting,null
9,right,3457.7304615384614,1790663815084,9.294054985046387,-2.8834543228149414,0.18903973698616028,-0.3499999940395355,-3.2899999618530273,0.49000000953674316,0.24251347374118637,resting,null
9,right,3457.740076923077,1790663815084,9.351485252380371,-2.8571321964263916,0.2105759084224701,-0.3499999940395355,-3.2899999618530273,0.49000000953674316,0.24214470177338712,resting,null
9,right,3457.7496923076924,1790663815084,9.456772804260254,-2.928919553756714,0.19861137866973877,-0.3499999940395355,-3.2899999618530273,0.49000000953674316,0.24294418953482658,resting,null
9,right,3457.7593076923076,1790663815084,9.483095169067383,-2.9456698894500732,0.11725249886512756,-0.3499999940395355,-3.2899999618530273,0.49000000953674316,0.2440183596557844,resting,null
9,left,3353.573,1790663815142,9.626668930053711,1.6582852602005005,0.39961564540863037,-1.2599999904632568,-1.0499999523162842,0.9100000262260437,0.16031073208015578,resting,null
9,left,3353.582615384615,1790663815142,9.607525825500488,1.6750357151031494,0.4139730930328369,-1.2599999904632568,-1.0499999523162842,0.9100000262260437,0.15979706711456573,resting,null
9,left,3353.592230769231,1790663815142,9.696063995361328,1.6367491483688354,0.39961564540863037,-1.2599999904632568,-1.0499999523162842,0.9100000262260437,0.1600535786478646,resting,null
9,left,3353.601846153846,1790663815142,9.64341926574707,1.612820029258728,0.38525819778442383,-1.2599999904632568,-1.0499999523162842,0.9100000262260437,0.15976785580863567,resting,null
9,left,3353.6114615384613,1790663815142,9.724778175354004,1.6176059246063232,0.35654330253601074,-1.2599999904632568,-1.0499999523162842,0.9100000262260437,0.16024986749496659,resting,null
9,left,3353.621076923077,1790663815142,9.684099197387695,1.5697476863861084,0.36611494421958923,-1.2599999904632568,-1.0499999523162842,0.9100000262260437,0.16027471713356095,resting,null
9,left,3353.6306923076922,1790663815142,9.798958778381348,1.6295703649520874,0.37807947397232056,-1.2599999904632568,-1.0499999523162842,0.9100000262260437,0.16148614770394873,resting,null
9,left,3353.6403076923075,1790663815142,9.736742973327637,1.6247845888137817,0.3517574965953827,-1.2599999904632568,-1.0499999523162842,0.9100000262260437,0.16209081848430815,resting,null
9,right,3457.768,1790663815175,9.54052448272705,-2.8906328678131104,0.181861013174057,0.21000000834465027,-3.3600001335144043,0.42000001668930054,0.2453346706808572,resting,null
9,right,3457.7776153846153,1790663815175,9.492666244506836,-2.938491106033325,0.16511066257953644,0.21000000834465027,-3.3600001335144043,0.42000001668930054,0.24648338171780604,resting,null
9,right,3457.787230769231,1790663815175,9.571632385253906,-2.964813232421875,0.20818300545215607,0.21000000834465027,-3.3600001335144043,0.42000001668930054,0.24843818215774371,resting,null
9,right,3457.796846153846,1790663815175,9.564454078674316,-2.9193477630615234,0.21536172926425934,0.21000000834465027,-3.3600001335144043,0.42000001668930054,0.2501986037466278,resting,null
9,right,3457.8064615384615,1790663815175,9.502238273620605,-2.907383441925049,0.26561281085014343,0.21000000834465027,-3.3600001335144043,0.42000001668930054,0.2513621752672302,resting,null
9,right,3457.816076923077,1790663815175,9.463951110839844,-2.9480626583099365,0.22493335604667664,0.21000000834465027,-3.3600001335144043,0.42000001668930054,0.25228222040866977,resting,null
9,right,3457.8256923076924,1790663815175,9.497451782226562,-2.895418882369995,0.2703986167907715,0.21000000834465027,-3.3600001335144043,0.42000001668930054,0.25336886782041035,resting,null
9,right,3457.8353076923077,1790663815175,9.545310020446777,-3.0246357917785645,0.19861137866973877,0.21000000834465027,-3.3600001335144043,0.42000001668930054,0.2552483546608981,resting,null
9,left,3353.652,1790663815217,9.679313659667969,1.643927812576294,0.3613291084766388,-1.0499999523162842,-1.190000057220459,0.8400000333786011,0.16220542474364202,resting,null
9,left,3353.6616153846153,1790663815217,9.674527168273926,1.5721405744552612,0.3541503846645355,-1.0499999523162842,-1.190000057220459,0.8400000333786011,0.16213799273665425,resting,null
9,left,3353.671230769231,1790663815217,9.727170944213867,1.6367491483688354,0.3804723918437958,-1.0499999523162842,-1.190000057220459,0.8400000333786011,0.16268078434005342,resting,null
9,left,3353.6808461538462,1790663815217,9.775029182434082,1.6056413650512695,0.37568655610084534,-1.0499999523162842,-1.190000057220459,0.8400000333786011,0.16362601491444512,resting,null
9,left,3353.6904615384615,1790663815217,9.813316345214844,1.5506044626235962,0.36850783228874207,-1.0499999523162842,-1.190000057220459,0.8400000333786011,0.16484597875401627,resting,null
9,left,3353.700076923077,1790663815217,9.705635070800781,1.5697476863861084,0.39722275733947754,-1.0499999523162842,-1.190000057220459,0.8400000333786011,0.16508491072908002,resting,null
9,left,3353.7096923076924,1790663815217,9.717599868774414,1.5051392316818237,0.34936457872390747,-1.0499999523162842,-1.190000057220459,0.8400000333786011,0.16532133994764142,resting,null
9,left,3353.7193076923077,1790663815217,9.712814331054688,1.5888910293579102,0.339792937040329,-1.0499999523162842,-1.190000057220459,0.8400000333786011,0.1656368571071511,resting,null
9,right,3457.843,1790663815234,9.65299129486084,-2.9145619869232178,0.18425391614437103,0.2800000011920929,-3.2200000286102295,0.5600000023841858,0.25728935818335097,resting,null
9,right,3457.852615384615,1790663815234,9.688884735107422,-3.015064239501953,0.19861137866973877,0.2800000011920929,-3.2200000286102295,0.5600000023841858,0.2604570281372353,resting,null
9,right,3457.862230769231,1790663815234,9.698456764221191,-2.8714897632598877,0.23689790070056915,0.2800000011920929,-3.2200000286102295,0.5600000023841858,0.2633102679067575,resting,null
9,right,3457.871846153846,1790663815234,9.672134399414062,-2.8403818607330322,0.20818300545215607,0.2800000011920929,-3.2200000286102295,0.5600000023841858,0.2658292230577508,resting,null
9,right,3457.8814615384613,1790663815234,9.56684684753418,-2.8858470916748047,0.23450499773025513,0.2800000011920929,-3.2200000286102295,0.5600000023841858,0.267513682682271,resting,null
9,right,3457.891076923077,1790663815234,9.65299129486084,-2.8643109798431396,0.24407662451267242,0.2800000011920929,-3.2200000286102295,0.5600000023841858,0.26993127589168636,resting,null
9,right,3457.900692307692,1790663815234,9.605133056640625,-2.931312322616577,0.24646952748298645,0.2800000011920929,-3.2200000286102295,0.5600000023841858,0.27209620583362837,resting,null
9,right,3457.9103076923075,1790663815234,9.691277503967285,-2.8403818607330322,0.23929080367088318,0.2800000011920929,-3.2200000286102295,0.5600000023841858,0.27479730214808507,resting,null
9,left,3353.732,1790663815292,9.746315002441406,1.5793193578720093,0.3709007501602173,-0.8400000333786011,-0.8400000333786011,1.1200000047683716,0.16646734237493352,resting,null
9,left,3353.741615384615,1790663815292,9.789386749267578,1.5003533363342285,0.35893622040748596,-0.8400000333786011,-0.8400000333786011,1.1200000047683716,0.16738048038664433,resting,null
9,left,3353.751230769231,1790663815292,9.803744316101074,1.4788172245025635,0.382865309715271,-0.8400000333786011,-0.8400000333786011,1.1200000047683716,0.16840683176962662,resting,null
9,left,3353.760846153846,1790663815292,9.684099197387695,1.5075321197509766,0.35893622040748596,-0.8400000333786011,-0.8400000333786011,1.1200000047683716,0.1683321970817064,resting,null
9,left,3353.7704615384614,1790663815292,9.530953407287598,1.4764243364334106,0.3326142132282257,-0.8400000333786011,-0.8400000333786011,1.1200000047683716,0.16674923701824265,resting,null
9,left,3353.780076923077,1790663815292,9.442415237426758,1.4955675601959229,0.3421858549118042,-0.8400000333786011,-0.8400000333786011,1.1200000047683716,0.164358483537358,resting,null
9,left,3353.7896923076923,1790663815292,9.36823558807373,1.5003533363342285,0.3948298394680023,-0.8400000333786011,-0.8400000333786011,1.1200000047683716,0.16129076497980213,resting,null
9,left,3353.7993076923076,1790663815292,9.222268104553223,1.433351993560791,0.363722026348114,-0.8400000333786011,-0.8400000333786011,1.1200000047683716,0.15672901076696194,resting,null
9,right,3457.92,1790663815357,9.55727481842041,-2.8714897632598877,0.25843408703804016,0.5600000023841858,-3.640000104904175,0.699999988079071,0.27636819848598937,resting,null
9,right,3457.9296153846153,1790663815357,9.502238273620605,-2.9121692180633545,0.25604116916656494,0.5600000023841858,-3.640000104904175,0.699999988079071,0.2775329572970241,resting,null
9,right,3457.939230769231,1790663815357,9.337127685546875,-2.8858470916748047,0.21775463223457336,0.5600000023841858,-3.640000104904175,0.699999988079071,0.27709832334959905,resting,null
9,right,3457.9488461538463,1790663815357,9.36584186553955,-2.9552414417266846,0.2010042816400528,0.5600000023841858,-3.640000104904175,0.699999988079071,0.2771208352870216,resting,null
9,right,3457.9584615384615,1790663815357,9.327555656433105,-2.881061315536499,0.24886244535446167,0.5600000023841858,-3.640000104904175,0.699999988079071,0.27659177217447223,resting,null
9,right,3457.968076923077,1790663815357,9.36823558807373,-2.833203077316284,0.20339718461036682,0.5600000023841858,-3.640000104904175,0.699999988079071,0.2762923423895879,resting,null
9,right,3457.9776923076925,1790663815357,9.138516426086426,-2.7494513988494873,0.23929080367088318,0.5600000023841858,-3.640000104904175,0.699999988079071,0.27365462699566073,resting,null
9,right,3457.9873076923077,1790663815357,9.090658187866211,-2.7733805179595947,0.2727915346622467,0.5600000023841858,-3.640000104904175,0.699999988079071,0.27065283300047727,resting,null
9,left,3353.811,1790663815426,9.195945739746094,1.387886643409729,0.34697166085243225,-0.49000000953674316,-1.1200000047683716,0.42000001668930054,0.1507932171312345,resting,null
9,left,3353.8206153846154,1790663815426,9.006906509399414,1.3998512029647827,0.28714898228645325,-0.49000000953674316,-1.1200000047683716,0.42000001668930054,0.14411640554814067,resting,null
9,left,3353.830230769231,1790663815426,8.82983112335205,1.4213874340057373,0.23689790070056915,-0.49000000953674316,-1.1200000047683716,0.42000001668930054,0.1357775566932057,resting,null
9,left,3353.8398461538463,1790663815426,8.643183708190918,1.387886643409729,0.24886244535446167,-0.49000000953674316,-1.1200000047683716,0.42000001668930054,0.12562679295861126,resting,null
9,left,3353.8494615384616,1790663815426,8.33210563659668,1.5864980220794678,0.2536482512950897,-0.49000000953674316,-1.1200000047683716,0.42000001668930054,0.1128287423441176,resting,null
9,left,3353.8590769230773,1790663815426,7.956419467926025,1.7540016174316406,0.33740004897117615,-0.49000000953674316,-1.1200000047683716,0.42000001668930054,0.09675770874670822,resting,null
9,left,3353.8686923076925,1790663815426,8.174174308776855,2.0674726963043213,0.40918728709220886,-0.49000000953674316,-1.1200000047683716,0.42000001668930054,0.08326999613956812,resting,null
9,left,3353.8783076923078,1790663815426,8.549860954284668,1.8425391912460327,0.38525819778442383,-0.49000000953674316,-1.1200000047683716,0.42000001668930054,0.07300727719777726,ascending,1
9,right,3457.996,1790663815428,8.82983112335205,-2.5747690200805664,0.32543548941612244,0.49000000953674316,-4.269999980926514,0.8400000333786011,0.2652809909700125,resting,null
9,right,3458.0056153846153,1790663815428,8.391928672790527,-2.61305570602417,0.3038993179798126,0.49000000953674316,-4.269999980926514,0.8400000333786011,0.255419923386813,resting,null
9,right,3458.015230769231,1790663815428,7.992312908172607,-2.536482572555542,0.22732627391815186,0.49000000953674316,-4.269999980926514,0.8400000333786011,0.2416610430154698,resting,null
9,right,3458.0248461538463,1790663815428,7.896596908569336,-2.718343496322632,0.1411815732717514,0.49000000953674316,-4.269999980926514,0.8400000333786011,0.22752959989189717,resting,null
9,right,3458.0344615384615,1790663815428,7.733879089355469,-3.5319323539733887,0.14357449114322662,0.49000000953674316,-4.269999980926514,0.8400000333786011,0.21424480006179641,resting,null
9,right,3458.0440769230772,1790663815428,8.291426658630371,-3.3357138633728027,0.1411815732717514,0.49000000953674316,-4.269999980926514,0.8400000333786011,0.20553351064572287,ascending,1
9,right,3458.0536923076925,1790663815428,8.389535903930664,-3.5462896823883057,0.12682412564754486,0.49000000953674316,-4.269999980926514,0.8400000333786011,0.19834657541565476,ascending,1
9,right,3458.0633076923077,1790663815428,8.49003791809082,-2.900204658508301,0.12682412564754486,0.49000000953674316,-4.269999980926514,0.8400000333786011,0.1902159567670128,ascending,1
9,left,3353.89,1790663815457,8.492430686950684,1.8401463031768799,0.40918728709220886,-0.42000001668930054,-0.3499999940395355,0.07000000029802322,0.059889689610700576,ascending,1
9,left,3353.899615384615,1790663815457,8.257925987243652,2.148831367492676,0.3445787727832794,-0.42000001668930054,-0.3499999940395355,0.07000000029802322,0.04736198108652158,ascending,1
9,left,3353.909230769231,1790663815457,7.820023536682129,1.868861198425293,0.13639576733112335,-0.42000001668930054,-0.3499999940395355,0.07000000029802322,0.030190415215869577,ascending,1
9,left,3353.918846153846,1790663815457,7.7673797607421875,1.560176134109497,0.11485958844423294,-0.42000001668930054,-0.3499999940395355,0.07000000029802322,0.01203149947850607,resting,null
9,left,3353.9284615384613,1790663815457,7.489802360534668,2.0985803604125977,0.18425391614437103,-0.42000001668930054,-0.3499999940395355,0.07000000029802322,-0.007840320056015182,resting,null
9,left,3353.938076923077,1790663815457,8.009063720703125,2.2014753818511963,0.20579010248184204,-0.42000001668930054,-0.3499999940395355,0.07000000029802322,-0.022597858874117048,resting,null
9,left,3353.9476923076923,1790663815457,8.533110618591309,2.4359803199768066,0.21536172926425934,-0.42000001668930054,-0.3499999940395355,0.07000000029802322,-0.031981967472486994,resting,null
9,left,3353.9573076923075,1790663815457,9.030835151672363,2.0555081367492676,0.22014755010604858,-0.42000001668930054,-0.3499999940395355,0.07000000029802322,-0.03727923624603302,resting,null
9,right,3458.072,1790663815520,7.922918796539307,-2.971991777420044,0.3015064299106598,0.7699999809265137,-4.550000190734863,1.6800000667572021,0.1783986265911282,ascending,1
9,right,3458.0816153846154,1790663815520,7.30076265335083,-2.7733805179595947,0.4044014811515808,0.7699999809265137,-4.550000190734863,1.6800000667572021,0.15908244746362235,ascending,1
9,right,3458.091230769231,1790663815520,6.76235818862915,-2.318727970123291,0.3732936680316925,0.7699999809265137,-4.550000190734863,1.6800000667572021,0.13350818238386097,ascending,1
9,right,3458.1008461538463,1790663815520,6.570925712585449,-3.196925163269043,0.3038993179798126,0.7699999809265137,-4.550000190734863,1.6800000667572021,0.10879952055114932,ascending,1
9,right,3458.1104615384615,1790663815520,6.913111686706543,-3.048564910888672,0.3445787727832794,0.7699999809265137,-4.550000190734863,1.6800000667572021,0.08680940263037347,ascending,1
9,right,3458.1200769230772,1790663815520,8.009063720703125,-3.182567834854126,0.2943277060985565,0.7699999809265137,-4.550000190734863,1.6800000667572021,0.07523881374438449,ascending,1
9,right,3458.1296923076925,1790663815520,8.674291610717773,-2.928919553756714,0.4020085632801056,0.7699999809265137,-4.550000190734863,1.6800000667572021,0.0690000204967359,ascending,1
9,right,3458.1393076923077,1790663815520,8.554646492004395,-2.811666965484619,0.33740004897117615,0.7699999809265137,-4.550000190734863,1.6800000667572021,0.06130794597871169,ascending,1
9,left,3353.969,1790663815532,8.858545303344727,1.9861136674880981,0.22971917688846588,0.2800000011920929,-0.21000000834465027,1.3300000429153442,-0.04582737933349054,resting,null
9,left,3353.9786153846153,1790663815532,8.059314727783203,1.7755378484725952,0.17946811020374298,0.2800000011920929,-0.21000000834465027,1.3300000429153442,-0.06077843371340749,resting,null
9,left,3353.988230769231,1790663815532,7.753022193908691,2.184725046157837,0.1698964685201645,0.2800000011920929,-0.21000000834465027,1.3300000429153442,-0.07790249254467943,resting,null
9,left,3353.9978461538462,1790663815532,7.721914291381836,2.304370403289795,0.09332341700792313,0.2800000011920929,-0.21000000834465027,1.3300000429153442,-0.09511226155984363,resting,null
9,left,3354.0074615384615,1790663815532,8.947083473205566,2.3306925296783447,0.13400284945964813,0.2800000011920929,-0.21000000834465027,1.3300000429153442,-0.10067348544226375,resting,null
9,left,3354.017076923077,1790663815532,9.815709114074707,2.479052782058716,0.2129688262939453,0.2800000011920929,-0.21000000834465027,1.3300000429153442,-0.09773515186057165,descending,null
9,left,3354.0266923076924,1790663815532,10.08610725402832,2.3019776344299316,0.22732627391815186,0.2800000011920929,-0.21000000834465027,1.3300000429153442,-0.09255176576262357,descending,null
9,left,3354.0363076923077,1790663815532,9.430450439453125,2.4288017749786377,0.2703986167907715,0.2800000011920929,-0.21000000834465027,1.3300000429153442,-0.09330760928613231,descending,null
9,right,3458.147,1790663815549,7.506552696228027,-3.127530813217163,0.31825676560401917,1.399999976158142,-3.569999933242798,0.6299999952316284,0.0482747878179578,ascending,1
9,right,3458.156615384615,1790663815549,6.788680076599121,-2.6106626987457275,0.4139730930328369,1.399999976158142,-3.569999933242798,0.6299999952316284,0.023901617477569033,ascending,1
9,right,3458.166230769231,1790663815549,7.425193786621094,-3.1299238204956055,0.3732936680316925,1.399999976158142,-3.569999933242798,0.6299999952316284,0.00692543449596944,resting,null
9,right,3458.175846153846,1790663815549,8.509181022644043,-3.421858549118042,0.3541503846645355,1.399999976158142,-3.569999933242798,0.6299999952316284,0.0007296345937926302,resting,null
9,right,3458.1854615384614,1790663815549,9.473523139953613,-3.4242515563964844,0.3732936680316925,1.399999976158142,-3.569999933242798,0.6299999952316284,0.00332876083573509,resting,null
9,right,3458.195076923077,1790663815549,9.528559684753418,-3.7137932777404785,0.3302213251590729,1.399999976158142,-3.569999933242798,0.6299999952316284,0.007321876118331113,resting,null
9,right,3458.2046923076923,1790663815549,9.437629699707031,-3.6707210540771484,0.3206496834754944,1.399999976158142,-3.569999933242798,0.6299999952316284,0.010357957833648188,resting,null
9,right,3458.2143076923076,1790663815549,8.770008087158203,-3.4888598918914795,0.26800569891929626,1.399999976158142,-3.569999933242798,0.6299999952316284,0.006755667986615872,resting,null
9,left,3354.048,1790663815622,8.980584144592285,2.3498356342315674,0.30868515372276306,0.9100000262260437,-1.9600000381469727,1.4700000286102295,-0.09953359761286978,descending,null
9,left,3354.057615384615,1790663815622,8.430214881896973,1.928683876991272,0.26800569891929626,0.9100000262260437,-1.9600000381469727,1.4700000286102295,-0.11062114970260863,descending,null
9,left,3354.0672307692307,1790663815622,8.887260437011719,1.9526129961013794,0.3206496834754944,0.9100000262260437,-1.9600000381469727,1.4700000286102295,-0.11733333879824973,descending,null
9,left,3354.076846153846,1790663815622,9.253376007080078,2.2589051723480225,0.363722026348114,0.9100000262260437,-1.9600000381469727,1.4700000286102295,-0.12000239880857545,descending,null
9,left,3354.086461538461,1790663815622,9.538131713867188,2.2182257175445557,0.339792937040329,0.9100000262260437,-1.9600000381469727,1.4700000286102295,-0.12006598234698426,descending,null
9,left,3354.096076923077,1790663815622,9.55009651184082,2.079437017440796,0.3015064299106598,0.9100000262260437,-1.9600000381469727,1.4700000286102295,-0.12028825367605187,descending,null
9,left,3354.105692307692,1790663815622,9.559667587280273,2.050722122192383,0.2703986167907715,0.9100000262260437,-1.9600000381469727,1.4700000286102295,-0.12048209221719769,descending,null
9,left,3354.1153076923074,1790663815622,9.320377349853516,1.366350531578064,0.2225404530763626,0.9100000262260437,-1.9600000381469727,1.4700000286102295,-0.12424886087993281,descending,null
9,right,3458.223,1790663815624,8.643183708190918,-3.3261423110961914,0.25604116916656494,1.6800000667572021,-3.8499999046325684,0.49000000953674316,0.0019994619246204086,resting,null
9,right,3458.232615384615,1790663815624,8.588147163391113,-3.251962184906006,0.20818300545215607,1.6800000667572021,-3.8499999046325684,0.49000000953674316,-0.003998106819010749,resting,null
9,right,3458.242230769231,1790663815624,9.203125,-3.338106870651245,0.2010042816400528,1.6800000667572021,-3.8499999046325684,0.49000000953674316,-0.004141912533453234,resting,null
9,right,3458.251846153846,1790663815624,9.373021125793457,-3.7137932777404785,0.1914326548576355,1.6800000667572021,-3.8499999046325684,0.49000000953674316,-0.0015400187047398732,resting,null
9,right,3458.2614615384614,1790663815624,9.593168258666992,-3.484074115753174,0.20818300545215607,1.6800000667572021,-3.8499999046325684,0.49000000953674316,0.002320123237823619,resting,null
9,right,3458.271076923077,1790663815624,9.389771461486816,-3.1107804775238037,0.3134709596633911,1.6800000667572021,-3.8499999046325684,0.49000000953674316,0.0031540888879147697,resting,null
9,right,3458.2806923076923,1790663815624,8.84658145904541,-2.845167636871338,0.34936457872390747,1.6800000667572021,-3.8499999046325684,0.49000000953674316,-0.0017743318116786586,resting,null
9,right,3458.2903076923076,1790663815624,8.406286239624023,-3.015064239501953,0.363722026348114,1.6800000667572021,-3.8499999046325684,0.49000000953674316,-0.010139702623684006,resting,null
9,left,3354.128,1790663815700,9.229446411132812,1.837753415107727,0.181861013174057,1.4700000286102295,-1.5399999618530273,1.0499999523162842,-0.12917342680001712,descending,null
9,left,3354.1376153846154,1790663815700,9.126551628112793,1.651106595993042,0.22493335604667664,1.4700000286102295,-1.5399999618530273,1.0499999523162842,-0.13421175999068585,descending,null
9,left,3354.147230769231,1790663815700,9.440022468566895,1.8664683103561401,0.3206496834754944,1.4700000286102295,-1.5399999618530273,1.0499999523162842,-0.1358656819290892,descending,null
9,left,3354.1568461538463,1790663815700,9.813316345214844,2.050722122192383,0.30868515372276306,1.4700000286102295,-1.5399999618530273,1.0499999523162842,-0.13365747581590198,descending,null
9,left,3354.1664615384616,1790663815700,10.100464820861816,1.9478272199630737,0.32543548941612244,1.4700000286102295,-1.5399999618530273,1.0499999523162842,-0.12893405641383698,descending,null
9,left,3354.1760769230773,1790663815700,9.858781814575195,1.9334697723388672,0.363722026348114,1.4700000286102295,-1.5399999618530273,1.0499999523162842,-0.12650618100271482,descending,null
9,left,3354.1856923076925,1790663815700,9.411307334899902,1.6750357151031494,0.3134709596633911,1.4700000286102295,-1.5399999618530273,1.0499999523162842,-0.1287892166951031,descending,null
9,left,3354.195307692308,1790663815700,8.533110618591309,1.6630711555480957,0.2919347882270813,1.4700000286102295,-1.5399999618530273,1.0499999523162842,-0.13937764531413824,descending,null
9,right,3458.3,1790663815700,8.329712867736816,-2.254119396209717,0.3421858549118042,2.0999999046325684,-3.9200000762939453,1.6800000667572021,-0.021723126078016564,resting,null
9,right,3458.3096153846154,1790663815700,8.808294296264648,-3.1706032752990723,0.24646952748298645,2.0999999046325684,-3.9200000762939453,1.6800000667572021,-0.025961618555168185,resting,null
9,right,3458.319230769231,1790663815700,9.181588172912598,-3.309391975402832,0.28714898228645325,2.0999999046325684,-3.9200000762939453,1.6800000667572021,-0.0263625415500918,resting,null
9,right,3458.3288461538464,1790663815700,9.48788070678711,-3.2208542823791504,0.2895418703556061,2.0999999046325684,-3.9200000762939453,1.6800000667572021,-0.024272753691484118,resting,null
9,right,3458.3384615384616,1790663815700,9.27969741821289,-3.295034408569336,0.27757734060287476,2.0999999046325684,-3.9200000762939453,1.6800000667572021,-0.023833822583514176,resting,null
9,right,3458.3480769230773,1790663815700,9.069121360778809,-2.8212387561798096,0.24407662451267242,2.0999999046325684,-3.9200000762939453,1.6800000667572021,-0.026824963603230823,resting,null
9,right,3458.3576923076926,1790663815700,8.51396656036377,-2.6752712726593018,0.25604116916656494,2.0999999046325684,-3.9200000762939453,1.6800000667572021,-0.035304467313363744,resting,null
9,right,3458.367307692308,1790663815700,7.898989677429199,-2.507767677307129,0.25843408703804016,2.0999999046325684,-3.9200000762939453,1.6800000667572021,-0.04988439199035401,resting,null
9,left,3354.208,1790663815772,8.296212196350098,1.6271774768829346,0.27757734060287476,2.0299999713897705,-2.5899999141693115,1.5399999618530273,-0.15638556423524466,descending,null
9,left,3354.2176153846153,1790663815772,9.47830867767334,1.581712245941162,0.23929080367088318,2.0299999713897705,-2.5899999141693115,1.5399999618530273,-0.15820912862553396,descending,null
9,left,3354.227230769231,1790663815772,10.169858932495117,2.0698654651641846,0.3326142132282257,2.0299999713897705,-2.5899999141693115,1.5399999618530273,-0.15259095769319472,descending,null
9,left,3354.2368461538463,1790663815772,10.155502319335938,2.14404559135437,0.34936457872390747,2.0299999713897705,-2.5899999141693115,1.5399999618530273,-0.14696744291959618,descending,null
9,left,3354.2464615384615,1790663815772,9.420879364013672,1.622391700744629,0.3732936680316925,2.0299999713897705,-2.5899999141693115,1.5399999618530273,-0.14922708896466558,descending,null
9,left,3354.256076923077,1790663815772,8.918368339538574,1.4381377696990967,0.35893622040748596,2.0299999713897705,-2.5899999141693115,1.5399999618530273,-0.15656086532569827,descending,null
9,left,3354.2656923076925,1790663815772,8.57618236541748,1.141417145729065,0.3134709596633911,2.0299999713897705,-2.5899999141693115,1.5399999618530273,-0.1676609945888339,descending,null
9,left,3354.2753076923077,1790663815772,8.50678825378418,1.0074143409729004,0.2321120798587799,2.0299999713897705,-2.5899999141693115,1.5399999618530273,-0.17966195955415953,descending,null
9,right,3458.375,1790663815774,8.090422630310059,-2.409658432006836,0.29911351203918457,2.7300000190734863,-3.2200000286102295,1.4700000286102295,-0.06039239668377176,resting,null
9,right,3458.3846153846152,1790663815774,8.889653205871582,-2.9193477630615234,0.3206496834754944,2.7300000190734863,-3.2200000286102295,1.4700000286102295,-0.0646521852519566,resting,null
9,right,3458.394230769231,1790663815774,9.600347518920898,-3.2232472896575928,0.26561281085014343,2.7300000190734863,-3.2200000286102295,1.4700000286102295,-0.061512569385862165,resting,null
9,right,3458.403846153846,1790663815774,9.265339851379395,-3.182567834854126,0.3038993179798126,2.7300000190734863,-3.2200000286102295,1.4700000286102295,-0.061535613164143646,resting,null
9,right,3458.4134615384614,1790663815774,9.040407180786133,-3.0509579181671143,0.21536172926425934,2.7300000190734863,-3.2200000286102295,1.4700000286102295,-0.06403364026320137,descending,null
9,right,3458.423076923077,1790663815774,8.695828437805176,-2.713557720184326,0.2105759084224701,2.7300000190734863,-3.2200000286102295,1.4700000286102295,-0.07071114652739512,descending,null
9,right,3458.4326923076924,1790663815774,8.40389347076416,-2.634591817855835,0.2416837215423584,2.7300000190734863,-3.2200000286102295,1.4700000286102295,-0.08027493575852117,descending,null
9,right,3458.4423076923076,1790663815774,8.145459175109863,-2.318727970123291,0.3350071310997009,2.7300000190734863,-3.2200000286102295,1.4700000286102295,-0.093133998334724,descending,null
9,left,3354.287,1790663815847,9.140909194946289,1.05048668384552,0.23450499773025513,2.6600000858306885,-2.450000047683716,1.5399999618530273,-0.18685340387795477,descending,null
9,left,3354.296615384615,1790663815847,9.882710456848145,1.0600582361221313,0.2105759084224701,2.6600000858306885,-2.450000047683716,1.5399999618530273,-0.18573126032855602,descending,null
9,left,3354.3062307692308,1790663815847,10.064571380615234,1.4357448816299438,0.2919347882270813,2.6600000858306885,-2.450000047683716,1.5399999618530273,-0.1822114149148553,descending,null
9,left,3354.315846153846,1790663815847,9.696063995361328,1.3400285243988037,0.35654330253601074,2.6600000858306885,-2.450000047683716,1.5399999618530273,-0.1823160286705736,descending,null
9,left,3354.3254615384612,1790663815847,9.310805320739746,0.7681235074996948,0.3948298394680023,2.6600000858306885,-2.450000047683716,1.5399999618530273,-0.1870033680770919,descending,null
9,left,3354.335076923077,1790663815847,9.071514129638672,0.8901618123054504,0.31586387753486633,2.6600000858306885,-2.450000047683716,1.5399999618530273,-0.19375493467556257,descending,null
9,left,3354.344692307692,1790663815847,9.408914566040039,0.9380199909210205,0.21536172926425934,2.6600000858306885,-2.450000047683716,1.5399999618530273,-0.19724222892909904,descending,null
9,left,3354.3543076923074,1790663815847,9.408914566040039,0.7776951193809509,0.12921704351902008,2.6600000858306885,-2.450000047683716,1.5399999618530273,-0.20099293765024853,descending,null
9,right,3458.451,1790663815849,8.39432144165039,-1.8903974294662476,0.3613291084766388,3.009999990463257,-2.0999999046325684,1.190000057220459,-0.10387892872950434,descending,null
9,right,3458.4606153846153,1790663815849,8.87051010131836,-2.572376251220703,0.3445787727832794,3.009999990463257,-2.0999999046325684,1.190000057220459,-0.10933254122882936,descending,null
9,right,3458.470230769231,1790663815849,9.380199432373047,-2.6609137058258057,0.3015064299106598,3.009999990463257,-2.0999999046325684,1.190000057220459,-0.10987196806252886,descending,null
9,right,3458.479846153846,1790663815849,9.528559684753418,-2.943276882171631,0.19382555782794952,3.009999990463257,-2.0999999046325684,1.190000057220459,-0.1082237743998559,descending,null
9,right,3458.4894615384615,1790663815849,9.212696075439453,-2.7877378463745117,0.17946811020374298,3.009999990463257,-2.0999999046325684,1.190000057220459,-0.10992613482475469,descending,null
9,right,3458.499076923077,1790663815849,9.119372367858887,-2.7159507274627686,0.23450499773025513,3.009999990463257,-2.0999999046325684,1.190000057220459,-0.11267856511255543,descending,null
9,right,3458.5086923076924,1790663815849,9.248589515686035,-2.4623024463653564,0.2895418703556061,3.009999990463257,-2.0999999046325684,1.190000057220459,-0.11498607996988407,descending,null
9,right,3458.5183076923076,1790663815849,8.92554759979248,-2.311549186706543,0.42833054065704346,3.009999990463257,-2.0999999046325684,1.190000057220459,-0.1206527818363109,descending,null
9,right,3458.527,1790663815939,8.636005401611328,-2.1320810317993164,0.521653950214386,3.2899999618530273,-1.9600000381469727,1.1200000047683716,-0.1286187398261447,descending,null
9,right,3458.5366153846153,1790663815939,8.882474899291992,-2.093794584274292,0.5431901216506958,3.2899999618530273,-1.9600000381469727,1.1200000047683716,-0.13526837456894503,descending,null
9,right,3458.546230769231,1790663815939,9.530953407287598,-2.9265265464782715,0.5312256217002869,3.2899999618530273,-1.9600000381469727,1.1200000047683716,-0.1335395214664335,descending,null
9,right,3458.5558461538462,1790663815939,10.028677940368652,-3.041386127471924,0.5575475692749023,3.2899999618530273,-1.9600000381469727,1.1200000047683716,-0.12691043025916457,descending,null
9,right,3458.5654615384615,1790663815939,10.090893745422363,-3.0318145751953125,0.5049036145210266,3.2899999618530273,-1.9600000381469727,1.1200000047683716,-0.11975312588412931,descending,null
9,right,3458.575076923077,1790663815939,9.813316345214844,-2.9337053298950195,0.5168681740760803,3.2899999618530273,-1.9600000381469727,1.1200000047683716,-0.1154194882949765,descending,null
9,right,3458.5846923076924,1790663815939,9.63624095916748,-2.8930258750915527,0.45943835377693176,3.2899999618530273,-1.9600000381469727,1.1200000047683716,-0.1128405093127209,descending,null
9,right,3458.5943076923077,1790663815939,9.796566009521484,-3.196925163269043,0.4020085632801056,3.2899999618530273,-1.9600000381469727,1.1200000047683716,-0.1079275735598563,descending,null
9,left,3354.366,1790663815982,9.447200775146484,0.8590540289878845,0.09332341700792313,2.0999999046325684,-2.940000057220459,0.42000001668930054,-0.2049399570977079,descending,null
9,left,3354.3756153846152,1790663815982,9.81092357635498,0.9547703266143799,0.06221561133861542,2.0999999046325684,-2.940000057220459,0.42000001668930054,-0.20457921338232632,descending,null
9,left,3354.385230769231,1790663815982,10.406757354736328,1.3448143005371094,0.055036887526512146,2.0999999046325684,-2.940000057220459,0.42000001668930054,-0.19795211354613007,descending,null
9,left,3354.394846153846,1790663815982,10.478544235229492,1.3759222030639648,0.11485958844423294,2.0999999046325684,-2.940000057220459,0.42000001668930054,-0.19057977786689084,descending,null
9,left,3354.4044615384614,1790663815982,10.358899116516113,1.1174880266189575,0.12203831225633621,2.0999999046325684,-2.940000057220459,0.42000001668930054,-0.18473062338804058,descending,null
9,left,3354.414076923077,1790663815982,10.129179954528809,1.0672370195388794,0.10289505124092102,2.0999999046325684,-2.940000057220459,0.42000001668930054,-0.1811330492168605,descending,null
9,left,3354.4236923076924,1790663815982,10.1578950881958,1.3615647554397583,0.17707519233226776,2.0999999046325684,-2.940000057220459,0.42000001668930054,-0.17680525589784193,descending,null
9,left,3354.4333076923076,1790663815982,10.69629955291748,1.5864980220794678,0.23689790070056915,2.0999999046325684,-2.940000057220459,0.42000001668930054,-0.16702289281399943,descending,null
9,right,3458.603,1790663815999,9.997570037841797,-3.3189635276794434,0.4020085632801056,3.990000009536743,-0.9100000262260437,1.6800000667572021,-0.10150124996226056,descending,null
9,right,3458.6126153846153,1790663815999,10.332576751708984,-3.4410018920898438,0.3948298394680023,3.990000009536743,-0.9100000262260437,1.6800000667572021,-0.09097329529584823,descending,null
9,right,3458.622230769231,1790663815999,10.196181297302246,-3.5606472492218018,0.4522596299648285,3.990000009536743,-0.9100000262260437,1.6800000667572021,-0.08132211939462125,descending,null
9,right,3458.6318461538463,1790663815999,9.9832124710083,-3.4122869968414307,0.5862624645233154,3.990000009536743,-0.9100000262260437,1.6800000667572021,-0.07401392025289458,descending,null
9,right,3458.6414615384615,1790663815999,9.569239616394043,-4.10623025894165,0.5862624645233154,3.990000009536743,-0.9100000262260437,1.6800000667572021,-0.06840891436409834,descending,null
9,right,3458.651076923077,1790663815999,9.406521797180176,-3.6802926063537598,0.679585874080658,3.990000009536743,-0.9100000262260437,1.6800000667572021,-0.06552211433323755,descending,null
9,right,3458.6606923076924,1790663815999,9.976034164428711,-3.948298454284668,0.6436922550201416,3.990000009536743,-0.9100000262260437,1.6800000667572021,-0.05663511269256278,descending,null
9,right,3458.6703076923077,1790663815999,10.540760040283203,-3.632434368133545,0.5742979645729065,3.990000009536743,-0.9100000262260437,1.6800000667572021,-0.043580042641459024,descending,null
9,left,3354.445,1790663816011,10.80637264251709,1.4213874340057373,0.2727915346622467,1.6100000143051147,-3.009999990463257,0.5600000023841858,-0.154143828633928,descending,null
9,left,3354.4546153846154,1790663816011,10.930804252624512,1.4812101125717163,0.19621846079826355,1.6100000143051147,-3.009999990463257,0.5600000023841858,-0.14229944297603964,descending,null
9,left,3354.464230769231,1790663816011,10.722620964050293,1.837753415107727,0.11007377505302429,1.6100000143051147,-3.009999990463257,0.5600000023841858,-0.13194162307258328,descending,null
9,left,3354.4738461538464,1790663816011,10.141144752502441,1.9238981008529663,-0.0502510704100132,1.6100000143051147,-3.009999990463257,0.5600000023841858,-0.12700696360203623,descending,null
9,left,3354.4834615384616,1790663816011,10.303862571716309,1.9167194366455078,-0.07896596938371658,1.6100000143051147,-3.009999990463257,0.5600000023841858,-0.12053625969288581,descending,null
9,left,3354.4930769230773,1790663816011,10.569475173950195,1.8856115341186523,-0.016750356182456017,1.6100000143051147,-3.009999990463257,0.5600000023841858,-0.11157808078860813,descending,null
9,left,3354.5026923076925,1790663816011,10.8685884475708,1.8521108627319336,0.04546525329351425,1.6100000143051147,-3.009999990463257,0.5600000023841858,-0.09982297792404474,descending,null
9,left,3354.512307692308,1790663816011,10.28471851348877,1.7731448411941528,0.13639576733112335,1.6100000143051147,-3.009999990463257,0.5600000023841858,-0.0937224551306966,descending,null
9,left,3354.524,1790663816087,9.873138427734375,1.7324655055999756,0.028714897111058235,1.190000057220459,-4.829999923706055,0.9100000262260437,-0.09114147889572198,descending,null
9,left,3354.533615384615,1790663816087,9.889888763427734,1.6319633722305298,0.023929081857204437,1.190000057220459,-4.829999923706055,0.9100000262260437,-0.08901347210695214,descending,null
9,left,3354.543230769231,1790663816087,10.708263397216797,2.0555081367492676,0.007178724277764559,1.190000057220459,-4.829999923706055,0.9100000262260437,-0.07846850033830184,descending,null
9,left,3354.552846153846,1790663816087,10.99780559539795,2.1249024868011475,-0.06700142472982407,1.190000057220459,-4.829999923706055,0.9100000262260437,-0.06507228331602935,descending,null
9,left,3354.5624615384613,1790663816087,10.760908126831055,1.9095406532287598,-0.0909305065870285,1.190000057220459,-4.829999923706055,0.9100000262260437,-0.05426286073445738,descending,null
9,left,3354.572076923077,1790663816087,10.169858932495117,1.4740313291549683,-0.11725249886512756,1.190000057220459,-4.829999923706055,0.9100000262260437,-0.04974235866947967,descending,null
9,left,3354.5816923076923,1790663816087,9.258161544799805,0.6819788217544556,-0.1722893863916397,1.190000057220459,-4.829999923706055,0.9100000262260437,-0.05508582250197584,descending,null
9,left,3354.5913076923075,1790663816087,9.083478927612305,1.2323477268218994,-0.22971917688846588,1.190000057220459,-4.829999923706055,0.9100000262260437,-0.06123018633025479,descending,null
9,right,3458.678,1790663816104,10.117215156555176,-3.6013267040252686,0.5575475692749023,2.799999952316284,-0.14000000059604645,1.8200000524520874,-0.03630504590375976,descending,null
9,right,3458.687615384615,1790663816104,9.222268104553223,-3.3572499752044678,0.5527617931365967,2.799999952316284,-0.14000000059604645,1.8200000524520874,-0.03610613796917809,descending,null
9,right,3458.697230769231,1790663816104,9.126551628112793,-3.141888380050659,0.5599405169487,2.799999952316284,-0.14000000059604645,1.8200000524520874,-0.03743216381275071,descending,null
9,right,3458.706846153846,1790663816104,9.394556999206543,-3.9722273349761963,0.6245490312576294,2.799999952316284,-0.14000000059604645,1.8200000524520874,-0.033729917729903094,descending,null
9,right,3458.7164615384613,1790663816104,10.25121784210205,-4.271340847015381,0.6843717098236084,2.799999952316284,-0.14000000059604645,1.8200000524520874,-0.021276931824003593,descending,null
9,right,3458.726076923077,1790663816104,10.193788528442383,-4.335949420928955,0.7011220455169678,2.799999952316284,-0.14000000059604645,1.8200000524520874,-0.009127254764805182,resting,null
9,right,3458.7356923076923,1790663816104,9.729564666748047,-3.6013267040252686,0.7609447836875916,2.799999952316284,-0.14000000059604645,1.8200000524520874,-0.0034618114258053775,resting,null
9,right,3458.7453076923075,1790663816104,9.172017097473145,-3.247176170349121,0.758551836013794,2.799999952316284,-0.14000000059604645,1.8200000524520874,-0.003965142798309987,resting,null
9,left,3354.604,1790663816177,9.27969741821289,1.2730270624160767,-0.1698964685201645,0.5600000023841858,-5.320000171661377,1.8200000524520874,-0.06678869838023761,descending,null
9,left,3354.613615384615,1790663816177,10.36368465423584,1.387886643409729,-0.10768086463212967,0.5600000023841858,-5.320000171661377,1.8200000524520874,-0.06053315393780468,descending,null
9,left,3354.6232307692308,1790663816177,10.53836727142334,1.7444299459457397,-0.06939433515071869,0.5600000023841858,-5.320000171661377,1.8200000524520874,-0.0520942425437224,descending,null
9,left,3354.632846153846,1790663816177,9.626668930053711,1.9813278913497925,-0.023929081857204437,0.5600000023841858,-5.320000171661377,1.8200000524520874,-0.05195588300752599,descending,null
9,left,3354.6424615384612,1790663816177,8.844188690185547,1.4740313291549683,0.07657305896282196,0.5600000023841858,-5.320000171661377,1.8200000524520874,-0.06001875173447844,descending,null
9,left,3354.652076923077,1790663816177,8.624040603637695,1.6774286031723022,0.11964540183544159,0.5600000023841858,-5.320000171661377,1.8200000524520874,-0.06985876748906575,descending,null
9,left,3354.661692307692,1790663816177,9.473523139953613,1.1509888172149658,0.2512553632259369,0.5600000023841858,-5.320000171661377,1.8200000524520874,-0.07244151052305378,descending,null
9,left,3354.6713076923074,1790663816177,9.81092357635498,1.8664683103561401,0.20339718461036682,0.5600000023841858,-5.320000171661377,1.8200000524520874,-0.07073245954155594,descending,null
9,right,3458.755,1790663816194,8.186138153076172,-3.0102784633636475,0.7537660598754883,1.5399999618530273,-0.9100000262260437,0.5600000023841858,-0.014235115669693085,resting,null
9,right,3458.7646153846154,1790663816194,8.078457832336426,-2.7422726154327393,0.7872667908668518,1.5399999618530273,-0.9100000262260437,0.5600000023841858,-0.02621853294490685,resting,null
9,right,3458.774230769231,1790663816194,8.882474899291992,-3.646791934967041,0.7705163955688477,1.5399999618530273,-0.9100000262260437,0.5600000023841858,-0.028057216831136884,resting,null
9,right,3458.7838461538463,1790663816194,10.155502319335938,-3.211282730102539,0.7226582169532776,1.5399999618530273,-0.9100000262260437,0.5600000023841858,-0.01974782620420215,resting,null
9,right,3458.7934615384615,1790663816194,10.052606582641602,-3.7066147327423096,0.6652284264564514,1.5399999618530273,-0.9100000262260437,0.5600000023841858,-0.010840798837918364,resting,null
9,right,3458.8030769230772,1790663816194,9.167230606079102,-3.146674156188965,0.5814766883850098,1.5399999618530273,-0.9100000262260437,0.5600000023841858,-0.011771402363548606,resting,null
9,right,3458.8126923076925,1790663816194,8.370392799377441,-3.7616515159606934,0.4139730930328369,1.5399999618530273,-0.9100000262260437,0.5600000023841858,-0.018053158825149216,resting,null
9,right,3458.8223076923077,1790663816194,8.42064380645752,-2.91695499420166,0.34936457872390747,1.5399999618530273,-0.9100000262260437,0.5600000023841858,-0.026586928680352496,resting,null
9,right,3458.831,1790663816224,9.002120018005371,-2.809274196624756,0.3804723918437958,1.2599999904632568,1.0499999523162842,1.4700000286102295,-0.029826397557720825,resting,null
9,right,3458.8406153846154,1790663816224,9.212696075439453,-3.1801748275756836,0.46900999546051025,1.2599999904632568,1.0499999523162842,1.4700000286102295,-0.030285398187714547,resting,null
9,right,3458.850230769231,1790663816224,10.011927604675293,-2.5412683486938477,0.6077986359596252,1.2599999904632568,1.0499999523162842,1.4700000286102295,-0.02542716038566516,resting,null
9,right,3458.8598461538463,1790663816224,9.437629699707031,-3.218461275100708,0.6556568145751953,1.2599999904632568,1.0499999523162842,1.4700000286102295,-0.023635800649955428,resting,null
9,right,3458.8694615384616,1790663816224,8.93272590637207,-3.02942156791687,0.6269419193267822,1.2599999904632568,1.0499999523162842,1.4700000286102295,-0.027030256676461136,resting,null
9,right,3458.8790769230773,1790663816224,8.853759765625,-3.4410018920898438,0.540797233581543,1.2599999904632568,1.0499999523162842,1.4700000286102295,-0.029888028976150914,resting,null
9,right,3458.8886923076925,1790663816224,9.370628356933594,-3.273498296737671,0.5575475692749023,1.2599999904632568,1.0499999523162842,1.4700000286102295,-0.028576842936364102,resting,null
9,right,3458.8983076923078,1790663816224,10.162680625915527,-3.6850783824920654,0.49772489070892334,1.2599999904632568,1.0499999523162842,1.4700000286102295,-0.01881801898947988,resting,null
9,left,3354.683,1790663816252,10.141144752502441,1.1725249290466309,0.03828652948141098,-0.14000000059604645,-4.900000095367432,1.0499999523162842,-0.0661021084603927,descending,null
9,left,3354.6926153846152,1790663816252,9.705635070800781,0.9786993861198425,-0.023929081857204437,-0.14000000059604645,-4.900000095367432,1.0499999523162842,-0.06670561347610884,descending,null
9,left,3354.702230769231,1790663816252,9.047585487365723,1.4501023292541504,-0.055036887526512146,-0.14000000059604645,-4.900000095367432,1.0499999523162842,-0.07285810946581077,descending,null
9,left,3354.711846153846,1790663816252,9.145694732666016,1.1342384815216064,0.0502510704100132,-0.14000000059604645,-4.900000095367432,1.0499999523162842,-0.0785506683637298,descending,null
9,left,3354.7214615384614,1790663816252,10.10285758972168,1.3998512029647827,0.08853759616613388,-0.14000000059604645,-4.900000095367432,1.0499999523162842,-0.07475990354699129,descending,null
9,left,3354.731076923077,1790663816252,10.519224166870117,1.5721405744552612,0.12682412564754486,-0.14000000059604645,-4.900000095367432,1.0499999523162842,-0.06676599354328021,descending,null
9,left,3354.7406923076924,1790663816252,10.358899116516113,1.4357448816299438,0.12682412564754486,-0.14000000059604645,-4.900000095367432,1.0499999523162842,-0.0604954206996139,descending,null
9,left,3354.7503076923076,1790663816252,9.968854904174805,1.3160994052886963,0.14836029708385468,-0.14000000059604645,-4.900000095367432,1.0499999523162842,-0.0581053745519566,descending,null
9,right,3458.907,1790663816299,10.011927604675293,-3.7616515159606934,0.521653950214386,1.3300000429153442,1.8200000524520874,1.6100000143051147,-0.010999592287880023,resting,null
9,right,3458.9166153846154,1790663816299,9.822887420654297,-3.266319513320923,0.4761887192726135,1.3300000429153442,1.8200000524520874,1.6100000143051147,-0.005666945970782361,resting,null
9,right,3458.926230769231,1790663816299,9.48788070678711,-3.3979294300079346,0.5072965025901794,1.3300000429153442,1.8200000524520874,1.6100000143051147,-0.002935296373746188,resting,null
9,right,3458.9358461538463,1790663816299,9.894675254821777,-2.8475606441497803,0.48815324902534485,1.3300000429153442,1.8200000524520874,1.6100000143051147,0.0017184184919174965,resting,null
9,right,3458.9454615384616,1790663816299,10.212931632995605,-3.036600351333618,0.5240468978881836,1.3300000429153442,1.8200000524520874,1.6100000143051147,0.009879116176125,resting,null
9,right,3458.9550769230773,1790663816299,10.423507690429688,-3.1945323944091797,0.5934411883354187,1.3300000429153442,1.8200000524520874,1.6100000143051147,0.020485773875889526,resting,null
9,right,3458.9646923076925,1790663816299,10.5551176071167,-3.6132912635803223,0.6412993669509888,1.3300000429153442,1.8200000524520874,1.6100000143051147,0.03362466933581959,resting,null
9,right,3458.974307692308,1790663816299,10.246432304382324,-3.682685613632202,0.708300769329071,1.3300000429153442,1.8200000524520874,1.6100000143051147,0.04421456849650412,resting,null
9,left,3354.762,1790663816327,9.686491966247559,0.9930568337440491,0.14836029708385468,-1.0499999523162842,-5.809999942779541,0.9100000262260437,-0.05901652845572861,descending,null
9,left,3354.7716153846154,1790663816327,9.806137084960938,0.5982270240783691,0.10768086463212967,-1.0499999523162842,-5.809999942779541,0.9100000262260437,-0.059169248476396895,descending,null
9,left,3354.781230769231,1790663816327,10.052606582641602,0.6269419193267822,0.07896596938371658,-1.0499999523162842,-5.809999942779541,0.9100000262260437,-0.056921088145267085,descending,null
9,left,3354.7908461538464,1790663816327,10.605368614196777,1.1940611600875854,0.021536173298954964,-1.0499999523162842,-5.809999942779541,0.9100000262260437,-0.04862496040800522,descending,null
9,left,3354.8004615384616,1790663816327,10.447436332702637,1.6774286031723022,-0.03350071236491203,-1.0499999523162842,-5.809999942779541,0.9100000262260437,-0.04117087678560962,descending,null
9,left,3354.8100769230773,1790663816327,10.131572723388672,1.464459776878357,-0.09571632742881775,-1.0499999523162842,-5.809999942779541,0.9100000262260437,-0.037012311820478865,descending,null
9,left,3354.8196923076925,1790663816327,9.705635070800781,0.8758043646812439,-0.09571632742881775,-1.0499999523162842,-5.809999942779541,0.9100000262260437,-0.037704625241767556,descending,null
9,left,3354.829307692308,1790663816327,9.899460792541504,0.765730619430542,-0.08375178277492523,-1.0499999523162842,-5.809999942779541,0.9100000262260437,-0.03669065957109301,descending,null
9,right,3458.982,1790663816389,10.026285171508789,-3.1251380443573,0.7154794931411743,-0.49000000953674316,0.9100000262260437,1.2599999904632568,0.049687402258165536,resting,null
9,right,3458.991615384615,1790663816389,10.129179954528809,-2.8906328678131104,0.7322298884391785,-0.49000000953674316,0.9100000262260437,1.2599999904632568,0.056740035133012845,resting,null
9,right,3459.001230769231,1790663816389,10.770479202270508,-3.2854628562927246,0.6987291574478149,-0.49000000953674316,0.9100000262260437,1.2599999904632568,0.07082892216187625,resting,null
9,right,3459.010846153846,1790663816389,11.177273750305176,-3.6563634872436523,0.6891575455665588,-0.49000000953674316,0.9100000262260437,1.2599999904632568,0.0897544036536276,resting,null
9,right,3459.0204615384614,1790663816389,11.229917526245117,-4.142123699188232,0.6293348073959351,-0.49000000953674316,0.9100000262260437,1.2599999904632568,0.11062512118825774,resting,null
9,right,3459.030076923077,1790663816389,10.887731552124023,-3.962655782699585,0.5814766883850098,-0.49000000953674316,0.9100000262260437,1.2599999904632568,0.12779895073238712,ascending,1
9,right,3459.0396923076923,1790663816389,10.598190307617188,-3.6132912635803223,0.5623334050178528,-0.49000000953674316,0.9100000262260437,1.2599999904632568,0.1412348426008004,ascending,1
9,right,3459.0493076923076,1790663816389,10.725013732910156,-3.661149263381958,0.5455830693244934,-0.49000000953674316,0.9100000262260437,1.2599999904632568,0.1559564648291772,ascending,1
9,left,3354.841,1790663816402,10.722620964050293,1.3113136291503906,-0.04546525329351425,-2.7300000190734863,-4.340000152587891,0.07000000029802322,-0.025051069372408648,descending,null
9,left,3354.850615384615,1790663816402,11.024127960205078,1.7898952960968018,0.0047858161851763725,-2.7300000190734863,-4.340000152587891,0.07000000029802322,-0.011986720120440966,resting,null
9,left,3354.860230769231,1790663816402,10.820730209350586,1.454888105392456,0.016750356182456017,-2.7300000190734863,-4.340000152587891,0.07000000029802322,-0.0013098556415075166,resting,null
9,left,3354.869846153846,1790663816402,10.3804349899292,1.3926725387573242,0.07178724557161331,-2.7300000190734863,-4.340000152587891,0.07000000029802322,0.005083599558490192,resting,null
9,left,3354.8794615384613,1790663816402,10.007142066955566,1.0839873552322388,0.08135887235403061,-2.7300000190734863,-4.340000152587891,0.07000000029802322,0.0075163402740439315,resting,null
9,left,3354.889076923077,1790663816402,10.263182640075684,1.1940611600875854,0.10528795421123505,-2.7300000190734863,-4.340000152587891,0.07000000029802322,0.012530075034611104,resting,null
9,left,3354.8986923076923,1790663816402,10.519224166870117,1.2514909505844116,-0.03350071236491203,-2.7300000190734863,-4.340000152587891,0.07000000029802322,0.02007105277499878,resting,null
9,left,3354.9083076923075,1790663816402,10.535974502563477,0.8710185289382935,-0.12682412564754486,-2.7300000190734863,-4.340000152587891,0.07000000029802322,0.02729984293187135,resting,null
9,right,3459.058,1790663816449,10.949947357177734,-3.7425081729888916,0.6221560835838318,-1.75,0.21000000834465027,1.5399999618530273,0.17137080369184224,ascending,1
9,right,3459.0676153846152,1790663816449,11.418957710266113,-3.5582542419433594,0.6819788217544556,-1.75,0.21000000834465027,1.5399999618530273,0.19213333682299968,ascending,1
9,right,3459.077230769231,1790663816449,11.304098129272461,-3.5367181301116943,0.7561589479446411,-1.75,0.21000000834465027,1.5399999618530273,0.21181938479624293,ascending,1
9,right,3459.086846153846,1790663816449,11.134201049804688,-3.295034408569336,0.8351249098777771,-1.75,0.21000000834465027,1.5399999618530273,0.22925486509917747,ascending,1
9,right,3459.0964615384614,1790663816449,11.256239891052246,-3.4888598918914795,0.7848738431930542,-1.75,0.21000000834465027,1.5399999618530273,0.24836512693620177,ascending,1
9,right,3459.106076923077,1790663816449,11.277775764465332,-3.807116746902466,0.7776951193809509,-1.75,0.21000000834465027,1.5399999618530273,0.26863412862303004,ascending,1
9,right,3459.1156923076924,1790663816449,11.512280464172363,-3.780794858932495,0.8159816861152649,-1.75,0.21000000834465027,1.5399999618530273,0.2909677225859456,ascending,1
9,right,3459.1253076923076,1790663816449,11.150951385498047,-3.7353296279907227,0.7729093432426453,-1.75,0.21000000834465027,1.5399999618530273,0.30984245311888003,ascending,1
9,left,3354.921,1790663816536,10.559903144836426,1.0289504528045654,-0.13400284945964813,-3.640000104904175,-3.3600001335144043,1.190000057220459,0.03741357574520578,resting,null
9,left,3354.930615384615,1790663816536,10.71304988861084,1.2251689434051514,-0.10528795421123505,-3.640000104904175,-3.3600001335144043,1.190000057220459,0.04677360793711052,resting,null
9,left,3354.9402307692308,1790663816536,11.351956367492676,1.6391420364379883,-0.12921704351902008,-3.640000104904175,-3.3600001335144043,1.190000057220459,0.06272913376467164,resting,null
9,left,3354.949846153846,1790663816536,11.6845703125,1.6582852602005005,-0.11964540183544159,-3.640000104904175,-3.3600001335144043,1.190000057220459,0.08187153884704874,resting,null
9,left,3354.9594615384613,1790663816536,11.064806938171387,1.1294525861740112,-0.09810923039913177,-3.640000104904175,-3.3600001335144043,1.190000057220459,0.09444218123888327,resting,null
9,left,3354.969076923077,1790663816536,10.495294570922852,1.0576653480529785,-0.11246667802333832,-3.640000104904175,-3.3600001335144043,1.190000057220459,0.10149791864561268,resting,null
9,left,3354.978692307692,1790663816536,10.411542892456055,1.0935590267181396,0.02632198855280876,-3.640000104904175,-3.3600001335144043,1.190000057220459,0.10778140130543436,ascending,1
9,left,3354.9883076923074,1790663816536,10.854230880737305,1.1988469362258911,-0.0047858161851763725,-3.640000104904175,-3.3600001335144043,1.190000057220459,0.11841549110671326,ascending,1
9,right,3459.134,1790663816540,10.847052574157715,-3.280677080154419,0.727444052696228,-3.1500000953674316,-1.6800000667572021,1.2599999904632568,0.32312292434348905,ascending,1
9,right,3459.1436153846153,1790663816540,10.653226852416992,-3.606112480163574,0.6269419193267822,-3.1500000953674316,-1.6800000667572021,1.2599999904632568,0.33697783633109896,ascending,1
9,right,3459.153230769231,1790663816540,10.863802909851074,-3.5606472492218018,0.6149773597717285,-3.1500000953674316,-1.6800000667572021,1.2599999904632568,0.35259698574180987,ascending,1
9,right,3459.162846153846,1790663816540,11.366312980651855,-3.61089825630188,0.648478090763092,-3.1500000953674316,-1.6800000667572021,1.2599999904632568,0.37295523229252664,ascending,1
9,right,3459.1724615384614,1790663816540,11.404600143432617,-3.5032174587249756,0.7920525670051575,-3.1500000953674316,-1.6800000667572021,1.2599999904632568,0.3934071966748969,ascending,1
9,right,3459.182076923077,1790663816540,11.208381652832031,-2.1655819416046143,0.9428057670593262,-3.1500000953674316,-1.6800000667572021,1.2599999904632568,0.40812850141557633,ascending,1
9,right,3459.1916923076924,1790663816540,10.066964149475098,-2.720736503601074,0.9906639456748962,-3.1500000953674316,-1.6800000667572021,1.2599999904632568,0.41414211617997976,ascending,1
9,right,3459.2013076923076,1790663816540,9.37541389465332,-2.6656997203826904,1.1294525861740112,-3.1500000953674316,-1.6800000667572021,1.2599999904632568,0.4137659111923244,ascending,1
9,left,3355,1790663816566,11.351956367492676,1.2132043838500977,-0.021536173298954964,-4.96999979019165,-1.8899999856948853,0.42000001668930054,0.13713858294086093,ascending,1
9,left,3355.0096153846152,1790663816566,11.220346450805664,1.0911661386489868,-0.13878867030143738,-4.96999979019165,-1.8899999856948853,0.42000001668930054,0.15114890359071878,ascending,1
9,left,3355.019230769231,1790663816566,10.397185325622559,0.8494823575019836,-0.3732936680316925,-4.96999979019165,-1.8899999856948853,0.42000001668930054,0.15705614607557805,ascending,1
9,left,3355.028846153846,1790663816566,9.609918594360352,0.8829830884933472,-0.5072965025901794,-4.96999979019165,-1.8899999856948853,0.42000001668930054,0.1555093234399638,ascending,1
9,left,3355.0384615384614,1790663816566,9.717599868774414,1.079201579093933,-0.5168681740760803,-4.96999979019165,-1.8899999856948853,0.42000001668930054,0.15521823793061998,ascending,1
9,left,3355.048076923077,1790663816566,10.043035507202148,1.299349069595337,-0.4642241597175598,-4.96999979019165,-1.8899999856948853,0.42000001668930054,0.1582765749333688,ascending,1
9,left,3355.0576923076924,1790663816566,10.423507690429688,1.1366313695907593,-0.44986671209335327,-4.96999979019165,-1.8899999856948853,0.42000001668930054,0.16478342330624104,ascending,1
9,left,3355.0673076923076,1790663816566,10.37325668334961,1.3615647554397583,-0.42833054065704346,-4.96999979019165,-1.8899999856948853,0.42000001668930054,0.1710594570264754,ascending,1
9,right,3459.211,1790663816600,9.430450439453125,-2.747058391571045,1.1270596981048584,-3.9200000762939453,-2.940000057220459,1.3300000429153442,0.4141409878828648,ascending,1
9,right,3459.220615384615,1790663816600,9.760672569274902,-2.964813232421875,1.0696299076080322,-3.9200000762939453,-2.940000057220459,1.3300000429153442,0.4181451927587763,ascending,1
9,right,3459.2302307692307,1790663816600,10.480937004089355,-2.8858470916748047,1.0289504528045654,-3.9200000762939453,-2.940000057220459,1.3300000429153442,0.42846382551941326,ascending,1
9,right,3459.239846153846,1790663816600,10.727407455444336,-3.2854628562927246,1.05048668384552,-3.9200000762939453,-2.940000057220459,1.3300000429153442,0.44222827968481837,ascending,1
9,right,3459.249461538461,1790663816600,11.165308952331543,-3.364428758621216,1.103130578994751,-3.9200000762939453,-2.940000057220459,1.3300000429153442,0.46024912093092485,ascending,1
9,right,3459.259076923077,1790663816600,11.765929222106934,-3.7688302993774414,1.0600582361221313,-3.9200000762939453,-2.940000057220459,1.3300000429153442,0.4849166760290705,ascending,1
9,right,3459.268692307692,1790663816600,11.670212745666504,-3.8956544399261475,1.1174880266189575,-3.9200000762939453,-2.940000057220459,1.3300000429153442,0.5091112400139737,ascending,1
9,right,3459.2783076923074,1790663816600,11.026520729064941,-3.890868663787842,1.1342384815216064,-3.9200000762939453,-2.940000057220459,1.3300000429153442,0.5274233156373324,ascending,1
9,left,3355.08,1790663816642,10.612546920776367,1.531461238861084,-0.39961564540863037,-5.670000076293945,-0.9800000190734863,0.42000001668930054,0.18260625060504124,ascending,1
9,left,3355.089615384615,1790663816642,10.854230880737305,1.7922881841659546,-0.45943835377693176,-5.670000076293945,-0.9800000190734863,0.42000001668930054,0.19397497112965112,ascending,1
9,left,3355.099230769231,1790663816642,10.995412826538086,2.340264081954956,-0.43550926446914673,-5.670000076293945,-0.9800000190734863,0.42000001668930054,0.20733242703085955,ascending,1
9,left,3355.108846153846,1790663816642,10.899696350097656,1.9310768842697144,-0.4809745252132416,-5.670000076293945,-0.9800000190734863,0.42000001668930054,0.21931024166694607,ascending,1
9,left,3355.1184615384614,1790663816642,9.861174583435059,1.4429235458374023,-0.4546525478363037,-5.670000076293945,-0.9800000190734863,0.42000001668930054,0.22079796486596487,ascending,1
9,left,3355.128076923077,1790663816642,9.786993980407715,1.4142086505889893,-0.4761887192726135,-5.670000076293945,-0.9800000190734863,0.42000001668930054,0.22155266873715213,ascending,1
9,left,3355.1376923076923,1790663816642,9.064335823059082,1.4189945459365845,-0.3517574965953827,-5.670000076293945,-0.9800000190734863,0.42000001668930054,0.21539876285348306,ascending,1
9,left,3355.1473076923075,1790663816642,9.03562068939209,1.7228938341140747,-0.2943277060985565,-5.670000076293945,-0.9800000190734863,0.42000001668930054,0.20934164120626692,ascending,1
9,right,3459.286,1790663816689,11.086342811584473,-3.3476784229278564,1.0648441314697266,-3.9200000762939453,-3.5,1.190000057220459,0.5411783901312479,ascending,1
9,right,3459.2956153846153,1790663816689,10.354113578796387,-2.8571321964263916,1.0289504528045654,-3.9200000762939453,-3.5,1.190000057220459,0.550212182485005,ascending,1
9,right,3459.305230769231,1790663816689,10.062178611755371,-3.007885456085205,0.9667348861694336,-3.9200000762939453,-3.5,1.190000057220459,0.5569904811365821,ascending,1
9,right,3459.3148461538462,1790663816689,9.839637756347656,-3.043779134750366,0.8327320218086243,-3.9200000762939453,-3.5,1.190000057220459,0.561761461601963,ascending,1
9,right,3459.3244615384615,1790663816689,10.07892894744873,-3.1849606037139893,0.7920525670051575,-3.9200000762939453,-3.5,1.190000057220459,0.5691065883011102,ascending,1
9,right,3459.334076923077,1790663816689,9.916211128234863,-3.7712230682373047,0.6389064788818359,-3.9200000762939453,-3.5,1.190000057220459,0.5766068665326483,ascending,1
9,right,3459.3436923076924,1790663816689,9.66256332397461,-3.606112480163574,0.648478090763092,-3.9200000762939453,-3.5,1.190000057220459,0.5813149358762789,ascending,1
9,right,3459.3533076923077,1790663816689,10.052606582641602,-3.639613151550293,0.6101915836334229,-3.9200000762939453,-3.5,1.190000057220459,0.5896603728786926,ascending,1
9,left,3355.159,1790663816732,9.160052299499512,1.9621846675872803,-0.16271774470806122,-5.320000171661377,-0.3499999940395355,1.6800000667572021,0.20375960566463422,ascending,1
9,left,3355.1686153846154,1790663816732,9.497451782226562,1.6630711555480957,-0.059822700917720795,-5.320000171661377,-0.3499999940395355,1.6800000667572021,0.20198748662908217,ascending,1
9,left,3355.178230769231,1790663816732,8.95665454864502,2.2301902770996094,-0.035893622785806656,-5.320000171661377,-0.3499999940395355,1.6800000667572021,0.19579923980460984,ascending,1
9,left,3355.1878461538463,1790663816732,9.109801292419434,2.0291860103607178,-0.055036887526512146,-5.320000171661377,-0.3499999940395355,1.6800000667572021,0.19083004214856716,ascending,1
9,left,3355.1974615384615,1790663816732,9.882710456848145,1.9693633317947388,0.0502510704100132,-5.320000171661377,-0.3499999940395355,1.6800000667572021,0.1931271058159355,ascending,1
9,left,3355.2070769230772,1790663816732,9.93774700164795,2.0746512413024902,0.07178724557161331,-5.320000171661377,-0.3499999940395355,1.6800000667572021,0.19609165728941405,ascending,1
9,left,3355.2166923076925,1790663816732,9.940139770507812,2.177546262741089,0.07178724557161331,-5.320000171661377,-0.3499999940395355,1.6800000667572021,0.19922680172984555,ascending,1
9,left,3355.2263076923077,1790663816732,9.205517768859863,2.0985803604125977,0.11725249886512756,-5.320000171661377,-0.3499999940395355,1.6800000667572021,0.19526799031737754,ascending,1
9,right,3459.362,1790663816764,10.117215156555176,-3.8454031944274902,0.5742979645729065,-3.640000104904175,-4.760000228881836,1.8899999856948853,0.5982823515221348,ascending,1
9,right,3459.3716153846153,1790663816764,10.880553245544434,-3.9937636852264404,0.5551546812057495,-3.640000104904175,-4.760000228881836,1.8899999856948853,0.6152116540422232,ascending,1
9,right,3459.381230769231,1790663816764,10.428293228149414,-3.6659352779388428,0.5838695764541626,-3.640000104904175,-4.760000228881836,1.8899999856948853,0.6270404791814762,ascending,1
9,right,3459.3908461538463,1790663816764,9.593168258666992,-3.421858549118042,0.5503688454627991,-3.640000104904175,-4.760000228881836,1.8899999856948853,0.6305075901431132,ascending,1
9,right,3459.4004615384615,1790663816764,9.145694732666016,-3.3548572063446045,0.5192610621452332,-3.640000104904175,-4.760000228881836,1.8899999856948853,0.6296885456605653,ascending,1
9,right,3459.410076923077,1790663816764,8.911190032958984,-3.4936459064483643,0.5431901216506958,-3.640000104904175,-4.760000228881836,1.8899999856948853,0.6271919616614889,ascending,1
9,right,3459.4196923076925,1790663816764,9.222268104553223,-3.3404996395111084,0.5623334050178528,-3.640000104904175,-4.760000228881836,1.8899999856948853,0.6270542220279638,ascending,1
9,right,3459.4293076923077,1790663816764,9.19355297088623,-3.6731138229370117,0.6077986359596252,-3.640000104904175,-4.760000228881836,1.8899999856948853,0.6277332793215477,ascending,1
9,left,3355.238,1790663816807,8.66472053527832,1.6558923721313477,0.040679436177015305,-4.619999885559082,1.3300000429153442,-1.1200000047683716,0.18350565360541737,ascending,1
9,left,3355.247615384615,1790663816807,9.071514129638672,2.0004711151123047,0.007178724277764559,-4.619999885559082,1.3300000429153442,-1.1200000047683716,0.1782005562065638,ascending,1
9,left,3355.257230769231,1790663816807,9.236625671386719,2.361800193786621,0.03828652948141098,-4.619999885559082,1.3300000429153442,-1.1200000047683716,0.1749862189288998,ascending,1
9,left,3355.266846153846,1790663816807,9.73195743560791,2.2086541652679443,0.0047858161851763725,-4.619999885559082,1.3300000429153442,-1.1200000047683716,0.17628670872771435,ascending,1
9,left,3355.2764615384613,1790663816807,9.387378692626953,1.9837207794189453,-0.08375178277492523,-4.619999885559082,1.3300000429153442,-1.1200000047683716,0.1740171982858109,ascending,1
9,left,3355.286076923077,1790663816807,9.492666244506836,2.275655508041382,-0.17468228936195374,-4.619999885559082,1.3300000429153442,-1.1200000047683716,0.1732043178636829,ascending,1
9,left,3355.295692307692,1790663816807,10.062178611755371,2.4144442081451416,-0.2129688262939453,-4.619999885559082,1.3300000429153442,-1.1200000047683716,0.1780273728783796,ascending,1
9,left,3355.3053076923075,1790663816807,10.155502319335938,2.234976053237915,-0.2727915346622467,-4.619999885559082,1.3300000429153442,-1.1200000047683716,0.18348833359403785,ascending,1
9,right,3459.438,1790663816839,9.054763793945312,-3.4745025634765625,0.6221560835838318,-3.7100000381469727,-6.090000152587891,0.9100000262260437,0.6266524735566608,ascending,1
9,right,3459.4476153846153,1790663816839,8.985369682312012,-3.3333208560943604,0.7202653288841248,-3.7100000381469727,-6.090000152587891,0.9100000262260437,0.624431201598435,ascending,1
9,right,3459.457230769231,1790663816839,9.507023811340332,-3.4936459064483643,0.7872667908668518,-3.7100000381469727,-6.090000152587891,0.9100000262260437,0.6274793827310358,ascending,1
9,right,3459.4668461538463,1790663816839,9.600347518920898,-4.000942230224609,0.8279461860656738,-3.7100000381469727,-6.090000152587891,0.9100000262260437,0.6330199033571521,ascending,1
9,right,3459.4764615384615,1790663816839,10.540760040283203,-3.5654330253601074,0.9356270432472229,-3.7100000381469727,-6.090000152587891,0.9100000262260437,0.6457204831000625,ascending,1
9,right,3459.4860769230772,1790663816839,10.468973159790039,-3.744901180267334,0.9332341551780701,-3.7100000381469727,-6.090000152587891,0.9100000262260437,0.6583404471176441,ascending,1
9,right,3459.4956923076925,1790663816839,11.871216773986816,-3.943512439727783,0.9332341551780701,-3.7100000381469727,-6.090000152587891,0.9100000262260437,0.6842775932129626,ascending,1
9,right,3459.5053076923077,1790663816839,12.37133502960205,-4.580026149749756,0.9116979837417603,-3.7100000381469727,-6.090000152587891,0.9100000262260437,0.7167519076827611,ascending,1
9,left,3355.317,1790663816882,10.923624992370605,2.572376251220703,-0.24407662451267242,-4.690000057220459,3.7100000381469727,1.9600000381469727,0.19962029179128368,ascending,1
9,left,3355.3266153846153,1790663816882,11.624747276306152,2.4192299842834473,-0.22493335604667664,-4.690000057220459,3.7100000381469727,1.9600000381469727,0.21930239339152083,ascending,1
9,left,3355.336230769231,1790663816882,12.596268653869629,2.6537351608276367,-0.15314611792564392,-4.690000057220459,3.7100000381469727,1.9600000381469727,0.24853969247454552,ascending,1
9,left,3355.345846153846,1790663816882,13.074850082397461,2.615448474884033,-0.05742979422211647,-4.690000057220459,3.7100000381469727,1.9600000381469727,0.28222924022823376,ascending,1
9,left,3355.3554615384614,1790663816882,12.48380184173584,2.900204658508301,0.007178724277764559,-4.690000057220459,3.7100000381469727,1.9600000381469727,0.3107243963853692,ascending,1
9,left,3355.365076923077,1790663816882,12.471837043762207,1.9023619890213013,-0.01914326474070549,-4.690000057220459,3.7100000381469727,1.9600000381469727,0.33756642509116463,ascending,1
9,left,3355.3746923076924,1790663816882,11.988469123840332,2.03157901763916,0.055036887526512146,-4.690000057220459,3.7100000381469727,1.9600000381469727,0.360001913562029,ascending,1
9,left,3355.3843076923076,1790663816882,13.189709663391113,2.6537351608276367,0.10768086463212967,-4.690000057220459,3.7100000381469727,1.9600000381469727,0.3947700600927591,ascending,1
9,right,3459.514,1790663816943,12.883417129516602,-4.864782333374023,0.8088029623031616,-2.5899999141693115,-4.96999979019165,0.7699999809265137,0.751063349840853,ascending,1
9,right,3459.5236153846154,1790663816943,12.605839729309082,-4.651813507080078,0.7178724408149719,-2.5899999141693115,-4.96999979019165,0.7699999809265137,0.7857624264150916,ascending,1
9,right,3459.533230769231,1790663816943,11.426136016845703,-4.180410385131836,0.7154794931411743,-2.5899999141693115,-4.96999979019165,0.7699999809265137,0.8082600538948556,ascending,1
9,right,3459.5428461538463,1790663816943,12.414406776428223,-4.290484428405762,0.6748000979423523,-2.5899999141693115,-4.96999979019165,0.7699999809265137,0.8400192677327216,ascending,1
9,right,3459.5524615384616,1790663816943,12.445514678955078,-4.319199085235596,0.6436922550201416,-2.5899999141693115,-4.96999979019165,0.7699999809265137,0.8721222952370355,ascending,1
9,right,3459.5620769230773,1790663816943,12.971954345703125,-4.946141242980957,0.6460852026939392,-2.5899999141693115,-4.96999979019165,0.7699999809265137,0.9109910944133149,ascending,1
9,right,3459.5716923076925,1790663816943,12.581911087036133,-4.142123699188232,0.6771929860115051,-2.5899999141693115,-4.96999979019165,0.7699999809265137,0.9437367240871337,ascending,1
9,right,3459.5813076923077,1790663816943,11.646284103393555,-4.276126861572266,0.6389064788818359,-2.5899999141693115,-4.96999979019165,0.7699999809265137,0.968421618515142,ascending,1
9,left,3355.396,1790663816956,13.333283424377441,2.361800193786621,0.1005021408200264,-3.990000009536743,3.430000066757202,0.7699999809265137,0.43814087316885425,ascending,1
9,left,3355.4056153846154,1790663816956,12.976740837097168,3.0246357917785645,0.0909305065870285,-3.990000009536743,3.430000066757202,0.7699999809265137,0.471417982828637,ascending,1
9,left,3355.415230769231,1790663816956,12.067435264587402,2.163188934326172,0.12203831225633621,-3.990000009536743,3.430000066757202,0.7699999809265137,0.49474248862139075,ascending,1
9,left,3355.4248461538464,1790663816956,11.718070983886719,2.0602939128875732,0.1698964685201645,-3.990000009536743,3.430000066757202,0.7699999809265137,0.5145861800285596,ascending,1
9,left,3355.4344615384616,1790663816956,11.835323333740234,2.359407424926758,0.15553902089595795,-3.990000009536743,3.430000066757202,0.7699999809265137,0.53600209662708,ascending,1
9,left,3355.4440769230773,1790663816956,12.971954345703125,1.7061434984207153,0.20579010248184204,-3.990000009536743,3.430000066757202,0.7699999809265137,0.5671743726099998,ascending,1
9,left,3355.4536923076926,1790663816956,11.820965766906738,1.966970443725586,0.260826975107193,-3.990000009536743,3.430000066757202,0.7699999809265137,0.5878242284838529,ascending,1
9,left,3355.463307692308,1790663816956,11.809000968933105,2.043543577194214,0.26800569891929626,-3.990000009536743,3.430000066757202,0.7699999809265137,0.6084747131756202,ascending,1
9,right,3459.59,1790663817004,11.253847122192383,-3.7281508445739746,0.5766908526420593,-3.640000104904175,-7.840000152587891,0.21000000834465027,0.9858958942555833,ascending,1
9,right,3459.5996153846154,1790663817004,11.58885383605957,-3.3189635276794434,0.4235447347164154,-3.640000104904175,-7.840000152587891,0.21000000834465027,1.0068780657165417,ascending,1
9,right,3459.609230769231,1790663817004,11.648676872253418,-3.943512439727783,0.48815324902534485,-3.640000104904175,-7.840000152587891,0.21000000834465027,1.030423079235468,ascending,1
9,right,3459.6188461538463,1790663817004,12.045899391174316,-3.7712230682373047,0.3948298394680023,-3.640000104904175,-7.840000152587891,0.21000000834465027,1.056978031565474,ascending,1
9,right,3459.6284615384616,1790663817004,11.253847122192383,-3.6443989276885986,0.44268798828125,-3.640000104904175,-7.840000152587891,0.21000000834465027,1.0759613572987363,ascending,1
9,right,3459.6380769230773,1790663817004,11.184452056884766,-3.5726118087768555,0.41875892877578735,-3.640000104904175,-7.840000152587891,0.21000000834465027,1.0940763293286848,ascending,1
9,right,3459.6476923076925,1790663817004,11.438100814819336,-3.443394660949707,0.40918728709220886,-3.640000104904175,-7.840000152587891,0.21000000834465027,1.114084660741165,ascending,1
9,right,3459.6573076923078,1790663817004,11.229917526245117,-3.469716787338257,0.41875892877578735,-3.640000104904175,-7.840000152587891,0.21000000834465027,1.1322838661200272,ascending,1
9,left,3355.476,1790663817091,11.368706703186035,1.5888910293579102,0.25604116916656494,-3.1500000953674316,2.380000114440918,0.21000000834465027,0.6292817914670175,ascending,1
9,left,3355.4856153846154,1790663817091,11.890359878540039,1.8903974294662476,0.29672059416770935,-3.1500000953674316,2.380000114440918,0.21000000834465027,0.650456117275208,ascending,1
9,left,3355.495230769231,1790663817091,11.722856521606445,1.5864980220794678,0.2727915346622467,-3.1500000953674316,2.380000114440918,0.21000000834465027,0.6695691374619576,ascending,1
9,left,3355.5048461538463,1790663817091,11.686963081359863,2.1607959270477295,0.284756064414978,-3.1500000953674316,2.380000114440918,0.21000000834465027,0.6892143859971209,ascending,1
9,left,3355.5144615384615,1790663817091,11.205988883972168,1.682214379310608,0.2632198929786682,-3.1500000953674316,2.380000114440918,0.21000000834465027,0.7035536483963896,ascending,1
9,left,3355.5240769230772,1790663817091,11.098307609558105,1.7587873935699463,0.13400284945964813,-3.1500000953674316,2.380000114440918,0.21000000834465027,0.7169680055433986,ascending,1
9,left,3355.5336923076925,1790663817091,11.079164505004883,1.6008554697036743,0.12682412564754486,-3.1500000953674316,2.380000114440918,0.21000000834465027,0.7299575890774984,ascending,1
9,left,3355.5433076923077,1790663817091,10.959519386291504,1.366350531578064,0.09571632742881775,-3.1500000953674316,2.380000114440918,0.21000000834465027,0.7414576992073065,ascending,1
9,right,3459.666,1790663817093,11.268203735351562,-3.2998201847076416,0.40679436922073364,-2.6600000858306885,-6.650000095367432,0.42000001668930054,1.1485701465008475,ascending,1
9,right,3459.6756153846154,1790663817093,10.296683311462402,-2.7853450775146484,0.4929390549659729,-2.6600000858306885,-6.650000095367432,0.42000001668930054,1.1561874561386405,ascending,1
9,right,3459.685230769231,1790663817093,10.926018714904785,-3.077279806137085,0.4522596299648285,-2.6600000858306885,-6.650000095367432,0.42000001668930054,1.1704229665983394,ascending,1
9,right,3459.6948461538464,1790663817093,10.748943328857422,-1.9167194366455078,0.540797233581543,-2.6600000858306885,-6.650000095367432,0.42000001668930054,1.1795405073399532,ascending,1
9,right,3459.7044615384616,1790663817093,11.012163162231445,-2.979170560836792,0.5647262930870056,-2.6600000858306885,-6.650000095367432,0.42000001668930054,1.1943002062276744,ascending,1
9,right,3459.7140769230773,1790663817093,10.619726181030273,-2.811666965484619,0.5766908526420593,-2.6600000858306885,-6.650000095367432,0.42000001668930054,1.2049798760796795,ascending,1
9,right,3459.7236923076925,1790663817093,10.60058307647705,-2.957634449005127,0.5766908526420593,-2.6600000858306885,-6.650000095367432,0.42000001668930054,1.215925689226248,ascending,1
9,right,3459.733307692308,1790663817093,10.579046249389648,-3.0796728134155273,0.6341206431388855,-2.6600000858306885,-6.650000095367432,0.42000001668930054,1.227054559959314,ascending,1
9,left,3355.555,1790663817122,11.119843482971191,1.907147765159607,0.055036887526512146,-2.450000047683716,2.309999942779541,-0.9800000190734863,0.7582523170271921,ascending,1
9,left,3355.564615384615,1790663817122,11.071986198425293,1.552997350692749,0.016750356182456017,-2.450000047683716,2.309999942779541,-0.9800000190734863,0.7710718969503209,ascending,1
9,left,3355.574230769231,1790663817122,11.103093147277832,1.0026284456253052,-0.0023929080925881863,-2.450000047683716,2.309999942779541,-0.9800000190734863,0.7833745159851712,ascending,1
9,left,3355.583846153846,1790663817122,11.339991569519043,1.3208853006362915,-0.06221561133861542,-2.450000047683716,2.309999942779541,-0.9800000190734863,0.798387171345231,ascending,1
9,left,3355.5934615384613,1790663817122,10.741764068603516,0.8925547003746033,0.009571632370352745,-2.450000047683716,2.309999942779541,-0.9800000190734863,0.8071076961376079,ascending,1
9,left,3355.603076923077,1790663817122,10.351720809936523,1.1270596981048584,-0.12203831225633621,-2.450000047683716,2.309999942779541,-0.9800000190734863,0.8124459166063849,ascending,1
9,left,3355.612692307692,1790663817122,10.602975845336914,1.464459776878357,-0.11007377505302429,-2.450000047683716,2.309999942779541,-0.9800000190734863,0.8206532461640955,ascending,1
9,left,3355.6223076923075,1790663817122,10.705870628356934,1.1366313695907593,-0.055036887526512146,-2.450000047683716,2.309999942779541,-0.9800000190734863,0.8293824450462962,ascending,1
9,left,3355.634,1790663817196,10.899696350097656,1.6032484769821167,-0.10768086463212967,-1.75,2.5199999809265137,2.450000047683716,0.8430238480570067,ascending,1
9,left,3355.6436153846153,1790663817196,10.378042221069336,1.4764243364334106,-0.09571632742881775,-1.75,2.5199999809265137,2.450000047683716,0.8491024739787222,ascending,1
9,left,3355.653230769231,1790663817196,10.418722152709961,1.742037057876587,-0.16271774470806122,-1.75,2.5199999809265137,2.450000047683716,0.8559319082826153,ascending,1
9,left,3355.662846153846,1790663817196,10.320612907409668,1.7611804008483887,-0.2632198929786682,-1.75,2.5199999809265137,2.450000047683716,0.861848086224715,ascending,1
9,left,3355.6724615384614,1790663817196,10.119607925415039,1.4955675601959229,-0.2943277060985565,-1.75,2.5199999809265137,2.450000047683716,0.8654793175466481,ascending,1
9,left,3355.682076923077,1790663817196,10.995412826538086,1.7755378484725952,-0.3134709596633911,-1.75,2.5199999809265137,2.450000047683716,0.8778297024462957,ascending,1
9,left,3355.6916923076924,1790663817196,10.70347785949707,1.4405306577682495,-0.3541503846645355,-1.75,2.5199999809265137,2.450000047683716,0.8869323562807345,ascending,1
9,left,3355.7013076923076,1790663817196,10.81594467163086,1.3256710767745972,-0.3302213251590729,-1.75,2.5199999809265137,2.450000047683716,0.8969471775648811,ascending,1
9,right,3459.742,1790663817201,10.758514404296875,-2.7925238609313965,0.6317277550697327,-1.5399999618530273,-6.720000267028809,0.9100000262260437,1.2378220990121276,ascending,1
9,right,3459.7516153846154,1790663817201,10.574260711669922,-2.3713719844818115,0.6532639265060425,-1.5399999618530273,-6.720000267028809,0.9100000262260437,1.2468090672271324,ascending,1
9,right,3459.761230769231,1790663817201,10.533581733703613,-2.366586208343506,0.667621374130249,-1.5399999618530273,-6.720000267028809,0.9100000262260437,1.2554219509545568,ascending,1
9,right,3459.7708461538464,1790663817201,10.162680625915527,-2.8858470916748047,0.6700142621994019,-1.5399999618530273,-6.720000267028809,0.9100000262260437,1.2621747356023434,ascending,1
9,right,3459.7804615384616,1790663817201,10.28471851348877,-2.4048726558685303,0.7202653288841248,-1.5399999618530273,-6.720000267028809,0.9100000262260437,1.2686479632342846,ascending,1
9,right,3459.7900769230773,1790663817201,10.612546920776367,-3.048564910888672,0.7106937170028687,-1.5399999618530273,-6.720000267028809,0.9100000262260437,1.2800032533680088,ascending,1
9,right,3459.7996923076926,1790663817201,10.495294570922852,-2.5460541248321533,0.7394086122512817,-1.5399999618530273,-6.720000267028809,0.9100000262260437,1.2888268859330099,ascending,1
9,right,3459.809307692308,1790663817201,10.564689636230469,-3.16821026802063,0.7418015003204346,-1.5399999618530273,-6.720000267028809,0.9100000262260437,1.300094047511074,ascending,1
9,right,3459.817,1790663817230,10.155502319335938,-3.247176170349121,0.765730619430542,-0.07000000029802322,-6.579999923706055,0.9800000190734863,1.3062956425615884,ascending,1
9,right,3459.8266153846153,1790663817230,9.944926261901855,-2.641770601272583,0.8375178575515747,-0.07000000029802322,-6.579999923706055,0.9800000190734863,1.3103770725426593,ascending,1
9,right,3459.836230769231,1790663817230,10.368471145629883,-3.3141777515411377,0.8494823575019836,-0.07000000029802322,-6.579999923706055,0.9800000190734863,1.3202909656745236,ascending,1
9,right,3459.845846153846,1790663817230,10.705870628356934,-2.507767677307129,0.9763064980506897,-0.07000000029802322,-6.579999923706055,0.9800000190734863,1.3309894858303175,ascending,1
9,right,3459.8554615384614,1790663817230,10.54554557800293,-3.4457876682281494,0.983485221862793,-0.07000000029802322,-6.579999923706055,0.9800000190734863,1.342931713571925,ascending,1
9,right,3459.865076923077,1790663817230,10.296683311462402,-3.1706032752990723,0.9978426694869995,-0.07000000029802322,-6.579999923706055,0.9800000190734863,1.3517970235619334,ascending,1
9,right,3459.8746923076924,1790663817230,9.90424633026123,-3.0389933586120605,1.0313433408737183,-0.07000000029802322,-6.579999923706055,0.9800000190734863,1.356692593422506,ascending,1
9,right,3459.8843076923076,1790663817230,10.129179954528809,-3.2830698490142822,0.8925547003746033,-0.07000000029802322,-6.579999923706055,0.9800000190734863,1.3643191310448126,ascending,1
9,left,3355.713,1790663817271,10.141144752502441,1.6008554697036743,-0.2943277060985565,-0.8400000333786011,1.6100000143051147,0.6299999952316284,0.9017823943044425,ascending,1
9,left,3355.7226153846154,1790663817271,10.34693431854248,1.5697476863861084,-0.24886244535446167,-0.8400000333786011,1.6100000143051147,0.6299999952316284,0.9076748181266209,ascending,1
9,left,3355.732230769231,1790663817271,10.222503662109375,1.897576093673706,-0.13400284945964813,-0.8400000333786011,1.6100000143051147,0.6299999952316284,0.9128430021248266,ascending,1
9,left,3355.7418461538464,1790663817271,10.047821044921875,1.964577555656433,-0.0909305065870285,-0.8400000333786011,1.6100000143051147,0.6299999952316284,0.9164499573337542,ascending,1
9,left,3355.7514615384616,1790663817271,9.954497337341309,1.4405306577682495,-0.1507532149553299,-0.8400000333786011,1.6100000143051147,0.6299999952316284,0.9184267211176832,ascending,1
9,left,3355.7610769230773,1790663817271,10.172252655029297,1.9502201080322266,-0.059822700917720795,-0.8400000333786011,1.6100000143051147,0.6299999952316284,0.9231996193925163,ascending,1
9,left,3355.7706923076926,1790663817271,10.52879524230957,1.6391420364379883,-0.07418014854192734,-0.8400000333786011,1.6100000143051147,0.6299999952316284,0.9309149996202608,ascending,1
9,left,3355.780307692308,1790663817271,10.921232223510742,1.8353605270385742,-0.028714897111058235,-0.8400000333786011,1.6100000143051147,0.6299999952316284,0.9426403421526645,ascending,1
9,right,3459.893,1790663817334,10.011927604675293,-3.141888380050659,0.825553297996521,0.21000000834465027,-6.929999828338623,0.49000000953674316,1.3698547905798992,ascending,1
9,right,3459.9026153846153,1790663817334,9.559667587280273,-3.7137932777404785,0.7729093432426453,0.21000000834465027,-6.929999828338623,0.49000000953674316,1.3734852020915618,ascending,1
9,right,3459.912230769231,1790663817334,9.968854904174805,-3.436216115951538,0.6532639265060425,0.21000000834465027,-6.929999828338623,0.49000000953674316,1.3800229822725434,ascending,1
9,right,3459.921846153846,1790663817334,9.798958778381348,-3.6707210540771484,0.667621374130249,0.21000000834465027,-6.929999828338623,0.49000000953674316,1.385697562026092,ascending,1
9,right,3459.9314615384615,1790663817334,9.911425590515137,-3.6731138229370117,0.6963362693786621,0.21000000834465027,-6.929999828338623,0.49000000953674316,1.392418340991872,ascending,1
9,right,3459.941076923077,1790663817334,10.428293228149414,-3.6922571659088135,0.6245490312576294,0.21000000834465027,-6.929999828338623,0.49000000953674316,1.403903642780467,ascending,1
9,right,3459.9506923076924,1790663817334,10.368471145629883,-3.8477962017059326,0.6389064788818359,0.21000000834465027,-6.929999828338623,0.49000000953674316,1.415305807171273,ascending,1
9,right,3459.9603076923077,1790663817334,9.93774700164795,-3.9602627754211426,0.5862624645233154,0.21000000834465027,-6.929999828338623,0.49000000953674316,1.4230970300225743,ascending,1
9,left,3355.793,1790663817361,10.401971817016602,2.1105449199676514,0.03350071236491203,-0.9100000262260437,2.380000114440918,-0.2800000011920929,0.9521414975467378,ascending,1
9,left,3355.8026153846154,1790663817361,10.081321716308594,1.8138242959976196,0.08614469319581985,-0.9100000262260437,2.380000114440918,-0.2800000011920929,0.9558566410984374,ascending,1
9,left,3355.812230769231,1790663817361,9.913818359375,1.801859736442566,0.16750356554985046,-0.9100000262260437,2.380000114440918,-0.2800000011920929,0.9579676123279045,ascending,1
9,left,3355.8218461538463,1790663817361,9.909032821655273,2.0914015769958496,0.32782840728759766,-0.9100000262260437,2.380000114440918,-0.2800000011920929,0.960483274676178,ascending,1
9,left,3355.8314615384616,1790663817361,9.813316345214844,1.5721405744552612,0.40679436922073364,-0.9100000262260437,2.380000114440918,-0.2800000011920929,0.9613071774072007,ascending,1
9,left,3355.8410769230773,1790663817361,8.877689361572266,1.718108057975769,0.3924369215965271,-0.9100000262260437,2.380000114440918,-0.2800000011920929,0.953482045137542,ascending,1
9,left,3355.8506923076925,1790663817361,10.047821044921875,1.8353605270385742,0.38525819778442383,-0.9100000262260437,2.380000114440918,-0.2800000011920929,0.956948086445474,ascending,1
9,left,3355.8603076923077,1790663817361,10.650834083557129,1.7875022888183594,0.34697166085243225,-0.9100000262260437,2.380000114440918,-0.2800000011920929,0.9660601542979124,ascending,1
9,right,3459.969,1790663817364,9.676919937133789,-3.1083877086639404,0.4953319728374481,-0.2800000011920929,-7.349999904632568,1.3300000429153442,1.4256652634169662,ascending,1
9,right,3459.9786153846153,1790663817364,8.93272590637207,-3.625255823135376,0.37568655610084534,-0.2800000011920929,-7.349999904632568,1.3300000429153442,1.42323159733224,ascending,1
9,right,3459.988230769231,1790663817364,9.339520454406738,-2.888240098953247,0.3230426013469696,-0.2800000011920929,-7.349999904632568,1.3300000429153442,1.4222881168761727,ascending,1
9,right,3459.9978461538462,1790663817364,8.317748069763184,-3.6156840324401855,0.21536172926425934,-0.2800000011920929,-7.349999904632568,1.3300000429153442,1.41418033953873,ascending,1
9,right,3460.0074615384615,1790663817364,8.789151191711426,-3.47210955619812,0.19621846079826355,-0.2800000011920929,-7.349999904632568,1.3300000429153442,1.4099529030260094,ascending,1
9,right,3460.017076923077,1790663817364,9.183980941772461,-3.3069989681243896,0.21775463223457336,-0.2800000011920929,-7.349999904632568,1.3300000429153442,1.4088374708642937,ascending,1
9,right,3460.0266923076924,1790663817364,10.031070709228516,-4.12298059463501,0.19621846079826355,-0.2800000011920929,-7.349999904632568,1.3300000429153442,1.4179388505235624,ascending,1
9,right,3460.0363076923077,1790663817364,9.923389434814453,-3.821474313735962,0.33740004897117615,-0.2800000011920929,-7.349999904632568,1.3300000429153442,1.4251660095783631,ascending,1
9,right,3460.046,1790663817439,9.207910537719727,-3.8836898803710938,0.363722026348114,0,-6.159999847412109,0.9100000262260437,1.4260956350348897,ascending,1
9,right,3460.055615384615,1790663817439,8.475680351257324,-3.247176170349121,0.3206496834754944,0,-6.159999847412109,0.9100000262260437,1.418380492472072,ascending,1
9,right,3460.0652307692308,1790663817439,7.920525550842285,-3.0102784633636475,0.25604116916656494,0,-6.159999847412109,0.9100000262260437,1.4048772133448024,ascending,1
9,right,3460.074846153846,1790663817439,8.435001373291016,-3.070101022720337,0.15553902089595795,0,-6.159999847412109,0.9100000262260437,1.3962259370624408,ascending,1
9,right,3460.0844615384613,1790663817439,8.805901527404785,-3.730543613433838,0.19621846079826355,0,-6.159999847412109,0.9100000262260437,1.3930479056230713,ascending,1
9,right,3460.094076923077,1790663817439,9.99996280670166,-3.618077039718628,0.2225404530763626,0,-6.159999847412109,0.9100000262260437,1.4003506382918678,ascending,1
9,right,3460.103692307692,1790663817439,10.035856246948242,-3.905225992202759,0.23450499773025513,0,-6.159999847412109,0.9100000262260437,1.4088993266969105,ascending,1
9,right,3460.1133076923074,1790663817439,9.222268104553223,-3.4027152061462402,0.17946811020374298,0,-6.159999847412109,0.9100000262260437,1.4084558943933487,ascending,1
9,left,3355.873,1790663817482,10.95712661743164,2.163188934326172,0.2512553632259369,-1.1200000047683716,2.380000114440918,-0.21000000834465027,0.9826811040115401,ascending,1
9,left,3355.8826153846153,1790663817482,10.296683311462402,2.036364793777466,0.25843408703804016,-1.1200000047683716,2.380000114440918,-0.21000000834465027,0.9888134100100546,ascending,1
9,left,3355.892230769231,1790663817482,9.583597183227539,1.5577831268310547,0.34936457872390747,-1.1200000047683716,2.380000114440918,-0.21000000834465027,0.9874411640317686,ascending,1
9,left,3355.9018461538462,1790663817482,9.497451782226562,1.6032484769821167,0.363722026348114,-1.1200000047683716,2.380000114440918,-0.21000000834465027,0.985330554845833,ascending,1
9,left,3355.9114615384615,1790663817482,9.353878021240234,1.4453164339065552,0.38765111565589905,-1.1200000047683716,2.380000114440918,-0.21000000834465027,0.9816183857486366,ascending,1
9,left,3355.921076923077,1790663817482,10.200966835021973,1.710929274559021,0.3804723918437958,-1.1200000047683716,2.380000114440918,-0.21000000834465027,0.9863582088233297,ascending,1
9,left,3355.9306923076924,1790663817482,10.71304988861084,2.093794584274292,0.40679436922073364,-1.1200000047683716,2.380000114440918,-0.21000000834465027,0.9965649295036454,ascending,1
9,left,3355.9403076923077,1790663817482,10.715442657470703,1.521889567375183,0.4020085632801056,-1.1200000047683716,2.380000114440918,-0.21000000834465027,1.005884279025052,ascending,1
9,left,3355.952,1790663817512,9.518988609313965,1.5673547983169556,0.4522596299648285,-0.6299999952316284,-0.14000000059604645,-0.07000000029802322,1.0035267444885059,ascending,1
9,left,3355.9616153846155,1790663817512,8.820259094238281,1.6534994840621948,0.41636601090431213,-0.6299999952316284,-0.14000000059604645,-0.07000000029802322,0.9950980475270694,ascending,1
9,left,3355.971230769231,1790663817512,9.078693389892578,1.2945632934570312,0.5551546812057495,-0.6299999952316284,-0.14000000059604645,-0.07000000029802322,0.9885916756597473,ascending,1
9,left,3355.9808461538464,1790663817512,9.892282485961914,1.5553902387619019,0.5384043455123901,-0.6299999952316284,-0.14000000059604645,-0.07000000029802322,0.990209984724282,ascending,1
9,left,3355.9904615384617,1790663817512,9.839637756347656,1.1916682720184326,0.5551546812057495,-0.6299999952316284,-0.14000000059604645,-0.07000000029802322,0.9907684917290674,ascending,1
9,left,3356.0000769230774,1790663817512,8.860939025878906,1.0768086910247803,0.4546525478363037,-0.6299999952316284,-0.14000000059604645,-0.07000000029802322,0.9818495899778048,ascending,1
9,left,3356.0096923076926,1790663817512,8.454144477844238,1.0457007884979248,0.37568655610084534,-0.6299999952316284,-0.14000000059604645,-0.07000000029802322,0.9690136324792117,ascending,1
9,left,3356.019307692308,1790663817512,8.518753051757812,1.5649619102478027,0.34936457872390747,-0.6299999952316284,-0.14000000059604645,-0.07000000029802322,0.9575873924251502,ascending,1
9,right,3460.121,1790663817514,8.51636028289795,-2.818845748901367,0.15314611792564392,-0.5600000023841858,-5.740000247955322,0.8400000333786011,1.4014808065331028,ascending,1
9,right,3460.1306153846153,1790663817514,7.39647912979126,-2.8475606441497803,0.1914326548576355,-0.5600000023841858,-5.740000247955322,0.8400000333786011,1.3827248250809994,ascending,1
9,right,3460.140230769231,1790663817514,8.15981674194336,-4.0511932373046875,0.02632198855280876,-0.5600000023841858,-5.740000247955322,0.8400000333786011,1.3747743683859133,ascending,1
9,right,3460.1498461538463,1790663817514,8.82983112335205,-3.2495691776275635,0.055036887526512146,-0.5600000023841858,-5.740000247955322,0.8400000333786011,1.3702884999013356,ascending,1
9,right,3460.1594615384615,1790663817514,8.817866325378418,-3.364428758621216,0.011964540928602219,-0.5600000023841858,-5.740000247955322,0.8400000333786011,1.3660707239344447,ascending,1
9,right,3460.1690769230772,1790663817514,7.190688610076904,-3.196925163269043,0.10528795421123505,-0.5600000023841858,-5.740000247955322,0.8400000333786011,1.3466238607128829,ascending,1
9,right,3460.1786923076925,1790663817514,7.437158584594727,-2.8355960845947266,0.15793193876743317,-0.5600000023841858,-5.740000247955322,0.8400000333786011,1.3282267257700207,ascending,1
9,right,3460.1883076923077,1790663817514,7.92531156539917,-3.1083877086639404,0.18664683401584625,-0.5600000023841858,-5.740000247955322,0.8400000333786011,1.3151505396715355,ascending,1
9,right,3460.197,1790663817590,7.841559886932373,-3.1777820587158203,0.2105759084224701,-0.6299999952316284,-3.2899999618530273,0.14000000059604645,1.3028656790083961,ascending,1
9,right,3460.2066153846154,1790663817590,8.317748069763184,-2.495803117752075,0.2225404530763626,-0.6299999952316284,-3.2899999618530273,0.14000000059604645,1.2913106198908872,ascending,1
9,right,3460.216230769231,1790663817590,7.688413619995117,-2.5484471321105957,0.09332341700792313,-0.6299999952316284,-3.2899999618530273,0.14000000059604645,1.2742537121880364,ascending,1
9,right,3460.2258461538463,1790663817590,7.116508483886719,-2.7805593013763428,0.011964540928602219,-0.6299999952316284,-3.2899999618530273,0.14000000059604645,1.2528065771748278,ascending,1
9,right,3460.2354615384615,1790663817590,7.336656093597412,-2.703986167907715,-0.06700142472982407,-0.6299999952316284,-3.2899999618530273,0.14000000059604645,1.2330980897161632,ascending,1
9,right,3460.2450769230772,1790663817590,6.669034957885742,-3.1323165893554688,-0.07896596938371658,-0.6299999952316284,-3.2899999618530273,0.14000000059604645,1.2088109169945074,ascending,1
9,right,3460.2546923076925,1790663817590,6.877217769622803,-2.3570144176483154,-0.03828652948141098,-0.6299999952316284,-3.2899999618530273,0.14000000059604645,1.1838306098109503,ascending,1
9,right,3460.2643076923077,1790663817590,5.903304100036621,-2.1679747104644775,0.011964540928602219,-0.6299999952316284,-3.2899999618530273,0.14000000059604645,1.1494525344372752,ascending,1
9,left,3356.031,1790663817601,9.334734916687012,1.1270596981048584,0.3110780417919159,-1.4700000286102295,-0.8400000333786011,1.9600000381469727,0.9522827290715605,ascending,1
9,left,3356.040615384615,1790663817601,8.999727249145508,0.8303391337394714,0.30868515372276306,-1.4700000286102295,-0.8400000333786011,1.9600000381469727,0.944305942383683,ascending,1
9,left,3356.050230769231,1790663817601,8.461322784423828,1.3519930839538574,0.35654330253601074,-1.4700000286102295,-0.8400000333786011,1.9600000381469727,0.9320212714599136,ascending,1
9,left,3356.059846153846,1790663817601,7.942061901092529,0.904519259929657,0.41636601090431213,-1.4700000286102295,-0.8400000333786011,1.9600000381469727,0.9141710048348481,ascending,1
9,left,3356.0694615384614,1790663817601,6.848503112792969,1.3041349649429321,0.540797233581543,-1.4700000286102295,-0.8400000333786011,1.9600000381469727,0.8865848131274584,ascending,1
9,left,3356.079076923077,1790663817601,7.274440765380859,1.131845474243164,0.588655412197113,-1.4700000286102295,-0.8400000333786011,1.9600000381469727,0.8628177677839064,ascending,1
9,left,3356.0886923076923,1790663817601,6.173702716827393,0.44268798828125,0.45943835377693176,-1.4700000286102295,-0.8400000333786011,1.9600000381469727,0.8275535843244197,ascending,1
9,left,3356.0983076923076,1790663817601,5.948769569396973,0.284756064414978,0.38765111565589905,-1.4700000286102295,-0.8400000333786011,1.9600000381469727,0.7899160909403837,ascending,1
9,right,3460.273,1790663817664,5.994234561920166,-1.3328498601913452,0.06939433515071869,-1.9600000381469727,-3.9200000762939453,0.07000000029802322,1.1166230840016318,ascending,1
9,right,3460.2826153846154,1790663817664,5.2524333000183105,-2.038757801055908,0.03110780566930771,-1.9600000381469727,-3.9200000762939453,0.07000000029802322,1.0759783653763426,ascending,1
9,right,3460.292230769231,1790663817664,4.876746654510498,-1.7157150506973267,-0.06700142472982407,-1.9600000381469727,-3.9200000762939453,0.07000000029802322,1.0308915707664268,ascending,1
9,right,3460.3018461538463,1790663817664,5.453437328338623,-1.464459776878357,-0.07896596938371658,-1.9600000381469727,-3.9200000762939453,0.07000000029802322,0.9901933178144758,ascending,1
9,right,3460.3114615384616,1790663817664,5.211753845214844,-2.2014753818511963,-0.08375178277492523,-1.9600000381469727,-3.9200000762939453,0.07000000029802322,0.9497836123758567,ascending,1
9,right,3460.3210769230773,1790663817664,6.204810619354248,-1.49317467212677,-0.05742979422211647,-1.9600000381469727,-3.9200000762939453,0.07000000029802322,0.9159964746149095,ascending,1
9,right,3460.3306923076925,1790663817664,5.489331245422363,-1.8664683103561401,0.009571632370352745,-1.9600000381469727,-3.9200000762939453,0.07000000029802322,0.8770116609768602,ascending,1
9,right,3460.3403076923078,1790663817664,5.3792572021484375,-2.0267932415008545,0.08614469319581985,-1.9600000381469727,-3.9200000762939453,0.07000000029802322,0.8375828341323953,ascending,1
9,left,3356.11,1790663817676,5.204575061798096,0.09571632742881775,0.30629223585128784,-1.75,-2.799999952316284,1.8200000524520874,0.7352181201900606,ascending,1
9,left,3356.1196153846154,1790663817676,4.852817535400391,0.3206496834754944,0.3924369215965271,-1.75,-2.799999952316284,1.8200000524520874,0.6872785799793929,ascending,1
9,left,3356.129230769231,1790663817676,4.594383716583252,0.7441943883895874,0.4546525478363037,-1.75,-2.799999952316284,1.8200000524520874,0.637549503212122,ascending,1
9,left,3356.1388461538463,1790663817676,4.953319549560547,0.7633376717567444,0.5025107264518738,-1.75,-2.799999952316284,1.8200000524520874,0.5912937580033502,ascending,1
9,left,3356.1484615384616,1790663817676,5.233290195465088,0.41636601090431213,0.4833674430847168,-1.75,-2.799999952316284,1.8200000524520874,0.5472048158785102,ascending,1
9,left,3356.1580769230773,1790663817676,5.620941162109375,0.6652284264564514,0.4546525478363037,-1.75,-2.799999952316284,1.8200000524520874,0.5071711043957369,ascending,1
9,left,3356.1676923076925,1790663817676,5.522831916809082,0.2010042816400528,0.35893622040748596,-1.75,-2.799999952316284,1.8200000524520874,0.46552091726302486,ascending,1
9,left,3356.1773076923077,1790663817676,5.534796237945557,0.5599405169487,0.2703986167907715,-1.75,-2.799999952316284,1.8200000524520874,0.42449937212452776,ascending,1
9,right,3460.349,1790663817755,5.912876129150391,-1.7372512817382812,0.19621846079826355,-1.399999976158142,-2.870000123977661,0.9100000262260437,0.8054311137851822,ascending,1
9,right,3460.3586153846154,1790663817755,6.159345626831055,-2.1177237033843994,0.2321120798587799,-1.399999976158142,-2.870000123977661,0.9100000262260437,0.7733662897241003,ascending,1
9,right,3460.368230769231,1790663817755,6.11148738861084,-2.0196144580841064,0.2727915346622467,-1.399999976158142,-2.870000123977661,0.9100000262260437,0.7405555870764577,ascending,1
9,right,3460.3778461538463,1790663817755,6.147380828857422,-1.847325086593628,0.2823631465435028,-1.399999976158142,-2.870000123977661,0.9100000262260437,0.7075086407004904,ascending,1
9,right,3460.3874615384616,1790663817755,5.884160995483398,-2.4264087677001953,0.22732627391815186,-1.399999976158142,-2.870000123977661,0.9100000262260437,0.6740329364444219,ascending,1
9,right,3460.3970769230773,1790663817755,7.209832191467285,-2.648949146270752,0.18425391614437103,-1.399999976158142,-2.870000123977661,0.9100000262260437,0.6532702252552542,ascending,1
9,right,3460.4066923076925,1790663817755,8.099993705749512,-3.3835721015930176,0.0502510704100132,-1.399999976158142,-2.870000123977661,0.9100000262260437,0.6430018700073279,ascending,1
9,right,3460.416307692308,1790663817755,8.059314727783203,-3.211282730102539,-0.009571632370352745,-1.399999976158142,-2.870000123977661,0.9100000262260437,0.6318020194487912,ascending,1
9,left,3356.189,1790663817755,5.742979526519775,0.727444052696228,0.23929080367088318,-2.799999952316284,-0.2800000011920929,1.399999976158142,0.3773344590162407,ascending,1
9,left,3356.198615384615,1790663817755,6.039700031280518,0.3230426013469696,0.13878867030143738,-2.799999952316284,-0.2800000011920929,1.399999976158142,0.34076996906445584,ascending,1
9,left,3356.208230769231,1790663817755,5.683156490325928,0.3445787727832794,0.1603248417377472,-2.799999952316284,-0.2800000011920929,1.399999976158142,0.3008758525510904,ascending,1
9,left,3356.217846153846,1790663817755,6.022949695587158,0.8399107456207275,0.2105759084224701,-2.799999952316284,-0.2800000011920929,1.399999976158142,0.26495769962663435,ascending,1
9,left,3356.2274615384613,1790663817755,6.750393867492676,1.3256710767745972,0.30868515372276306,-2.799999952316284,-0.2800000011920929,1.399999976158142,0.23669946609354922,ascending,1
9,left,3356.237076923077,1790663817755,7.480230808258057,1.4501023292541504,0.34936457872390747,-2.799999952316284,-0.2800000011920929,1.399999976158142,0.21558293227603384,ascending,1
9,left,3356.2466923076922,1790663817755,8.86333179473877,1.0648441314697266,0.5599405169487,-2.799999952316284,-0.2800000011920929,1.399999976158142,0.2071132576672061,ascending,1
9,left,3356.2563076923075,1790663817755,8.521145820617676,2.3426570892333984,0.5766908526420593,-2.799999952316284,-0.2800000011920929,1.399999976158142,0.19727866843054448,ascending,1
9,right,3460.425,1790663817838,8.887260437011719,-3.4242515563964844,0.014357448555529118,-1.1200000047683716,-2.309999942779541,2.1700000762939453,0.6290681397320533,ascending,1
9,right,3460.4346153846154,1790663817838,8.458930015563965,-4.477130889892578,0.03350071236491203,-1.1200000047683716,-2.309999942779541,2.1700000762939453,0.6257747942690212,ascending,1
9,right,3460.444230769231,1790663817838,9.507023811340332,-4.204339504241943,0.08614469319581985,-1.1200000047683716,-2.309999942779541,2.1700000762939453,0.6309862252849134,ascending,1
9,right,3460.4538461538464,1790663817838,9.806137084960938,-3.2782840728759766,0.2895418703556061,-1.1200000047683716,-2.309999942779541,2.1700000762939453,0.6357107338230579,ascending,1
9,right,3460.4634615384616,1790663817838,10.256004333496094,-3.7353296279907227,0.39004403352737427,-1.1200000047683716,-2.309999942779541,2.1700000762939453,0.6460333595519757,ascending,1
9,right,3460.4730769230773,1790663817838,10.26078987121582,-3.3333208560943604,0.5288326740264893,-1.1200000047683716,-2.309999942779541,2.1700000762939453,0.6550250654724691,ascending,1
9,right,3460.4826923076926,1790663817838,10.399578094482422,-3.7688302993774414,0.5431901216506958,-1.1200000047683716,-2.309999942779541,2.1700000762939453,0.6667469570398188,ascending,1
9,right,3460.492307692308,1790663817838,10.148323059082031,-3.6443989276885986,0.5025107264518738,-1.1200000047683716,-2.309999942779541,2.1700000762939453,0.6757868304928928,ascending,1
9,left,3356.268,1790663817842,9.667348861694336,2.3785505294799805,0.5360113978385925,-3.990000009536743,1.6100000143051147,0.5600000023841858,0.19862631081829082,ascending,1
9,left,3356.2776153846153,1790663817842,9.724778175354004,2.0483293533325195,0.5049036145210266,-3.990000009536743,1.6100000143051147,0.5600000023841858,0.1997863756997378,ascending,1
9,left,3356.287230769231,1790663817842,10.813551902770996,1.6774286031723022,0.3134709596633911,-3.990000009536743,1.6100000143051147,0.5600000023841858,0.21065100798771338,ascending,1
9,left,3356.296846153846,1790663817842,11.270597457885742,1.2132043838500977,0.25843408703804016,-3.990000009536743,1.6100000143051147,0.5600000023841858,0.22514336277167063,ascending,1
9,left,3356.3064615384615,1790663817842,11.600818634033203,1.8545037508010864,0.12443122267723083,-3.990000009536743,1.6100000143051147,0.5600000023841858,0.24366864625319992,ascending,1
9,left,3356.316076923077,1790663817842,11.220346450805664,1.7013576030731201,0.12682412564754486,-3.990000009536743,1.6100000143051147,0.5600000023841858,0.2583508601534634,ascending,1
9,left,3356.3256923076924,1790663817842,12.04829216003418,2.10097336769104,0.2129688262939453,-3.990000009536743,1.6100000143051147,0.5600000023841858,0.2815052497831289,ascending,1
9,left,3356.3353076923077,1790663817842,11.715678215026855,2.1607959270477295,0.20579010248184204,-3.990000009536743,1.6100000143051147,0.5600000023841858,0.30158378129066155,ascending,1
9,right,3460.501,1790663817891,10.26796817779541,-3.68986439704895,0.42833054065704346,-2.0999999046325684,-3.0799999237060547,0.3499999940395355,0.6850712859839928,ascending,1
9,right,3460.5106153846154,1790663817891,10.43547248840332,-3.7544727325439453,0.4235447347164154,-2.0999999046325684,-3.0799999237060547,0.3499999940395355,0.69706581813842,ascending,1
9,right,3460.520230769231,1790663817891,10.215324401855469,-3.61089825630188,0.4642241597175598,-2.0999999046325684,-3.0799999237060547,0.3499999940395355,0.7065919140436282,ascending,1
9,right,3460.5298461538464,1790663817891,9.712814331054688,-3.716186285018921,0.4929390549659729,-2.0999999046325684,-3.0799999237060547,0.3499999940395355,0.711955013339285,ascending,1
9,right,3460.5394615384616,1790663817891,9.258161544799805,-4.046407699584961,0.5264397859573364,-2.0999999046325684,-3.0799999237060547,0.3499999940395355,0.7143558121679521,ascending,1
9,right,3460.5490769230773,1790663817891,8.765222549438477,-3.6132912635803223,0.6293348073959351,-2.0999999046325684,-3.0799999237060547,0.3499999940395355,0.7108585041773757,ascending,1
9,right,3460.5586923076926,1790663817891,9.65299129486084,-3.3548572063446045,0.509689450263977,-2.0999999046325684,-3.0799999237060547,0.3499999940395355,0.7144615380410652,ascending,1
9,right,3460.568307692308,1790663817891,9.346698760986328,-3.3620357513427734,0.5575475692749023,-2.0999999046325684,-3.0799999237060547,0.3499999940395355,0.7153397034874923,ascending,1
9,left,3356.348,1790663817926,12.19665241241455,2.0602939128875732,0.24886244535446167,-3.2899999618530273,-0.8400000333786011,1.0499999523162842,0.3339163201316198,ascending,1
9,left,3356.357615384615,1790663817926,11.907110214233398,2.4192299842834473,0.18425391614437103,-3.2899999618530273,-0.8400000333786011,1.0499999523162842,0.3561842630959165,ascending,1
9,left,3356.367230769231,1790663817926,11.32084846496582,2.177546262741089,0.16511066257953644,-3.2899999618530273,-0.8400000333786011,1.0499999523162842,0.37251283485022857,ascending,1
9,left,3356.376846153846,1790663817926,10.619726181030273,2.2014753818511963,0.09571632742881775,-3.2899999618530273,-0.8400000333786011,1.0499999523162842,0.3822106518379052,ascending,1
9,left,3356.3864615384614,1790663817926,10.717835426330566,2.184725046157837,0.0047858161851763725,-3.2899999618530273,-0.8400000333786011,1.0499999523162842,0.3927911458666392,ascending,1
9,left,3356.396076923077,1790663817926,10.320612907409668,1.584105134010315,0.059822700917720795,-3.2899999618530273,-0.8400000333786011,1.0499999523162842,0.39867998488355294,ascending,1
9,left,3356.4056923076923,1790663817926,10.559903144836426,1.8880045413970947,0.10768086463212967,-3.2899999618530273,-0.8400000333786011,1.0499999523162842,0.40732224051303456,ascending,1
9,left,3356.4153076923076,1790663817926,10.09567928314209,1.7611804008483887,0.12443122267723083,-3.2899999618530273,-0.8400000333786011,1.0499999523162842,0.4113672749839558,ascending,1
9,right,3460.577,1790663817979,9.437629699707031,-3.5438969135284424,0.45704543590545654,-1.5399999618530273,-1.190000057220459,0.21000000834465027,0.7174311396505952,ascending,1
9,right,3460.5866153846155,1790663817979,9.282090187072754,-3.4027152061462402,0.41875892877578735,-1.5399999618530273,-1.190000057220459,0.21000000834465027,0.7178676870435245,ascending,1
9,right,3460.596230769231,1790663817979,8.994941711425781,-3.716186285018921,0.39961564540863037,-1.5399999618530273,-1.190000057220459,0.21000000834465027,0.7167914786406696,ascending,1
9,right,3460.6058461538464,1790663817979,8.889653205871582,-3.2208542823791504,0.4044014811515808,-1.5399999618530273,-1.190000057220459,0.21000000834465027,0.7130871636240576,ascending,1
9,right,3460.6154615384617,1790663817979,8.94229793548584,-3.3357138633728027,0.34697166085243225,-1.5399999618530273,-1.190000057220459,0.21000000834465027,0.7102469637872204,ascending,1
9,right,3460.6250769230774,1790663817979,8.83700942993164,-3.275891065597534,0.40918728709220886,-1.5399999618530273,-1.190000057220459,0.21000000834465027,0.7062669937350824,ascending,1
9,right,3460.6346923076926,1790663817979,8.872902870178223,-3.646791934967041,0.41636601090431213,-1.5399999618530273,-1.190000057220459,0.21000000834465027,0.7038775617578608,ascending,1
9,right,3460.644307692308,1790663817979,8.908797264099121,-3.919583559036255,0.41875892877578735,-1.5399999618530273,-1.190000057220459,0.21000000834465027,0.702750120014825,ascending,1
9,left,3356.427,1790663817992,10.236861228942871,1.742037057876587,0.1914326548576355,-2.799999952316284,-3.640000104904175,0.9800000190734863,0.41789329211622644,ascending,1
9,left,3356.4366153846154,1790663817992,9.674527168273926,1.7875022888183594,0.2225404530763626,-2.799999952316284,-3.640000104904175,0.9800000190734863,0.41800872108935433,ascending,1
9,left,3356.446230769231,1790663817992,9.629061698913574,1.1246668100357056,0.2416837215423584,-2.799999952316284,-3.640000104904175,0.9800000190734863,0.4166479894060772,ascending,1
9,left,3356.4558461538463,1790663817992,9.72238540649414,1.619998812675476,0.1914326548576355,-2.799999952316284,-3.640000104904175,0.9800000190734863,0.41694395888752883,ascending,1
9,left,3356.4654615384616,1790663817992,9.351485252380371,1.2562767267227173,0.08614469319581985,-2.799999952316284,-3.640000104904175,0.9800000190734863,0.4131375758798523,ascending,1
9,left,3356.4750769230773,1790663817992,9.21987533569336,1.531461238861084,0.11007377505302429,-2.799999952316284,-3.640000104904175,0.9800000190734863,0.40851921717528994,ascending,1
9,left,3356.4846923076925,1790663817992,9.179195404052734,1.8616825342178345,0.19382555782794952,-2.799999952316284,-3.640000104904175,0.9800000190734863,0.40405105962250515,ascending,1
9,left,3356.4943076923078,1790663817992,8.614469528198242,1.3424214124679565,0.2321120798587799,-2.799999952316284,-3.640000104904175,0.9800000190734863,0.3934197471535696,ascending,1
9,right,3460.653,1790663818054,8.865724563598633,-3.022243022918701,0.40679436922073364,-1.1200000047683716,-0.2800000011920929,1.2599999904632568,0.6986112648179513,ascending,1
9,right,3460.662615384615,1790663818054,8.590539932250977,-3.555861473083496,0.3110780417919159,-1.1200000047683716,-0.2800000011920929,1.2599999904632568,0.6933775674782288,ascending,1
9,right,3460.6722307692307,1790663818054,8.356035232543945,-3.1155662536621094,0.2823631465435028,-1.1200000047683716,-0.2800000011920929,1.2599999904632568,0.6845310658994452,ascending,1
9,right,3460.681846153846,1790663818054,9.0284423828125,-3.196925163269043,0.19861137866973877,-1.1200000047683716,-0.2800000011920929,1.2599999904632568,0.6819973391257916,ascending,1
9,right,3460.691461538461,1790663818054,8.93990421295166,-3.6587564945220947,0.15553902089595795,-1.1200000047683716,-0.2800000011920929,1.2599999904632568,0.6802422459373465,ascending,1
9,right,3460.701076923077,1790663818054,9.547703742980957,-3.5534684658050537,0.15314611792564392,-1.1200000047683716,-0.2800000011920929,1.2599999904632568,0.6835846994659174,ascending,1
9,right,3460.710692307692,1790663818054,9.71520709991455,-3.7257578372955322,0.09810923039913177,-1.1200000047683716,-0.2800000011920929,1.2599999904632568,0.6890113500845909,ascending,1
9,right,3460.7203076923074,1790663818054,9.65299129486084,-3.787973403930664,0.14836029708385468,-1.1200000047683716,-0.2800000011920929,1.2599999904632568,0.6940978063057448,ascending,1
9,left,3356.506,1790663818066,8.841794967651367,1.4118157625198364,0.2727915346622467,-2.940000057220459,-4.199999809265137,-0.2800000011920929,0.38326144905964554,ascending,1
9,left,3356.515615384615,1790663818066,8.645576477050781,1.4836030006408691,0.363722026348114,-2.940000057220459,-4.199999809265137,-0.2800000011920929,0.3731795579323545,ascending,1
9,left,3356.525230769231,1790663818066,9.40173625946045,1.4357448816299438,0.42833054065704346,-2.940000057220459,-4.199999809265137,-0.2800000011920929,0.3702098944660272,ascending,1
9,left,3356.534846153846,1790663818066,9.468737602233887,1.612820029258728,0.44029510021209717,-2.940000057220459,-4.199999809265137,-0.2800000011920929,0.36815723302165315,ascending,1
9,left,3356.5444615384613,1790663818066,9.655384063720703,1.4524952173233032,0.4737958014011383,-2.940000057220459,-4.199999809265137,-0.2800000011920929,0.36763326752556,ascending,1
9,left,3356.554076923077,1790663818066,9.463951110839844,1.5984625816345215,0.4259376525878906,-2.940000057220459,-4.199999809265137,-0.2800000011920929,0.3655144774655398,ascending,1
9,left,3356.5636923076922,1790663818066,9.518988609313965,1.584105134010315,0.47858160734176636,-2.940000057220459,-4.199999809265137,-0.2800000011920929,0.3639083972026138,ascending,1
9,left,3356.5733076923075,1790663818066,9.394556999206543,1.6415349245071411,0.4929390549659729,-2.940000057220459,-4.199999809265137,-0.2800000011920929,0.36121826005973,ascending,1
9,right,3460.728,1790663818129,9.676919937133789,-3.3572499752044678,0.12921704351902008,-1.4700000286102295,-0.42000001668930054,2.450000047683716,0.6971527650949801,ascending,1
9,right,3460.7376153846153,1790663818129,9.588382720947266,-3.56782603263855,0.08614469319581985,-1.4700000286102295,-0.42000001668930054,2.450000047683716,0.7008927431548242,ascending,1
9,right,3460.747230769231,1790663818129,9.729564666748047,-3.563040256500244,0.15314611792564392,-1.4700000286102295,-0.42000001668930054,2.450000047683716,0.7058921604987389,ascending,1
9,right,3460.7568461538463,1790663818129,9.858781814575195,-3.5103962421417236,0.1507532149553299,-1.4700000286102295,-0.42000001668930054,2.450000047683716,0.7118736399515074,ascending,1
9,right,3460.7664615384615,1790663818129,9.796566009521484,-3.6300415992736816,0.16750356554985046,-1.4700000286102295,-0.42000001668930054,2.450000047683716,0.7177016392159715,ascending,1
9,right,3460.776076923077,1790663818129,9.358663558959961,-3.6228628158569336,0.24407662451267242,-1.4700000286102295,-0.42000001668930054,2.450000047683716,0.7195757319869068,ascending,1
9,right,3460.7856923076924,1790663818129,9.440022468566895,-3.766437292098999,0.24407662451267242,-1.4700000286102295,-0.42000001668930054,2.450000047683716,0.7226718447330664,ascending,1
9,right,3460.7953076923077,1790663818129,9.547703742980957,-3.1945323944091797,0.3421858549118042,-1.4700000286102295,-0.42000001668930054,2.450000047683716,0.7248010923721453,ascending,1
9,left,3356.586,1790663818203,9.743921279907227,1.6032484769821167,0.46900999546051025,-3.7100000381469727,-2.870000123977661,1.8899999856948853,0.3619590796035376,ascending,1
9,left,3356.595615384615,1790663818203,9.997570037841797,1.8401463031768799,0.4331163763999939,-3.7100000381469727,-2.870000123977661,1.8899999856948853,0.36528933429170696,ascending,1
9,left,3356.6052307692307,1790663818203,10.334970474243164,1.837753415107727,0.39004403352737427,-3.7100000381469727,-2.870000123977661,1.8899999856948853,0.3718045328933599,ascending,1
9,left,3356.614846153846,1790663818203,10.27036190032959,1.672642707824707,0.3732936680316925,-3.7100000381469727,-2.870000123977661,1.8899999856948853,0.3774415736663602,ascending,1
9,left,3356.624461538461,1790663818203,10.552724838256836,1.8353605270385742,0.3110780417919159,-3.7100000381469727,-2.870000123977661,1.8899999856948853,0.3859933723736285,ascending,1
9,left,3356.634076923077,1790663818203,10.272754669189453,1.7851094007492065,0.260826975107193,-3.7100000381469727,-2.870000123977661,1.8899999856948853,0.3917969622012722,ascending,1
9,left,3356.643692307692,1790663818203,10.370863914489746,1.521889567375183,0.16271774470806122,-3.7100000381469727,-2.870000123977661,1.8899999856948853,0.39808866569552237,ascending,1
9,left,3356.6533076923074,1790663818203,9.892282485961914,1.5386399030685425,0.05742979422211647,-3.7100000381469727,-2.870000123977661,1.8899999856948853,0.39984726086074834,ascending,1
9,right,3460.804,1790663818219,9.504631042480469,-3.364428758621216,0.39961564540863037,-1.9600000381469727,-0.699999988079071,0.9800000190734863,0.7269087214456194,ascending,1
9,right,3460.8136153846153,1790663818219,9.205517768859863,-3.2160685062408447,0.4714028835296631,-1.9600000381469727,-0.699999988079071,0.9800000190734863,0.7260621474811572,ascending,1
9,right,3460.823230769231,1790663818219,9.150480270385742,-3.1658174991607666,0.5551546812057495,-1.9600000381469727,-0.699999988079071,0.9800000190734863,0,resting,null
9,right,3460.8328461538463,1790663818219,8.872902870178223,-3.2208542823791504,0.5766908526420593,-1.9600000381469727,-0.699999988079071,0.9800000190734863,-0.003445350122494266,resting,null
9,right,3460.8424615384615,1790663818219,9.437629699707031,-3.606112480163574,0.47858160734176636,-1.9600000381469727,-0.699999988079071,0.9800000190734863,-0.0005219743749235714,resting,null
9,right,3460.852076923077,1790663818219,9.657776832580566,-3.330928087234497,0.47858160734176636,-1.9600000381469727,-0.699999988079071,0.9800000190734863,0.003452937284517687,resting,null
9,right,3460.8616923076925,1790663818219,9.74870777130127,-3.091637372970581,0.5360113978385925,-1.9600000381469727,-0.699999988079071,0.9800000190734863,0.007456122145948721,resting,null
9,right,3460.8713076923077,1790663818219,9.073907852172852,-3.043779134750366,0.5742979645729065,-1.9600000381469727,-0.699999988079071,0.9800000190734863,0.0052369925590050655,resting,null
9,left,3356.665,1790663818232,9.856388092041016,1.7157150506973267,0.0502510704100132,-3.430000066757202,-3.9200000762939453,-0.699999988079071,0.40191123879362006,ascending,1
9,left,3356.674615384615,1790663818232,10.00953483581543,1.8353605270385742,0.059822700917720795,-3.430000066757202,-3.9200000762939453,-0.699999988079071,0.40525396168801153,ascending,1
9,left,3356.684230769231,1790663818232,10.926018714904785,1.5027462244033813,0.12443122267723083,-3.430000066757202,-3.9200000762939453,-0.699999988079071,0.4167699717861095,ascending,1
9,left,3356.693846153846,1790663818232,10.411542892456055,1.8856115341186523,0.1005021408200264,-3.430000066757202,-3.9200000762939453,-0.699999988079071,0.4240042795456257,ascending,1
9,left,3356.7034615384614,1790663818232,10.366077423095703,1.6343562602996826,0.04546525329351425,-3.430000066757202,-3.9200000762939453,-0.699999988079071,0.4303995862059706,ascending,1
9,left,3356.713076923077,1790663818232,10.136358261108398,1.4309589862823486,-0.055036887526512146,-3.430000066757202,-3.9200000762939453,-0.699999988079071,0.43428487147887535,ascending,1
9,left,3356.7226923076923,1790663818232,10.332576751708984,2.0483293533325195,-0.1603248417377472,-3.430000066757202,-3.9200000762939453,-0.699999988079071,0.4409922967830132,ascending,1
9,left,3356.7323076923076,1790663818232,10.07892894744873,1.1629533767700195,-0.1507532149553299,-3.430000066757202,-3.9200000762939453,-0.699999988079071,0.443904196067061,ascending,1
9,right,3460.881,1790663818279,9.246196746826172,-3.1179592609405518,0.6843717098236084,-1.5399999618530273,0.21000000834465027,0.5600000023841858,0.0048472956732741965,resting,null
9,right,3460.890615384615,1790663818279,9.571632385253906,-2.816452741622925,0.7824809551239014,-1.5399999618530273,0.21000000834465027,0.5600000023841858,0.006416344143340256,resting,null
9,right,3460.900230769231,1790663818279,9.648205757141113,-3.4194657802581787,0.7753022313117981,-1.5399999618530273,0.21000000834465027,0.5600000023841858,0.010693423974251067,resting,null
9,right,3460.909846153846,1790663818279,9.195945739746094,-3.3333208560943604,0.7776951193809509,-1.5399999618530273,0.21000000834465027,0.5600000023841858,0.010613455312745674,resting,null
9,right,3460.9194615384613,1790663818279,9.27969741821289,-3.2304258346557617,0.758551836013794,-1.5399999618530273,0.21000000834465027,0.5600000023841858,0.010946166604432163,resting,null
9,right,3460.929076923077,1790663818279,8.858545303344727,-3.4410018920898438,0.7800880670547485,-1.5399999618530273,0.21000000834465027,0.5600000023841858,0.008198605576601922,resting,null
9,right,3460.9386923076922,1790663818279,9.784601211547852,-3.5582542419433594,0.7130866050720215,-1.5399999618530273,0.21000000834465027,0.5600000023841858,0.014171356549151649,resting,null
9,right,3460.9483076923075,1790663818279,10.279932975769043,-3.2423903942108154,0.7346227765083313,-1.5399999618530273,0.21000000834465027,0.5600000023841858,0.02356547567287585,resting,null
9,left,3356.745,1790663818322,9.679313659667969,1.7587873935699463,-0.20818300545215607,-2.940000057220459,-5.389999866485596,2.1700000762939453,0.4439805556275291,ascending,1
9,left,3356.754615384615,1790663818322,8.717364311218262,1.5075321197509766,-0.19621846079826355,-2.940000057220459,-5.389999866485596,2.1700000762939453,0.434529226667642,ascending,1
9,left,3356.764230769231,1790663818322,9.066728591918945,1.4477094411849976,-0.22971917688846588,-2.940000057220459,-5.389999866485596,2.1700000762939453,0.42830524911503953,ascending,1
9,left,3356.773846153846,1790663818322,9.054763793945312,1.5888910293579102,-0.11964540183544159,-2.940000057220459,-5.389999866485596,2.1700000762939453,0.42219768606959224,ascending,1
9,left,3356.7834615384613,1790663818322,9.66016960144043,1.485995888710022,-0.12203831225633621,-2.940000057220459,-5.389999866485596,2.1700000762939453,0.421675723341107,ascending,1
9,left,3356.793076923077,1790663818322,9.016477584838867,1.56256902217865,-0.12203831225633621,-2.940000057220459,-5.389999866485596,2.1700000762939453,0.41517069087308195,ascending,1
9,left,3356.8026923076923,1790663818322,8.49721622467041,1.4357448816299438,-0.1316099464893341,-2.940000057220459,-5.389999866485596,2.1700000762939453,0.4035489031088684,ascending,1
9,left,3356.8123076923075,1790663818322,8.0736722946167,1.4788172245025635,-0.08853759616613388,-2.940000057220459,-5.389999866485596,2.1700000762939453,0.38798373083545445,ascending,1
9,right,3460.957,1790663818354,10.208146095275879,-3.342892646789551,0.7154794931411743,-1.190000057220459,0.9100000262260437,0.7699999809265137,0.03177239275208126,resting,null
9,right,3460.966615384615,1790663818354,9.789386749267578,-3.2998201847076416,0.708300769329071,-1.190000057220459,0.9100000262260437,0.7699999809265137,0.036932780151387797,resting,null
9,right,3460.976230769231,1790663818354,9.633848190307617,-3.519967794418335,0.6365135312080383,-1.190000057220459,0.9100000262260437,0.7699999809265137,0.04139683981935917,resting,null
9,right,3460.985846153846,1790663818354,9.877924919128418,-3.5750045776367188,0.588655412197113,-1.190000057220459,0.9100000262260437,0.7699999809265137,0.04822791300303491,resting,null
9,right,3460.9954615384613,1790663818354,10.466580390930176,-3.7568657398223877,0.5814766883850098,-1.190000057220459,0.9100000262260437,0.7699999809265137,0.06096468937075373,resting,null
9,right,3461.005076923077,1790663818354,10.050213813781738,-3.443394660949707,0.6341206431388855,-1.190000057220459,0.9100000262260437,0.7699999809265137,0.06892916011929863,resting,null
9,right,3461.0146923076923,1790663818354,9.918603897094727,-3.4529664516448975,0.6389064788818359,-1.190000057220459,0.9100000262260437,0.7699999809265137,0.07573976417026453,resting,null
9,right,3461.0243076923075,1790663818354,9.442415237426758,-3.4194657802581787,0.648478090763092,-1.190000057220459,0.9100000262260437,0.7699999809265137,0.07814762632007798,resting,null
9,left,3356.824,1790663818396,8.528324127197266,1.4118157625198364,-0.09332341700792313,-3.2200000286102295,-3.2899999618530273,0.9100000262260437,0.37418116302855753,ascending,1
9,left,3356.8336153846153,1790663818396,8.848974227905273,1.3472073078155518,-0.04546525329351425,-3.2200000286102295,-3.2899999618530273,0.9100000262260437,0.36577237341707186,ascending,1
9,left,3356.843230769231,1790663818396,8.50678825378418,1.6989647150039673,-0.011964540928602219,-3.2200000286102295,-3.2899999618530273,0.9100000262260437,0.35467040296375,ascending,1
9,left,3356.8528461538463,1790663818396,8.164602279663086,1.4477094411849976,-0.07418014854192734,-3.2200000286102295,-3.2899999618530273,0.9100000262260437,0.3399420003830934,ascending,1
9,left,3356.8624615384615,1790663818396,8.281854629516602,1.5027462244033813,-0.1005021408200264,-3.2200000286102295,-3.2899999618530273,0.9100000262260437,0.32642363843429995,ascending,1
9,left,3356.872076923077,1790663818396,8.31535530090332,1.5027462244033813,-0.07657305896282196,-3.2200000286102295,-3.2899999618530273,0.9100000262260437,0.31322834212137346,ascending,1
9,left,3356.8816923076924,1790663818396,9.002120018005371,1.4764243364334106,-0.0502510704100132,-3.2200000286102295,-3.2899999618530273,0.9100000262260437,0.30650082008716456,ascending,1
9,left,3356.8913076923077,1790663818396,8.973404884338379,1.7276796102523804,-0.11964540183544159,-3.2200000286102295,-3.2899999618530273,0.9100000262260437,0.29991770439871834,ascending,1
9,right,3461.032,1790663818429,9.516595840454102,-3.4936459064483643,0.6077986359596252,-2.0999999046325684,-3.1500000953674316,0.14000000059604645,0.08079127156231539,ascending,2
9,right,3461.0416153846154,1790663818429,9.942533493041992,-3.4314301013946533,0.5838695764541626,-2.0999999046325684,-3.1500000953674316,0.14000000059604645,0.08772455982681508,ascending,2
9,right,3461.051230769231,1790663818429,9.90424633026123,-3.5582542419433594,0.5862624645233154,-2.0999999046325684,-3.1500000953674316,0.14000000059604645,0.09472664471675007,ascending,2
9,right,3461.0608461538463,1790663818429,9.820494651794434,-3.8669395446777344,0.6604426503181458,-2.0999999046325684,-3.1500000953674316,0.14000000059604645,0.10201607194554367,ascending,2
9,right,3461.0704615384616,1790663818429,10.100464820861816,-3.730543613433838,0.708300769329071,-2.0999999046325684,-3.1500000953674316,0.14000000059604645,0.11140139992789708,ascending,2
9,right,3461.0800769230773,1790663818429,10.366077423095703,-3.54150390625,0.765730619430542,-2.0999999046325684,-3.1500000953674316,0.14000000059604645,0.12258438734821973,ascending,2
9,right,3461.0896923076925,1790663818429,10.497687339782715,-3.5726118087768555,0.7513731122016907,-2.0999999046325684,-3.1500000953674316,0.14000000059604645,0.13504862014547914,ascending,2
9,right,3461.099307692308,1790663818429,10.342148780822754,-3.4816813468933105,0.8662327527999878,-2.0999999046325684,-3.1500000953674316,0.14000000059604645,0.14586051474600548,ascending,2
9,left,3356.903,1790663818472,9.040407180786133,1.7013576030731201,-0.1316099464893341,-3.7100000381469727,0.7699999809265137,1.4700000286102295,0.2926419297609279,ascending,1
9,left,3356.912615384615,1790663818472,9.75588607788086,1.7133221626281738,-0.1698964685201645,-3.7100000381469727,0.7699999809265137,1.4700000286102295,0.2934608007655627,ascending,1
9,left,3356.9222307692307,1790663818472,9.894675254821777,1.6582852602005005,-0.1722893863916397,-3.7100000381469727,0.7699999809265137,1.4700000286102295,0.29550441243297904,ascending,1
9,left,3356.931846153846,1790663818472,9.952104568481445,1.672642707824707,-0.2416837215423584,-3.7100000381469727,0.7699999809265137,1.4700000286102295,0.2981242157327077,ascending,1
9,left,3356.941461538461,1790663818472,9.889888763427734,1.672642707824707,-0.21536172926425934,-3.7100000381469727,0.7699999809265137,1.4700000286102295,0.30015079700586544,ascending,1
9,left,3356.951076923077,1790663818472,10.014320373535156,1.6606782674789429,-0.22732627391815186,-3.7100000381469727,0.7699999809265137,1.4700000286102295,0.30333859677615377,ascending,1
9,left,3356.960692307692,1790663818472,10.0885009765625,1.6152129173278809,-0.26800569891929626,-3.7100000381469727,0.7699999809265137,1.4700000286102295,0.3071628328417729,ascending,1
9,left,3356.9703076923074,1790663818472,9.956890106201172,1.7157150506973267,-0.24646952748298645,-3.7100000381469727,0.7699999809265137,1.4700000286102295,0.3098956843082572,ascending,1
9,right,3461.108,1790663818504,10.069356918334961,-3.3285350799560547,0.8423036336898804,-2.870000123977661,-4.900000095367432,-0.3499999940395355,0.15294497180685673,ascending,2
9,right,3461.1176153846154,1790663818504,9.916211128234863,-3.3141777515411377,0.8710185289382935,-2.870000123977661,-4.900000095367432,-0.3499999940395355,0.15936414572538907,ascending,2
9,right,3461.127230769231,1790663818504,9.54052448272705,-3.2232472896575928,0.9093050956726074,-2.870000123977661,-4.900000095367432,-0.3499999940395355,0.16211100886772623,ascending,2
9,right,3461.1368461538464,1790663818504,9.562060356140137,-3.2304258346557617,0.8614469170570374,-2.870000123977661,-4.900000095367432,-0.3499999940395355,0.16505492750093528,ascending,2
9,right,3461.1464615384616,1790663818504,9.373021125793457,-3.2280330657958984,0.8877689242362976,-2.870000123977661,-4.900000095367432,-0.3499999940395355,0.16629534859606357,ascending,2
9,right,3461.1560769230773,1790663818504,9.605133056640625,-3.2017109394073486,0.8686256408691406,-2.870000123977661,-4.900000095367432,-0.3499999940395355,0.16954196843492994,ascending,2
9,right,3461.1656923076926,1790663818504,9.516595840454102,-3.2352118492126465,0.8518753051757812,-2.870000123977661,-4.900000095367432,-0.3499999940395355,0.1720888084377201,ascending,2
9,right,3461.175307692308,1790663818504,9.82528018951416,-3.0964231491088867,0.7705163955688477,-2.870000123977661,-4.900000095367432,-0.3499999940395355,0.17694570097365608,ascending,2
9,left,3356.982,1790663818562,10.064571380615234,1.8712540864944458,-0.26561281085014343,-3.2899999618530273,1.4700000286102295,1.2599999904632568,0.3147674938926179,ascending,1
9,left,3356.991615384615,1790663818562,9.90424633026123,1.904754877090454,-0.23929080367088318,-3.2899999618530273,1.4700000286102295,1.2599999904632568,0.3173059878105037,ascending,1
9,left,3357.001230769231,1790663818562,10.100464820861816,1.770751953125,-0.21536172926425934,-3.2899999618530273,1.4700000286102295,1.2599999904632568,0.321479125826273,ascending,1
9,left,3357.010846153846,1790663818562,9.729564666748047,2.191903829574585,-0.17468228936195374,-3.2899999618530273,1.4700000286102295,1.2599999904632568,0.32283005427654,ascending,1
9,left,3357.0204615384614,1790663818562,9.923389434814453,1.5290682315826416,-0.21775463223457336,-3.2899999618530273,1.4700000286102295,1.2599999904632568,0.32492854084561845,ascending,1
9,left,3357.030076923077,1790663818562,9.75588607788086,1.8353605270385742,-0.28714898228645325,-3.2899999618530273,1.4700000286102295,1.2599999904632568,0.3259560402430475,ascending,1
9,left,3357.0396923076923,1790663818562,10.248825073242188,1.6008554697036743,-0.26800569891929626,-3.2899999618530273,1.4700000286102295,1.2599999904632568,0.33126277557465067,ascending,1
9,left,3357.0493076923076,1790663818562,10.212931632995605,1.6176059246063232,-0.23929080367088318,-3.2899999618530273,1.4700000286102295,1.2599999904632568,0.3362514426464696,ascending,1
9,right,3461.184,1790663818594,9.710420608520508,-2.957634449005127,0.8518753051757812,-1.9600000381469727,-5.460000038146973,-0.21000000834465027,0.18003194193638203,ascending,2
9,right,3461.1936153846154,1790663818594,9.286876678466797,-3.2926416397094727,0.8470894694328308,-1.9600000381469727,-5.460000038146973,-0.21000000834465027,0.18068043702401393,ascending,2
9,right,3461.203230769231,1790663818594,9.791779518127441,-2.6752712726593018,0.8901618123054504,-1.9600000381469727,-5.460000038146973,-0.21000000834465027,0.18395601062232259,ascending,2
9,right,3461.2128461538464,1790663818594,9.602740287780762,-3.2926416397094727,0.8638398051261902,-1.9600000381469727,-5.460000038146973,-0.21000000834465027,0.18747167364338604,ascending,2
9,right,3461.2224615384616,1790663818594,9.282090187072754,-2.713557720184326,0.8375178575515747,-1.9600000381469727,-5.460000038146973,-0.21000000834465027,0.18623449730946612,ascending,2
9,right,3461.2320769230773,1790663818594,9.20073127746582,-2.514946460723877,0.7800880670547485,-1.9600000381469727,-5.460000038146973,-0.21000000834465027,0.18361383671083711,ascending,2
9,right,3461.2416923076926,1790663818594,8.729329109191895,-3.3046059608459473,0.6843717098236084,-1.9600000381469727,-5.460000038146973,-0.21000000834465027,0.17916692237355245,ascending,2
9,right,3461.251307692308,1790663818594,9.014084815979004,-2.818845748901367,0.5838695764541626,-1.9600000381469727,-5.460000038146973,-0.21000000834465027,0.17572346099988392,ascending,2
9,right,3461.26,1790663818654,9.356270790100098,-3.1873536109924316,0.5144752264022827,-0.9100000262260437,-5.110000133514404,0.6299999952316284,0.17643667881899905,ascending,2
9,right,3461.2696153846155,1790663818654,9.160052299499512,-3.1706032752990723,0.5144752264022827,-0.9100000262260437,-5.110000133514404,0.6299999952316284,0.17539266683043278,ascending,2
9,right,3461.279230769231,1790663818654,9.418486595153809,-2.9480626583099365,0.44029510021209717,-0.9100000262260437,-5.110000133514404,0.6299999952316284,0.17596539475330447,ascending,2
9,right,3461.2888461538464,1790663818654,9.033227920532227,-2.811666965484619,0.4235447347164154,-0.9100000262260437,-5.110000133514404,0.6299999952316284,0.17261196367689566,ascending,2
9,right,3461.2984615384617,1790663818654,9.394556999206543,-2.9408841133117676,0.40918728709220886,-0.9100000262260437,-5.110000133514404,0.6299999952316284,0.17294191438674064,ascending,2
9,right,3461.3080769230774,1790663818654,9.164837837219238,-2.8499536514282227,0.4450809061527252,-0.9100000262260437,-5.110000133514404,0.6299999952316284,0.1709227095224742,ascending,2
9,right,3461.3176923076926,1790663818654,9.820494651794434,-3.1945323944091797,0.41875892877578735,-0.9100000262260437,-5.110000133514404,0.6299999952316284,0.1759179738214972,ascending,2
9,right,3461.327307692308,1790663818654,9.55009651184082,-3.0677082538604736,0.39722275733947754,-0.9100000262260437,-5.110000133514404,0.6299999952316284,0.17805535911316459,ascending,2
9,left,3357.061,1790663818667,9.932961463928223,1.928683876991272,-0.2225404530763626,-2.0999999046325684,1.1200000047683716,1.5399999618530273,0.3397001498791273,ascending,1
9,left,3357.0706153846154,1790663818667,9.248589515686035,1.5649619102478027,-0.16271774470806122,-2.0999999046325684,1.1200000047683716,1.5399999618530273,0.33545043673245023,ascending,1
9,left,3357.080230769231,1790663818667,9.526166915893555,1.560176134109497,-0.07178724557161331,-2.0999999046325684,1.1200000047683716,1.5399999618530273,0.3338101921204287,ascending,1
9,left,3357.0898461538463,1790663818667,9.078693389892578,1.359171748161316,0.01914326474070549,-2.0999999046325684,1.1200000047683716,1.5399999618530273,0.3275980111969318,ascending,1
9,left,3357.0994615384616,1790663818667,9.64341926574707,1.3543859720230103,0.09571632742881775,-2.0999999046325684,1.1200000047683716,1.5399999618530273,0.32672786779581137,ascending,1
9,left,3357.1090769230773,1790663818667,9.152873039245605,1.1294525861740112,0.10289505124092102,-2.0999999046325684,1.1200000047683716,1.5399999618530273,0.32086057616633934,ascending,1
9,left,3357.1186923076925,1790663818667,9.530953407287598,1.4883887767791748,0.16511066257953644,-2.0999999046325684,1.1200000047683716,1.5399999618530273,0.31913928379314416,ascending,1
9,left,3357.1283076923078,1790663818667,9.203125,1.4118157625198364,0.1722893863916397,-2.0999999046325684,1.1200000047683716,1.5399999618530273,0.3141946578720338,ascending,1
9,right,3461.336,1790663818734,9.468737602233887,-3.2830698490142822,0.3326142132282257,-0.21000000834465027,-5.599999904632568,0.8400000333786011,0.1798882640852407,ascending,2
9,right,3461.345615384615,1790663818734,9.191160202026367,-3.139495372772217,0.34936457872390747,-0.21000000834465027,-5.599999904632568,0.8400000333786011,0.17895687053337517,ascending,2
9,right,3461.3552307692307,1790663818734,9.387378692626953,-3.266319513320923,0.3134709596633911,-0.21000000834465027,-5.599999904632568,0.8400000333786011,0.18018975978434906,ascending,2
9,right,3461.364846153846,1790663818734,9.911425590515137,-3.1299238204956055,0.23450499773025513,-0.21000000834465027,-5.599999904632568,0.8400000333786011,0.18574574780445377,ascending,2
9,right,3461.374461538461,1790663818734,9.667348861694336,-2.9983139038085938,0.260826975107193,-0.21000000834465027,-5.599999904632568,0.8400000333786011,0.18868733528597934,ascending,2
9,right,3461.384076923077,1790663818734,9.81092357635498,-3.084458589553833,0.18903973698616028,-0.21000000834465027,-5.599999904632568,0.8400000333786011,0.19318005308515107,ascending,2
9,right,3461.393692307692,1790663818734,9.246196746826172,-3.2280330657958984,0.19621846079826355,-0.21000000834465027,-5.599999904632568,0.8400000333786011,0.19296879258776742,ascending,2
9,right,3461.4033076923074,1790663818734,9.152873039245605,-3.393143653869629,0.19861137866973877,-0.21000000834465027,-5.599999904632568,0.8400000333786011,0,resting,null
9,left,3357.14,1790663818758,9.760672569274902,1.4309589862823486,0.13639576733112335,-1.3300000429153442,1.4700000286102295,-0.49000000953674316,0.31466177640221105,ascending,1
9,left,3357.149615384615,1790663818758,9.63624095916748,1.366350531578064,0.1507532149553299,-1.3300000429153442,1.4700000286102295,-0.49000000953674316,0.3137693762726818,ascending,1
9,left,3357.159230769231,1790663818758,9.964069366455078,1.6032484769821167,0.2536482512950897,-1.3300000429153442,1.4700000286102295,-0.49000000953674316,0.3163492141646489,ascending,1
9,left,3357.168846153846,1790663818758,9.63624095916748,1.3998512029647827,0.21536172926425934,-1.3300000429153442,1.4700000286102295,-0.49000000953674316,0.3155121252985316,ascending,1
9,left,3357.1784615384613,1790663818758,9.719992637634277,1.6534994840621948,0.2105759084224701,-1.3300000429153442,1.4700000286102295,-0.49000000953674316,0.31586204596347633,ascending,1
9,left,3357.188076923077,1790663818758,10.004748344421387,1.6678569316864014,0.24407662451267242,-1.3300000429153442,1.4700000286102295,-0.49000000953674316,0,resting,null
9,left,3357.1976923076923,1790663818758,10.468973159790039,1.4237803220748901,0.339792937040329,-1.3300000429153442,1.4700000286102295,-0.49000000953674316,0.007264218966641146,resting,null
9,left,3357.2073076923075,1790663818758,10.612546920776367,1.552997350692749,0.38525819778442383,-1.3300000429153442,1.4700000286102295,-0.49000000953674316,0.016091417086211944,resting,null
9,left,3357.22,1790663818788,10.028677940368652,1.1557745933532715,0.39961564540863037,-0.9800000190734863,1.190000057220459,0.3499999940395355,0.019642162069755026,resting,null
9,left,3357.229615384615,1790663818788,10.052606582641602,1.6606782674789429,0.382865309715271,-0.9800000190734863,1.190000057220459,0.3499999940395355,0.023323926133043554,resting,null
9,left,3357.2392307692307,1790663818788,10.021498680114746,1.8856115341186523,0.4139730930328369,-0.9800000190734863,1.190000057220459,0.3499999940395355,0.027057133204656338,resting,null
9,left,3357.248846153846,1790663818788,10.399578094482422,1.359171748161316,0.3517574965953827,-0.9800000190734863,1.190000057220459,0.3499999940395355,0.03357956179725559,resting,null
9,left,3357.2584615384612,1790663818788,10.313433647155762,1.7970739603042603,0.32782840728759766,-0.9800000190734863,1.190000057220459,0.3499999940395355,0.0399434560753669,resting,null
9,left,3357.268076923077,1790663818788,10.133965492248535,1.739644169807434,0.2943277060985565,-0.9800000190734863,1.190000057220459,0.3499999940395355,0.04451435405856455,resting,null
9,left,3357.277692307692,1790663818788,9.961676597595215,1.7563945055007935,0.2823631465435028,-0.9800000190734863,1.190000057220459,0.3499999940395355,0.047475914007919784,resting,null
9,left,3357.2873076923074,1790663818788,9.875532150268555,1.907147765159607,0.22014755010604858,-0.9800000190734863,1.190000057220459,0.3499999940395355,0.04984742780406986,resting,null
9,right,3461.412,1790663818804,9.516595840454102,-3.2208542823791504,0.25843408703804016,-0.07000000029802322,-5.179999828338623,0.2800000011920929,0.0021159855028616277,resting,null
9,right,3461.421615384615,1790663818804,9.349091529846191,-3.436216115951538,0.2321120798587799,-0.07000000029802322,-5.179999828338623,0.2800000011920929,0.003592429122072396,resting,null
9,right,3461.4312307692308,1790663818804,9.629061698913574,-3.1921393871307373,0.2727915346622467,-0.07000000029802322,-5.179999828338623,0.2800000011920929,0.006869700939989316,resting,null
9,right,3461.440846153846,1790663818804,9.428057670593262,-3.2088897228240967,0.3206496834754944,-0.07000000029802322,-5.179999828338623,0.2800000011920929,0.008379436702162353,resting,null
9,right,3461.4504615384612,1790663818804,9.121766090393066,-3.484074115753174,0.339792937040329,-0.07000000029802322,-5.179999828338623,0.2800000011920929,0.00796051273950754,resting,null
9,right,3461.460076923077,1790663818804,9.026049613952637,-3.548682689666748,0.34697166085243225,-0.07000000029802322,-5.179999828338623,0.2800000011920929,0.006880727108955713,resting,null
9,right,3461.469692307692,1790663818804,9.253376007080078,-3.618077039718628,0.36850783228874207,-0.07000000029802322,-5.179999828338623,0.2800000011920929,0.008095557427573055,resting,null
9,right,3461.4793076923074,1790663818804,9.490273475646973,-3.4122869968414307,0.36611494421958923,-0.07000000029802322,-5.179999828338623,0.2800000011920929,0.010817845734412086,resting,null
9,left,3357.299,1790663818861,9.947319030761719,1.6989647150039673,0.15553902089595795,-0.7699999809265137,-0.07000000029802322,0.699999988079071,0.05315743810775498,resting,null
9,left,3357.308615384615,1790663818861,10.069356918334961,1.8233959674835205,0.25843408703804016,-0.7699999809265137,-0.07000000029802322,0.699999988079071,0.05724681609024333,resting,null
9,left,3357.318230769231,1790663818861,9.99278450012207,1.7803236246109009,0.2727915346622467,-0.7699999809265137,-0.07000000029802322,0.699999988079071,0.060544772270512075,resting,null
9,left,3357.327846153846,1790663818861,9.801351547241211,1.7851094007492065,0.22971917688846588,-0.7699999809265137,-0.07000000029802322,0.699999988079071,0.062030099128351494,resting,null
9,left,3357.3374615384614,1790663818861,9.614705085754395,1.964577555656433,0.181861013174057,-0.7699999809265137,-0.07000000029802322,0.699999988079071,0.06203128792787395,resting,null
9,left,3357.347076923077,1790663818861,9.708027839660645,1.679821491241455,0.22493335604667664,-0.7699999809265137,-0.07000000029802322,0.699999988079071,0.06246366830413035,resting,null
9,left,3357.3566923076924,1790663818861,9.760672569274902,1.6176059246063232,0.23450499773025513,-0.7699999809265137,-0.07000000029802322,0.699999988079071,0.06329635263819722,resting,null
9,left,3357.3663076923076,1790663818861,9.638633728027344,1.5673547983169556,0.2632198929786682,-0.7699999809265137,-0.07000000029802322,0.699999988079071,0.06289850068632573,resting,null
9,right,3461.488,1790663818924,9.203125,-3.0868513584136963,0.3541503846645355,0.49000000953674316,-4.619999885559082,0.699999988079071,0.009994372269428769,resting,null
9,right,3461.497615384615,1790663818924,8.858545303344727,-3.400322437286377,0.3517574965953827,0.49000000953674316,-4.619999885559082,0.699999988079071,0.006942888906944192,resting,null
9,right,3461.507230769231,1790663818924,8.94947624206543,-3.16821026802063,0.3541503846645355,0.49000000953674316,-4.619999885559082,0.699999988079071,0.003987692157744032,resting,null
9,right,3461.516846153846,1790663818924,9.014084815979004,-3.448180675506592,0.3948298394680023,0.49000000953674316,-4.619999885559082,0.699999988079071,0.0025193258110230345,resting,null
9,right,3461.5264615384613,1790663818924,9.047585487365723,-3.385964870452881,0.34936457872390747,0.49000000953674316,-4.619999885559082,0.699999988079071,0.0011500946152688497,resting,null
9,right,3461.536076923077,1790663818924,9.231839179992676,-3.3763933181762695,0.3015064299106598,0.49000000953674316,-4.619999885559082,0.699999988079071,0.0014109783192603888,resting,null
9,right,3461.545692307692,1790663818924,8.985369682312012,-3.5726118087768555,0.29911351203918457,0.49000000953674316,-4.619999885559082,0.699999988079071,0.00007457795537610336,resting,null
9,right,3461.5553076923075,1790663818924,9.28926944732666,-3.6731138229370117,0.2536482512950897,0.49000000953674316,-4.619999885559082,0.699999988079071,0.0018088705625577547,resting,null
9,left,3357.379,1790663818952,9.571632385253906,1.7013576030731201,0.2536482512950897,-0.5600000023841858,-0.49000000953674316,3.009999990463257,0.061817861081602615,resting,null
9,left,3357.388615384615,1790663818952,9.483095169067383,1.749215841293335,0.3302213251590729,-0.5600000023841858,-0.49000000953674316,3.009999990463257,0.060255903208178425,resting,null
9,left,3357.398230769231,1790663818952,9.779815673828125,1.7276796102523804,0.27518442273139954,-0.5600000023841858,-0.49000000953674316,3.009999990463257,0.0614590283233843,resting,null
9,left,3357.407846153846,1790663818952,9.64581298828125,1.7898952960968018,0.2823631465435028,-0.5600000023841858,-0.49000000953674316,3.009999990463257,0.06149691087916906,resting,null
9,left,3357.4174615384613,1790663818952,9.655384063720703,1.5721405744552612,0.25843408703804016,-0.5600000023841858,-0.49000000953674316,3.009999990463257,0.061265854989397905,resting,null
9,left,3357.427076923077,1790663818952,9.459165573120117,1.7252867221832275,0.2919347882270813,-0.5600000023841858,-0.49000000953674316,3.009999990463257,0.05943267241417638,resting,null
9,left,3357.4366923076923,1790663818952,9.619490623474121,1.8186101913452148,0.31586387753486633,-0.5600000023841858,-0.49000000953674316,3.009999990463257,0.0592780071699151,resting,null
9,left,3357.4463076923075,1790663818952,9.894675254821777,1.749215841293335,0.3015064299106598,-0.5600000023841858,-0.49000000953674316,3.009999990463257,0.06161246429083378,resting,null
9,right,3461.563,1790663818984,9.344305992126465,-3.4338231086730957,0.28714898228645325,1.0499999523162842,-3.8499999046325684,1.399999976158142,0.002980378108895648,resting,null
9,right,3461.5726153846153,1790663818984,9.387378692626953,-3.5103962421417236,0.2943277060985565,1.0499999523162842,-3.8499999046325684,1.399999976158142,0.005086471657805862,resting,null
9,right,3461.582230769231,1790663818984,9.119372367858887,-3.4098939895629883,0.30629223585128784,1.0499999523162842,-3.8499999046325684,1.399999976158142,0.004446185901269042,resting,null
9,right,3461.5918461538463,1790663818984,9.014084815979004,-3.519967794418335,0.3206496834754944,1.0499999523162842,-3.8499999046325684,1.399999976158142,0.0032249457071124466,resting,null
9,right,3461.6014615384615,1790663818984,9.071514129638672,-3.6348273754119873,0.2632198929786682,1.0499999523162842,-3.8499999046325684,1.399999976158142,0.002893804762034137,resting,null
9,right,3461.6110769230772,1790663818984,9.085871696472168,-3.4601449966430664,0.3015064299106598,1.0499999523162842,-3.8499999046325684,1.399999976158142,0.0021225000189476185,resting,null
9,right,3461.6206923076925,1790663818984,9.38259220123291,-3.4122869968414307,0.2321120798587799,1.0499999523162842,-3.8499999046325684,1.399999976158142,0.0038491686053145797,resting,null
9,right,3461.6303076923077,1790663818984,9.518988609313965,-3.3476784229278564,0.23929080367088318,1.0499999523162842,-3.8499999046325684,1.399999976158142,0.00659372968872555,resting,null
9,left,3357.458,1790663819027,9.858781814575195,1.6247845888137817,0.38765111565589905,-0.49000000953674316,-0.49000000953674316,1.3300000429153442,0.06381848698996691,resting,null
9,left,3357.4676153846153,1790663819027,10.01671314239502,1.49317467212677,0.339792937040329,-0.49000000953674316,-0.49000000953674316,1.3300000429153442,0.06690436631895832,resting,null
9,left,3357.477230769231,1790663819027,9.861174583435059,1.517103672027588,0.3445787727832794,-0.49000000953674316,-0.49000000953674316,1.3300000429153442,0.06855834276826452,resting,null
9,left,3357.4868461538463,1790663819027,9.925783157348633,1.4285660982131958,0.37807947397232056,-0.49000000953674316,-0.49000000953674316,1.3300000429153442,0.07069696275681339,resting,null
9,left,3357.4964615384615,1790663819027,9.719992637634277,1.4237803220748901,0.3541503846645355,-0.49000000953674316,-0.49000000953674316,1.3300000429153442,0.07087344404469272,resting,null
9,left,3357.506076923077,1790663819027,9.980819702148438,1.718108057975769,0.3613291084766388,-0.49000000953674316,-0.49000000953674316,1.3300000429153442,0.07398269788186362,resting,null
9,left,3357.5156923076925,1790663819027,10.129179954528809,1.643927812576294,0.363722026348114,-0.49000000953674316,-0.49000000953674316,1.3300000429153442,0.0783820024732778,resting,null
9,left,3357.5253076923077,1790663819027,10.184216499328613,1.6774286031723022,0.32543548941612244,-0.49000000953674316,-0.49000000953674316,1.3300000429153442,0.0833410992681918,resting,null
9,right,3461.639,1790663819074,9.47113037109375,-3.603719472885132,0.21775463223457336,0.5600000023841858,-3.569999933242798,0.07000000029802322,0.00944693673707382,resting,null
9,right,3461.6486153846154,1790663819074,9.432844161987305,-3.5367181301116943,0.260826975107193,0.5600000023841858,-3.569999933242798,0.07000000029802322,0.012043828419503107,resting,null
9,right,3461.658230769231,1790663819074,9.310805320739746,-3.598933696746826,0.27518442273139954,0.5600000023841858,-3.569999933242798,0.07000000029802322,0.013753014511527991,resting,null
9,right,3461.6678461538463,1790663819074,9.4950590133667,-3.563040256500244,0.22732627391815186,0.5600000023841858,-3.569999933242798,0.07000000029802322,0.01698968023882361,resting,null
9,right,3461.6774615384616,1790663819074,9.440022468566895,-3.247176170349121,0.25604116916656494,0.5600000023841858,-3.569999933242798,0.07000000029802322,0.01867571247266297,resting,null
9,right,3461.6870769230773,1790663819074,9.416092872619629,-3.6132912635803223,0.24886244535446167,0.5600000023841858,-3.569999933242798,0.07000000029802322,0.021373245890810272,resting,null
9,right,3461.6966923076925,1790663819074,9.250982284545898,-3.6204700469970703,0.27997025847435,0.5600000023841858,-3.569999933242798,0.07000000029802322,0.022616743239794304,resting,null
9,right,3461.7063076923077,1790663819074,9.473523139953613,-3.6228628158569336,0.27997025847435,0.5600000023841858,-3.569999933242798,0.07000000029802322,0.025869813927033334,resting,null
9,left,3357.537,1790663819102,10.004748344421387,1.6965718269348145,0.33740004897117615,-0.9100000262260437,-0.9800000190734863,0.9800000190734863,0.08734120971644534,resting,null
9,left,3357.546615384615,1790663819102,10.066964149475098,1.8042527437210083,0.30629223585128784,-0.9100000262260437,-0.9800000190734863,0.9800000190734863,0.09138113134259332,resting,null
9,left,3357.5562307692308,1790663819102,10.143537521362305,1.4285660982131958,0.2632198929786682,-0.9100000262260437,-0.9800000190734863,0.9800000190734863,0.09553782995256839,resting,null
9,left,3357.565846153846,1790663819102,9.954497337341309,1.3424214124679565,0.21536172926425934,-0.9100000262260437,-0.9800000190734863,0.9800000190734863,0.09775740394780126,resting,null
9,left,3357.5754615384612,1790663819102,9.74870777130127,1.7252867221832275,0.17946811020374298,-0.9100000262260437,-0.9800000190734863,0.9800000190734863,0.09861333716923767,resting,null
9,left,3357.585076923077,1790663819102,9.806137084960938,1.4453164339065552,0.13878867030143738,-0.9100000262260437,-0.9800000190734863,0.9800000190734863,0.09956721197421618,resting,null
9,left,3357.594692307692,1790663819102,9.83485221862793,1.6343562602996826,0.10289505124092102,-0.9100000262260437,-0.9800000190734863,0.9800000190734863,0.10107927296677506,resting,null
9,left,3357.6043076923074,1790663819102,9.90424633026123,1.462066888809204,0.13400284945964813,-0.9100000262260437,-0.9800000190734863,0.9800000190734863,0.10299226191733891,resting,null
9,right,3461.716,1790663819134,9.492666244506836,-3.814295530319214,0.2943277060985565,0.49000000953674316,-3.5,-0.07000000029802322,0.029982307801845097,resting,null
9,right,3461.725615384615,1790663819134,9.37541389465332,-3.302213191986084,0.382865309715271,0.49000000953674316,-3.5,-0.07000000029802322,0.03128387988901627,resting,null
9,right,3461.735230769231,1790663819134,9.150480270385742,-3.3548572063446045,0.339792937040329,0.49000000953674316,-3.5,-0.07000000029802322,0.030734086433145565,resting,null
9,right,3461.744846153846,1790663819134,8.999727249145508,-3.254354953765869,0.4259376525878906,0.49000000953674316,-3.5,-0.07000000029802322,0.02851049026367109,resting,null
9,right,3461.7544615384613,1790663819134,8.94229793548584,-3.484074115753174,0.4020085632801056,0.49000000953674316,-3.5,-0.07000000029802322,0.02654443695604821,resting,null
9,right,3461.764076923077,1790663819134,8.990156173706055,-3.5151820182800293,0.44268798828125,0.49000000953674316,-3.5,-0.07000000029802322,0.02512695133346315,resting,null
9,right,3461.7736923076923,1790663819134,9.016477584838867,-3.2136754989624023,0.5168681740760803,0.49000000953674316,-3.5,-0.07000000029802322,0.022944877782418927,resting,null
9,right,3461.7833076923075,1790663819134,8.994941711425781,-3.534325361251831,0.4737958014011383,0.49000000953674316,-3.5,-0.07000000029802322,0.021647684257225172,resting,null
9,left,3357.617,1790663819176,9.8085298538208,1.3113136291503906,0.10289505124092102,-0.9100000262260437,-1.75,0.49000000953674316,0.10401135779842895,resting,null
9,left,3357.6266153846154,1790663819176,9.899460792541504,1.6606782674789429,0.09332341700792313,-0.9100000262260437,-1.75,0.49000000953674316,0.1061767124042804,resting,null
9,left,3357.636230769231,1790663819176,9.990391731262207,1.4788172245025635,0.06939433515071869,-0.9100000262260437,-1.75,0.49000000953674316,0.10892453814808094,resting,null
9,left,3357.6458461538464,1790663819176,9.892282485961914,1.4764243364334106,0.023929081857204437,-0.9100000262260437,-1.75,0.49000000953674316,0.11073079443561908,resting,null
9,left,3357.6554615384616,1790663819176,9.686491966247559,1.6630711555480957,0.09332341700792313,-0.9100000262260437,-1.75,0.49000000953674316,0.1108797910611405,resting,null
9,left,3357.6650769230773,1790663819176,9.784601211547852,1.3687434196472168,0.09810923039913177,-0.9100000262260437,-1.75,0.49000000953674316,0.11151720710013799,resting,null
9,left,3357.6746923076926,1790663819176,9.511809349060059,1.3854937553405762,0.1005021408200264,-0.9100000262260437,-1.75,0.49000000953674316,0.10959306565270584,resting,null
9,left,3357.684307692308,1790663819176,9.373021125793457,1.6415349245071411,0.055036887526512146,-0.9100000262260437,-1.75,0.49000000953674316,0.10672918563632529,resting,null
9,right,3461.792,1790663819239,9.179195404052734,-3.371607542037964,0.540797233581543,0.49000000953674316,-2.309999942779541,-0.07000000029802322,0.021491684353589134,resting,null
9,right,3461.801615384615,1790663819239,9.363449096679688,-3.5582542419433594,0.5240468978881836,0.49000000953674316,-2.309999942779541,-0.07000000029802322,0.02360600352224146,resting,null
9,right,3461.811230769231,1790663819239,9.138516426086426,-3.6013267040252686,0.5120823383331299,0.49000000953674316,-2.309999942779541,-0.07000000029802322,0.02384318509995101,resting,null
9,right,3461.820846153846,1790663819239,9.181588172912598,-3.4553592205047607,0.5144752264022827,0.49000000953674316,-2.309999942779541,-0.07000000029802322,0.0239741499863846,resting,null
9,right,3461.8304615384613,1790663819239,9.21030330657959,-3.2711052894592285,0.5312256217002869,0.49000000953674316,-2.309999942779541,-0.07000000029802322,0.023745878975609636,resting,null
9,right,3461.840076923077,1790663819239,9.083478927612305,-3.5319323539733887,0.47858160734176636,0.49000000953674316,-2.309999942779541,-0.07000000029802322,0.02324726076307004,resting,null
9,right,3461.8496923076923,1790663819239,9.176802635192871,-3.393143653869629,0.46900999546051025,0.49000000953674316,-2.309999942779541,-0.07000000029802322,0.02311517448811603,resting,null
9,right,3461.8593076923075,1790663819239,9.069121360778809,-3.450573444366455,0.4953319728374481,0.49000000953674316,-2.309999942779541,-0.07000000029802322,0.022220072675606575,resting,null
9,right,3461.867,1790663819284,8.915975570678711,-3.374000310897827,0.49772489070892334,0,-2.380000114440918,0.07000000029802322,0.020197060907499387,resting,null
9,right,3461.8766153846154,1790663819284,8.743685722351074,-3.35964298248291,0.5264397859573364,0,-2.380000114440918,0.07000000029802322,0.016084299101647583,resting,null
9,right,3461.886230769231,1790663819284,8.853759765625,-3.196925163269043,0.588655412197113,0,-2.380000114440918,0.07000000029802322,0.01243494330487667,resting,null
9,right,3461.8958461538464,1790663819284,8.796330451965332,-3.3189635276794434,0.5838695764541626,0,-2.380000114440918,0.07000000029802322,0.008685093182614892,resting,null
9,right,3461.9054615384616,1790663819284,8.68864917755127,-3.182567834854126,0.5814766883850098,0,-2.380000114440918,0.07000000029802322,0.003508826925223577,resting,null
9,right,3461.9150769230773,1790663819284,8.365606307983398,-2.950455665588379,0.540797233581543,0,-2.380000114440918,0.07000000029802322,-0.005365748835497063,resting,null
9,right,3461.9246923076926,1790663819284,8.090422630310059,-2.2158329486846924,0.39722275733947754,0,-2.380000114440918,0.07000000029802322,-0.019229851707823497,resting,null
9,right,3461.934307692308,1790663819284,7.1141157150268555,-2.1895108222961426,0.20579010248184204,0,-2.380000114440918,0.07000000029802322,-0.04202481903969293,resting,null
9,left,3357.696,1790663819311,9.267732620239258,1.359171748161316,0.07418014854192734,-1.4700000286102295,-2.799999952316284,0.14000000059604645,0.10152490100926521,resting,null
9,left,3357.705615384615,1790663819311,9.172017097473145,1.2443121671676636,-0.011964540928602219,-1.4700000286102295,-2.799999952316284,0.14000000059604645,0.09616117371540724,resting,null
9,left,3357.715230769231,1790663819311,9.002120018005371,1.3687434196472168,-0.014357448555529118,-1.4700000286102295,-2.799999952316284,0.14000000059604645,0.08937117464968582,resting,null
9,left,3357.724846153846,1790663819311,9.085871696472168,1.4118157625198364,-0.023929081857204437,-1.4700000286102295,-2.799999952316284,0.14000000059604645,0.0834440140225528,resting,null
9,left,3357.7344615384613,1790663819311,8.95665454864502,1.4070299863815308,-0.040679436177015305,-1.4700000286102295,-2.799999952316284,0.14000000059604645,0.07628597142520734,resting,null
9,left,3357.744076923077,1790663819311,8.631219863891602,1.2778129577636719,-0.04307234659790993,-1.4700000286102295,-2.799999952316284,0.14000000059604645,0.06585232662742756,resting,null
9,left,3357.7536923076923,1790663819311,8.061707496643066,1.103130578994751,0.07178724557161331,-1.4700000286102295,-2.799999952316284,0.14000000059604645,0.0497660420254052,resting,null
9,left,3357.7633076923075,1790663819311,7.133258819580078,1.0887731313705444,0.25843408703804016,-1.4700000286102295,-2.799999952316284,0.14000000059604645,0.024855708562160444,resting,null
9,left,3357.775,1790663819343,5.429508686065674,0.4522596299648285,0.363722026348114,-1.2599999904632568,-4.409999847412109,0.07000000029802322,-0.02621489957487314,resting,null
9,left,3357.7846153846153,1790663819343,3.6372203826904297,0.9140908718109131,0.35893622040748596,-1.2599999904632568,-4.409999847412109,0.07000000029802322,-0.08455775918297424,resting,null
9,left,3357.794230769231,1790663819343,3.7975451946258545,1.2849916219711304,0.18425391614437103,-1.2599999904632568,-4.409999847412109,0.07000000029802322,-0.14082134501680113,resting,null
9,left,3357.8038461538463,1790663819343,5.061000823974609,1.9143264293670654,0.08614469319581985,-1.2599999904632568,-4.409999847412109,0.07000000029802322,-0.1841475928576494,resting,null
9,left,3357.8134615384615,1790663819343,6.460851669311523,0.9164838194847107,0.09810923039913177,-1.2599999904632568,-4.409999847412109,0.07000000029802322,-0.2155945136996856,resting,null
9,left,3357.823076923077,1790663819343,6.2502760887146,1.6176059246063232,0.035893622785806656,-1.2599999904632568,-4.409999847412109,0.07000000029802322,-0.24801549774435747,descending,null
9,left,3357.8326923076925,1790663819343,5.6807637214660645,0.9093050956726074,-0.12203831225633621,-1.2599999904632568,-4.409999847412109,0.07000000029802322,-0.2868566239931152,descending,null
9,left,3357.8423076923077,1790663819343,5.149538040161133,1.6176059246063232,-0.09810923039913177,-1.2599999904632568,-4.409999847412109,0.07000000029802322,-0.3297025705640045,descending,null
9,right,3461.943,1790663819344,5.841088771820068,-2.2804415225982666,-0.0023929080925881863,-1.2599999904632568,-4.900000095367432,-0.07000000029802322,-0.07277925396315565,resting,null
9,right,3461.9526153846155,1790663819344,5.367292881011963,-1.876039981842041,0.06221561133861542,-1.2599999904632568,-4.900000095367432,-0.07000000029802322,-0.11237515644090584,resting,null
9,right,3461.962230769231,1790663819344,5.376864433288574,-2.2014753818511963,0.19382555782794952,-1.2599999904632568,-4.900000095367432,-0.07000000029802322,-0.15073157077532143,resting,null
9,right,3461.9718461538464,1790663819344,6.070807933807373,-2.6656997203826904,0.2823631465435028,-1.2599999904632568,-4.900000095367432,-0.07000000029802322,-0.18123954856279356,resting,null
9,right,3461.9814615384616,1790663819344,6.800644874572754,-2.5173392295837402,0.33740004897117615,-1.2599999904632568,-4.900000095367432,-0.07000000029802322,-0.20563669541261154,descending,null
9,right,3461.9910769230773,1790663819344,6.479995250701904,-2.2110471725463867,0.43790218234062195,-1.2599999904632568,-4.900000095367432,-0.07000000029802322,-0.23389510826527182,descending,null
9,right,3462.0006923076926,1790663819344,5.326613426208496,-2.1272952556610107,0.49054616689682007,-1.2599999904632568,-4.900000095367432,-0.07000000029802322,-0.27279339163102945,descending,null
9,right,3462.010307692308,1790663819344,4.228268623352051,-1.6558923721313477,0.5049036145210266,-1.2599999904632568,-4.900000095367432,-0.07000000029802322,-0.3231354965480464,descending,null
9,left,3357.854,1790663819419,4.9078545570373535,1.072022795677185,0.15553902089595795,-1.6100000143051147,-1.2599999904632568,0.14000000059604645,-0.38552389876448456,descending,null
9,left,3357.863615384615,1790663819419,5.063393592834473,1.3807079792022705,0.3206496834754944,-1.6100000143051147,-1.2599999904632568,0.14000000059604645,-0.4294849611597815,descending,null
9,left,3357.8732307692308,1790663819419,5.204575061798096,0.8997334241867065,0.3445787727832794,-1.6100000143051147,-1.2599999904632568,0.14000000059604645,-0.4727786920483553,descending,null
9,left,3357.882846153846,1790663819419,5.453437328338623,1.395065426826477,0.22493335604667664,-1.6100000143051147,-1.2599999904632568,0.14000000059604645,-0.5129715867408883,descending,null
9,left,3357.8924615384612,1790663819419,5.534796237945557,1.6247845888137817,0.11007377505302429,-1.6100000143051147,-1.2599999904632568,0.14000000059604645,-0.5520399601323915,descending,null
9,left,3357.902076923077,1790663819419,6.307705879211426,1.5577831268310547,0.016750356182456017,-1.6100000143051147,-1.2599999904632568,0.14000000059604645,-0.5838415734877143,descending,null
9,left,3357.911692307692,1790663819419,6.659463405609131,2.0770442485809326,0.0047858161851763725,-1.6100000143051147,-1.2599999904632568,0.14000000059604645,-0.6115170308580385,descending,null
9,left,3357.9213076923074,1790663819419,6.5374250411987305,1.306527853012085,-0.047858163714408875,-1.6100000143051147,-1.2599999904632568,0.14000000059604645,-0.6414636414329526,descending,null
9,right,3462.019,1790663819420,4.541739463806152,-1.8329676389694214,0.2512553632259369,-0.2800000011920929,-5.039999961853027,0.42000001668930054,-0.365615894737362,descending,null
9,right,3462.028615384615,1790663819420,5.288326740264893,-2.3641932010650635,0.0023929080925881863,-0.2800000011920929,-5.039999961853027,0.42000001668930054,-0.4041693062228916,descending,null
9,right,3462.0382307692307,1790663819420,6.085165500640869,-2.507767677307129,-0.007178724277764559,-0.2800000011920929,-5.039999961853027,0.42000001668930054,-0.4350479697820734,descending,null
9,right,3462.047846153846,1790663819420,6.2359185218811035,-2.3450498580932617,0.1507532149553299,-0.2800000011920929,-5.039999961853027,0.42000001668930054,-0.46504584976054875,descending,null
9,right,3462.057461538461,1790663819420,6.010984897613525,-1.8999689817428589,0.3038993179798126,-0.2800000011920929,-5.039999961853027,0.42000001668930054,-0.4984932273097588,descending,null
9,right,3462.067076923077,1790663819420,6.080379486083984,-2.4503378868103027,0.3948298394680023,-0.2800000011920929,-5.039999961853027,0.42000001668930054,-0.5294398406162029,descending,null
9,right,3462.076692307692,1790663819420,5.857839107513428,-2.234976053237915,0.5049036145210266,-0.2800000011920929,-5.039999961853027,0.42000001668930054,-0.5630651135028376,descending,null
9,right,3462.0863076923074,1790663819420,5.733407974243164,-2.292405843734741,0.5360113978385925,-0.2800000011920929,-5.039999961853027,0.42000001668930054,-0.597597841778004,descending,null
9,left,3357.933,1790663819507,6.903539657592773,1.2443121671676636,-0.09810923039913177,-0.21000000834465027,1.0499999523162842,0.8400000333786011,-0.6737342687299835,descending,null
9,left,3357.9426153846152,1790663819507,8.207674980163574,1.2443121671676636,0.11964540183544159,-0.21000000834465027,1.0499999523162842,0.8400000333786011,-0.6878777084174652,descending,null
9,left,3357.952230769231,1790663819507,9.057157516479492,2.0339717864990234,0.12203831225633621,-0.21000000834465027,1.0499999523162842,0.8400000333786011,-0.6927725882164287,descending,null
9,left,3357.961846153846,1790663819507,9.339520454406738,2.459909439086914,0.1914326548576355,-0.21000000834465027,1.0499999523162842,0.8400000333786011,-0.6943329985801561,descending,null
9,left,3357.9714615384614,1790663819507,9.468737602233887,2.108151912689209,0.16750356554985046,-0.21000000834465027,1.0499999523162842,0.8400000333786011,-0.6951854588195754,descending,null
9,left,3357.981076923077,1790663819507,9.6697416305542,1.7731448411941528,0.09332341700792313,-0.21000000834465027,1.0499999523162842,0.8400000333786011,-0.6946366201825699,descending,null
9,left,3357.9906923076924,1790663819507,10.031070709228516,1.6080342531204224,0.014357448555529118,-0.21000000834465027,1.0499999523162842,0.8400000333786011,-0.690914938471643,descending,null
9,left,3358.0003076923076,1790663819507,10.631690979003906,1.9789350032806396,0.07896596938371658,-0.21000000834465027,1.0499999523162842,0.8400000333786011,-0.6809265009343118,descending,null
9,right,3462.095,1790663819509,6.109094142913818,-1.2251689434051514,0.46661707758903503,0.5600000023841858,-3.990000009536743,0,-0.6289771419453908,descending,null
9,right,3462.104615384615,1790663819509,7.147616386413574,-2.2373690605163574,0.5072965025901794,0.5600000023841858,-3.990000009536743,0,-0.6509235629144777,descending,null
9,right,3462.1142307692307,1790663819509,7.961205005645752,-2.8547394275665283,0.39961564540863037,0.5600000023841858,-3.990000009536743,0,-0.6635021682112319,descending,null
9,right,3462.123846153846,1790663819509,8.432607650756836,-3.6635422706604004,0.4020085632801056,0.5600000023841858,-3.990000009536743,0,-0.6691324010477492,descending,null
9,right,3462.1334615384612,1790663819509,9.04519271850586,-3.374000310897827,0.38765111565589905,0.5600000023841858,-3.990000009536743,0,-0.6702087401096073,descending,null
9,right,3462.143076923077,1790663819509,9.27969741821289,-2.7853450775146484,0.3732936680316925,0.5600000023841858,-3.990000009536743,0,-0.6711290756223507,descending,null
9,right,3462.152692307692,1790663819509,8.985369682312012,-2.5747690200805664,0.509689450263977,0.5600000023841858,-3.990000009536743,0,-0.675351762331908,descending,null
9,right,3462.1623076923074,1790663819509,9.121766090393066,-2.598698139190674,0.6054057478904724,0.5600000023841858,-3.990000009536743,0,-0.6782251392648887,descending,null
9,right,3462.171,1790663819569,9.798958778381348,-3.0892443656921387,0.6030128598213196,2.0999999046325684,-3.3600001335144043,-0.42000001668930054,-0.6738313651113165,descending,null
9,right,3462.180615384615,1790663819569,10.655619621276855,-3.9530842304229736,0.5671192407608032,2.0999999046325684,-3.3600001335144043,-0.42000001668930054,-0.6584146980797166,descending,null
9,right,3462.1902307692308,1790663819569,10.78244400024414,-4.091872692108154,0.5575475692749023,2.0999999046325684,-3.3600001335144043,-0.42000001668930054,-0.641405142798555,descending,null
9,right,3462.199846153846,1790663819569,10.725013732910156,-3.1586387157440186,0.5527617931365967,2.0999999046325684,-3.3600001335144043,-0.42000001668930054,-0.6279795334600398,descending,null
9,right,3462.2094615384613,1790663819569,10.468973159790039,-3.266319513320923,0.600619912147522,2.0999999046325684,-3.3600001335144043,-0.42000001668930054,-0.6164975934447431,descending,null
9,right,3462.219076923077,1790663819569,11.007377624511719,-3.6443989276885986,0.5623334050178528,2.0999999046325684,-3.3600001335144043,-0.42000001668930054,-0.5989309733617244,descending,null
9,right,3462.228692307692,1790663819569,11.13898754119873,-3.921976327896118,0.5790837407112122,2.0999999046325684,-3.3600001335144043,-0.42000001668930054,-0.5792754632574155,descending,null
9,right,3462.2383076923074,1790663819569,10.674762725830078,-3.807116746902466,0.6030128598213196,2.0999999046325684,-3.3600001335144043,-0.42000001668930054,-0.5641897328291101,descending,null
9,left,3358.012,1790663819581,11.14616584777832,2.409658432006836,0.07896596938371658,0.2800000011920929,0.5600000023841858,-0.9800000190734863,-0.662032134296518,descending,null
9,left,3358.0216153846154,1790663819581,11.234703063964844,2.297191858291626,0.09332341700792313,0.2800000011920929,0.5600000023841858,-0.9800000190734863,-0.6458279477475061,descending,null
9,left,3358.031230769231,1790663819581,10.918839454650879,1.8114314079284668,0.014357448555529118,0.2800000011920929,0.5600000023841858,-0.9800000190734863,-0.6333941641043319,descending,null
9,left,3358.0408461538464,1790663819581,10.677155494689941,1.8233959674835205,0.05264397710561752,0.2800000011920929,0.5600000023841858,-0.9800000190734863,-0.6232374100266248,descending,null
9,left,3358.0504615384616,1790663819581,11.256239891052246,1.945434331893921,0.10528795421123505,0.2800000011920929,0.5600000023841858,-0.9800000190734863,-0.6074000972171651,descending,null
9,left,3358.0600769230773,1790663819581,11.32802677154541,2.4407663345336914,0.13400284945964813,0.2800000011920929,0.5600000023841858,-0.9800000190734863,-0.5900865486368067,descending,null
9,left,3358.0696923076925,1790663819581,11.383064270019531,2.5963053703308105,0.040679436177015305,0.2800000011920929,0.5600000023841858,-0.9800000190734863,-0.5719993992066323,descending,null
9,left,3358.079307692308,1790663819581,10.495294570922852,2.036364793777466,0.01914326474070549,0.2800000011920929,0.5600000023841858,-0.9800000190734863,-0.5632422579077137,descending,null
9,right,3462.247,1790663819643,10.583832740783691,-3.3907508850097656,0.5814766883850098,2.870000123977661,-4.619999885559082,0.3499999940395355,-0.5525214334649482,descending,null
9,right,3462.256615384615,1790663819643,10.25121784210205,-3.0964231491088867,0.5766908526420593,2.870000123977661,-4.619999885559082,0.3499999940395355,-0.5435718759885239,descending,null
9,right,3462.266230769231,1790663819643,10.208146095275879,-3.022243022918701,0.5910483002662659,2.870000123977661,-4.619999885559082,0.3499999940395355,-0.5352409761559612,descending,null
9,right,3462.275846153846,1790663819643,10.985840797424316,-3.701828718185425,0.41636601090431213,2.870000123977661,-4.619999885559082,0.3499999940395355,-0.5177542784761215,descending,null
9,right,3462.2854615384613,1790663819643,10.385221481323242,-3.5367181301116943,0.30868515372276306,2.870000123977661,-4.619999885559082,0.3499999940395355,-0.5062782709746203,descending,null
9,right,3462.295076923077,1790663819643,10.54793930053711,-3.7784018516540527,0.2536482512950897,2.870000123977661,-4.619999885559082,0.3499999940395355,-0.49258182251192617,descending,null
9,right,3462.304692307692,1790663819643,10.705870628356934,-3.6515777111053467,0.2823631465435028,2.870000123977661,-4.619999885559082,0.3499999940395355,-0.47785219558215347,descending,null
9,right,3462.3143076923075,1790663819643,11.198809623718262,-3.926762104034424,0.32782840728759766,2.870000123977661,-4.619999885559082,0.3499999940395355,-0.4577746135032114,descending,null
9,left,3358.092,1790663819672,10.349327087402344,1.8784328699111938,0.05264397710561752,2.450000047683716,-1.6100000143051147,2.0999999046325684,-0.5538562393978133,descending,null
9,left,3358.1016153846153,1790663819672,10.69629955291748,2.122509479522705,0.07657305896282196,2.450000047683716,-1.6100000143051147,2.0999999046325684,-0.543052165232164,descending,null
9,left,3358.111230769231,1790663819672,10.332576751708984,2.0291860103607178,0.18425391614437103,2.450000047683716,-1.6100000143051147,2.0999999046325684,-0.5358456127194405,descending,null
9,left,3358.1208461538463,1790663819672,10.655619621276855,2.1966896057128906,0.339792937040329,2.450000047683716,-1.6100000143051147,2.0999999046325684,-0.5252910278428392,descending,null
9,left,3358.1304615384615,1790663819672,10.291897773742676,1.7061434984207153,0.39722275733947754,2.450000047683716,-1.6100000143051147,2.0999999046325684,-0.5190115763802683,descending,null
9,left,3358.1400769230772,1790663819672,10.308648109436035,1.8712540864944458,0.3326142132282257,2.450000047683716,-1.6100000143051147,2.0999999046325684,-0.5122977738404453,descending,null
9,left,3358.1496923076925,1790663819672,10.875767707824707,2.151224374771118,0.26561281085014343,2.450000047683716,-1.6100000143051147,2.0999999046325684,-0.4997495989505513,descending,null
9,left,3358.1593076923077,1790663819672,11.49313735961914,2.340264081954956,0.19621846079826355,2.450000047683716,-1.6100000143051147,2.0999999046325684,-0.4810479999713798,descending,null
9,right,3462.323,1790663819719,11.48595905303955,-3.9961564540863037,0.44268798828125,4.409999847412109,-4.480000019073486,1.1200000047683716,-0.4370509288145453,descending,null
9,right,3462.332615384615,1790663819719,10.792015075683594,-3.6563634872436523,0.4953319728374481,4.409999847412109,-4.480000019073486,1.1200000047683716,-0.42149176326976395,descending,null
9,right,3462.342230769231,1790663819719,9.262947082519531,-2.924133777618408,0.5599405169487,4.409999847412109,-4.480000019073486,1.1200000047683716,-0.4221044164785577,descending,null
9,right,3462.351846153846,1790663819719,9.112194061279297,-2.8212387561798096,0.521653950214386,4.409999847412109,-4.480000019073486,1.1200000047683716,-0.4244156070190247,descending,null
9,right,3462.3614615384613,1790663819719,9.47113037109375,-2.9672060012817383,0.44268798828125,4.409999847412109,-4.480000019073486,1.1200000047683716,-0.42302723102496564,descending,null
9,right,3462.371076923077,1790663819719,10.229681968688965,-3.2352118492126465,0.3302213251590729,4.409999847412109,-4.480000019073486,1.1200000047683716,-0.4139400806715698,descending,null
9,right,3462.3806923076922,1790663819719,10.619726181030273,-3.6731138229370117,0.20339718461036682,4.409999847412109,-4.480000019073486,1.1200000047683716,-0.3999825551766863,descending,null
9,right,3462.3903076923075,1790663819719,9.650598526000977,-3.5726118087768555,0.19861137866973877,4.409999847412109,-4.480000019073486,1.1200000047683716,-0.3951467577863719,descending,null
9,left,3358.171,1790663819777,10.461793899536133,1.8568966388702393,0.11007377505302429,3.1500000953674316,-0.21000000834465027,1.3300000429153442,-0.4711940285293343,descending,null
9,left,3358.180615384615,1790663819777,9.511809349060059,1.2802058458328247,0.06700142472982407,3.1500000953674316,-0.21000000834465027,1.3300000429153442,-0.4730540629241131,descending,null
9,left,3358.1902307692308,1790663819777,10.01671314239502,1.4883887767791748,0.09810923039913177,3.1500000953674316,-0.21000000834465027,1.3300000429153442,-0.4697781619700623,descending,null
9,left,3358.199846153846,1790663819777,11.239489555358887,1.682214379310608,0.2321120798587799,3.1500000953674316,-0.21000000834465027,1.3300000429153442,-0.4545903283345809,descending,null
9,left,3358.2094615384613,1790663819777,10.949947357177734,1.6008554697036743,0.40918728709220886,3.1500000953674316,-0.21000000834465027,1.3300000429153442,-0.44226235438760936,descending,null
9,left,3358.219076923077,1790663819777,10.655619621276855,1.9191123247146606,0.4450809061527252,3.1500000953674316,-0.21000000834465027,1.3300000429153442,-0.4322031582267761,descending,null
9,left,3358.228692307692,1790663819777,9.899460792541504,1.5769264698028564,0.41875892877578735,3.1500000953674316,-0.21000000834465027,1.3300000429153442,-0.42986621945456044,descending,null
9,left,3358.2383076923074,1790663819777,10.133965492248535,2.0626866817474365,0.35654330253601074,3.1500000953674316,-0.21000000834465027,1.3300000429153442,-0.42452460189647945,descending,null
9,right,3462.399,1790663819795,9.507023811340332,-3.5462896823883057,0.20339718461036682,4.96999979019165,-5.389999866485596,0.8400000333786011,-0.39202510662698486,descending,null
9,right,3462.408615384615,1790663819795,10.301469802856445,-3.366821765899658,0.2632198929786682,4.96999979019165,-5.389999866485596,0.8400000333786011,-0.38191159257769725,descending,null
9,right,3462.418230769231,1790663819795,10.519224166870117,-3.9459054470062256,0.3326142132282257,4.96999979019165,-5.389999866485596,0.8400000333786011,-0.36798616906359194,descending,null
9,right,3462.427846153846,1790663819795,9.985605239868164,-3.247176170349121,0.4737958014011383,4.96999979019165,-5.389999866485596,0.8400000333786011,-0.36107777676663133,descending,null
9,right,3462.4374615384613,1790663819795,9.215088844299316,-2.5101606845855713,0.6843717098236084,4.96999979019165,-5.389999866485596,0.8400000333786011,-0.3634252442751523,descending,null
9,right,3462.447076923077,1790663819795,9.112194061279297,-2.3139421939849854,0.7753022313117981,4.96999979019165,-5.389999866485596,0.8400000333786011,-0.367287395868099,descending,null
9,right,3462.4566923076923,1790663819795,9.633848190307617,-3.09881591796875,0.8159816861152649,4.96999979019165,-5.389999866485596,0.8400000333786011,-0.36394153984588645,descending,null
9,right,3462.4663076923075,1790663819795,10.258397102355957,-3.189746379852295,0.8829830884933472,4.96999979019165,-5.389999866485596,0.8400000333786011,-0.35461579910110674,descending,null
9,left,3358.251,1790663819822,10.602975845336914,2.0985803604125977,0.27997025847435,3.569999933242798,-0.14000000059604645,0.42000001668930054,-0.41154411698575416,descending,null
9,left,3358.2606153846154,1790663819822,10.535974502563477,1.6846072673797607,0.2321120798587799,3.569999933242798,-0.14000000059604645,0.42000001668930054,-0.40303651036267285,descending,null
9,left,3358.270230769231,1790663819822,10.167466163635254,1.514710783958435,-0.011964540928602219,3.569999933242798,-0.14000000059604645,0.42000001668930054,-0.3983312687516323,descending,null
9,left,3358.2798461538464,1790663819822,9.605133056640625,1.56256902217865,-0.12921704351902008,3.569999933242798,-0.14000000059604645,0.42000001668930054,-0.39888913697406586,descending,null
9,left,3358.2894615384616,1790663819822,10.040642738342285,1.524282455444336,-0.16750356554985046,3.569999933242798,-0.14000000059604645,0.42000001668930054,-0.3953823976741966,descending,null
9,left,3358.2990769230773,1790663819822,11.004983901977539,1.7252867221832275,-0.22493335604667664,3.569999933242798,-0.14000000059604645,0.42000001668930054,-0.38241800934876585,descending,null
9,left,3358.3086923076926,1790663819822,10.629298210144043,1.7755378484725952,-0.1698964685201645,3.569999933242798,-0.14000000059604645,0.42000001668930054,-0.3729300580802722,descending,null
9,left,3358.318307692308,1790663819822,9.932961463928223,1.5458186864852905,-0.20339718461036682,3.569999933242798,-0.14000000059604645,0.42000001668930054,-0.3704111195538949,descending,null
9,left,3358.33,1790663819898,8.896832466125488,0.9858781099319458,-0.11964540183544159,5.039999961853027,-1.6100000143051147,3.2899999618530273,-0.3803500066870412,descending,null
9,left,3358.339615384615,1790663819898,10.42590045928955,1.5960696935653687,-0.0909305065870285,5.039999961853027,-1.6100000143051147,3.2899999618530273,-0.37305851490938424,descending,null
9,left,3358.349230769231,1790663819898,11.335206031799316,1.139024257659912,-0.059822700917720795,5.039999961853027,-1.6100000143051147,3.2899999618530273,-0.3578387758509961,descending,null
9,left,3358.358846153846,1790663819898,12.31869125366211,1.0887731313705444,-0.014357448555529118,5.039999961853027,-1.6100000143051147,3.2899999618530273,-0.3333495854417225,descending,null
9,left,3358.3684615384614,1790663819898,10.99062728881836,1.0528795719146729,0.0047858161851763725,5.039999961853027,-1.6100000143051147,3.2899999618530273,-0.32151527514345846,descending,null
9,left,3358.378076923077,1790663819898,9.406521797180176,0.7250511646270752,-0.07896596938371658,5.039999961853027,-1.6100000143051147,3.2899999618530273,-0.3251993184713507,descending,null
9,left,3358.3876923076923,1790663819898,8.896832466125488,0.5862624645233154,0.03350071236491203,5.039999961853027,-1.6100000143051147,3.2899999618530273,-0.3339059672617287,descending,null
9,left,3358.3973076923075,1790663819898,10.629298210144043,1.0098072290420532,0.24886244535446167,5.039999961853027,-1.6100000143051147,3.2899999618530273,-0.32552062384606284,descending,null
9,right,3462.474,1790663819899,10.904481887817383,-3.49843168258667,0.7968384027481079,5.949999809265137,-4.059999942779541,0.14000000059604645,-0.3417057302727894,descending,null
9,right,3462.4836153846154,1790663819899,9.308412551879883,-3.2160685062408447,0.7872667908668518,5.949999809265137,-4.059999942779541,0.14000000059604645,-0.34095897220226734,descending,null
9,right,3462.493230769231,1790663819899,9.164837837219238,-2.4503378868103027,0.7370156645774841,5.949999809265137,-4.059999942779541,0.14000000059604645,-0.3439032727094948,descending,null
9,right,3462.5028461538463,1790663819899,9.377806663513184,-2.4144442081451416,0.7872667908668518,5.949999809265137,-4.059999942779541,0.14000000059604645,-0.3449937975735603,descending,null
9,right,3462.5124615384616,1790663819899,10.813551902770996,-3.1849606037139893,0.7394086122512817,5.949999809265137,-4.059999942779541,0.14000000059604645,-0.33065101017511944,descending,null
9,right,3462.5220769230773,1790663819899,11.830537796020508,-3.0318145751953125,0.746587336063385,5.949999809265137,-4.059999942779541,0.14000000059604645,-0.30751325589495804,descending,null
9,right,3462.5316923076925,1790663819899,11.404600143432617,-3.0318145751953125,0.6389064788818359,5.949999809265137,-4.059999942779541,0.14000000059604645,-0.2882848288406093,descending,null
9,right,3462.541307692308,1790663819899,10.090893745422363,-2.9767775535583496,0.6652284264564514,5.949999809265137,-4.059999942779541,0.14000000059604645,-0.28118725526569094,descending,null
9,left,3358.409,1790663819972,11.825752258300781,1.019378900527954,0.39722275733947754,4.760000228881836,1.2599999904632568,-3.3600001335144043,-0.30146748466800183,descending,null
9,left,3358.4186153846154,1790663819972,12.045899391174316,1.7970739603042603,0.43790218234062195,4.760000228881836,1.2599999904632568,-3.3600001335144043,-0.2785037690355603,descending,null
9,left,3358.428230769231,1790663819972,10.969090461730957,1.2108114957809448,0.38525819778442383,4.760000228881836,1.2599999904632568,-3.3600001335144043,-0.266611113432772,descending,null
9,left,3358.4378461538463,1790663819972,10.662798881530762,1.5003533363342285,0.24407662451267242,4.760000228881836,1.2599999904632568,-3.3600001335144043,-0.2572342841847563,descending,null
9,left,3358.4474615384615,1790663819972,11.071986198425293,1.5721405744552612,0.3613291084766388,4.760000228881836,1.2599999904632568,-3.3600001335144043,-0.2438596060442065,descending,null
9,left,3358.4570769230772,1790663819972,12.715913772583008,1.0169858932495117,0.2895418703556061,4.760000228881836,1.2599999904632568,-3.3600001335144043,-0.21563912593477583,descending,null
9,left,3358.4666923076925,1790663819972,12.574731826782227,1.0385221242904663,0.38765111565589905,4.760000228881836,1.2599999904632568,-3.3600001335144043,-0.18872595113820884,descending,null
9,left,3358.4763076923077,1790663819972,12.005219459533691,1.3807079792022705,0.3804723918437958,4.760000228881836,1.2599999904632568,-3.3600001335144043,-0.16676313667267603,descending,null
9,right,3462.55,1790663819989,8.710185050964355,-3.05574369430542,0.6125844717025757,5.949999809265137,-6.510000228881836,0.9100000262260437,-0.285946519707503,descending,null
9,right,3462.5596153846154,1790663819989,9.822887420654297,-3.048564910888672,0.43550926446914673,5.949999809265137,-6.510000228881836,0.9100000262260437,-0.2811451983586809,descending,null
9,right,3462.569230769231,1790663819989,10.519224166870117,-3.323749303817749,0.3326142132282257,5.949999809265137,-6.510000228881836,0.9100000262260437,-0.269195590882959,descending,null
9,right,3462.5788461538464,1790663819989,11.361527442932129,-4.0511932373046875,0.30868515372276306,5.949999809265137,-6.510000228881836,0.9100000262260437,-0.24738030301811997,descending,null
9,right,3462.5884615384616,1790663819989,11.062414169311523,-3.5654330253601074,0.31586387753486633,5.949999809265137,-6.510000228881836,0.9100000262260437,-0.22976888533033232,descending,null
9,right,3462.5980769230773,1790663819989,10.342148780822754,-3.606112480163574,0.3326142132282257,5.949999809265137,-6.510000228881836,0.9100000262260437,-0.2186054771789922,descending,null
9,right,3462.6076923076926,1790663819989,10.17464542388916,-3.68986439704895,0.4307234585285187,5.949999809265137,-6.510000228881836,0.9100000262260437,-0.20868846768856483,descending,null
9,right,3462.617307692308,1790663819989,11.457243919372559,-3.9602627754211426,0.363722026348114,5.949999809265137,-6.510000228881836,0.9100000262260437,-0.18628360781361683,descending,null
9,right,3462.627,1790663820020,11.4404935836792,-3.9028329849243164,0.34936457872390747,6.369999885559082,-3.8499999046325684,0.9800000190734863,-0.16404494114979343,descending,null
9,right,3462.636615384615,1790663820020,11.926254272460938,-3.5654330253601074,0.3302213251590729,6.369999885559082,-3.8499999046325684,0.9800000190734863,-0.13861224859878513,descending,null
9,right,3462.646230769231,1790663820020,10.825515747070312,-3.9243693351745605,0.3421858549118042,6.369999885559082,-3.8499999046325684,0.9800000190734863,-0.12210308563521398,descending,null
9,right,3462.655846153846,1790663820020,10.571867942810059,-4.532167911529541,0.3804723918437958,6.369999885559082,-3.8499999046325684,0.9800000190734863,-0.10600553873142692,descending,null
9,right,3462.6654615384614,1790663820020,10.648441314697266,-4.417308330535889,0.44747382402420044,6.369999885559082,-3.8499999046325684,0.9800000190734863,-0.08954452434511213,descending,null
9,right,3462.675076923077,1790663820020,10.557510375976562,-4.8025665283203125,0.5360113978385925,6.369999885559082,-3.8499999046325684,0.9800000190734863,-0.07266946492509638,descending,null
9,right,3462.6846923076923,1790663820020,10.62451171875,-3.991370677947998,0.6341206431388855,6.369999885559082,-3.8499999046325684,0.9800000190734863,-0.05771059524945581,descending,null
9,right,3462.6943076923076,1790663820020,10.064571380615234,-3.8621537685394287,0.6891575455665588,6.369999885559082,-3.8499999046325684,0.9800000190734863,-0.04822551401475986,descending,null
9,left,3358.489,1790663820063,11.672605514526367,1.6534994840621948,0.3541503846645355,4.199999809265137,-1.399999976158142,3.7100000381469727,-0.14146884746991312,descending,null
9,left,3358.4986153846153,1790663820063,11.923860549926758,2.261298179626465,0.26800569891929626,4.199999809265137,-1.399999976158142,3.7100000381469727,-0.11909792848358147,descending,null
9,left,3358.508230769231,1790663820063,11.911896705627441,1.7061434984207153,0.17468228936195374,4.199999809265137,-1.399999976158142,3.7100000381469727,-0.09762732647663,descending,null
9,left,3358.517846153846,1790663820063,11.76353645324707,1.7276796102523804,0.07896596938371658,4.199999809265137,-1.399999976158142,3.7100000381469727,-0.07755962343394646,descending,null
9,left,3358.5274615384615,1790663820063,11.261025428771973,1.387886643409729,0.035893622785806656,4.199999809265137,-1.399999976158142,3.7100000381469727,-0.06274502845870382,descending,null
9,left,3358.537076923077,1790663820063,10.801587104797363,1.2514909505844116,-0.10289505124092102,4.199999809265137,-1.399999976158142,3.7100000381469727,-0.0524988683474362,descending,null
9,left,3358.5466923076924,1790663820063,10.70347785949707,1.672642707824707,-0.1698964685201645,4.199999809265137,-1.399999976158142,3.7100000381469727,-0.042634373228168376,descending,null
9,left,3358.5563076923077,1790663820063,11.177273750305176,1.208418607711792,-0.14836029708385468,4.199999809265137,-1.399999976158142,3.7100000381469727,-0.028870752698654314,descending,null
9,right,3462.703,1790663820094,9.492666244506836,-3.814295530319214,0.7561589479446411,4.829999923706055,-4.059999942779541,1.0499999523162842,-0.044457065436561555,descending,null
9,right,3462.712615384615,1790663820094,9.040407180786133,-3.555861473083496,0.8590540289878845,4.829999923706055,-4.059999942779541,1.0499999523162842,-0.04517346675781411,descending,null
9,right,3462.722230769231,1790663820094,9.875532150268555,-4.024871349334717,0.8973405361175537,4.829999923706055,-4.059999942779541,1.0499999523162842,-0.0368064019552908,descending,null
9,right,3462.731846153846,1790663820094,10.047821044921875,-3.500824451446533,0.9356270432472229,4.829999923706055,-4.059999942779541,1.0499999523162842,-0.02853820211331426,descending,null
9,right,3462.7414615384614,1790663820094,10.89491081237793,-3.1371026039123535,0.8925547003746033,4.829999923706055,-4.059999942779541,1.0499999523162842,-0.01376451723620321,resting,null
9,right,3462.751076923077,1790663820094,9.676919937133789,-3.302213191986084,0.9260554313659668,4.829999923706055,-4.059999942779541,1.0499999523162842,-0.009494749728407659,resting,null
9,right,3462.7606923076924,1790663820094,9.75588607788086,-3.809509754180908,0.8686256408691406,4.829999923706055,-4.059999942779541,1.0499999523162842,-0.002908777380927796,resting,null
9,right,3462.7703076923076,1790663820094,9.736742973327637,-3.632434368133545,0.8662327527999878,4.829999923706055,-4.059999942779541,1.0499999523162842,0.0029403326440942106,resting,null
9,left,3358.568,1790663820137,12.167937278747559,1.3854937553405762,-0.1507532149553299,3.7799999713897705,-2.1700000762939453,0.42000001668930054,-0.00038428915603880287,resting,null
9,left,3358.5776153846155,1790663820137,11.469208717346191,1.1653462648391724,-0.18664683401584625,3.7799999713897705,-2.1700000762939453,0.42000001668930054,0.016099040743692363,resting,null
9,left,3358.587230769231,1790663820137,10.99780559539795,1.0169858932495117,-0.21536172926425934,3.7799999713897705,-2.1700000762939453,0.42000001668930054,0.02790357044208818,resting,null
9,left,3358.5968461538464,1790663820137,10.488116264343262,1.2730270624160767,-0.20339718461036682,3.7799999713897705,-2.1700000762939453,0.42000001668930054,0.03517433110264707,resting,null
9,left,3358.6064615384616,1790663820137,10.746550559997559,1.1725249290466309,-0.2105759084224701,3.7799999713897705,-2.1700000762939453,0.42000001668930054,0.04478364664250756,resting,null
9,left,3358.6160769230773,1790663820137,11.339991569519043,0.5790837407112122,-0.14596739411354065,3.7799999713897705,-2.1700000762939453,0.42000001668930054,0.059322216505786236,resting,null
9,left,3358.6256923076926,1790663820137,12.885809898376465,0.461831271648407,-0.016750356182456017,3.7799999713897705,-2.1700000762939453,0.42000001668930054,0.08844324619989158,resting,null
9,left,3358.635307692308,1790663820137,13.730506896972656,0.42833054065704346,0.03110780566930771,3.7799999713897705,-2.1700000762939453,0.42000001668930054,0.12556059146632467,resting,null
9,right,3462.778,1790663820169,9.995177268981934,-3.8621537685394287,0.8351249098777771,4.199999809265137,-0.8400000333786011,0.14000000059604645,0.010074536233743627,resting,null
9,right,3462.787615384615,1790663820169,10.591011047363281,-3.436216115951538,0.7872667908668518,4.199999809265137,-0.8400000333786011,0.14000000059604645,0.023008855403921103,resting,null
9,right,3462.7972307692307,1790663820169,12.1511869430542,-3.4960386753082275,0.758551836013794,4.199999809265137,-0.8400000333786011,0.14000000059604645,0.05026171983678263,resting,null
9,right,3462.806846153846,1790663820169,12.620197296142578,-3.5869691371917725,0.7513731122016907,4.199999809265137,-0.8400000333786011,0.14000000059604645,0.08203830371426317,resting,null
9,right,3462.816461538461,1790663820169,12.364155769348145,-4.168446063995361,0.765730619430542,4.199999809265137,-0.8400000333786011,0.14000000059604645,0.11333319536911343,resting,null
9,right,3462.826076923077,1790663820169,12.4646577835083,-4.778637409210205,0.7130866050720215,4.199999809265137,-0.8400000333786011,0.14000000059604645,0.1474434809678562,resting,null
9,right,3462.835692307692,1790663820169,12.959990501403809,-4.448416233062744,0.6101915836334229,4.199999809265137,-0.8400000333786011,0.14000000059604645,0.18493760905780254,ascending,2
9,right,3462.8453076923074,1790663820169,13.929118156433105,-4.386200428009033,0.5551546812057495,4.199999809265137,-0.8400000333786011,0.14000000059604645,0.23097733508572618,ascending,2
9,left,3358.647,1790663820212,13.488822937011719,0.8614469170570374,-0.014357448555529118,2.0999999046325684,-1.8899999856948853,0,0.16851363741559366,resting,null
9,left,3358.656615384615,1790663820212,13.015027046203613,0.9595561623573303,0.035893622785806656,2.0999999046325684,-1.8899999856948853,0,0.19942139974673004,ascending,2
9,left,3358.666230769231,1790663820212,13.43857192993164,0.8925547003746033,0.17468228936195374,2.0999999046325684,-1.8899999856948853,0,0.2342635522163275,ascending,2
9,left,3358.675846153846,1790663820212,14.163622856140137,0.9786993861198425,0.30868515372276306,2.0999999046325684,-1.8899999856948853,0,0.2760989081027757,ascending,2
9,left,3358.6854615384614,1790663820212,14.615882873535156,0.9715206623077393,0.4115802049636841,2.0999999046325684,-1.8899999856948853,0,0.32221013301203977,ascending,2
9,left,3358.695076923077,1790663820212,14.268911361694336,1.3400285243988037,0.44268798828125,2.0999999046325684,-1.8899999856948853,0,0.3654392561792016,ascending,2
9,left,3358.7046923076923,1790663820212,13.18731689453125,1.5003533363342285,0.5072965025901794,2.0999999046325684,-1.8899999856948853,0,0.3985281153068126,ascending,2
9,left,3358.7143076923076,1790663820212,12.479015350341797,1.3017419576644897,0.41636601090431213,2.0999999046325684,-1.8899999856948853,0,0.42461757796275723,ascending,2
9,right,3462.854,1790663820244,14.644597053527832,-4.400557994842529,0.4546525478363037,3.5,0.8400000333786011,1.190000057220459,0.2784459408276849,ascending,2
9,right,3462.863615384615,1790663820244,14.008084297180176,-5.077751159667969,0.35893622040748596,3.5,0.8400000333786011,1.190000057220459,0.32727851745183867,ascending,2
9,right,3462.8732307692308,1790663820244,13.302176475524902,-4.941355228424072,0.3110780417919159,3.5,0.8400000333786011,1.190000057220459,0.36923876539526257,ascending,2
9,right,3462.882846153846,1790663820244,12.407228469848633,-4.74752950668335,0.339792937040329,3.5,0.8400000333786011,1.190000057220459,0.4024648779020879,ascending,2
9,right,3462.8924615384612,1790663820244,12.194259643554688,-4.364664554595947,0.36850783228874207,3.5,0.8400000333786011,1.190000057220459,0.4325373724826784,ascending,2
9,right,3462.902076923077,1790663820244,12.053077697753906,-4.728386402130127,0.3613291084766388,3.5,0.8400000333786011,1.190000057220459,0.4624726977339062,ascending,2
9,right,3462.911692307692,1790663820244,12.770950317382812,-4.929390907287598,0.3302213251590729,3.5,0.8400000333786011,1.190000057220459,0.4995243093613787,ascending,2
9,right,3462.9213076923074,1790663820244,13.570181846618652,-4.881532669067383,0.2919347882270813,3.5,0.8400000333786011,1.190000057220459,0.543628079062471,ascending,2
9,left,3358.726,1790663820287,11.864038467407227,1.139024257659912,0.35654330253601074,0.2800000011920929,-6.300000190734863,-0.2800000011920929,0.44896373461642614,ascending,2
9,left,3358.7356153846154,1790663820287,11.607996940612793,1.4070299863815308,0.339792937040329,0.2800000011920929,-6.300000190734863,-0.2800000011920929,0.4668592505941113,ascending,2
9,left,3358.745230769231,1790663820287,12.703948974609375,1.5458186864852905,0.3445787727832794,0.2800000011920929,-6.300000190734863,-0.2800000011920929,0.4953640862964005,ascending,2
9,left,3358.7548461538463,1790663820287,13.299782752990723,1.139024257659912,0.45943835377693176,0.2800000011920929,-6.300000190734863,-0.2800000011920929,0.5290372333454567,ascending,2
9,left,3358.7644615384615,1790663820287,13.02220630645752,0.9356270432472229,0.44747382402420044,0.2800000011920929,-6.300000190734863,-0.2800000011920929,0.559797843844615,ascending,2
9,left,3358.7740769230772,1790663820287,11.811394691467285,1.0265575647354126,0.36850783228874207,0.2800000011920929,-6.300000190734863,-0.2800000011920929,0.5791177079325552,ascending,2
9,left,3358.7836923076925,1790663820287,11.057628631591797,0.8614469170570374,0.3326142132282257,0.2800000011920929,-6.300000190734863,-0.2800000011920929,0.5910512256318236,ascending,2
9,left,3358.7933076923077,1790663820287,11.797037124633789,1.2610626220703125,0.2895418703556061,0.2800000011920929,-6.300000190734863,-0.2800000011920929,0.6105078491141669,ascending,2
9,right,3462.93,1790663820319,13.17774486541748,-4.7666730880737305,0.3134709596633911,1.1200000047683716,-0.7699999809265137,0.3499999940395355,0.5799442502759625,ascending,2
9,right,3462.939615384615,1790663820319,12.328262329101562,-4.446023464202881,0.3038993179798126,1.1200000047683716,-0.7699999809265137,0.3499999940395355,0.6113774786485862,ascending,2
9,right,3462.949230769231,1790663820319,11.287347793579102,-4.919818878173828,0.3015064299106598,1.1200000047683716,-0.7699999809265137,0.3499999940395355,0.6348968254716574,ascending,2
9,right,3462.958846153846,1790663820319,11.854466438293457,-4.580026149749756,0.3948298394680023,1.1200000047683716,-0.7699999809265137,0.3499999940395355,0.6624912889022789,ascending,2
9,right,3462.9684615384613,1790663820319,12.136829376220703,-5.199789047241211,0.4211518168449402,1.1200000047683716,-0.7699999809265137,0.3499999940395355,0.6946358167520689,ascending,2
9,right,3462.978076923077,1790663820319,12.345012664794922,-4.769065856933594,0.4522596299648285,1.1200000047683716,-0.7699999809265137,0.3499999940395355,0.7272712082509108,ascending,2
9,right,3462.987692307692,1790663820319,11.679784774780273,-4.4938812255859375,0.509689450263977,1.1200000047683716,-0.7699999809265137,0.3499999940395355,0.7530145842458612,ascending,2
9,right,3462.9973076923075,1790663820319,10.90208911895752,-4.381414890289307,0.5336185097694397,1.1200000047683716,-0.7699999809265137,0.3499999940395355,0.7713691261209733,ascending,2
9,right,3463.006,1790663820394,10.775264739990234,-4.513024806976318,0.6341206431388855,-1.399999976158142,-3.2200000286102295,1.6100000143051147,0.787351747185068,ascending,2
9,right,3463.015615384615,1790663820394,11.026520729064941,-4.312020301818848,0.6652284264564514,-1.399999976158142,-3.2200000286102295,1.6100000143051147,0.8066494296769479,ascending,2
9,right,3463.025230769231,1790663820394,11.354349136352539,-4.084693908691406,0.6843717098236084,-1.399999976158142,-3.2200000286102295,1.6100000143051147,0.8281552711160862,ascending,2
9,right,3463.034846153846,1790663820394,10.983448028564453,-4.187589168548584,0.7035149931907654,-1.399999976158142,-3.2200000286102295,1.6100000143051147,0.8466545526215861,ascending,2
9,right,3463.0444615384613,1790663820394,10.837480545043945,-4.067943572998047,0.7561589479446411,-1.399999976158142,-3.2200000286102295,1.6100000143051147,0.8634576190983719,ascending,2
9,right,3463.054076923077,1790663820394,10.318220138549805,-4.654206275939941,0.6963362693786621,-1.399999976158142,-3.2200000286102295,1.6100000143051147,0.8775031084994659,ascending,2
9,right,3463.0636923076922,1790663820394,10.796801567077637,-4.297662734985352,0.7226582169532776,-1.399999976158142,-3.2200000286102295,1.6100000143051147,0.8946817482811553,ascending,2
9,right,3463.0733076923075,1790663820394,10.516831398010254,-4.309627532958984,0.7154794931411743,-1.399999976158142,-3.2200000286102295,1.6100000143051147,0.9093757868310377,ascending,2
9,left,3358.805,1790663820421,12.359370231628418,0.9499844908714294,0.29911351203918457,-1.8899999856948853,-2.6600000858306885,0.9800000190734863,0.6402447777275834,ascending,2
9,left,3358.814615384615,1790663820421,12.172723770141602,1.0026284456253052,0.22014755010604858,-1.8899999856948853,-2.6600000858306885,0.9800000190734863,0.6629805978690178,ascending,2
9,left,3358.824230769231,1790663820421,11.471601486206055,1.2108114957809448,0.10768086463212967,-1.8899999856948853,-2.6600000858306885,0.9800000190734863,0.6792612078005955,ascending,2
9,left,3358.833846153846,1790663820421,10.7991943359375,1.2347406148910522,0.05742979422211647,-1.8899999856948853,-2.6600000858306885,0.9800000190734863,0.6891468518092684,ascending,2
9,left,3358.8434615384613,1790663820421,10.784836769104004,1.6534994840621948,0.014357448555529118,-1.8899999856948853,-2.6600000858306885,0.9800000190734863,0.6993686484600328,ascending,2
9,left,3358.853076923077,1790663820421,10.727407455444336,1.2945632934570312,0.05264397710561752,-1.8899999856948853,-2.6600000858306885,0.9800000190734863,0.7086278391476176,ascending,2
9,left,3358.862692307692,1790663820421,11.205988883972168,1.3519930839538574,-0.08853759616613388,-1.8899999856948853,-2.6600000858306885,0.9800000190734863,0.7225196233907084,ascending,2
9,left,3358.8723076923075,1790663820421,10.725013732910156,1.2921704053878784,-0.13639576733112335,-1.8899999856948853,-2.6600000858306885,0.9800000190734863,0.7317500623593427,ascending,2
9,left,3358.885,1790663820451,10.660405158996582,1.4142086505889893,-0.11246667802333832,-4.130000114440918,-2.0999999046325684,0.5600000023841858,0.7432987599454152,ascending,2
9,left,3358.8946153846155,1790663820451,10.64126205444336,1.560176134109497,-0.07657305896282196,-4.130000114440918,-2.0999999046325684,0.5600000023841858,0.7520324966115067,ascending,2
9,left,3358.904230769231,1790663820451,10.605368614196777,1.1605603694915771,-0.0909305065870285,-4.130000114440918,-2.0999999046325684,0.5600000023841858,0.7599520686275415,ascending,2
9,left,3358.9138461538464,1790663820451,10.610154151916504,1.072022795677185,-0.07657305896282196,-4.130000114440918,-2.0999999046325684,0.5600000023841858,0.7678136033077341,ascending,2
9,left,3358.9234615384617,1790663820451,10.516831398010254,1.0768086910247803,-0.12921704351902008,-4.130000114440918,-2.0999999046325684,0.5600000023841858,0.7747938189975122,ascending,2
9,left,3358.9330769230774,1790663820451,10.0885009765625,1.3974583148956299,-0.11725249886512756,-4.130000114440918,-2.0999999046325684,0.5600000023841858,0.7780451318204845,ascending,2
9,left,3358.9426923076926,1790663820451,10.167466163635254,1.4118157625198364,-0.12921704351902008,-4.130000114440918,-2.0999999046325684,0.5600000023841858,0.7820692208017241,ascending,2
9,left,3358.952307692308,1790663820451,10.114822387695312,0.9786993861198425,-0.047858163714408875,-4.130000114440918,-2.0999999046325684,0.5600000023841858,0.7850845147759739,ascending,2
9,right,3463.082,1790663820485,10.464186668395996,-3.8262600898742676,0.7394086122512817,-3.569999933242798,-2.870000123977661,-1.3300000429153442,0.9207688276964173,ascending,2
9,right,3463.091615384615,1790663820485,10.011927604675293,-4.199553489685059,0.7824809551239014,-3.569999933242798,-2.870000123977661,-1.3300000429153442,0.9305722177866729,ascending,2
9,right,3463.101230769231,1790663820485,10.25361156463623,-4.307234764099121,0.7154794931411743,-3.569999933242798,-2.870000123977661,-1.3300000429153442,0.9428836809680651,ascending,2
9,right,3463.110846153846,1790663820485,10.107644081115723,-3.759258508682251,0.7130866050720215,-3.569999933242798,-2.870000123977661,-1.3300000429153442,0.9520282516854889,ascending,2
9,right,3463.1204615384613,1790663820485,9.99278450012207,-3.7688302993774414,0.7154794931411743,-3.569999933242798,-2.870000123977661,-1.3300000429153442,0.9601707070104903,ascending,2
9,right,3463.130076923077,1790663820485,10.294290542602539,-3.4457876682281494,0.6915504336357117,-3.569999933242798,-2.870000123977661,-1.3300000429153442,0.9699268110899327,ascending,2
9,right,3463.1396923076923,1790663820485,10.19857406616211,-3.704221725463867,0.6317277550697327,-3.569999933242798,-2.870000123977661,-1.3300000429153442,0.9796591780639168,ascending,2
9,right,3463.1493076923075,1790663820485,9.832459449768066,-3.780794858932495,0.6556568145751953,-3.569999933242798,-2.870000123977661,-1.3300000429153442,0.9863607650226102,ascending,2
9,left,3358.964,1790663820527,9.928175926208496,1.0098072290420532,-0.08375178277492523,-5.320000171661377,-1.1200000047683716,-0.49000000953674316,0.786634804727888,ascending,2
9,left,3358.973615384615,1790663820527,10.117215156555176,1.3639576435089111,-0.04546525329351425,-5.320000171661377,-1.1200000047683716,-0.49000000953674316,0.7901090569233089,ascending,2
9,left,3358.983230769231,1790663820527,10.239253997802734,1.2155972719192505,-0.05264397710561752,-5.320000171661377,-1.1200000047683716,-0.49000000953674316,0.7945788705637777,ascending,2
9,left,3358.992846153846,1790663820527,9.794173240661621,1.4668526649475098,-0.02632198855280876,-5.320000171661377,-1.1200000047683716,-0.49000000953674316,0.795087930377659,ascending,2
9,left,3359.0024615384614,1790663820527,10.093286514282227,1.4237803220748901,-0.011964540928602219,-5.320000171661377,-1.1200000047683716,-0.49000000953674316,0.7984034444033968,ascending,2
9,left,3359.012076923077,1790663820527,9.880317687988281,1.1557745933532715,0.014357448555529118,-5.320000171661377,-1.1200000047683716,-0.49000000953674316,0.7993713195895048,ascending,2
9,left,3359.0216923076923,1790663820527,9.81810188293457,1.4907817840576172,0.055036887526512146,-5.320000171661377,-1.1200000047683716,-0.49000000953674316,0.8001383825971454,ascending,2
9,left,3359.0313076923076,1790663820527,9.605133056640625,1.3711363077163696,0.06939433515071869,-5.320000171661377,-1.1200000047683716,-0.49000000953674316,0.7987351396366222,ascending,2
9,right,3463.158,1790663820559,10.066964149475098,-3.7185792922973633,0.6125844717025757,-4.340000152587891,-3.3600001335144043,3.9200000762939453,0.9941177912118847,ascending,2
9,right,3463.167615384615,1790663820559,9.786993980407715,-3.5319323539733887,0.6724071502685547,-4.340000152587891,-3.3600001335144043,3.9200000762939453,0.9995785312618868,ascending,2
9,right,3463.177230769231,1790663820559,9.607525825500488,-4.113409042358398,0.5862624645233154,-4.340000152587891,-3.3600001335144043,3.9200000762939453,1.0053431834125481,ascending,2
9,right,3463.186846153846,1790663820559,9.650598526000977,-3.752079963684082,0.5623334050178528,-4.340000152587891,-3.3600001335144043,3.9200000762939453,1.0102638540035054,ascending,2
9,right,3463.1964615384613,1790663820559,9.387378692626953,-3.653970718383789,0.5503688454627991,-4.340000152587891,-3.3600001335144043,3.9200000762939453,1.0124818588786755,ascending,2
9,right,3463.206076923077,1790663820559,9.612311363220215,-3.8812968730926514,0.5599405169487,-4.340000152587891,-3.3600001335144043,3.9200000762939453,1.0175018157559788,ascending,2
9,right,3463.2156923076923,1790663820559,9.928175926208496,-3.668328046798706,0.5958341360092163,-4.340000152587891,-3.3600001335144043,3.9200000762939453,1.0246365654162246,ascending,2
9,right,3463.2253076923075,1790663820559,9.92099666595459,-3.7114005088806152,0.5838695764541626,-4.340000152587891,-3.3600001335144043,3.9200000762939453,1.0318462607230383,ascending,2
9,left,3359.044,1790663820616,9.619490623474121,1.1725249290466309,0.05742979422211647,-6.650000095367432,-0.2800000011920929,-0.8400000333786011,0.7967544168915577,ascending,2
9,left,3359.053615384615,1790663820616,9.954497337341309,1.581712245941162,0.0502510704100132,-6.650000095367432,-0.2800000011920929,-0.8400000333786011,0.7989438302073973,ascending,2
9,left,3359.063230769231,1790663820616,9.976034164428711,1.3543859720230103,0.0047858161851763725,-6.650000095367432,-0.2800000011920929,-0.8400000333786011,0.8010648856419179,ascending,2
9,left,3359.072846153846,1790663820616,9.8085298538208,1.6080342531204224,-0.01914326474070549,-6.650000095367432,-0.2800000011920929,-0.8400000333786011,0.8019068728877724,ascending,2
9,left,3359.0824615384613,1790663820616,9.629061698913574,1.5793193578720093,-0.06221561133861542,-6.650000095367432,-0.2800000011920929,-0.8400000333786011,0.8010090701893022,ascending,2
9,left,3359.092076923077,1790663820616,9.655384063720703,1.387886643409729,-0.0047858161851763725,-6.650000095367432,-0.2800000011920929,-0.8400000333786011,0.8001206779938063,ascending,2
9,left,3359.1016923076922,1790663820616,9.923389434814453,1.366350531578064,0.035893622785806656,-6.650000095367432,-0.2800000011920929,-0.8400000333786011,0.8017577078982122,ascending,2
9,left,3359.1113076923075,1790663820616,10.227289199829102,1.464459776878357,0.12682412564754486,-6.650000095367432,-0.2800000011920929,-0.8400000333786011,0.8064171766019934,ascending,2
9,right,3463.234,1790663820634,9.298840522766113,-4.024871349334717,0.6221560835838318,-5.670000076293945,-3.2899999618530273,-2.240000009536743,1.0343083039866139,ascending,2
9,right,3463.243615384615,1790663820634,9.411307334899902,-3.682685613632202,0.6389064788818359,-5.670000076293945,-3.2899999618530273,-2.240000009536743,1.0368710465981146,ascending,2
9,right,3463.253230769231,1790663820634,9.138516426086426,-3.022243022918701,0.6819788217544556,-5.670000076293945,-3.2899999618530273,-2.240000009536743,1.0347444891651714,ascending,2
9,right,3463.262846153846,1790663820634,9.413700103759766,-3.7616515159606934,0.5958341360092163,-5.670000076293945,-3.2899999618530273,-2.240000009536743,1.037578777169908,ascending,2
9,right,3463.2724615384614,1790663820634,9.980819702148438,-3.5391111373901367,0.5719050168991089,-5.670000076293945,-3.2899999618530273,-2.240000009536743,1.0447264542410855,ascending,2
9,right,3463.282076923077,1790663820634,10.071749687194824,-3.8310458660125732,0.5431901216506958,-5.670000076293945,-3.2899999618530273,-2.240000009536743,1.0536694991213922,ascending,2
9,right,3463.2916923076923,1790663820634,9.183980941772461,-3.68986439704895,0.5072965025901794,-5.670000076293945,-3.2899999618530273,-2.240000009536743,1.0541461352325174,ascending,2
9,right,3463.3013076923075,1790663820634,9.523774147033691,-3.4266443252563477,0.45704543590545654,-5.670000076293945,-3.2899999618530273,-2.240000009536743,1.056750085358634,ascending,2
9,left,3359.123,1790663820692,10.311040878295898,1.3232781887054443,0.12682412564754486,-7.630000114440918,0.3499999940395355,1.1200000047683716,0.812829110705031,ascending,2
9,left,3359.1326153846153,1790663820692,9.387378692626953,1.1892752647399902,0.1005021408200264,-7.630000114440918,0.3499999940395355,1.1200000047683716,0.8091310149389384,ascending,2
9,left,3359.142230769231,1790663820692,9.55727481842041,1.552997350692749,0.11485958844423294,-7.630000114440918,0.3499999940395355,1.1200000047683716,0.8075224958873548,ascending,2
9,left,3359.1518461538462,1790663820692,10.351720809936523,1.433351993560791,0.055036887526512146,-7.630000114440918,0.3499999940395355,1.1200000047683716,0.8133234328830572,ascending,2
9,left,3359.1614615384615,1790663820692,10.33975601196289,1.6415349245071411,0.04307234659790993,-7.630000114440918,0.3499999940395355,1.1200000047683716,0.8192828489490273,ascending,2
9,left,3359.171076923077,1790663820692,10.239253997802734,1.6582852602005005,0.011964540928602219,-7.630000114440918,0.3499999940395355,1.1200000047683716,0.8243068713554431,ascending,2
9,left,3359.1806923076924,1790663820692,9.83485221862793,1.4572809934616089,0.011964540928602219,-7.630000114440918,0.3499999940395355,1.1200000047683716,0,resting,null
9,left,3359.1903076923077,1790663820692,9.90424633026123,1.689393162727356,0.011964540928602219,-7.630000114440918,0.3499999940395355,1.1200000047683716,0.002279528799345522,resting,null
9,right,3463.309,1790663820709,9.483095169067383,-3.414679765701294,0.45943835377693176,-6.440000057220459,-3.5,3.009999990463257,1.0585100103587977,ascending,2
9,right,3463.3186153846154,1790663820709,9.956890106201172,-3.8836898803710938,0.5647262930870056,-6.440000057220459,-3.5,3.009999990463257,1.0666038562719693,ascending,2
9,right,3463.328230769231,1790663820709,10.320612907409668,-3.864546537399292,0.5503688454627991,-6.440000057220459,-3.5,3.009999990463257,1.0778867179930212,ascending,2
9,right,3463.3378461538464,1790663820709,9.657776832580566,-3.639613151550293,0.6245490312576294,-6.440000057220459,-3.5,3.009999990463257,1.082481546202962,ascending,2
9,right,3463.3474615384616,1790663820709,9.239018440246582,-3.582183361053467,0.6389064788818359,-6.440000057220459,-3.5,3.009999990463257,1.083127659094225,ascending,2
9,right,3463.3570769230773,1790663820709,9.406521797180176,-3.450573444366455,0.5599405169487,-6.440000057220459,-3.5,3.009999990463257,1.0847919950222544,ascending,2
9,right,3463.3666923076926,1790663820709,9.332341194152832,-3.393143653869629,0.6054057478904724,-6.440000057220459,-3.5,3.009999990463257,1.0856154164231098,ascending,2
9,right,3463.376307692308,1790663820709,9.688884735107422,-3.295034408569336,0.5455830693244934,-6.440000057220459,-3.5,3.009999990463257,1.0892818120706276,ascending,2
9,left,3359.202,1790663820782,10.282325744628906,1.581712245941162,0.08135887235403061,-8.050000190734863,0.42000001668930054,-0.21000000834465027,0.009249994228129249,resting,null
9,left,3359.2116153846155,1790663820782,10.296683311462402,1.387886643409729,0.03828652948141098,-8.050000190734863,0.42000001668930054,-0.21000000834465027,0.01484623514875733,resting,null
9,left,3359.221230769231,1790663820782,10.282325744628906,1.4405306577682495,0.047858163714408875,-8.050000190734863,0.42000001668930054,-0.21000000834465027,0.020376553218759672,resting,null
9,left,3359.2308461538464,1790663820782,9.425664901733398,1.416601538658142,-0.021536173298954964,-8.050000190734863,0.42000001668930054,-0.21000000834465027,0.017718673775145015,resting,null
9,left,3359.2404615384617,1790663820782,9.655384063720703,1.7300724983215332,-0.09332341700792313,-8.050000190734863,0.42000001668930054,-0.21000000834465027,0.017678426159457177,resting,null
9,left,3359.2500769230774,1790663820782,10.27754020690918,1.689393162727356,-0.08853759616613388,-8.050000190734863,0.42000001668930054,-0.21000000834465027,0.023502723555836123,resting,null
9,left,3359.2596923076926,1790663820782,10.406757354736328,1.6941789388656616,-0.07896596938371658,-8.050000190734863,0.42000001668930054,-0.21000000834465027,0.030562794342682977,resting,null
9,left,3359.269307692308,1790663820782,9.990391731262207,1.6870001554489136,-0.07178724557161331,-8.050000190734863,0.42000001668930054,-0.21000000834465027,0.03365473956887172,resting,null
9,right,3463.385,1790663820799,9.466344833374023,-3.1921393871307373,0.619763195514679,-7.139999866485596,-2.940000057220459,-0.8400000333786011,1.0905067770980552,ascending,2
9,right,3463.3946153846155,1790663820799,9.298840522766113,-3.345285415649414,0.6125844717025757,-7.139999866485596,-2.940000057220459,-0.8400000333786011,1.0908721051472168,ascending,2
9,right,3463.404230769231,1790663820799,9.39934253692627,-3.56782603263855,0.7011220455169678,-7.139999866485596,-2.940000057220459,-0.8400000333786011,1.0929310575215958,ascending,2
9,right,3463.4138461538464,1790663820799,9.483095169067383,-3.9722273349761963,0.7370156645774841,-7.139999866485596,-2.940000057220459,-0.8400000333786011,1.0971258300373397,ascending,2
9,right,3463.4234615384617,1790663820799,9.571632385253906,-3.584576368331909,0.7346227765083313,-7.139999866485596,-2.940000057220459,-0.8400000333786011,1.1008031809647514,ascending,2
9,right,3463.4330769230774,1790663820799,9.66256332397461,-3.0461719036102295,0.708300769329071,-7.139999866485596,-2.940000057220459,-0.8400000333786011,1.1034725791461473,ascending,2
9,right,3463.4426923076926,1790663820799,9.236625671386719,-2.98634934425354,0.7872667908668518,-7.139999866485596,-2.940000057220459,-0.8400000333786011,1.1021516936225202,ascending,2
9,right,3463.452307692308,1790663820799,9.351485252380371,-3.2376046180725098,0.765730619430542,-7.139999866485596,-2.940000057220459,-0.8400000333786011,1.1027001416414997,ascending,2
9,right,3463.462,1790663820859,9.564454078674316,-3.247176170349121,0.6724071502685547,-6.720000267028809,-2.799999952316284,0.2800000011920929,1.1051775266398451,ascending,2
9,right,3463.4716153846152,1790663820859,9.83485221862793,-3.4816813468933105,0.6604426503181458,-6.720000267028809,-2.799999952316284,0.2800000011920929,1.1108459623656992,ascending,2
9,right,3463.481230769231,1790663820859,9.284482955932617,-3.400322437286377,0.6652284264564514,-6.720000267028809,-2.799999952316284,0.2800000011920929,1.1112876441460435,ascending,2
9,right,3463.490846153846,1790663820859,8.982976913452148,-3.0820655822753906,0.6293348073959351,-6.720000267028809,-2.799999952316284,0.2800000011920929,1.1079424744412316,ascending,2
9,right,3463.5004615384614,1790663820859,8.889653205871582,-3.1801748275756836,0.6125844717025757,-6.720000267028809,-2.799999952316284,0.2800000011920929,1.1040760703423973,ascending,2
9,right,3463.510076923077,1790663820859,9.19355297088623,-2.7709875106811523,0.5766908526420593,-6.720000267028809,-2.799999952316284,0.2800000011920929,1.1015897621210482,ascending,2
9,right,3463.5196923076924,1790663820859,9.559667587280273,-2.9839563369750977,0.5838695764541626,-6.720000267028809,-2.799999952316284,0.2800000011920929,1.1031176220985865,ascending,2
9,right,3463.5293076923076,1790663820859,9.258161544799805,-3.0102784633636475,0.5838695764541626,-6.720000267028809,-2.799999952316284,0.2800000011920929,1.1020148423991685,ascending,2
9,left,3359.281,1790663820887,9.956890106201172,1.366350531578064,-0.11485958844423294,-7.980000019073486,-0.3499999940395355,-0.7699999809265137,0.036472116768980246,resting,null
9,left,3359.290615384615,1790663820887,9.935354232788086,1.6080342531204224,-0.09810923039913177,-7.980000019073486,-0.3499999940395355,-0.7699999809265137,0.038927606624045145,resting,null
9,left,3359.300230769231,1790663820887,10.205753326416016,1.4213874340057373,-0.059822700917720795,-7.980000019073486,-0.3499999940395355,-0.7699999809265137,0.04368734474340359,resting,null
9,left,3359.309846153846,1790663820887,9.832459449768066,1.4429235458374023,-0.09571632742881775,-7.980000019073486,-0.3499999940395355,-0.7699999809265137,0.044927827233186966,resting,null
9,left,3359.3194615384614,1790663820887,9.760672569274902,1.2706341743469238,-0.03110780566930771,-7.980000019073486,-0.3499999940395355,-0.7699999809265137,0.045243756816280296,resting,null
9,left,3359.329076923077,1790663820887,8.999727249145508,1.0648441314697266,0.03110780566930771,-7.980000019073486,-0.3499999940395355,-0.7699999809265137,0.03803983754924569,resting,null
9,left,3359.3386923076923,1790663820887,9.054763793945312,1.4381377696990967,-0.04307234659790993,-7.980000019073486,-0.3499999940395355,-0.7699999809265137,0.03188077262044641,resting,null
9,left,3359.3483076923076,1790663820887,9.583597183227539,1.6367491483688354,0.035893622785806656,-7.980000019073486,-0.3499999940395355,-0.7699999809265137,0.03103380354799269,resting,null
9,right,3463.538,1790663820934,8.839402198791504,-2.7781662940979004,0.48815324902534485,-7,-3.1500000953674316,-0.14000000059604645,1.0968815810302888,ascending,2
9,right,3463.5476153846153,1790663820934,8.442179679870605,-2.732701063156128,0.49054616689682007,-7,-3.1500000953674316,-0.14000000059604645,1.087474867228459,ascending,2
9,right,3463.557230769231,1790663820934,8.633612632751465,-2.797309637069702,0.5144752264022827,-7,-3.1500000953674316,-0.14000000059604645,1.0800268257640255,ascending,2
9,right,3463.566846153846,1790663820934,8.628826141357422,-2.7231295108795166,0.4809745252132416,-7,-3.1500000953674316,-0.14000000059604645,1.0722909661835367,ascending,2
9,right,3463.5764615384614,1790663820934,8.329712867736816,-2.5532329082489014,0.39961564540863037,-7,-3.1500000953674316,-0.14000000059604645,1.0612784960980246,ascending,2
9,right,3463.586076923077,1790663820934,7.607054710388184,-2.4551236629486084,0.3230426013469696,-7,-3.1500000953674316,-0.14000000059604645,1.0433831594531553,ascending,2
9,right,3463.5956923076924,1790663820934,7.035149574279785,-2.3426570892333984,0.25843408703804016,-7,-3.1500000953674316,-0.14000000059604645,1.019931125255145,ascending,2
9,right,3463.6053076923076,1790663820934,7.047114372253418,-2.359407424926758,0.17707519233226776,-7,-3.1500000953674316,-0.14000000059604645,0.9966219393385926,ascending,2
9,left,3359.361,1790663820976,9.641026496887207,1.2227760553359985,0.011964540928602219,-8.119999885559082,-0.2800000011920929,1.3300000429153442,0.029870771231130494,resting,null
9,left,3359.370615384615,1790663820976,9.006906509399414,1.0289504528045654,0.04546525329351425,-8.119999885559082,-0.2800000011920929,1.3300000429153442,0.022695982068915314,resting,null
9,left,3359.380230769231,1790663820976,8.458930015563965,1.0672370195388794,0.009571632370352745,-8.119999885559082,-0.2800000011920929,1.3300000429153442,0.01036729696193382,resting,null
9,left,3359.389846153846,1790663820976,8.676684379577637,1.0026284456253052,0.01914326474070549,-8.119999885559082,-0.2800000011920929,1.3300000429153442,0.00003391129038795219,resting,null
9,left,3359.3994615384613,1790663820976,8.588147163391113,1.170132040977478,0.05742979422211647,-8.119999885559082,-0.2800000011920929,1.3300000429153442,-0.010913597452817041,resting,null
9,left,3359.409076923077,1790663820976,7.997098922729492,1.1557745933532715,0.18664683401584625,-8.119999885559082,-0.2800000011920929,1.3300000429153442,-0.02749662043587369,resting,null
9,left,3359.4186923076923,1790663820976,7.1571879386901855,1.0241646766662598,0.2010042816400528,-8.119999885559082,-0.2800000011920929,1.3300000429153442,-0.05223815608132961,resting,null
9,left,3359.4283076923075,1790663820976,6.585283279418945,0.9954497814178467,0.24407662451267242,-8.119999885559082,-0.2800000011920929,1.3300000429153442,-0.08244779999226605,resting,null
9,left,3359.44,1790663821006,6.0947370529174805,1.2610626220703125,0.32543548941612244,-7.909999847412109,-1.2599999904632568,-0.42000001668930054,-0.12440807328617623,resting,null
9,left,3359.4496153846153,1790663821006,6.396243095397949,1.4907817840576172,0.31586387753486633,-7.909999847412109,-1.2599999904632568,-0.42000001668930054,-0.1557249905036207,resting,null
9,left,3359.459230769231,1790663821006,5.719050407409668,1.0983448028564453,0.3302213251590729,-7.909999847412109,-1.2599999904632568,-0.42000001668930054,-0.1939908957349709,descending,null
9,left,3359.4688461538462,1790663821006,5.597012042999268,0.9116979837417603,0.26800569891929626,-7.909999847412109,-1.2599999904632568,-0.42000001668930054,-0.2336496712315744,descending,null
9,left,3359.4784615384615,1790663821006,5.168681621551514,0.7800880670547485,0.260826975107193,-7.909999847412109,-1.2599999904632568,-0.42000001668930054,-0.2775411318340886,descending,null
9,left,3359.488076923077,1790663821006,4.3598785400390625,0.3709007501602173,0.2727915346622467,-7.909999847412109,-1.2599999904632568,-0.42000001668930054,-0.32965150207707006,descending,null
9,left,3359.4976923076924,1790663821006,4.312020301818848,0.3421858549118042,0.19382555782794952,-7.909999847412109,-1.2599999904632568,-0.42000001668930054,-0.38223423981866983,descending,null
9,left,3359.5073076923077,1790663821006,4.407736778259277,0.5623334050178528,0.2129688262939453,-7.909999847412109,-1.2599999904632568,-0.42000001668930054,-0.4335883404133511,descending,null
9,right,3463.613,1790663821009,6.716893196105957,-2.6800570487976074,0.1411815732717514,-6.650000095367432,-4.480000019073486,-0.699999988079071,0.9763843945809809,ascending,2
9,right,3463.622615384615,1790663821009,6.377099990844727,-2.6082699298858643,0.1507532149553299,-6.650000095367432,-4.480000019073486,-0.699999988079071,0.9478020913922579,ascending,2
9,right,3463.632230769231,1790663821009,6.33642053604126,-2.684842824935913,0.16511066257953644,-6.650000095367432,-4.480000019073486,-0.699999988079071,0.9191211594327837,ascending,2
9,right,3463.641846153846,1790663821009,5.742979526519775,-2.1655819416046143,0.14357449114322662,-6.650000095367432,-4.480000019073486,-0.699999988079071,0.8834157293475323,ascending,2
9,right,3463.6514615384613,1790663821009,5.501295566558838,-1.6678569316864014,0.1914326548576355,-6.650000095367432,-4.480000019073486,-0.699999988079071,0.8439679723058804,ascending,2
9,right,3463.661076923077,1790663821009,4.790602207183838,-1.5649619102478027,0.2105759084224701,-6.650000095367432,-4.480000019073486,-0.699999988079071,0.7977768693755328,ascending,2
9,right,3463.670692307692,1790663821009,5.374471664428711,-1.3400285243988037,0.16271774470806122,-6.650000095367432,-4.480000019073486,-0.699999988079071,0.7561689331809768,ascending,2
9,right,3463.6803076923075,1790663821009,5.192610740661621,-1.4907817840576172,0.26800569891929626,-6.650000095367432,-4.480000019073486,-0.699999988079071,0.7134433650316915,ascending,2
9,left,3359.519,1790663821082,4.891104221343994,0.6915504336357117,0.15793193876743317,-8.399999618530273,2.0299999713897705,1.190000057220459,-0.49019800026398874,descending,null
9,left,3359.528615384615,1790663821082,4.778637409210205,0.9356270432472229,0.06221561133861542,-8.399999618530273,2.0299999713897705,1.190000057220459,-0.5374828874204333,descending,null
9,left,3359.5382307692307,1790663821082,5.551546573638916,1.148595929145813,0.055036887526512146,-8.399999618530273,2.0299999713897705,1.190000057220459,-0.577107263353067,descending,null
9,left,3359.547846153846,1790663821082,6.109094142913818,0.9428057670593262,-0.023929081857204437,-8.399999618530273,2.0299999713897705,1.190000057220459,-0.6116815591243238,descending,null
9,left,3359.557461538461,1790663821082,6.807823657989502,1.4955675601959229,0.0047858161851763725,-8.399999618530273,2.0299999713897705,1.190000057220459,-0.6388491913884156,descending,null
9,left,3359.567076923077,1790663821082,7.585518836975098,1.4979604482650757,-0.09571632742881775,-8.399999618530273,2.0299999713897705,1.190000057220459,-0.658599466418411,descending,null
9,left,3359.576692307692,1790663821082,7.755414962768555,1.1366313695907593,-0.18425391614437103,-8.399999618530273,2.0299999713897705,1.190000057220459,-0.6772145305056876,descending,null
9,left,3359.5863076923074,1790663821082,7.4228010177612305,1.2155972719192505,-0.22732627391815186,-8.399999618530273,2.0299999713897705,1.190000057220459,-0.6988792606898594,descending,null
9,right,3463.689,1790663821100,5.108858585357666,-2.0220072269439697,0.32543548941612244,-7.070000171661377,-4.96999979019165,-1.2599999904632568,0.6756916202012772,ascending,2
9,right,3463.698615384615,1790663821100,5.211753845214844,-1.3759222030639648,0.40679436922073364,-7.070000171661377,-4.96999979019165,-1.2599999904632568,0.632848805507511,ascending,2
9,right,3463.708230769231,1790663821100,5.180645942687988,-1.7731448411941528,0.43550926446914673,-7.070000171661377,-4.96999979019165,-1.2599999904632568,0.5910121102558864,ascending,2
9,right,3463.717846153846,1790663821100,5.778872966766357,-1.2490980625152588,0.5049036145210266,-7.070000171661377,-4.96999979019165,-1.2599999904632568,0.5529689884311015,ascending,2
9,right,3463.7274615384613,1790663821100,5.951162338256836,-1.9550058841705322,0.5384043455123901,-7.070000171661377,-4.96999979019165,-1.2599999904632568,0.5187527197718388,ascending,2
9,right,3463.737076923077,1790663821100,6.403421878814697,-2.1057591438293457,0.6173703074455261,-7.070000171661377,-4.96999979019165,-1.2599999904632568,0.48914617430617663,ascending,2
9,right,3463.7466923076922,1790663821100,6.958576679229736,-2.21343994140625,0.6748000979423523,-7.070000171661377,-4.96999979019165,-1.2599999904632568,0.464944977553355,ascending,2
9,right,3463.7563076923075,1790663821100,6.709714412689209,-1.868861198425293,0.7681235074996948,-7.070000171661377,-4.96999979019165,-1.2599999904632568,0.437432039799762,ascending,2
9,right,3463.765,1790663821159,7.056685924530029,-1.8736470937728882,0.727444052696228,-6.090000152587891,-3.9200000762939453,-0.5600000023841858,0.4154286408932729,ascending,2
9,right,3463.774615384615,1790663821159,7.898989677429199,-2.249333620071411,0.6412993669509888,-6.090000152587891,-3.9200000762939453,-0.5600000023841858,0.39991565475405605,ascending,2
9,right,3463.784230769231,1790663821159,8.628826141357422,-2.5029819011688232,0.6173703074455261,-6.090000152587891,-3.9200000762939453,-0.5600000023841858,0.39183422650663974,ascending,2
9,right,3463.793846153846,1790663821159,8.951869010925293,-3.019850015640259,0.6748000979423523,-6.090000152587891,-3.9200000762939453,-0.5600000023841858,0.3883219361414103,ascending,2
9,right,3463.8034615384613,1790663821159,8.58575439453125,-2.957634449005127,0.7633376717567444,-6.090000152587891,-3.9200000762939453,-0.5600000023841858,0.3813127899947606,ascending,2
9,right,3463.813076923077,1790663821159,8.765222549438477,-2.936098337173462,0.8399107456207275,-6.090000152587891,-3.9200000762939453,-0.5600000023841858,0.3758907503831926,ascending,2
9,right,3463.8226923076923,1790663821159,9.679313659667969,-3.141888380050659,0.9093050956726074,-6.090000152587891,-3.9200000762939453,-0.5600000023841858,0.37943923106489896,ascending,2
9,right,3463.8323076923075,1790663821159,9.887495994567871,-3.857367753982544,0.8710185289382935,-6.090000152587891,-3.9200000762939453,-0.5600000023841858,0.3871033851106656,ascending,2
9,left,3359.598,1790663821171,7.52569580078125,0.765730619430542,-0.19382555782794952,-7,2.0999999046325684,-2.5199999809265137,-0.7247496573846459,descending,null
9,left,3359.607615384615,1790663821171,7.906168460845947,1.148595929145813,-0.12921704351902008,-7,2.0999999046325684,-2.5199999809265137,-0.7418751941425336,descending,null
9,left,3359.617230769231,1790663821171,9.100229263305664,2.292405843734741,-0.059822700917720795,-7,2.0999999046325684,-2.5199999809265137,-0.746063447642236,descending,null
9,left,3359.626846153846,1790663821171,9.858781814575195,1.9885066747665405,-0.0502510704100132,-7,2.0999999046325684,-2.5199999809265137,-0.7434381347874157,descending,null
9,left,3359.6364615384614,1790663821171,10.11242961883545,2.529303789138794,-0.13878867030143738,-7,2.0999999046325684,-2.5199999809265137,-0.7376308837250026,descending,null
9,left,3359.646076923077,1790663821171,10.614940643310547,2.459909439086914,-0.19861137866973877,-7,2.0999999046325684,-2.5199999809265137,-0.7271322575689562,descending,null
9,left,3359.6556923076923,1790663821171,11.395028114318848,1.8329676389694214,-0.19382555782794952,-7,2.0999999046325684,-2.5199999809265137,-0.710122326680097,descending,null
9,left,3359.6653076923076,1790663821171,11.31127643585205,2.4072654247283936,-0.15793193876743317,-7,2.0999999046325684,-2.5199999809265137,-0.6930711004523574,descending,null
9,right,3463.841,1790663821234,10.473758697509766,-3.5223608016967773,0.7298369407653809,-4.199999809265137,-2.380000114440918,-0.9100000262260437,0.3978699059048971,ascending,2
9,right,3463.850615384615,1790663821234,10.399578094482422,-3.9794061183929443,0.6389064788818359,-4.199999809265137,-2.380000114440918,-0.9100000262260437,0.4105089733770347,ascending,2
9,right,3463.860230769231,1790663821234,10.95712661743164,-3.302213191986084,0.540797233581543,-4.199999809265137,-2.380000114440918,-0.9100000262260437,0.4260691500338061,ascending,2
9,right,3463.869846153846,1790663821234,10.966697692871094,-3.68986439704895,0.39722275733947754,-4.199999809265137,-2.380000114440918,-0.9100000262260437,0.4428807539387526,ascending,2
9,right,3463.8794615384613,1790663821234,10.177038192749023,-3.2998201847076416,0.43790218234062195,-4.199999809265137,-2.380000114440918,-0.9100000262260437,0.4513071443953636,ascending,2
9,right,3463.889076923077,1790663821234,10.6939058303833,-2.9408841133117676,0.40679436922073364,-4.199999809265137,-2.380000114440918,-0.9100000262260437,0.4633241772040608,ascending,2
9,right,3463.8986923076923,1790663821234,10.11242961883545,-3.330928087234497,0.3421858549118042,-4.199999809265137,-2.380000114440918,-0.9100000262260437,0.47122676774224354,ascending,2
9,right,3463.9083076923075,1790663821234,10.069356918334961,-3.7281508445739746,0.3206496834754944,-4.199999809265137,-2.380000114440918,-0.9100000262260437,0.47994872103180913,ascending,2
9,left,3359.677,1790663821247,11.261025428771973,1.7013576030731201,-0.03110780566930771,-5.460000038146973,0.49000000953674316,2.380000114440918,-0.6741794268487488,descending,null
9,left,3359.6866153846154,1790663821247,10.95712661743164,2.2254045009613037,0.01914326474070549,-5.460000038146973,0.49000000953674316,2.380000114440918,-0.6607668780085478,descending,null
9,left,3359.696230769231,1790663821247,11.07677173614502,2.4431591033935547,0.1507532149553299,-5.460000038146973,0.49000000953674316,2.380000114440918,-0.6458901663620196,descending,null
9,left,3359.7058461538463,1790663821247,11.186845779418945,1.5290682315826416,0.23689790070056915,-5.460000038146973,0.49000000953674316,2.380000114440918,-0.6313220460795457,descending,null
9,left,3359.7154615384616,1790663821247,11.012163162231445,2.0914015769958496,0.23929080367088318,-5.460000038146973,0.49000000953674316,2.380000114440918,-0.617588746566042,descending,null
9,left,3359.7250769230773,1790663821247,10.612546920776367,1.907147765159607,0.2703986167907715,-5.460000038146973,0.49000000953674316,2.380000114440918,-0.6079231738205249,descending,null
9,left,3359.7346923076925,1790663821247,10.933197021484375,1.9143264293670654,0.2919347882270813,-5.460000038146973,0.49000000953674316,2.380000114440918,-0.5952016863221941,descending,null
9,left,3359.7443076923078,1790663821247,10.655619621276855,2.416837215423584,0.31825676560401917,-5.460000038146973,0.49000000953674316,2.380000114440918,-0.5843583455975865,descending,null
9,right,3463.917,1790663821309,10.45940113067627,-3.555861473083496,0.35893622040748596,-3.009999990463257,-3.1500000953674316,-0.14000000059604645,0.49056925161061093,ascending,2
9,right,3463.926615384615,1790663821309,10.382827758789062,-3.893261432647705,0.3302213251590729,-3.009999990463257,-3.1500000953674316,-0.14000000059604645,0.5026530295563212,ascending,2
9,right,3463.936230769231,1790663821309,10.653226852416992,-3.2160685062408447,0.36850783228874207,-3.009999990463257,-3.1500000953674316,-0.14000000059604645,0.5151089891507823,ascending,2
9,right,3463.945846153846,1790663821309,10.10525131225586,-3.1299238204956055,0.32782840728759766,-3.009999990463257,-3.1500000953674316,-0.14000000059604645,0.5223011594276845,ascending,2
9,right,3463.9554615384613,1790663821309,9.463951110839844,-3.027028799057007,0.2895418703556061,-3.009999990463257,-3.1500000953674316,-0.14000000059604645,0.5233277216260338,ascending,2
9,right,3463.965076923077,1790663821309,8.968619346618652,-2.768594741821289,0.2225404530763626,-3.009999990463257,-3.1500000953674316,-0.14000000059604645,0.5190403563182978,ascending,2
9,right,3463.9746923076923,1790663821309,8.741292953491211,-2.4407663345336914,0.16511066257953644,-3.009999990463257,-3.1500000953674316,-0.14000000059604645,0.5116838531766645,ascending,2
9,right,3463.9843076923075,1790663821309,9.140909194946289,-2.2876200675964355,0.11485958844423294,-3.009999990463257,-3.1500000953674316,-0.14000000059604645,0.5075173959404915,ascending,2
9,left,3359.757,1790663821322,10.940375328063965,2.2301902770996094,0.3134709596633911,-4.690000057220459,-0.699999988079071,1.399999976158142,-0.5668448717000504,descending,null
9,left,3359.7666153846153,1790663821322,10.610154151916504,1.8568966388702393,0.28714898228645325,-4.690000057220459,-0.699999988079071,1.399999976158142,-0.5572849428598341,descending,null
9,left,3359.776230769231,1790663821322,10.282325744628906,2.0890088081359863,0.24646952748298645,-4.690000057220459,-0.699999988079071,1.399999976158142,-0.5504824934190461,descending,null
9,left,3359.7858461538463,1790663821322,9.423272132873535,1.6941789388656616,0.3038993179798126,-4.690000057220459,-0.699999988079071,1.399999976158142,-0.5524316303406728,descending,null
9,left,3359.7954615384615,1790663821322,8.994941711425781,1.8425391912460327,0.30868515372276306,-4.690000057220459,-0.699999988079071,1.399999976158142,-0.5582054458873945,descending,null
9,left,3359.805076923077,1790663821322,8.930333137512207,1.777930736541748,0.3421858549118042,-4.690000057220459,-0.699999988079071,1.399999976158142,-0.5646805532966435,descending,null
9,left,3359.8146923076924,1790663821322,9.21987533569336,1.3831008672714233,0.47858160734176636,-4.690000057220459,-0.699999988079071,1.399999976158142,-0.569004355969872,descending,null
9,left,3359.8243076923077,1790663821322,9.442415237426758,1.9550058841705322,0.5455830693244934,-4.690000057220459,-0.699999988079071,1.399999976158142,-0.5703028949904407,descending,null
9,right,3463.993,1790663821384,9.626668930053711,-2.8140599727630615,0.03350071236491203,-2.5899999141693115,-3.3600001335144043,-1.8200000524520874,0.5091771247977666,ascending,2
9,right,3464.002615384615,1790663821384,9.746315002441406,-2.720736503601074,0.09332341700792313,-2.5899999141693115,-3.3600001335144043,-1.8200000524520874,0.5118496321509193,ascending,2
9,right,3464.012230769231,1790663821384,9.600347518920898,-2.601091146469116,0.1005021408200264,-2.5899999141693115,-3.3600001335144043,-1.8200000524520874,0.5128445228315014,ascending,2
9,right,3464.021846153846,1790663821384,8.930333137512207,-2.024400234222412,0.21775463223457336,-2.5899999141693115,-3.3600001335144043,-1.8200000524520874,0.5060525678442508,ascending,2
9,right,3464.0314615384614,1790663821384,9.148087501525879,-2.134474039077759,0.260826975107193,-2.5899999141693115,-3.3600001335144043,-1.8200000524520874,0.5016018698430307,ascending,2
9,right,3464.041076923077,1790663821384,8.77718734741211,-2.108151912689209,0.3015064299106598,-2.5899999141693115,-3.3600001335144043,-1.8200000524520874,0.49369908976037397,ascending,2
9,right,3464.0506923076923,1790663821384,9.229446411132812,-2.254119396209717,0.2536482512950897,-2.5899999141693115,-3.3600001335144043,-1.8200000524520874,0.49037049534257504,ascending,2
9,right,3464.0603076923076,1790663821384,9.002120018005371,-2.9552414417266846,0.17707519233226776,-2.5899999141693115,-3.3600001335144043,-1.8200000524520874,0.4869532384554207,ascending,2
9,left,3359.837,1790663821396,10.01671314239502,1.5482115745544434,0.43790218234062195,-3.3600001335144043,-0.14000000059604645,0.8400000333786011,-0.565692310830283,descending,null
9,left,3359.8466153846152,1790663821396,9.205517768859863,1.5290682315826416,0.4642241597175598,-3.3600001335144043,-0.14000000059604645,0.8400000333786011,-0.5699131836160723,descending,null
9,left,3359.856230769231,1790663821396,8.987762451171875,1.5482115745544434,0.3421858549118042,-3.3600001335144043,-0.14000000059604645,0.8400000333786011,-0.5761883002597492,descending,null
9,left,3359.865846153846,1790663821396,8.647970199584961,0.806410014629364,0.27997025847435,-3.3600001335144043,-0.14000000059604645,0.8400000333786011,-0.5868454009676255,descending,null
9,left,3359.8754615384614,1790663821396,9.042799949645996,1.359171748161316,0.35893622040748596,-3.3600001335144043,-0.14000000059604645,0.8400000333786011,-0.5928775822613529,descending,null
9,left,3359.885076923077,1790663821396,8.834616661071777,1.2562767267227173,0.30629223585128784,-3.3600001335144043,-0.14000000059604645,0.8400000333786011,-0.601047981524317,descending,null
9,left,3359.8946923076924,1790663821396,9.334734916687012,1.5075321197509766,0.33740004897117615,-3.3600001335144043,-0.14000000059604645,0.8400000333786011,-0.6040788435470558,descending,null
9,left,3359.9043076923076,1790663821396,8.94947624206543,2.0961875915527344,0.3517574965953827,-3.3600001335144043,-0.14000000059604645,0.8400000333786011,-0.6098522675504535,descending,null
9,right,3464.069,1790663821459,8.973404884338379,-2.634591817855835,0.20579010248184204,-0.49000000953674316,-4.199999809265137,1.3300000429153442,0.4827998819246373,ascending,2
9,right,3464.078615384615,1790663821459,9.081086158752441,-2.7279152870178223,0.15793193876743317,-0.49000000953674316,-4.199999809265137,1.3300000429153442,0.479456260151284,ascending,2
9,right,3464.088230769231,1790663821459,9.049978256225586,-2.4838385581970215,0.2536482512950897,-0.49000000953674316,-4.199999809265137,1.3300000429153442,0.4751530428303889,ascending,2
9,right,3464.097846153846,1790663821459,9.686491966247559,-2.4503378868103027,0.2727915346622467,-0.49000000953674316,-4.199999809265137,1.3300000429153442,0.4766120468980142,ascending,2
9,right,3464.1074615384614,1790663821459,9.585989952087402,-2.8690967559814453,0.29911351203918457,-0.49000000953674316,-4.199999809265137,1.3300000429153442,0.4783325802918638,ascending,2
9,right,3464.117076923077,1790663821459,10.100464820861816,-3.2017109394073486,0.3038993179798126,-0.49000000953674316,-4.199999809265137,1.3300000429153442,0.4857179760244723,ascending,2
9,right,3464.1266923076923,1790663821459,10.117215156555176,-2.7853450775146484,0.31586387753486633,-0.49000000953674316,-4.199999809265137,1.3300000429153442,0.49208321295916874,ascending,2
9,right,3464.1363076923076,1790663821459,10.026285171508789,-3.0868513584136963,0.24886244535446167,-0.49000000953674316,-4.199999809265137,1.3300000429153442,0.498447508333957,ascending,2
9,left,3359.916,1790663821532,9.380199432373047,1.6774286031723022,0.32543548941612244,-1.8200000524520874,0.3499999940395355,2.0299999713897705,-0.6126899708500861,descending,null
9,left,3359.9256153846154,1790663821532,9.597954750061035,1.93586266040802,0.32543548941612244,-1.8200000524520874,0.3499999940395355,2.0299999713897705,-0.6125513985783022,descending,null
9,left,3359.935230769231,1790663821532,9.746315002441406,2.0052568912506104,0.3326142132282257,-1.8200000524520874,0.3499999940395355,2.0299999713897705,-0.6108902225021953,descending,null
9,left,3359.9448461538464,1790663821532,9.966462135314941,1.8138242959976196,0.30629223585128784,-1.8200000524520874,0.3499999940395355,2.0299999713897705,-0.6074513973339873,descending,null
9,left,3359.9544615384616,1790663821532,10.023892402648926,1.8736470937728882,0.30868515372276306,-1.8200000524520874,0.3499999940395355,2.0299999713897705,-0.6033713887010036,descending,null
9,left,3359.9640769230773,1790663821532,9.839637756347656,1.7875022888183594,0.29911351203918457,-1.8200000524520874,0.3499999940395355,2.0299999713897705,-0.6011781707680688,descending,null
9,left,3359.9736923076925,1790663821532,9.966462135314941,1.7898952960968018,0.3038993179798126,-1.8200000524520874,0.3499999940395355,2.0299999713897705,-0.5977789098118848,descending,null
9,left,3359.983307692308,1790663821532,10.100464820861816,1.8951832056045532,0.3110780417919159,-1.8200000524520874,0.3499999940395355,2.0299999713897705,-0.5929361334619643,descending,null
9,right,3464.145,1790663821550,10.01671314239502,-2.620234251022339,0.3134709596633911,0.9100000262260437,-4.619999885559082,0.2800000011920929,0.502945639711835,ascending,2
9,right,3464.154615384615,1790663821550,9.8444242477417,-3.1107804775238037,0.27997025847435,0.9100000262260437,-4.619999885559082,0.2800000011920929,0.5077065987536976,ascending,2
9,right,3464.164230769231,1790663821550,9.760672569274902,-3.0174570083618164,0.31586387753486633,0.9100000262260437,-4.619999885559082,0.2800000011920929,0.5114401813346082,ascending,2
9,right,3464.173846153846,1790663821550,10.361291885375977,-3.2830698490142822,0.32543548941612244,0.9100000262260437,-4.619999885559082,0.2800000011920929,0.5214412344709595,ascending,2
9,right,3464.1834615384614,1790663821550,10.37325668334961,-3.5367181301116943,0.32543548941612244,0.9100000262260437,-4.619999885559082,0.2800000011920929,0.532269524762912,ascending,2
9,right,3464.193076923077,1790663821550,10.574260711669922,-3.582183361053467,0.34697166085243225,0.9100000262260437,-4.619999885559082,0.2800000011920929,0.5450753357144217,ascending,2
9,right,3464.2026923076924,1790663821550,10.126787185668945,-3.584576368331909,0.34697166085243225,0.9100000262260437,-4.619999885559082,0.2800000011920929,0.5537831950715385,ascending,2
9,right,3464.2123076923076,1790663821550,9.839637756347656,-3.316570520401001,0.339792937040329,0.9100000262260437,-4.619999885559082,0.2800000011920929,0.559085769042874,ascending,2
9,left,3359.995,1790663821562,10.17464542388916,2.050722122192383,0.27518442273139954,-0.14000000059604645,0.42000001668930054,0.49000000953674316,-0.5858900600404053,descending,null
9,left,3360.004615384615,1790663821562,10.126787185668945,2.0985803604125977,0.3302213251590729,-0.14000000059604645,0.42000001668930054,0.49000000953674316,-0.5804502002804499,descending,null
9,left,3360.014230769231,1790663821562,10.416329383850098,2.2373690605163574,0.3206496834754944,-0.14000000059604645,0.42000001668930054,0.49000000953674316,-0.5720364541224995,descending,null
9,left,3360.023846153846,1790663821562,10.586225509643555,2.122509479522705,0.30629223585128784,-0.14000000059604645,0.42000001668930054,0.49000000953674316,-0.5622178207337736,descending,null
9,left,3360.0334615384613,1790663821562,10.366077423095703,2.495803117752075,0.2512553632259369,-0.14000000059604645,0.42000001668930054,0.49000000953674316,-0.5538448682868434,descending,null
9,left,3360.043076923077,1790663821562,9.949711799621582,2.424015998840332,0.23929080367088318,-0.14000000059604645,0.42000001668930054,0.49000000953674316,-0.5495278904540126,descending,null
9,left,3360.0526923076923,1790663821562,9.767850875854492,2.1679747104644775,0.20818300545215607,-0.14000000059604645,0.42000001668930054,0.49000000953674316,-0.5473845119552594,descending,null
9,left,3360.0623076923075,1790663821562,9.822887420654297,2.163188934326172,0.2129688262939453,-0.14000000059604645,0.42000001668930054,0.49000000953674316,-0.5447244970058912,descending,null
9,right,3464.22,1790663821609,9.428057670593262,-3.2495691776275635,0.44029510021209717,1.8200000524520874,-6.090000152587891,0.42000001668930054,0.560170431810094,ascending,2
9,right,3464.229615384615,1790663821609,9.516595840454102,-3.034207344055176,0.3948298394680023,1.8200000524520874,-6.090000152587891,0.42000001668930054,0.5617057156663398,ascending,2
9,right,3464.2392307692307,1790663821609,9.801351547241211,-3.2639267444610596,0.39722275733947754,1.8200000524520874,-6.090000152587891,0.42000001668930054,0.5665171896704695,ascending,2
9,right,3464.248846153846,1790663821609,9.47113037109375,-3.316570520401001,0.43550926446914673,1.8200000524520874,-6.090000152587891,0.42000001668930054,0.5684663727134742,ascending,2
9,right,3464.2584615384612,1790663821609,9.435236930847168,-3.3285350799560547,0.3924369215965271,1.8200000524520874,-6.090000152587891,0.42000001668930054,0.5701168951130828,ascending,2
9,right,3464.268076923077,1790663821609,9.215088844299316,-3.342892646789551,0.43790218234062195,1.8200000524520874,-6.090000152587891,0.42000001668930054,0.569808299791643,ascending,2
9,right,3464.277692307692,1790663821609,9.195945739746094,-3.462538003921509,0.44747382402420044,1.8200000524520874,-6.090000152587891,0.42000001668930054,0.5696860840405379,ascending,2
9,right,3464.2873076923074,1790663821609,9.231839179992676,-3.443394660949707,0.5001177787780762,1.8200000524520874,-6.090000152587891,0.42000001668930054,0.5698514851709676,ascending,2
9,left,3360.074,1790663821636,9.882710456848145,1.809038519859314,0.20818300545215607,1.75,0.42000001668930054,-0.9100000262260437,-0.5415777802003291,descending,null
9,left,3360.0836153846153,1790663821636,9.753493309020996,1.9765421152114868,0.20818300545215607,1.75,0.42000001668930054,-0.9100000262260437,-0.5399096006488705,descending,null
9,left,3360.093230769231,1790663821636,9.346698760986328,1.93586266040802,0.15553902089595795,1.75,0.42000001668930054,-0.9100000262260437,-0.5421648580874566,descending,null
9,left,3360.1028461538463,1790663821636,9.317984580993652,2.038757801055908,0.1316099464893341,1.75,0.42000001668930054,-0.9100000262260437,-0.5445041776500856,descending,null
9,left,3360.1124615384615,1790663821636,9.396949768066406,1.964577555656433,0.11725249886512756,1.75,0.42000001668930054,-0.9100000262260437,-0.5462341918502691,descending,null
9,left,3360.122076923077,1790663821636,9.686491966247559,1.7252867221832275,0.12921704351902008,1.75,0.42000001668930054,-0.9100000262260437,-0.5456694504741566,descending,null
9,left,3360.1316923076924,1790663821636,9.629061698913574,1.8784328699111938,0.12203831225633621,1.75,0.42000001668930054,-0.9100000262260437,-0.5453660883760905,descending,null
9,left,3360.1413076923077,1790663821636,9.578810691833496,1.8066456317901611,0.10528795421123505,1.75,0.42000001668930054,-0.9100000262260437,-0.5456706294196305,descending,null
9,right,3464.297,1790663821699,9.516595840454102,-3.3046059608459473,0.4809745252132416,2.940000057220459,-5.599999904632568,1.1200000047683716,0.5722242342865467,ascending,2
9,right,3464.3066153846153,1790663821699,9.394556999206543,-3.378786325454712,0.48576033115386963,2.940000057220459,-5.599999904632568,1.1200000047683716,0.573689107106199,ascending,2
9,right,3464.316230769231,1790663821699,8.904010772705078,-3.5295393466949463,0.4307234585285187,2.940000057220459,-5.599999904632568,1.1200000047683716,0.5711248619511217,ascending,2
9,right,3464.325846153846,1790663821699,8.724542617797852,-3.4051082134246826,0.4235447347164154,2.940000057220459,-5.599999904632568,1.1200000047683716,0.5665564417060974,ascending,2
9,right,3464.3354615384615,1790663821699,8.801115989685059,-3.0102784633636475,0.4450809061527252,2.940000057220459,-5.599999904632568,1.1200000047683716,0.5614991836695074,ascending,2
9,right,3464.345076923077,1790663821699,8.700613975524902,-2.8714897632598877,0.3804723918437958,2.940000057220459,-5.599999904632568,1.1200000047683716,0.5550947891388623,ascending,2
9,right,3464.3546923076924,1790663821699,8.810688018798828,-2.7709875106811523,0.37807947397232056,2.940000057220459,-5.599999904632568,1.1200000047683716,0.549393520773445,ascending,2
9,right,3464.3643076923076,1790663821699,8.492430686950684,-3.1299238204956055,0.38525819778442383,2.940000057220459,-5.599999904632568,1.1200000047683716,0.541885011757918,ascending,2
9,left,3360.153,1790663821726,9.428057670593262,1.7324655055999756,0.1316099464893341,2.240000009536743,0.5600000023841858,1.75,-0.5479258041115902,descending,null
9,left,3360.162615384615,1790663821726,9.109801292419434,1.5649619102478027,0.17468228936195374,2.240000009536743,0.5600000023841858,1.75,-0.5530747049242757,descending,null
9,left,3360.1722307692307,1790663821726,9.030835151672363,1.359171748161316,0.16511066257953644,2.240000009536743,0.5600000023841858,1.75,-0.5593297775003053,descending,null
9,left,3360.181846153846,1790663821726,9.066728591918945,1.3424214124679565,0.2225404530763626,2.240000009536743,0.5600000023841858,1.75,0,resting,null
9,left,3360.191461538461,1790663821726,9.04519271850586,1.6008554697036743,0.24646952748298645,2.240000009536743,0.5600000023841858,1.75,-0.005939028290097079,resting,null
9,left,3360.201076923077,1790663821726,9.361056327819824,1.964577555656433,0.2416837215423584,2.240000009536743,0.5600000023841858,1.75,-0.00825596810311096,resting,null
9,left,3360.210692307692,1790663821726,9.45438003540039,1.830574631690979,0.23929080367088318,2.240000009536743,0.5600000023841858,1.75,-0.009924026341677232,resting,null
9,left,3360.2203076923074,1790663821726,10.00953483581543,1.6534994840621948,0.25604116916656494,2.240000009536743,0.5600000023841858,1.75,-0.0066520492838707404,resting,null
9,right,3464.373,1790663821775,8.691041946411133,-3.338106870651245,0.31825676560401917,3.5,-5.740000247955322,-0.6299999952316284,0.5373010182839791,ascending,2
9,right,3464.3826153846153,1790663821775,8.92554759979248,-3.4457876682281494,0.3421858549118042,3.5,-5.740000247955322,-0.6299999952316284,0.5347094334623907,ascending,2
9,right,3464.392230769231,1790663821775,9.19355297088623,-3.570218801498413,0.363722026348114,3.5,-5.740000247955322,-0.6299999952316284,0.5349523550701122,ascending,2
9,right,3464.4018461538462,1790663821775,9.408914566040039,-3.47210955619812,0.3732936680316925,3.5,-5.740000247955322,-0.6299999952316284,0.5368580549701466,ascending,2
9,right,3464.4114615384615,1790663821775,9.093050956726074,-3.7903664112091064,0.4115802049636841,3.5,-5.740000247955322,-0.6299999952316284,0.5368932118029281,ascending,2
9,right,3464.421076923077,1790663821775,9.253376007080078,-3.596540927886963,0.38765111565589905,3.5,-5.740000247955322,-0.6299999952316284,0.5377835210688282,ascending,2
9,right,3464.4306923076924,1790663821775,9.073907852172852,-3.232818841934204,0.3732936680316925,3.5,-5.740000247955322,-0.6299999952316284,0.535904524371622,ascending,2
9,right,3464.4403076923077,1790663821775,9.203125,-3.251962184906006,0.3421858549118042,3.5,-5.740000247955322,-0.6299999952316284,0.5352544993367707,ascending,2
9,left,3360.233,1790663821801,10.17464542388916,1.5051392316818237,0.21536172926425934,2.450000047683716,1.1200000047683716,-2.799999952316284,-0.0006207067773038598,resting,null
9,left,3360.2426153846154,1790663821801,10.215324401855469,1.6582852602005005,0.20339718461036682,2.450000047683716,1.1200000047683716,-2.799999952316284,0.004595056298577189,resting,null
9,left,3360.252230769231,1790663821801,9.93056869506836,1.6056413650512695,0.2321120798587799,2.450000047683716,1.1200000047683716,-2.799999952316284,0.007034499714787648,resting,null
9,left,3360.2618461538464,1790663821801,10.265575408935547,1.4094228744506836,0.2225404530763626,2.450000047683716,1.1200000047683716,-2.799999952316284,0.012311677977368018,resting,null
9,left,3360.2714615384616,1790663821801,10.01671314239502,1.3256710767745972,0.2727915346622467,2.450000047683716,1.1200000047683716,-2.799999952316284,0.015108073511612462,resting,null
9,left,3360.2810769230773,1790663821801,10.301469802856445,1.3137065172195435,0.3110780417919159,2.450000047683716,1.1200000047683716,-2.799999952316284,0.0205926615932105,resting,null
9,left,3360.2906923076926,1790663821801,10.418722152709961,1.5577831268310547,0.3421858549118042,2.450000047683716,1.1200000047683716,-2.799999952316284,0.027599368156886926,resting,null
9,left,3360.300307692308,1790663821801,10.401971817016602,1.7300724983215332,0.4044014811515808,2.450000047683716,1.1200000047683716,-2.799999952316284,0.03474399055550816,resting,null
9,right,3464.449,1790663821851,9.320377349853516,-3.2687125205993652,0.27518442273139954,3.009999990463257,-4.550000190734863,0.42000001668930054,0.5356645175460744,ascending,2
9,right,3464.4586153846153,1790663821851,9.585989952087402,-3.421858549118042,0.2512553632259369,3.009999990463257,-4.550000190734863,0.42000001668930054,0.5390071543203239,ascending,2
9,right,3464.468230769231,1790663821851,9.657776832580566,-3.491252899169922,0.2225404530763626,3.009999990463257,-4.550000190734863,0.42000001668930054,0.5432146955142648,ascending,2
9,right,3464.4778461538463,1790663821851,9.4950590133667,-3.5247535705566406,0.20579010248184204,3.009999990463257,-4.550000190734863,0.42000001668930054,0.546051302681748,ascending,2
9,right,3464.4874615384615,1790663821851,9.337127685546875,-3.6372203826904297,0.16271774470806122,3.009999990463257,-4.550000190734863,0.42000001668930054,0.5478127152342478,ascending,2
9,right,3464.497076923077,1790663821851,9.418486595153809,-3.584576368331909,0.20579010248184204,3.009999990463257,-4.550000190734863,0.42000001668930054,0,resting,null
9,right,3464.5066923076924,1790663821851,9.449594497680664,-3.7257578372955322,0.16271774470806122,3.009999990463257,-4.550000190734863,0.42000001668930054,0.003339881461329538,resting,null
9,right,3464.5163076923077,1790663821851,9.303627014160156,-3.814295530319214,0.2321120798587799,3.009999990463257,-4.550000190734863,0.42000001668930054,0.005667209149783721,resting,null
9,left,3360.312,1790663821879,10.593403816223145,1.4381377696990967,0.3924369215965271,1.8899999856948853,-0.2800000011920929,3.1500000953674316,0.04505596590137267,resting,null
9,left,3360.321615384615,1790663821879,10.062178611755371,1.3232781887054443,0.39004403352737427,1.8899999856948853,-0.2800000011920929,3.1500000953674316,0.04832358004637615,resting,null
9,left,3360.331230769231,1790663821879,9.949711799621582,1.6271774768829346,0.4331163763999939,1.8899999856948853,-0.2800000011920929,3.1500000953674316,0.0510225093083363,resting,null
9,left,3360.340846153846,1790663821879,10.193788528442383,1.5553902387619019,0.4331163763999939,1.8899999856948853,-0.2800000011920929,3.1500000953674316,0.05592240076230199,resting,null
9,left,3360.3504615384613,1790663821879,10.215324401855469,1.619998812675476,0.3517574965953827,1.8899999856948853,-0.2800000011920929,3.1500000953674316,0.06110502518889086,resting,null
9,left,3360.360076923077,1790663821879,9.990391731262207,1.395065426826477,0.284756064414978,1.8899999856948853,-0.2800000011920929,3.1500000953674316,0.06378946581960084,resting,null
9,left,3360.3696923076923,1790663821879,10.325398445129395,1.239526391029358,0.29672059416770935,1.8899999856948853,-0.2800000011920929,3.1500000953674316,0.06942438336203995,resting,null
9,left,3360.3793076923075,1790663821879,9.971247673034668,1.404637098312378,0.29911351203918457,1.8899999856948853,-0.2800000011920929,3.1500000953674316,0.0719503509210295,resting,null
9,right,3464.524,1790663821924,9.39216423034668,-3.5295393466949463,0.27757734060287476,2.870000123977661,-3.7799999713897705,0.6299999952316284,0.007431272112368049,resting,null
9,right,3464.533615384615,1790663821924,9.504631042480469,-3.407501220703125,0.3445787727832794,2.870000123977661,-3.7799999713897705,0.6299999952316284,0.010264513301443701,resting,null
9,right,3464.543230769231,1790663821924,9.432844161987305,-3.469716787338257,0.31586387753486633,2.870000123977661,-3.7799999713897705,0.6299999952316284,0.0126474746198273,resting,null
9,right,3464.552846153846,1790663821924,9.334734916687012,-3.6013267040252686,0.3421858549118042,2.870000123977661,-3.7799999713897705,0.6299999952316284,0.014584118067548857,resting,null
9,right,3464.5624615384613,1790663821924,9.049978256225586,-3.4601449966430664,0.29911351203918457,2.870000123977661,-3.7799999713897705,0.6299999952316284,0.013477836295317474,resting,null
9,right,3464.572076923077,1790663821924,9.231839179992676,-3.450573444366455,0.25843408703804016,2.870000123977661,-3.7799999713897705,0.6299999952316284,0.01397304667530232,resting,null
9,right,3464.5816923076923,1790663821924,9.231839179992676,-3.1801748275756836,0.2129688262939453,2.870000123977661,-3.7799999713897705,0.6299999952316284,0.013562920394689086,resting,null
9,right,3464.5913076923075,1790663821924,9.294054985046387,-3.54150390625,0.1722893863916397,2.870000123977661,-3.7799999713897705,0.6299999952316284,0.01490309528285771,resting,null
9,left,3360.391,1790663821952,9.858781814575195,1.3615647554397583,0.28714898228645325,1.399999976158142,-1.8200000524520874,0.21000000834465027,0.07364506006423424,resting,null
9,left,3360.4006153846153,1790663821952,9.475915908813477,1.268241286277771,0.3015064299106598,1.399999976158142,-1.8200000524520874,0.21000000834465027,0.07127353080581822,resting,null
9,left,3360.410230769231,1790663821952,9.490273475646973,1.2945632934570312,0.34697166085243225,1.399999976158142,-1.8200000524520874,0.21000000834465027,0.06909245520869799,resting,null
9,left,3360.4198461538463,1790663821952,9.597954750061035,1.3089207410812378,0.4115802049636841,1.399999976158142,-1.8200000524520874,0.21000000834465027,0.0679762297021451,resting,null
9,left,3360.4294615384615,1790663821952,9.36584186553955,1.2610626220703125,0.39722275733947754,1.399999976158142,-1.8200000524520874,0.21000000834465027,0.06458552958419528,resting,null
9,left,3360.439076923077,1790663821952,9.413700103759766,1.5960696935653687,0.44268798828125,1.399999976158142,-1.8200000524520874,0.21000000834465027,0.06213924546230733,resting,null
9,left,3360.4486923076925,1790663821952,9.38259220123291,1.5027462244033813,0.45943835377693176,1.399999976158142,-1.8200000524520874,0.21000000834465027,0.0592732115870436,resting,null
9,left,3360.4583076923077,1790663821952,9.423272132873535,1.3376356363296509,0.43550926446914673,1.399999976158142,-1.8200000524520874,0.21000000834465027,0.056553816727828596,resting,null
9,right,3464.6,1790663821999,9.346698760986328,-3.5510756969451904,0.15314611792564392,2.1700000762939453,-3.2899999618530273,0.5600000023841858,0.01657005554405759,resting,null
9,right,3464.609615384615,1790663821999,9.207910537719727,-3.6300415992736816,0.14357449114322662,2.1700000762939453,-3.2899999618530273,0.5600000023841858,0.01742816514893343,resting,null
9,right,3464.619230769231,1790663821999,8.935118675231934,-3.436216115951538,0.09571632742881775,2.1700000762939453,-3.2899999618530273,0.5600000023841858,0.015172955517873022,resting,null
9,right,3464.628846153846,1790663821999,9.105015754699707,-3.4338231086730957,0.12443122267723083,2.1700000762939453,-3.2899999618530273,0.5600000023841858,0.014445631742453476,resting,null
9,right,3464.6384615384613,1790663821999,9.262947082519531,-3.3907508850097656,0.14596739411354065,2.1700000762939453,-3.2899999618530273,0.5600000023841858,0.01499899308049909,resting,null
9,right,3464.648076923077,1790663821999,9.356270790100098,-3.5080032348632812,0.1507532149553299,2.1700000762939453,-3.2899999618530273,0.5600000023841858,0.016786861187084546,resting,null
9,right,3464.6576923076923,1790663821999,9.112194061279297,-3.6491849422454834,0.1507532149553299,2.1700000762939453,-3.2899999618530273,0.5600000023841858,0.01685815313716709,resting,null
9,right,3464.6673076923075,1790663821999,9.150480270385742,-3.4745025634765625,0.18425391614437103,2.1700000762939453,-3.2899999618530273,0.5600000023841858,0.01668606167276099,resting,null
9,right,3464.676,1790663822074,9.327555656433105,-3.448180675506592,0.16750356554985046,1.190000057220459,-3.2200000286102295,0.3499999940395355,0.017887286033753103,resting,null
9,right,3464.685615384615,1790663822074,9.440022468566895,-3.577397584915161,0.2010042816400528,1.190000057220459,-3.2200000286102295,0.3499999940395355,0.020669656438855127,resting,null
9,right,3464.695230769231,1790663822074,9.47830867767334,-3.448180675506592,0.20579010248184204,1.190000057220459,-3.2200000286102295,0.3499999940395355,0.023359383135352647,resting,null
9,right,3464.704846153846,1790663822074,9.253376007080078,-3.7329366207122803,0.16750356554985046,1.190000057220459,-3.2200000286102295,0.3499999940395355,0.024983764112922156,resting,null
9,right,3464.7144615384614,1790663822074,9.267732620239258,-3.5247535705566406,0.24407662451267242,1.190000057220459,-3.2200000286102295,0.3499999940395355,0.026042461409544502,resting,null
9,right,3464.724076923077,1790663822074,9.396949768066406,-3.606112480163574,0.25604116916656494,1.190000057220459,-3.2200000286102295,0.3499999940395355,0.028541500640256855,resting,null
9,right,3464.7336923076923,1790663822074,9.416092872619629,-3.639613151550293,0.29672059416770935,1.190000057220459,-3.2200000286102295,0.3499999940395355,0.03133366279623643,resting,null
9,right,3464.7433076923076,1790663822074,9.700849533081055,-3.5606472492218018,0.34697166085243225,1.190000057220459,-3.2200000286102295,0.3499999940395355,0.03642406830703,resting,null
9,left,3360.47,1790663822086,9.432844161987305,1.4453164339065552,0.4450809061527252,0.42000001668930054,-1.2599999904632568,1.3300000429153442,0.05355101644857261,resting,null
9,left,3360.479615384615,1790663822086,9.468737602233887,1.3256710767745972,0.43550926446914673,0.42000001668930054,-1.2599999904632568,1.3300000429153442,0.05125256418315571,resting,null
9,left,3360.4892307692307,1790663822086,9.344305992126465,1.3687434196472168,0.4546525478363037,0.42000001668930054,-1.2599999904632568,1.3300000429153442,0.047841501898082776,resting,null
9,left,3360.498846153846,1790663822086,9.361056327819824,1.5075321197509766,0.4211518168449402,0.42000001668930054,-1.2599999904632568,1.3300000429153442,0.0447763869976049,resting,null
9,left,3360.5084615384612,1790663822086,9.559667587280273,1.3208853006362915,0.4307234585285187,0.42000001668930054,-1.2599999904632568,1.3300000429153442,0.043340321070531526,resting,null
9,left,3360.518076923077,1790663822086,9.954497337341309,1.4788172245025635,0.39004403352737427,0.42000001668930054,-1.2599999904632568,1.3300000429153442,0.045862961514173704,resting,null
9,left,3360.527692307692,1790663822086,9.966462135314941,1.5745335817337036,0.4139730930328369,0.42000001668930054,-1.2599999904632568,1.3300000429153442,0.048643270142510665,resting,null
9,left,3360.5373076923074,1790663822086,9.837244987487793,1.5793193578720093,0.4139730930328369,0.42000001668930054,-1.2599999904632568,1.3300000429153442,0.050203357402797584,resting,null
9,left,3360.549,1790663822116,9.83485221862793,1.7013576030731201,0.35654330253601074,-0.699999988079071,-1.2599999904632568,0.21000000834465027,0.052264481677134954,resting,null
9,left,3360.558615384615,1790663822116,9.971247673034668,1.5936768054962158,0.29911351203918457,-0.699999988079071,-1.2599999904632568,0.21000000834465027,0.05507621240959691,resting,null
9,left,3360.568230769231,1790663822116,10.220110893249512,1.462066888809204,0.25604116916656494,-0.699999988079071,-1.2599999904632568,0.21000000834465027,0.060042677649977436,resting,null
9,left,3360.577846153846,1790663822116,10.062178611755371,1.718108057975769,0.22971917688846588,-0.699999988079071,-1.2599999904632568,0.21000000834465027,0.06387527912906095,resting,null
9,left,3360.5874615384614,1790663822116,10.303862571716309,1.8066456317901611,0.22493335604667664,-0.699999988079071,-1.2599999904632568,0.21000000834465027,0.07013270888754504,resting,null
9,left,3360.597076923077,1790663822116,10.122001647949219,1.7563945055007935,0.17946811020374298,-0.699999988079071,-1.2599999904632568,0.21000000834465027,0.07457582515535767,resting,null
9,left,3360.6066923076924,1790663822116,10.117215156555176,1.6558923721313477,0.181861013174057,-0.699999988079071,-1.2599999904632568,0.21000000834465027,0.078824285546967,resting,null
9,left,3360.6163076923076,1790663822116,10.136358261108398,1.4357448816299438,0.22493335604667664,-0.699999988079071,-1.2599999904632568,0.21000000834465027,0.08293820954934088,resting,null
9,right,3464.752,1790663822149,9.516595840454102,-3.821474313735962,0.33740004897117615,0.6299999952316284,-2.6600000858306885,0.14000000059604645,0.04033070678328475,resting,null
9,right,3464.761615384615,1790663822149,9.523774147033691,-3.737722396850586,0.41636601090431213,0.6299999952316284,-2.6600000858306885,0.14000000059604645,0.04444602844861915,resting,null
9,right,3464.771230769231,1790663822149,9.442415237426758,-3.653970718383789,0.39961564540863037,0.6299999952316284,-2.6600000858306885,0.14000000059604645,0.04754091434466299,resting,null
9,right,3464.780846153846,1790663822149,9.56684684753418,-3.4673237800598145,0.39004403352737427,0.6299999952316284,-2.6600000858306885,0.14000000059604645,0.051113202065473894,resting,null
9,right,3464.7904615384614,1790663822149,9.581204414367676,-3.3476784229278564,0.4044014811515808,0.6299999952316284,-2.6600000858306885,0.14000000059604645,0.054411766122866155,resting,null
9,right,3464.800076923077,1790663822149,9.270126342773438,-3.5582542419433594,0.3732936680316925,0.6299999952316284,-2.6600000858306885,0.14000000059604645,0.05562443888590484,resting,null
9,right,3464.8096923076923,1790663822149,9.162445068359375,-3.3404996395111084,0.39961564540863037,0.6299999952316284,-2.6600000858306885,0.14000000059604645,0.05513579923711912,resting,null
9,right,3464.8193076923076,1790663822149,9.148087501525879,-3.443394660949707,0.4211518168449402,0.6299999952316284,-2.6600000858306885,0.14000000059604645,0.05487471782629626,resting,null
9,left,3360.629,1790663822191,10.028677940368652,1.5769264698028564,0.17707519233226776,-0.7699999809265137,-1.8899999856948853,-0.7699999809265137,0.08727797518949816,resting,null
9,left,3360.638615384615,1790663822191,9.892282485961914,1.426173210144043,0.19621846079826355,-0.7699999809265137,-1.8899999856948853,-0.7699999809265137,0.08905269361953835,resting,null
9,left,3360.648230769231,1790663822191,9.693670272827148,1.6176059246063232,0.18664683401584625,-0.7699999809265137,-1.8899999856948853,-0.7699999809265137,0.08922316505017559,resting,null
9,left,3360.657846153846,1790663822191,9.676919937133789,1.4668526649475098,0.18425391614437103,-0.7699999809265137,-1.8899999856948853,-0.7699999809265137,0.08901060938666677,resting,null
9,left,3360.6674615384613,1790663822191,9.75588607788086,1.3017419576644897,0.11485958844423294,-0.7699999809265137,-1.8899999856948853,-0.7699999809265137,0.08929159416937704,resting,null
9,left,3360.677076923077,1790663822191,9.416092872619629,1.2658483982086182,0.181861013174057,-0.7699999809265137,-1.8899999856948853,-0.7699999809265137,0.08631084848513304,resting,null
9,left,3360.6866923076923,1790663822191,9.507023811340332,1.4189945459365845,0.2010042816400528,-0.7699999809265137,-1.8899999856948853,-0.7699999809265137,0.08442192802827285,resting,null
9,left,3360.6963076923075,1790663822191,9.356270790100098,1.275420069694519,0.17946811020374298,-0.7699999809265137,-1.8899999856948853,-0.7699999809265137,0.08089346387495286,resting,null
9,right,3464.828,1790663822226,9.358663558959961,-3.3979294300079346,0.4044014811515808,0.07000000029802322,-2.5199999809265137,0.2800000011920929,0.05620816446199943,resting,null
9,right,3464.837615384615,1790663822226,9.416092872619629,-3.4673237800598145,0.40918728709220886,0.07000000029802322,-2.5199999809265137,0.2800000011920929,0.058436813919788284,resting,null
9,right,3464.847230769231,1790663822226,9.363449096679688,-3.512789011001587,0.3804723918437958,0.07000000029802322,-2.5199999809265137,0.2800000011920929,0.0603383490861779,resting,null
9,right,3464.856846153846,1790663822226,9.27969741821289,-3.4338231086730957,0.39004403352737427,0.07000000029802322,-2.5199999809265137,0.2800000011920929,0.06122257208572193,resting,null
9,right,3464.8664615384614,1790663822226,9.30601978302002,-3.381179094314575,0.339792937040329,0.07000000029802322,-2.5199999809265137,0.2800000011920929,0.062152962292899495,resting,null
9,right,3464.876076923077,1790663822226,9.29644775390625,-3.3046059608459473,0.339792937040329,0.07000000029802322,-2.5199999809265137,0.2800000011920929,0.0627417747594788,resting,null
9,right,3464.8856923076924,1790663822226,9.442415237426758,-3.3979294300079346,0.2895418703556061,0.07000000029802322,-2.5199999809265137,0.2800000011920929,0.06494460078388013,resting,null
9,right,3464.8953076923076,1790663822226,9.36823558807373,-3.4122869968414307,0.29911351203918457,0.07000000029802322,-2.5199999809265137,0.2800000011920929,0.06652913196317714,resting,null
9,left,3360.709,1790663822269,9.344305992126465,1.3232781887054443,0.21536172926425934,-1.6100000143051147,-1.8899999856948853,0.07000000029802322,0.07618957390078462,resting,null
9,left,3360.718615384615,1790663822269,9.38259220123291,1.299349069595337,0.2632198929786682,-1.6100000143051147,-1.8899999856948853,0.07000000029802322,0.07296921029790392,resting,null
9,left,3360.728230769231,1790663822269,9.408914566040039,1.4668526649475098,0.2632198929786682,-1.6100000143051147,-1.8899999856948853,0.07000000029802322,0.07023411355165031,resting,null
9,left,3360.737846153846,1790663822269,9.411307334899902,1.4022440910339355,0.2823631465435028,-1.6100000143051147,-1.8899999856948853,0.07000000029802322,0.06743755767397494,resting,null
9,left,3360.7474615384613,1790663822269,9.301233291625977,1.4070299863815308,0.260826975107193,-1.6100000143051147,-1.8899999856948853,0.07000000029802322,0.06359854215712707,resting,null
9,left,3360.757076923077,1790663822269,9.404129028320312,1.2419192790985107,0.26561281085014343,-1.6100000143051147,-1.8899999856948853,0.07000000029802322,0.0605101183677771,resting,null
9,left,3360.766692307692,1790663822269,9.406521797180176,1.2443121671676636,0.2225404530763626,-1.6100000143051147,-1.8899999856948853,0.07000000029802322,0.0574415066835184,resting,null
9,left,3360.7763076923075,1790663822269,9.440022468566895,1.4477094411849976,0.12921704351902008,-1.6100000143051147,-1.8899999856948853,0.07000000029802322,0.0549530335634079,resting,null
9,right,3464.904,1790663822299,9.341913223266602,-3.555861473083496,0.2632198929786682,-0.5600000023841858,-2.7300000190734863,0.49000000953674316,0.06816933829255134,resting,null
9,right,3464.9136153846152,1790663822299,9.416092872619629,-3.338106870651245,0.29911351203918457,-0.5600000023841858,-2.7300000190734863,0.49000000953674316,0.06993787394230848,resting,null
9,right,3464.923230769231,1790663822299,9.370628356933594,-3.211282730102539,0.3350071310997009,-0.5600000023841858,-2.7300000190734863,0.49000000953674316,0.07088837725334271,resting,null
9,right,3464.932846153846,1790663822299,9.408914566040039,-3.218461275100708,0.39004403352737427,-0.5600000023841858,-2.7300000190734863,0.49000000953674316,0.07222552007845394,resting,null
9,right,3464.9424615384614,1790663822299,9.442415237426758,-3.0820655822753906,0.38525819778442383,-0.5600000023841858,-2.7300000190734863,0.49000000953674316,0.07342028235651156,resting,null
9,right,3464.952076923077,1790663822299,9.39934253692627,-3.0653152465820312,0.4211518168449402,-0.5600000023841858,-2.7300000190734863,0.49000000953674316,0.07418534764934427,resting,null
9,right,3464.9616923076924,1790663822299,9.186373710632324,-3.1801748275756836,0.45943835377693176,-0.5600000023841858,-2.7300000190734863,0.49000000953674316,0.0734119955496596,resting,null
9,right,3464.9713076923076,1790663822299,8.94947624206543,-3.015064239501953,0.48815324902534485,-0.5600000023841858,-2.7300000190734863,0.49000000953674316,0.06997198540454597,resting,null
9,left,3360.788,1790663822356,9.590775489807129,1.524282455444336,0.1411815732717514,-2.380000114440918,-1.190000057220459,-0.49000000953674316,0.0538072163954979,resting,null
9,left,3360.7976153846153,1790663822356,9.4950590133667,1.3424214124679565,0.1507532149553299,-2.380000114440918,-1.190000057220459,-0.49000000953674316,0.051703706821636615,resting,null
9,left,3360.807230769231,1790663822356,9.28926944732666,1.5362470149993896,0.08853759616613388,-2.380000114440918,-1.190000057220459,-0.49000000953674316,0.04790575460164362,resting,null
9,left,3360.816846153846,1790663822356,9.133729934692383,1.5051392316818237,0.11964540183544159,-2.380000114440918,-1.190000057220459,-0.49000000953674316,0.04259593675219392,resting,null
9,left,3360.8264615384614,1790663822356,8.841794967651367,1.3807079792022705,0.12921704351902008,-2.380000114440918,-1.190000057220459,-0.49000000953674316,0.0343399750389619,resting,null
9,left,3360.836076923077,1790663822356,8.535503387451172,1.387886643409729,0.21536172926425934,-2.380000114440918,-1.190000057220459,-0.49000000953674316,0.023204149736324096,resting,null
9,left,3360.8456923076924,1790663822356,8.023421287536621,1.0696299076080322,0.21536172926425934,-2.380000114440918,-1.190000057220459,-0.49000000953674316,0.006750108266902506,resting,null
9,left,3360.8553076923076,1790663822356,7.406050682067871,1.103130578994751,0.27757734060287476,-2.380000114440918,-1.190000057220459,-0.49000000953674316,-0.015500887221793247,resting,null
9,right,3464.98,1790663822374,8.77718734741211,-2.818845748901367,0.45943835377693176,-1.1200000047683716,-3.7100000381469727,0.699999988079071,0.0648760879226203,resting,null
9,right,3464.9896153846153,1790663822374,8.600111961364746,-2.9193477630615234,0.4331163763999939,-1.1200000047683716,-3.7100000381469727,0.699999988079071,0.057958667467836865,resting,null
9,right,3464.999230769231,1790663822374,8.353642463684082,-2.7638089656829834,0.33740004897117615,-1.1200000047683716,-3.7100000381469727,0.699999988079071,0.0482875499008062,resting,null
9,right,3465.008846153846,1790663822374,8.233996391296387,-2.4766597747802734,0.27518442273139954,-1.1200000047683716,-3.7100000381469727,0.699999988079071,0.03660533443102649,resting,null
9,right,3465.0184615384615,1790663822374,7.575946807861328,-2.5269110202789307,0.17707519233226776,-1.1200000047683716,-3.7100000381469727,0.699999988079071,0.019100726287033087,resting,null
9,right,3465.028076923077,1790663822374,7.214617729187012,-1.9430413246154785,0.1603248417377472,-1.1200000047683716,-3.7100000381469727,0.699999988079071,-0.003521426521770534,resting,null
9,right,3465.0376923076924,1790663822374,6.441708564758301,-2.053115129470825,0.21536172926425934,-1.1200000047683716,-3.7100000381469727,0.699999988079071,-0.03278215005025433,resting,null
9,right,3465.0473076923076,1790663822374,5.915268898010254,-1.7372512817382812,0.2632198929786682,-1.1200000047683716,-3.7100000381469727,0.699999988079071,-0.06779190537953343,resting,null
9,left,3360.867,1790663822432,6.329241752624512,0.923662543296814,0.26561281085014343,-1.9600000381469727,-3.0799999237060547,1.5399999618530273,-0.05529847448699438,resting,null
9,left,3360.8766153846154,1790663822432,5.704692840576172,0.8159816861152649,0.15793193876743317,-1.9600000381469727,-3.0799999237060547,1.5399999618530273,-0.09411954237373478,resting,null
9,left,3360.886230769231,1790663822432,4.881532669067383,1.177310824394226,0.2105759084224701,-1.9600000381469727,-3.0799999237060547,1.5399999618530273,-0.14021899396772505,resting,null
9,left,3360.8958461538464,1790663822432,4.99160623550415,1.246705174446106,0.23929080367088318,-1.9600000381469727,-3.0799999237060547,1.5399999618530273,-0.18514808400732033,resting,null
9,left,3360.9054615384616,1790663822432,5.137573719024658,1.6534994840621948,0.27997025847435,-1.9600000381469727,-3.0799999237060547,1.5399999618530273,-0.22808476550734597,descending,null
9,left,3360.9150769230773,1790663822432,5.762122631072998,1.5362470149993896,0.3517574965953827,-1.9600000381469727,-3.0799999237060547,1.5399999618530273,-0.26522306880026314,descending,null
9,left,3360.9246923076926,1790663822432,5.752551078796387,1.229954719543457,0.3709007501602173,-1.9600000381469727,-3.0799999237060547,1.5399999618530273,-0.302868498429223,descending,null
9,left,3360.934307692308,1790663822432,5.329006195068359,1.359171748161316,0.26800569891929626,-1.9600000381469727,-3.0799999237060547,1.5399999618530273,-0.3443566850144258,descending,null
9,right,3465.055,1790663822448,5.412757873535156,-1.6319633722305298,0.2416837215423584,-1.0499999523162842,-4.829999923706055,1.190000057220459,-0.0997077971561268,resting,null
9,right,3465.064615384615,1790663822448,5.40797233581543,-2.4192299842834473,0.12921704351902008,-1.0499999523162842,-4.829999923706055,1.190000057220459,-0.13716196249783233,resting,null
9,right,3465.074230769231,1790663822448,6.190453052520752,-2.2301902770996094,0.059822700917720795,-1.0499999523162842,-4.829999923706055,1.190000057220459,-0.16811492400635522,resting,null
9,right,3465.083846153846,1790663822448,6.515888690948486,-2.366586208343506,0.028714897111058235,-1.0499999523162842,-4.829999923706055,1.190000057220459,-0.1956728394375374,descending,null
9,right,3465.0934615384613,1790663822448,6.331634998321533,-2.017221450805664,0.040679436177015305,-1.0499999523162842,-4.829999923706055,1.190000057220459,-0.225995448768511,descending,null
9,right,3465.103076923077,1790663822448,5.714264392852783,-1.6678569316864014,0.15793193876743317,-1.0499999523162842,-4.829999923706055,1.190000057220459,-0.2629889541875525,descending,null
9,right,3465.112692307692,1790663822448,4.857603549957275,-1.9406484365463257,0.26800569891929626,-1.0499999523162842,-4.829999923706055,1.190000057220459,-0.30684307798203153,descending,null
9,right,3465.1223076923075,1790663822448,4.307234764099121,-1.1677391529083252,0.4211518168449402,-1.0499999523162842,-4.829999923706055,1.190000057220459,-0.3581005601211997,descending,null
9,left,3360.946,1790663822507,4.776244640350342,1.110309362411499,0.15314611792564392,-1.399999976158142,-0.699999988079071,0.21000000834465027,-0.40161488983468374,descending,null
9,left,3360.955615384615,1790663822507,4.474738121032715,1.2060257196426392,-0.02632198855280876,-1.399999976158142,-0.699999988079071,0.21000000834465027,-0.4514375792142393,descending,null
9,left,3360.965230769231,1790663822507,5.0059638023376465,1.3472073078155518,-0.009571632370352745,-1.399999976158142,-0.699999988079071,0.21000000834465027,-0.4959849956122088,descending,null
9,left,3360.974846153846,1790663822507,6.144988059997559,1.7827165126800537,0.055036887526512146,-1.399999976158142,-0.699999988079071,0.21000000834465027,-0.5290593108808392,descending,null
9,left,3360.9844615384613,1790663822507,6.992077350616455,1.9550058841705322,0.11007377505302429,-1.399999976158142,-0.699999988079071,0.21000000834465027,-0.5537980236418788,descending,null
9,left,3360.994076923077,1790663822507,7.635769844055176,2.158403158187866,0.15314611792564392,-1.399999976158142,-0.699999988079071,0.21000000834465027,-0.572092797070343,descending,null
9,left,3361.0036923076923,1790663822507,7.123687267303467,2.278048515319824,0.14596739411354065,-1.399999976158142,-0.699999988079071,0.21000000834465027,-0.5950500083195551,descending,null
9,left,3361.0133076923075,1790663822507,6.561354160308838,1.5864980220794678,-0.04546525329351425,-1.399999976158142,-0.699999988079071,0.21000000834465027,-0.6243798957473317,descending,null
9,right,3465.132,1790663822524,4.419701099395752,-1.4883887767791748,0.4522596299648285,-0.2800000011920929,-5.039999961853027,0.5600000023841858,-0.40768310575988914,descending,null
9,right,3465.1416153846153,1790663822524,5.6592278480529785,-2.0124356746673584,0.36850783228874207,-0.2800000011920929,-5.039999961853027,0.5600000023841858,-0.443958353491154,descending,null
9,right,3465.151230769231,1790663822524,7.073436260223389,-2.486231565475464,0.3206496834754944,-0.2800000011920929,-5.039999961853027,0.5600000023841858,-0.46589271199272314,descending,null
9,right,3465.1608461538463,1790663822524,7.410836219787598,-3.244783401489258,0.3015064299106598,-0.2800000011920929,-5.039999961853027,0.5600000023841858,-0.4823330467179455,descending,null
9,right,3465.1704615384615,1790663822524,7.238546848297119,-2.9767775535583496,0.339792937040329,-0.2800000011920929,-5.039999961853027,0.5600000023841858,-0.5011727278196108,descending,null
9,right,3465.180076923077,1790663822524,6.817395210266113,-2.2445478439331055,0.4450809061527252,-0.2800000011920929,-5.039999961853027,0.5600000023841858,-0.5261538315515959,descending,null
9,right,3465.1896923076924,1790663822524,5.522831916809082,-2.156010150909424,0.6771929860115051,-0.2800000011920929,-5.039999961853027,0.5600000023841858,-0.5630951600128155,descending,null
9,right,3465.1993076923077,1790663822524,4.986820697784424,-1.6702498197555542,0.9069121479988098,-0.2800000011920929,-5.039999961853027,0.5600000023841858,-0.6064031309653583,descending,null
9,right,3465.208,1790663822599,6.633141040802002,-2.0483293533325195,0.8949476480484009,1.0499999523162842,-3.569999933242798,1.190000057220459,-0.6309561158512959,descending,null
9,right,3465.2176153846153,1790663822599,7.43955135345459,-2.7805593013763428,0.7489802241325378,1.0499999523162842,-3.569999933242798,1.190000057220459,-0.6484658553545013,descending,null
9,right,3465.227230769231,1790663822599,8.114351272583008,-4.0583720207214355,0.5742979645729065,1.0499999523162842,-3.569999933242798,1.190000057220459,-0.6557552283571574,descending,null
9,right,3465.2368461538463,1790663822599,8.30817699432373,-3.4410018920898438,0.39722275733947754,1.0499999523162842,-3.569999933242798,1.190000057220459,-0.6633068126689756,descending,null
9,right,3465.2464615384615,1790663822599,8.363213539123535,-3.1849606037139893,0.20818300545215607,1.0499999523162842,-3.569999933242798,1.190000057220459,-0.6712192570936787,descending,null
9,right,3465.256076923077,1790663822599,8.080850601196289,-2.4120514392852783,0.31825676560401917,1.0499999523162842,-3.569999933242798,1.190000057220459,-0.6841790633774577,descending,null
9,right,3465.2656923076925,1790663822599,9.150480270385742,-2.8762755393981934,0.40918728709220886,1.0499999523162842,-3.569999933242798,1.190000057220459,-0.6859295834489543,descending,null
9,right,3465.2753076923077,1790663822599,9.021263122558594,-3.816688299179077,0.5527617931365967,1.0499999523162842,-3.569999933242798,1.190000057220459,-0.6857631412270528,descending,null
9,left,3361.026,1790663822642,6.769536972045898,1.366350531578064,-0.3206496834754944,0.2800000011920929,-0.14000000059604645,3.1500000953674316,-0.6609306269663319,descending,null
9,left,3361.035615384615,1790663822642,7.70037841796875,1.876039981842041,-0.4235447347164154,0.2800000011920929,-0.14000000059604645,3.1500000953674316,-0.6790206945823735,descending,null
9,left,3361.045230769231,1790663822642,8.22921085357666,2.459909439086914,-0.31586387753486633,0.2800000011920929,-0.14000000059604645,3.1500000953674316,-0.6911875730622716,descending,null
9,left,3361.054846153846,1790663822642,9.250982284545898,2.0267932415008545,-0.14357449114322662,0.2800000011920929,-0.14000000059604645,3.1500000953674316,-0.694265856117243,descending,null
9,left,3361.0644615384613,1790663822642,9.119372367858887,2.481445789337158,0.10528795421123505,0.2800000011920929,-0.14000000059604645,3.1500000953674316,-0.6978687619262169,descending,null
9,left,3361.074076923077,1790663822642,8.667113304138184,1.8616825342178345,0.22014755010604858,0.2800000011920929,-0.14000000059604645,3.1500000953674316,-0.7066817949753419,descending,null
9,left,3361.083692307692,1790663822642,7.860702991485596,2.1751534938812256,0.21536172926425934,0.2800000011920929,-0.14000000059604645,3.1500000953674316,-0.7226521750366688,descending,null
9,left,3361.0933076923075,1790663822642,9.320377349853516,2.2325832843780518,0.21536172926425934,0.2800000011920929,-0.14000000059604645,3.1500000953674316,-0.724670625352679,descending,null
9,left,3361.105,1790663822671,10.406757354736328,2.1607959270477295,0.10289505124092102,1.2599999904632568,0,-6.579999923706055,-0.7147290753326911,descending,null
9,left,3361.1146153846153,1790663822671,10.00953483581543,2.1105449199676514,-0.08375178277492523,1.2599999904632568,0,-6.579999923706055,-0.7104112053491812,descending,null
9,left,3361.124230769231,1790663822671,9.339520454406738,2.1871180534362793,-0.2010042816400528,1.2599999904632568,0,-6.579999923706055,-0.7123149082790952,descending,null
9,left,3361.133846153846,1790663822671,8.564218521118164,0.35893622040748596,-0.28714898228645325,1.2599999904632568,0,-6.579999923706055,-0.724552966029226,descending,null
9,left,3361.1434615384615,1790663822671,9.966462135314941,1.1055235862731934,-0.05742979422211647,1.2599999904632568,0,-6.579999923706055,-0.7222604527766023,descending,null
9,left,3361.153076923077,1790663822671,10.69629955291748,2.3570144176483154,0.16750356554985046,1.2599999904632568,0,-6.579999923706055,-0.7109883031496113,descending,null
9,left,3361.1626923076924,1790663822671,10.911661148071289,1.8210030794143677,0.24886244535446167,1.2599999904632568,0,-6.579999923706055,-0.6985601569367963,descending,null
9,left,3361.1723076923076,1790663822671,10.330183982849121,1.9861136674880981,0.3015064299106598,1.2599999904632568,0,-6.579999923706055,-0.6913581906164726,descending,null
9,right,3465.284,1790663822674,8.193317413330078,-3.0318145751953125,0.6987291574478149,3.1500000953674316,-3.009999990463257,1.399999976158142,-0.6946616393940622,descending,null
9,right,3465.2936153846154,1790663822674,7.843952655792236,-1.718108057975769,0.8111958503723145,3.1500000953674316,-3.009999990463257,1.399999976158142,-0.7119043062170911,descending,null
9,right,3465.303230769231,1790663822674,8.659934043884277,-1.5482115745544434,0.6963362693786621,3.1500000953674316,-3.009999990463257,1.399999976158142,-0.7223130101651822,descending,null
9,right,3465.3128461538463,1790663822674,9.48788070678711,-2.163188934326172,0.6293348073959351,3.1500000953674316,-3.009999990463257,1.399999976158142,-0.7232318353260319,descending,null
9,right,3465.3224615384615,1790663822674,11.05044937133789,-3.161031484603882,0.5288326740264893,3.1500000953674316,-3.009999990463257,1.399999976158142,-0.7067992490242411,descending,null
9,right,3465.3320769230772,1790663822674,10.394792556762695,-3.9028329849243164,0.4020085632801056,3.1500000953674316,-3.009999990463257,1.399999976158142,-0.6939534406213035,descending,null
9,right,3465.3416923076925,1790663822674,10.28711223602295,-3.2304258346557617,0.2512553632259369,3.1500000953674316,-3.009999990463257,1.399999976158142,-0.6842818213128334,descending,null
9,right,3465.3513076923077,1790663822674,10.289505004882812,-3.1012089252471924,0.27757734060287476,3.1500000953674316,-3.009999990463257,1.399999976158142,-0.6749940840394114,descending,null
9,left,3361.184,1790663822746,10.349327087402344,1.6104271411895752,0.4115802049636841,2.5199999809265137,-1.9600000381469727,8.539999961853027,-0.6831264612542322,descending,null
9,left,3361.1936153846154,1790663822746,10.193788528442383,1.6774286031723022,0.30629223585128784,2.5199999809265137,-1.9600000381469727,8.539999961853027,-0.6777317945963894,descending,null
9,left,3361.203230769231,1790663822746,9.990391731262207,2.263690948486328,0.13639576733112335,2.5199999809265137,-1.9600000381469727,8.539999961853027,-0.6733299761292877,descending,null
9,left,3361.2128461538464,1790663822746,10.449830055236816,1.8712540864944458,-0.09810923039913177,2.5199999809265137,-1.9600000381469727,8.539999961853027,-0.6652474669833967,descending,null
9,left,3361.2224615384616,1790663822746,9.346698760986328,1.0768086910247803,-0.14596739411354065,2.5199999809265137,-1.9600000381469727,8.539999961853027,-0.6688960089679226,descending,null
9,left,3361.2320769230773,1790663822746,9.906639099121094,1.0768086910247803,-0.12921704351902008,2.5199999809265137,-1.9600000381469727,8.539999961853027,-0.6672153572405882,descending,null
9,left,3361.2416923076926,1790663822746,11.371099472045898,1.6056413650512695,-0.016750356182456017,2.5199999809265137,-1.9600000381469727,8.539999961853027,-0.6508027978025487,descending,null
9,left,3361.251307692308,1790663822746,12.005219459533691,2.6728782653808594,0.23450499773025513,2.5199999809265137,-1.9600000381469727,8.539999961853027,-0.6267193641521491,descending,null
9,right,3465.359,1790663822764,9.916211128234863,-3.374000310897827,0.27757734060287476,3.640000104904175,-3.1500000953674316,0.8400000333786011,-0.6695753714309739,descending,null
9,right,3465.368615384615,1790663822764,9.801351547241211,-3.3404996395111084,0.45943835377693176,3.640000104904175,-3.1500000953674316,0.8400000333786011,-0.6639118873940254,descending,null
9,right,3465.378230769231,1790663822764,9.346698760986328,-3.2639267444610596,0.7250511646270752,3.640000104904175,-3.1500000953674316,0.8400000333786011,-0.6625528862550443,descending,null
9,right,3465.387846153846,1790663822764,9.303627014160156,-1.404637098312378,0.7729093432426453,3.640000104904175,-3.1500000953674316,0.8400000333786011,-0.6674567830213476,descending,null
9,right,3465.3974615384614,1790663822764,9.36584186553955,-1.7133221626281738,0.7920525670051575,3.640000104904175,-3.1500000953674316,0.8400000333786011,-0.6707894007696567,descending,null
9,right,3465.407076923077,1790663822764,10.581439971923828,-3.381179094314575,0.6556568145751953,3.640000104904175,-3.1500000953674316,0.8400000333786011,-0.6578593306893684,descending,null
9,right,3465.4166923076923,1790663822764,11.442886352539062,-3.8047239780426025,0.509689450263977,3.640000104904175,-3.1500000953674316,0.8400000333786011,-0.6358164163105707,descending,null
9,right,3465.4263076923075,1790663822764,11.823358535766602,-4.623098373413086,0.32543548941612244,3.640000104904175,-3.1500000953674316,0.8400000333786011,-0.6077992947276254,descending,null
9,right,3465.435,1790663822824,9.942533493041992,-3.512789011001587,0.3350071310997009,5.320000171661377,-3.2200000286102295,1.6800000667572021,-0.6010768465746468,descending,null
9,right,3465.444615384615,1790663822824,9.571632385253906,-2.7662017345428467,0.24646952748298645,5.320000171661377,-3.2200000286102295,1.6800000667572021,-0.5993864163348341,descending,null
9,right,3465.454230769231,1790663822824,9.846817016601562,-3.070101022720337,0.32782840728759766,5.320000171661377,-3.2200000286102295,1.6800000667572021,-0.5942157464528054,descending,null
9,right,3465.463846153846,1790663822824,10.569475173950195,-3.773616075515747,0.3804723918437958,5.320000171661377,-3.2200000286102295,1.6800000667572021,-0.580262999257528,descending,null
9,right,3465.4734615384614,1790663822824,10.595796585083008,-3.766437292098999,0.5719050168991089,5.320000171661377,-3.2200000286102295,1.6800000667572021,-0.5660467425843317,descending,null
9,right,3465.483076923077,1790663822824,10.576653480529785,-3.414679765701294,0.648478090763092,5.320000171661377,-3.2200000286102295,1.6800000667572021,-0.5530958070485739,descending,null
9,right,3465.4926923076923,1790663822824,9.456772804260254,-3.0653152465820312,0.708300769329071,5.320000171661377,-3.2200000286102295,1.6800000667572021,-0.55139301763947,descending,null
9,right,3465.5023076923076,1790663822824,9.009299278259277,-2.859525203704834,0.7633376717567444,5.320000171661377,-3.2200000286102295,1.6800000667572021,-0.5543781120541498,descending,null
9,left,3361.263,1790663822837,10.887731552124023,1.9980782270431519,0.3038993179798126,2.6600000858306885,-1.8899999856948853,-6.090000152587891,-0.6115895619155205,descending,null
9,left,3361.272615384615,1790663822837,10.014320373535156,1.5410327911376953,0.3110780417919159,2.6600000858306885,-1.8899999856948853,-6.090000152587891,-0.6081487390815987,descending,null
9,left,3361.282230769231,1790663822837,8.822651863098145,1.3831008672714233,0.3110780417919159,2.6600000858306885,-1.8899999856948853,-6.090000152587891,-0.6162544457345033,descending,null
9,left,3361.291846153846,1790663822837,10.01671314239502,1.679821491241455,0.31825676560401917,2.6600000858306885,-1.8899999856948853,-6.090000152587891,-0.6125661025946875,descending,null
9,left,3361.3014615384614,1790663822837,10.96430492401123,2.057900905609131,0.15553902089595795,2.6600000858306885,-1.8899999856948853,-6.090000152587891,-0.5993107628827571,descending,null
9,left,3361.311076923077,1790663822837,11.402207374572754,2.158403158187866,0.01914326474070549,2.6600000858306885,-1.8899999856948853,-6.090000152587891,-0.5817599484937828,descending,null
9,left,3361.3206923076923,1790663822837,10.208146095275879,1.275420069694519,-0.07657305896282196,2.6600000858306885,-1.8899999856948853,-6.090000152587891,-0.5769758264027082,descending,null
9,left,3361.3303076923075,1790663822837,9.63624095916748,1.3448143005371094,-0.13400284945964813,2.6600000858306885,-1.8899999856948853,-6.090000152587891,-0.5774984355966747,descending,null
9,left,3361.342,1790663822927,9.681706428527832,1.4740313291549683,-0.1507532149553299,3.430000066757202,-2.5199999809265137,7.349999904632568,-0.5773449154219542,descending,null
9,left,3361.3516153846153,1790663822927,10.99780559539795,1.7061434984207153,-0.06460852175951004,3.430000066757202,-2.5199999809265137,7.349999904632568,-0.5643654662333562,descending,null
9,left,3361.361230769231,1790663822927,12.486194610595703,2.605876922607422,0.07418014854192734,3.430000066757202,-2.5199999809265137,7.349999904632568,-0.5358521078789266,descending,null
9,left,3361.3708461538463,1790663822927,13.196887969970703,2.6034839153289795,0.035893622785806656,3.430000066757202,-2.5199999809265137,7.349999904632568,-0.500625719867121,descending,null
9,left,3361.3804615384615,1790663822927,12.335441589355469,1.974149227142334,0.03110780566930771,3.430000066757202,-2.5199999809265137,7.349999904632568,-0.47457294685604834,descending,null
9,left,3361.3900769230772,1790663822927,11.287347793579102,2.1655819416046143,0.0909305065870285,3.430000066757202,-2.5199999809265137,7.349999904632568,-0.4581756226857688,descending,null
9,left,3361.3996923076925,1790663822927,10.866195678710938,1.7946810722351074,0.12682412564754486,3.430000066757202,-2.5199999809265137,7.349999904632568,-0.44635456786438066,descending,null
9,left,3361.4093076923077,1790663822927,12.179902076721191,2.1966896057128906,0.03350071236491203,3.430000066757202,-2.5199999809265137,7.349999904632568,-0.4214587782361264,descending,null
9,right,3465.511,1790663822929,9.320377349853516,-3.084458589553833,0.7322298884391785,4.900000095367432,-3.2899999618530273,1.2599999904632568,-0.5538884008988805,descending,null
9,right,3465.520615384615,1790663822929,10.98823356628418,-4.132552146911621,0.6748000979423523,4.900000095367432,-3.2899999618530273,1.2599999904632568,-0.5349265097461396,descending,null
9,right,3465.530230769231,1790663822929,12.48380184173584,-4.390986442565918,0.6628355383872986,4.900000095367432,-3.2899999618530273,1.2599999904632568,-0.50159382551107,descending,null
9,right,3465.539846153846,1790663822929,12.715913772583008,-4.520203590393066,0.7178724408149719,4.900000095367432,-3.2899999618530273,1.2599999904632568,-0.465746539230861,descending,null
9,right,3465.5494615384614,1790663822929,12.002826690673828,-4.247411727905273,0.6819788217544556,4.900000095367432,-3.2899999618530273,1.2599999904632568,-0.4372551648107935,descending,null
9,right,3465.559076923077,1790663822929,10.78962230682373,-3.548682689666748,0.6771929860115051,4.900000095367432,-3.2899999618530273,1.2599999904632568,-0.4219878884810007,descending,null
9,right,3465.5686923076923,1790663822929,10.753728866577148,-4.424487113952637,0.6245490312576294,4.900000095367432,-3.2899999618530273,1.2599999904632568,-0.40429565379832505,descending,null
9,right,3465.5783076923076,1790663822929,10.725013732910156,-3.943512439727783,0.6365135312080383,4.900000095367432,-3.2899999618530273,1.2599999904632568,-0.388390175227479,descending,null
9,left,3361.421,1790663822987,12.122472763061523,1.7898952960968018,0.07657305896282196,3.7100000381469727,-1.9600000381469727,-4.760000228881836,-0.39262722621178,descending,null
9,left,3361.430615384615,1790663822987,11.983683586120605,1.426173210144043,0.09571632742881775,3.7100000381469727,-1.9600000381469727,-4.760000228881836,-0.3707983313739336,descending,null
9,left,3361.4402307692308,1790663822987,11.167701721191406,1.49317467212677,-0.023929081857204437,3.7100000381469727,-1.9600000381469727,-4.760000228881836,-0.3566198724526108,descending,null
9,left,3361.449846153846,1790663822987,11.019341468811035,1.9310768842697144,-0.011964540928602219,3.7100000381469727,-1.9600000381469727,-4.760000228881836,-0.34318816583979855,descending,null
9,left,3361.4594615384613,1790663822987,11.722856521606445,2.050722122192383,-0.08853759616613388,3.7100000381469727,-1.9600000381469727,-4.760000228881836,-0.322901435412134,descending,null
9,left,3361.469076923077,1790663822987,11.60560417175293,1.679821491241455,0.021536173298954964,3.7100000381469727,-1.9600000381469727,-4.760000228881836,-0.30431375357688045,descending,null
9,left,3361.478692307692,1790663822987,12.421586036682129,1.5553902387619019,0.10289505124092102,3.7100000381469727,-1.9600000381469727,-4.760000228881836,-0.27818460875458295,descending,null
9,left,3361.4883076923074,1790663822987,12.574731826782227,1.6941789388656616,0.20579010248184204,3.7100000381469727,-1.9600000381469727,-4.760000228881836,-0.250398872519379,descending,null
9,right,3465.588,1790663822988,11.488351821899414,-4.103837490081787,0.5790837407112122,4.96999979019165,-3.1500000953674316,2.309999942779541,-0.3648966424699144,descending,null
9,right,3465.5976153846154,1790663822988,10.82312297821045,-3.646791934967041,0.6077986359596252,4.96999979019165,-3.1500000953674316,2.309999942779541,-0.34907229832804754,descending,null
9,right,3465.607230769231,1790663822988,10.229681968688965,-3.479288339614868,0.6819788217544556,4.96999979019165,-3.1500000953674316,2.309999942779541,-0.3391355186223894,descending,null
9,right,3465.6168461538464,1790663822988,10.224896430969238,-4.06315803527832,0.6843717098236084,4.96999979019165,-3.1500000953674316,2.309999942779541,-0.32737822989542675,descending,null
9,right,3465.6264615384616,1790663822988,10.411542892456055,-4.515417575836182,0.6771929860115051,4.96999979019165,-3.1500000953674316,2.309999942779541,-0.3124758532500536,descending,null
9,right,3465.6360769230773,1790663822988,11.761143684387207,-4.596776485443115,0.6604426503181458,4.96999979019165,-3.1500000953674316,2.309999942779541,-0.2851069608666426,descending,null
9,right,3465.6456923076926,1790663822988,11.758749961853027,-4.328770637512207,0.6149773597717285,4.96999979019165,-3.1500000953674316,2.309999942779541,-0.25865596855413236,descending,null
9,right,3465.655307692308,1790663822988,11.380670547485352,-3.6515777111053467,0.6221560835838318,4.96999979019165,-3.1500000953674316,2.309999942779541,-0.23782640132802965,descending,null
9,left,3361.502,1790663823061,12.514909744262695,2.0626866817474365,0.20818300545215607,2.799999952316284,-2.450000047683716,5.110000133514404,-0.21085856854150764,descending,null
9,left,3361.511615384615,1790663823061,12.04111385345459,1.907147765159607,0.2416837215423584,2.799999952316284,-2.450000047683716,5.110000133514404,-0.18783562387120045,descending,null
9,left,3361.521230769231,1790663823061,11.715678215026855,1.6056413650512695,0.23689790070056915,2.799999952316284,-2.450000047683716,5.110000133514404,-0.1683635537597957,descending,null
9,left,3361.530846153846,1790663823061,11.246667861938477,0.964341938495636,0.2010042816400528,2.799999952316284,-2.450000047683716,5.110000133514404,-0.15429427576420585,descending,null
9,left,3361.5404615384614,1790663823061,10.660405158996582,1.079201579093933,0.19861137866973877,2.799999952316284,-2.450000047683716,5.110000133514404,-0.1456167931430058,descending,null
9,left,3361.550076923077,1790663823061,9.705635070800781,1.1007376909255981,0.12203831225633621,2.799999952316284,-2.450000047683716,5.110000133514404,-0.1459763949934839,descending,null
9,left,3361.5596923076923,1790663823061,9.155266761779785,1.8497179746627808,-0.0023929080925881863,2.799999952316284,-2.450000047683716,5.110000133514404,-0.15050018169657597,descending,null
9,left,3361.5693076923076,1790663823061,8.650362968444824,1.5936768054962158,-0.10528795421123505,2.799999952316284,-2.450000047683716,5.110000133514404,-0.16018509029831257,descending,null
9,right,3465.663,1790663823154,11.383064270019531,-4.113409042358398,0.46661707758903503,4.340000152587891,-2.309999942779541,1.3300000429153442,-0.22000508753169548,descending,null
9,right,3465.6726153846153,1790663823154,10.949947357177734,-4.175624847412109,0.4953319728374481,4.340000152587891,-2.309999942779541,1.3300000429153442,-0.20143573801664744,descending,null
9,right,3465.682230769231,1790663823154,11.280168533325195,-4.154088497161865,0.5001177787780762,4.340000152587891,-2.309999942779541,1.3300000429153442,-0.17996054129447148,descending,null
9,right,3465.691846153846,1790663823154,10.662798881530762,-4.180410385131836,0.4833674430847168,4.340000152587891,-2.309999942779541,1.3300000429153442,-0.1639812439887893,descending,null
9,right,3465.7014615384614,1790663823154,10.655619621276855,-3.9171905517578125,0.4642241597175598,4.340000152587891,-2.309999942779541,1.3300000429153442,-0.14895138997439034,descending,null
9,right,3465.711076923077,1790663823154,9.026049613952637,-4.1277666091918945,0.4546525478363037,4.340000152587891,-2.309999942779541,1.3300000429153442,-0.14790011501675604,descending,null
9,right,3465.7206923076924,1790663823154,8.882474899291992,-4.249804973602295,0.4809745252132416,4.340000152587891,-2.309999942779541,1.3300000429153442,-0.14770610297065856,descending,null
9,right,3465.7303076923076,1790663823154,6.695356845855713,-3.6132912635803223,0.6891575455665588,4.340000152587891,-2.309999942779541,1.3300000429153442,-0.16922383238560249,descending,null
9,right,3465.739,1790663823155,10.524009704589844,-4.515417575836182,0.758551836013794,3.8499999046325684,0.9100000262260437,0.49000000953674316,-0.1547652618837174,descending,null
9,right,3465.7486153846153,1790663823155,16.400991439819336,-4.572847366333008,0.9715206623077393,3.8499999046325684,0.9100000262260437,0.49000000953674316,-0.08569811004783,descending,null
9,right,3465.758230769231,1790663823155,18.537858963012695,-6.90114688873291,1.1127022504806519,3.8499999046325684,0.9100000262260437,0.49000000953674316,0.010484044839152122,resting,null
9,right,3465.767846153846,1790663823155,15.802764892578125,-5.175860404968262,0.7968384027481079,3.8499999046325684,0.9100000262260437,0.49000000953674316,0.07606953327233108,resting,null
9,right,3465.7774615384615,1790663823155,15.336148262023926,-5.869803428649902,0.7226582169532776,3.8499999046325684,0.9100000262260437,0.49000000953674316,0.13975383974097313,resting,null
9,right,3465.787076923077,1790663823155,14.864745140075684,-5.608976364135742,0.667621374130249,3.8499999046325684,0.9100000262260437,0.49000000953674316,0.19826525794993263,resting,null
9,right,3465.7966923076924,1790663823155,16.338775634765625,-5.206967830657959,0.5982270240783691,3.8499999046325684,0.9100000262260437,0.49000000953674316,0.2685949229739245,resting,null
9,right,3465.8063076923077,1790663823155,17.183473587036133,-5.166288375854492,0.5575475692749023,3.8499999046325684,0.9100000262260437,0.49000000953674316,0.3463209631813999,ascending,3
9,left,3361.581,1790663823197,15.994197845458984,0.806410014629364,0.05742979422211647,1.9600000381469727,2.5199999809265137,-1.3300000429153442,-0.088488409078805,descending,null
9,left,3361.5906153846154,1790663823197,18.348819732666016,0.339792937040329,-0.14357449114322662,1.9600000381469727,2.5199999809265137,-1.3300000429153442,-0.007863039555825123,resting,null
9,left,3361.600230769231,1790663823197,17.28397560119629,2.050722122192383,-0.047858163714408875,1.9600000381469727,2.5199999809265137,-1.3300000429153442,0.0650766337890846,resting,null
9,left,3361.6098461538463,1790663823197,14.828851699829102,1.6989647150039673,0.06221561133861542,1.9600000381469727,2.5199999809265137,-1.3300000429153442,0.11414653386840515,resting,null
9,left,3361.6194615384616,1790663823197,14.730742454528809,3.0509579181671143,0.3110780417919159,1.9600000381469727,2.5199999809265137,-1.3300000429153442,0.1642270490711943,resting,null
9,left,3361.6290769230773,1790663823197,16.257417678833008,0.2823631465435028,0.39004403352737427,1.9600000381469727,2.5199999809265137,-1.3300000429153442,0.2247702926128565,resting,null
9,left,3361.6386923076925,1790663823197,17.121257781982422,1.7348583936691284,0.509689450263977,1.9600000381469727,2.5199999809265137,-1.3300000429153442,0.2956043722592398,ascending,3
9,left,3361.6483076923078,1790663823197,15.963089942932129,1.742037057876587,0.49772489070892334,1.9600000381469727,2.5199999809265137,-1.3300000429153442,0.3554119799932661,ascending,3
9,right,3465.815,1790663823215,17.087757110595703,-4.582418918609619,0.2703986167907715,1.1200000047683716,-1.3300000429153442,-0.21000000834465027,0.4138760256338889,ascending,3
9,right,3465.8246153846153,1790663823215,14.369413375854492,-6.125844955444336,0.2823631465435028,1.1200000047683716,-1.3300000429153442,-0.21000000834465027,0.46939414446213135,ascending,3
9,right,3465.834230769231,1790663823215,13.962618827819824,-4.558489799499512,0.13639576733112335,1.1200000047683716,-1.3300000429153442,-0.21000000834465027,0.5158540101927047,ascending,3
9,right,3465.8438461538462,1790663823215,12.993491172790527,-4.517810344696045,0.11007377505302429,1.1200000047683716,-1.3300000429153442,-0.21000000834465027,0.5534381320578127,ascending,3
9,right,3465.8534615384615,1790663823215,13.031777381896973,-4.199553489685059,0.12682412564754486,1.1200000047683716,-1.3300000429153442,-0.21000000834465027,0.5902770042755127,ascending,3
9,right,3465.863076923077,1790663823215,12.376120567321777,-3.421858549118042,0.06221561133861542,1.1200000047683716,-1.3300000429153442,-0.21000000834465027,0.6185454887133216,ascending,3
9,right,3465.8726923076924,1790663823215,11.17248821258545,-4.941355228424072,0.06221561133861542,1.1200000047683716,-1.3300000429153442,-0.21000000834465027,0.6411531160574838,ascending,3
9,right,3465.8823076923077,1790663823215,11.167701721191406,-4.632669925689697,-0.035893622785806656,1.1200000047683716,-1.3300000429153442,-0.21000000834465027,0.6626262317816816,ascending,3
9,left,3361.66,1790663823226,14.51298713684082,1.9885066747665405,0.6293348073959351,0,-5.320000171661377,-0.9800000190734863,0.41178080834703373,ascending,3
9,left,3361.669615384615,1790663823226,13.055706977844238,2.0196144580841064,0.6843717098236084,0,-5.320000171661377,-0.9800000190734863,0.4443124947705808,ascending,3
9,left,3361.679230769231,1790663823226,12.902560234069824,0.40679436922073364,0.6771929860115051,0,-5.320000171661377,-0.9800000190734863,0.47301017531721584,ascending,3
9,left,3361.688846153846,1790663823226,12.57951831817627,1.306527853012085,0.7489802241325378,0,-5.320000171661377,-0.9800000190734863,0.4999481608532789,ascending,3
9,left,3361.6984615384613,1790663823226,11.13659381866455,0.13639576733112335,0.6030128598213196,0,-5.320000171661377,-0.9800000190734863,0.5114824997226732,ascending,3
9,left,3361.708076923077,1790663823226,11.091129302978516,3.127530813217163,0.7178724408149719,0,-5.320000171661377,-0.9800000190734863,0.5269105680181145,ascending,3
9,left,3361.7176923076922,1790663823226,12.763772010803223,1.0409150123596191,0.7130866050720215,0,-5.320000171661377,-0.9800000190734863,0.5551745480431105,ascending,3
9,left,3361.7273076923075,1790663823226,12.84752368927002,0.3110780417919159,0.6628355383872986,0,-5.320000171661377,-0.9800000190734863,0.5831482615461024,ascending,3
9,right,3465.891,1790663823289,13.448143005371094,-3.87172532081604,0.040679436177015305,-0.5600000023841858,-2.380000114440918,4.690000057220459,0.698212625146792,ascending,3
9,right,3465.9006153846153,1790663823289,12.254082679748535,-4.321591854095459,0.1316099464893341,-0.5600000023841858,-2.380000114440918,4.690000057220459,0.7284150987091195,ascending,3
9,right,3465.910230769231,1790663823289,12.172723770141602,-3.835831642150879,0.17468228936195374,-0.5600000023841858,-2.380000114440918,4.690000057220459,0.7562370141907452,ascending,3
9,right,3465.9198461538463,1790663823289,10.906874656677246,-4.067943572998047,0.2512553632259369,-0.5600000023841858,-2.380000114440918,4.690000057220459,0.7735094263880444,ascending,3
9,right,3465.9294615384615,1790663823289,10.51443862915039,-5.0346784591674805,0.25604116916656494,-0.5600000023841858,-2.380000114440918,4.690000057220459,0.7905836236296123,ascending,3
9,right,3465.939076923077,1790663823289,11.308883666992188,-4.223482608795166,0.28714898228645325,-0.5600000023841858,-2.380000114440918,4.690000057220459,0.8119935421702884,ascending,3
9,right,3465.9486923076925,1790663823289,11.569710731506348,-3.6156840324401855,0.4211518168449402,-0.5600000023841858,-2.380000114440918,4.690000057220459,0.8336938799365615,ascending,3
9,right,3465.9583076923077,1790663823289,10.820730209350586,-3.393143653869629,0.48815324902534485,-0.5600000023841858,-2.380000114440918,4.690000057220459,0.8479308804015613,ascending,3
9,left,3361.739,1790663823301,12.273225784301758,1.3974583148956299,0.5742979645729065,-1.0499999523162842,-1.1200000047683716,4.130000114440918,0.6124594345555139,ascending,3
9,left,3361.7486153846153,1790663823301,10.602975845336914,0.26561281085014343,0.4546525478363037,-1.0499999523162842,-1.1200000047683716,4.130000114440918,0.6190827545513211,ascending,3
9,left,3361.758230769231,1790663823301,10.914053916931152,2.4264087677001953,0.3445787727832794,-1.0499999523162842,-1.1200000047683716,4.130000114440918,0.6317314624639977,ascending,3
9,left,3361.767846153846,1790663823301,10.985840797424316,1.7970739603042603,0.4259376525878906,-1.0499999523162842,-1.1200000047683716,4.130000114440918,0.6441636187291081,ascending,3
9,left,3361.7774615384615,1790663823301,12.050684928894043,0.708300769329071,0.29672059416770935,-1.0499999523162842,-1.1200000047683716,4.130000114440918,0.6651833089446086,ascending,3
9,left,3361.787076923077,1790663823301,11.31127643585205,1.306527853012085,0.19621846079826355,-1.0499999523162842,-1.1200000047683716,4.130000114440918,0.6800064570765845,ascending,3
9,left,3361.7966923076924,1790663823301,10.428293228149414,0.9284483194351196,0.1603248417377472,-1.0499999523162842,-1.1200000047683716,4.130000114440918,0.6859156772208056,ascending,3
9,left,3361.8063076923077,1790663823301,10.27036190032959,2.4551236629486084,0.03828652948141098,-1.0499999523162842,-1.1200000047683716,4.130000114440918,0.6923955834055205,ascending,3
9,right,3465.966,1790663823364,10.662798881530762,-4.312020301818848,0.4714028835296631,-1.5399999618530273,-3.990000009536743,-2.7300000190734863,0.8606952611369137,ascending,3
9,right,3465.975615384615,1790663823364,10.241646766662598,-4.1493024826049805,0.5958341360092163,-1.5399999618530273,-3.990000009536743,-2.7300000190734863,0.8723502272473832,ascending,3
9,right,3465.985230769231,1790663823364,10.792015075683594,-4.759494304656982,0.5455830693244934,-1.5399999618530273,-3.990000009536743,-2.7300000190734863,0.8910233375219943,ascending,3
9,right,3465.994846153846,1790663823364,10.887731552124023,-2.8619179725646973,0.648478090763092,-1.5399999618530273,-3.990000009536743,-2.7300000190734863,0.904059686758651,ascending,3
9,right,3466.0044615384613,1790663823364,10.933197021484375,-3.0605294704437256,0.5958341360092163,-1.5399999618530273,-3.990000009536743,-2.7300000190734863,0.9181833731404239,ascending,3
9,right,3466.014076923077,1790663823364,9.952104568481445,-3.3763933181762695,0.600619912147522,-1.5399999618530273,-3.990000009536743,-2.7300000190734863,0.9245754544830616,ascending,3
9,right,3466.0236923076923,1790663823364,10.133965492248535,-3.7209720611572266,0.540797233581543,-1.5399999618530273,-3.990000009536743,-2.7300000190734863,0.9337496622950286,ascending,3
9,right,3466.0333076923075,1790663823364,9.698456764221191,-4.268948078155518,0.4737958014011383,-1.5399999618530273,-3.990000009536743,-2.7300000190734863,0.9408419583466542,ascending,3
9,left,3361.818,1790663823376,10.579046249389648,0.6939433217048645,0.02632198855280876,-3.430000066757202,-0.42000001668930054,-9.730000495910645,0.7009172503265697,ascending,3
9,left,3361.8276153846155,1790663823376,11.318455696105957,1.9597917795181274,0.03828652948141098,-3.430000066757202,-0.42000001668930054,-9.730000495910645,0.7166931188997052,ascending,3
9,left,3361.837230769231,1790663823376,10.813551902770996,0.8734114766120911,-0.03110780566930771,-3.430000066757202,-0.42000001668930054,-9.730000495910645,0.7261424638809951,ascending,3
9,left,3361.8468461538464,1790663823376,10.562295913696289,1.0672370195388794,0.0023929080925881863,-3.430000066757202,-0.42000001668930054,-9.730000495910645,0.7334706959829722,ascending,3
9,left,3361.8564615384616,1790663823376,9.846817016601562,2.158403158187866,0.07178724557161331,-3.430000066757202,-0.42000001668930054,-9.730000495910645,0.7355358671957551,ascending,3
9,left,3361.8660769230773,1790663823376,10.471365928649902,2.065079689025879,0.08135887235403061,-3.430000066757202,-0.42000001668930054,-9.730000495910645,0.7434193357446625,ascending,3
9,left,3361.8756923076926,1790663823376,10.141144752502441,1.3496001958847046,0.17707519233226776,-3.430000066757202,-0.42000001668930054,-9.730000495910645,0.7471220710094961,ascending,3
9,left,3361.885307692308,1790663823376,10.227289199829102,0.39961564540863037,0.1005021408200264,-3.430000066757202,-0.42000001668930054,-9.730000495910645,0.7502528913804124,ascending,3
9,right,3466.043,1790663823439,10.669977188110352,-3.0389933586120605,0.45943835377693176,-2.380000114440918,-4.130000114440918,6.300000190734863,0.9525813450343079,ascending,3
9,right,3466.0526153846154,1790663823439,10.787229537963867,-3.0174570083618164,0.5120823383331299,-2.380000114440918,-4.130000114440918,6.300000190734863,0.96522702961917,ascending,3
9,right,3466.062230769231,1790663823439,9.865960121154785,-3.280677080154419,0.5527617931365967,-2.380000114440918,-4.130000114440918,6.300000190734863,0.9704874576625531,ascending,3
9,right,3466.0718461538463,1790663823439,10.090893745422363,-4.917426109313965,0.5958341360092163,-2.380000114440918,-4.130000114440918,6.300000190734863,0.983333744987129,ascending,3
9,right,3466.0814615384616,1790663823439,9.286876678466797,-3.091637372970581,0.6963362693786621,-2.380000114440918,-4.130000114440918,6.300000190734863,0.98277505156149,ascending,3
9,right,3466.0910769230773,1790663823439,10.569475173950195,-3.4386088848114014,0.6628355383872986,-2.380000114440918,-4.130000114440918,6.300000190734863,0.9949102560157187,ascending,3
9,right,3466.1006923076925,1790663823439,9.270126342773438,-3.0892443656921387,0.7944455146789551,-2.380000114440918,-4.130000114440918,6.300000190734863,0.9942217986108953,ascending,3
9,right,3466.1103076923077,1790663823439,10.043035507202148,-2.931312322616577,0.6891575455665588,-2.380000114440918,-4.130000114440918,6.300000190734863,0.9999114589678706,ascending,3
9,left,3361.898,1790663823466,10.004748344421387,1.1270596981048584,0.055036887526512146,-3.8499999046325684,-0.2800000011920929,3.8499999046325684,0.753007669987736,ascending,3
9,left,3361.9076153846154,1790663823466,9.394556999206543,1.9932924509048462,-0.08135887235403061,-3.8499999046325684,-0.2800000011920929,3.8499999046325684,0.75053112919034,ascending,3
9,left,3361.917230769231,1790663823466,10.117215156555176,2.6465563774108887,-0.13878867030143738,-3.8499999046325684,-0.2800000011920929,3.8499999046325684,0.7558734301590296,ascending,3
9,left,3361.9268461538463,1790663823466,9.430450439453125,1.1150951385498047,-0.009571632370352745,-3.8499999046325684,-0.2800000011920929,3.8499999046325684,0.7524805809531442,ascending,3
9,left,3361.9364615384616,1790663823466,10.660405158996582,1.9262909889221191,-0.1698964685201645,-3.8499999046325684,-0.2800000011920929,3.8499999046325684,0.76193423981193,ascending,3
9,left,3361.9460769230773,1790663823466,9.588382720947266,0.8470894694328308,-0.14836029708385468,-3.8499999046325684,-0.2800000011920929,3.8499999046325684,0.7596639803426344,ascending,3
9,left,3361.9556923076925,1790663823466,9.909032821655273,2.184725046157837,-0.1698964685201645,-3.8499999046325684,-0.2800000011920929,3.8499999046325684,0.7623373423665121,ascending,3
9,left,3361.9653076923078,1790663823466,9.617097854614258,2.2589051723480225,-0.11485958844423294,-3.8499999046325684,-0.2800000011920929,3.8499999046325684,0.7623508695426308,ascending,3
9,right,3466.119,1790663823514,9.504631042480469,-4.132552146911621,0.727444052696228,-3.0799999237060547,-4.619999885559082,-1.190000057220459,1.00437789346507,ascending,3
9,right,3466.1286153846154,1790663823514,8.753257751464844,-4.556097030639648,0.6748000979423523,-3.0799999237060547,-4.619999885559082,-1.190000057220459,1.0040059774034908,ascending,3
9,right,3466.138230769231,1790663823514,9.344305992126465,-3.704221725463867,0.6221560835838318,-3.0799999237060547,-4.619999885559082,-1.190000057220459,1.0060162799704075,ascending,3
9,right,3466.1478461538463,1790663823514,9.89706802368164,-3.697042942047119,0.6771929860115051,-3.0799999237060547,-4.619999885559082,-1.190000057220459,1.0129822189454658,ascending,3
9,right,3466.1574615384616,1790663823514,9.724778175354004,-2.943276882171631,0.6532639265060425,-3.0799999237060547,-4.619999885559082,-1.190000057220459,1.0158279977976636,ascending,3
9,right,3466.1670769230773,1790663823514,9.803744316101074,-3.9315478801727295,0.6365135312080383,-3.0799999237060547,-4.619999885559082,-1.190000057220459,1.0227369317524304,ascending,3
9,right,3466.1766923076925,1790663823514,8.722149848937988,-4.048800468444824,0.6580497026443481,-3.0799999237060547,-4.619999885559082,-1.190000057220459,1.0203429663894135,ascending,3
9,right,3466.1863076923078,1790663823514,8.93272590637207,-4.2186970710754395,0.49054616689682007,-3.0799999237060547,-4.619999885559082,-1.190000057220459,1.0203775207494692,ascending,3
9,left,3361.977,1790663823542,9.593168258666992,0.6724071502685547,-0.02632198855280876,-4.059999942779541,0.8400000333786011,-1.8899999856948853,0.7593458525955672,ascending,3
9,left,3361.986615384615,1790663823542,10.143537521362305,1.9550058841705322,-0.03110780566930771,-4.059999942779541,0.8400000333786011,-1.8899999856948853,0.7639306569479196,ascending,3
9,left,3361.996230769231,1790663823542,9.784601211547852,0.8375178575515747,-0.10289505124092102,-4.059999942779541,0.8400000333786011,-1.8899999856948853,0.7635065464867524,ascending,3
9,left,3362.005846153846,1790663823542,9.19355297088623,2.5532329082489014,-0.028714897111058235,-4.059999942779541,0.8400000333786011,-1.8899999856948853,0.7599279229378347,ascending,3
9,left,3362.0154615384613,1790663823542,9.2725191116333,1.3137065172195435,0.016750356182456017,-4.059999942779541,0.8400000333786011,-1.8899999856948853,0.7553162823010093,ascending,3
9,left,3362.025076923077,1790663823542,9.109801292419434,1.6415349245071411,-0.0047858161851763725,-4.059999942779541,0.8400000333786011,-1.8899999856948853,0.7496331399526749,ascending,3
9,left,3362.0346923076922,1790663823542,9.593168258666992,1.0839873552322388,0.10289505124092102,-4.059999942779541,0.8400000333786011,-1.8899999856948853,0.747746127688112,ascending,3
9,left,3362.0443076923075,1790663823542,10.141144752502441,2.242154836654663,0.06700142472982407,-4.059999942779541,0.8400000333786011,-1.8899999856948853,0.7527416035400878,ascending,3
9,right,3466.194,1790663823589,8.174174308776855,-3.4960386753082275,0.5934411883354187,-3.569999933242798,-5.110000133514404,1.9600000381469727,1.0130059194640069,ascending,3
9,right,3466.203615384615,1790663823589,9.63624095916748,-3.8477962017059326,0.47858160734176636,-3.569999933242798,-5.110000133514404,1.9600000381469727,1.0180825878960238,ascending,3
9,right,3466.213230769231,1790663823589,9.033227920532227,-4.197160720825195,0.39961564540863037,-3.569999933242798,-5.110000133514404,1.9600000381469727,1.0189480887040099,ascending,3
9,right,3466.222846153846,1790663823589,10.141144752502441,-4.206732273101807,0.3804723918437958,-3.569999933242798,-5.110000133514404,1.9600000381469727,1.0297663061679707,ascending,3
9,right,3466.2324615384614,1790663823589,9.298840522766113,-4.556097030639648,0.39961564540863037,-3.569999933242798,-5.110000133514404,1.9600000381469727,1.0342882034169323,ascending,3
9,right,3466.242076923077,1790663823589,9.105015754699707,-3.632434368133545,0.5001177787780762,-3.569999933242798,-5.110000133514404,1.9600000381469727,1.0338579430061412,ascending,3
9,right,3466.2516923076923,1790663823589,9.27969741821289,-3.675506830215454,0.5431901216506958,-3.569999933242798,-5.110000133514404,1.9600000381469727,1.0351544661550125,ascending,3
9,right,3466.2613076923076,1790663823589,9.188767433166504,-4.108623027801514,0.6341206431388855,-3.569999933242798,-5.110000133514404,1.9600000381469727,1.0371996521942612,ascending,3
9,left,3362.056,1790663823616,9.923389434814453,2.318727970123291,0.2129688262939453,-5.740000247955322,1.3300000429153442,2.380000114440918,0.7564557093651362,ascending,3
9,left,3362.0656153846153,1790663823616,9.865960121154785,1.7683590650558472,0.2321120798587799,-5.740000247955322,1.3300000429153442,2.380000114440918,0.75815883944312,ascending,3
9,left,3362.075230769231,1790663823616,9.475915908813477,2.03157901763916,0.18425391614437103,-5.740000247955322,1.3300000429153442,2.380000114440918,0.7565522993918866,ascending,3
9,left,3362.0848461538462,1790663823616,9.552489280700684,1.619998812675476,0.021536173298954964,-5.740000247955322,1.3300000429153442,2.380000114440918,0.7550509804775292,ascending,3
9,left,3362.0944615384615,1790663823616,10.160287857055664,2.1895108222961426,-0.040679436177015305,-5.740000247955322,1.3300000429153442,2.380000114440918,0.7601809763667181,ascending,3
9,left,3362.104076923077,1790663823616,10.887731552124023,0.7035149931907654,-0.07418014854192734,-5.740000247955322,1.3300000429153442,2.380000114440918,0.7699751142586229,ascending,3
9,left,3362.1136923076924,1790663823616,10.461793899536133,3.371607542037964,-0.1603248417377472,-5.740000247955322,1.3300000429153442,2.380000114440918,0.7797340718486205,ascending,3
9,left,3362.1233076923077,1790663823616,10.11242961883545,1.5410327911376953,-0.11964540183544159,-5.740000247955322,1.3300000429153442,2.380000114440918,0.7834108044726498,ascending,3
9,right,3466.27,1790663823663,10.16507339477539,-4.467559337615967,0.708300769329071,-4.269999980926514,-3.990000009536743,0.7699999809265137,1.0481030623810415,ascending,3
9,right,3466.279615384615,1790663823663,9.521381378173828,-4.400557994842529,0.7154794931411743,-4.269999980926514,-3.990000009536743,0.7699999809265137,1.0541860264348233,ascending,3
9,right,3466.289230769231,1790663823663,9.023656845092773,-3.345285415649414,0.8231604099273682,-4.269999980926514,-3.990000009536743,0.7699999809265137,1.0520996928080955,ascending,3
9,right,3466.298846153846,1790663823663,8.693434715270996,-3.6013267040252686,0.9093050956726074,-4.269999980926514,-3.990000009536743,0.7699999809265137,1.0480098357559342,ascending,3
9,right,3466.3084615384614,1790663823663,8.248353958129883,-3.345285415649414,1.021771788597107,-4.269999980926514,-3.990000009536743,0.7699999809265137,1.0390775753400148,ascending,3
9,right,3466.318076923077,1790663823663,9.81092357635498,-3.3835721015930176,1.0361292362213135,-4.269999980926514,-3.990000009536743,0.7699999809265137,1.0442322283014647,ascending,3
9,right,3466.3276923076924,1790663823663,9.846817016601562,-3.266319513320923,1.1079164743423462,-4.269999980926514,-3.990000009536743,0.7699999809265137,1.049316700868985,ascending,3
9,right,3466.3373076923076,1790663823663,9.870745658874512,-3.8597607612609863,1.0672370195388794,-4.269999980926514,-3.990000009536743,0.7699999809265137,1.0567109584983028,ascending,3
9,right,3466.346,1790663823740,9.224660873413086,-3.1251380443573,1.1294525861740112,-5.039999961853027,-3.990000009536743,-0.21000000834465027,1.055843473143011,ascending,3
9,right,3466.3556153846152,1790663823740,8.57618236541748,-2.816452741622925,1.0935590267181396,-5.039999961853027,-3.990000009536743,-0.21000000834465027,1.0479955064041393,ascending,3
9,right,3466.365230769231,1790663823740,8.619255065917969,-2.8643109798431396,1.0672370195388794,-5.039999961853027,-3.990000009536743,-0.21000000834465027,1.040702559283209,ascending,3
9,right,3466.374846153846,1790663823740,9.641026496887207,-3.266319513320923,0.9954497814178467,-5.039999961853027,-3.990000009536743,-0.21000000834465027,1.0439414321262235,ascending,3
9,right,3466.3844615384614,1790663823740,9.990391731262207,-3.225640058517456,0.9810923337936401,-5.039999961853027,-3.990000009536743,-0.21000000834465027,1.0501603297838165,ascending,3
9,right,3466.394076923077,1790663823740,9.6697416305542,-3.2208542823791504,0.923662543296814,-5.039999961853027,-3.990000009536743,-0.21000000834465027,1.0534801341563358,ascending,3
9,right,3466.4036923076924,1790663823740,9.655384063720703,-3.1945323944091797,0.7920525670051575,-5.039999961853027,-3.990000009536743,-0.21000000834465027,1.056540020613834,ascending,3
9,right,3466.4133076923076,1790663823740,8.937511444091797,-3.0246357917785645,0.7537660598754883,-5.039999961853027,-3.990000009536743,-0.21000000834465027,1.052574274969118,ascending,3
9,left,3362.135,1790663823752,9.229446411132812,1.552997350692749,-0.24407662451267242,-5.25,0.07000000029802322,13.020000457763672,0.7777044046502953,ascending,3
9,left,3362.1446153846155,1790663823752,10.019105911254883,2.380943536758423,-0.37807947397232056,-5.25,0.07000000029802322,13.020000457763672,0.7817323409078778,ascending,3
9,left,3362.154230769231,1790663823752,10.351720809936523,2.3163349628448486,-0.4737958014011383,-5.25,0.07000000029802322,13.020000457763672,0.7888171884973141,ascending,3
9,left,3362.1638461538464,1790663823752,11.294526100158691,2.4000868797302246,-0.4115802049636841,-5.25,0.07000000029802322,13.020000457763672,0.8049762199657127,ascending,3
9,left,3362.1734615384617,1790663823752,10.241646766662598,1.395065426826477,-0.4522596299648285,-5.25,0.07000000029802322,13.020000457763672,0.8096664914464216,ascending,3
9,left,3362.1830769230774,1790663823752,9.363449096679688,1.1533817052841187,-0.5001177787780762,-5.25,0.07000000029802322,13.020000457763672,0.805674121632633,ascending,3
9,left,3362.1926923076926,1790663823752,8.882474899291992,1.5458186864852905,-0.48576033115386963,-5.25,0.07000000029802322,13.020000457763672,0.7976655477052458,ascending,3
9,left,3362.202307692308,1790663823752,9.679313659667969,1.907147765159607,-0.39004403352737427,-5.25,0.07000000029802322,13.020000457763672,0.7977389889537695,ascending,3
9,left,3362.214,1790663823782,10.361291885375977,1.8999689817428589,-0.38765111565589905,-5.53000020980835,0.5600000023841858,-10.289999961853027,0.8057215380075239,ascending,3
9,left,3362.223615384615,1790663823782,10.196181297302246,1.7061434984207153,-0.3230426013469696,-5.53000020980835,0.5600000023841858,-10.289999961853027,0.8104429560440254,ascending,3
9,left,3362.233230769231,1790663823782,10.25121784210205,1.359171748161316,-0.24886244535446167,-5.53000020980835,0.5600000023841858,-10.289999961853027,0.8151813248806974,ascending,3
9,left,3362.242846153846,1790663823782,9.466344833374023,2.136866807937622,-0.14836029708385468,-5.53000020980835,0.5600000023841858,-10.289999961853027,0.8136052931487412,ascending,3
9,left,3362.2524615384614,1790663823782,8.990156173706055,1.2706341743469238,-0.1316099464893341,-5.53000020980835,0.5600000023841858,-10.289999961853027,0.806222506411406,ascending,3
9,left,3362.262076923077,1790663823782,8.703006744384766,0.7944455146789551,-0.009571632370352745,-5.53000020980835,0.5600000023841858,-10.289999961853027,0.7954027460247967,ascending,3
9,left,3362.2716923076923,1790663823782,8.683863639831543,0.9858781099319458,0.07178724557161331,-5.53000020980835,0.5600000023841858,-10.289999961853027,0.7846868134833072,ascending,3
9,left,3362.2813076923076,1790663823782,9.119372367858887,0.8925547003746033,0.12443122267723083,-5.53000020980835,0.5600000023841858,-10.289999961853027,0.7779714450295369,ascending,3
9,right,3466.423,1790663823815,8.470894813537598,-3.1993181705474854,0.5958341360092163,-4.619999885559082,-4.269999980926514,0.42000001668930054,1.0449285536431416,ascending,3
9,right,3466.432615384615,1790663823815,8.65514850616455,-2.452730894088745,0.5599405169487,-4.619999885559082,-4.269999980926514,0.42000001668930054,1.0363995467208098,ascending,3
9,right,3466.4422307692307,1790663823815,8.822651863098145,-2.333085298538208,0.4115802049636841,-4.619999885559082,-4.269999980926514,0.42000001668930054,1.0289268978588446,ascending,3
9,right,3466.451846153846,1790663823815,9.126551628112793,-2.4144442081451416,0.40679436922073364,-4.619999885559082,-4.269999980926514,0.42000001668930054,1.0244782045023448,ascending,3
9,right,3466.461461538461,1790663823815,8.987762451171875,-2.8475606441497803,0.4115802049636841,-4.619999885559082,-4.269999980926514,0.42000001668930054,1.020283024657222,ascending,3
9,right,3466.471076923077,1790663823815,8.992548942565918,-3.7784018516540527,0.35893622040748596,-4.619999885559082,-4.269999980926514,0.42000001668930054,1.0193013854978692,ascending,3
9,right,3466.480692307692,1790663823815,8.982976913452148,-2.275655508041382,0.461831271648407,-4.619999885559082,-4.269999980926514,0.42000001668930054,1.0131239948168924,ascending,3
9,right,3466.4903076923074,1790663823815,8.77718734741211,-3.6348273754119873,0.2919347882270813,-4.619999885559082,-4.269999980926514,0.42000001668930054,1.0097005913166206,ascending,3
9,left,3362.294,1790663823858,9.152873039245605,1.3472073078155518,0.15793193876743317,-5.670000076293945,0.07000000029802322,-0.42000001668930054,0.7704267427485058,ascending,3
9,left,3362.303615384615,1790663823858,9.224660873413086,1.0600582361221313,0.21536172926425934,-5.670000076293945,0.07000000029802322,-0.42000001668930054,0.764976685873264,ascending,3
9,left,3362.313230769231,1790663823858,9.021263122558594,2.366586208343506,0.1603248417377472,-5.670000076293945,0.07000000029802322,-0.42000001668930054,0.7595317376648414,ascending,3
9,left,3362.322846153846,1790663823858,8.736507415771484,-0.45943835377693176,0.24646952748298645,-5.670000076293945,0.07000000029802322,-0.42000001668930054,0.7472222242269129,ascending,3
9,left,3362.3324615384613,1790663823858,8.734114646911621,2.2038683891296387,0.30629223585128784,-5.670000076293945,0.07000000029802322,-0.42000001668930054,0.7388197459256647,ascending,3
9,left,3362.342076923077,1790663823858,7.633376598358154,-0.5455830693244934,0.2703986167907715,-5.670000076293945,0.07000000029802322,-0.42000001668930054,0.7159194448790096,ascending,3
9,left,3362.3516923076922,1790663823858,8.872902870178223,1.7587873935699463,0.31586387753486633,-5.670000076293945,0.07000000029802322,-0.42000001668930054,0.7081926274701211,ascending,3
9,left,3362.3613076923075,1790663823858,7.956419467926025,2.0196144580841064,0.32543548941612244,-5.670000076293945,0.07000000029802322,-0.42000001668930054,0.6921675445992816,ascending,3
9,right,3466.498,1790663823889,7.843952655792236,-0.6915504336357117,0.3732936680316925,-4.690000057220459,-4.199999809265137,-0.42000001668930054,0.9922182250499969,ascending,3
9,right,3466.5076153846153,1790663823889,8.834616661071777,-2.8858470916748047,0.20339718461036682,-4.690000057220459,-4.199999809265137,-0.42000001668930054,0.9867368642173989,ascending,3
9,right,3466.517230769231,1790663823889,7.2481184005737305,-3.218461275100708,0.18425391614437103,-4.690000057220459,-4.199999809265137,-0.42000001668930054,0.9681416398425992,ascending,3
9,right,3466.5268461538462,1790663823889,8.379963874816895,-2.577162027359009,0.17707519233226776,-4.690000057220459,-4.199999809265137,-0.42000001668930054,0.9575313624272274,ascending,3
9,right,3466.5364615384615,1790663823889,7.595090389251709,-2.754237174987793,0.2225404530763626,-4.690000057220459,-4.199999809265137,-0.42000001668930054,0.940491114276591,ascending,3
9,right,3466.546076923077,1790663823889,7.992312908172607,-2.522125244140625,0.20818300545215607,-4.690000057220459,-4.199999809265137,-0.42000001668930054,0.926249497902443,ascending,3
9,right,3466.5556923076924,1790663823889,8.51636028289795,-0.4953319728374481,0.25604116916656494,-4.690000057220459,-4.199999809265137,-0.42000001668930054,0.9099608151152867,ascending,3
9,right,3466.5653076923077,1790663823889,7.475444793701172,-2.663306713104248,0.25843408703804016,-4.690000057220459,-4.199999809265137,-0.42000001668930054,0.8915738647617237,ascending,3
9,left,3362.374,1790663823946,7.913347244262695,0.4737958014011383,0.2823631465435028,-4.96999979019165,-0.14000000059604645,-1.2599999904632568,0.6674566265997052,ascending,3
9,left,3362.383615384615,1790663823946,7.709949970245361,2.093794584274292,0.17707519233226776,-4.96999979019165,-0.14000000059604645,-1.2599999904632568,0.6492209554125391,ascending,3
9,left,3362.3932307692307,1790663823946,8.116744041442871,1.6176059246063232,0.3206496834754944,-4.96999979019165,-0.14000000059604645,-1.2599999904632568,0.634156344605574,ascending,3
9,left,3362.402846153846,1790663823946,8.396714210510254,0.708300769329071,0.2416837215423584,-4.96999979019165,-0.14000000059604645,-1.2599999904632568,0.6203893563493661,ascending,3
9,left,3362.4124615384612,1790663823946,7.8463454246521,1.5123178958892822,0.27757734060287476,-4.96999979019165,-0.14000000059604645,-1.2599999904632568,0.6026147501637851,ascending,3
9,left,3362.422076923077,1790663823946,8.0377779006958,0.5336185097694397,0.21536172926425934,-4.96999979019165,-0.14000000059604645,-1.2599999904632568,0.5851964692049357,ascending,3
9,left,3362.431692307692,1790663823946,7.851131439208984,0.40918728709220886,0.2512553632259369,-4.96999979019165,-0.14000000059604645,-1.2599999904632568,0.5658447005908004,ascending,3
9,left,3362.4413076923074,1790663823946,7.889418125152588,1.5482115745544434,0.30868515372276306,-4.96999979019165,-0.14000000059604645,-1.2599999904632568,0.5485614677589442,ascending,3
9,right,3466.574,1790663823964,7.709949970245361,-1.7205009460449219,0.3015064299106598,-3.3600001335144043,-3.7100000381469727,-0.42000001668930054,0.8740492972777749,ascending,3
9,right,3466.5836153846153,1790663823964,8.04017162322998,-2.191903829574585,0.2703986167907715,-3.3600001335144043,-3.7100000381469727,-0.42000001668930054,0.859222057119957,ascending,3
9,right,3466.593230769231,1790663823964,7.501766681671143,-3.1371026039123535,0.3015064299106598,-3.3600001335144043,-3.7100000381469727,-0.42000001668930054,0.8426796508788481,ascending,3
9,right,3466.6028461538463,1790663823964,8.05452823638916,-2.3354783058166504,0.21775463223457336,-3.3600001335144043,-3.7100000381469727,-0.42000001668930054,0.8284612543165588,ascending,3
9,right,3466.6124615384615,1790663823964,7.310334205627441,-2.4192299842834473,0.16511066257953644,-3.3600001335144043,-3.7100000381469727,-0.42000001668930054,0.8078043518706868,ascending,3
9,right,3466.622076923077,1790663823964,7.434765338897705,-1.945434331893921,0.19861137866973877,-3.3600001335144043,-3.7100000381469727,-0.42000001668930054,0.7867451736939007,ascending,3
9,right,3466.6316923076924,1790663823964,6.757572650909424,-1.524282455444336,0.09332341700792313,-3.3600001335144043,-3.7100000381469727,-0.42000001668930054,0.7581971765589499,ascending,3
9,right,3466.6413076923077,1790663823964,7.731485843658447,-2.163188934326172,0.07896596938371658,-3.3600001335144043,-3.7100000381469727,-0.42000001668930054,0.7405542391575098,ascending,3
9,left,3362.453,1790663824021,6.994470119476318,0.7130866050720215,0.2895418703556061,-4.409999847412109,-0.5600000023841858,-0.21000000834465027,0.5157193628741873,ascending,3
9,left,3362.462615384615,1790663824021,7.059078693389893,-0.06460852175951004,0.363722026348114,-4.409999847412109,-0.5600000023841858,-0.21000000834465027,0.4882171979105872,ascending,3
9,left,3362.472230769231,1790663824021,6.7838945388793945,1.081594467163086,0.4809745252132416,-4.409999847412109,-0.5600000023841858,-0.21000000834465027,0.4598048393073437,ascending,3
9,left,3362.481846153846,1790663824021,6.793466091156006,1.1150951385498047,0.44268798828125,-4.409999847412109,-0.5600000023841858,-0.21000000834465027,0.43154637145365643,ascending,3
9,left,3362.4914615384614,1790663824021,6.8891825675964355,0.8470894694328308,0.4929390549659729,-4.409999847412109,-0.5600000023841858,-0.21000000834465027,0.403830862356791,ascending,3
9,left,3362.501076923077,1790663824021,6.50153112411499,0.3230426013469696,0.46661707758903503,-4.409999847412109,-0.5600000023841858,-0.21000000834465027,0.37167885682548407,ascending,3
9,left,3362.5106923076924,1790663824021,6.843717098236084,0.46900999546051025,0.5168681740760803,-4.409999847412109,-0.5600000023841858,-0.21000000834465027,0.3430233752088142,ascending,3
9,left,3362.5203076923076,1790663824021,6.8126091957092285,1.275420069694519,0.5599405169487,-4.409999847412109,-0.5600000023841858,-0.21000000834465027,0.31526539973945156,ascending,3
9,right,3466.65,1790663824054,8.111958503723145,-1.8329676389694214,0.10289505124092102,-3.569999933242798,-3.2200000286102295,1.9600000381469727,0.7267769953365788,ascending,3
9,right,3466.6596153846153,1790663824054,7.425193786621094,-2.7566301822662354,0,-3.569999933242798,-3.2200000286102295,1.9600000381469727,0.7082834404970438,ascending,3
9,right,3466.669230769231,1790663824054,7.532874584197998,-1.6176059246063232,-0.0023929080925881863,-3.569999933242798,-3.2200000286102295,1.9600000381469727,0.6871113467275727,ascending,3
9,right,3466.6788461538463,1790663824054,7.3175129890441895,-1.7013576030731201,-0.03350071236491203,-3.569999933242798,-3.2200000286102295,1.9600000381469727,0.6642777861845853,ascending,3
9,right,3466.6884615384615,1790663824054,7.310334205627441,-1.517103672027588,-0.1316099464893341,-3.569999933242798,-3.2200000286102295,1.9600000381469727,0.6408043811583529,ascending,3
9,right,3466.698076923077,1790663824054,7.233761310577393,-2.311549186706543,-0.1914326548576355,-3.569999933242798,-3.2200000286102295,1.9600000381469727,0.6191791077546344,ascending,3
9,right,3466.7076923076925,1790663824054,7.004042148590088,-1.9980782270431519,-0.09810923039913177,-3.569999933242798,-3.2200000286102295,1.9600000381469727,0.5945012269438277,ascending,3
9,right,3466.7173076923077,1790663824054,7.420407772064209,-0.9547703266143799,0.009571632370352745,-3.569999933242798,-3.2200000286102295,1.9600000381469727,0.5703394000254854,ascending,3
9,left,3362.532,1790663824097,6.594854831695557,0.923662543296814,0.569512128829956,-4.690000057220459,0.699999988079071,5.039999961853027,0.2783997788977084,ascending,3
9,left,3362.5416153846154,1790663824097,6.546996593475342,0.6101915836334229,0.5790837407112122,-4.690000057220459,0.699999988079071,5.039999961853027,0.2471962202516227,ascending,3
9,left,3362.551230769231,1790663824097,6.977719783782959,0.181861013174057,0.48815324902534485,-4.690000057220459,0.699999988079071,5.039999961853027,0.21949425963235,ascending,3
9,left,3362.5608461538463,1790663824097,6.585283279418945,1.8138242959976196,0.37568655610084534,-4.690000057220459,0.699999988079071,5.039999961853027,0.19036628698443603,ascending,3
9,left,3362.5704615384616,1790663824097,6.5446038246154785,0.43790218234062195,0.24886244535446167,-4.690000057220459,0.699999988079071,5.039999961853027,0.15889491314086857,ascending,3
9,left,3362.5800769230773,1790663824097,7.2050461769104,2.304370403289795,0.17946811020374298,-4.690000057220459,0.699999988079071,5.039999961853027,0.13634844959588535,ascending,3
9,left,3362.5896923076925,1790663824097,9.016477584838867,1.9526129961013794,0.29911351203918457,-4.690000057220459,0.699999988079071,5.039999961853027,0.1305565468177426,ascending,3
9,left,3362.599307692308,1790663824097,8.815473556518555,1.5075321197509766,0.40918728709220886,-4.690000057220459,0.699999988079071,5.039999961853027,0.12224563007904454,ascending,3
9,right,3466.726,1790663824129,6.786287307739258,-3.2088897228240967,0.08375178277492523,-3.3600001335144043,-5.25,-0.8400000333786011,0.5497491299393958,ascending,3
9,right,3466.7356153846154,1790663824129,7.518517017364502,-2.424015998840332,0.23929080367088318,-3.3600001335144043,-5.25,-0.8400000333786011,0.5311525014956313,ascending,3
9,right,3466.745230769231,1790663824129,7.724307537078857,-3.1801748275756836,0.17946811020374298,-3.3600001335144043,-5.25,-0.8400000333786011,0.5168229941728715,ascending,3
9,right,3466.7548461538463,1790663824129,8.279461860656738,-3.3763933181762695,0.2895418703556061,-3.3600001335144043,-5.25,-0.8400000333786011,0.5081723363814894,ascending,3
9,right,3466.7644615384615,1790663824129,8.978191375732422,-3.0868513584136963,0.17707519233226776,-3.3600001335144043,-5.25,-0.8400000333786011,0.5049318788526601,ascending,3
9,right,3466.7740769230772,1790663824129,8.013849258422852,-3.2088897228240967,0.13878867030143738,-3.3600001335144043,-5.25,-0.8400000333786011,0.49333742219684623,ascending,3
9,right,3466.7836923076925,1790663824129,9.21748161315918,-2.151224374771118,0.10768086463212967,-3.3600001335144043,-5.25,-0.8400000333786011,0.48929857781969954,ascending,3
9,right,3466.7933076923077,1790663824129,9.39934253692627,-3.366821765899658,0.10528795421123505,-3.3600001335144043,-5.25,-0.8400000333786011,0.49077166487234614,ascending,3
9,left,3362.611,1790663824172,9.260554313659668,2.6585209369659424,0.4450809061527252,-4.480000019073486,3.009999990463257,1.2599999904632568,0.11932970731085321,ascending,3
9,left,3362.620615384615,1790663824172,8.561824798583984,1.2778129577636719,0.48576033115386963,-4.480000019073486,3.009999990463257,1.2599999904632568,0.10830976872069965,ascending,3
9,left,3362.630230769231,1790663824172,9.710420608520508,1.2825987339019775,0.36850783228874207,-4.480000019073486,3.009999990463257,1.2599999904632568,0.10818866779140913,ascending,3
9,left,3362.639846153846,1790663824172,9.497451782226562,2.290013074874878,0.3134709596633911,-4.480000019073486,3.009999990463257,1.2599999904632568,0.10748489947321685,ascending,3
9,left,3362.6494615384613,1790663824172,9.839637756347656,1.7611804008483887,0.27997025847435,-4.480000019073486,3.009999990463257,1.2599999904632568,0.1092623243559344,ascending,3
9,left,3362.659076923077,1790663824172,9.22705364227295,2.615448474884033,0.16750356554985046,-4.480000019073486,3.009999990463257,1.2599999904632568,0.10645970808474257,ascending,3
9,left,3362.6686923076923,1790663824172,9.997570037841797,2.907383441925049,0.39961564540863037,-4.480000019073486,3.009999990463257,1.2599999904632568,0.11148895821913442,ascending,3
9,left,3362.6783076923075,1790663824172,9.846817016601562,2.4072654247283936,0.41875892877578735,-4.480000019073486,3.009999990463257,1.2599999904632568,0.11435774292152856,ascending,3
9,right,3466.801,1790663824204,9.47830867767334,-3.302213191986084,0.23450499773025513,-2.940000057220459,-5.809999942779541,0.42000001668930054,0.4923636604718107,ascending,3
9,right,3466.810615384615,1790663824204,9.337127685546875,-2.811666965484619,0.3541503846645355,-2.940000057220459,-5.809999942779541,0.42000001668930054,0.4915215771814136,ascending,3
9,right,3466.820230769231,1790663824204,7.496981143951416,-3.476895570755005,0.3613291084766388,-2.940000057220459,-5.809999942779541,0.42000001668930054,0.476110588778057,ascending,3
9,right,3466.829846153846,1790663824204,9.105015754699707,-3.7353296279907227,0.32543548941612244,-2.940000057220459,-5.809999942779541,0.42000001668930054,0.476114694136322,ascending,3
9,right,3466.8394615384614,1790663824204,9.140909194946289,-3.68986439704895,0.25604116916656494,-2.940000057220459,-5.809999942779541,0.42000001668930054,0.47630114384580835,ascending,3
9,right,3466.849076923077,1790663824204,10.119607925415039,-5.3792572021484375,0.12682412564754486,-2.940000057220459,-5.809999942779541,0.42000001668930054,0.4908129660892245,ascending,3
9,right,3466.8586923076923,1790663824204,9.552489280700684,-3.8956544399261475,0.23929080367088318,-2.940000057220459,-5.809999942779541,0.42000001668930054,0.4953944314567034,ascending,3
9,right,3466.8683076923076,1790663824204,10.811159133911133,-4.343128204345703,0.22732627391815186,-2.940000057220459,-5.809999942779541,0.42000001668930054,0.512817798006441,ascending,3
9,right,3466.878,1790663824294,9.597954750061035,-3.582183361053467,0.44747382402420044,-2.6600000858306885,-4.900000095367432,0.3499999940395355,0.5168211871852416,ascending,3
9,right,3466.8876153846154,1790663824294,9.38259220123291,-3.8262600898742676,0.363722026348114,-2.6600000858306885,-4.900000095367432,0.3499999940395355,0.5196455710077208,ascending,3
9,right,3466.897230769231,1790663824294,8.695828437805176,-2.8284173011779785,0.48815324902534485,-2.6600000858306885,-4.900000095367432,0.3499999940395355,0.5129974028116457,ascending,3
9,right,3466.9068461538463,1790663824294,9.004512786865234,-2.7949166297912598,0.4809745252132416,-2.6600000858306885,-4.900000095367432,0.3499999940395355,0.5090365449102449,ascending,3
9,right,3466.9164615384616,1790663824294,8.882474899291992,-3.1921393871307373,0.44029510021209717,-2.6600000858306885,-4.900000095367432,0.3499999940395355,0.5052720790177286,ascending,3
9,right,3466.9260769230773,1790663824294,8.612075805664062,-3.5606472492218018,0.4546525478363037,-2.6600000858306885,-4.900000095367432,0.3499999940395355,0.5002749205565157,ascending,3
9,right,3466.9356923076925,1790663824294,8.913582801818848,-3.5151820182800293,0.44747382402420044,-2.6600000858306885,-4.900000095367432,0.3499999940395355,0.49785823363973775,ascending,3
9,right,3466.945307692308,1790663824294,8.547467231750488,-3.345285415649414,0.5144752264022827,-2.6600000858306885,-4.900000095367432,0.3499999940395355,0.4915839113302196,ascending,3
9,left,3362.69,1790663824306,11.658247947692871,2.5891265869140625,0.44747382402420044,-3.3600001335144043,3.5,3.5,0.13909731216561147,ascending,3
9,left,3362.6996153846153,1790663824306,11.50270938873291,4.362271308898926,0.46900999546051025,-3.3600001335144043,3.5,3.5,0.16069754561492725,ascending,3
9,left,3362.709230769231,1790663824306,11.890359878540039,3.816688299179077,0.34697166085243225,-3.3600001335144043,3.5,3.5,0.1851111455470164,ascending,3
9,left,3362.7188461538462,1790663824306,10.90208911895752,0.37568655610084534,0.30868515372276306,-3.3600001335144043,3.5,3.5,0.194836117310284,ascending,3
9,left,3362.7284615384615,1790663824306,10.887731552124023,1.0265575647354126,0.14596739411354065,-3.3600001335144043,3.5,3.5,0.20537700756649452,ascending,3
9,left,3362.738076923077,1790663824306,10.552724838256836,2.7087719440460205,0.11246667802333832,-3.3600001335144043,3.5,3.5,0.21526224527036228,ascending,3
9,left,3362.7476923076924,1790663824306,10.626904487609863,2.390515089035034,0.16271774470806122,-3.3600001335144043,3.5,3.5,0.22538813973530625,ascending,3
9,left,3362.7573076923077,1790663824306,10.42590045928955,2.172760486602783,0.1603248417377472,-3.3600001335144043,3.5,3.5,0.2332751273003371,ascending,3
9,left,3362.77,1790663824336,10.36368465423584,2.0818300247192383,0.11964540183544159,-2.380000114440918,-0.5600000023841858,-3.7799999713897705,0.24271625562526702,ascending,3
9,left,3362.779615384615,1790663824336,10.684334754943848,3.1993181705474854,0.05264397710561752,-2.380000114440918,-0.5600000023841858,-3.7799999713897705,0.2546636848410106,ascending,3
9,left,3362.789230769231,1790663824336,9.727170944213867,2.598698139190674,0.08614469319581985,-2.380000114440918,-0.5600000023841858,-3.7799999713897705,0.2566184184175249,ascending,3
9,left,3362.798846153846,1790663824336,10.244039535522461,2.0052568912506104,0.17707519233226776,-2.380000114440918,-0.5600000023841858,-3.7799999713897705,0.2625461914738031,ascending,3
9,left,3362.8084615384614,1790663824336,9.207910537719727,3.0318145751953125,-0.0047858161851763725,-2.380000114440918,-0.5600000023841858,-3.7799999713897705,0.26031579284411754,ascending,3
9,left,3362.818076923077,1790663824336,9.37541389465332,2.5675904750823975,-0.0023929080925881863,-2.380000114440918,-0.5600000023841858,-3.7799999713897705,0.2589276482544367,ascending,3
9,left,3362.8276923076924,1790663824336,8.906403541564941,2.156010150909424,0.03350071236491203,-2.380000114440918,-0.5600000023841858,-3.7799999713897705,0.25243826131875025,ascending,3
9,left,3362.8373076923076,1790663824336,9.394556999206543,2.177546262741089,-0.02632198855280876,-2.380000114440918,-0.5600000023841858,-3.7799999713897705,0.25060000750613587,ascending,3
9,right,3466.954,1790663824369,8.968619346618652,-3.3620357513427734,0.5072965025901794,-0.42000001668930054,-3.3600001335144043,0.9800000190734863,0.48940497047537834,ascending,3
9,right,3466.9636153846154,1790663824369,8.083243370056152,-3.795152187347412,0.521653950214386,-0.42000001668930054,-3.3600001335144043,0.9800000190734863,0.4804431259069939,ascending,3
9,right,3466.973230769231,1790663824369,8.571396827697754,-3.6802926063537598,0.461831271648407,-0.42000001668930054,-3.3600001335144043,0.9800000190734863,0.47551533817261543,ascending,3
9,right,3466.9828461538464,1790663824369,8.13349437713623,-3.366821765899658,0.5551546812057495,-0.42000001668930054,-3.3600001335144043,0.9800000190734863,0.46561183725570493,ascending,3
9,right,3466.9924615384616,1790663824369,8.099993705749512,-2.845167636871338,0.6077986359596252,-0.42000001668930054,-3.3600001335144043,0.9800000190734863,0.4536817034218854,ascending,3
9,right,3467.0020769230773,1790663824369,7.951633453369141,-2.9049904346466064,0.6245490312576294,-0.42000001668930054,-3.3600001335144043,0.9800000190734863,0.4406242980964563,ascending,3
9,right,3467.0116923076926,1790663824369,7.942061901092529,-2.9887421131134033,0.6532639265060425,-0.42000001668930054,-3.3600001335144043,0.9800000190734863,0.4277725916962369,ascending,3
9,right,3467.021307692308,1790663824369,8.865724563598633,-3.8406174182891846,0.5982270240783691,-0.42000001668930054,-3.3600001335144043,0.9800000190734863,0.42609559221027477,ascending,3
9,left,3362.849,1790663824411,9.322770118713379,1.844932198524475,-0.06939433515071869,-1.399999976158142,-2.5899999141693115,-1.190000057220459,0.24684209423744274,ascending,3
9,left,3362.8586153846154,1790663824411,9.66256332397461,2.340264081954956,-0.016750356182456017,-1.399999976158142,-2.5899999141693115,-1.190000057220459,0.2478451158839663,ascending,3
9,left,3362.868230769231,1790663824411,9.621883392333984,1.93586266040802,0.07896596938371658,-1.399999976158142,-2.5899999141693115,-1.190000057220459,0.24778527475467937,ascending,3
9,left,3362.8778461538463,1790663824411,9.806137084960938,2.318727970123291,0.1507532149553299,-1.399999976158142,-2.5899999141693115,-1.190000057220459,0.25016391634148205,ascending,3
9,left,3362.8874615384616,1790663824411,8.743685722351074,2.8547394275665283,0.16750356554985046,-1.399999976158142,-2.5899999141693115,-1.190000057220459,0.24348757155691597,ascending,3
9,left,3362.8970769230773,1790663824411,9.638633728027344,1.7037506103515625,0.27997025847435,-1.399999976158142,-2.5899999141693115,-1.190000057220459,0.24322218808907395,ascending,3
9,left,3362.9066923076925,1790663824411,9.198338508605957,2.6752712726593018,0.36850783228874207,-1.399999976158142,-2.5899999141693115,-1.190000057220459,0.24056766967332946,ascending,3
9,left,3362.916307692308,1790663824411,9.717599868774414,2.5484471321105957,0.5192610621452332,-1.399999976158142,-2.5899999141693115,-1.190000057220459,0.2426317309073617,ascending,3
9,right,3467.03,1790663824444,9.207910537719727,-3.443394660949707,0.5742979645729065,0.8400000333786011,-0.3499999940395355,4.059999942779541,0.4261697518332651,ascending,3
9,right,3467.0396153846154,1790663824444,9.387378692626953,-4.596776485443115,0.47858160734176636,0.8400000333786011,-0.3499999940395355,4.059999942779541,0.43174682431945954,ascending,3
9,right,3467.049230769231,1790663824444,9.490273475646973,-3.814295530319214,0.4235447347164154,0.8400000333786011,-0.3499999940395355,4.059999942779541,0.4356102150897744,ascending,3
9,right,3467.0588461538464,1790663824444,9.294054985046387,-4.510631561279297,0.3134709596633911,0.8400000333786011,-0.3499999940395355,4.059999942779541,0.4400739736181444,ascending,3
9,right,3467.0684615384616,1790663824444,9.277304649353027,-4.216303825378418,0.23929080367088318,0.8400000333786011,-0.3499999940395355,4.059999942779541,0.44338840187917966,ascending,3
9,right,3467.0780769230773,1790663824444,9.626668930053711,-4.402950763702393,0.16511066257953644,0.8400000333786011,-0.3499999940395355,4.059999942779541,0.45048454920388425,ascending,3
9,right,3467.0876923076926,1790663824444,9.865960121154785,-4.541739463806152,0.10768086463212967,0.8400000333786011,-0.3499999940395355,4.059999942779541,0.4602120007219333,ascending,3
9,right,3467.097307692308,1790663824444,10.480937004089355,-4.209125518798828,-0.02632198855280876,0.8400000333786011,-0.3499999940395355,4.059999942779541,0.4742738057923829,ascending,3
9,left,3362.928,1790663824486,9.865960121154785,2.0602939128875732,0.521653950214386,-1.2599999904632568,-2.450000047683716,12.739999771118164,0.24576378000623753,ascending,3
9,left,3362.937615384615,1790663824486,9.428057670593262,1.5936768054962158,0.5742979645729065,-1.2599999904632568,-2.450000047683716,12.739999771118164,0.2433850675636901,ascending,3
9,left,3362.947230769231,1790663824486,8.901618003845215,2.072258472442627,0.5982270240783691,-1.2599999904632568,-2.450000047683716,12.739999771118164,0.23688985809657082,ascending,3
9,left,3362.956846153846,1790663824486,8.68864917755127,1.7563945055007935,0.6221560835838318,-1.2599999904632568,-2.450000047683716,12.739999771118164,0.22783621243758706,ascending,3
9,left,3362.9664615384613,1790663824486,9.21030330657959,2.5316967964172363,0.6915504336357117,-1.2599999904632568,-2.450000047683716,12.739999771118164,0.22508470573108413,ascending,3
9,left,3362.976076923077,1790663824486,9.600347518920898,2.1966896057128906,0.5910483002662659,-1.2599999904632568,-2.450000047683716,12.739999771118164,0.22540874150428597,ascending,3
9,left,3362.9856923076923,1790663824486,9.547703742980957,2.0674726963043213,0.5766908526420593,-1.2599999904632568,-2.450000047683716,12.739999771118164,0.22500634852328905,ascending,3
9,left,3362.9953076923075,1790663824486,10.480937004089355,1.5553902387619019,0.4737958014011383,-1.2599999904632568,-2.450000047683716,12.739999771118164,0.23252615422669193,ascending,3
9,right,3467.105,1790663824503,10.464186668395996,-3.8956544399261475,0.009571632370352745,-0.07000000029802322,-1.9600000381469727,-1.3300000429153442,0.4845291829158153,ascending,3
9,right,3467.1146153846153,1790663824503,9.530953407287598,-3.8669395446777344,-0.055036887526512146,-0.07000000029802322,-1.9600000381469727,-1.3300000429153442,0.488879109379067,ascending,3
9,right,3467.124230769231,1790663824503,9.602740287780762,-3.7209720611572266,-0.047858163714408875,-0.07000000029802322,-1.9600000381469727,-1.3300000429153442,0.49336367034280826,ascending,3
9,right,3467.133846153846,1790663824503,9.46155834197998,-3.8454031944274902,-0.06700142472982407,-0.07000000029802322,-1.9600000381469727,-1.3300000429153442,0.4970168968275553,ascending,3
9,right,3467.1434615384615,1790663824503,9.585989952087402,-3.8836898803710938,-0.047858163714408875,-0.07000000029802322,-1.9600000381469727,-1.3300000429153442,0.5019201019106949,ascending,3
9,right,3467.153076923077,1790663824503,10.004748344421387,-3.618077039718628,-0.040679436177015305,-0.07000000029802322,-1.9600000381469727,-1.3300000429153442,0.5096449787473291,ascending,3
9,right,3467.1626923076924,1790663824503,9.911425590515137,-3.8741180896759033,0.0909305065870285,-0.07000000029802322,-1.9600000381469727,-1.3300000429153442,0.517428343502205,ascending,3
9,right,3467.1723076923076,1790663824503,10.043035507202148,-4.271340847015381,0.12921704351902008,-0.07000000029802322,-1.9600000381469727,-1.3300000429153442,0.527778786688987,ascending,3
9,left,3363.007,1790663824577,9.719992637634277,1.966970443725586,0.5120823383331299,-1.0499999523162842,-0.9100000262260437,-13.09000015258789,0.23378564294383322,ascending,3
9,left,3363.0166153846153,1790663824577,9.724778175354004,2.8690967559814453,0.3709007501602173,-1.0499999523162842,-0.9100000262260437,-13.09000015258789,0.2364249953565756,ascending,3
9,left,3363.026230769231,1790663824577,9.593168258666992,2.0555081367492676,0.2943277060985565,-1.0499999523162842,-0.9100000262260437,-13.09000015258789,0.23637160832466403,ascending,3
9,left,3363.0358461538463,1790663824577,9.588382720947266,1.9980782270431519,0.2512553632259369,-1.0499999523162842,-0.9100000262260437,-13.09000015258789,0.23616291114395146,ascending,3
9,left,3363.0454615384615,1790663824577,9.571632385253906,2.0339717864990234,0.23450499773025513,-1.0499999523162842,-0.9100000262260437,-13.09000015258789,0.23586350523183672,ascending,3
9,left,3363.055076923077,1790663824577,9.719992637634277,2.03157901763916,0.19621846079826355,-1.0499999523162842,-0.9100000262260437,-13.09000015258789,0.23695035780849796,ascending,3
9,left,3363.0646923076924,1790663824577,9.741528511047363,2.4144442081451416,0.181861013174057,-1.0499999523162842,-0.9100000262260437,-13.09000015258789,0.23898363433476494,ascending,3
9,left,3363.0743076923077,1790663824577,10.368471145629883,1.8951832056045532,0.1914326548576355,-1.0499999523162842,-0.9100000262260437,-13.09000015258789,0.2459037956022647,ascending,3
9,right,3467.181,1790663824578,9.380199432373047,-4.240232944488525,0.2536482512950897,-0.14000000059604645,-3.7799999713897705,1.6100000143051147,0.5316838600511313,ascending,3
9,right,3467.1906153846153,1790663824578,9.36823558807373,-3.5582542419433594,0.2512553632259369,-0.14000000059604645,-3.7799999713897705,1.6100000143051147,0.5334976018048828,ascending,3
9,right,3467.200230769231,1790663824578,9.234231948852539,-2.9959208965301514,0.3421858549118042,-0.14000000059604645,-3.7799999713897705,1.6100000143051147,0.532149459888897,ascending,3
9,right,3467.2098461538462,1790663824578,8.868117332458496,-3.3189635276794434,0.3350071310997009,-0.14000000059604645,-3.7799999713897705,1.6100000143051147,0.5286580084273623,ascending,3
9,right,3467.2194615384615,1790663824578,8.93990421295166,-2.9887421131134033,0.3302213251590729,-0.14000000059604645,-3.7799999713897705,1.6100000143051147,0.5246615244891836,ascending,3
9,right,3467.229076923077,1790663824578,8.954261779785156,-3.505610466003418,0.41636601090431213,-0.14000000059604645,-3.7799999713897705,1.6100000143051147,0.5226062725752008,ascending,3
9,right,3467.2386923076924,1790663824578,8.57618236541748,-3.4888598918914795,0.40918728709220886,-0.14000000059604645,-3.7799999713897705,1.6100000143051147,0.5171107447574699,ascending,3
9,right,3467.2483076923077,1790663824578,9.133729934692383,-2.938491106033325,0.3732936680316925,-0.14000000059604645,-3.7799999713897705,1.6100000143051147,0.5146888697581598,ascending,3
9,left,3363.087,1790663824652,10.150715827941895,1.93586266040802,0.1603248417377472,-0.9100000262260437,-1.0499999523162842,1.8200000524520874,0.25243014508007655,ascending,3
9,left,3363.0966153846152,1790663824652,10.220110893249512,2.0124356746673584,0.15314611792564392,-0.9100000262260437,-1.0499999523162842,1.8200000524520874,0,resting,null
9,left,3363.106230769231,1790663824652,9.758278846740723,0.7872667908668518,0.10768086463212967,-0.9100000262260437,-1.0499999523162842,1.8200000524520874,-0.000820341887203518,resting,null
9,left,3363.115846153846,1790663824652,9.698456764221191,2.8284173011779785,0.11725249886512756,-0.9100000262260437,-1.0499999523162842,1.8200000524520874,0.0016880822069410095,resting,null
9,left,3363.1254615384614,1790663824652,9.763065338134766,1.4716384410858154,0.13639576733112335,-0.9100000262260437,-1.0499999523162842,1.8200000524520874,0.002221488368752586,resting,null
9,left,3363.135076923077,1790663824652,9.696063995361328,1.3783150911331177,0.047858163714408875,-0.9100000262260437,-1.0499999523162842,1.8200000524520874,0.0019401559530783483,resting,null
9,left,3363.1446923076924,1790663824652,9.916211128234863,1.5123178958892822,0.1005021408200264,-0.9100000262260437,-1.0499999523162842,1.8200000524520874,0.004005180649994044,resting,null
9,left,3363.1543076923076,1790663824652,10.17464542388916,2.4718739986419678,0.1722893863916397,-0.9100000262260437,-1.0499999523162842,1.8200000524520874,0.0103059896941832,resting,null
9,right,3467.258,1790663824655,8.987762451171875,-3.2639267444610596,0.48815324902534485,0.14000000059604645,-2.870000123977661,0.5600000023841858,0.5120886500879563,ascending,3
9,right,3467.267615384615,1790663824655,9.277304649353027,-3.4314301013946533,0.46661707758903503,0.14000000059604645,-2.870000123977661,0.5600000023841858,0.5126886690193926,ascending,3
9,right,3467.2772307692308,1790663824655,8.887260437011719,-3.589362144470215,0.5168681740760803,0.14000000059604645,-2.870000123977661,0.5600000023841858,0.5103518627342108,ascending,3
9,right,3467.286846153846,1790663824655,9.162445068359375,-3.1993181705474854,0.5192610621452332,0.14000000059604645,-2.870000123977661,0.5600000023841858,0.5091295398376162,ascending,3
9,right,3467.2964615384612,1790663824655,8.980584144592285,-2.072258472442627,0.4761887192726135,0.14000000059604645,-2.870000123977661,0.5600000023841858,0.502380357775553,ascending,3
9,right,3467.306076923077,1790663824655,8.391928672790527,-2.7015931606292725,0.48576033115386963,0.14000000059604645,-2.870000123977661,0.5600000023841858,0.49254108535035346,ascending,3
9,right,3467.315692307692,1790663824655,9.239018440246582,-3.043779134750366,0.42833054065704346,0.14000000059604645,-2.870000123977661,0.5600000023841858,0.4914851093367175,ascending,3
9,right,3467.3253076923074,1790663824655,9.545310020446777,-2.634591817855835,0.461831271648407,0.14000000059604645,-2.870000123977661,0.5600000023841858,0.49179227886005034,ascending,3
9,left,3363.166,1790663824728,9.830066680908203,0.8470894694328308,0.13639576733112335,-0.9800000190734863,-2.0299999713897705,-0.21000000834465027,0.010342980038420536,resting,null
9,left,3363.1756153846154,1790663824728,9.734350204467773,1.296956181526184,0.1411815732717514,-0.9800000190734863,-2.0299999713897705,-0.21000000834465027,0.010313619035053567,resting,null
9,left,3363.185230769231,1790663824728,9.284482955932617,2.2732627391815186,0.20579010248184204,-0.9800000190734863,-2.0299999713897705,-0.21000000834465027,0.007847265095267042,resting,null
9,left,3363.1948461538464,1790663824728,9.612311363220215,1.3496001958847046,0.23929080367088318,-0.9800000190734863,-2.0299999713897705,-0.21000000834465027,0.006781965705239439,resting,null
9,left,3363.2044615384616,1790663824728,9.535738945007324,0.667621374130249,0.28714898228645325,-0.9800000190734863,-2.0299999713897705,-0.21000000834465027,0.0037759480184327548,resting,null
9,left,3363.2140769230773,1790663824728,10.066964149475098,3.4266443252563477,0.2919347882270813,-0.9800000190734863,-2.0299999713897705,-0.21000000834465027,0.010813286633142846,resting,null
9,left,3363.2236923076925,1790663824728,8.559432029724121,-1.139024257659912,0.1914326548576355,-0.9800000190734863,-2.0299999713897705,-0.21000000834465027,-0.004701944201449744,resting,null
9,left,3363.233307692308,1790663824728,9.356270790100098,-0.8638398051261902,0.25604116916656494,-0.9800000190734863,-2.0299999713897705,-0.21000000834465027,-0.012133431298301236,resting,null
9,right,3467.334,1790663824730,9.243803977966309,-3.697042942047119,0.44029510021209717,1.2599999904632568,-1.5399999618530273,1.8899999856948853,0.49290894405825936,ascending,3
9,right,3467.343615384615,1790663824730,8.865724563598633,-3.2160685062408447,0.4115802049636841,1.2599999904632568,-1.5399999618530273,1.8899999856948853,0.4890998448478556,ascending,3
9,right,3467.353230769231,1790663824730,9.466344833374023,-2.6178414821624756,0.39004403352737427,1.2599999904632568,-1.5399999618530273,1.8899999856948853,0.48864686989148653,ascending,3
9,right,3467.362846153846,1790663824730,8.975798606872559,-3.1873536109924316,0.3613291084766388,1.2599999904632568,-1.5399999618530273,1.8899999856948853,0.48572937148293754,ascending,3
9,right,3467.3724615384613,1790663824730,9.617097854614258,-3.4673237800598145,0.339792937040329,1.2599999904632568,-1.5399999618530273,1.8899999856948853,0.4895285018806899,ascending,3
9,right,3467.382076923077,1790663824730,9.978426933288574,-3.3189635276794434,0.3134709596633911,1.2599999904632568,-1.5399999618530273,1.8899999856948853,0.4960713078906136,ascending,3
9,right,3467.391692307692,1790663824730,10.1578950881958,-3.1945323944091797,0.3206496834754944,1.2599999904632568,-1.5399999618530273,1.8899999856948853,0.5038137888374792,ascending,3
9,right,3467.4013076923075,1790663824730,8.561824798583984,-4.134945392608643,0.2727915346622467,1.2599999904632568,-1.5399999618530273,1.8899999856948853,0.5003704716740432,ascending,3
9,right,3467.409,1790663824809,10.062178611755371,-2.380943536758423,0.2943277060985565,0.9100000262260437,-2.450000047683716,-0.07000000029802322,0.5036694902151814,ascending,3
9,right,3467.4186153846154,1790663824809,10.64126205444336,-3.4888598918914795,0.2895418703556061,0.9100000262260437,-2.450000047683716,-0.07000000029802322,0.5167498918504949,ascending,3
9,right,3467.428230769231,1790663824809,8.899225234985352,-4.651813507080078,0.2823631465435028,0.9100000262260437,-2.450000047683716,-0.07000000029802322,0.5180700966819206,ascending,3
9,right,3467.4378461538463,1790663824809,10.17464542388916,-2.8427748680114746,0.46661707758903503,0.9100000262260437,-2.450000047683716,-0.07000000029802322,0.5248016657500183,ascending,3
9,right,3467.4474615384615,1790663824809,10.483330726623535,-3.450573444366455,0.5527617931365967,0.9100000262260437,-2.450000047683716,-0.07000000029802322,0.5363743301898993,ascending,3
9,right,3467.4570769230772,1790663824809,9.746315002441406,-3.8406174182891846,0.5120823383331299,0.9100000262260437,-2.450000047683716,-0.07000000029802322,0.5426070917466899,ascending,3
9,right,3467.4666923076925,1790663824809,10.330183982849121,-3.1083877086639404,0.41875892877578735,0.9100000262260437,-2.450000047683716,-0.07000000029802322,0.5516302107337152,ascending,3
9,right,3467.4763076923077,1790663824809,10.021498680114746,-3.9387266635894775,0.44268798828125,0.9100000262260437,-2.450000047683716,-0.07000000029802322,0.560650191291198,ascending,3
9,left,3363.246,1790663824817,9.583597183227539,2.500588893890381,0.36850783228874207,-1.6100000143051147,-2.870000123977661,3.640000104904175,-0.011091634003652645,resting,null
9,left,3363.2556153846153,1790663824817,9.995177268981934,1.0026284456253052,0.15553902089595795,-1.6100000143051147,-2.870000123977661,3.640000104904175,-0.009146054257671664,resting,null
9,left,3363.265230769231,1790663824817,9.779815673828125,2.9145619869232178,0.2823631465435028,-1.6100000143051147,-2.870000123977661,3.640000104904175,-0.005785396113941663,resting,null
9,left,3363.2748461538463,1790663824817,9.909032821655273,1.9191123247146606,0.3038993179798126,-1.6100000143051147,-2.870000123977661,3.640000104904175,-0.002992054878146033,resting,null
9,left,3363.2844615384615,1790663824817,9.952104568481445,1.0768086910247803,0.06460852175951004,-1.6100000143051147,-2.870000123977661,3.640000104904175,-0.0013286896379220777,resting,null
9,left,3363.2940769230772,1790663824817,9.82528018951416,2.8068811893463135,0.12682412564754486,-1.6100000143051147,-2.870000123977661,3.640000104904175,0.002224211794985726,resting,null
9,left,3363.3036923076925,1790663824817,9.66016960144043,1.1270596981048584,0.19382555782794952,-1.6100000143051147,-2.870000123977661,3.640000104904175,0.001246797163662436,resting,null
9,left,3363.3133076923077,1790663824817,10.002355575561523,1.019378900527954,0.18425391614437103,-1.6100000143051147,-2.870000123977661,3.640000104904175,0.003331169777555577,resting,null
9,right,3467.485,1790663824879,9.717599868774414,-4.333556652069092,0.3517574965953827,0.5600000023841858,-3.0799999237060547,-0.49000000953674316,0.5675149277346246,ascending,3
9,right,3467.4946153846154,1790663824879,10.571867942810059,-3.4529664516448975,0.3038993179798126,0.5600000023841858,-3.0799999237060547,-0.49000000953674316,0.5798303975927507,ascending,3
9,right,3467.504230769231,1790663824879,9.846817016601562,-3.7975451946258545,0.27518442273139954,0.5600000023841858,-3.0799999237060547,-0.49000000953674316,0.5867587788582717,ascending,3
9,right,3467.5138461538463,1790663824879,10.01671314239502,-3.1993181705474854,0.27997025847435,0.5600000023841858,-3.0799999237060547,-0.49000000953674316,0.5932132345385073,ascending,3
9,right,3467.5234615384616,1790663824879,9.356270790100098,-2.9337053298950195,0.3613291084766388,0.5600000023841858,-3.0799999237060547,-0.49000000953674316,0.5928519933521352,ascending,3
9,right,3467.5330769230773,1790663824879,8.825044631958008,-3.8382246494293213,0.26561281085014343,0.5600000023841858,-3.0799999237060547,-0.49000000953674316,0.590700712488196,ascending,3
9,right,3467.5426923076925,1790663824879,9.363449096679688,-3.625255823135376,0.3134709596633911,0.5600000023841858,-3.0799999237060547,-0.49000000953674316,0.5927005403969384,ascending,3
9,right,3467.5523076923077,1790663824879,9.315590858459473,-3.342892646789551,0.382865309715271,0.5600000023841858,-3.0799999237060547,-0.49000000953674316,0.5933378899886183,ascending,3
9,left,3363.325,1790663824891,9.932961463928223,2.1177237033843994,0.20818300545215607,-1.3300000429153442,-1.2599999904632568,6.300000190734863,0.007393539310024565,resting,null
9,left,3363.334615384615,1790663824891,9.518988609313965,0.16750356554985046,0.3038993179798126,-1.3300000429153442,-1.2599999904632568,6.300000190734863,0.0034756092702432637,resting,null
9,left,3363.3442307692308,1790663824891,9.672134399414062,2.579555034637451,0.29672059416770935,-1.3300000429153442,-1.2599999904632568,6.300000190734863,0.005156261992773074,resting,null
9,left,3363.353846153846,1790663824891,9.325162887573242,2.366586208343506,0.3134709596633911,-1.3300000429153442,-1.2599999904632568,6.300000190734863,0.003196415814331233,resting,null
9,left,3363.3634615384613,1790663824891,9.516595840454102,1.2443121671676636,0.26800569891929626,-1.3300000429153442,-1.2599999904632568,6.300000190734863,0.0011086010925597943,resting,null
9,left,3363.373076923077,1790663824891,9.621883392333984,1.5745335817337036,0.22971917688846588,-1.3300000429153442,-1.2599999904632568,6.300000190734863,0.0005782666103625954,resting,null
9,left,3363.382692307692,1790663824891,9.535738945007324,3.1083877086639404,0.20579010248184204,-1.3300000429153442,-1.2599999904632568,6.300000190734863,0.0018159958413625833,resting,null
9,left,3363.3923076923074,1790663824891,9.430450439453125,1.4429235458374023,0.20339718461036682,-1.3300000429153442,-1.2599999904632568,6.300000190734863,-0.0007470432827108875,resting,null
9,right,3467.561,1790663824955,9.339520454406738,-3.5654330253601074,0.3732936680316925,0.07000000029802322,-3.640000104904175,0.9100000262260437,0.5947812345248991,ascending,3
9,right,3467.5706153846154,1790663824955,8.772400856018066,-3.4194657802581787,0.44986671209335327,0.07000000029802322,-3.640000104904175,0.9100000262260437,0.5908002229811645,ascending,3
9,right,3467.580230769231,1790663824955,8.896832466125488,-3.4386088848114014,0.4235447347164154,0.07000000029802322,-3.640000104904175,0.9100000262260437,0.5880018949049326,ascending,3
9,right,3467.5898461538463,1790663824955,9.119372367858887,-2.979170560836792,0.46900999546051025,0.07000000029802322,-3.640000104904175,0.9100000262260437,0.5856764092511296,ascending,3
9,right,3467.5994615384616,1790663824955,9.4950590133667,-3.555861473083496,0.521653950214386,0.07000000029802322,-3.640000104904175,0.9100000262260437,0.5886837289473263,ascending,3
9,right,3467.6090769230773,1790663824955,8.368000030517578,-3.3548572063446045,0.5431901216506958,0.07000000029802322,-3.640000104904175,0.9100000262260437,0.5808779916484684,ascending,3
9,right,3467.6186923076925,1790663824955,8.298604965209961,-2.9600272178649902,0.5168681740760803,0.07000000029802322,-3.640000104904175,0.9100000262260437,0.5711185462054356,ascending,3
9,right,3467.6283076923078,1790663824955,8.423036575317383,-3.1107804775238037,0.5431901216506958,0.07000000029802322,-3.640000104904175,0.9100000262260437,0.5629994280311768,ascending,3
9,left,3363.404,1790663824981,9.499845504760742,1.5769264698028564,0.17946811020374298,-0.7699999809265137,-0.5600000023841858,-8.819999694824219,-0.0027973451401317006,resting,null
9,left,3363.4136153846152,1790663824981,9.909032821655273,1.3448143005371094,0.12203831225633621,-0.7699999809265137,-0.5600000023841858,-8.819999694824219,-0.0010016137278034303,resting,null
9,left,3363.423230769231,1790663824981,10.256004333496094,3.342892646789551,0.14357449114322662,-0.7699999809265137,-0.5600000023841858,-8.819999694824219,0.007429011785900046,resting,null
9,left,3363.432846153846,1790663824981,9.985605239868164,1.1342384815216064,0.011964540928602219,-0.7699999809265137,-0.5600000023841858,-8.819999694824219,0.009561565188850487,resting,null
9,left,3363.4424615384614,1790663824981,10.141144752502441,1.4836030006408691,0.07178724557161331,-0.7699999809265137,-0.5600000023841858,-8.819999694824219,0.01376264505304723,resting,null
9,left,3363.452076923077,1790663824981,9.030835151672363,2.4192299842834473,0.05264397710561752,-0.7699999809265137,-0.5600000023841858,-8.819999694824219,0.009047883937974066,resting,null
9,left,3363.4616923076924,1790663824981,9.334734916687012,1.2658483982086182,0.007178724277764559,-0.7699999809265137,-0.5600000023841858,-8.819999694824219,0.005233088598914233,resting,null
9,left,3363.4713076923076,1790663824981,9.619490623474121,2.2158329486846924,-0.01914326474070549,-0.7699999809265137,-0.5600000023841858,-8.819999694824219,0.005745462099857794,resting,null
9,right,3467.637,1790663825029,8.559432029724121,-3.577397584915161,0.5671192407608032,0.42000001668930054,-3.009999990463257,1.1200000047683716,0.5582018212318522,ascending,3
9,right,3467.6466153846154,1790663825029,9.150480270385742,-3.1371026039123535,0.5910483002662659,0.42000001668930054,-3.009999990463257,1.1200000047683716,0.5567394077287396,ascending,3
9,right,3467.656230769231,1790663825029,8.961441040039062,-3.232818841934204,0.6604426503181458,0.42000001668930054,-3.009999990463257,1.1200000047683716,0.5539211470829973,ascending,3
9,right,3467.6658461538464,1790663825029,8.762829780578613,-3.342892646789551,0.6580497026443481,0.42000001668930054,-3.009999990463257,1.1200000047683716,0.5496901815787021,ascending,3
9,right,3467.6754615384616,1790663825029,8.906403541564941,-3.0533506870269775,0.619763195514679,0.42000001668930054,-3.009999990463257,1.1200000047683716,0.5457710623368734,ascending,3
9,right,3467.6850769230773,1790663825029,8.994941711425781,-3.400322437286377,0.6125844717025757,0.42000001668930054,-3.009999990463257,1.1200000047683716,0.5438174403055048,ascending,3
9,right,3467.6946923076925,1790663825029,9.29644775390625,-3.3979294300079346,0.6149773597717285,0.42000001668930054,-3.009999990463257,1.1200000047683716,0.5445729238023588,ascending,3
9,right,3467.704307692308,1790663825029,9.66256332397461,-3.400322437286377,0.5192610621452332,0.42000001668930054,-3.009999990463257,1.1200000047683716,0.5486034370445754,ascending,3
9,left,3363.483,1790663825041,10.17464542388916,2.261298179626465,0.0047858161851763725,-0.9800000190734863,-1.4700000286102295,1.2599999904632568,0.012857648861016507,resting,null
9,left,3363.4926153846154,1790663825041,10.480937004089355,1.6750357151031494,-0.0023929080925881863,-0.9800000190734863,-1.4700000286102295,1.2599999904632568,0.02057419225486603,resting,null
9,left,3363.502230769231,1790663825041,10.098072052001953,2.1655819416046143,-0.014357448555529118,-0.9800000190734863,-1.4700000286102295,1.2599999904632568,0.0255244757507328,resting,null
9,left,3363.5118461538464,1790663825041,9.858781814575195,1.581712245941162,-0.055036887526512146,-0.9800000190734863,-1.4700000286102295,1.2599999904632568,0.027189974262079353,resting,null
9,left,3363.5214615384616,1790663825041,9.913818359375,1.643927812576294,-0.0909305065870285,-0.9800000190734863,-1.4700000286102295,1.2599999904632568,0.029483790320147005,resting,null
9,left,3363.5310769230773,1790663825041,10.064571380615234,1.7659661769866943,0.01914326474070549,-0.9800000190734863,-1.4700000286102295,1.2599999904632568,0.03342328477393369,resting,null
9,left,3363.5406923076926,1790663825041,10.272754669189453,0.9356270432472229,0.11007377505302429,-0.9800000190734863,-1.4700000286102295,1.2599999904632568,0,resting,null
9,left,3363.550307692308,1790663825041,10.361291885375977,3.244783401489258,0.1914326548576355,-0.9800000190734863,-1.4700000286102295,1.2599999904632568,0.009297949719819553,resting,null
9,right,3467.713,1790663825104,9.282090187072754,-3.5510756969451904,0.49772489070892334,1.0499999523162842,-1.0499999523162842,0.699999988079071,0.549602325484212,ascending,3
9,right,3467.7226153846154,1790663825104,10.27036190032959,-3.323749303817749,0.4809745252132416,1.0499999523162842,-1.0499999523162842,0.699999988079071,0.5588383234661438,ascending,3
9,right,3467.732230769231,1790663825104,10.232074737548828,-3.555861473083496,0.41875892877578735,1.0499999523162842,-1.0499999523162842,0.699999988079071,0.5684846313809214,ascending,3
9,right,3467.7418461538464,1790663825104,9.317984580993652,-3.469716787338257,0.41636601090431213,1.0499999523162842,-1.0499999523162842,0.699999988079071,0.5696039549121177,ascending,3
9,right,3467.7514615384616,1790663825104,9.839637756347656,-3.476895570755005,0.35654330253601074,1.0499999523162842,-1.0499999523162842,0.699999988079071,0.5754272969910192,ascending,3
9,right,3467.7610769230773,1790663825104,9.55009651184082,-3.3189635276794434,0.4307234585285187,1.0499999523162842,-1.0499999523162842,0.699999988079071,0.5781424951616766,ascending,3
9,right,3467.7706923076926,1790663825104,10.057393074035645,-3.9650487899780273,0.339792937040329,1.0499999523162842,-1.0499999523162842,0.699999988079071,0.5875392036134308,ascending,3
9,right,3467.780307692308,1790663825104,9.973641395568848,-3.6085054874420166,0.38765111565589905,1.0499999523162842,-1.0499999523162842,0.699999988079071,0.5950097596628368,ascending,3
9,left,3363.562,1790663825131,9.918603897094727,0.9978426694869995,0.15314611792564392,-1.190000057220459,-2.6600000858306885,10.079999923706055,0.010876723944250514,resting,null
9,left,3363.571615384615,1790663825131,9.413700103759766,1.5003533363342285,0.16271774470806122,-1.190000057220459,-2.6600000858306885,10.079999923706055,0.008238263056302741,resting,null
9,left,3363.581230769231,1790663825131,9.588382720947266,1.2706341743469238,0.19621846079826355,-1.190000057220459,-2.6600000858306885,10.079999923706055,0.006894020549999785,resting,null
9,left,3363.590846153846,1790663825131,9.93056869506836,2.2110471725463867,0.23450499773025513,-1.190000057220459,-2.6600000858306885,10.079999923706055,0.010304766667572426,resting,null
9,left,3363.6004615384613,1790663825131,9.341913223266602,0.6867645978927612,0.21775463223457336,-1.190000057220459,-2.6600000858306885,10.079999923706055,0.005718116823193431,resting,null
9,left,3363.610076923077,1790663825131,9.74870777130127,1.0409150123596191,0.23689790070056915,-1.190000057220459,-2.6600000858306885,10.079999923706055,0.005566855060389224,resting,null
9,left,3363.6196923076923,1790663825131,9.262947082519531,2.5628044605255127,0.26561281085014343,-1.190000057220459,-2.6600000858306885,10.079999923706055,0.0031519819424329462,resting,null
9,left,3363.6293076923075,1790663825131,9.55727481842041,0.07896596938371658,0.21775463223457336,-1.190000057220459,-2.6600000858306885,10.079999923706055,-0.0002482962011338082,resting,null
9,right,3467.789,1790663825179,10.263182640075684,-3.598933696746826,0.31825676560401917,0.699999988079071,-1.8899999856948853,1.399999976158142,0.604072628188596,ascending,3
9,right,3467.7986153846155,1790663825179,10.004748344421387,-3.7066147327423096,0.4235447347164154,0.699999988079071,-1.8899999856948853,1.399999976158142,0.6121524064581876,ascending,3
9,right,3467.808230769231,1790663825179,9.746315002441406,-3.584576368331909,0.3613291084766388,0.699999988079071,-1.8899999856948853,1.399999976158142,0.6174730646740354,ascending,3
9,right,3467.8178461538464,1790663825179,10.064571380615234,-3.809509754180908,0.3421858549118042,0.699999988079071,-1.8899999856948853,1.399999976158142,0.6264017606293683,ascending,3
9,right,3467.8274615384616,1790663825179,9.672134399414062,-3.457752227783203,0.3326142132282257,0.699999988079071,-1.8899999856948853,1.399999976158142,0.630616435399544,ascending,3
9,right,3467.8370769230773,1790663825179,9.554882049560547,-3.479288339614868,0.3230426013469696,0.699999988079071,-1.8899999856948853,1.399999976158142,0.6338413247472029,ascending,3
9,right,3467.8466923076926,1790663825179,9.169623374938965,-3.8382246494293213,0.36850783228874207,0.699999988079071,-1.8899999856948853,1.399999976158142,0.6348008318411932,ascending,3
9,right,3467.856307692308,1790663825179,9.609918594360352,-3.1945323944091797,0.3613291084766388,0.699999988079071,-1.8899999856948853,1.399999976158142,0.6375884401376063,ascending,3
9,left,3363.642,1790663825207,8.76761531829834,1.9861136674880981,0.22971917688846588,-0.699999988079071,-2.1700000762939453,-8.470000267028809,-0.010804265222294235,resting,null
9,left,3363.651615384615,1790663825207,9.655384063720703,0.6556568145751953,0.2105759084224701,-0.699999988079071,-2.1700000762939453,-8.470000267028809,-0.012430697974757375,resting,null
9,left,3363.6612307692308,1790663825207,9.36823558807373,1.837753415107727,0.2225404530763626,-0.699999988079071,-2.1700000762939453,-8.470000267028809,-0.014948035595474026,resting,null
9,left,3363.670846153846,1790663825207,8.719757080078125,1.6152129173278809,0.21536172926425934,-0.699999988079071,-2.1700000762939453,-8.470000267028809,-0.023957609337455974,resting,null
9,left,3363.6804615384613,1790663825207,9.255768775939941,1.1629533767700195,0.22014755010604858,-0.699999988079071,-2.1700000762939453,-8.470000267028809,-0.028602559314830443,resting,null
9,left,3363.690076923077,1790663825207,9.03562068939209,1.9717562198638916,0.17946811020374298,-0.699999988079071,-2.1700000762939453,-8.470000267028809,-0.03403387999909931,resting,null
9,left,3363.699692307692,1790663825207,9.36823558807373,1.2538838386535645,0.16271774470806122,-0.699999988079071,-2.1700000762939453,-8.470000267028809,-0.03747722605263211,resting,null
9,left,3363.7093076923074,1790663825207,9.796566009521484,1.8664683103561401,0.11725249886512756,-0.699999988079071,-2.1700000762939453,-8.470000267028809,-0.03586800299637045,resting,null
9,right,3467.865,1790663825269,9.853995323181152,-3.697042942047119,0.40679436922073364,-0.5600000023841858,-3.5,1.1200000047683716,0.6436153876542662,ascending,3
9,right,3467.874615384615,1790663825269,9.6697416305542,-3.697042942047119,0.4259376525878906,-0.5600000023841858,-3.5,1.1200000047683716,0.6486265970784801,ascending,3
9,right,3467.8842307692307,1790663825269,9.624276161193848,-3.4529664516448975,0.5384043455123901,-0.5600000023841858,-3.5,1.1200000047683716,0.6524488307797756,ascending,3
9,right,3467.893846153846,1790663825269,9.28926944732666,-3.9171905517578125,0.44747382402420044,-0.5600000023841858,-3.5,1.1200000047683716,0.6547772395676551,ascending,3
9,right,3467.903461538461,1790663825269,9.344305992126465,-3.4529664516448975,0.5240468978881836,-0.5600000023841858,-3.5,1.1200000047683716,0.6560705535791979,ascending,3
9,right,3467.913076923077,1790663825269,9.425664901733398,-3.5175747871398926,0.49772489070892334,-0.5600000023841858,-3.5,1.1200000047683716,0.6583045374271098,ascending,3
9,right,3467.922692307692,1790663825269,9.033227920532227,-3.87172532081604,0.5336185097694397,-0.5600000023841858,-3.5,1.1200000047683716,0.6582132526205883,ascending,3
9,right,3467.9323076923074,1790663825269,8.803508758544922,-3.4266443252563477,0.5168681740760803,-0.5600000023841858,-3.5,1.1200000047683716,0.6545526537533239,ascending,3
9,left,3363.721,1790663825281,9.767850875854492,1.964577555656433,0.11246667802333832,-1.9600000381469727,0.14000000059604645,2.0299999713897705,-0.03404091143786776,resting,null
9,left,3363.7306153846152,1790663825281,9.868352890014648,1.4668526649475098,0.059822700917720795,-1.9600000381469727,0.14000000059604645,2.0299999713897705,-0.032417563902538395,resting,null
9,left,3363.740230769231,1790663825281,9.65299129486084,1.9597917795181274,0.06700142472982407,-1.9600000381469727,0.14000000059604645,2.0299999713897705,-0.032017308083113316,resting,null
9,left,3363.749846153846,1790663825281,9.437629699707031,1.6008554697036743,0.04307234659790993,-1.9600000381469727,0.14000000059604645,2.0299999713897705,-0.03425338330737202,resting,null
9,left,3363.7594615384614,1790663825281,9.270126342773438,1.3256710767745972,0.04546525329351425,-1.9600000381469727,0.14000000059604645,2.0299999713897705,-0.038521463456383895,resting,null
9,left,3363.769076923077,1790663825281,10.100464820861816,3.4170727729797363,0.12203831225633621,-1.9600000381469727,0.14000000059604645,2.0299999713897705,-0.03149169784291352,resting,null
9,left,3363.7786923076924,1790663825281,9.9832124710083,1.1677391529083252,0.011964540928602219,-1.9600000381469727,0.14000000059604645,2.0299999713897705,-0.029262667107982136,resting,null
9,left,3363.7883076923076,1790663825281,9.712814331054688,1.643927812576294,0.023929081857204437,-1.9600000381469727,0.14000000059604645,2.0299999713897705,-0.028823489478929043,resting,null
9,right,3467.94,1790663825329,9.698456764221191,-3.218461275100708,0.540797233581543,-1.1200000047683716,-3.9200000762939453,0.9800000190734863,0.6575104183615925,ascending,3
9,right,3467.9496153846153,1790663825329,9.641026496887207,-4.194767951965332,0.5336185097694397,-1.1200000047683716,-3.9200000762939453,0.9800000190734863,0.6639845886481993,ascending,3
9,right,3467.959230769231,1790663825329,8.798723220825195,-3.6659352779388428,0.600619912147522,-1.1200000047683716,-3.9200000762939453,0.9800000190734863,0.6611227459874867,ascending,3
9,right,3467.9688461538462,1790663825329,9.04519271850586,-3.3692145347595215,0.5814766883850098,-1.1200000047683716,-3.9200000762939453,0.9800000190734863,0.6594629859982108,ascending,3
9,right,3467.9784615384615,1790663825329,8.612075805664062,-3.2711052894592285,0.6580497026443481,-1.1200000047683716,-3.9200000762939453,0.9800000190734863,0.6536088613396475,ascending,3
9,right,3467.988076923077,1790663825329,9.203125,-3.912404775619507,0.5910483002662659,-1.1200000047683716,-3.9200000762939453,0.9800000190734863,0.6552289840995352,ascending,3
9,right,3467.9976923076924,1790663825329,9.27969741821289,-3.366821765899658,0.6365135312080383,-1.1200000047683716,-3.9200000762939453,0.9800000190734863,0.6556917152939695,ascending,3
9,right,3468.0073076923077,1790663825329,9.265339851379395,-3.6276485919952393,0.5982270240783691,-1.1200000047683716,-3.9200000762939453,0.9800000190734863,0.6569024422681956,ascending,3
9,left,3363.8,1790663825416,9.894675254821777,1.131845474243164,-0.03110780566930771,-1.9600000381469727,-0.14000000059604645,-0.9100000262260437,-0.027189637429900326,resting,null
9,left,3363.8096153846154,1790663825416,10.17464542388916,2.5316967964172363,-0.0023929080925881863,-1.9600000381469727,-0.14000000059604645,-0.9100000262260437,-0.020946056188236886,resting,null
9,left,3363.819230769231,1790663825416,9.944926261901855,1.3783150911331177,-0.035893622785806656,-1.9600000381469727,-0.14000000059604645,-0.9100000262260437,-0.01873823711824009,resting,null
9,left,3363.8288461538464,1790663825416,10.308648109436035,1.3137065172195435,0.0023929080925881863,-1.9600000381469727,-0.14000000059604645,-0.9100000262260437,-0.013178581215839286,resting,null
9,left,3363.8384615384616,1790663825416,9.775029182434082,2.2397620677948,0.011964540928602219,-1.9600000381469727,-0.14000000059604645,-0.9100000262260437,-0.01120432379520568,resting,null
9,left,3363.8480769230773,1790663825416,9.93056869506836,2.3091564178466797,-0.055036887526512146,-1.9600000381469727,-0.14000000059604645,-0.9100000262260437,-0.007637258805465005,resting,null
9,left,3363.8576923076926,1790663825416,9.71520709991455,1.3902796506881714,-0.06939433515071869,-1.9600000381469727,-0.14000000059604645,-0.9100000262260437,-0.007596174916348772,resting,null
9,left,3363.867307692308,1790663825416,10.26078987121582,3.105994701385498,-0.24407662451267242,-1.9600000381469727,-0.14000000059604645,-0.9100000262260437,0,resting,null
9,right,3468.016,1790663825418,9.105015754699707,-3.2926416397094727,0.6221560835838318,-0.9800000190734863,-3.569999933242798,0.9800000190734863,0.6556710606676781,ascending,3
9,right,3468.0256153846153,1790663825418,9.157659530639648,-3.9028329849243164,0.6293348073959351,-0.9800000190734863,-3.569999933242798,0.9800000190734863,0.656872494159849,ascending,3
9,right,3468.035230769231,1790663825418,8.93272590637207,-3.823867082595825,0.727444052696228,-0.9800000190734863,-3.569999933242798,0.9800000190734863,0.6558283493697374,ascending,3
9,right,3468.0448461538463,1790663825418,9.29644775390625,-2.8212387561798096,0.7394086122512817,-0.9800000190734863,-3.569999933242798,0.9800000190734863,0.6546144925654411,ascending,3
9,right,3468.0544615384615,1790663825418,8.028206825256348,-3.8956544399261475,0.7035149931907654,-0.9800000190734863,-3.569999933242798,0.9800000190734863,0.645701830359798,ascending,3
9,right,3468.064076923077,1790663825418,9.038013458251953,-2.366586208343506,0.6748000979423523,-0.9800000190734863,-3.569999933242798,0.9800000190734863,0.6405907094493632,ascending,3
9,right,3468.0736923076925,1790663825418,8.853759765625,-2.797309637069702,0.6819788217544556,-0.9800000190734863,-3.569999933242798,0.9800000190734863,0.6353150349309366,ascending,3
9,right,3468.0833076923077,1790663825418,8.698221206665039,-3.816688299179077,0.6077986359596252,-0.9800000190734863,-3.569999933242798,0.9800000190734863,0.6321056638011469,ascending,3
9,left,3363.879,1790663825446,9.569239616394043,0.600619912147522,-0.1316099464893341,-2.7300000190734863,-1.4700000286102295,-4.480000019073486,-0.003186187814411513,resting,null
9,left,3363.888615384615,1790663825446,9.39934253692627,2.2732627391815186,-0.06460852175951004,-2.7300000190734863,-1.4700000286102295,-4.480000019073486,-0.004700747905094337,resting,null
9,left,3363.898230769231,1790663825446,9.703242301940918,1.8329676389694214,-0.05264397710561752,-2.7300000190734863,-1.4700000286102295,-4.480000019073486,-0.004052696628023714,resting,null
9,left,3363.907846153846,1790663825446,9.877924919128418,0.9451987147331238,-0.055036887526512146,-2.7300000190734863,-1.4700000286102295,-4.480000019073486,-0.003214333656072847,resting,null
9,left,3363.9174615384613,1790663825446,9.861174583435059,1.8425391912460327,-0.028714897111058235,-2.7300000190734863,-1.4700000286102295,-4.480000019073486,-0.0010537443497668675,resting,null
9,left,3363.927076923077,1790663825446,9.535738945007324,1.306527853012085,-0.016750356182456017,-2.7300000190734863,-1.4700000286102295,-4.480000019073486,-0.0028652728750776383,resting,null
9,left,3363.9366923076923,1790663825446,9.274911880493164,1.356778860092163,0.014357448555529118,-2.7300000190734863,-1.4700000286102295,-4.480000019073486,-0.007058578616162633,resting,null
9,left,3363.9463076923075,1790663825446,9.341913223266602,2.3426570892333984,-0.035893622785806656,-2.7300000190734863,-1.4700000286102295,-4.480000019073486,-0.008972986323442398,resting,null
9,right,3468.092,1790663825494,9.229446411132812,-2.9624202251434326,0.600619912147522,-0.9100000262260437,-2.309999942779541,-0.7699999809265137,0,resting,null
9,right,3468.1016153846153,1790663825494,8.927940368652344,-3.8525819778442383,0.5671192407608032,-0.9100000262260437,-2.309999942779541,-0.7699999809265137,-0.0007357871391520775,resting,null
9,right,3468.111230769231,1790663825494,8.75804328918457,-3.49843168258667,0.5742979645729065,-0.9100000262260437,-2.309999942779541,-0.7699999809265137,-0.004204301960700837,resting,null
9,right,3468.1208461538463,1790663825494,9.085871696472168,-3.1586387157440186,0.5838695764541626,-0.9100000262260437,-2.309999942779541,-0.7699999809265137,-0.005889927713845353,resting,null
9,right,3468.1304615384615,1790663825494,8.647970199584961,-3.7640445232391357,0.5384043455123901,-0.9100000262260437,-2.309999942779541,-0.7699999809265137,-0.009443794589299965,resting,null
9,right,3468.1400769230772,1790663825494,8.877689361572266,-3.091637372970581,0.47858160734176636,-0.9100000262260437,-2.309999942779541,-0.7699999809265137,-0.013265563071109555,resting,null
9,right,3468.1496923076925,1790663825494,8.296212196350098,-2.8571321964263916,0.43550926446914673,-0.9100000262260437,-2.309999942779541,-0.7699999809265137,-0.023117110793731476,resting,null
9,right,3468.1593076923077,1790663825494,8.028206825256348,-2.634591817855835,0.2129688262939453,-0.9100000262260437,-2.309999942779541,-0.7699999809265137,-0.03620989605108114,resting,null
9,left,3363.959,1790663825521,9.191160202026367,1.3639576435089111,-0.023929081857204437,-2.309999942779541,-2.0999999046325684,2.1700000762939453,-0.015533414894439915,resting,null
9,left,3363.968615384615,1790663825521,9.093050956726074,1.9502201080322266,0.055036887526512146,-2.309999942779541,-2.0999999046325684,2.1700000762939453,-0.020460722205799357,resting,null
9,left,3363.978230769231,1790663825521,8.521145820617676,1.4501023292541504,0.09810923039913177,-2.309999942779541,-2.0999999046325684,2.1700000762939453,-0.03162826824509822,resting,null
9,left,3363.987846153846,1790663825521,8.860939025878906,2.4694812297821045,0.22971917688846588,-2.309999942779541,-2.0999999046325684,2.1700000762939453,-0.03787708991491384,resting,null
9,left,3363.9974615384613,1790663825521,7.841559886932373,1.3113136291503906,0.3350071310997009,-2.309999942779541,-2.0999999046325684,2.1700000762939453,-0.05569481894766428,resting,null
9,left,3364.007076923077,1790663825521,6.774322986602783,1.5984625816345215,0.3421858549118042,-2.309999942779541,-2.0999999046325684,2.1700000762939453,-0.08312516380662872,resting,null
9,left,3364.016692307692,1790663825521,6.4752092361450195,0.6317277550697327,0.260826975107193,-2.309999942779541,-2.0999999046325684,2.1700000762939453,-0.11498543902739194,resting,null
9,left,3364.0263076923075,1790663825521,6.295741081237793,2.1033661365509033,0.24407662451267242,-2.309999942779541,-2.0999999046325684,2.1700000762939453,-0.14608630124196517,resting,null
9,right,3468.169,1790663825569,7.930097579956055,-3.027028799057007,0.1316099464893341,-0.9800000190734863,-3.640000104904175,0.6299999952316284,-0.04897907736890276,resting,null
9,right,3468.178615384615,1790663825569,7.3797287940979,-2.8427748680114746,0.14596739411354065,-0.9800000190734863,-3.640000104904175,0.6299999952316284,-0.06720196929873685,resting,null
9,right,3468.188230769231,1790663825569,7.011220932006836,-2.7015931606292725,0.15314611792564392,-0.9800000190734863,-3.640000104904175,0.6299999952316284,-0.08920099123440223,resting,null
9,right,3468.197846153846,1790663825569,6.771929740905762,-2.8475606441497803,0.22014755010604858,-0.9800000190734863,-3.640000104904175,0.6299999952316284,-0.11281481345802845,resting,null
9,right,3468.2074615384613,1790663825569,7.571161270141602,-2.8499536514282227,0.22732627391815186,-0.9800000190734863,-3.640000104904175,0.6299999952316284,-0.12923136733981094,resting,null
9,right,3468.217076923077,1790663825569,7.34383487701416,-2.696807384490967,0.2895418703556061,-0.9800000190734863,-3.640000104904175,0.6299999952316284,-0.14818307201320877,descending,null
9,right,3468.2266923076922,1790663825569,6.891575336456299,-2.558018684387207,0.22493335604667664,-0.9800000190734863,-3.640000104904175,0.6299999952316284,-0.17168013492949358,descending,null
9,right,3468.2363076923075,1790663825569,5.865017890930176,-2.0124356746673584,0.16271774470806122,-0.9800000190734863,-3.640000104904175,0.6299999952316284,-0.20625975443769826,descending,null
9,left,3364.039,1790663825597,6.508709907531738,1.4764243364334106,0.20579010248184204,-2.0999999046325684,-1.6100000143051147,3.990000009536743,-0.18583118351159697,descending,null
9,left,3364.0486153846155,1790663825597,6.73603630065918,1.8903974294662476,0.21536172926425934,-2.0999999046325684,-1.6100000143051147,3.990000009536743,-0.21308258573149846,descending,null
9,left,3364.058230769231,1790663825597,6.314884662628174,1.170132040977478,0.18425391614437103,-2.0999999046325684,-1.6100000143051147,3.990000009536743,-0.2455055720843449,descending,null
9,left,3364.0678461538464,1790663825597,5.8913397789001465,1.2203831672668457,0.24407662451267242,-2.0999999046325684,-1.6100000143051147,3.990000009536743,-0.2818401867883147,descending,null
9,left,3364.0774615384616,1790663825597,5.2452545166015625,1.1940611600875854,0.3924369215965271,-2.0999999046325684,-1.6100000143051147,3.990000009536743,-0.32431824692090155,descending,null
9,left,3364.0870769230773,1790663825597,5.175860404968262,1.3687434196472168,0.3230426013469696,-2.0999999046325684,-1.6100000143051147,3.990000009536743,-0.3671506970655455,descending,null
9,left,3364.0966923076926,1790663825597,4.347914218902588,2.1105449199676514,0.11725249886512756,-2.0999999046325684,-1.6100000143051147,3.990000009536743,-0.41660127282632353,descending,null
9,left,3364.106307692308,1790663825597,6.496745586395264,0.20339718461036682,-0.0502510704100132,-2.0999999046325684,-1.6100000143051147,3.990000009536743,-0.44877914149622944,descending,null
9,right,3468.244,1790663825644,5.79083776473999,-2.1129379272460938,0.03110780566930771,-1.0499999523162842,-5.039999961853027,1.190000057220459,-0.23420467041801257,descending,null
9,right,3468.2536153846154,1790663825644,5.630512714385986,-2.270869731903076,0.10768086463212967,-1.0499999523162842,-5.039999961853027,1.190000057220459,-0.27000269870029114,descending,null
9,right,3468.263230769231,1790663825644,5.836302757263184,-2.292405843734741,0.24886244535446167,-1.0499999523162842,-5.039999961853027,1.190000057220459,-0.3038213388457211,descending,null
9,right,3468.2728461538463,1790663825644,5.903304100036621,-2.134474039077759,0.4737958014011383,-1.0499999523162842,-5.039999961853027,1.190000057220459,-0.3374979775804836,descending,null
9,right,3468.2824615384616,1790663825644,6.958576679229736,-2.54366135597229,0.648478090763092,-1.0499999523162842,-5.039999961853027,1.190000057220459,-0.3602370322556999,descending,null
9,right,3468.2920769230773,1790663825644,7.073436260223389,-2.8643109798431396,0.6700142621994019,-1.0499999523162842,-5.039999961853027,1.190000057220459,-0.3808365650375781,descending,null
9,right,3468.3016923076925,1790663825644,6.290955543518066,-2.902597427368164,0.8231604099273682,-1.0499999523162842,-5.039999961853027,1.190000057220459,-0.40827885759156113,descending,null
9,right,3468.3113076923078,1790663825644,6.252668857574463,-1.5099250078201294,0.7633376717567444,-1.0499999523162842,-5.039999961853027,1.190000057220459,-0.44081940911071826,descending,null
9,left,3364.118,1790663825686,6.7408223152160645,2.1751534938812256,-0.21536172926425934,-1.5399999618530273,1.5399999618530273,-6.440000057220459,-0.4811412662690558,descending,null
9,left,3364.127615384615,1790663825686,7.863095760345459,3.0964231491088867,-0.07896596938371658,-1.5399999618530273,1.5399999618530273,-6.440000057220459,-0.49554177802540506,descending,null
9,left,3364.137230769231,1790663825686,7.5280890464782715,1.9502201080322266,-0.3421858549118042,-1.5399999618530273,1.5399999618530273,-6.440000057220459,-0.5150228275921237,descending,null
9,left,3364.146846153846,1790663825686,6.59724760055542,0.27518442273139954,-0.260826975107193,-1.5399999618530273,1.5399999618530273,-6.440000057220459,-0.5461722758301967,descending,null
9,left,3364.1564615384614,1790663825686,5.932019233703613,1.1509888172149658,-0.01914326474070549,-1.5399999618530273,1.5399999618530273,-6.440000057220459,-0.5820881148565961,descending,null
9,left,3364.166076923077,1790663825686,5.419936656951904,1.5003533363342285,0.06700142472982407,-1.5399999618530273,1.5399999618530273,-6.440000057220459,-0.6222170659550984,descending,null
9,left,3364.1756923076923,1790663825686,6.4321370124816895,3.041386127471924,-0.021536173298954964,-1.5399999618530273,1.5399999618530273,-6.440000057220459,-0.650025968093954,descending,null
9,left,3364.1853076923076,1790663825686,8.164602279663086,2.7949166297912598,0.021536173298954964,-1.5399999618530273,1.5399999618530273,-6.440000057220459,-0.6618555944993478,descending,null
9,right,3468.32,1790663825735,5.120823383331299,-1.9789350032806396,0.5766908526420593,-0.3499999940395355,-5.809999942779541,0.699999988079071,-0.47801689388467167,descending,null
9,right,3468.3296153846154,1790663825735,5.4558305740356445,-2.141652822494507,0.39004403352737427,-0.3499999940395355,-5.809999942779541,0.699999988079071,-0.5156314952189687,descending,null
9,right,3468.339230769231,1790663825735,5.510867118835449,-2.5412683486938477,0.40918728709220886,-0.3499999940395355,-5.809999942779541,0.699999988079071,-0.5513677162189893,descending,null
9,right,3468.3488461538464,1790663825735,7.200260639190674,-2.7709875106811523,0.5264397859573364,-0.3499999940395355,-5.809999942779541,0.699999988079071,-0.5710999556774555,descending,null
9,right,3468.3584615384616,1790663825735,8.523538589477539,-3.3979294300079346,0.5742979645729065,-0.3499999940395355,-5.809999942779541,0.699999988079071,-0.5767846660339934,descending,null
9,right,3468.3680769230773,1790663825735,8.48285961151123,-3.7760090827941895,0.6054057478904724,-0.3499999940395355,-5.809999942779541,0.699999988079071,-0.5815240334501764,descending,null
9,right,3468.3776923076925,1790663825735,6.67621374130249,-2.6513421535491943,0.7226582169532776,-0.3499999940395355,-5.809999942779541,0.699999988079071,-0.6063019948635293,descending,null
9,right,3468.387307692308,1790663825735,6.087558269500732,-1.9167194366455078,0.7250511646270752,-0.3499999940395355,-5.809999942779541,0.699999988079071,-0.6388784025523149,descending,null
9,left,3364.197,1790663825763,9.169623374938965,2.249333620071411,-0.07418014854192734,-0.9800000190734863,2.1700000762939453,-0.699999988079071,-0.6658757679004053,descending,null
9,left,3364.2066153846154,1790663825763,8.494823455810547,2.0411505699157715,-0.13400284945964813,-0.9800000190734863,2.1700000762939453,-0.699999988079071,-0.6759210489913295,descending,null
9,left,3364.216230769231,1790663825763,6.99686336517334,0.600619912147522,-0.24646952748298645,-0.9800000190734863,2.1700000762939453,-0.699999988079071,-0.7027287332293889,descending,null
9,left,3364.2258461538463,1790663825763,7.169152736663818,0.5025107264518738,-0.18903973698616028,-0.9800000190734863,2.1700000762939453,-0.699999988079071,-0.728061326601179,descending,null
9,left,3364.2354615384615,1790663825763,7.212224960327148,2.6106626987457275,-0.2129688262939453,-0.9800000190734863,2.1700000762939453,-0.699999988079071,-0.7491461464764305,descending,null
9,left,3364.2450769230772,1790663825763,8.176567077636719,1.9238981008529663,0.007178724277764559,-0.9800000190734863,2.1700000762939453,-0.699999988079071,-0.7623648770974724,descending,null
9,left,3364.2546923076925,1790663825763,9.11458683013916,1.7683590650558472,-0.0047858161851763725,-0.9800000190734863,2.1700000762939453,-0.699999988079071,-0.7670163662788148,descending,null
9,left,3364.2643076923077,1790663825763,9.157659530639648,1.7540016174316406,0.181861013174057,-0.9800000190734863,2.1700000762939453,-0.699999988079071,-0.7712812919418107,descending,null
9,right,3468.396,1790663825825,4.735565185546875,-1.5099250078201294,0.7776951193809509,0.21000000834465027,-5.110000133514404,1.75,-0.6805376447039684,descending,null
9,right,3468.4056153846154,1790663825825,7.8032732009887695,-0.8423036336898804,0.6700142621994019,0.21000000834465027,-5.110000133514404,1.75,-0.7013730871562741,descending,null
9,right,3468.415230769231,1790663825825,8.693434715270996,-2.7494513988494873,0.5144752264022827,0.21000000834465027,-5.110000133514404,1.75,-0.7077040928232804,descending,null
9,right,3468.4248461538464,1790663825825,8.841794967651367,-3.448180675506592,0.4809745252132416,0.21000000834465027,-5.110000133514404,1.75,-0.710319423405212,descending,null
9,right,3468.4344615384616,1790663825825,9.638633728027344,-3.6443989276885986,0.31825676560401917,0.21000000834465027,-5.110000133514404,1.75,-0.7051467956291887,descending,null
9,right,3468.4440769230773,1790663825825,9.112194061279297,-3.1155662536621094,0.26561281085014343,0.21000000834465027,-5.110000133514404,1.75,-0.7065194444459155,descending,null
9,right,3468.4536923076926,1790663825825,9.798958778381348,-3.704221725463867,0.14357449114322662,0.21000000834465027,-5.110000133514404,1.75,-0.6997440896776642,descending,null
9,right,3468.463307692308,1790663825825,9.597954750061035,-3.843010425567627,0.09571632742881775,0.21000000834465027,-5.110000133514404,1.75,-0.6943104490203381,descending,null
9,left,3364.276,1790663825838,9.021263122558594,2.8619179725646973,0.32782840728759766,0.699999988079071,-0.21000000834465027,9.520000457763672,-0.7755461507190915,descending,null
9,left,3364.285615384615,1790663825838,9.250982284545898,1.079201579093933,0.36850783228874207,0.699999988079071,-0.21000000834465027,9.520000457763672,-0.7801373486556157,descending,null
9,left,3364.295230769231,1790663825838,9.009299278259277,1.4668526649475098,0.39004403352737427,0.699999988079071,-0.21000000834465027,9.520000457763672,-0.7862961568871784,descending,null
9,left,3364.304846153846,1790663825838,9.442415237426758,1.3543859720230103,0.46661707758903503,0.699999988079071,-0.21000000834465027,9.520000457763672,-0.7885442680707854,descending,null
9,left,3364.3144615384613,1790663825838,8.94229793548584,2.3833365440368652,0.4522596299648285,0.699999988079071,-0.21000000834465027,9.520000457763672,-0.7937045127499255,descending,null
9,left,3364.324076923077,1790663825838,9.605133056640625,0.964341938495636,0.363722026348114,0.699999988079071,-0.21000000834465027,9.520000457763672,-0.7950742209819167,descending,null
9,left,3364.333692307692,1790663825838,10.299076080322266,2.4766597747802734,0.2895418703556061,0.699999988079071,-0.21000000834465027,9.520000457763672,-0.7872736764861139,descending,null
9,left,3364.3433076923075,1790663825838,9.949711799621582,3.2495691776275635,0.26561281085014343,0.699999988079071,-0.21000000834465027,9.520000457763672,-0.7814414753545191,descending,null
9,right,3468.472,1790663825914,9.373021125793457,-3.0246357917785645,0.12682412564754486,2.1700000762939453,-4.059999942779541,1.399999976158142,-0.6937448836695307,descending,null
9,right,3468.4816153846155,1790663825914,9.853995323181152,-2.0220072269439697,0.17946811020374298,2.1700000762939453,-4.059999942779541,1.399999976158142,-0.6921787053568085,descending,null
9,right,3468.491230769231,1790663825914,10.296683311462402,-3.6563634872436523,0.17707519233226776,2.1700000762939453,-4.059999942779541,1.399999976158142,-0.6810859010278211,descending,null
9,right,3468.5008461538464,1790663825914,10.473758697509766,-3.7640445232391357,0.29672059416770935,2.1700000762939453,-4.059999942779541,1.399999976158142,-0.6680180814523372,descending,null
9,right,3468.5104615384616,1790663825914,11.165308952331543,-3.878904104232788,0.39004403352737427,2.1700000762939453,-4.059999942779541,1.399999976158142,-0.6483249642613068,descending,null
9,right,3468.5200769230773,1790663825914,11.131808280944824,-4.5632758140563965,0.3206496834754944,2.1700000762939453,-4.059999942779541,1.399999976158142,-0.6266525618284925,descending,null
9,right,3468.5296923076926,1790663825914,11.079164505004883,-3.5869691371917725,0.3541503846645355,2.1700000762939453,-4.059999942779541,1.399999976158142,-0.6087436146522212,descending,null
9,right,3468.539307692308,1790663825914,10.430685997009277,-3.204103946685791,0.48576033115386963,2.1700000762939453,-4.059999942779541,1.399999976158142,-0.5979339871590756,descending,null
9,left,3364.355,1790663825927,9.791779518127441,2.529303789138794,0.2919347882270813,1.4700000286102295,1.3300000429153442,-15.190000534057617,-0.7776376601060778,descending,null
9,left,3364.3646153846153,1790663825927,10.686727523803711,1.1820966005325317,0.1316099464893341,1.4700000286102295,1.3300000429153442,-15.190000534057617,-0.768476837051359,descending,null
9,left,3364.374230769231,1790663825927,9.961676597595215,2.768594741821289,0.11007377505302429,1.4700000286102295,1.3300000429153442,-15.190000534057617,-0.7632979247138535,descending,null
9,left,3364.383846153846,1790663825927,10.940375328063965,3.007885456085205,-0.0502510704100132,1.4700000286102295,1.3300000429153442,-15.190000534057617,-0.7484283903726803,descending,null
9,left,3364.3934615384615,1790663825927,11.088736534118652,2.7159507274627686,-0.03828652948141098,1.4700000286102295,1.3300000429153442,-15.190000534057617,-0.7326919670869866,descending,null
9,left,3364.403076923077,1790663825927,10.167466163635254,2.907383441925049,-0.1507532149553299,1.4700000286102295,1.3300000429153442,-15.190000534057617,-0.72524924060712,descending,null
9,left,3364.4126923076924,1790663825927,8.9590482711792,1.0026284456253052,-0.260826975107193,1.4700000286102295,1.3300000429153442,-15.190000534057617,-0.7329145449816863,descending,null
9,left,3364.4223076923076,1790663825927,8.844188690185547,1.3519930839538574,-0.1722893863916397,1.4700000286102295,1.3300000429153442,-15.190000534057617,-0.7409681047629697,descending,null
9,right,3468.548,1790663825944,9.691277503967285,-3.1251380443573,0.6771929860115051,2.0999999046325684,-7.210000038146973,-0.42000001668930054,-0.5943896300917316,descending,null
9,right,3468.557615384615,1790663825944,10.26796817779541,-3.7784018516540527,0.6771929860115051,2.0999999046325684,-7.210000038146973,-0.42000001668930054,-0.5830926925084552,descending,null
9,right,3468.5672307692307,1790663825944,9.48788070678711,-4.111016273498535,0.7489802241325378,2.0999999046325684,-7.210000038146973,-0.42000001668930054,-0.5777015887648876,descending,null
9,right,3468.576846153846,1790663825944,8.841794967651367,-2.8690967559814453,0.8566610813140869,2.0999999046325684,-7.210000038146973,-0.42000001668930054,-0.5822622731453005,descending,null
9,right,3468.586461538461,1790663825944,9.04519271850586,-2.7518444061279297,0.7800880670547485,2.0999999046325684,-7.210000038146973,-0.42000001668930054,-0.5853876760897708,descending,null
9,right,3468.596076923077,1790663825944,8.951869010925293,-2.804488182067871,0.7729093432426453,2.0999999046325684,-7.210000038146973,-0.42000001668930054,-0.5891736596489812,descending,null
9,right,3468.605692307692,1790663825944,10.19857406616211,-3.7712230682373047,0.6652284264564514,2.0999999046325684,-7.210000038146973,-0.42000001668930054,-0.5785272414583239,descending,null
9,right,3468.6153076923074,1790663825944,11.069592475891113,-4.5991692543029785,0.5958341360092163,2.0999999046325684,-7.210000038146973,-0.42000001668930054,-0.5572923559421029,descending,null
9,left,3364.434,1790663826002,10.098072052001953,2.172760486602783,-0.023929081857204437,2.5199999809265137,2.1700000762939453,5.809999942779541,-0.7344351326671805,descending,null
9,left,3364.4436153846154,1790663826002,11.15573787689209,2.6465563774108887,0.08614469319581985,2.5199999809265137,2.1700000762939453,5.809999942779541,-0.7181743858680968,descending,null
9,left,3364.453230769231,1790663826002,11.70132064819336,2.380943536758423,0.13639576733112335,2.5199999809265137,2.1700000762939453,5.809999942779541,-0.6973097259233171,descending,null
9,left,3364.4628461538464,1790663826002,11.330419540405273,2.072258472442627,0.16750356554985046,2.5199999809265137,2.1700000762939453,5.809999942779541,-0.6805386776487552,descending,null
9,left,3364.4724615384616,1790663826002,11.4404935836792,2.8068811893463135,0.2129688262939453,2.5199999809265137,2.1700000762939453,5.809999942779541,-0.6613145992367283,descending,null
9,left,3364.4820769230773,1790663826002,11.251453399658203,2.050722122192383,0.25843408703804016,2.5199999809265137,2.1700000762939453,5.809999942779541,-0.6453319773286159,descending,null
9,left,3364.4916923076926,1790663826002,10.777658462524414,1.8066456317901611,0.36611494421958923,2.5199999809265137,2.1700000762939453,5.809999942779541,-0.6342643126147417,descending,null
9,left,3364.501307692308,1790663826002,11.004983901977539,1.830574631690979,0.44268798828125,2.5199999809265137,2.1700000762939453,5.809999942779541,-0.6209948396579984,descending,null
9,right,3468.624,1790663826019,10.899696350097656,-4.455595016479492,0.48815324902534485,4.900000095367432,-5.599999904632568,1.5399999618530273,-0.5399345221673382,descending,null
9,right,3468.633615384615,1790663826019,11.069592475891113,-3.6491849422454834,0.46661707758903503,4.900000095367432,-5.599999904632568,1.5399999618530273,-0.5219067399060886,descending,null
9,right,3468.6432307692307,1790663826019,10.612546920776367,-4.070336818695068,0.4714028835296631,4.900000095367432,-5.599999904632568,1.5399999618530273,-0.506600102287565,descending,null
9,right,3468.652846153846,1790663826019,11.091129302978516,-4.07990837097168,0.4211518168449402,4.900000095367432,-5.599999904632568,1.5399999618530273,-0.48696657273634125,descending,null
9,right,3468.6624615384612,1790663826019,10.37325668334961,-4.28809118270874,0.2919347882270813,4.900000095367432,-5.599999904632568,1.5399999618530273,-0.47313439643286037,descending,null
9,right,3468.672076923077,1790663826019,10.454615592956543,-3.8477962017059326,0.16750356554985046,4.900000095367432,-5.599999904632568,1.5399999618530273,-0.4600805562740424,descending,null
9,right,3468.681692307692,1790663826019,10.004748344421387,-3.491252899169922,0.07896596938371658,4.900000095367432,-5.599999904632568,1.5399999618530273,-0.4522926192722688,descending,null
9,right,3468.6913076923074,1790663826019,9.770243644714355,-3.646791934967041,0.0502510704100132,4.900000095367432,-5.599999904632568,1.5399999618530273,-0.4461035027620381,descending,null
9,left,3364.514,1790663826076,10.409150123596191,1.9310768842697144,0.6030128598213196,3.430000066757202,1.399999976158142,6.230000019073486,-0.6106144854137447,descending,null
9,left,3364.5236153846154,1790663826076,10.358899116516113,1.1677391529083252,0.48576033115386963,3.430000066757202,1.399999976158142,6.230000019073486,-0.6046351060706914,descending,null
9,left,3364.533230769231,1790663826076,11.194024085998535,1.7563945055007935,0.4235447347164154,3.430000066757202,1.399999976158142,6.230000019073486,-0.5897018954217046,descending,null
9,left,3364.5428461538463,1790663826076,11.081557273864746,2.699200391769409,0.3613291084766388,3.430000066757202,1.399999976158142,6.230000019073486,-0.5741416793085244,descending,null
9,left,3364.5524615384616,1790663826076,10.78244400024414,2.0196144580841064,0.17707519233226776,3.430000066757202,1.399999976158142,6.230000019073486,-0.5626718811437956,descending,null
9,left,3364.5620769230773,1790663826076,11.031306266784668,0.540797233581543,0.05264397710561752,3.430000066757202,1.399999976158142,6.230000019073486,-0.5514733389776088,descending,null
9,left,3364.5716923076925,1790663826076,10.81594467163086,2.347442865371704,0.10768086463212967,3.430000066757202,1.399999976158142,6.230000019073486,-0.5391307994725656,descending,null
9,left,3364.5813076923077,1790663826076,11.665427207946777,0.765730619430542,0.2895418703556061,3.430000066757202,1.399999976158142,6.230000019073486,-0.5214910978497482,descending,null
9,right,3468.7,1790663826094,10.454615592956543,-3.378786325454712,0.18903973698616028,4.059999942779541,-6.789999961853027,0.14000000059604645,-0.4357218197379578,descending,null
9,right,3468.709615384615,1790663826094,10.35650634765625,-3.6156840324401855,0.3206496834754944,4.059999942779541,-6.789999961853027,0.14000000059604645,-0.42431514311196494,descending,null
9,right,3468.7192307692308,1790663826094,10.301469802856445,-3.864546537399292,0.4044014811515808,4.059999942779541,-6.789999961853027,0.14000000059604645,-0.4125697001026816,descending,null
9,right,3468.728846153846,1790663826094,10.066964149475098,-3.1323165893554688,0.5814766883850098,4.059999942779541,-6.789999961853027,0.14000000059604645,-0.4053421480137345,descending,null
9,right,3468.7384615384613,1790663826094,10.588618278503418,-2.488624334335327,0.5264397859573364,4.059999942779541,-6.789999961853027,0.14000000059604645,-0.3955321347647525,descending,null
9,right,3468.748076923077,1790663826094,11.174880981445312,-3.486467123031616,0.4522596299648285,4.059999942779541,-6.789999961853027,0.14000000059604645,-0.3771498317876449,descending,null
9,right,3468.757692307692,1790663826094,10.593403816223145,-4.328770637512207,0.5072965025901794,4.059999942779541,-6.789999961853027,0.14000000059604645,-0.3612493651767589,descending,null
9,right,3468.7673076923074,1790663826094,11.280168533325195,-2.6441633701324463,0.4546525478363037,4.059999942779541,-6.789999961853027,0.14000000059604645,-0.3446909606450006,descending,null
9,left,3364.593,1790663826152,11.840108871459961,1.8784328699111938,0.14596739411354065,4.269999980926514,2.309999942779541,-6.789999961853027,-0.4957234594267467,descending,null
9,left,3364.602615384615,1790663826152,11.038484573364258,0.5049036145210266,0.09810923039913177,4.269999980926514,2.309999942779541,-6.789999961853027,-0.4844904940828455,descending,null
9,left,3364.612230769231,1790663826152,10.559903144836426,0.6628355383872986,0.13878867030143738,4.269999980926514,2.309999942779541,-6.789999961853027,-0.47750018897905533,descending,null
9,left,3364.621846153846,1790663826152,10.291897773742676,1.966970443725586,0.14596739411354065,4.269999980926514,2.309999942779541,-6.789999961853027,-0.4708097142905684,descending,null
9,left,3364.6314615384613,1790663826152,10.765693664550781,1.4453164339065552,0.2010042816400528,4.269999980926514,2.309999942779541,-6.789999961853027,-0.46053999931003736,descending,null
9,left,3364.641076923077,1790663826152,11.78028678894043,0.8829830884933472,0.26561281085014343,4.269999980926514,2.309999942779541,-6.789999961853027,-0.4416402400506867,descending,null
9,left,3364.650692307692,1790663826152,12.194259643554688,1.3424214124679565,0.38765111565589905,4.269999980926514,2.309999942779541,-6.789999961853027,-0.41801614434339907,descending,null
9,left,3364.6603076923075,1790663826152,12.251689910888672,1.5745335817337036,0.5599405169487,4.269999980926514,2.309999942779541,-6.789999961853027,-0.39342581583090486,descending,null
9,right,3468.776,1790663826185,10.368471145629883,-3.381179094314575,0.5072965025901794,3.7100000381469727,-6.860000133514404,2.309999942779541,-0.3349805314592833,descending,null
9,right,3468.785615384615,1790663826185,9.432844161987305,-3.5391111373901367,0.521653950214386,3.7100000381469727,-6.860000133514404,2.309999942779541,-0.3321769346854456,descending,null
9,right,3468.795230769231,1790663826185,10.208146095275879,-2.452730894088745,0.4307234585285187,3.7100000381469727,-6.860000133514404,2.309999942779541,-0.3259320864008199,descending,null
9,right,3468.804846153846,1790663826185,10.0885009765625,-3.6587564945220947,0.4546525478363037,3.7100000381469727,-6.860000133514404,2.309999942779541,-0.3168288084870873,descending,null
9,right,3468.8144615384613,1790663826185,12.321084022521973,-3.5534684658050537,0.3924369215965271,3.7100000381469727,-6.860000133514404,2.309999942779541,-0.2879142951424982,descending,null
9,right,3468.824076923077,1790663826185,12.103328704833984,-3.955476999282837,0.27518442273139954,3.7100000381469727,-6.860000133514404,2.309999942779541,-0.25967821566520033,descending,null
9,right,3468.833692307692,1790663826185,11.998041152954102,-4.070336818695068,0.1698964685201645,3.7100000381469727,-6.860000133514404,2.309999942779541,-0.23204507469847785,descending,null
9,right,3468.8433076923075,1790663826185,11.124629974365234,-4.379021644592285,0.1698964685201645,3.7100000381469727,-6.860000133514404,2.309999942779541,-0.21131602388882023,descending,null
9,left,3364.672,1790663826242,11.567317962646484,2.1871180534362793,0.44986671209335327,3.430000066757202,1.6100000143051147,7.840000152587891,-0.3701516754469248,descending,null
9,left,3364.6816153846153,1790663826242,12.105722427368164,2.615448474884033,0.5671192407608032,3.430000066757202,1.6100000143051147,7.840000152587891,-0.3451719528556714,descending,null
9,left,3364.691230769231,1790663826242,11.988469123840332,1.6056413650512695,0.4809745252132416,3.430000066757202,1.6100000143051147,7.840000152587891,-0.32303792941772974,descending,null
9,left,3364.700846153846,1790663826242,11.768321990966797,0.8399107456207275,0.3206496834754944,3.430000066757202,1.6100000143051147,7.840000152587891,-0.3042803399687718,descending,null
9,left,3364.7104615384615,1790663826242,11.880788803100586,2.325906753540039,0.22732627391815186,3.430000066757202,1.6100000143051147,7.840000152587891,-0.2820371021714484,descending,null
9,left,3364.720076923077,1790663826242,11.801822662353516,2.1799392700195312,0.17707519233226776,3.430000066757202,1.6100000143051147,7.840000152587891,-0.2608036475604604,descending,null
9,left,3364.7296923076924,1790663826242,12.330655097961426,1.6056413650512695,0.32543548941612244,3.430000066757202,1.6100000143051147,7.840000152587891,-0.23547670400010356,descending,null
9,left,3364.7393076923076,1790663826242,12.91691780090332,2.093794584274292,0.4714028835296631,3.430000066757202,1.6100000143051147,7.840000152587891,-0.20378472446586074,descending,null
9,right,3468.851,1790663826289,11.567317962646484,-4.1564812660217285,0.25604116916656494,5.039999961853027,-6.650000095367432,0.8400000333786011,-0.19211041047705854,descending,null
9,right,3468.8606153846154,1790663826289,11.2658109664917,-4.64463472366333,0.29672059416770935,5.039999961853027,-6.650000095367432,0.8400000333786011,-0.16923162635337036,descending,null
9,right,3468.870230769231,1790663826289,10.636476516723633,-4.175624847412109,0.39961564540863037,5.039999961853027,-6.650000095367432,0.8400000333786011,-0.15356969704822404,descending,null
9,right,3468.8798461538463,1790663826289,11.14616584777832,-3.1658174991607666,0.5575475692749023,5.039999961853027,-6.650000095367432,0.8400000333786011,-0.13660812108558595,descending,null
9,right,3468.8894615384615,1790663826289,10.655619621276855,-5.037071704864502,0.47858160734176636,5.039999961853027,-6.650000095367432,0.8400000333786011,-0.1179371826984983,descending,null
9,right,3468.8990769230772,1790663826289,11.538602828979492,-4.321591854095459,0.4642241597175598,5.039999961853027,-6.650000095367432,0.8400000333786011,-0.09366475606417134,descending,null
9,right,3468.9086923076925,1790663826289,11.983683586120605,-4.845638751983643,0.3015064299106598,5.039999961853027,-6.650000095367432,0.8400000333786011,-0.0636787618731984,descending,null
9,right,3468.9183076923077,1790663826289,11.622354507446289,-3.8454031944274902,0.22014755010604858,5.039999961853027,-6.650000095367432,0.8400000333786011,-0.04027727579816967,descending,null
9,left,3364.752,1790663826317,12.866666793823242,2.6441633701324463,0.5599405169487,3.5,1.4700000286102295,6.789999961853027,-0.16141912514516266,descending,null
9,left,3364.761615384615,1790663826317,13.144244194030762,0.8207674622535706,0.3326142132282257,3.5,1.4700000286102295,6.789999961853027,-0.12965475064992205,descending,null
9,left,3364.771230769231,1790663826317,12.644125938415527,2.1966896057128906,0.36611494421958923,3.5,1.4700000286102295,6.789999961853027,-0.1004568999089675,descending,null
9,left,3364.780846153846,1790663826317,12.550803184509277,3.015064239501953,0.3613291084766388,3.5,1.4700000286102295,6.789999961853027,-0.07087972614581983,descending,null
9,left,3364.7904615384614,1790663826317,12.47422981262207,1.5721405744552612,0.3038993179798126,3.5,1.4700000286102295,6.789999961853027,-0.04429901019748715,descending,null
9,left,3364.800076923077,1790663826317,11.820965766906738,1.2108114957809448,0.19861137866973877,3.5,1.4700000286102295,6.789999961853027,-0.02448573054809856,descending,null
9,left,3364.8096923076923,1790663826317,10.325398445129395,2.5101606845855713,0.15553902089595795,3.5,1.4700000286102295,6.789999961853027,-0.016919423652956823,resting,null
9,left,3364.8193076923076,1790663826317,11.184452056884766,1.3041349649429321,0.055036887526512146,3.5,1.4700000286102295,6.789999961853027,-0.003040986178467552,resting,null
9,right,3468.927,1790663826319,11.517066955566406,-5.096894264221191,0.29672059416770935,4.480000019073486,-6.019999980926514,2.1700000762939453,-0.01624771235229527,resting,null
9,right,3468.9366153846154,1790663826319,11.59842586517334,-4.20194673538208,0.3541503846645355,4.480000019073486,-6.019999980926514,2.1700000762939453,0.0081037831178604,resting,null
9,right,3468.946230769231,1790663826319,10.466580390930176,-5.262004852294922,0.38765111565589905,4.480000019073486,-6.019999980926514,2.1700000762939453,0.02576800604815815,resting,null
9,right,3468.9558461538463,1790663826319,10.870981216430664,-4.508238792419434,0.42833054065704346,4.480000019073486,-6.019999980926514,2.1700000762939453,0.04457537667336579,resting,null
9,right,3468.9654615384616,1790663826319,9.341913223266602,-4.546525478363037,0.5001177787780762,4.480000019073486,-6.019999980926514,2.1700000762939453,0.049753503899960645,resting,null
9,right,3468.9750769230773,1790663826319,8.578575134277344,-4.429272651672363,0.4929390549659729,4.480000019073486,-6.019999980926514,2.1700000762939453,0.04768405354456962,resting,null
9,right,3468.9846923076925,1790663826319,8.633612632751465,-3.5797905921936035,0.5838695764541626,4.480000019073486,-6.019999980926514,2.1700000762939453,0.04325627144083965,resting,null
9,right,3468.9943076923078,1790663826319,9.648205757141113,-5.046643257141113,0.6604426503181458,4.480000019073486,-6.019999980926514,2.1700000762939453,0.05296190732699498,resting,null
9,left,3364.831,1790663826391,12.725484848022461,1.7563945055007935,0.021536173298954964,3.009999990463257,0.42000001668930054,1.9600000381469727,0.03242158225524819,resting,null
9,left,3364.8406153846154,1790663826391,13.981761932373047,2.7805593013763428,-0.04307234659790993,3.009999990463257,0.42000001668930054,1.9600000381469727,0.07500077230706378,resting,null
9,left,3364.850230769231,1790663826391,14.491451263427734,1.5075321197509766,-0.0047858161851763725,3.009999990463257,0.42000001668930054,1.9600000381469727,0.12052344041942885,resting,null
9,left,3364.8598461538463,1790663826391,13.18731689453125,2.6226272583007812,-0.011964540928602219,3.009999990463257,0.42000001668930054,1.9600000381469727,0.15528772591995715,resting,null
9,left,3364.8694615384616,1790663826391,12.861881256103516,2.024400234222412,-0.03110780566930771,3.009999990463257,0.42000001668930054,1.9600000381469727,0.18605886997161317,resting,null
9,left,3364.8790769230773,1790663826391,14.027227401733398,1.3687434196472168,0.17468228936195374,3.009999990463257,0.42000001668930054,1.9600000381469727,0.22696208341472435,ascending,4
9,left,3364.8886923076925,1790663826391,13.893224716186523,1.6965718269348145,0.17468228936195374,3.009999990463257,0.42000001668930054,1.9600000381469727,0.2670561757701765,ascending,4
9,left,3364.8983076923078,1790663826391,13.29021167755127,1.6367491483688354,0.2943277060985565,3.009999990463257,0.42000001668930054,1.9600000381469727,0.3013444292256453,ascending,4
9,right,3469.004,1790663826394,12.749414443969727,-3.9243693351745605,0.7896596789360046,4.550000190734863,-0.3499999940395355,0.9100000262260437,0.08698870612389112,resting,null
9,right,3469.013615384615,1790663826394,12.809237480163574,-5.22611141204834,0.825553297996521,4.550000190734863,-0.3499999940395355,0.9100000262260437,0.1257118571097176,resting,null
9,right,3469.023230769231,1790663826394,12.146401405334473,-4.850424766540527,0.7298369407653809,4.550000190734863,-0.3499999940395355,0.9100000262260437,0.15716881784662715,resting,null
9,right,3469.032846153846,1790663826394,12.199045181274414,-4.876746654510498,0.667621374130249,4.550000190734863,-0.3499999940395355,0.9100000262260437,0.18916644753386477,ascending,4
9,right,3469.0424615384613,1790663826394,11.761143684387207,-5.305077075958252,0.7370156645774841,4.550000190734863,-0.3499999940395355,0.9100000262260437,0.2186887651970963,ascending,4
9,right,3469.052076923077,1790663826394,13.428999900817871,-5.135180950164795,0.6341206431388855,4.550000190734863,-0.3499999940395355,0.9100000262260437,0.26258512926708244,ascending,4
9,right,3469.0616923076923,1790663826394,12.668055534362793,-4.86956787109375,0.5288326740264893,4.550000190734863,-0.3499999940395355,0.9100000262260437,0.29870426585314613,ascending,4
9,right,3469.0713076923075,1790663826394,12.234938621520996,-5.206967830657959,0.45943835377693176,4.550000190734863,-0.3499999940395355,0.9100000262260437,0.3320604750508406,ascending,4
9,right,3469.08,1790663826486,11.318455696105957,-4.611134052276611,0.37568655610084534,3.2200000286102295,-2.799999952316284,1.190000057220459,0.3529122936805533,ascending,4
9,right,3469.089615384615,1790663826486,11.51945972442627,-4.955712795257568,0.34936457872390747,3.2200000286102295,-2.799999952316284,1.190000057220459,0.3789598991330267,ascending,4
9,right,3469.099230769231,1790663826486,11.844895362854004,-5.046643257141113,0.21536172926425934,3.2200000286102295,-2.799999952316284,1.190000057220459,0.4082079412447612,ascending,4
9,right,3469.108846153846,1790663826486,12.952811241149902,-4.828888416290283,0.16750356554985046,3.2200000286102295,-2.799999952316284,1.190000057220459,0.44661980049238664,ascending,4
9,right,3469.1184615384614,1790663826486,13.160994529724121,-4.879139423370361,0.11007377505302429,3.2200000286102295,-2.799999952316284,1.190000057220459,0.4870451383673017,ascending,4
9,right,3469.128076923077,1790663826486,12.278011322021484,-4.302448749542236,0.13639576733112335,3.2200000286102295,-2.799999952316284,1.190000057220459,0.5175442572087691,ascending,4
9,right,3469.1376923076923,1790663826486,11.409385681152344,-4.706850051879883,0.14357449114322662,3.2200000286102295,-2.799999952316284,1.190000057220459,0.5416440983286767,ascending,4
9,right,3469.1473076923075,1790663826486,11.43331527709961,-4.070336818695068,0.05742979422211647,3.2200000286102295,-2.799999952316284,1.190000057220459,0.5637291763792638,ascending,4
9,left,3364.911,1790663826527,12.634554862976074,1.464459776878357,0.339792937040329,1.8899999856948853,-4.550000190734863,0.21000000834465027,0.33805338872601426,ascending,4
9,left,3364.9206153846153,1790663826527,12.055471420288086,1.7157150506973267,0.38525819778442383,1.8899999856948853,-4.550000190734863,0.21000000834465027,0.36072094983131053,ascending,4
9,left,3364.930230769231,1790663826527,12.026756286621094,1.9502201080322266,0.4833674430847168,1.8899999856948853,-4.550000190734863,0.21000000834465027,0.3834625541904603,ascending,4
9,left,3364.9398461538462,1790663826527,13.041349411010742,1.3089207410812378,0.5838695764541626,1.8899999856948853,-4.550000190734863,0.21000000834465027,0.41493109070431317,ascending,4
9,left,3364.9494615384615,1790663826527,13.364391326904297,1.3854937553405762,0.6604426503181458,1.8899999856948853,-4.550000190734863,0.21000000834465027,0.44957686345104414,ascending,4
9,left,3364.959076923077,1790663826527,12.435943603515625,1.1581674814224243,0.6580497026443481,1.8899999856948853,-4.550000190734863,0.21000000834465027,0.4750685716469314,ascending,4
9,left,3364.9686923076924,1790663826527,11.418957710266113,2.151224374771118,0.6173703074455261,1.8899999856948853,-4.550000190734863,0.21000000834465027,0.492292279074067,ascending,4
9,left,3364.9783076923077,1790663826527,11.5098876953125,1.6247845888137817,0.5958341360092163,1.8899999856948853,-4.550000190734863,0.21000000834465027,0.5096154429342774,ascending,4
9,right,3469.155,1790663826544,11.093522071838379,-6.2359185218811035,0.016750356182456017,1.4700000286102295,-2.380000114440918,-1.4700000286102295,0.584963840926424,ascending,4
9,right,3469.1646153846154,1790663826544,12.148794174194336,-3.926762104034424,0.07896596938371658,1.4700000286102295,-2.380000114440918,-1.4700000286102295,0.6129547400258584,ascending,4
9,right,3469.174230769231,1790663826544,11.593639373779297,-4.474738121032715,0.05742979422211647,1.4700000286102295,-2.380000114440918,-1.4700000286102295,0.637844578988522,ascending,4
9,right,3469.1838461538464,1790663826544,10.445043563842773,-4.1564812660217285,0.11725249886512756,1.4700000286102295,-2.380000114440918,-1.4700000286102295,0.6513305673208953,ascending,4
9,right,3469.1934615384616,1790663826544,10.45940113067627,-4.065550804138184,0.14596739411354065,1.4700000286102295,-2.380000114440918,-1.4700000286102295,0.6646266903415299,ascending,4
9,right,3469.2030769230773,1790663826544,9.961676597595215,-4.690099716186523,0.13639576733112335,1.4700000286102295,-2.380000114440918,-1.4700000286102295,0.6756362405303332,ascending,4
9,right,3469.2126923076926,1790663826544,10.227289199829102,-4.709243297576904,0.09571632742881775,1.4700000286102295,-2.380000114440918,-1.4700000286102295,0.6890922383801361,ascending,4
9,right,3469.222307692308,1790663826544,10.959519386291504,-3.6228628158569336,0.12443122267723083,1.4700000286102295,-2.380000114440918,-1.4700000286102295,0.7053055553708583,ascending,4
9,left,3364.99,1790663826556,11.24188232421875,1.103130578994751,0.6317277550697327,0.6299999952316284,-3.569999933242798,0.7699999809265137,0.5266891426191402,ascending,4
9,left,3364.999615384615,1790663826556,12.191866874694824,3.218461275100708,0.6054057478904724,0.6299999952316284,-3.569999933242798,0.7699999809265137,0.5527520211153275,ascending,4
9,left,3365.0092307692307,1790663826556,11.52663803100586,0.3230426013469696,0.5264397859573364,0.6299999952316284,-3.569999933242798,0.7699999809265137,0.568359933188731,ascending,4
9,left,3365.018846153846,1790663826556,10.937982559204102,1.6774286031723022,0.45704543590545654,0.6299999952316284,-3.569999933242798,0.7699999809265137,0.5802591636379731,ascending,4
9,left,3365.028461538461,1790663826556,10.28711223602295,1.7444299459457397,0.4953319728374481,0.6299999952316284,-3.569999933242798,0.7699999809265137,0.5860723739248221,ascending,4
9,left,3365.038076923077,1790663826556,11.028913497924805,0.8973405361175537,0.44986671209335327,0.6299999952316284,-3.569999933242798,0.7699999809265137,0.5977342771408033,ascending,4
9,left,3365.047692307692,1790663826556,11.158130645751953,2.115330696105957,0.5671192407608032,0.6299999952316284,-3.569999933242798,0.7699999809265137,0.6123558340796718,ascending,4
9,left,3365.0573076923074,1790663826556,11.024127960205078,1.3376356363296509,0.5527617931365967,0.6299999952316284,-3.569999933242798,0.7699999809265137,0.6246006197741513,ascending,4
9,left,3365.069,1790663826632,10.60776138305664,0.06221561133861542,0.46900999546051025,-1.4700000286102295,-2.7300000190734863,-3.2200000286102295,0.6325027352515159,ascending,4
9,left,3365.078615384615,1790663826632,10.062178611755371,1.964577555656433,0.5120823383331299,-1.4700000286102295,-2.7300000190734863,-3.2200000286102295,0.6364649333645342,ascending,4
9,left,3365.088230769231,1790663826632,10.409150123596191,1.3998512029647827,0.4115802049636841,-1.4700000286102295,-2.7300000190734863,-3.2200000286102295,0.6429089776870668,ascending,4
9,left,3365.097846153846,1790663826632,9.8085298538208,0.923662543296814,0.38765111565589905,-1.4700000286102295,-2.7300000190734863,-3.2200000286102295,0.6429748681131412,ascending,4
9,left,3365.1074615384614,1790663826632,10.849445343017578,1.809038519859314,0.5025107264518738,-1.4700000286102295,-2.7300000190734863,-3.2200000286102295,0.6541976010272074,ascending,4
9,left,3365.117076923077,1790663826632,9.641026496887207,0.6365135312080383,0.49772489070892334,-1.4700000286102295,-2.7300000190734863,-3.2200000286102295,0.6522922335981504,ascending,4
9,left,3365.1266923076923,1790663826632,10.050213813781738,0.8542681932449341,0.4211518168449402,-1.4700000286102295,-2.7300000190734863,-3.2200000286102295,0.654569259418743,ascending,4
9,left,3365.1363076923076,1790663826632,8.860939025878906,1.7635732889175415,0.5503688454627991,-1.4700000286102295,-2.7300000190734863,-3.2200000286102295,0.6468340619704945,ascending,4
9,right,3469.231,1790663826633,10.509652137756348,-4.673349380493164,0.13878867030143738,-0.9100000262260437,-1.75,0.49000000953674316,0.7196306280695736,ascending,4
9,right,3469.2406153846155,1790663826633,10.576653480529785,-3.6228628158569336,0.1603248417377472,-0.9100000262260437,-1.75,0.49000000953674316,0.7324035285348225,ascending,4
9,right,3469.250230769231,1790663826633,10.098072052001953,-3.5032174587249756,0.13639576733112335,-0.9100000262260437,-1.75,0.49000000953674316,0.7404713060604755,ascending,4
9,right,3469.2598461538464,1790663826633,9.528559684753418,-5.096894264221191,0.16750356554985046,-0.9100000262260437,-1.75,0.49000000953674316,0.7489826975178407,ascending,4
9,right,3469.2694615384617,1790663826633,9.36584186553955,-3.2854628562927246,0.19382555782794952,-0.9100000262260437,-1.75,0.49000000953674316,0.7497290239111927,ascending,4
9,right,3469.2790769230774,1790663826633,10.445043563842773,-3.3979294300079346,0.18425391614437103,-0.9100000262260437,-1.75,0.49000000953674316,0.7605465493649453,ascending,4
9,right,3469.2886923076926,1790663826633,9.45438003540039,-4.862389087677002,0.12921704351902008,-0.9100000262260437,-1.75,0.49000000953674316,0.7675471992526381,ascending,4
9,right,3469.298307692308,1790663826633,10.047821044921875,-3.3955366611480713,0.09332341700792313,-0.9100000262260437,-1.75,0.49000000953674316,0.7747761151409726,ascending,4
9,left,3365.148,1790663826707,9.796566009521484,0.3110780417919159,0.5312256217002869,-3.569999933242798,-2.380000114440918,0.49000000953674316,0.6458023459256124,ascending,4
9,left,3365.1576153846154,1790663826707,10.052606582641602,1.2897775173187256,0.5144752264022827,-3.569999933242798,-2.380000114440918,0.49000000953674316,0.6487348950378792,ascending,4
9,left,3365.167230769231,1790663826707,10.361291885375977,2.486231565475464,0.5264397859573364,-3.569999933242798,-2.380000114440918,0.49000000953674316,0.6562568632086881,ascending,4
9,left,3365.1768461538463,1790663826707,10.28711223602295,-1.4501023292541504,0.5264397859573364,-3.569999933242798,-2.380000114440918,0.49000000953674316,0.6576784175292774,ascending,4
9,left,3365.1864615384616,1790663826707,9.0978364944458,2.3929080963134766,0.3350071310997009,-3.569999933242798,-2.380000114440918,0.49000000953674316,0.6530030632960467,ascending,4
9,left,3365.1960769230773,1790663826707,9.29644775390625,-0.284756064414978,0.27757734060287476,-3.569999933242798,-2.380000114440918,0.49000000953674316,0.6465338435092562,ascending,4
9,left,3365.2056923076925,1790663826707,9.564454078674316,1.6941789388656616,0.27518442273139954,-3.569999933242798,-2.380000114440918,0.49000000953674316,0.6453183338435469,ascending,4
9,left,3365.2153076923078,1790663826707,9.980819702148438,2.079437017440796,0.3302213251590729,-3.569999933242798,-2.380000114440918,0.49000000953674316,0.6486184070436941,ascending,4
9,right,3469.307,1790663826709,9.351485252380371,-3.9650487899780273,0.11485958844423294,-2.0999999046325684,-1.9600000381469727,0.9100000262260437,0.7774482566576408,ascending,4
9,right,3469.316615384615,1790663826709,9.389771461486816,-3.828652858734131,0.04307234659790993,-2.0999999046325684,-1.9600000381469727,0.9100000262260437,0.7802697598758992,ascending,4
9,right,3469.3262307692307,1790663826709,10.229681968688965,-3.6707210540771484,0.07178724557161331,-2.0999999046325684,-1.9600000381469727,0.9100000262260437,0.7900672970961569,ascending,4
9,right,3469.335846153846,1790663826709,10.093286514282227,-3.890868663787842,0.09332341700792313,-2.0999999046325684,-1.9600000381469727,0.9100000262260437,0.7994041931963973,ascending,4
9,right,3469.345461538461,1790663826709,10.028677940368652,-4.434058666229248,0.1507532149553299,-2.0999999046325684,-1.9600000381469727,0.9100000262260437,0.8100519005880895,ascending,4
9,right,3469.355076923077,1790663826709,8.839402198791504,-2.3641932010650635,0.3517574965953827,-2.0999999046325684,-1.9600000381469727,0.9100000262260437,0.8028683838032353,ascending,4
9,right,3469.364692307692,1790663826709,9.466344833374023,-3.2854628562927246,0.3134709596633911,-2.0999999046325684,-1.9600000381469727,0.9100000262260437,0.8045029792244472,ascending,4
9,right,3469.3743076923074,1790663826709,8.944690704345703,-3.850189208984375,0.3326142132282257,-2.0999999046325684,-1.9600000381469727,0.9100000262260437,0.8034174436351977,ascending,4
9,right,3469.383,1790663826799,9.693670272827148,-3.295034408569336,0.3924369215965271,-3.990000009536743,-2.309999942779541,-1.9600000381469727,0.8067756201749051,ascending,4
9,right,3469.392615384615,1790663826799,9.679313659667969,-3.5391111373901367,0.43790218234062195,-3.990000009536743,-2.309999942779541,-1.9600000381469727,0.8112108373497777,ascending,4
9,right,3469.4022307692308,1790663826799,9.073907852172852,-3.6659352779388428,0.38765111565589905,-3.990000009536743,-2.309999942779541,-1.9600000381469727,0.8106473633907366,ascending,4
9,right,3469.411846153846,1790663826799,9.547703742980957,-3.342892646789551,0.4307234585285187,-3.990000009536743,-2.309999942779541,-1.9600000381469727,0.8132296557889334,ascending,4
9,right,3469.4214615384612,1790663826799,9.009299278259277,-3.598933696746826,0.5144752264022827,-3.990000009536743,-2.309999942779541,-1.9600000381469727,0.8118704934351899,ascending,4
9,right,3469.431076923077,1790663826799,9.466344833374023,-3.646791934967041,0.49054616689682007,-3.990000009536743,-2.309999942779541,-1.9600000381469727,0.8147779949104044,ascending,4
9,right,3469.440692307692,1790663826799,10.035856246948242,-3.105994701385498,0.48576033115386963,-3.990000009536743,-2.309999942779541,-1.9600000381469727,0.8209495211393649,ascending,4
9,right,3469.4503076923074,1790663826799,9.74870777130127,-3.709007501602173,0.4953319728374481,-3.990000009536743,-2.309999942779541,-1.9600000381469727,0.8266046254878036,ascending,4
9,left,3365.227,1790663826841,9.865960121154785,0.6365135312080383,0.19861137866973877,-5.599999904632568,-1.4700000286102295,11.970000267028809,0.6488535582904796,ascending,4
9,left,3365.236615384615,1790663826841,9.57402515411377,1.5984625816345215,0.18425391614437103,-5.599999904632568,-1.4700000286102295,11.970000267028809,0.6475664088765919,ascending,4
9,left,3365.246230769231,1790663826841,9.64341926574707,1.4189945459365845,0.2010042816400528,-5.599999904632568,-1.4700000286102295,11.970000267028809,0.6467019503001208,ascending,4
9,left,3365.255846153846,1790663826841,10.045428276062012,1.0696299076080322,0.15314611792564392,-5.599999904632568,-1.4700000286102295,11.970000267028809,0.6491953421121002,ascending,4
9,left,3365.2654615384613,1790663826841,9.887495994567871,1.485995888710022,0.12682412564754486,-5.599999904632568,-1.4700000286102295,11.970000267028809,0.650721500879757,ascending,4
9,left,3365.275076923077,1790663826841,9.918603897094727,0.7489802241325378,0.11725249886512756,-5.599999904632568,-1.4700000286102295,11.970000267028809,0.65160717185745,ascending,4
9,left,3365.2846923076922,1790663826841,9.9832124710083,1.208418607711792,0.06700142472982407,-5.599999904632568,-1.4700000286102295,11.970000267028809,0.6536806436407678,ascending,4
9,left,3365.2943076923075,1790663826841,9.650598526000977,1.4955675601959229,0.059822700917720795,-5.599999904632568,-1.4700000286102295,11.970000267028809,0.6529359810136811,ascending,4
9,right,3469.459,1790663826859,9.456772804260254,-3.2687125205993652,0.5240468978881836,-4.340000152587891,-2.5199999809265137,-0.42000001668930054,0.8279915314577433,ascending,4
9,right,3469.468615384615,1790663826859,9.030835151672363,-3.2160685062408447,0.5599405169487,-4.340000152587891,-2.5199999809265137,-0.42000001668930054,0.8255269282429629,ascending,4
9,right,3469.478230769231,1790663826859,8.68864917755127,-3.7544727325439453,0.648478090763092,-4.340000152587891,-2.5199999809265137,-0.42000001668930054,0.8218383838281835,ascending,4
9,right,3469.487846153846,1790663826859,9.2725191116333,-2.9265265464782715,0.6269419193267822,-4.340000152587891,-2.5199999809265137,-0.42000001668930054,0.8205789313729008,ascending,4
9,right,3469.4974615384613,1790663826859,10.184216499328613,-3.8334388732910156,0.708300769329071,-4.340000152587891,-2.5199999809265137,-0.42000001668930054,0.8306129897546795,ascending,4
9,right,3469.507076923077,1790663826859,10.246432304382324,-3.5438969135284424,0.7059078812599182,-4.340000152587891,-2.5199999809265137,-0.42000001668930054,0.8402224886423311,ascending,4
9,right,3469.516692307692,1790663826859,9.961676597595215,-4.1277666091918945,0.7130866050720215,-4.340000152587891,-2.5199999809265137,-0.42000001668930054,0.849253407923853,ascending,4
9,right,3469.5263076923075,1790663826859,8.360820770263672,-3.0533506870269775,0.8566610813140869,-4.340000152587891,-2.5199999809265137,-0.42000001668930054,0.8402685081842451,ascending,4
9,left,3365.306,1790663826872,9.629061698913574,1.1557745933532715,-0.0047858161851763725,-5.949999809265137,-1.4700000286102295,-3.0799999237060547,0.6512633862643545,ascending,4
9,left,3365.3156153846153,1790663826872,9.734350204467773,3.0892443656921387,0.12443122267723083,-5.949999809265137,-1.4700000286102295,-3.0799999237060547,0.6533280373504248,ascending,4
9,left,3365.325230769231,1790663826872,10.023892402648926,0.49054616689682007,0.016750356182456017,-5.949999809265137,-1.4700000286102295,-3.0799999237060547,0.6548959180220062,ascending,4
9,left,3365.3348461538462,1790663826872,10.667584419250488,2.3163349628448486,-0.1005021408200264,-5.949999809265137,-1.4700000286102295,-3.0799999237060547,0.6648571459920922,ascending,4
9,left,3365.3444615384615,1790663826872,9.095443725585938,1.3232781887054443,-0.16511066257953644,-5.949999809265137,-1.4700000286102295,-3.0799999237060547,0.6585817852903488,ascending,4
9,left,3365.354076923077,1790663826872,9.31319808959961,1.8856115341186523,-0.1914326548576355,-5.949999809265137,-1.4700000286102295,-3.0799999237060547,0.6551083373581756,ascending,4
9,left,3365.3636923076924,1790663826872,9.396949768066406,1.1150951385498047,-0.17946811020374298,-5.949999809265137,-1.4700000286102295,-3.0799999237060547,0.651447987986033,ascending,4
9,left,3365.3733076923077,1790663826872,10.52879524230957,2.3426570892333984,-0.2105759084224701,-5.949999809265137,-1.4700000286102295,-3.0799999237060547,0.6601655219027242,ascending,4
9,right,3469.535,1790663826934,9.334734916687012,-3.9243693351745605,0.7896596789360046,-4.900000095367432,-2.799999952316284,0.07000000029802322,0.8427322880108864,ascending,4
9,right,3469.544615384615,1790663826934,9.56684684753418,-3.3955366611480713,0.8901618123054504,-4.900000095367432,-2.799999952316284,0.07000000029802322,0.8457658309947076,ascending,4
9,right,3469.554230769231,1790663826934,10.629298210144043,-3.864546537399292,0.8781972527503967,-4.900000095367432,-2.799999952316284,0.07000000029802322,0.859943106015119,ascending,4
9,right,3469.563846153846,1790663826934,9.609918594360352,-3.8741180896759033,0.9212695956230164,-4.900000095367432,-2.799999952316284,0.07000000029802322,0.864995906245,ascending,4
9,right,3469.5734615384613,1790663826934,9.081086158752441,-3.785580635070801,0.8710185289382935,-4.900000095367432,-2.799999952316284,0.07000000029802322,0.8649882396531156,ascending,4
9,right,3469.583076923077,1790663826934,8.659934043884277,-3.3333208560943604,0.923662543296814,-4.900000095367432,-2.799999952316284,0.07000000029802322,0.8596710764846367,ascending,4
9,right,3469.5926923076922,1790663826934,9.346698760986328,-3.5654330253601074,0.8566610813140869,-4.900000095367432,-2.799999952316284,0.07000000029802322,0.8613075290735032,ascending,4
9,right,3469.6023076923075,1790663826934,10.007142066955566,-3.6372203826904297,0.8662327527999878,-4.900000095367432,-2.799999952316284,0.07000000029802322,0.8691273204587575,ascending,4
9,left,3365.386,1790663826946,10.69629955291748,1.5769264698028564,-0.22732627391815186,-6.789999961853027,-0.2800000011920929,5.670000076293945,0.6724522751898294,ascending,4
9,left,3365.395615384615,1790663826946,10.313433647155762,1.1246668100357056,-0.26800569891929626,-6.789999961853027,-0.2800000011920929,5.670000076293945,0.677526966644692,ascending,4
9,left,3365.405230769231,1790663826946,9.523774147033691,1.5553902387619019,-0.284756064414978,-6.789999961853027,-0.2800000011920929,5.670000076293945,0.6756329722433629,ascending,4
9,left,3365.414846153846,1790663826946,9.63624095916748,2.1057591438293457,-0.3015064299106598,-6.789999961853027,-0.2800000011920929,5.670000076293945,0.6755227891825162,ascending,4
9,left,3365.4244615384614,1790663826946,9.672134399414062,1.416601538658142,-0.3015064299106598,-6.789999961853027,-0.2800000011920929,5.670000076293945,0.6748704948006181,ascending,4
9,left,3365.434076923077,1790663826946,10.598190307617188,1.2419192790985107,-0.24407662451267242,-6.789999961853027,-0.2800000011920929,5.670000076293945,0.6828244905711964,ascending,4
9,left,3365.4436923076923,1790663826946,10.60776138305664,2.0052568912506104,-0.1507532149553299,-6.789999961853027,-0.2800000011920929,5.670000076293945,0.6918426839019137,ascending,4
9,left,3365.4533076923076,1790663826946,10.440258026123047,2.0483293533325195,-0.17468228936195374,-6.789999961853027,-0.2800000011920929,5.670000076293945,0.6993206419167943,ascending,4
9,right,3469.611,1790663827009,10.464186668395996,-4.134945392608643,0.6939433217048645,-5.389999866485596,-1.3300000429153442,-0.2800000011920929,0.8814074013827876,ascending,4
9,right,3469.620615384615,1790663827009,9.432844161987305,-2.7853450775146484,0.8542681932449341,-5.389999866485596,-1.3300000429153442,-0.2800000011920929,0.8811679397962537,ascending,4
9,right,3469.630230769231,1790663827009,9.088264465332031,-3.969834566116333,0.6915504336357117,-5.389999866485596,-1.3300000429153442,-0.2800000011920929,0.8818257970671298,ascending,4
9,right,3469.639846153846,1790663827009,8.021027565002441,-2.536482572555542,0.7609447836875916,-5.389999866485596,-1.3300000429153442,-0.2800000011920929,0.8680363106245226,ascending,4
9,right,3469.6494615384613,1790663827009,8.82983112335205,-3.1514599323272705,0.6077986359596252,-5.389999866485596,-1.3300000429153442,-0.2800000011920929,0.8635790471085678,ascending,4
9,right,3469.659076923077,1790663827009,8.968619346618652,-2.8762755393981934,0.7346227765083313,-5.389999866485596,-1.3300000429153442,-0.2800000011920929,0.8594767159761045,ascending,4
9,right,3469.6686923076923,1790663827009,10.60058307647705,-2.9815635681152344,0.7226582169532776,-5.389999866485596,-1.3300000429153442,-0.2800000011920929,0.8704201336615538,ascending,4
9,right,3469.6783076923075,1790663827009,9.492666244506836,-4.855210304260254,0.5049036145210266,-5.389999866485596,-1.3300000429153442,-0.2800000011920929,0.8776651857287838,ascending,4
9,left,3365.465,1790663827090,8.77479362487793,2.6585209369659424,-0.09571632742881775,-7.210000038146973,-2.1700000762939453,17.219999313354492,0.690055552119183,ascending,4
9,left,3365.4746153846154,1790663827090,9.437629699707031,2.424015998840332,-0.040679436177015305,-7.210000038146973,-2.1700000762939453,17.219999313354492,0.68844782900603,ascending,4
9,left,3365.484230769231,1790663827090,8.992548942565918,1.0576653480529785,-0.01914326474070549,-7.210000038146973,-2.1700000762939453,17.219999313354492,0.6808835040522548,ascending,4
9,left,3365.4938461538463,1790663827090,10.849445343017578,1.897576093673706,-0.07178724557161331,-7.210000038146973,-2.1700000762939453,17.219999313354492,0.6920416693657887,ascending,4
9,left,3365.5034615384616,1790663827090,10.526402473449707,1.1198810338974,-0.023929081857204437,-7.210000038146973,-2.1700000762939453,17.219999313354492,0.6991851221972544,ascending,4
9,left,3365.5130769230773,1790663827090,10.830302238464355,1.6032484769821167,0.06460852175951004,-7.210000038146973,-2.1700000762939453,17.219999313354492,0.7097844984503922,ascending,4
9,left,3365.5226923076925,1790663827090,9.638633728027344,1.801859736442566,0.11725249886512756,-7.210000038146973,-2.1700000762939453,17.219999313354492,0.7092319351446651,ascending,4
9,left,3365.5323076923078,1790663827090,9.145694732666016,1.521889567375183,0.260826975107193,-7.210000038146973,-2.1700000762939453,17.219999313354492,0.7036536172023199,ascending,4
9,right,3469.686,1790663827091,8.817866325378418,-3.548682689666748,0.5120823383331299,-5.110000133514404,-2.0999999046325684,-1.8899999856948853,0.8750701214798934,ascending,4
9,right,3469.6956153846154,1790663827091,8.987762451171875,-3.0509579181671143,0.363722026348114,-5.110000133514404,-2.0999999046325684,-1.8899999856948853,0.871636627727817,ascending,4
9,right,3469.705230769231,1790663827091,8.492430686950684,-3.5797905921936035,0.363722026348114,-5.110000133514404,-2.0999999046325684,-1.8899999856948853,0.8655359527111015,ascending,4
9,right,3469.7148461538463,1790663827091,9.088264465332031,-3.3835721015930176,0.3302213251590729,-5.110000133514404,-2.0999999046325684,-1.8899999856948853,0.8641241255346843,ascending,4
9,right,3469.7244615384616,1790663827091,9.509416580200195,-3.512789011001587,0.2919347882270813,-5.110000133514404,-2.0999999046325684,-1.8899999856948853,0.8669281574312167,ascending,4
9,right,3469.7340769230773,1790663827091,8.22203254699707,-2.747058391571045,0.39722275733947754,-5.110000133514404,-2.0999999046325684,-1.8899999856948853,0.8556043102246377,ascending,4
9,right,3469.7436923076925,1790663827091,8.726935386657715,-2.7279152870178223,0.3110780417919159,-5.110000133514404,-2.0999999046325684,-1.8899999856948853,0.8487569547973673,ascending,4
9,right,3469.7533076923078,1790663827091,8.40389347076416,-3.1921393871307373,0.43550926446914673,-5.110000133514404,-2.0999999046325684,-1.8899999856948853,0.8405760385969997,ascending,4
9,left,3365.545,1790663827111,9.73195743560791,2.115330696105957,0.2727915346622467,-7,-2.380000114440918,-0.9100000262260437,0.7045955959121736,ascending,4
9,left,3365.5546153846153,1790663827111,9.341913223266602,1.5099250078201294,0.260826975107193,-7,-2.380000114440918,-0.9100000262260437,0.7008959892567761,ascending,4
9,left,3365.564230769231,1790663827111,9.502238273620605,2.2589051723480225,0.26800569891929626,-7,-2.380000114440918,-0.9100000262260437,0.6996234028385582,ascending,4
9,left,3365.5738461538463,1790663827111,9.444808006286621,1.433351993560791,0.2536482512950897,-7,-2.380000114440918,-0.9100000262260437,0.6968283103330694,ascending,4
9,left,3365.5834615384615,1790663827111,9.607525825500488,1.3328498601913452,0.23929080367088318,-7,-2.380000114440918,-0.9100000262260437,0.6954679095686996,ascending,4
9,left,3365.593076923077,1790663827111,10.19857406616211,2.1249024868011475,0.24407662451267242,-7,-2.380000114440918,-0.9100000262260437,0.7007164998757865,ascending,4
9,left,3365.6026923076925,1790663827111,9.803744316101074,2.9121692180633545,0.24646952748298645,-7,-2.380000114440918,-0.9100000262260437,0.703196803427423,ascending,4
9,left,3365.6123076923077,1790663827111,9.325162887573242,1.05048668384552,0.2895418703556061,-7,-2.380000114440918,-0.9100000262260437,0.6988003446749709,ascending,4
9,right,3469.762,1790663827159,9.229446411132812,-3.2064969539642334,0.32782840728759766,-5.670000076293945,-0.9800000190734863,-1.1200000047683716,0.8399311457495913,ascending,4
9,right,3469.7716153846154,1790663827159,8.951869010925293,-3.1251380443573,0.35654330253601074,-5.670000076293945,-0.9800000190734863,-1.1200000047683716,0.8364554626431723,ascending,4
9,right,3469.781230769231,1790663827159,8.442179679870605,-3.09881591796875,0.32543548941612244,-5.670000076293945,-0.9800000190734863,-1.1200000047683716,0.8282872145938815,ascending,4
9,right,3469.7908461538464,1790663827159,7.831988334655762,-2.4192299842834473,0.2632198929786682,-5.670000076293945,-0.9800000190734863,-1.1200000047683716,0.8123679806620479,ascending,4
9,right,3469.8004615384616,1790663827159,8.346463203430176,-2.4694812297821045,0.25604116916656494,-5.670000076293945,-0.9800000190734863,-1.1200000047683716,0.8012755429352477,ascending,4
9,right,3469.8100769230773,1790663827159,8.875295639038086,-2.8978116512298584,0.3948298394680023,-5.670000076293945,-0.9800000190734863,-1.1200000047683716,0.7964056372570021,ascending,4
9,right,3469.8196923076925,1790663827159,9.576417922973633,-3.661149263381958,0.39722275733947754,-5.670000076293945,-0.9800000190734863,-1.1200000047683716,0.8003568968536434,ascending,4
9,right,3469.829307692308,1790663827159,9.641026496887207,-3.161031484603882,0.4307234585285187,-5.670000076293945,-0.9800000190734863,-1.1200000047683716,0.8032770323663616,ascending,4
9,left,3365.624,1790663827187,8.827438354492188,1.1820966005325317,0.30868515372276306,-6.159999847412109,-3.569999933242798,-7.769999980926514,0.6878933402123394,ascending,4
9,left,3365.633615384615,1790663827187,8.600111961364746,1.8903974294662476,0.27757734060287476,-6.159999847412109,-3.569999933242798,-7.769999980926514,0.6776719085870638,ascending,4
9,left,3365.6432307692307,1790663827187,9.370628356933594,2.065079689025879,0.22014755010604858,-6.159999847412109,-3.569999933242798,-7.769999980926514,0.6750377716887174,ascending,4
9,left,3365.652846153846,1790663827187,9.830066680908203,1.6917860507965088,0.181861013174057,-6.159999847412109,-3.569999933242798,-7.769999980926514,0.6762942111742334,ascending,4
9,left,3365.6624615384612,1790663827187,10.323005676269531,1.5362470149993896,0.23689790070056915,-6.159999847412109,-3.569999933242798,-7.769999980926514,0.6820380421716142,ascending,4
9,left,3365.672076923077,1790663827187,9.442415237426758,3.1107804775238037,0.09571632742881775,-6.159999847412109,-3.569999933242798,-7.769999980926514,0.6815896448040677,ascending,4
9,left,3365.681692307692,1790663827187,9.155266761779785,-0.16750356554985046,0.11007377505302429,-6.159999847412109,-3.569999933242798,-7.769999980926514,0.6738529138703176,ascending,4
9,left,3365.6913076923074,1790663827187,8.724542617797852,3.0868513584136963,0.12921704351902008,-6.159999847412109,-3.569999933242798,-7.769999980926514,0.6665951092436068,ascending,4
9,right,3469.839,1790663827255,9.260554313659668,-2.699200391769409,0.44029510021209717,-4.550000190734863,-0.07000000029802322,-0.07000000029802322,0.8012557286544109,ascending,4
9,right,3469.848615384615,1790663827255,8.911190032958984,-2.833203077316284,0.45943835377693176,-4.550000190734863,-0.07000000029802322,-0.07000000029802322,0.7965322584095312,ascending,4
9,right,3469.858230769231,1790663827255,8.025814056396484,-3.342892646789551,0.32782840728759766,-4.550000190734863,-0.07000000029802322,-0.07000000029802322,0.7854006931609999,ascending,4
9,right,3469.867846153846,1790663827255,9.016477584838867,-2.866703987121582,0.30629223585128784,-4.550000190734863,-0.07000000029802322,-0.07000000029802322,0.7817019828813287,ascending,4
9,right,3469.8774615384614,1790663827255,9.351485252380371,-3.991370677947998,0.20579010248184204,-4.550000190734863,-0.07000000029802322,-0.07000000029802322,0.7846308216966439,ascending,4
9,right,3469.887076923077,1790663827255,9.554882049560547,-3.49843168258667,0.27518442273139954,-4.550000190734863,-0.07000000029802322,-0.07000000029802322,0.78782928053891,ascending,4
9,right,3469.8966923076923,1790663827255,10.031070709228516,-2.957634449005127,0.18664683401584625,-4.550000190734863,-0.07000000029802322,-0.07000000029802322,0.793565765633126,ascending,4
9,right,3469.9063076923076,1790663827255,8.396714210510254,-3.09881591796875,0.2105759084224701,-4.550000190734863,-0.07000000029802322,-0.07000000029802322,0.7849734867943104,ascending,4
9,left,3365.703,1790663827277,8.68147087097168,2.572376251220703,0.22732627391815186,-6.579999923706055,-3.569999933242798,4.829999923706055,0.6564163108495675,ascending,4
9,left,3365.712615384615,1790663827277,9.212696075439453,1.4189945459365845,0.31825676560401917,-6.579999923706055,-3.569999933242798,4.829999923706055,0.651456572014915,ascending,4
9,left,3365.722230769231,1790663827277,9.054763793945312,2.4718739986419678,0.40679436922073364,-6.579999923706055,-3.569999933242798,4.829999923706055,0.6465138760100575,ascending,4
9,left,3365.731846153846,1790663827277,8.554646492004395,1.2562767267227173,0.40918728709220886,-6.579999923706055,-3.569999933242798,4.829999923706055,0.6350828186222105,ascending,4
9,left,3365.7414615384614,1790663827277,8.351249694824219,1.5769264698028564,0.37568655610084534,-6.579999923706055,-3.569999933242798,4.829999923706055,0.6221806296165632,ascending,4
9,left,3365.751076923077,1790663827277,7.83916711807251,2.445552110671997,0.3350071310997009,-6.579999923706055,-3.569999933242798,4.829999923706055,0.6056652579190104,ascending,4
9,left,3365.7606923076924,1790663827277,8.413464546203613,0.9786993861198425,0.3350071310997009,-6.579999923706055,-3.569999933242798,4.829999923706055,0.5925154931945962,ascending,4
9,left,3365.7703076923076,1790663827277,7.391693115234375,1.179703712463379,0.39961564540863037,-6.579999923706055,-3.569999933242798,4.829999923706055,0.5699531868033035,ascending,4
9,left,3365.783,1790663827353,7.138044834136963,0.9260554313659668,0.382865309715271,-4.550000190734863,-3.009999990463257,3.009999990463257,0.5365393869747663,ascending,4
9,left,3365.792615384615,1790663827353,5.908090114593506,0.6030128598213196,0.44747382402420044,-4.550000190734863,-3.009999990463257,3.009999990463257,0.49909947460402554,ascending,4
9,left,3365.802230769231,1790663827353,5.556332588195801,1.0887731313705444,0.46661707758903503,-4.550000190734863,-3.009999990463257,3.009999990463257,0.4590091507026716,ascending,4
9,left,3365.811846153846,1790663827353,5.518045902252197,0.3517574965953827,0.5503688454627991,-4.550000190734863,-3.009999990463257,3.009999990463257,0.41755980297308515,ascending,4
9,left,3365.8214615384613,1790663827353,5.999020576477051,1.7922881841659546,0.5503688454627991,-4.550000190734863,-3.009999990463257,3.009999990463257,0.3826917627828381,ascending,4
9,left,3365.831076923077,1790663827353,5.958341121673584,0.5025107264518738,0.46661707758903503,-4.550000190734863,-3.009999990463257,3.009999990463257,0.3456667675299346,ascending,4
9,left,3365.8406923076923,1790663827353,5.501295566558838,0.10528795421123505,0.44029510021209717,-4.550000190734863,-3.009999990463257,3.009999990463257,0.30376588452159237,ascending,4
9,left,3365.8503076923075,1790663827353,5.3649001121521,0.8183745741844177,0.3732936680316925,-4.550000190734863,-3.009999990463257,3.009999990463257,0.2615565120482322,ascending,4
9,right,3469.915,1790663827356,8.860939025878906,-3.2160685062408447,0.15314611792564392,-3.7799999713897705,-1.5399999618530273,-0.21000000834465027,0.7813366316311112,ascending,4
9,right,3469.924615384615,1790663827356,8.714971542358398,-3.295034408569336,0.22971917688846588,-3.7799999713897705,-1.5399999618530273,-0.21000000834465027,0.7762730965605925,ascending,4
9,right,3469.934230769231,1790663827356,8.631219863891602,-4.388593673706055,0.09332341700792313,-3.7799999713897705,-1.5399999618530273,-0.21000000834465027,0.7740132295526625,ascending,4
9,right,3469.943846153846,1790663827356,8.384750366210938,-3.070101022720337,0.1005021408200264,-3.7799999713897705,-1.5399999618530273,-0.21000000834465027,0.7652077109075246,ascending,4
9,right,3469.9534615384614,1790663827356,8.066493034362793,-2.4838385581970215,0.07178724557161331,-3.7799999713897705,-1.5399999618530273,-0.21000000834465027,0.7516103142512461,ascending,4
9,right,3469.963076923077,1790663827356,6.984898567199707,-2.9265265464782715,0.021536173298954964,-3.7799999713897705,-1.5399999618530273,-0.21000000834465027,0.7296885155319786,ascending,4
9,right,3469.9726923076923,1790663827356,7.080615043640137,-2.663306713104248,-0.09571632742881775,-3.7799999713897705,-1.5399999618530273,-0.21000000834465027,0.7077597898441679,ascending,4
9,right,3469.9823076923076,1790663827356,6.9609694480896,-2.9265265464782715,-0.1316099464893341,-3.7799999713897705,-1.5399999618530273,-0.21000000834465027,0.6856279432122933,ascending,4
9,right,3469.99,1790663827384,7.284012317657471,-2.591519355773926,-0.09332341700792313,-4.96999979019165,-3.5,-0.5600000023841858,0.6693864273378028,ascending,4
9,right,3469.999615384615,1790663827384,7.305548191070557,-1.6558923721313477,-0.0502510704100132,-4.96999979019165,-3.5,-0.5600000023841858,0.6462326304222593,ascending,4
9,right,3470.0092307692307,1790663827384,5.9894490242004395,-2.9695990085601807,-0.09810923039913177,-4.96999979019165,-3.5,-0.5600000023841858,0.6154986697802606,ascending,4
9,right,3470.018846153846,1790663827384,6.389064788818359,-1.7348583936691284,-0.009571632370352745,-4.96999979019165,-3.5,-0.5600000023841858,0.5843578314221196,ascending,4
9,right,3470.028461538461,1790663827384,6.1378092765808105,-2.464695453643799,0.13878867030143738,-4.96999979019165,-3.5,-0.5600000023841858,0.5533688799162295,ascending,4
9,right,3470.038076923077,1790663827384,6.6714277267456055,-2.347442865371704,0.2632198929786682,-4.96999979019165,-3.5,-0.5600000023841858,0.5268472347836517,ascending,4
9,right,3470.047692307692,1790663827384,6.771929740905762,-1.5266753435134888,0.38765111565589905,-4.96999979019165,-3.5,-0.5600000023841858,0.4985918671419028,ascending,4
9,right,3470.0573076923074,1790663827384,6.018163681030273,-2.275655508041382,0.44268798828125,-4.96999979019165,-3.5,-0.5600000023841858,0.4659734064946832,ascending,4
9,left,3365.862,1790663827427,5.886553764343262,1.8521108627319336,0.3206496834754944,-6.650000095367432,0.9800000190734863,5.389999866485596,0.21799113233389758,ascending,4
9,left,3365.8716153846153,1790663827427,6.453673362731934,0.7776951193809509,0.2416837215423584,-6.650000095367432,0.9800000190734863,5.389999866485596,0.18611726716458094,ascending,4
9,left,3365.881230769231,1790663827427,6.637927055358887,0.9739136099815369,0.09810923039913177,-6.650000095367432,0.9800000190734863,5.389999866485596,0.15626201185223568,ascending,4
9,left,3365.8908461538463,1790663827427,7.181117057800293,0.9858781099319458,0.08375178277492523,-6.650000095367432,0.9800000190734863,5.389999866485596,0.13160553376652692,ascending,4
9,left,3365.9004615384615,1790663827427,5.752551078796387,2.1272952556610107,0.011964540928602219,-6.650000095367432,0.9800000190734863,5.389999866485596,0.09483859539811244,ascending,4
9,left,3365.910076923077,1790663827427,7.322298526763916,0.2823631465435028,0.15314611792564392,-6.650000095367432,0.9800000190734863,5.389999866485596,0.0706660794433879,ascending,4
9,left,3365.9196923076925,1790663827427,7.64773416519165,2.148831367492676,0.1316099464893341,-6.650000095367432,0.9800000190734863,5.389999866485596,0.05199560938988262,ascending,4
9,left,3365.9293076923077,1790663827427,8.509181022644043,0.7322298884391785,0.009571632370352745,-6.650000095367432,0.9800000190734863,5.389999866485596,0.03971268057642252,ascending,4
9,right,3470.066,1790663827458,6.95379114151001,-1.5721405744552612,0.4761887192726135,-4.409999847412109,-4.760000228881836,-0.9100000262260437,0.4420939644683833,ascending,4
9,right,3470.075615384615,1790663827458,6.769536972045898,-3.2687125205993652,0.36611494421958923,-4.409999847412109,-4.760000228881836,-0.9100000262260437,0.4195170266322648,ascending,4
9,right,3470.0852307692307,1790663827458,7.980348587036133,-3.3955366611480713,0.3421858549118042,-4.409999847412109,-4.760000228881836,-0.9100000262260437,0.4083167921230407,ascending,4
9,right,3470.094846153846,1790663827458,7.717128753662109,-2.6561279296875,0.3732936680316925,-4.409999847412109,-4.760000228881836,-0.9100000262260437,0.3923335350439465,ascending,4
9,right,3470.1044615384612,1790663827458,7.764986991882324,-3.0126712322235107,0.3804723918437958,-4.409999847412109,-4.760000228881836,-0.9100000262260437,0.37795495479198665,ascending,4
9,right,3470.114076923077,1790663827458,8.032992362976074,-1.9885066747665405,0.5312256217002869,-4.409999847412109,-4.760000228881836,-0.9100000262260437,0.36269043640132237,ascending,4
9,right,3470.123692307692,1790663827458,8.413464546203613,-3.3907508850097656,0.5551546812057495,-4.409999847412109,-4.760000228881836,-0.9100000262260437,0.3554363204650655,ascending,4
9,right,3470.1333076923074,1790663827458,8.796330451965332,-4.067943572998047,0.6580497026443481,-4.409999847412109,-4.760000228881836,-0.9100000262260437,0.3538722626878418,ascending,4
9,left,3365.941,1790663827501,8.502002716064453,0.952377438545227,0.01914326474070549,-5.039999961853027,3.0799999237060547,-3.990000009536743,0.025043126706426635,ascending,4
9,left,3365.950615384615,1790663827501,8.564218521118164,2.565197467803955,-0.0047858161851763725,-5.039999961853027,3.0799999237060547,-3.990000009536743,0.015624493911943274,resting,null
9,left,3365.9602307692307,1790663827501,9.38498592376709,2.1871180534362793,-0.02632198855280876,-5.039999961853027,3.0799999237060547,-3.990000009536743,0.013566059546843975,resting,null
9,left,3365.969846153846,1790663827501,10.70347785949707,2.6465563774108887,-0.035893622785806656,-5.039999961853027,3.0799999237060547,-3.990000009536743,0.02468624319922957,resting,null
9,left,3365.9794615384612,1790663827501,10.947554588317871,2.2852272987365723,-0.11007377505302429,-5.039999961853027,3.0799999237060547,-3.990000009536743,0.03765423377848927,resting,null
9,left,3365.989076923077,1790663827501,11.421350479125977,1.079201579093933,-0.08135887235403061,-5.039999961853027,3.0799999237060547,-3.990000009536743,0.053510825205203075,resting,null
9,left,3365.998692307692,1790663827501,10.78244400024414,2.8858470916748047,-0.23689790070056915,-5.039999961853027,3.0799999237060547,-3.990000009536743,0.06570465675211205,resting,null
9,left,3366.0083076923074,1790663827501,10.605368614196777,1.8138242959976196,-0.22732627391815186,-5.039999961853027,3.0799999237060547,-3.990000009536743,0.0747585090007426,resting,null
9,right,3470.142,1790663827534,9.729564666748047,-3.5175747871398926,0.7035149931907654,-2.5199999809265137,-3.7100000381469727,-0.14000000059604645,0.3584654133759604,ascending,4
9,right,3470.151615384615,1790663827534,9.760672569274902,-3.807116746902466,0.8135887384414673,-2.5199999809265137,-3.7100000381469727,-0.14000000059604645,0.36478746525938127,ascending,4
9,right,3470.1612307692308,1790663827534,9.657776832580566,-3.8669395446777344,0.8542681932449341,-2.5199999809265137,-3.7100000381469727,-0.14000000059604645,0.37038256643644013,ascending,4
9,right,3470.170846153846,1790663827534,9.968854904174805,-3.787973403930664,0.8183745741844177,-2.5199999809265137,-3.7100000381469727,-0.14000000059604645,0.37852682358165984,ascending,4
9,right,3470.1804615384613,1790663827534,9.36823558807373,-3.6922571659088135,0.8470894694328308,-2.5199999809265137,-3.7100000381469727,-0.14000000059604645,0.3809363138255505,ascending,4
9,right,3470.190076923077,1790663827534,10.196181297302246,-3.5534684658050537,0.7992312908172607,-2.5199999809265137,-3.7100000381469727,-0.14000000059604645,0.3903648190227241,ascending,4
9,right,3470.199692307692,1790663827534,10.337363243103027,-2.6441633701324463,0.8135887384414673,-2.5199999809265137,-3.7100000381469727,-0.14000000059604645,0.3980982315222424,ascending,4
9,right,3470.2093076923074,1790663827534,9.89706802368164,-3.6132912635803223,0.7729093432426453,-2.5199999809265137,-3.7100000381469727,-0.14000000059604645,0.40501373970837606,ascending,4
9,right,3470.218,1790663827610,9.377806663513184,-3.1586387157440186,0.8494823575019836,-1.399999976158142,-4.269999980926514,0.42000001668930054,0.4056904582550922,ascending,4
9,right,3470.227615384615,1790663827610,9.432844161987305,-3.259140729904175,0.8351249098777771,-1.399999976158142,-4.269999980926514,0.42000001668930054,0.4072661814599379,ascending,4
9,right,3470.237230769231,1790663827610,9.262947082519531,-3.6491849422454834,0.7992312908172607,-1.399999976158142,-4.269999980926514,0.42000001668930054,0.4085779423746692,ascending,4
9,right,3470.246846153846,1790663827610,10.093286514282227,-3.0653152465820312,0.8183745741844177,-1.399999976158142,-4.269999980926514,0.42000001668930054,0.415493712047616,ascending,4
9,right,3470.2564615384613,1790663827610,10.27036190032959,-2.8284173011779785,0.8351249098777771,-1.399999976158142,-4.269999980926514,0.42000001668930054,0.4232477303426921,ascending,4
9,right,3470.266076923077,1790663827610,9.633848190307617,-2.9911351203918457,0.7776951193809509,-1.399999976158142,-4.269999980926514,0.42000001668930054,0.4257675060856385,ascending,4
9,right,3470.275692307692,1790663827610,8.75804328918457,-2.706378936767578,0.7705163955688477,-1.399999976158142,-4.269999980926514,0.42000001668930054,0.41944478017539416,ascending,4
9,right,3470.2853076923075,1790663827610,8.650362968444824,-2.58673357963562,0.7226582169532776,-1.399999976158142,-4.269999980926514,0.42000001668930054,0.4117616746292735,ascending,4
9,left,3366.02,1790663827636,11.50270938873291,2.3976938724517822,-0.18425391614437103,-3.7799999713897705,1.399999976158142,13.440000534057617,0.09711648512952831,resting,null
9,left,3366.029615384615,1790663827636,11.70849895477295,2.376157760620117,-0.1722893863916397,-3.7799999713897705,1.399999976158142,13.440000534057617,0.11742071469340346,ascending,5
9,left,3366.039230769231,1790663827636,12.033934593200684,1.5577831268310547,-0.1316099464893341,-3.7799999713897705,1.399999976158142,13.440000534057617,0.1397082507562969,ascending,5
9,left,3366.048846153846,1790663827636,11.538602828979492,2.278048515319824,-0.1507532149553299,-3.7799999713897705,1.399999976158142,13.440000534057617,0.15822600533406675,ascending,5
9,left,3366.0584615384614,1790663827636,11.036091804504395,2.830810308456421,-0.20579010248184204,-3.7799999713897705,1.399999976158142,13.440000534057617,0.17267503820202076,ascending,5
9,left,3366.068076923077,1790663827636,10.97148323059082,2.010042905807495,-0.17946811020374298,-3.7799999713897705,1.399999976158142,13.440000534057617,0.18541681686221217,ascending,5
9,left,3366.0776923076924,1790663827636,11.313669204711914,2.0411505699157715,-0.17707519233226776,-3.7799999713897705,1.399999976158142,13.440000534057617,0.20144912922404554,ascending,5
9,left,3366.0873076923076,1790663827636,11.284955024719238,1.8568966388702393,-0.15314611792564392,-3.7799999713897705,1.399999976158142,13.440000534057617,0.21696022845126775,ascending,5
9,left,3366.099,1790663827667,10.148323059082031,1.4788172245025635,-0.11725249886512756,-1.2599999904632568,-2.450000047683716,-2.870000123977661,0.22206353486315009,ascending,5
9,left,3366.1086153846154,1790663827667,9.480701446533203,1.3424214124679565,-0.13878867030143738,-1.2599999904632568,-2.450000047683716,-2.870000123977661,0.21972537729401453,ascending,5
9,left,3366.118230769231,1790663827667,9.164837837219238,1.6989647150039673,-0.15793193876743317,-1.2599999904632568,-2.450000047683716,-2.870000123977661,0.21486083773717798,ascending,5
9,left,3366.1278461538463,1790663827667,9.497451782226562,1.359171748161316,-0.13400284945964813,-1.2599999904632568,-2.450000047683716,-2.870000123977661,0.21271327224496597,ascending,5
9,left,3366.1374615384616,1790663827667,9.317984580993652,1.5984625816345215,-0.007178724277764559,-1.2599999904632568,-2.450000047683716,-2.870000123977661,0.20918896644121915,ascending,5
9,left,3366.1470769230773,1790663827667,9.090658187866211,1.2945632934570312,-0.0023929080925881863,-1.2599999904632568,-2.450000047683716,-2.870000123977661,0.20308861107554843,ascending,5
9,left,3366.1566923076925,1790663827667,8.657541275024414,2.0890088081359863,0.05742979422211647,-1.2599999904632568,-2.450000047683716,-2.870000123977661,0.19397155120408488,ascending,5
9,left,3366.166307692308,1790663827667,8.578575134277344,1.4142086505889893,0.11246667802333832,-1.2599999904632568,-2.450000047683716,-2.870000123977661,0.18317642708328288,ascending,5
9,right,3470.294,1790663827684,8.691041946411133,-2.703986167907715,0.7035149931907654,-0.2800000011920929,-3.009999990463257,-0.42000001668930054,0.40549681010944894,ascending,4
9,right,3470.303615384615,1790663827684,9.040407180786133,-2.445552110671997,0.6365135312080383,-0.2800000011920929,-3.009999990463257,-0.42000001668930054,0.4009004345986225,ascending,4
9,right,3470.313230769231,1790663827684,8.982976913452148,-3.0677082538604736,0.5575475692749023,-0.2800000011920929,-3.009999990463257,-0.42000001668930054,0.3977704676849361,ascending,4
9,right,3470.322846153846,1790663827684,8.892046928405762,-2.754237174987793,0.4953319728374481,-0.2800000011920929,-3.009999990463257,-0.42000001668930054,0.3928082917207851,ascending,4
9,right,3470.3324615384613,1790663827684,9.133729934692383,-3.0653152465820312,0.4953319728374481,-0.2800000011920929,-3.009999990463257,-0.42000001668930054,0.3910348728746528,ascending,4
9,right,3470.342076923077,1790663827684,8.647970199584961,-3.2567479610443115,0.44747382402420044,-0.2800000011920929,-3.009999990463257,-0.42000001668930054,0.3854620593618576,ascending,4
9,right,3470.3516923076922,1790663827684,9.408914566040039,-2.5197322368621826,0.3732936680316925,-0.2800000011920929,-3.009999990463257,-0.42000001668930054,0.38443214345331167,ascending,4
9,right,3470.3613076923075,1790663827684,9.353878021240234,-3.041386127471924,0.39961564540863037,-0.2800000011920929,-3.009999990463257,-0.42000001668930054,0.38456956598614933,ascending,4
9,left,3366.179,1790663827742,8.786758422851562,1.3496001958847046,0.11964540183544159,-0.8400000333786011,-1.9600000381469727,0.8400000333786011,0.17143096431000215,ascending,5
9,left,3366.1886153846153,1790663827742,8.262711524963379,1.2634555101394653,0.14836029708385468,-0.8400000333786011,-1.9600000381469727,0.8400000333786011,0.15743550482525434,ascending,5
9,left,3366.198230769231,1790663827742,8.580968856811523,1.0337363481521606,0.17946811020374298,-0.8400000333786011,-1.9600000381469727,0.8400000333786011,0.14615347446177596,ascending,5
9,left,3366.2078461538463,1790663827742,8.86333179473877,1.0385221242904663,0.12203831225633621,-0.8400000333786011,-1.9600000381469727,0.8400000333786011,0.13757157110320184,ascending,5
9,left,3366.2174615384615,1790663827742,8.600111961364746,1.93586266040802,0.21536172926425934,-0.8400000333786011,-1.9600000381469727,0.8400000333786011,0.12774064531860918,ascending,5
9,left,3366.227076923077,1790663827742,9.55009651184082,1.201239824295044,0.24886244535446167,-0.8400000333786011,-1.9600000381469727,0.8400000333786011,0.12592921679216332,ascending,5
9,left,3366.2366923076925,1790663827742,9.267732620239258,2.036364793777466,0.24407662451267242,-0.8400000333786011,-1.9600000381469727,0.8400000333786011,0.12259827732886139,ascending,5
9,left,3366.2463076923077,1790663827742,9.57402515411377,1.7085363864898682,0.21536172926425934,-0.8400000333786011,-1.9600000381469727,0.8400000333786011,0.12172650596555167,ascending,5
9,right,3470.37,1790663827774,9.2725191116333,-2.797309637069702,0.3613291084766388,0.699999988079071,-2.7300000190734863,0.6299999952316284,0.38332620056109296,ascending,4
9,right,3470.379615384615,1790663827774,9.629061698913574,-2.9145619869232178,0.339792937040329,0.699999988079071,-2.7300000190734863,0.6299999952316284,0.3855590660417832,ascending,4
9,right,3470.389230769231,1790663827774,9.530953407287598,-3.462538003921509,0.3350071310997009,0.699999988079071,-2.7300000190734863,0.6299999952316284,0.3886197585603877,ascending,4
9,right,3470.398846153846,1790663827774,9.863567352294922,-3.682685613632202,0.39004403352737427,0.699999988079071,-2.7300000190734863,0.6299999952316284,0.3954080553454026,ascending,4
9,right,3470.4084615384613,1790663827774,10.423507690429688,-3.309391975402832,0.35654330253601074,0.699999988079071,-2.7300000190734863,0.6299999952316284,0.4060894131752967,ascending,4
9,right,3470.418076923077,1790663827774,10.150715827941895,-3.6085054874420166,0.4115802049636841,0.699999988079071,-2.7300000190734863,0.6299999952316284,0.41524557341532536,ascending,4
9,right,3470.4276923076923,1790663827774,10.488116264343262,-3.56782603263855,0.4307234585285187,0.699999988079071,-2.7300000190734863,0.6299999952316284,0.42733703135772316,ascending,4
9,right,3470.4373076923075,1790663827774,10.480937004089355,-3.2280330657958984,0.4809745252132416,0.699999988079071,-2.7300000190734863,0.6299999952316284,0.4383052872577542,ascending,4
9,left,3366.258,1790663827816,9.885103225708008,1.3519930839538574,0.17468228936195374,-0.699999988079071,0.42000001668930054,2.309999942779541,0.12365303379005381,ascending,5
9,left,3366.267615384615,1790663827816,9.822887420654297,2.263690948486328,0.15553902089595795,-0.699999988079071,0.42000001668930054,2.309999942779541,0.12592648097178147,ascending,5
9,left,3366.2772307692308,1790663827816,10.189002990722656,1.5984625816345215,0.16511066257953644,-0.699999988079071,0.42000001668930054,2.309999942779541,0.13074488564220957,ascending,5
9,left,3366.286846153846,1790663827816,10.026285171508789,1.8736470937728882,0.20579010248184204,-0.699999988079071,0.42000001668930054,2.309999942779541,0.13441219301400711,ascending,5
9,left,3366.2964615384612,1790663827816,10.023892402648926,1.7970739603042603,0.18903973698616028,-0.699999988079071,0.42000001668930054,2.309999942779541,0.1379485287586539,ascending,5
9,left,3366.306076923077,1790663827816,10.217717170715332,1.5290682315826416,0.14357449114322662,-0.699999988079071,0.42000001668930054,2.309999942779541,0.1429354627486065,ascending,5
9,left,3366.315692307692,1790663827816,10.083714485168457,2.1033661365509033,0.11246667802333832,-0.699999988079071,0.42000001668930054,2.309999942779541,0.14747361900413797,ascending,5
9,left,3366.3253076923074,1790663827816,10.303862571716309,1.974149227142334,0.023929081857204437,-0.699999988079071,0.42000001668930054,2.309999942779541,0.15391086216822386,ascending,5
9,right,3470.446,1790663827834,10.320612907409668,-3.7137932777404785,0.4259376525878906,0.699999988079071,-4.829999923706055,0.3499999940395355,0.44826722255855156,ascending,4
9,right,3470.455615384615,1790663827834,10.746550559997559,-3.259140729904175,0.4259376525878906,0.699999988079071,-4.829999923706055,0.3499999940395355,0.46172419200581327,ascending,4
9,right,3470.465230769231,1790663827834,10.35650634765625,-3.450573444366455,0.43550926446914673,0.699999988079071,-4.829999923706055,0.3499999940395355,0.4722354213261885,ascending,4
9,right,3470.474846153846,1790663827834,10.18182373046875,-3.709007501602173,0.4450809061527252,0.699999988079071,-4.829999923706055,0.3499999940395355,0.48196708587689263,ascending,4
9,right,3470.4844615384613,1790663827834,9.990391731262207,-3.448180675506592,0.4929390549659729,0.699999988079071,-4.829999923706055,0.3499999940395355,0.48915137776556383,ascending,4
9,right,3470.494076923077,1790663827834,9.90424633026123,-3.3955366611480713,0.5599405169487,0.699999988079071,-4.829999923706055,0.3499999940395355,0.495404175641905,ascending,4
9,right,3470.5036923076923,1790663827834,9.8085298538208,-3.555861473083496,0.5982270240783691,0.699999988079071,-4.829999923706055,0.3499999940395355,0.501300414325408,ascending,4
9,right,3470.5133076923075,1790663827834,9.492666244506836,-3.5438969135284424,0.6077986359596252,0.699999988079071,-4.829999923706055,0.3499999940395355,0.5042948681850068,ascending,4
9,right,3470.522,1790663827924,9.629061698913574,-3.5103962421417236,0.5742979645729065,0.9800000190734863,-6.369999885559082,0.42000001668930054,0.5080174410117345,ascending,4
9,right,3470.531615384615,1790663827924,9.179195404052734,-3.6276485919952393,0.5862624645233154,0.9800000190734863,-6.369999885559082,0.42000001668930054,0.5084305453262681,ascending,4
9,right,3470.541230769231,1790663827924,9.358663558959961,-3.723365068435669,0.5575475692749023,0.9800000190734863,-6.369999885559082,0.42000001668930054,0.5107721027786931,ascending,4
9,right,3470.550846153846,1790663827924,9.004512786865234,-3.5295393466949463,0.5120823383331299,0.9800000190734863,-6.369999885559082,0.42000001668930054,0.5092774283083434,ascending,4
9,right,3470.5604615384614,1790663827924,8.77718734741211,-3.606112480163574,0.49772489070892334,0.9800000190734863,-6.369999885559082,0.42000001668930054,0.5059717791480838,ascending,4
9,right,3470.570076923077,1790663827924,8.851366996765137,-3.352464199066162,0.5025107264518738,0.9800000190734863,-6.369999885559082,0.42000001668930054,0.5025286392216466,ascending,4
9,right,3470.5796923076923,1790663827924,8.231603622436523,-3.211282730102539,0.49772489070892334,0.9800000190734863,-6.369999885559082,0.42000001668930054,0.49302515965977156,ascending,4
9,right,3470.5893076923076,1790663827924,8.439786911010742,-3.0461719036102295,0.48576033115386963,0.9800000190734863,-6.369999885559082,0.42000001668930054,0.4848735184774199,ascending,4
9,left,3366.337,1790663827952,10.196181297302246,1.524282455444336,0.0023929080925881863,0,0.9100000262260437,-1.3300000429153442,0.15969117388989673,ascending,5
9,left,3366.3466153846152,1790663827952,10.0885009765625,2.275655508041382,0.0023929080925881863,0,0.9100000262260437,-1.3300000429153442,0.16452818943411143,ascending,5
9,left,3366.356230769231,1790663827952,9.894675254821777,1.7563945055007935,0.009571632370352745,0,0.9100000262260437,-1.3300000429153442,0.1667604882054481,ascending,5
9,left,3366.365846153846,1790663827952,9.741528511047363,2.1823322772979736,0.03110780566930771,0,0.9100000262260437,-1.3300000429153442,0.1681891302819822,ascending,5
9,left,3366.3754615384614,1790663827952,9.298840522766113,2.191903829574585,0.035893622785806656,0,0.9100000262260437,-1.3300000429153442,0.16544491139138975,ascending,5
9,left,3366.385076923077,1790663827952,9.655384063720703,1.4955675601959229,0.047858163714408875,0,0.9100000262260437,-1.3300000429153442,0.16501750440828822,ascending,5
9,left,3366.3946923076924,1790663827952,9.593168258666992,2.290013074874878,0.08375178277492523,0,0.9100000262260437,-1.3300000429153442,0.165227550999199,ascending,5
9,left,3366.4043076923076,1790663827952,9.504631042480469,1.8832186460494995,0.06700142472982407,0,0.9100000262260437,-1.3300000429153442,0.16397522314992338,ascending,5
9,left,3366.417,1790663827982,9.428057670593262,1.8353605270385742,0.07178724557161331,0.49000000953674316,0.699999988079071,6.579999923706055,0.16127034668369924,ascending,5
9,left,3366.426615384615,1790663827982,9.303627014160156,1.395065426826477,0.07896596938371658,0.49000000953674316,0.699999988079071,6.579999923706055,0.1573540074887206,ascending,5
9,left,3366.436230769231,1790663827982,9.327555656433105,1.148595929145813,0.13400284945964813,0.49000000953674316,0.699999988079071,6.579999923706055,0.15330040585797156,ascending,5
9,left,3366.445846153846,1790663827982,9.191160202026367,1.6870001554489136,0.15793193876743317,0.49000000953674316,0.699999988079071,6.579999923706055,0.148774787759473,ascending,5
9,left,3366.4554615384613,1790663827982,9.499845504760742,1.8545037508010864,0.19621846079826355,0.49000000953674316,0.699999988079071,6.579999923706055,0.1474415974504857,ascending,5
9,left,3366.465076923077,1790663827982,9.286876678466797,1.7372512817382812,0.18903973698616028,0.49000000953674316,0.699999988079071,6.579999923706055,0.14391042763380335,ascending,5
9,left,3366.4746923076923,1790663827982,9.408914566040039,1.5362470149993896,0.1411815732717514,0.49000000953674316,0.699999988079071,6.579999923706055,0.14122568098968158,ascending,5
9,left,3366.4843076923075,1790663827982,9.224660873413086,1.6702498197555542,0.14836029708385468,0.49000000953674316,0.699999988079071,6.579999923706055,0.13700116801963905,ascending,5
9,right,3470.597,1790663827999,8.492430686950684,-3.084458589553833,0.4833674430847168,0.9800000190734863,-5.389999866485596,-0.14000000059604645,0.4788350136900828,ascending,4
9,right,3470.6066153846155,1790663827999,8.825044631958008,-3.3285350799560547,0.4235447347164154,0.9800000190734863,-5.389999866485596,-0.14000000059604645,0.47507350866257275,ascending,4
9,right,3470.616230769231,1790663827999,8.911190032958984,-3.3907508850097656,0.40679436922073364,0.9800000190734863,-5.389999866485596,-0.14000000059604645,0.47229216226701826,ascending,4
9,right,3470.6258461538464,1790663827999,8.937511444091797,-3.697042942047119,0.38525819778442383,0.9800000190734863,-5.389999866485596,-0.14000000059604645,0.4707490245405621,ascending,4
9,right,3470.6354615384616,1790663827999,8.650362968444824,-3.4457876682281494,0.4546525478363037,0.9800000190734863,-5.389999866485596,-0.14000000059604645,0.46581463419187,ascending,4
9,right,3470.6450769230773,1790663827999,8.652755737304688,-3.378786325454712,0.4020085632801056,0.9800000190734863,-5.389999866485596,-0.14000000059604645,0.46067158331908037,ascending,4
9,right,3470.6546923076926,1790663827999,8.796330451965332,-3.462538003921509,0.4450809061527252,0.9800000190734863,-5.389999866485596,-0.14000000059604645,0.4571183168629238,ascending,4
9,right,3470.664307692308,1790663827999,8.798723220825195,-3.5391111373901367,0.40679436922073364,0.9800000190734863,-5.389999866485596,-0.14000000059604645,0.4538350480405493,ascending,4
9,left,3366.496,1790663828057,9.822887420654297,1.8257888555526733,0.17468228936195374,0.42000001668930054,0.42000001668930054,-2.6600000858306885,0.1390690601398742,ascending,5
9,left,3366.5056153846153,1790663828057,9.602740287780762,1.7037506103515625,0.22014755010604858,0.42000001668930054,0.42000001668930054,-2.6600000858306885,0.13849927490403766,ascending,5
9,left,3366.515230769231,1790663828057,9.794173240661621,1.5769264698028564,0.2632198929786682,0.42000001668930054,0.42000001668930054,-2.6600000858306885,0,resting,null
9,left,3366.5248461538463,1790663828057,9.672134399414062,1.3543859720230103,0.3421858549118042,0.42000001668930054,0.42000001668930054,-2.6600000858306885,-0.0003731439026316714,resting,null
9,left,3366.5344615384615,1790663828057,9.918603897094727,1.4357448816299438,0.339792937040329,0.42000001668930054,0.42000001668930054,-2.6600000858306885,0.0017210638190183875,resting,null
9,left,3366.5440769230772,1790663828057,9.954497337341309,1.6008554697036743,0.3732936680316925,0.42000001668930054,0.42000001668930054,-2.6600000858306885,0.004420643113664846,resting,null
9,left,3366.5536923076925,1790663828057,10.303862571716309,1.6247845888137817,0.3732936680316925,0.42000001668930054,0.42000001668930054,-2.6600000858306885,0.010470878833987552,resting,null
9,left,3366.5633076923077,1790663828057,10.232074737548828,1.2802058458328247,0.45704543590545654,0.42000001668930054,0.42000001668930054,-2.6600000858306885,0.015321677303279668,resting,null
9,right,3470.674,1790663828089,9.054763793945312,-3.6850783824920654,0.3541503846645355,1.5399999618530273,-4.480000019073486,0.14000000059604645,0.45333256165398483,ascending,4
9,right,3470.683615384615,1790663828089,8.968619346618652,-3.484074115753174,0.2943277060985565,1.5399999618530273,-4.480000019073486,0.14000000059604645,0.45137145037735804,ascending,4
9,right,3470.693230769231,1790663828089,9.480701446533203,-3.4553592205047607,0.2632198929786682,1.5399999618530273,-4.480000019073486,0.14000000059604645,0.4539156970817097,ascending,4
9,right,3470.702846153846,1790663828089,9.349091529846191,-3.2926416397094727,0.260826975107193,1.5399999618530273,-4.480000019073486,0.14000000059604645,0.4547313216973804,ascending,4
9,right,3470.7124615384614,1790663828089,9.629061698913574,-3.752079963684082,0.2225404530763626,1.5399999618530273,-4.480000019073486,0.14000000059604645,0.45959304881658325,ascending,4
9,right,3470.722076923077,1790663828089,9.83485221862793,-3.80233097076416,0.1722893863916397,1.5399999618530273,-4.480000019073486,0.14000000059604645,0.46646444723823477,ascending,4
9,right,3470.7316923076924,1790663828089,10.08610725402832,-3.998549461364746,0.15793193876743317,1.5399999618530273,-4.480000019073486,0.14000000059604645,0.47625448975419055,ascending,4
9,right,3470.7413076923076,1790663828089,10.196181297302246,-3.7137932777404785,0.10289505124092102,1.5399999618530273,-4.480000019073486,0.14000000059604645,0.4860606400565396,ascending,4
9,right,3470.75,1790663828150,10.614940643310547,-3.8980472087860107,0.016750356182456017,1.1200000047683716,-4.130000114440918,0.3499999940395355,0.49887675980304824,ascending,4
9,right,3470.7596153846152,1790663828150,9.976034164428711,-3.737722396850586,0.05742979422211647,1.1200000047683716,-4.130000114440918,0.3499999940395355,0.5067672603603852,ascending,4
9,right,3470.769230769231,1790663828150,9.887495994567871,-3.6491849422454834,0.028714897111058235,1.1200000047683716,-4.130000114440918,0.3499999940395355,0.513557140357257,ascending,4
9,right,3470.778846153846,1790663828150,9.370628356933594,-3.342892646789551,0.0909305065870285,1.1200000047683716,-4.130000114440918,0.3499999940395355,0.5146733119014956,ascending,4
9,right,3470.7884615384614,1790663828150,9.377806663513184,-3.3692145347595215,0.11725249886512756,1.1200000047683716,-4.130000114440918,0.3499999940395355,0.5159472625104996,ascending,4
9,right,3470.798076923077,1790663828150,9.47830867767334,-3.3620357513427734,0.1411815732717514,1.1200000047683716,-4.130000114440918,0.3499999940395355,0.518107842462015,ascending,4
9,right,3470.8076923076924,1790663828150,9.4950590133667,-3.374000310897827,0.16511066257953644,1.1200000047683716,-4.130000114440918,0.3499999940395355,0.5204627113475421,ascending,4
9,right,3470.8173076923076,1790663828150,9.01169204711914,-3.603719472885132,0.2105759084224701,1.1200000047683716,-4.130000114440918,0.3499999940395355,0.5192221226763785,ascending,4
9,left,3366.575,1790663828192,10.756121635437012,1.56256902217865,0.5575475692749023,-0.07000000029802322,0.699999988079071,7.980000019073486,0.027828574762623834,resting,null
9,left,3366.584615384615,1790663828192,10.619726181030273,1.7013576030731201,0.569512128829956,-0.07000000029802322,0.699999988079071,7.980000019073486,0.037034395099690254,resting,null
9,left,3366.5942307692308,1790663828192,10.753728866577148,1.6989647150039673,0.5742979645729065,-0.07000000029802322,0.699999988079071,7.980000019073486,0.047509009449513445,resting,null
9,left,3366.603846153846,1790663828192,10.162680625915527,1.2658483982086182,0.5288326740264893,-0.07000000029802322,0.699999988079071,7.980000019073486,0.05171887454321026,resting,null
9,left,3366.6134615384613,1790663828192,10.069356918334961,1.5553902387619019,0.49054616689682007,-0.07000000029802322,0.699999988079071,7.980000019073486,0.05546145888403538,resting,null
9,left,3366.623076923077,1790663828192,9.947319030761719,1.404637098312378,0.46661707758903503,-0.07000000029802322,0.699999988079071,7.980000019073486,0.05782093590265216,resting,null
9,left,3366.632692307692,1790663828192,9.980819702148438,1.5984625816345215,0.38525819778442383,-0.07000000029802322,0.699999988079071,7.980000019073486,0.0607543428322056,resting,null
9,left,3366.6423076923074,1790663828192,10.019105911254883,1.072022795677185,0.4259376525878906,-0.07000000029802322,0.699999988079071,7.980000019073486,0.06331734069506492,ascending,5
9,left,3366.655,1790663828221,9.624276161193848,1.1007376909255981,0.3709007501602173,-0.07000000029802322,-0.5600000023841858,-7.490000247955322,0.061781741827981455,ascending,5
9,left,3366.6646153846154,1790663828221,9.66016960144043,1.5721405744552612,0.3445787727832794,-0.07000000029802322,-0.5600000023841858,-7.490000247955322,0.06161727212793907,ascending,5
9,left,3366.674230769231,1790663828221,9.612311363220215,1.239526391029358,0.3015064299106598,-0.07000000029802322,-0.5600000023841858,-7.490000247955322,0.06050972381888211,ascending,5
9,left,3366.6838461538464,1790663828221,10.093286514282227,1.4453164339065552,0.3732936680316925,-0.07000000029802322,-0.5600000023841858,-7.490000247955322,0.06428780594982118,ascending,5
9,left,3366.6934615384616,1790663828221,9.863567352294922,1.3328498601913452,0.2703986167907715,-0.07000000029802322,-0.5600000023841858,-7.490000247955322,0.06568997785112876,ascending,5
9,left,3366.7030769230773,1790663828221,9.66016960144043,1.2921704053878784,0.25843408703804016,-0.07000000029802322,-0.5600000023841858,-7.490000247955322,0.0650986795368861,ascending,5
9,left,3366.7126923076926,1790663828221,9.583597183227539,1.3376356363296509,0.2225404530763626,-0.07000000029802322,-0.5600000023841858,-7.490000247955322,0.06383446951845773,ascending,5
9,left,3366.722307692308,1790663828221,9.389771461486816,1.3831008672714233,0.24886244535446167,-0.07000000029802322,-0.5600000023841858,-7.490000247955322,0.06080171833323588,ascending,5
9,right,3470.826,1790663828224,8.963833808898926,-3.2902486324310303,0.19382555782794952,0.7699999809265137,-4.900000095367432,0.5600000023841858,0.5167696596591959,ascending,4
9,right,3470.8356153846153,1790663828224,8.75086498260498,-3.3069989681243896,0.22732627391815186,0.7699999809265137,-4.900000095367432,0.5600000023841858,0.5121982182626938,ascending,4
9,right,3470.845230769231,1790663828224,8.93272590637207,-3.5319323539733887,0.24886244535446167,0.7699999809265137,-4.900000095367432,0.5600000023841858,0.5100229539354957,ascending,4
9,right,3470.854846153846,1790663828224,9.109801292419434,-3.2136754989624023,0.30629223585128784,0.7699999809265137,-4.900000095367432,0.5600000023841858,0.5083910031980327,ascending,4
9,right,3470.8644615384615,1790663828224,8.889653205871582,-3.3476784229278564,0.2895418703556061,0.7699999809265137,-4.900000095367432,0.5600000023841858,0.5052207706024877,ascending,4
9,right,3470.874076923077,1790663828224,8.906403541564941,-3.2423903942108154,0.3302213251590729,0.7699999809265137,-4.900000095367432,0.5600000023841858,0.5018587162001444,ascending,4
9,right,3470.8836923076924,1790663828224,8.880082130432129,-3.1036016941070557,0.3421858549118042,0.7699999809265137,-4.900000095367432,0.5600000023841858,0.49780231932869007,ascending,4
9,right,3470.8933076923076,1790663828224,8.789151191711426,-3.247176170349121,0.3445787727832794,0.7699999809265137,-4.900000095367432,0.5600000023841858,0.4934071471805792,ascending,4
9,left,3366.734,1790663828296,9.363449096679688,1.1916682720184326,0.2632198929786682,-0.7699999809265137,-1.1200000047683716,3.2200000286102295,0.05649229861327108,ascending,5
9,left,3366.743615384615,1790663828296,9.554882049560547,1.5194966793060303,0.26561281085014343,-0.7699999809265137,-1.1200000047683716,3.2200000286102295,0.05522919485635029,ascending,5
9,left,3366.753230769231,1790663828296,9.89706802368164,1.5888910293579102,0.2943277060985565,-0.7699999809265137,-1.1200000047683716,3.2200000286102295,0.05732557013472565,ascending,5
9,left,3366.762846153846,1790663828296,9.865960121154785,1.3184924125671387,0.3732936680316925,-0.7699999809265137,-1.1200000047683716,3.2200000286102295,0.05876596156947964,ascending,5
9,left,3366.7724615384614,1790663828296,9.590775489807129,1.4213874340057373,0.3445787727832794,-0.7699999809265137,-1.1200000047683716,3.2200000286102295,0.057727228255166595,ascending,5
9,left,3366.782076923077,1790663828296,9.976034164428711,1.643927812576294,0.3709007501602173,-0.7699999809265137,-1.1200000047683716,3.2200000286102295,0.06067145618784919,ascending,5
9,left,3366.7916923076923,1790663828296,9.765458106994629,1.2610626220703125,0.4020085632801056,-0.7699999809265137,-1.1200000047683716,3.2200000286102295,0.06108707887946384,ascending,5
9,left,3366.8013076923075,1790663828296,9.99996280670166,1.6271774768829346,0.34936457872390747,-0.7699999809265137,-1.1200000047683716,3.2200000286102295,0.06422632824897484,ascending,5
9,right,3470.901,1790663828300,8.810688018798828,-3.371607542037964,0.32782840728759766,0.699999988079071,-3.430000066757202,0.2800000011920929,0.4903781346075447,ascending,4
9,right,3470.910615384615,1790663828300,9.191160202026367,-3.42903733253479,0.27757734060287476,0.699999988079071,-3.430000066757202,0.2800000011920929,0.4902068686815324,ascending,4
9,right,3470.920230769231,1790663828300,9.370628356933594,-3.323749303817749,0.2129688262939453,0.699999988079071,-3.430000066757202,0.2800000011920929,0.49129263352389796,ascending,4
9,right,3470.929846153846,1790663828300,9.207910537719727,-3.5175747871398926,0.2010042816400528,0.699999988079071,-3.430000066757202,0.2800000011920929,0.49155413596688535,ascending,4
9,right,3470.9394615384613,1790663828300,9.267732620239258,-3.61089825630188,0.19621846079826355,0.699999988079071,-3.430000066757202,0.2800000011920929,0.4926681074044012,ascending,4
9,right,3470.949076923077,1790663828300,9.358663558959961,-3.4601449966430664,0.21775463223457336,0.699999988079071,-3.430000066757202,0.2800000011920929,0.4940985909940026,ascending,4
9,right,3470.958692307692,1790663828300,9.420879364013672,-3.3572499752044678,0.24646952748298645,0.699999988079071,-3.430000066757202,0.2800000011920929,0.495751292684176,ascending,4
9,right,3470.9683076923075,1790663828300,9.428057670593262,-3.7425081729888916,0.2919347882270813,0.699999988079071,-3.430000066757202,0.2800000011920929,0.4987646181346582,ascending,4
9,left,3366.813,1790663828372,10.043035507202148,1.4501023292541504,0.2727915346622467,-1.2599999904632568,-1.399999976158142,-4.550000190734863,0.06820991816163105,ascending,5
9,left,3366.8226153846153,1790663828372,10.406757354736328,1.2514909505844116,0.29911351203918457,-1.2599999904632568,-1.399999976158142,-4.550000190734863,0.0746733819315863,ascending,5
9,left,3366.832230769231,1790663828372,10.229681968688965,1.9238981008529663,0.27757734060287476,-1.2599999904632568,-1.399999976158142,-4.550000190734863,0.08038979515938882,ascending,5
9,left,3366.8418461538463,1790663828372,9.885103225708008,0.9188767075538635,0.284756064414978,-1.2599999904632568,-1.399999976158142,-4.550000190734863,0.08141476238197873,ascending,5
9,left,3366.8514615384615,1790663828372,10.07892894744873,1.3472073078155518,0.2703986167907715,-1.2599999904632568,-1.399999976158142,-4.550000190734863,0.08488040805566344,ascending,5
9,left,3366.8610769230772,1790663828372,9.863567352294922,1.6367491483688354,0.25843408703804016,-1.2599999904632568,-1.399999976158142,-4.550000190734863,0.08670220666297634,ascending,5
9,left,3366.8706923076925,1790663828372,9.93056869506836,1.4189945459365845,0.28714898228645325,-1.2599999904632568,-1.399999976158142,-4.550000190734863,0.08885909013904653,ascending,5
9,left,3366.8803076923077,1790663828372,9.99996280670166,1.6295703649520874,0.22732627391815186,-1.2599999904632568,-1.399999976158142,-4.550000190734863,0.09195843963681759,ascending,5
9,right,3470.977,1790663828374,9.916211128234863,-3.4386088848114014,0.32782840728759766,0.42000001668930054,-2.6600000858306885,0,0.5045507261401994,ascending,4
9,right,3470.986615384615,1790663828374,9.416092872619629,-4.139730930328369,0.36611494421958923,0.42000001668930054,-2.6600000858306885,0,0.5087992200468793,ascending,4
9,right,3470.996230769231,1790663828374,9.576417922973633,-3.5103962421417236,0.3445787727832794,0.42000001668930054,-2.6600000858306885,0,0.5123764302772961,ascending,4
9,right,3471.005846153846,1790663828374,9.54052448272705,-3.163424491882324,0.31825676560401917,0.42000001668930054,-2.6600000858306885,0,0.5144675696911074,ascending,4
9,right,3471.0154615384613,1790663828374,9.27969741821289,-4.390986442565918,0.3015064299106598,0.42000001668930054,-2.6600000858306885,0,0.518311800421792,ascending,4
9,right,3471.025076923077,1790663828374,9.74870777130127,-3.239997625350952,0.31825676560401917,0.42000001668930054,-2.6600000858306885,0,0.5225310147717936,ascending,4
9,right,3471.0346923076922,1790663828374,9.530953407287598,-4.142123699188232,0.3038993179798126,0.42000001668930054,-2.6600000858306885,0,0.5278013776384342,ascending,4
9,right,3471.0443076923075,1790663828374,9.20073127746582,-3.584576368331909,0.363722026348114,0.42000001668930054,-2.6600000858306885,0,0.5282410679539105,ascending,4
9,right,3471.053,1790663828464,9.73195743560791,-3.261533737182617,0.39004403352737427,-0.3499999940395355,-2.799999952316284,1.190000057220459,0,resting,null
9,right,3471.062615384615,1790663828464,9.38259220123291,-3.7640445232391357,0.38525819778442383,-0.3499999940395355,-2.799999952316284,1.190000057220459,0.0029399963796741756,resting,null
9,right,3471.072230769231,1790663828464,9.617097854614258,-3.694650173187256,0.30868515372276306,-0.3499999940395355,-2.799999952316284,1.190000057220459,0.00774147503791622,resting,null
9,right,3471.081846153846,1790663828464,9.837244987487793,-3.598933696746826,0.37807947397232056,-0.3499999940395355,-2.799999952316284,1.190000057220459,0.014214234118883779,resting,null
9,right,3471.0914615384613,1790663828464,9.533346176147461,-3.618077039718628,0.3709007501602173,-0.3499999940395355,-2.799999952316284,1.190000057220459,0.01801385529477587,resting,null
9,right,3471.101076923077,1790663828464,9.54052448272705,-3.4816813468933105,0.284756064414978,-0.3499999940395355,-2.799999952316284,1.190000057220459,0.02139712461487683,resting,null
9,right,3471.1106923076923,1790663828464,9.01887035369873,-3.6132912635803223,0.3015064299106598,-0.3499999940395355,-2.799999952316284,1.190000057220459,0.020534703411918057,resting,null
9,right,3471.1203076923075,1790663828464,9.277304649353027,-3.2495691776275635,0.2895418703556061,-0.3499999940395355,-2.799999952316284,1.190000057220459,0.02076748926911102,resting,null
9,left,3366.892,1790663828506,9.786993980407715,1.5721405744552612,0.2632198929786682,-1.75,-1.6100000143051147,2.1700000762939453,0.09317841925720119,ascending,5
9,left,3366.901615384615,1790663828506,9.971247673034668,1.3807079792022705,0.17946811020374298,-1.75,-1.6100000143051147,2.1700000762939453,0.09563536477525841,ascending,5
9,left,3366.9112307692308,1790663828506,9.8085298538208,1.3854937553405762,0.26561281085014343,-1.75,-1.6100000143051147,2.1700000762939453,0,resting,null
9,left,3366.920846153846,1790663828506,9.973641395568848,1.8138242959976196,0.26561281085014343,-1.75,-1.6100000143051147,2.1700000762939453,0.0031638503841017697,resting,null
9,left,3366.9304615384613,1790663828506,9.650598526000977,1.1509888172149658,0.20339718461036682,-1.75,-1.6100000143051147,2.1700000762939453,0.0023030953196554616,resting,null
9,left,3366.940076923077,1790663828506,9.356270790100098,1.0528795719146729,0.27997025847435,-1.75,-1.6100000143051147,2.1700000762939453,-0.0014673101263098912,resting,null
9,left,3366.949692307692,1790663828506,9.428057670593262,1.6702498197555542,0.23929080367088318,-1.75,-1.6100000143051147,2.1700000762939453,-0.003705213139055209,resting,null
9,left,3366.9593076923074,1790663828506,9.420879364013672,0.9763064980506897,0.23929080367088318,-1.75,-1.6100000143051147,2.1700000762939453,-0.006971332519614211,resting,null
9,left,3366.971,1790663828537,9.621883392333984,1.9693633317947388,0.23929080367088318,-2.309999942779541,-1.6100000143051147,-1.75,-0.006938246498019088,resting,null
9,left,3366.9806153846152,1790663828537,9.284482955932617,0.9188767075538635,0.20339718461036682,-2.309999942779541,-1.6100000143051147,-1.75,-0.011591393192933437,resting,null
9,left,3366.990230769231,1790663828537,9.294054985046387,1.6367491483688354,0.17468228936195374,-2.309999942779541,-1.6100000143051147,-1.75,-0.015157428886650053,resting,null
9,left,3366.999846153846,1790663828537,9.411307334899902,1.7516087293624878,0.20339718461036682,-2.309999942779541,-1.6100000143051147,-1.75,-0.017431992393500198,resting,null
9,left,3367.0094615384614,1790663828537,9.301233291625977,1.0552724599838257,0.17946811020374298,-2.309999942779541,-1.6100000143051147,-1.75,-0.021745017771939545,resting,null
9,left,3367.019076923077,1790663828537,9.758278846740723,1.7946810722351074,0.1603248417377472,-2.309999942779541,-1.6100000143051147,-1.75,-0.020665467085912135,resting,null
9,left,3367.0286923076924,1790663828537,9.712814331054688,0.9069121479988098,0.18425391614437103,-2.309999942779541,-1.6100000143051147,-1.75,-0.021275984674986644,resting,null
9,left,3367.0383076923076,1790663828537,9.952104568481445,1.5051392316818237,0.19861137866973877,-2.309999942779541,-1.6100000143051147,-1.75,-0.018761362775119143,resting,null
9,right,3471.129,1790663828569,9.231839179992676,-3.563040256500244,0.3015064299106598,-0.8400000333786011,-3.009999990463257,1.190000057220459,0.021566016378020785,resting,null
9,right,3471.138615384615,1790663828569,9.157659530639648,-3.618077039718628,0.3230426013469696,-0.8400000333786011,-3.009999990463257,1.190000057220459,0.021975748103943604,resting,null
9,right,3471.148230769231,1790663828569,9.423272132873535,-3.42903733253479,0.3613291084766388,-0.8400000333786011,-3.009999990463257,1.190000057220459,0.02414128273960919,resting,null
9,right,3471.157846153846,1790663828569,8.858545303344727,-3.9817991256713867,0.382865309715271,-0.8400000333786011,-3.009999990463257,1.190000057220459,0.023117487049248167,resting,null
9,right,3471.1674615384613,1790663828569,9.078693389892578,-3.247176170349121,0.40918728709220886,-0.8400000333786011,-3.009999990463257,1.190000057220459,0.02157909029659159,resting,null
9,right,3471.177076923077,1790663828569,9.088264465332031,-3.694650173187256,0.37807947397232056,-0.8400000333786011,-3.009999990463257,1.190000057220459,0.021643947676047232,resting,null
9,right,3471.1866923076923,1790663828569,8.935118675231934,-3.61089825630188,0.4259376525878906,-0.8400000333786011,-3.009999990463257,1.190000057220459,0.02006305872667888,resting,null
9,right,3471.1963076923075,1790663828569,9.877924919128418,-3.1299238204956055,0.41636601090431213,-0.8400000333786011,-3.009999990463257,1.190000057220459,0.025304906719686375,resting,null
9,right,3471.205,1790663828599,9.0978364944458,-3.687471389770508,0.37807947397232056,-1.6800000667572021,-2.450000047683716,1.0499999523162842,0.02542067104149452,resting,null
9,right,3471.214615384615,1790663828599,9.310805320739746,-3.218461275100708,0.4307234585285187,-1.6800000667572021,-2.450000047683716,1.0499999523162842,0.025872347981568514,resting,null
9,right,3471.224230769231,1790663828599,9.236625671386719,-3.338106870651245,0.3732936680316925,-1.6800000667572021,-2.450000047683716,1.0499999523162842,0.026053138695952976,resting,null
9,right,3471.233846153846,1790663828599,9.085871696472168,-3.7066147327423096,0.37807947397232056,-1.6800000667572021,-2.450000047683716,1.0499999523162842,0.02613840623171751,resting,null
9,right,3471.2434615384614,1790663828599,9.466344833374023,-3.457752227783203,0.363722026348114,-1.6800000667572021,-2.450000047683716,1.0499999523162842,0.028787337696691572,resting,null
9,right,3471.253076923077,1790663828599,9.387378692626953,-3.7329366207122803,0.35893622040748596,-1.6800000667572021,-2.450000047683716,1.0499999523162842,0.031664468916723545,resting,null
9,right,3471.2626923076923,1790663828599,9.444808006286621,-3.232818841934204,0.40918728709220886,-1.6800000667572021,-2.450000047683716,1.0499999523162842,0.0333630759609209,resting,null
9,right,3471.2723076923075,1790663828599,9.614705085754395,-3.618077039718628,0.3924369215965271,-1.6800000667572021,-2.450000047683716,1.0499999523162842,0.03789621902112746,resting,null
9,left,3367.051,1790663828611,9.588382720947266,1.4572809934616089,0.1411815732717514,-3.2200000286102295,-1.0499999523162842,2.0999999046325684,-0.020109461364248588,resting,null
9,left,3367.060615384615,1790663828611,9.75588607788086,1.3376356363296509,0.15553902089595795,-3.2200000286102295,-1.0499999523162842,2.0999999046325684,-0.0197044899437496,resting,null
9,left,3367.070230769231,1790663828611,9.82528018951416,1.6846072673797607,0.20339718461036682,-3.2200000286102295,-1.0499999523162842,2.0999999046325684,-0.01813973521863699,resting,null
9,left,3367.079846153846,1790663828611,10.050213813781738,1.0959519147872925,0.23689790070056915,-3.2200000286102295,-1.0499999523162842,2.0999999046325684,-0.015261577654106715,resting,null
9,left,3367.0894615384614,1790663828611,10.122001647949219,2.431194543838501,0.22971917688846588,-3.2200000286102295,-1.0499999523162842,2.0999999046325684,-0.009817936125487512,resting,null
9,left,3367.099076923077,1790663828611,10.052606582641602,1.0863802433013916,0.19621846079826355,-3.2200000286102295,-1.0499999523162842,2.0999999046325684,-0.006938900932965052,resting,null
9,left,3367.1086923076923,1790663828611,9.928175926208496,1.5673547983169556,0.23450499773025513,-3.2200000286102295,-1.0499999523162842,2.0999999046325684,-0.004565028975286052,resting,null
9,left,3367.1183076923076,1790663828611,9.813316345214844,1.9837207794189453,0.181861013174057,-3.2200000286102295,-1.0499999523162842,2.0999999046325684,-0.0027001513721033946,resting,null
9,right,3471.281,1790663828689,9.004512786865234,-3.6515777111053467,0.4235447347164154,-1.8200000524520874,-2.7300000190734863,-0.2800000011920929,0.03715125194020669,resting,null
9,right,3471.290615384615,1790663828689,9.576417922973633,-3.182567834854126,0.382865309715271,-1.8200000524520874,-2.7300000190734863,-0.2800000011920929,0.03985502723962086,resting,null
9,right,3471.300230769231,1790663828689,9.121766090393066,-3.8454031944274902,0.4450809061527252,-1.8200000524520874,-2.7300000190734863,-0.2800000011920929,0.04075033786395119,resting,null
9,right,3471.309846153846,1790663828689,9.609918594360352,-3.2208542823791504,0.43790218234062195,-1.8200000524520874,-2.7300000190734863,-0.2800000011920929,0.043900079942937896,resting,null
9,right,3471.3194615384614,1790663828689,9.696063995361328,-3.407501220703125,0.461831271648407,-1.8200000524520874,-2.7300000190734863,-0.2800000011920929,0.048467513186913294,resting,null
9,right,3471.329076923077,1790663828689,8.978191375732422,-4.276126861572266,0.48815324902534485,-1.8200000524520874,-2.7300000190734863,-0.2800000011920929,0.049541995081531356,resting,null
9,right,3471.3386923076923,1790663828689,9.39934253692627,-2.9480626583099365,0.4929390549659729,-1.8200000524520874,-2.7300000190734863,-0.2800000011920929,0.049892302477850266,resting,null
9,right,3471.3483076923076,1790663828689,8.944690704345703,-3.991370677947998,0.5025107264518738,-1.8200000524520874,-2.7300000190734863,-0.2800000011920929,0.0497002229647275,resting,null
9,left,3367.13,1790663828747,9.925783157348633,1.1270596981048584,0.2010042816400528,-3.569999933242798,-1.8200000524520874,-0.14000000059604645,-0.0006015782579120926,resting,null
9,left,3367.1396153846154,1790663828747,10.325398445129395,2.3785505294799805,0.16271774470806122,-3.569999933242798,-1.8200000524520874,-0.14000000059604645,0.0066828026029414535,resting,null
9,left,3367.149230769231,1790663828747,10.035856246948242,0.9284483194351196,0.13878867030143738,-3.569999933242798,-1.8200000524520874,-0.14000000059604645,0.009161696932878594,resting,null
9,left,3367.1588461538463,1790663828747,9.775029182434082,1.907147765159607,0.1316099464893341,-3.569999933242798,-1.8200000524520874,-0.14000000059604645,0.010537199772948706,resting,null
9,left,3367.1684615384615,1790663828747,9.607525825500488,2.045936346054077,0.10768086463212967,-3.569999933242798,-1.8200000524520874,-0.14000000059604645,0.010524114136244898,resting,null
9,left,3367.1780769230772,1790663828747,9.528559684753418,0.8566610813140869,0.08853759616613388,-3.569999933242798,-1.8200000524520874,-0.14000000059604645,0.008059898426131305,resting,null
9,left,3367.1876923076925,1790663828747,9.772636413574219,2.1895108222961426,0.03828652948141098,-3.569999933242798,-1.8200000524520874,-0.14000000059604645,0.00981283972740697,resting,null
9,left,3367.1973076923077,1790663828747,9.499845504760742,1.1653462648391724,0.1005021408200264,-3.569999933242798,-1.8200000524520874,-0.14000000059604645,0.007516331428964191,resting,null
9,right,3471.357,1790663828749,9.37541389465332,-3.041386127471924,0.5049036145210266,-1.8200000524520874,-2.5199999809265137,0.9800000190734863,0.05011028684922006,resting,null
9,right,3471.366615384615,1790663828749,9.770243644714355,-3.1945323944091797,0.45704543590545654,-1.8200000524520874,-2.5199999809265137,0.9800000190734863,0.05462463567040523,resting,null
9,right,3471.376230769231,1790663828749,8.652755737304688,-3.393143653869629,0.4761887192726135,-1.8200000524520874,-2.5199999809265137,0.9800000190734863,0.049764804879773736,resting,null
9,right,3471.385846153846,1790663828749,8.726935386657715,-2.902597427368164,0.4259376525878906,-1.8200000524520874,-2.5199999809265137,0.9800000190734863,0.04390430651330166,resting,null
9,right,3471.3954615384614,1790663828749,8.267497062683105,-3.1155662536621094,0.31586387753486633,-1.8200000524520874,-2.5199999809265137,0.9800000190734863,0.034599076037119224,resting,null
9,right,3471.405076923077,1790663828749,8.116744041442871,-3.287855625152588,0.22493335604667664,-1.8200000524520874,-2.5199999809265137,0.9800000190734863,0.02450108851389712,resting,null
9,right,3471.4146923076923,1790663828749,8.772400856018066,-3.4242515563964844,0.1722893863916397,-1.8200000524520874,-2.5199999809265137,0.9800000190734863,0.02075005157844198,resting,null
9,right,3471.4243076923076,1790663828749,8.686256408691406,-3.54150390625,0.10528795421123505,-1.8200000524520874,-2.5199999809265137,0.9800000190734863,0.01661301115416813,resting,null
9,left,3367.21,1790663828776,9.447200775146484,1.8736470937728882,0.09810923039913177,-3.0799999237060547,-1.9600000381469727,-0.7699999809265137,0.005168004753722768,resting,null
9,left,3367.2196153846153,1790663828776,8.762829780578613,1.7563945055007935,0.12682412564754486,-3.0799999237060547,-1.9600000381469727,-0.7699999809265137,-0.0032692170014035227,resting,null
9,left,3367.229230769231,1790663828776,8.188531875610352,1.3998512029647827,0.20818300545215607,-3.0799999237060547,-1.9600000381469727,-0.7699999809265137,-0.017664814454476062,resting,null
9,left,3367.238846153846,1790663828776,7.9085612297058105,2.184725046157837,0.2943277060985565,-3.0799999237060547,-1.9600000381469727,-0.7699999809265137,-0.03352096371049262,resting,null
9,left,3367.2484615384615,1790663828776,8.099993705749512,1.9693633317947388,0.36611494421958923,-3.0799999237060547,-1.9600000381469727,-0.7699999809265137,-0.04785152138651068,resting,null
9,left,3367.258076923077,1790663828776,8.107172966003418,2.227797508239746,0.4139730930328369,-3.0799999237060547,-1.9600000381469727,-0.7699999809265137,-0.06169132293223302,resting,null
9,left,3367.2676923076924,1790663828776,7.717128753662109,1.957398772239685,0.4761887192726135,-3.0799999237060547,-1.9600000381469727,-0.7699999809265137,-0.07961646039507188,resting,null
9,left,3367.2773076923077,1790663828776,7.1571879386901855,1.8353605270385742,0.5049036145210266,-3.0799999237060547,-1.9600000381469727,-0.7699999809265137,-0.10301566646046029,resting,null
9,right,3471.432,1790663828824,8.860939025878906,-3.2711052894592285,0.035893622785806656,-1.3300000429153442,-3.0799999237060547,0.8400000333786011,0.013807538533382756,resting,null
9,right,3471.441615384615,1790663828824,8.458930015563965,-3.153852939605713,0,-1.3300000429153442,-3.0799999237060547,0.8400000333786011,0.006287206565625307,resting,null
9,right,3471.4512307692307,1790663828824,8.279461860656738,-3.2974274158477783,-0.011964540928602219,-1.3300000429153442,-3.0799999237060547,0.8400000333786011,-0.00234868633839977,resting,null
9,right,3471.460846153846,1790663828824,8.107172966003418,-3.05574369430542,0.07178724557161331,-1.3300000429153442,-3.0799999237060547,0.8400000333786011,-0.013334076904875326,resting,null
9,right,3471.470461538461,1790663828824,8.382356643676758,-3.156245708465576,0.14357449114322662,-1.3300000429153442,-3.0799999237060547,0.8400000333786011,-0.021484307944592346,resting,null
9,right,3471.480076923077,1790663828824,7.932490348815918,-3.0724940299987793,0.24407662451267242,-1.3300000429153442,-3.0799999237060547,0.8400000333786011,-0.03393792877064928,resting,null
9,right,3471.489692307692,1790663828824,6.527853488922119,-2.2325832843780518,0.3110780417919159,-1.3300000429153442,-3.0799999237060547,0.8400000333786011,-0.06185595007158973,resting,null
9,right,3471.4993076923074,1790663828824,5.601798057556152,-2.065079689025879,0.13878867030143738,-1.3300000429153442,-3.0799999237060547,0.8400000333786011,-0.09868402268997586,resting,null
9,left,3367.289,1790663828851,6.970541477203369,1.5673547983169556,0.5025107264518738,-2.380000114440918,-1.190000057220459,0.7699999809265137,-0.13410305323349764,resting,null
9,left,3367.2986153846155,1790663828851,6.628355503082275,2.416837215423584,0.3924369215965271,-2.380000114440918,-1.190000057220459,0.7699999809265137,-0.16156026803349982,descending,null
9,left,3367.308230769231,1790663828851,7.228975296020508,1.4477094411849976,0.26800569891929626,-2.380000114440918,-1.190000057220459,0.7699999809265137,-0.18487200510597634,descending,null
9,left,3367.3178461538464,1790663828851,6.750393867492676,1.8162171840667725,0.1722893863916397,-2.380000114440918,-1.190000057220459,0.7699999809265137,-0.21212253040919238,descending,null
9,left,3367.3274615384616,1790663828851,5.771694183349609,1.7587873935699463,0.2129688262939453,-2.380000114440918,-1.190000057220459,0.7699999809265137,-0.2487163041534439,descending,null
9,left,3367.3370769230773,1790663828851,5.175860404968262,2.270869731903076,0.23929080367088318,-2.380000114440918,-1.190000057220459,0.7699999809265137,-0.2901043382551316,descending,null
9,left,3367.3466923076926,1790663828851,5.367292881011963,2.1201164722442627,0.27757734060287476,-2.380000114440918,-1.190000057220459,0.7699999809265137,-0.32989784415782036,descending,null
9,left,3367.356307692308,1790663828851,6.070807933807373,2.3282995223999023,0.39004403352737427,-2.380000114440918,-1.190000057220459,0.7699999809265137,-0.36265360519268924,descending,null
9,right,3471.508,1790663828899,5.532403469085693,-2.0483293533325195,0.09332341700792313,-1.399999976158142,-7.28000020980835,0.5600000023841858,-0.1325849116107864,resting,null
9,right,3471.517615384615,1790663828899,6.4321370124816895,-2.6872358322143555,0.06460852175951004,-1.399999976158142,-7.28000020980835,0.5600000023841858,-0.15980521237396642,resting,null
9,right,3471.5272307692308,1790663828899,6.800644874572754,-2.837989091873169,0.09810923039913177,-1.399999976158142,-7.28000020980835,0.5600000023841858,-0.18317767375891666,descending,null
9,right,3471.536846153846,1790663828899,6.570925712585449,-2.6896286010742188,0.20339718461036682,-1.399999976158142,-7.28000020980835,0.5600000023841858,-0.2090937178172672,descending,null
9,right,3471.5464615384612,1790663828899,5.563511371612549,-2.0004711151123047,0.4115802049636841,-1.399999976158142,-7.28000020980835,0.5600000023841858,-0.2463882846681285,descending,null
9,right,3471.556076923077,1790663828899,4.934176445007324,-1.6104271411895752,0.5742979645729065,-1.399999976158142,-7.28000020980835,0.5600000023841858,-0.2906419408981297,descending,null
9,right,3471.565692307692,1790663828899,4.752315521240234,-1.8497179746627808,0.619763195514679,-1.399999976158142,-7.28000020980835,0.5600000023841858,-0.3356766084968549,descending,null
9,right,3471.5753076923074,1790663828899,5.520439147949219,-1.6056413650512695,0.5551546812057495,-1.399999976158142,-7.28000020980835,0.5600000023841858,-0.3746634733722981,descending,null
9,left,3367.368,1790663828926,6.133023262023926,1.5482115745544434,0.28714898228645325,-1.2599999904632568,2.309999942779541,-2.0299999713897705,-0.40329543768548287,descending,null
9,left,3367.377615384615,1790663828926,5.254826068878174,1.6080342531204224,0.07178724557161331,-1.2599999904632568,2.309999942779541,-2.0299999713897705,-0.4449608013108365,descending,null
9,left,3367.387230769231,1790663828926,5.027499675750732,2.1392598152160645,-0.1316099464893341,-1.2599999904632568,2.309999942779541,-2.0299999713897705,-0.4879329209000679,descending,null
9,left,3367.396846153846,1790663828926,5.532403469085693,1.6247845888137817,-0.17468228936195374,-1.2599999904632568,2.309999942779541,-2.0299999713897705,-0.5269460402777543,descending,null
9,left,3367.4064615384614,1790663828926,6.092343807220459,1.9837207794189453,-0.09571632742881775,-1.2599999904632568,2.309999942779541,-2.0299999713897705,-0.5600358597868534,descending,null
9,left,3367.416076923077,1790663828926,6.759965419769287,2.093794584274292,0.047858163714408875,-1.2599999904632568,2.309999942779541,-2.0299999713897705,-0.5865601313008014,descending,null
9,left,3367.4256923076923,1790663828926,7.145223617553711,2.254119396209717,0.2105759084224701,-1.2599999904632568,2.309999942779541,-2.0299999713897705,-0.609105569890238,descending,null
9,left,3367.4353076923076,1790663828926,7.391693115234375,1.366350531578064,0.34697166085243225,-1.2599999904632568,2.309999942779541,-2.0299999713897705,-0.6307624086118646,descending,null
9,right,3471.585,1790663828989,6.530246257781982,-2.0746512413024902,0.4833674430847168,0.6299999952316284,-5.460000038146973,0.8400000333786011,-0.4031828186145748,descending,null
9,right,3471.5946153846153,1790663828989,6.872432231903076,-2.818845748901367,0.2895418703556061,0.6299999952316284,-5.460000038146973,0.8400000333786011,-0.4258378792125514,descending,null
9,right,3471.604230769231,1790663828989,7.200260639190674,-2.6800570487976074,0.1722893863916397,0.6299999952316284,-5.460000038146973,0.8400000333786011,-0.44603568610172717,descending,null
9,right,3471.613846153846,1790663828989,7.2194037437438965,-2.4431591033935547,0.11246667802333832,0.6299999952316284,-5.460000038146973,0.8400000333786011,-0.46687238095328387,descending,null
9,right,3471.6234615384615,1790663828989,7.071043491363525,-0.825553297996521,0.18425391614437103,0.6299999952316284,-5.460000038146973,0.8400000333786011,-0.49456140151319117,descending,null
9,right,3471.633076923077,1790663828989,6.324456214904785,-1.517103672027588,0.37807947397232056,0.6299999952316284,-5.460000038146973,0.8400000333786011,-0.5265572724140243,descending,null
9,right,3471.6426923076924,1790663828989,6.300527095794678,-2.479052782058716,0.4522596299648285,0.6299999952316284,-5.460000038146973,0.8400000333786011,-0.5554526935865525,descending,null
9,right,3471.6523076923077,1790663828989,6.846109867095947,-1.9526129961013794,0.4737958014011383,0.6299999952316284,-5.460000038146973,0.8400000333786011,-0.5812314358019663,descending,null
9,right,3471.661,1790663829049,7.468266010284424,-2.4120514392852783,0.39004403352737427,2.5199999809265137,-6.579999923706055,0.07000000029802322,-0.5980554282675351,descending,null
9,right,3471.6706153846153,1790663829049,7.432372570037842,-2.8475606441497803,0.3350071310997009,2.5199999809265137,-6.579999923706055,0.07000000029802322,-0.6154988366445298,descending,null
9,right,3471.680230769231,1790663829049,8.365606307983398,-2.2182257175445557,0.2536482512950897,2.5199999809265137,-6.579999923706055,0.07000000029802322,-0.6266854310009531,descending,null
9,right,3471.6898461538462,1790663829049,8.51636028289795,-2.761415958404541,0.28714898228645325,2.5199999809265137,-6.579999923706055,0.07000000029802322,-0.6346599252384012,descending,null
9,right,3471.6994615384615,1790663829049,8.552253723144531,-3.189746379852295,0.41875892877578735,2.5199999809265137,-6.579999923706055,0.07000000029802322,-0.6408489118108932,descending,null
9,right,3471.709076923077,1790663829049,8.915975570678711,-2.9265265464782715,0.5742979645729065,2.5199999809265137,-6.579999923706055,0.07000000029802322,-0.6446339550155263,descending,null
9,right,3471.7186923076924,1790663829049,7.609447956085205,-2.8403818607330322,0.7776951193809509,2.5199999809265137,-6.579999923706055,0.07000000029802322,-0.6604465224328141,descending,null
9,right,3471.7283076923077,1790663829049,8.202888488769531,-2.3833365440368652,0.8135887384414673,2.5199999809265137,-6.579999923706055,0.07000000029802322,-0.672439256413982,descending,null
9,left,3367.447,1790663829062,6.4464945793151855,1.8999689817428589,0.38525819778442383,0.49000000953674316,2.5899999141693115,10.289999961853027,-0.6668694967569487,descending,null
9,left,3367.4566153846154,1790663829062,6.3412065505981445,1.5410327911376953,0.31825676560401917,0.49000000953674316,2.5899999141693115,10.289999961853027,-0.6981629577487851,descending,null
9,left,3367.466230769231,1790663829062,6.343599319458008,1.6654640436172485,0.11246667802333832,0.49000000953674316,2.5899999141693115,10.289999961853027,-0.7292715951021206,descending,null
9,left,3367.4758461538463,1790663829062,7.169152736663818,1.2778129577636719,0.08375178277492523,0.49000000953674316,2.5899999141693115,10.289999961853027,-0.7531860449030571,descending,null
9,left,3367.4854615384615,1790663829062,7.432372570037842,2.558018684387207,0.06221561133861542,0.49000000953674316,2.5899999141693115,10.289999961853027,-0.7725278985372327,descending,null
9,left,3367.4950769230772,1790663829062,7.946847915649414,1.7683590650558472,0.1698964685201645,0.49000000953674316,2.5899999141693115,10.289999961853027,-0.788241439007244,descending,null
9,left,3367.5046923076925,1790663829062,8.564218521118164,1.682214379310608,0.26800569891929626,0.49000000953674316,2.5899999141693115,10.289999961853027,-0.7982169770454608,descending,null
9,left,3367.5143076923077,1790663829062,7.853524208068848,1.521889567375183,0.27997025847435,0.49000000953674316,2.5899999141693115,10.289999961853027,-0.8151743709037198,descending,null
9,left,3367.527,1790663829091,8.564218521118164,1.1366313695907593,0.2536482512950897,2.5199999809265137,3.1500000953674316,-6.019999980926514,-0.8294896790981187,descending,null
9,left,3367.5366153846153,1790663829091,9.191160202026367,2.0076498985290527,0.08375178277492523,2.5199999809265137,3.1500000953674316,-6.019999980926514,-0.8330220168125494,descending,null
9,left,3367.546230769231,1790663829091,9.684099197387695,2.354621648788452,-0.03828652948141098,2.5199999809265137,3.1500000953674316,-6.019999980926514,-0.8313323777353421,descending,null
9,left,3367.5558461538462,1790663829091,9.964069366455078,1.907147765159607,-0.21536172926425934,2.5199999809265137,3.1500000953674316,-6.019999980926514,-0.8277766348813811,descending,null
9,left,3367.5654615384615,1790663829091,10.43547248840332,1.9095406532287598,-0.18664683401584625,2.5199999809265137,3.1500000953674316,-6.019999980926514,-0.8197471147079639,descending,null
9,left,3367.575076923077,1790663829091,10.129179954528809,2.038757801055908,-0.14596739411354065,2.5199999809265137,3.1500000953674316,-6.019999980926514,-0.8143841159037255,descending,null
9,left,3367.5846923076924,1790663829091,9.978426933288574,1.8880045413970947,-0.06939433515071869,2.5199999809265137,3.1500000953674316,-6.019999980926514,-0.8106844397564736,descending,null
9,left,3367.5943076923077,1790663829091,10.734585762023926,2.4264087677001953,0.1722893863916397,2.5199999809265137,3.1500000953674316,-6.019999980926514,-0.7988478847076534,descending,null
9,right,3471.736,1790663829139,8.554646492004395,-2.3522286415100098,0.8518753051757812,3.640000104904175,-6.579999923706055,1.75,-0.6795715817510067,descending,null
9,right,3471.745615384615,1790663829139,8.616862297058105,-3.2423903942108154,0.7226582169532776,3.640000104904175,-6.579999923706055,1.75,-0.6849451218356395,descending,null
9,right,3471.755230769231,1790663829139,9.528559684753418,-2.979170560836792,0.600619912147522,3.640000104904175,-6.579999923706055,1.75,-0.6829967342530467,descending,null
9,right,3471.764846153846,1790663829139,9.822887420654297,-3.2926416397094727,0.44029510021209717,3.640000104904175,-6.579999923706055,1.75,-0.6773605967295389,descending,null
9,right,3471.7744615384613,1790663829139,9.786993980407715,-3.4386088848114014,0.3924369215965271,3.640000104904175,-6.579999923706055,1.75,-0.6715656697064541,descending,null
9,right,3471.784076923077,1790663829139,9.82767391204834,-2.881061315536499,0.4307234585285187,3.640000104904175,-6.579999923706055,1.75,-0.667255215732508,descending,null
9,right,3471.7936923076923,1790663829139,10.023892402648926,-3.905225992202759,0.4714028835296631,3.640000104904175,-6.579999923706055,1.75,-0.6577638443496913,descending,null
9,right,3471.8033076923075,1790663829139,9.444808006286621,-3.675506830215454,0.5360113978385925,3.640000104904175,-6.579999923706055,1.75,-0.6542521110470126,descending,null
9,left,3367.606,1790663829168,10.51443862915039,1.6846072673797607,0.2225404530763626,4.130000114440918,1.75,1.399999976158142,-0.788543774344845,descending,null
9,left,3367.6156153846155,1790663829168,11.31127643585205,1.9908995628356934,0.3038993179798126,4.130000114440918,1.75,1.399999976158142,-0.7719955955313251,descending,null
9,left,3367.625230769231,1790663829168,11.182059288024902,2.010042905807495,0.18425391614437103,4.130000114440918,1.75,1.399999976158142,-0.7566715136095356,descending,null
9,left,3367.6348461538464,1790663829168,10.95712661743164,2.2852272987365723,0.1603248417377472,4.130000114440918,1.75,1.399999976158142,-0.7430144621320642,descending,null
9,left,3367.6444615384617,1790663829168,10.612546920776367,1.8138242959976196,-0.02632198855280876,4.130000114440918,1.75,1.399999976158142,-0.7334669897656623,descending,null
9,left,3367.6540769230774,1790663829168,10.60058307647705,1.7444299459457397,-0.023929081857204437,4.130000114440918,1.75,1.399999976158142,-0.7241510682006959,descending,null
9,left,3367.6636923076926,1790663829168,10.047821044921875,0.7681235074996948,-0.11725249886512756,4.130000114440918,1.75,1.399999976158142,-0.7217229450075539,descending,null
9,left,3367.673307692308,1790663829168,10.507259368896484,1.3328498601913452,0.04546525329351425,4.130000114440918,1.75,1.399999976158142,-0.7139592393783829,descending,null
9,right,3471.812,1790663829229,9.396949768066406,-3.2639267444610596,0.6748000979423523,5.460000038146973,-5.670000076293945,2.240000009536743,-0.6526945339119365,descending,null
9,right,3471.821615384615,1790663829229,9.128944396972656,-2.4000868797302246,0.6819788217544556,5.460000038146973,-5.670000076293945,2.240000009536743,-0.6562614620824495,descending,null
9,right,3471.831230769231,1790663829229,8.647970199584961,-2.1536173820495605,0.7513731122016907,5.460000038146973,-5.670000076293945,2.240000009536743,-0.6649632710619023,descending,null
9,right,3471.840846153846,1790663829229,9.22705364227295,-2.256512403488159,0.5982270240783691,5.460000038146973,-5.670000076293945,2.240000009536743,-0.6681033555431665,descending,null
9,right,3471.8504615384613,1790663829229,10.25121784210205,-3.091637372970581,0.4761887192726135,5.460000038146973,-5.670000076293945,2.240000009536743,-0.659245218033721,descending,null
9,right,3471.860076923077,1790663829229,10.890124320983887,-3.7903664112091064,0.4115802049636841,5.460000038146973,-5.670000076293945,2.240000009536743,-0.6423248334878316,descending,null
9,right,3471.8696923076923,1790663829229,11.019341468811035,-3.4888598918914795,0.4307234585285187,5.460000038146973,-5.670000076293945,2.240000009536743,-0.6252312142857933,descending,null
9,right,3471.8793076923075,1790663829229,10.803979873657227,-3.4601449966430664,0.4833674430847168,5.460000038146973,-5.670000076293945,2.240000009536743,-0.610172492912229,descending,null
9,left,3367.685,1790663829242,12.189474105834961,1.9334697723388672,0.24407662451267242,4.96999979019165,0.14000000059604645,1.8899999856948853,-0.6839020578664488,descending,null
9,left,3367.694615384615,1790663829242,11.988469123840332,1.581712245941162,0.25843408703804016,4.96999979019165,0.14000000059604645,1.8899999856948853,-0.661661567909589,descending,null
9,left,3367.704230769231,1790663829242,11.452458381652832,1.5075321197509766,0.22971917688846588,4.96999979019165,0.14000000059604645,1.8899999856948853,-0.6446251272656239,descending,null
9,left,3367.713846153846,1790663829242,10.770479202270508,1.0672370195388794,0.19382555782794952,4.96999979019165,0.14000000059604645,1.8899999856948853,-0.6347518691079056,descending,null
9,left,3367.7234615384614,1790663829242,10.52161693572998,1.079201579093933,0.05742979422211647,4.96999979019165,0.14000000059604645,1.8899999856948853,-0.6272348445571773,descending,null
9,left,3367.733076923077,1790663829242,10.294290542602539,1.3137065172195435,-0.009571632370352745,4.96999979019165,0.14000000059604645,1.8899999856948853,-0.6215173616813277,descending,null
9,left,3367.7426923076923,1790663829242,10.736978530883789,1.3807079792022705,-0.05742979422211647,4.96999979019165,0.14000000059604645,1.8899999856948853,-0.6115006441409284,descending,null
9,left,3367.7523076923076,1790663829242,11.43092155456543,1.177310824394226,0.10528795421123505,4.96999979019165,0.14000000059604645,1.8899999856948853,-0.5951732120125967,descending,null
9,right,3471.888,1790663829289,9.949711799621582,-3.091637372970581,0.5862624645233154,6.510000228881836,-4.269999980926514,0.5600000023841858,-0.6046138225914236,descending,null
9,right,3471.897615384615,1790663829289,9.782208442687988,-2.7303080558776855,0.667621374130249,6.510000228881836,-4.269999980926514,0.5600000023841858,-0.6011378122370996,descending,null
9,right,3471.907230769231,1790663829289,9.655384063720703,-2.6034839153289795,0.7178724408149719,6.510000228881836,-4.269999980926514,0.5600000023841858,-0.5992019197185433,descending,null
9,right,3471.916846153846,1790663829289,10.145930290222168,-2.775773286819458,0.6819788217544556,6.510000228881836,-4.269999980926514,0.5600000023841858,-0.5922634694652332,descending,null
9,right,3471.9264615384614,1790663829289,11.868824005126953,-3.479288339614868,0.509689450263977,6.510000228881836,-4.269999980926514,0.5600000023841858,-0.5674801068161498,descending,null
9,right,3471.936076923077,1790663829289,12.567553520202637,-3.462538003921509,0.30629223585128784,6.510000228881836,-4.269999980926514,0.5600000023841858,-0.5364712736310667,descending,null
9,right,3471.9456923076923,1790663829289,11.670212745666504,-4.070336818695068,0.15314611792564392,6.510000228881836,-4.269999980926514,0.5600000023841858,-0.5116699186749615,descending,null
9,right,3471.9553076923075,1790663829289,10.00953483581543,-3.816688299179077,0.047858163714408875,6.510000228881836,-4.269999980926514,0.5600000023841858,-0.502748010483918,descending,null
9,left,3367.764,1790663829332,13.3859281539917,1.6104271411895752,0.36850783228874207,6.019999980926514,-0.2800000011920929,0.49000000953674316,-0.5519287886017135,descending,null
9,left,3367.7736153846154,1790663829332,12.993491172790527,1.718108057975769,0.5647262930870056,6.019999980926514,-0.2800000011920929,0.49000000953674316,-0.5199172114626082,descending,null
9,left,3367.783230769231,1790663829332,10.801587104797363,1.584105134010315,0.6389064788818359,6.019999980926514,-0.2800000011920929,0.49000000953674316,-0.5089112106951597,descending,null
9,left,3367.7928461538463,1790663829332,9.82528018951416,1.7683590650558472,0.6771929860115051,6.019999980926514,-0.2800000011920929,0.49000000953674316,-0.5068909692060397,descending,null
9,left,3367.8024615384616,1790663829332,11.529030799865723,1.672642707824707,0.5623334050178528,6.019999980926514,-0.2800000011920929,0.49000000953674316,-0.4888586435566153,descending,null
9,left,3367.8120769230773,1790663829332,13.563003540039062,1.5577831268310547,0.569512128829956,6.019999980926514,-0.2800000011920929,0.49000000953674316,-0.4516975253394902,descending,null
9,left,3367.8216923076925,1790663829332,13.831008911132812,1.9167194366455078,0.5360113978385925,6.019999980926514,-0.2800000011920929,0.49000000953674316,-0.41148162620775125,descending,null
9,left,3367.8313076923077,1790663829332,12.266046524047852,1.0863802433013916,0.3948298394680023,6.019999980926514,-0.2800000011920929,0.49000000953674316,-0.3873884364349202,descending,null
9,right,3471.965,1790663829366,10.09567928314209,-5.0418572425842285,0.0023929080925881863,8.1899995803833,-4.690000057220459,1.6800000667572021,-0.4889696764131224,descending,null
9,right,3471.9746153846154,1790663829366,11.761143684387207,-4.256983280181885,0.12921704351902008,8.1899995803833,-4.690000057220459,1.6800000667572021,-0.46276822032050624,descending,null
9,right,3471.984230769231,1790663829366,12.845130920410156,-4.7738518714904785,0.2512553632259369,8.1899995803833,-4.690000057220459,1.6800000667572021,-0.4250805176483025,descending,null
9,right,3471.9938461538463,1790663829366,12.330655097961426,-4.10623025894165,0.260826975107193,8.1899995803833,-4.690000057220459,1.6800000667572021,-0.39423626091276653,descending,null
9,right,3472.0034615384616,1790663829366,10.69629955291748,-3.675506830215454,0.40918728709220886,8.1899995803833,-4.690000057220459,1.6800000667572021,-0.37956527383760136,descending,null
9,right,3472.0130769230773,1790663829366,9.28926944732666,-2.98634934425354,0.40918728709220886,8.1899995803833,-4.690000057220459,1.6800000667572021,-0.3798614069819534,descending,null
9,right,3472.0226923076925,1790663829366,9.55009651184082,-3.3692145347595215,0.47858160734176636,8.1899995803833,-4.690000057220459,1.6800000667572021,-0.37654303426454405,descending,null
9,right,3472.0323076923078,1790663829366,10.409150123596191,-3.7712230682373047,0.45943835377693176,8.1899995803833,-4.690000057220459,1.6800000667572021,-0.3641511206407382,descending,null
9,left,3367.843,1790663829406,11.062414169311523,1.5960696935653687,0.29911351203918457,6.510000228881836,-4.340000152587891,-0.07000000029802322,-0.37111164503086796,descending,null
9,left,3367.852615384615,1790663829406,10.559903144836426,1.0145930051803589,0.1914326548576355,6.510000228881836,-4.340000152587891,-0.07000000029802322,-0.3633615420546612,descending,null
9,left,3367.862230769231,1790663829406,11.591246604919434,0.7633376717567444,0.22971917688846588,6.510000228881836,-4.340000152587891,-0.07000000029802322,-0.34615404133024097,descending,null
9,left,3367.871846153846,1790663829406,12.969561576843262,1.6534994840621948,0.37568655610084534,6.510000228881836,-4.340000152587891,-0.07000000029802322,-0.31456791550637486,descending,null
9,left,3367.8814615384613,1790663829406,12.634554862976074,0.9380199909210205,0.4139730930328369,6.510000228881836,-4.340000152587891,-0.07000000029802322,-0.28717669267248663,descending,null
9,left,3367.891076923077,1790663829406,12.354584693908691,1.8233959674835205,0.39722275733947754,6.510000228881836,-4.340000152587891,-0.07000000029802322,-0.2612184163759833,descending,null
9,left,3367.900692307692,1790663829406,11.253847122192383,1.3639576435089111,0.4211518168449402,6.510000228881836,-4.340000152587891,-0.07000000029802322,-0.24637432052268685,descending,null
9,left,3367.9103076923075,1790663829406,11.251453399658203,0.28714898228645325,0.37807947397232056,6.510000228881836,-4.340000152587891,-0.07000000029802322,-0.23304417540730152,descending,null
9,right,3472.04,1790663829439,11.5792818069458,-3.7688302993774414,0.36850783228874207,7.559999942779541,-1.6100000143051147,1.3300000429153442,-0.34578831984532765,descending,null
9,right,3472.049615384615,1790663829439,12.096150398254395,-4.118195056915283,0.3517574965953827,7.559999942779541,-1.6100000143051147,1.3300000429153442,-0.3170373212522429,descending,null
9,right,3472.059230769231,1790663829439,10.650834083557129,-4.060765266418457,0.34697166085243225,7.559999942779541,-1.6100000143051147,1.3300000429153442,-0.30156241089867686,descending,null
9,right,3472.068846153846,1790663829439,10.382827758789062,-3.7137932777404785,0.29672059416770935,7.559999942779541,-1.6100000143051147,1.3300000429153442,-0.28965247278480544,descending,null
9,right,3472.0784615384614,1790663829439,9.980819702148438,-3.618077039718628,0.3709007501602173,7.559999942779541,-1.6100000143051147,1.3300000429153442,-0.28167781899597055,descending,null
9,right,3472.088076923077,1790663829439,10.5551176071167,-3.5582542419433594,0.45704543590545654,7.559999942779541,-1.6100000143051147,1.3300000429153442,-0.2686854053157057,descending,null
9,right,3472.0976923076923,1790663829439,12.055471420288086,-1.8664683103561401,0.5527617931365967,7.559999942779541,-1.6100000143051147,1.3300000429153442,-0.24754909898622063,descending,null
9,right,3472.1073076923076,1790663829439,11.395028114318848,-4.139730930328369,0.5431901216506958,7.559999942779541,-1.6100000143051147,1.3300000429153442,-0.22506868789883291,descending,null
9,left,3367.923,1790663829482,11.87360954284668,0.9093050956726074,0.2321120798587799,5.670000076293945,-3.990000009536743,-0.07000000029802322,-0.2065261300431803,descending,null
9,left,3367.932615384615,1790663829482,11.993255615234375,0.6963362693786621,0.2512553632259369,5.670000076293945,-3.990000009536743,-0.07000000029802322,-0.1855757562511971,descending,null
9,left,3367.9422307692307,1790663829482,11.694141387939453,0.29911351203918457,0.17946811020374298,5.670000076293945,-3.990000009536743,-0.07000000029802322,-0.16799785807551545,descending,null
9,left,3367.951846153846,1790663829482,10.741764068603516,0.9404128789901733,0.12921704351902008,5.670000076293945,-3.990000009536743,-0.07000000029802322,-0.1586475570415345,descending,null
9,left,3367.961461538461,1790663829482,10.234467506408691,0.49054616689682007,0.12203831225633621,5.670000076293945,-3.990000009536743,-0.07000000029802322,-0.1547006164046145,descending,null
9,left,3367.971076923077,1790663829482,10.906874656677246,1.5362470149993896,0.29672059416770935,5.670000076293945,-3.990000009536743,-0.07000000029802322,-0.14299214720046713,descending,null
9,left,3367.980692307692,1790663829482,11.069592475891113,1.8784328699111938,0.36611494421958923,5.670000076293945,-3.990000009536743,-0.07000000029802322,-0.12928618876593836,descending,null
9,left,3367.9903076923074,1790663829482,10.880553245544434,1.8616825342178345,0.4115802049636841,5.670000076293945,-3.990000009536743,-0.07000000029802322,-0.11739791858963242,descending,null
9,right,3472.116,1790663829514,10.842267036437988,-4.168446063995361,0.509689450263977,6.789999961853027,-1.3300000429153442,0.2800000011920929,-0.2091957484652221,descending,null
9,right,3472.1256153846152,1790663829514,10.330183982849121,-3.7496869564056396,0.5240468978881836,6.789999961853027,-1.3300000429153442,0.2800000011920929,-0.1976270205324538,descending,null
9,right,3472.135230769231,1790663829514,9.99278450012207,-5.848267555236816,0.4139730930328369,6.789999961853027,-1.3300000429153442,0.2800000011920929,-0.182300133609927,descending,null
9,right,3472.144846153846,1790663829514,10.679549217224121,-4.678135395050049,0.3517574965953827,6.789999961853027,-1.3300000429153442,0.2800000011920929,-0.16459150621884935,descending,null
9,right,3472.1544615384614,1790663829514,10.768086433410645,-4.568061351776123,0.29672059416770935,6.789999961853027,-1.3300000429153442,0.2800000011920929,-0.14645629996614318,descending,null
9,right,3472.164076923077,1790663829514,10.478544235229492,-4.350306987762451,0.23689790070056915,6.789999961853027,-1.3300000429153442,0.2800000011920929,-0.13166763963619396,descending,null
9,right,3472.1736923076924,1790663829514,11.036091804504395,-4.3526997566223145,0.20579010248184204,6.789999961853027,-1.3300000429153442,0.2800000011920929,-0.11185371723279232,descending,null
9,right,3472.1833076923076,1790663829514,10.832695007324219,-4.307234764099121,0.23689790070056915,6.789999961853027,-1.3300000429153442,0.2800000011920929,-0.09402035166097988,descending,null
9,right,3472.192,1790663829589,10.466580390930176,-4.393379211425781,0.2536482512950897,4.130000114440918,-1.4700000286102295,-0.6299999952316284,-0.0806161543833387,descending,null
9,right,3472.2016153846153,1790663829589,9.925783157348633,-4.4579877853393555,0.3110780417919159,4.130000114440918,-1.4700000286102295,-0.6299999952316284,-0.07041963757766617,descending,null
9,right,3472.211230769231,1790663829589,9.418486595153809,-3.948298454284668,0.3326142132282257,4.130000114440918,-1.4700000286102295,-0.6299999952316284,-0.06649862738542968,descending,null
9,right,3472.220846153846,1790663829589,9.46155834197998,-4.077515602111816,0.3302213251590729,4.130000114440918,-1.4700000286102295,-0.6299999952316284,-0.06174691380250406,descending,null
9,right,3472.2304615384614,1790663829589,9.815709114074707,-3.7425081729888916,0.34697166085243225,4.130000114440918,-1.4700000286102295,-0.6299999952316284,-0.054951665277088405,descending,null
9,right,3472.240076923077,1790663829589,10.282325744628906,-4.242626190185547,0.27997025847435,4.130000114440918,-1.4700000286102295,-0.6299999952316284,-0.042277445597291255,descending,null
9,right,3472.2496923076924,1790663829589,10.557510375976562,-4.556097030639648,0.2632198929786682,4.130000114440918,-1.4700000286102295,-0.6299999952316284,-0.026062207573200727,descending,null
9,right,3472.2593076923076,1790663829589,12.167937278747559,-5.0059638023376465,0.15793193876743317,4.130000114440918,-1.4700000286102295,-0.6299999952316284,0.006108718702551097,resting,null
9,left,3368.003,1790663829617,10.588618278503418,1.3831008672714233,0.5049036145210266,3.0799999237060547,-4.409999847412109,2.799999952316284,-0.10619288835927489,descending,null
9,left,3368.0126153846154,1790663829617,10.404364585876465,1.3041349649429321,0.4714028835296631,3.0799999237060547,-4.409999847412109,2.799999952316284,-0.09956718150987137,descending,null
9,left,3368.022230769231,1790663829617,10.6939058303833,1.5888910293579102,0.4139730930328369,3.0799999237060547,-4.409999847412109,2.799999952316284,-0.08982538504237404,descending,null
9,left,3368.0318461538463,1790663829617,9.858781814575195,1.5338541269302368,0.38525819778442383,3.0799999237060547,-4.409999847412109,2.799999952316284,-0.08811390920972091,descending,null
9,left,3368.0414615384616,1790663829617,10.059785842895508,1.5075321197509766,0.2536482512950897,3.0799999237060547,-4.409999847412109,2.799999952316284,-0.08454100809898071,descending,null
9,left,3368.0510769230773,1790663829617,9.564454078674316,1.141417145729065,0.25843408703804016,3.0799999237060547,-4.409999847412109,2.799999952316284,-0.08616059080961197,descending,null
9,left,3368.0606923076925,1790663829617,9.66016960144043,1.1653462648391724,0.21536172926425934,3.0799999237060547,-4.409999847412109,2.799999952316284,-0.08684070588032061,descending,null
9,left,3368.070307692308,1790663829617,9.830066680908203,1.275420069694519,0.3326142132282257,3.0799999237060547,-4.409999847412109,2.799999952316284,-0.08574424988310929,descending,null
9,left,3368.082,1790663829647,10.677155494689941,1.4883887767791748,0.4115802049636841,1.0499999523162842,-1.6800000667572021,-1.399999976158142,-0.07425464225197197,descending,null
9,left,3368.091615384615,1790663829647,11.87360954284668,2.0411505699157715,0.5599405169487,1.0499999523162842,-1.6800000667572021,-1.399999976158142,-0.05267903422941864,descending,null
9,left,3368.101230769231,1790663829647,13.292604446411133,1.4836030006408691,0.5503688454627991,1.0499999523162842,-1.6800000667572021,-1.399999976158142,-0.018320595234813504,resting,null
9,left,3368.110846153846,1790663829647,13.89083194732666,1.019378900527954,0.5120823383331299,1.0499999523162842,-1.6800000667572021,-1.399999976158142,0.021111311342715957,resting,null
9,left,3368.1204615384613,1790663829647,13.481644630432129,1.3400285243988037,0.4761887192726135,1.0499999523162842,-1.6800000667572021,-1.399999976158142,0.05703371749668581,resting,null
9,left,3368.130076923077,1790663829647,13.560609817504883,1.4429235458374023,0.44029510021209717,1.0499999523162842,-1.6800000667572021,-1.399999976158142,0.0938164757101084,resting,null
9,left,3368.1396923076923,1790663829647,14.465129852294922,1.622391700744629,0.4259376525878906,1.0499999523162842,-1.6800000667572021,-1.399999976158142,0.13942303179912535,resting,null
9,left,3368.1493076923075,1790663829647,15.439043045043945,1.517103672027588,0.41636601090431213,1.0499999523162842,-1.6800000667572021,-1.399999976158142,0.19414113702635657,resting,null
9,right,3472.268,1790663829664,13.572574615478516,-5.099287033081055,0.26800569891929626,3.2200000286102295,1.399999976158142,1.8200000524520874,0.04688621937421511,resting,null
9,right,3472.2776153846153,1790663829664,13.747257232666016,-4.967677116394043,0.2703986167907715,3.2200000286102295,1.399999976158142,1.8200000524520874,0.09308549665385016,resting,null
9,right,3472.287230769231,1790663829664,13.35960578918457,-4.749922752380371,0.3732936680316925,3.2200000286102295,1.399999976158142,1.8200000524520874,0.13506399278401096,resting,null
9,right,3472.296846153846,1790663829664,13.249531745910645,-5.128002166748047,0.4115802049636841,3.2200000286102295,1.399999976158142,1.8200000524520874,0.17734927780204945,resting,null
9,right,3472.3064615384615,1790663829664,14.26173210144043,-5.714264392852783,0.4546525478363037,3.2200000286102295,1.399999976158142,1.8200000524520874,0.23072456046070342,resting,null
9,right,3472.316076923077,1790663829664,15.173430442810059,-5.592226028442383,0.4761887192726135,3.2200000286102295,1.399999976158142,1.8200000524520874,0.29183170420747634,ascending,5
9,right,3472.3256923076924,1790663829664,15.02746295928955,-5.620941162109375,0.5120823383331299,3.2200000286102295,1.399999976158142,1.8200000524520874,0.35171055123243883,ascending,5
9,right,3472.3353076923077,1790663829664,13.407464027404785,-5.295505523681641,0.4953319728374481,3.2200000286102295,1.399999976158142,1.8200000524520874,0.39591183332268615,ascending,5
9,left,3368.161,1790663829721,14.599132537841797,1.6080342531204224,0.3421858549118042,-0.6299999952316284,-2.1700000762939453,0.49000000953674316,0.25104587363734243,ascending,5
9,left,3368.1706153846153,1790663829721,13.335677146911621,1.6343562602996826,0.2727915346622467,-0.6299999952316284,-2.1700000762939453,0.49000000953674316,0.2858138394705442,ascending,5
9,left,3368.180230769231,1790663829721,12.033934593200684,1.4309589862823486,0.31825676560401917,-0.6299999952316284,-2.1700000762939453,0.49000000953674316,0.3079164601980038,ascending,5
9,left,3368.1898461538462,1790663829721,11.452458381652832,1.6582852602005005,0.260826975107193,-0.6299999952316284,-2.1700000762939453,0.49000000953674316,0.3247555995162953,ascending,5
9,left,3368.1994615384615,1790663829721,11.52663803100586,1.844932198524475,0.3206496834754944,-0.6299999952316284,-2.1700000762939453,0.49000000953674316,0.34254828521562175,ascending,5
9,left,3368.209076923077,1790663829721,11.926254272460938,1.7683590650558472,0.3445787727832794,-0.6299999952316284,-2.1700000762939453,0.49000000953674316,0.36404241270085735,ascending,5
9,left,3368.2186923076924,1790663829721,12.730271339416504,1.8568966388702393,0.5049036145210266,-0.6299999952316284,-2.1700000762939453,0.49000000953674316,0.39332160472036104,ascending,5
9,left,3368.2283076923077,1790663829721,12.945632934570312,1.4764243364334106,0.5192610621452332,-0.6299999952316284,-2.1700000762939453,0.49000000953674316,0.4241371123558274,ascending,5
9,right,3472.343,1790663829739,11.574496269226074,-5.5611186027526855,0.4953319728374481,-0.07000000029802322,-5.389999866485596,0.3499999940395355,0.4188522285051109,ascending,5
9,right,3472.352615384615,1790663829739,11.08395004272461,-4.725993633270264,0.4522596299648285,-0.07000000029802322,-5.389999866485596,0.3499999940395355,0.44022275981521675,ascending,5
9,right,3472.362230769231,1790663829739,11.284955024719238,-4.649420261383057,0.4211518168449402,-0.07000000029802322,-5.389999866485596,0.3499999940395355,0.46311173594763344,ascending,5
9,right,3472.371846153846,1790663829739,11.275382995605469,-5.431901454925537,0.36850783228874207,-0.07000000029802322,-5.389999866485596,0.3499999940395355,0.48864071406518284,ascending,5
9,right,3472.3814615384613,1790663829739,12.321084022521973,-4.962891578674316,0.2703986167907715,-0.07000000029802322,-5.389999866485596,0.3499999940395355,0.5218341997965604,ascending,5
9,right,3472.391076923077,1790663829739,12.581911087036133,-5.503688812255859,0.2512553632259369,-0.07000000029802322,-5.389999866485596,0.3499999940395355,0.5592395028180059,ascending,5
9,right,3472.400692307692,1790663829739,13.048527717590332,-5.113644599914551,0.22014755010604858,-0.07000000029802322,-5.389999866485596,0.3499999940395355,0.5994221763494518,ascending,5
9,right,3472.4103076923075,1790663829739,11.765929222106934,-5.171074390411377,0.260826975107193,-0.07000000029802322,-5.389999866485596,0.3499999940395355,0.6283297696386066,ascending,5
9,left,3368.24,1790663829797,12.242117881774902,1.433351993560791,0.4546525478363037,-2.7300000190734863,-1.399999976158142,0.5600000023841858,0.4533705954363389,ascending,5
9,left,3368.249615384615,1790663829797,11.76353645324707,1.6008554697036743,0.38765111565589905,-2.7300000190734863,-1.399999976158142,0.5600000023841858,0.4730519925871622,ascending,5
9,left,3368.2592307692307,1790663829797,10.99780559539795,1.8903974294662476,0.29911351203918457,-2.7300000190734863,-1.399999976158142,0.5600000023841858,0.48580056445864067,ascending,5
9,left,3368.268846153846,1790663829797,11.777894020080566,1.9023619890213013,0.1507532149553299,-2.7300000190734863,-1.399999976158142,0.5600000023841858,0.5059612447379076,ascending,5
9,left,3368.278461538461,1790663829797,11.58167552947998,1.0145930051803589,0.14357449114322662,-2.7300000190734863,-1.399999976158142,0.5600000023841858,0.5230719549931631,ascending,5
9,left,3368.288076923077,1790663829797,11.868824005126953,2.0555081367492676,0.11725249886512756,-2.7300000190734863,-1.399999976158142,0.5600000023841858,0.5442781185623172,ascending,5
9,left,3368.297692307692,1790663829797,11.150951385498047,1.4740313291549683,0.05264397710561752,-2.7300000190734863,-1.399999976158142,0.5600000023841858,0.5578603669430282,ascending,5
9,left,3368.3073076923074,1790663829797,10.839873313903809,1.9382555484771729,0.16271774470806122,-2.7300000190734863,-1.399999976158142,0.5600000023841858,0.5691134227644173,ascending,5
9,right,3472.42,1790663829829,11.253847122192383,-5.04425048828125,0.32543548941612244,-2.1700000762939453,-3.990000009536743,-0.42000001668930054,0.6524161020854294,ascending,5
9,right,3472.4296153846153,1790663829829,10.940375328063965,-5.185431957244873,0.39004403352737427,-2.1700000762939453,-3.990000009536743,-0.42000001668930054,0.6740262471770777,ascending,5
9,right,3472.439230769231,1790663829829,10.746550559997559,-4.876746654510498,0.5766908526420593,-2.1700000762939453,-3.990000009536743,-0.42000001668930054,0.692852551941311,ascending,5
9,right,3472.4488461538463,1790663829829,11.622354507446289,-5.099287033081055,0.5575475692749023,-2.1700000762939453,-3.990000009536743,-0.42000001668930054,0.7202790861816213,ascending,5
9,right,3472.4584615384615,1790663829829,11.05044937133789,-4.204339504241943,0.6245490312576294,-2.1700000762939453,-3.990000009536743,-0.42000001668930054,0.7394133018740938,ascending,5
9,right,3472.468076923077,1790663829829,10.787229537963867,-5.233290195465088,0.5431901216506958,-2.1700000762939453,-3.990000009536743,-0.42000001668930054,0.7598519959161602,ascending,5
9,right,3472.4776923076925,1790663829829,10.619726181030273,-4.690099716186523,0.4714028835296631,-2.1700000762939453,-3.990000009536743,-0.42000001668930054,0.7768310049051675,ascending,5
9,right,3472.4873076923077,1790663829829,10.217717170715332,-4.714028835296631,0.38765111565589905,-2.1700000762939453,-3.990000009536743,-0.42000001668930054,0.7902946149497397,ascending,5
9,left,3368.319,1790663829886,10.495294570922852,2.065079689025879,0.22014755010604858,-4.619999885559082,-1.4700000286102295,0.49000000953674316,0.579034256055997,ascending,5
9,left,3368.328615384615,1790663829886,10.71065616607666,0.9547703266143799,0.2919347882270813,-4.619999885559082,-1.4700000286102295,0.49000000953674316,0.5877485042244317,ascending,5
9,left,3368.338230769231,1790663829886,10.626904487609863,1.584105134010315,0.28714898228645325,-4.619999885559082,-1.4700000286102295,0.49000000953674316,0.5965073740984292,ascending,5
9,left,3368.347846153846,1790663829886,10.985840797424316,1.2634555101394653,0.2416837215423584,-4.619999885559082,-1.4700000286102295,0.49000000953674316,0.6082420414791329,ascending,5
9,left,3368.3574615384614,1790663829886,9.889888763427734,1.6678569316864014,0.29672059416770935,-4.619999885559082,-1.4700000286102295,0.49000000953674316,0.6100934842909147,ascending,5
9,left,3368.367076923077,1790663829886,9.901853561401367,1.9382555484771729,0.27757734060287476,-4.619999885559082,-1.4700000286102295,0.49000000953674316,0.6124274945638343,ascending,5
9,left,3368.3766923076923,1790663829886,9.672134399414062,0.8973405361175537,0.23929080367088318,-4.619999885559082,-1.4700000286102295,0.49000000953674316,0.6111594534689778,ascending,5
9,left,3368.3863076923076,1790663829886,10.3804349899292,1.2514909505844116,0.17707519233226776,-4.619999885559082,-1.4700000286102295,0.49000000953674316,0.6171001907079328,ascending,5
9,right,3472.496,1790663829889,10.672369956970215,-4.242626190185547,0.37568655610084534,-4.619999885559082,-3.1500000953674316,-0.5600000023841858,0.8045800029635116,ascending,5
9,right,3472.5056153846153,1790663829889,10.725013732910156,-4.187589168548584,0.3517574965953827,-4.619999885559082,-3.1500000953674316,-0.5600000023841858,0.8206418440387943,ascending,5
9,right,3472.515230769231,1790663829889,10.504866600036621,-4.06315803527832,0.27757734060287476,-4.619999885559082,-3.1500000953674316,-0.5600000023841858,0.8342724297420516,ascending,5
9,right,3472.5248461538463,1790663829889,10.136358261108398,-4.613526821136475,0.29911351203918457,-4.619999885559082,-3.1500000953674316,-0.5600000023841858,0.8465869710167782,ascending,5
9,right,3472.5344615384615,1790663829889,9.423272132873535,-4.111016273498535,0.3350071310997009,-4.619999885559082,-3.1500000953674316,-0.5600000023841858,0.8507499165318247,ascending,5
9,right,3472.5440769230772,1790663829889,9.82528018951416,-4.032050132751465,0.3948298394680023,-4.619999885559082,-3.1500000953674316,-0.5600000023841858,0.8582220502802739,ascending,5
9,right,3472.5536923076925,1790663829889,9.935354232788086,-3.893261432647705,0.46661707758903503,-4.619999885559082,-3.1500000953674316,-0.5600000023841858,0.8661889878339379,ascending,5
9,right,3472.5633076923077,1790663829889,10.466580390930176,-3.900440216064453,0.3613291084766388,-4.619999885559082,-3.1500000953674316,-0.5600000023841858,0.878891269653413,ascending,5
9,right,3472.572,1790663829964,9.880317687988281,-4.302448749542236,0.3541503846645355,-5.460000038146973,-3.3600001335144043,-1.1200000047683716,0.8869468625648131,ascending,5
9,right,3472.5816153846154,1790663829964,9.66016960144043,-4.046407699584961,0.3421858549118042,-5.460000038146973,-3.3600001335144043,-1.1200000047683716,0.8929708204193142,ascending,5
9,right,3472.591230769231,1790663829964,9.581204414367676,-3.5941479206085205,0.3326142132282257,-5.460000038146973,-3.3600001335144043,-1.1200000047683716,0.8966608392510464,ascending,5
9,right,3472.6008461538463,1790663829964,9.63624095916748,-3.8741180896759033,0.3421858549118042,-5.460000038146973,-3.3600001335144043,-1.1200000047683716,0.9018465333217676,ascending,5
9,right,3472.6104615384615,1790663829964,9.925783157348633,-3.393143653869629,0.37807947397232056,-5.460000038146973,-3.3600001335144043,-1.1200000047683716,0.9079045577405261,ascending,5
9,right,3472.6200769230772,1790663829964,9.736742973327637,-3.926762104034424,0.382865309715271,-5.460000038146973,-3.3600001335144043,-1.1200000047683716,0.914178494587691,ascending,5
9,right,3472.6296923076925,1790663829964,9.490273475646973,-3.6443989276885986,0.363722026348114,-5.460000038146973,-3.3600001335144043,-1.1200000047683716,0.9172407182972306,ascending,5
9,right,3472.6393076923077,1790663829964,9.030835151672363,-3.5319323539733887,0.42833054065704346,-5.460000038146973,-3.3600001335144043,-1.1200000047683716,0.9158168893274343,ascending,5
9,left,3368.399,1790663829992,10.215324401855469,1.4812101125717163,0.24646952748298645,-6.579999923706055,0.14000000059604645,1.4700000286102295,0.6232822383006675,ascending,5
9,left,3368.408615384615,1790663829992,10.354113578796387,1.837753415107727,0.2823631465435028,-6.579999923706055,0.14000000059604645,1.4700000286102295,0.6297727971770267,ascending,5
9,left,3368.418230769231,1790663829992,9.82528018951416,2.0124356746673584,0.27757734060287476,-6.579999923706055,0.14000000059604645,1.4700000286102295,0.6314737034904827,ascending,5
9,left,3368.427846153846,1790663829992,9.708027839660645,1.4524952173233032,0.2129688262939453,-6.579999923706055,0.14000000059604645,1.4700000286102295,0.6312821622708831,ascending,5
9,left,3368.4374615384613,1790663829992,9.377806663513184,1.7659661769866943,0.21536172926425934,-6.579999923706055,0.14000000059604645,1.4700000286102295,0.6283900910400265,ascending,5
9,left,3368.447076923077,1790663829992,10.074143409729004,1.9526129961013794,0.22971917688846588,-6.579999923706055,0.14000000059604645,1.4700000286102295,0.6323900389028877,ascending,5
9,left,3368.4566923076923,1790663829992,9.71520709991455,2.1033661365509033,0.26561281085014343,-6.579999923706055,0.14000000059604645,1.4700000286102295,0.6332072266260572,ascending,5
9,left,3368.4663076923075,1790663829992,9.562060356140137,1.9908995628356934,0.2416837215423584,-6.579999923706055,0.14000000059604645,1.4700000286102295,0.6324118867260212,ascending,5
9,right,3472.647,1790663830039,9.150480270385742,-3.3548572063446045,0.4761887192726135,-6.230000019073486,-4.480000019073486,-0.42000001668930054,0.9150408297256114,ascending,5
9,right,3472.656615384615,1790663830039,9.428057670593262,-3.534325361251831,0.5384043455123901,-6.230000019073486,-4.480000019073486,-0.42000001668930054,0.9172025507366517,ascending,5
9,right,3472.666230769231,1790663830039,9.853995323181152,-3.6372203826904297,0.4833674430847168,-6.230000019073486,-4.480000019073486,-0.42000001668930054,0.9235219634556562,ascending,5
9,right,3472.675846153846,1790663830039,9.518988609313965,-3.6156840324401855,0.5503688454627991,-6.230000019073486,-4.480000019073486,-0.42000001668930054,0.9267852215937893,ascending,5
9,right,3472.6854615384614,1790663830039,9.468737602233887,-3.4098939895629883,0.5742979645729065,-6.230000019073486,-4.480000019073486,-0.42000001668930054,0.9288825684034843,ascending,5
9,right,3472.695076923077,1790663830039,8.7843656539917,-3.421858549118042,0.5647262930870056,-6.230000019073486,-4.480000019073486,-0.42000001668930054,0.9248981872595221,ascending,5
9,right,3472.7046923076923,1790663830039,9.01169204711914,-3.469716787338257,0.6341206431388855,-6.230000019073486,-4.480000019073486,-0.42000001668930054,0.9231348674779777,ascending,5
9,right,3472.7143076923076,1790663830039,9.116979598999023,-3.275891065597534,0.619763195514679,-6.230000019073486,-4.480000019073486,-0.42000001668930054,0.9216342842863047,ascending,5
9,left,3368.478,1790663830083,9.267732620239258,1.6965718269348145,0.1316099464893341,-7,0.14000000059604645,0.2800000011920929,0.6275078928008301,ascending,5
9,left,3368.4876153846153,1790663830083,9.39934253692627,1.5888910293579102,0.12921704351902008,-7,0.14000000059604645,0.2800000011920929,0.624571064013514,ascending,5
9,left,3368.497230769231,1790663830083,9.83485221862793,1.8856115341186523,0.08853759616613388,-7,0.14000000059604645,0.2800000011920929,0.6262063158023875,ascending,5
9,left,3368.5068461538463,1790663830083,10.210538864135742,1.5793193578720093,0.1005021408200264,-7,0.14000000059604645,0.2800000011920929,0.6309534744567605,ascending,5
9,left,3368.5164615384615,1790663830083,9.236625671386719,1.7563945055007935,0.06939433515071869,-7,0.14000000059604645,0.2800000011920929,0.6267159702897432,ascending,5
9,left,3368.526076923077,1790663830083,9.473523139953613,1.801859736442566,-0.0023929080925881863,-7,0.14000000059604645,0.2800000011920929,0.6247889627705915,ascending,5
9,left,3368.5356923076924,1790663830083,9.37541389465332,1.5482115745544434,0.014357448555529118,-7,0.14000000059604645,0.2800000011920929,0.6215519467639576,ascending,5
9,left,3368.5453076923077,1790663830083,9.724778175354004,1.7157150506973267,-0.0023929080925881863,-7,0.14000000059604645,0.2800000011920929,0.6218861572488293,ascending,5
9,right,3472.723,1790663830114,9.346698760986328,-3.364428758621216,0.6077986359596252,-6.019999980926514,-4.199999809265137,-0.3499999940395355,0.9224164026574202,ascending,5
9,right,3472.732615384615,1790663830114,8.937511444091797,-3.239997625350952,0.600619912147522,-6.019999980926514,-4.199999809265137,-0.3499999940395355,0.9191847667189583,ascending,5
9,right,3472.742230769231,1790663830114,8.726935386657715,-3.1323165893554688,0.5742979645729065,-6.019999980926514,-4.199999809265137,-0.3499999940395355,0.9136902732108416,ascending,5
9,right,3472.751846153846,1790663830114,8.662327766418457,-3.041386127471924,0.619763195514679,-6.019999980926514,-4.199999809265137,-0.3499999940395355,0.9073185234945671,ascending,5
9,right,3472.7614615384614,1790663830114,9.188767433166504,-2.8571321964263916,0.5503688454627991,-6.019999980926514,-4.199999809265137,-0.3499999940395355,0.9050206477286228,ascending,5
9,right,3472.771076923077,1790663830114,9.569239616394043,-3.189746379852295,0.5862624645233154,-6.019999980926514,-4.199999809265137,-0.3499999940395355,0.9072977194355267,ascending,5
9,right,3472.7806923076923,1790663830114,9.710420608520508,-2.6178414821624756,0.6508709788322449,-6.019999980926514,-4.199999809265137,-0.3499999940395355,0.9089057779481603,ascending,5
9,right,3472.7903076923076,1790663830114,8.951869010925293,-3.218461275100708,0.6436922550201416,-6.019999980926514,-4.199999809265137,-0.3499999940395355,0.9057589045910943,ascending,5
9,left,3368.557,1790663830156,9.83485221862793,1.5338541269302368,-0.021536173298954964,-6.860000133514404,0.9100000262260437,0.3499999940395355,0.6232229571549095,ascending,5
9,left,3368.566615384615,1790663830156,9.4950590133667,1.335242748260498,-0.007178724277764559,-6.860000133514404,0.9100000262260437,0.3499999940395355,0.6208005198346302,ascending,5
9,left,3368.5762307692307,1790663830156,8.808294296264648,1.5051392316818237,-0.028714897111058235,-6.860000133514404,0.9100000262260437,0.3499999940395355,0.6121176552561338,ascending,5
9,left,3368.585846153846,1790663830156,9.37541389465332,1.4740313291549683,0.009571632370352745,-6.860000133514404,0.9100000262260437,0.3499999940395355,0.6087794191998656,ascending,5
9,left,3368.595461538461,1790663830156,9.629061698913574,1.5506044626235962,0.08614469319581985,-6.860000133514404,0.9100000262260437,0.3499999940395355,0.6079755156457441,ascending,5
9,left,3368.605076923077,1790663830156,10.184216499328613,1.2203831672668457,0.05264397710561752,-6.860000133514404,0.9100000262260437,0.3499999940395355,0.6119421009211184,ascending,5
9,left,3368.614692307692,1790663830156,10.337363243103027,1.3424214124679565,-0.02632198855280876,-6.860000133514404,0.9100000262260437,0.3499999940395355,0.6175397983045393,ascending,5
9,left,3368.6243076923074,1790663830156,9.75588607788086,1.306527853012085,-0.03350071236491203,-6.860000133514404,0.9100000262260437,0.3499999940395355,0.6175635510301642,ascending,5
9,right,3472.8,1790663830190,8.494823455810547,-3.1179592609405518,0.6604426503181458,-5.809999942779541,-4.269999980926514,-1.3300000429153442,0.8981113991907511,ascending,5
9,right,3472.8096153846154,1790663830190,8.6096830368042,-2.8978116512298584,0.6436922550201416,-5.809999942779541,-4.269999980926514,-1.3300000429153442,0.8908089897120994,ascending,5
9,right,3472.819230769231,1790663830190,8.844188690185547,-3.175389051437378,0.6915504336357117,-5.809999942779541,-4.269999980926514,-1.3300000429153442,0.886575550328642,ascending,5
9,right,3472.8288461538464,1790663830190,9.641026496887207,-2.627413034439087,0.5719050168991089,-5.809999942779541,-4.269999980926514,-1.3300000429153442,0.8876310685508172,ascending,5
9,right,3472.8384615384616,1790663830190,9.291662216186523,-2.979170560836792,0.6867645978927612,-5.809999942779541,-4.269999980926514,-1.3300000429153442,0.8867670426257888,ascending,5
9,right,3472.8480769230773,1790663830190,9.406521797180176,-2.5484471321105957,0.6771929860115051,-5.809999942779541,-4.269999980926514,-1.3300000429153442,0.8854994320310994,ascending,5
9,right,3472.8576923076926,1790663830190,8.485252380371094,-3.1490671634674072,0.6652284264564514,-5.809999942779541,-4.269999980926514,-1.3300000429153442,0.8779464964792308,ascending,5
9,right,3472.867307692308,1790663830190,8.559432029724121,-2.936098337173462,0.6389064788818359,-5.809999942779541,-4.269999980926514,-1.3300000429153442,0,resting,null
9,left,3368.636,1790663830247,9.253376007080078,1.5577831268310547,-0.04546525329351425,-6.579999923706055,0,1.6800000667572021,0.6122408490891077,ascending,5
9,left,3368.645615384615,1790663830247,9.095443725585938,1.7276796102523804,-0.09332341700792313,-6.579999923706055,0,1.6800000667572021,0.6066176808767235,ascending,5
9,left,3368.655230769231,1790663830247,9.940139770507812,1.3496001958847046,-0.09332341700792313,-6.579999923706055,0,1.6800000667572021,0.6084578228535524,ascending,5
9,left,3368.664846153846,1790663830247,10.3804349899292,1.7205009460449219,-0.08614469319581985,-6.579999923706055,0,1.6800000667572021,0,resting,null
9,left,3368.6744615384614,1790663830247,10.480937004089355,1.7276796102523804,0.009571632370352745,-6.579999923706055,0,1.6800000667572021,0.007835593856035317,resting,null
9,left,3368.684076923077,1790663830247,9.373021125793457,1.7157150506973267,-0.06700142472982407,-6.579999923706055,0,1.6800000667572021,0.005130058261107172,resting,null
9,left,3368.6936923076923,1790663830247,9.492666244506836,1.7157150506973267,-0.06939433515071869,-6.579999923706055,0,1.6800000667572021,0.0035645585142667978,resting,null
9,left,3368.7033076923076,1790663830247,9.514202117919922,1.1342384815216064,-0.023929081857204437,-6.579999923706055,0,1.6800000667572021,0.0013330904334571563,resting,null
9,right,3472.875,1790663830264,9.559667587280273,-2.7494513988494873,0.5838695764541626,-5.110000133514404,-3.0799999237060547,0.21000000834465027,0.0009652308517047754,resting,null
9,right,3472.8846153846152,1790663830264,9.298840522766113,-2.9456698894500732,0.6532639265060425,-5.110000133514404,-3.0799999237060547,0.21000000834465027,0.0004968480941243909,resting,null
9,right,3472.894230769231,1790663830264,9.138516426086426,-2.615448474884033,0.6125844717025757,-5.110000133514404,-3.0799999237060547,0.21000000834465027,-0.0025127778427608254,resting,null
9,right,3472.903846153846,1790663830264,8.365606307983398,-2.254119396209717,0.7011220455169678,-5.110000133514404,-3.0799999237060547,0.21000000834465027,-0.013654527518641008,resting,null
9,right,3472.9134615384614,1790663830264,8.269890785217285,-2.388122320175171,0.6867645978927612,-5.110000133514404,-3.0799999237060547,0.21000000834465027,-0.025209693933085406,resting,null
9,right,3472.923076923077,1790663830264,8.530716896057129,-2.0052568912506104,0.7130866050720215,-5.110000133514404,-3.0799999237060547,0.21000000834465027,-0.035638576946782415,resting,null
9,right,3472.9326923076924,1790663830264,8.887260437011719,-2.333085298538208,0.7489802241325378,-5.110000133514404,-3.0799999237060547,0.21000000834465027,-0.04174963564605234,resting,null
9,right,3472.9423076923076,1790663830264,9.042799949645996,-1.8903974294662476,0.7537660598754883,-5.110000133514404,-3.0799999237060547,0.21000000834465027,-0.04787235900313774,resting,null
9,left,3368.715,1790663830276,9.928175926208496,1.1605603694915771,0.014357448555529118,-5.670000076293945,-0.3499999940395355,-1.4700000286102295,0.0034588443641155164,resting,null
9,left,3368.7246153846154,1790663830276,9.772636413574219,0.8949476480484009,-0.05742979422211647,-5.670000076293945,-0.3499999940395355,-1.4700000286102295,0.0033439785036016817,resting,null
9,left,3368.734230769231,1790663830276,8.999727249145508,1.0289504528045654,-0.11246667802333832,-5.670000076293945,-0.3499999940395355,-1.4700000286102295,-0.003913925621142837,resting,null
9,left,3368.7438461538463,1790663830276,8.94947624206543,1.170132040977478,-0.13400284945964813,-5.670000076293945,-0.3499999940395355,-1.4700000286102295,-0.011439098977042837,resting,null
9,left,3368.7534615384616,1790663830276,9.57402515411377,1.0528795719146729,-0.1507532149553299,-5.670000076293945,-0.3499999940395355,-1.4700000286102295,-0.013188437274769668,resting,null
9,left,3368.7630769230773,1790663830276,9.806137084960938,1.1916682720184326,-0.17468228936195374,-5.670000076293945,-0.3499999940395355,-1.4700000286102295,-0.01252911124598541,resting,null
9,left,3368.7726923076925,1790663830276,9.562060356140137,0.983485221862793,-0.17468228936195374,-5.670000076293945,-0.3499999940395355,-1.4700000286102295,-0.014477651188347655,resting,null
9,left,3368.7823076923078,1790663830276,8.997334480285645,1.103130578994751,-0.17468228936195374,-5.670000076293945,-0.3499999940395355,-1.4700000286102295,-0.021623694208707356,resting,null
9,right,3472.951,1790663830339,8.24596118927002,-2.4981961250305176,0.7322298884391785,-4.340000152587891,-2.5899999141693115,0,-0.058139926312771324,resting,null
9,right,3472.9606153846153,1790663830339,8.214853286743164,-2.5173392295837402,0.6819788217544556,-4.340000152587891,-2.5899999141693115,0,-0.06971937466523626,resting,null
9,right,3472.970230769231,1790663830339,8.358428001403809,-2.268476963043213,0.6101915836334229,-4.340000152587891,-2.5899999141693115,0,-0.08080514255489492,resting,null
9,right,3472.979846153846,1790663830339,8.652755737304688,-2.486231565475464,0.6077986359596252,-4.340000152587891,-2.5899999141693115,0,-0.08851411238850246,resting,null
9,right,3472.9894615384615,1790663830339,9.451987266540527,-2.493410348892212,0.5479759573936462,-4.340000152587891,-2.5899999141693115,0,-0.08895950344768122,descending,null
9,right,3472.999076923077,1790663830339,9.329948425292969,-2.4551236629486084,0.5982270240783691,-4.340000152587891,-2.5899999141693115,0,-0.0906072156935101,descending,null
9,right,3473.0086923076924,1790663830339,9.440022468566895,-2.5053746700286865,0.540797233581543,-4.340000152587891,-2.5899999141693115,0,-0.09110032782008563,descending,null
9,right,3473.0183076923076,1790663830339,8.92554759979248,-2.488624334335327,0.5001177787780762,-4.340000152587891,-2.5899999141693115,0,-0.09631694669006766,descending,null
9,left,3368.796,1790663830411,8.530716896057129,1.239526391029358,-0.11007377505302429,-5.179999828338623,-2.1700000762939453,1.75,-0.03783787544305116,resting,null
9,left,3368.805615384615,1790663830411,8.94947624206543,1.2706341743469238,-0.055036887526512146,-5.179999828338623,-2.1700000762939453,1.75,-0.04519394415988269,resting,null
9,left,3368.8152307692308,1790663830411,9.404129028320312,1.2347406148910522,-0.035893622785806656,-5.179999828338623,-2.1700000762939453,1.75,-0.04826928561054204,resting,null
9,left,3368.824846153846,1790663830411,9.712814331054688,1.4237803220748901,0.0909305065870285,-5.179999828338623,-2.1700000762939453,1.75,-0.04815460837421095,resting,null
9,left,3368.8344615384613,1790663830411,9.846817016601562,1.6104271411895752,0.016750356182456017,-5.179999828338623,-2.1700000762939453,1.75,-0.046507337150081395,resting,null
9,left,3368.844076923077,1790663830411,9.406521797180176,1.3472073078155518,0.06221561133861542,-5.179999828338623,-2.1700000762939453,1.75,-0.0494093705072092,resting,null
9,left,3368.853692307692,1790663830411,9.55727481842041,1.3424214124679565,0.10289505124092102,-5.179999828338623,-2.1700000762939453,1.75,-0.05088171091663842,resting,null
9,left,3368.8633076923074,1790663830411,9.928175926208496,1.275420069694519,0.15553902089595795,-5.179999828338623,-2.1700000762939453,1.75,-0.04891271748510831,resting,null
9,right,3473.027,1790663830429,9.693670272827148,-2.8355960845947266,0.47858160734176636,-2.870000123977661,-1.5399999618530273,-0.07000000029802322,-0.09373978249525901,descending,null
9,right,3473.0366153846153,1790663830429,10.447436332702637,-2.9839563369750977,0.4331163763999939,-2.870000123977661,-1.5399999618530273,-0.07000000029802322,-0.08358144961636017,descending,null
9,right,3473.046230769231,1790663830429,10.681941986083984,-3.5654330253601074,0.4450809061527252,-2.870000123977661,-1.5399999618530273,-0.07000000029802322,-0.06948473822611966,descending,null
9,right,3473.0558461538462,1790663830429,10.148323059082031,-3.400322437286377,0.4259376525878906,-2.870000123977661,-1.5399999618530273,-0.07000000029802322,-0.0607628424558847,descending,null
9,right,3473.0654615384615,1790663830429,9.105015754699707,-3.4410018920898438,0.4761887192726135,-2.870000123977661,-1.5399999618530273,-0.07000000029802322,-0.061387872791674014,descending,null
9,right,3473.075076923077,1790663830429,9.451987266540527,-3.596540927886963,0.4450809061527252,-2.870000123977661,-1.5399999618530273,-0.07000000029802322,-0.05837874493627918,descending,null
9,right,3473.0846923076924,1790663830429,9.83485221862793,-2.8571321964263916,0.4546525478363037,-2.870000123977661,-1.5399999618530273,-0.07000000029802322,-0.054190482250659894,descending,null
9,right,3473.0943076923077,1790663830429,10.234467506408691,-3.6348273754119873,0.43790218234062195,-2.870000123977661,-1.5399999618530273,-0.07000000029802322,-0.04395876148497755,descending,null
9,left,3368.875,1790663830441,10.758514404296875,1.3184924125671387,0.19861137866973877,-4.550000190734863,-0.9800000190734863,-1.3300000429153442,-0.03683662929993527,resting,null
9,left,3368.8846153846152,1790663830441,10.64126205444336,1.8592896461486816,0.21775463223457336,-4.550000190734863,-0.9800000190734863,-1.3300000429153442,-0.027297050032511316,resting,null
9,left,3368.894230769231,1790663830441,10.26796817779541,1.8210030794143677,0.181861013174057,-4.550000190734863,-0.9800000190734863,-1.3300000429153442,-0.021359340841979272,resting,null
9,left,3368.903846153846,1790663830441,9.681706428527832,1.8927903175354004,0.18903973698616028,-4.550000190734863,-0.9800000190734863,-1.3300000429153442,-0.02089315184679128,resting,null
9,left,3368.9134615384614,1790663830441,9.633848190307617,1.945434331893921,0.10528795421123505,-4.550000190734863,-0.9800000190734863,-1.3300000429153442,-0.02080123708102275,resting,null
9,left,3368.923076923077,1790663830441,10.16507339477539,1.3519930839538574,0.17468228936195374,-4.550000190734863,-0.9800000190734863,-1.3300000429153442,-0.01648891596432185,resting,null
9,left,3368.9326923076924,1790663830441,10.394792556762695,1.9597917795181274,0.15553902089595795,-4.550000190734863,-0.9800000190734863,-1.3300000429153442,-0.009137035585448329,resting,null
9,left,3368.9423076923076,1790663830441,9.719992637634277,1.5123178958892822,0.15314611792564392,-4.550000190734863,-0.9800000190734863,-1.3300000429153442,-0.00883565974708212,resting,null
9,right,3473.103,1790663830504,10.332576751708984,-2.768594741821289,0.44986671209335327,-2.380000114440918,-1.75,0.14000000059604645,-0.036335504926422776,descending,null
9,right,3473.1126153846153,1790663830504,9.475915908813477,-2.9528486728668213,0.44029510021209717,-2.380000114440918,-1.75,0.14000000059604645,-0.03512162255511805,descending,null
9,right,3473.122230769231,1790663830504,8.791543960571289,-2.950455665588379,0.4546525478363037,-2.380000114440918,-1.75,0.14000000059604645,-0.04013476158224121,descending,null
9,right,3473.1318461538463,1790663830504,9.253376007080078,-2.747058391571045,0.3948298394680023,-2.380000114440918,-1.75,0.14000000059604645,-0.04158482104830805,descending,null
9,right,3473.1414615384615,1790663830504,9.172017097473145,-2.775773286819458,0.39961564540863037,-2.380000114440918,-1.75,0.14000000059604645,-0.043680049555357384,descending,null
9,right,3473.151076923077,1790663830504,9.05237102508545,-2.6800570487976074,0.3924369215965271,-2.380000114440918,-1.75,0.14000000059604645,-0.04715285052944955,descending,null
9,right,3473.1606923076924,1790663830504,9.179195404052734,-1.9191123247146606,0.29672059416770935,-2.380000114440918,-1.75,0.14000000059604645,-0.05179069112767273,descending,null
9,right,3473.1703076923077,1790663830504,8.760436058044434,-2.5340895652770996,0.2105759084224701,-2.380000114440918,-1.75,0.14000000059604645,-0.058407229715920175,descending,null
9,left,3368.954,1790663830517,9.310805320739746,1.2514909505844116,0.10289505124092102,-3.2899999618530273,-2.5899999141693115,0.3499999940395355,-0.013650277763617515,resting,null
9,left,3368.9636153846154,1790663830517,9.009299278259277,1.524282455444336,0.13878867030143738,-3.2899999618530273,-2.5899999141693115,0.3499999940395355,-0.02008563467205494,resting,null
9,left,3368.973230769231,1790663830517,9.595561027526855,1.4094228744506836,0.14596739411354065,-3.2899999618530273,-2.5899999141693115,0.3499999940395355,-0.021107352015817003,resting,null
9,left,3368.9828461538464,1790663830517,9.758278846740723,1.0457007884979248,0.19382555782794952,-3.2899999618530273,-2.5899999141693115,0.3499999940395355,-0.021086204890955598,resting,null
9,left,3368.9924615384616,1790663830517,8.851366996765137,0.9308412671089172,0.284756064414978,-3.2899999618530273,-2.5899999141693115,0.3499999940395355,-0.029835534815936118,resting,null
9,left,3369.0020769230773,1790663830517,8.399106979370117,0.7753022313117981,0.3350071310997009,-3.2899999618530273,-2.5899999141693115,0.3499999940395355,-0.043085332099627824,resting,null
9,left,3369.0116923076926,1790663830517,8.444572448730469,1.2323477268218994,0.3613291084766388,-3.2899999618530273,-2.5899999141693115,0.3499999940395355,-0.05526536120352865,resting,null
9,left,3369.021307692308,1790663830517,9.243803977966309,1.4812101125717163,0.40918728709220886,-3.2899999618530273,-2.5899999141693115,0.3499999940395355,-0.059488140486675785,resting,null
9,right,3473.178,1790663830579,8.908797264099121,-2.775773286819458,0.17946811020374298,-1.5399999618530273,-2.870000123977661,0.2800000011920929,-0.06203981044304419,descending,null
9,right,3473.187615384615,1790663830579,9.657776832580566,-3.0030996799468994,0.1722893863916397,-1.5399999618530273,-2.870000123977661,0.2800000011920929,-0.05905960943728292,descending,null
9,right,3473.197230769231,1790663830579,9.968854904174805,-2.8547394275665283,0.181861013174057,-1.5399999618530273,-2.870000123977661,0.2800000011920929,-0.053673086564674705,descending,null
9,right,3473.206846153846,1790663830579,9.971247673034668,-2.9265265464782715,0.12203831225633621,-1.5399999618530273,-2.870000123977661,0.2800000011920929,-0.04806382707002045,descending,null
9,right,3473.2164615384613,1790663830579,9.009299278259277,-2.6944146156311035,0.17946811020374298,-1.5399999618530273,-2.870000123977661,0.2800000011920929,-0.051918541226443675,descending,null
9,right,3473.226076923077,1790663830579,9.466344833374023,-3.0461719036102295,0.14836029708385468,-1.5399999618530273,-2.870000123977661,0.2800000011920929,-0.050562506630832345,descending,null
9,right,3473.2356923076923,1790663830579,9.420879364013672,-2.8403818607330322,0.19861137866973877,-1.5399999618530273,-2.870000123977661,0.2800000011920929,-0.050213816687879456,descending,null
9,right,3473.2453076923075,1790663830579,10.337363243103027,-3.8980472087860107,0.2225404530763626,-1.5399999618530273,-2.870000123977661,0.2800000011920929,-0.03836825432829503,descending,null
9,left,3369.033,1790663830592,9.734350204467773,1.3854937553405762,0.4115802049636841,-3.3600001335144043,-0.3499999940395355,-0.21000000834465027,-0.05910095266626403,resting,null
9,left,3369.042615384615,1790663830592,9.39934253692627,1.2586696147918701,0.47858160734176636,-3.3600001335144043,-0.3499999940395355,-0.21000000834465027,-0.062130375593704025,resting,null
9,left,3369.052230769231,1790663830592,8.877689361572266,1.4237803220748901,0.42833054065704346,-3.3600001335144043,-0.3499999940395355,-0.21000000834465027,-0.06989585533929883,descending,null
9,left,3369.061846153846,1790663830592,8.408679008483887,1.3137065172195435,0.31586387753486633,-3.3600001335144043,-0.3499999940395355,-0.21000000834465027,-0.08228319281713269,descending,null
9,left,3369.0714615384613,1790663830592,9.511809349060059,2.072258472442627,0.3350071310997009,-3.3600001335144043,-0.3499999940395355,-0.21000000834465027,-0.08310968279394772,descending,null
9,left,3369.081076923077,1790663830592,9.92099666595459,1.7827165126800537,0.32782840728759766,-3.3600001335144043,-0.3499999940395355,-0.21000000834465027,-0.08044645617050687,descending,null
9,left,3369.0906923076923,1790663830592,9.763065338134766,1.5553902387619019,0.3134709596633911,-3.3600001335144043,-0.3499999940395355,-0.21000000834465027,-0.0796074023017632,descending,null
9,left,3369.1003076923075,1790663830592,9.061943054199219,1.5888910293579102,0.339792937040329,-3.3600001335144043,-0.3499999940395355,-0.21000000834465027,-0.08537452615903714,descending,null
9,right,3473.255,1790663830654,10.28711223602295,-3.4098939895629883,0.2632198929786682,-0.8400000333786011,-3.2899999618530273,1.4700000286102295,-0.02833469754555394,descending,null
9,right,3473.2646153846154,1790663830654,9.6697416305542,-3.0174570083618164,0.27757734060287476,-0.8400000333786011,-3.2899999618530273,1.4700000286102295,-0.025186519622497145,descending,null
9,right,3473.274230769231,1790663830654,8.683863639831543,-2.950455665588379,0.22732627391815186,-0.8400000333786011,-3.2899999618530273,1.4700000286102295,-0.03126087438417349,descending,null
9,right,3473.2838461538463,1790663830654,8.616862297058105,-2.579555034637451,0.13639576733112335,-0.8400000333786011,-3.2899999618530273,1.4700000286102295,-0.03906111105014665,descending,null
9,right,3473.2934615384615,1790663830654,8.31535530090332,-2.5412683486938477,0.08375178277492523,-0.8400000333786011,-3.2899999618530273,1.4700000286102295,-0.04973513318397277,descending,null
9,right,3473.3030769230772,1790663830654,8.463715553283691,-2.4431591033935547,-0.028714897111058235,-0.8400000333786011,-3.2899999618530273,1.4700000286102295,-0.059350929669686345,descending,null
9,right,3473.3126923076925,1790663830654,7.7602009773254395,-1.591283917427063,-0.13400284945964813,-0.8400000333786011,-3.2899999618530273,1.4700000286102295,-0.07790156161349887,descending,null
9,right,3473.3223076923077,1790663830654,6.970541477203369,-1.6606782674789429,-0.1722893863916397,-0.8400000333786011,-3.2899999618530273,1.4700000286102295,-0.10346542664761106,descending,null
9,left,3369.112,1790663830682,8.33210563659668,1.0289504528045654,0.339792937040329,-1.9600000381469727,-0.7699999809265137,-0.42000001668930054,-0.10178638240565852,descending,null
9,left,3369.1216153846153,1790663830682,7.973169803619385,1.7444299459457397,0.4211518168449402,-1.9600000381469727,-0.7699999809265137,-0.42000001668930054,-0.11764298475816352,descending,null
9,left,3369.131230769231,1790663830682,7.779344081878662,1.237133502960205,0.5025107264518738,-1.9600000381469727,-0.7699999809265137,-0.42000001668930054,-0.1360419128800554,descending,null
9,left,3369.1408461538463,1790663830682,7.494588375091553,0.5814766883850098,0.5790837407112122,-1.9600000381469727,-0.7699999809265137,-0.42000001668930054,-0.15805508565569143,descending,null
9,left,3369.1504615384615,1790663830682,6.7073211669921875,0.7418015003204346,0.6365135312080383,-1.9600000381469727,-0.7699999809265137,-0.42000001668930054,-0.18729581538099388,descending,null
9,left,3369.160076923077,1790663830682,6.365135669708252,0.48815324902534485,0.5934411883354187,-1.9600000381469727,-0.7699999809265137,-0.42000001668930054,-0.22014674818889482,descending,null
9,left,3369.1696923076925,1790663830682,6.022949695587158,0.6748000979423523,0.5742979645729065,-1.9600000381469727,-0.7699999809265137,-0.42000001668930054,-0.255970825132168,descending,null
9,left,3369.1793076923077,1790663830682,6.133023262023926,0.9188767075538635,0.5288326740264893,-1.9600000381469727,-0.7699999809265137,-0.42000001668930054,-0.2903932033460607,descending,null
9,right,3473.331,1790663830729,7.03993558883667,-1.6534994840621948,-0.1603248417377472,-1.8200000524520874,-6.650000095367432,-0.9800000190734863,-0.12599620275981135,descending,null
9,right,3473.3406153846154,1790663830729,6.5733184814453125,-2.2301902770996094,-0.11246667802333832,-1.8200000524520874,-6.650000095367432,-0.9800000190734863,-0.1535031704477135,descending,null
9,right,3473.350230769231,1790663830729,6.530246257781982,-2.086615800857544,-0.05742979422211647,-1.8200000524520874,-6.650000095367432,-0.9800000190734863,-0.18179923095950484,descending,null
9,right,3473.3598461538463,1790663830729,6.561354160308838,-1.6965718269348145,0.0502510704100132,-1.8200000524520874,-6.650000095367432,-0.9800000190734863,-0.21091883811275525,descending,null
9,right,3473.3694615384616,1790663830729,6.147380828857422,-1.0457007884979248,0.15553902089595795,-1.8200000524520874,-6.650000095367432,-0.9800000190734863,-0.245697268759629,descending,null
9,right,3473.3790769230773,1790663830729,5.709478855133057,-0.7776951193809509,0.284756064414978,-1.8200000524520874,-6.650000095367432,-0.9800000190734863,-0.2852419646817795,descending,null
9,right,3473.3886923076925,1790663830729,5.185431957244873,-1.4668526649475098,0.36850783228874207,-1.8200000524520874,-6.650000095367432,-0.9800000190734863,-0.3275734930828537,descending,null
9,right,3473.3983076923078,1790663830729,4.797780513763428,-1.416601538658142,0.4953319728374481,-1.8200000524520874,-6.650000095367432,-0.9800000190734863,-0.37358330648693666,descending,null
9,left,3369.192,1790663830757,6.310098648071289,0.1411815732717514,0.44029510021209717,-1.9600000381469727,1.190000057220459,-1.2599999904632568,-0.33507892952256035,descending,null
9,left,3369.2016153846153,1790663830757,6.4752092361450195,0.1507532149553299,0.32782840728759766,-1.9600000381469727,1.190000057220459,-1.2599999904632568,-0.3673601287554873,descending,null
9,left,3369.211230769231,1790663830757,6.173702716827393,0.26800569891929626,0.21536172926425934,-1.9600000381469727,1.190000057220459,-1.2599999904632568,-0.4023489263013309,descending,null
9,left,3369.220846153846,1790663830757,6.147380828857422,0.3613291084766388,0.1411815732717514,-1.9600000381469727,1.190000057220459,-1.2599999904632568,-0.43745523373491135,descending,null
9,left,3369.2304615384614,1790663830757,6.168917179107666,1.306527853012085,-0.02632198855280876,-1.9600000381469727,1.190000057220459,-1.2599999904632568,-0.47101829995869465,descending,null
9,left,3369.240076923077,1790663830757,6.645105838775635,0.8016242384910583,-0.15314611792564392,-1.9600000381469727,1.190000057220459,-1.2599999904632568,-0.5008014028113796,descending,null
9,left,3369.2496923076924,1790663830757,7.580732822418213,0.5599405169487,-0.14596739411354065,-1.9600000381469727,1.190000057220459,-1.2599999904632568,-0.522020910056545,descending,null
9,left,3369.2593076923076,1790663830757,7.867881774902344,1.0241646766662598,-0.01914326474070549,-1.9600000381469727,1.190000057220459,-1.2599999904632568,-0.5398048102316622,descending,null
9,right,3473.407,1790663830804,5.534796237945557,-1.3735291957855225,0.5862624645233154,-0.42000001668930054,-5.110000133514404,1.3300000429153442,-0.40916663963004146,descending,null
9,right,3473.4166153846154,1790663830804,6.484780788421631,-1.6104271411895752,0.6508709788322449,-0.42000001668930054,-5.110000133514404,1.3300000429153442,-0.43912292661146124,descending,null
9,right,3473.426230769231,1790663830804,7.34383487701416,-1.7444299459457397,0.5503688454627991,-0.42000001668930054,-5.110000133514404,1.3300000429153442,-0.46079964493101067,descending,null
9,right,3473.4358461538463,1790663830804,7.427586555480957,-2.4838385581970215,0.5192610621452332,-0.42000001668930054,-5.110000133514404,1.3300000429153442,-0.4795592235615672,descending,null
9,right,3473.4454615384616,1790663830804,7.197867393493652,-2.957634449005127,0.5001177787780762,-0.42000001668930054,-5.110000133514404,1.3300000429153442,-0.4990339403323008,descending,null
9,right,3473.4550769230773,1790663830804,7.56158971786499,-2.8403818607330322,0.5719050168991089,-0.42000001668930054,-5.110000133514404,1.3300000429153442,-0.5155010933800043,descending,null
9,right,3473.4646923076925,1790663830804,8.82983112335205,-3.366821765899658,0.6963362693786621,-0.42000001668930054,-5.110000133514404,1.3300000429153442,-0.5188003599058568,descending,null
9,right,3473.474307692308,1790663830804,9.703242301940918,-3.6587564945220947,0.6532639265060425,-0.42000001668930054,-5.110000133514404,1.3300000429153442,-0.5132414005327673,descending,null
9,left,3369.271,1790663830832,8.190924644470215,1.1270596981048584,-0.01914326474070549,-1.8200000524520874,2.0299999713897705,-0.6299999952316284,-0.5575035597997033,descending,null
9,left,3369.2806153846154,1790663830832,8.186138153076172,1.7061434984207153,-0.0047858161851763725,-1.8200000524520874,2.0299999713897705,-0.6299999952316284,-0.5712635583932526,descending,null
9,left,3369.290230769231,1790663830832,9.038013458251953,2.4192299842834473,-0.01914326474070549,-1.8200000524520874,2.0299999713897705,-0.6299999952316284,-0.5758833343377745,descending,null
9,left,3369.2998461538464,1790663830832,10.54793930053711,1.749215841293335,0.03350071236491203,-1.8200000524520874,2.0299999713897705,-0.6299999952316284,-0.5671207248360376,descending,null
9,left,3369.3094615384616,1790663830832,11.43092155456543,2.256512403488159,0.04546525329351425,-1.8200000524520874,2.0299999713897705,-0.6299999952316284,-0.5492235772859816,descending,null
9,left,3369.3190769230773,1790663830832,11.744393348693848,2.9528486728668213,0.11725249886512756,-1.8200000524520874,2.0299999713897705,-0.6299999952316284,-0.527292967919899,descending,null
9,left,3369.3286923076926,1790663830832,12.340227127075195,2.6944146156311035,0.2536482512950897,-1.8200000524520874,2.0299999713897705,-0.6299999952316284,-0.5000636503294356,descending,null
9,left,3369.338307692308,1790663830832,12.256475448608398,2.9624202251434326,0.27518442273139954,-1.8200000524520874,2.0299999713897705,-0.6299999952316284,-0.47321173230391383,descending,null
9,right,3473.482,1790663830879,10.583832740783691,-3.9243693351745605,0.5719050168991089,1.6100000143051147,-1.6800000667572021,0.9800000190734863,-0.5017196711832973,descending,null
9,right,3473.491615384615,1790663830879,10.768086433410645,-4.611134052276611,0.4929390549659729,1.6100000143051147,-1.6800000667572021,0.9800000190734863,-0.4835961197731449,descending,null
9,right,3473.501230769231,1790663830879,11.15334415435791,-4.422094345092773,0.5025107264518738,1.6100000143051147,-1.6800000667572021,0.9800000190734863,-0.46250475517395817,descending,null
9,right,3473.510846153846,1790663830879,11.686963081359863,-4.137338161468506,0.4761887192726135,1.6100000143051147,-1.6800000667572021,0.9800000190734863,-0.4373904576731352,descending,null
9,right,3473.5204615384614,1790663830879,11.48595905303955,-4.132552146911621,0.4761887192726135,1.6100000143051147,-1.6800000667572021,0.9800000190734863,-0.41413090006284214,descending,null
9,right,3473.530076923077,1790663830879,11.351956367492676,-3.8334388732910156,0.509689450263977,1.6100000143051147,-1.6800000667572021,0.9800000190734863,-0.3929960663116991,descending,null
9,right,3473.5396923076923,1790663830879,11.069592475891113,-4.158874034881592,0.4307234585285187,1.6100000143051147,-1.6800000667572021,0.9800000190734863,-0.3734679017098739,descending,null
9,right,3473.5493076923076,1790663830879,10.344541549682617,-4.764279842376709,0.35893622040748596,1.6100000143051147,-1.6800000667572021,0.9800000190734863,-0.35871888030052246,descending,null
9,right,3473.558,1790663830954,10.256004333496094,-4.816924095153809,0.3302213251590729,1.4700000286102295,-4.340000152587891,1.75,-0.34595749096083006,descending,null
9,right,3473.5676153846152,1790663830954,10.385221481323242,-4.03683614730835,0.39004403352737427,1.4700000286102295,-4.340000152587891,1.75,-0.33303798744352875,descending,null
9,right,3473.577230769231,1790663830954,9.978426933288574,-4.3048415184021,0.36850783228874207,1.4700000286102295,-4.340000152587891,1.75,-0.32299135459124834,descending,null
9,right,3473.586846153846,1790663830954,9.779815673828125,-3.7257578372955322,0.3924369215965271,1.4700000286102295,-4.340000152587891,1.75,-0.3165367299535371,descending,null
9,right,3473.5964615384614,1790663830954,8.87051010131836,-3.9865849018096924,0.4211518168449402,1.4700000286102295,-4.340000152587891,1.75,-0.3175271711758503,descending,null
9,right,3473.606076923077,1790663830954,8.578575134277344,-3.6563634872436523,0.43550926446914673,1.4700000286102295,-4.340000152587891,1.75,-0.3221877512140836,descending,null
9,right,3473.6156923076924,1790663830954,8.327320098876953,-3.486467123031616,0.3948298394680023,1.4700000286102295,-4.340000152587891,1.75,-0.32965463107915827,descending,null
9,right,3473.6253076923076,1790663830954,8.028206825256348,-3.3357138633728027,0.3206496834754944,1.4700000286102295,-4.340000152587891,1.75,-0.340305998606049,descending,null
9,left,3369.35,1790663830967,12.141615867614746,2.2230117321014404,0.2416837215423584,-0.49000000953674316,-0.49000000953674316,-0.9800000190734863,-0.4432871682749045,descending,null
9,left,3369.359615384615,1790663830967,12.498159408569336,1.7970739603042603,0.181861013174057,-0.49000000953674316,-0.49000000953674316,-0.9800000190734863,-0.4159827223999741,descending,null
9,left,3369.369230769231,1790663830967,11.78746509552002,2.4431591033935547,0.20579010248184204,-0.49000000953674316,-0.49000000953674316,-0.9800000190734863,-0.3944172222250685,descending,null
9,left,3369.378846153846,1790663830967,11.409385681152344,2.711164951324463,0.21536172926425934,-0.49000000953674316,-0.49000000953674316,-0.9800000190734863,-0.376008638495278,descending,null
9,left,3369.3884615384613,1790663830967,10.863802909851074,2.3929080963134766,0.2536482512950897,-0.49000000953674316,-0.49000000953674316,-0.9800000190734863,-0.3632654641861761,descending,null
9,left,3369.398076923077,1790663830967,10.502473831176758,2.605876922607422,0.2536482512950897,-0.49000000953674316,-0.49000000953674316,-0.9800000190734863,-0.35359354461325654,descending,null
9,left,3369.4076923076923,1790663830967,10.25121784210205,2.2325832843780518,0.22732627391815186,-0.49000000953674316,-0.49000000953674316,-0.9800000190734863,-0.34690850129336276,descending,null
9,left,3369.4173076923075,1790663830967,10.035856246948242,2.3235137462615967,0.20579010248184204,-0.49000000953674316,-0.49000000953674316,-0.9800000190734863,-0.34210890061802,descending,null
9,left,3369.429,1790663830996,9.274911880493164,2.416837215423584,0.1698964685201645,-0.21000000834465027,-2.5899999141693115,0.49000000953674316,-0.3448312839480392,descending,null
9,left,3369.4386153846153,1790663830996,8.679078102111816,2.184725046157837,0.10768086463212967,-0.21000000834465027,-2.5899999141693115,0.49000000953674316,-0.35309739631173914,descending,null
9,left,3369.448230769231,1790663830996,8.224425315856934,2.3235137462615967,0.19861137866973877,-0.21000000834465027,-2.5899999141693115,0.49000000953674316,-0.3653916857716124,descending,null
9,left,3369.4578461538463,1790663830996,7.853524208068848,2.002864122390747,0.18425391614437103,-0.21000000834465027,-2.5899999141693115,0.49000000953674316,-0.38173105935967955,descending,null
9,left,3369.4674615384615,1790663830996,7.642948627471924,1.7085363864898682,0.2512553632259369,-0.21000000834465027,-2.5899999141693115,0.49000000953674316,-0.40054746682743797,descending,null
9,left,3369.477076923077,1790663830996,7.432372570037842,1.8042527437210083,0.260826975107193,-0.21000000834465027,-2.5899999141693115,0.49000000953674316,-0.42116802570575473,descending,null
9,left,3369.4866923076925,1790663830996,7.772165298461914,2.0746512413024902,0.23929080367088318,-0.21000000834465027,-2.5899999141693115,0.49000000953674316,-0.43808472917268715,descending,null
9,left,3369.4963076923077,1790663830996,7.930097579956055,2.1679747104644775,0.22014755010604858,-0.21000000834465027,-2.5899999141693115,0.49000000953674316,-0.4533277757096448,descending,null
9,right,3473.634,1790663831029,7.7602009773254395,-3.043779134750366,0.29672059416770935,0.5600000023841858,-4.409999847412109,0.42000001668930054,-0.3529635989279812,descending,null
9,right,3473.6436153846153,1790663831029,7.875060558319092,-3.0533506870269775,0.2416837215423584,0.5600000023841858,-4.409999847412109,0.42000001668930054,-0.3658875755387071,descending,null
9,right,3473.653230769231,1790663831029,7.776951313018799,-3.3907508850097656,0.25843408703804016,0.5600000023841858,-4.409999847412109,0.42000001668930054,-0.3786041467332809,descending,null
9,right,3473.662846153846,1790663831029,8.157423973083496,-3.4529664516448975,0.3038993179798126,0.5600000023841858,-4.409999847412109,0.42000001668930054,-0.38765575770778077,descending,null
9,right,3473.6724615384614,1790663831029,8.289033889770508,-3.816688299179077,0.3038993179798126,0.5600000023841858,-4.409999847412109,0.42000001668930054,-0.39432365027759575,descending,null
9,right,3473.682076923077,1790663831029,8.525931358337402,-3.2926416397094727,0.38525819778442383,0.5600000023841858,-4.409999847412109,0.42000001668930054,-0.40053491154112514,descending,null
9,right,3473.6916923076924,1790663831029,8.68864917755127,-3.7185792922973633,0.284756064414978,0.5600000023841858,-4.409999847412109,0.42000001668930054,-0.40388651194337544,descending,null
9,right,3473.7013076923076,1790663831029,8.738900184631348,-3.8956544399261475,0.24646952748298645,0.5600000023841858,-4.409999847412109,0.42000001668930054,-0.40619512606053887,descending,null
9,left,3369.508,1790663831071,8.348855972290039,1.9167194366455078,0.20339718461036682,0,0,-0.3499999940395355,-0.4675926243602008,descending,null
9,left,3369.517615384615,1790663831071,8.42064380645752,2.206261157989502,0.22014755010604858,0,0,-0.3499999940395355,-0.47809860898326195,descending,null
9,left,3369.5272307692308,1790663831071,8.640790939331055,2.014828681945801,0.25604116916656494,0,0,-0.3499999940395355,-0.4868639383671464,descending,null
9,left,3369.536846153846,1790663831071,9.0978364944458,2.3785505294799805,0.2823631465435028,0,0,-0.3499999940395355,-0.49062400599242734,descending,null
9,left,3369.5464615384612,1790663831071,9.490273475646973,2.4981961250305176,0.3110780417919159,0,0,-0.3499999940395355,-0.490442834189798,descending,null
9,left,3369.556076923077,1790663831071,9.942533493041992,2.1751534938812256,0.23689790070056915,0,0,-0.3499999940395355,-0.4866256908827873,descending,null
9,left,3369.565692307692,1790663831071,10.07892894744873,2.275655508041382,0.24886244535446167,0,0,-0.3499999940395355,-0.4813272498349556,descending,null
9,left,3369.5753076923074,1790663831071,10.25121784210205,2.2182257175445557,0.2632198929786682,0,0,-0.3499999940395355,-0.474515934631385,descending,null
9,right,3473.711,1790663831104,9.207910537719727,-4.0511932373046875,0.28714898228645325,1.8200000524520874,-3.9200000762939453,1.1200000047683716,-0.4037201719375445,descending,null
9,right,3473.720615384615,1790663831104,9.346698760986328,-4.180410385131836,0.29911351203918457,1.8200000524520874,-3.9200000762939453,1.1200000047683716,-0.3995722798263014,descending,null
9,right,3473.7302307692307,1790663831104,9.676919937133789,-3.730543613433838,0.33740004897117615,1.8200000524520874,-3.9200000762939453,1.1200000047683716,-0.3939364807134049,descending,null
9,right,3473.739846153846,1790663831104,9.760672569274902,-3.9363338947296143,0.3302213251590729,1.8200000524520874,-3.9200000762939453,1.1200000047683716,-0.38685825483652736,descending,null
9,right,3473.749461538461,1790663831104,10.17464542388916,-4.158874034881592,0.3804723918437958,1.8200000524520874,-3.9200000762939453,1.1200000047683716,-0.37529793769041336,descending,null
9,right,3473.759076923077,1790663831104,10.071749687194824,-4.446023464202881,0.3421858549118042,1.8200000524520874,-3.9200000762939453,1.1200000047683716,-0.36369769100471905,descending,null
9,right,3473.768692307692,1790663831104,10.196181297302246,-4.189981937408447,0.382865309715271,1.8200000524520874,-3.9200000762939453,1.1200000047683716,-0.3518373187665244,descending,null
9,right,3473.7783076923074,1790663831104,10.023892402648926,-3.9530842304229736,0.40679436922073364,1.8200000524520874,-3.9200000762939453,1.1200000047683716,-0.34232875014752967,descending,null
9,left,3369.587,1790663831146,10.610154151916504,2.227797508239746,0.22493335604667664,0.21000000834465027,0.8400000333786011,0.9100000262260437,-0.46211848515614534,descending,null
9,left,3369.5966153846152,1790663831146,10.447436332702637,2.1751534938812256,0.23689790070056915,0.21000000834465027,0.8400000333786011,0.9100000262260437,-0.4535595439486327,descending,null
9,left,3369.606230769231,1790663831146,10.794408798217773,2.2804415225982666,0.2321120798587799,0.21000000834465027,0.8400000333786011,0.9100000262260437,-0.44153530396617824,descending,null
9,left,3369.615846153846,1790663831146,11.122237205505371,2.0196144580841064,0.2536482512950897,0.21000000834465027,0.8400000333786011,0.9100000262260437,-0.4269377189984302,descending,null
9,left,3369.6254615384614,1790663831146,11.148558616638184,2.2325832843780518,0.18425391614437103,0.21000000834465027,0.8400000333786011,0.9100000262260437,-0.41169700217112803,descending,null
9,left,3369.635076923077,1790663831146,10.681941986083984,2.601091146469116,0.17468228936195374,0.21000000834465027,0.8400000333786011,0.9100000262260437,-0.4001360187916647,descending,null
9,left,3369.6446923076924,1790663831146,10.677155494689941,2.5340895652770996,0.1507532149553299,0.21000000834465027,0.8400000333786011,0.9100000262260437,-0.38875638038461485,descending,null
9,left,3369.6543076923076,1790663831146,10.524009704589844,2.376157760620117,0.17468228936195374,0.21000000834465027,0.8400000333786011,0.9100000262260437,-0.3791263138128575,descending,null
9,right,3473.786,1790663831179,10.09567928314209,-3.9937636852264404,0.43550926446914673,1.4700000286102295,-4.480000019073486,0.9100000262260437,-0.3340931241627646,descending,null
9,right,3473.7956153846153,1790663831179,10.361291885375977,-3.850189208984375,0.44986671209335327,1.4700000286102295,-4.480000019073486,0.9100000262260437,-0.3219011101055853,descending,null
9,right,3473.805230769231,1790663831179,10.031070709228516,-4.146909713745117,0.4929390549659729,1.4700000286102295,-4.480000019073486,0.9100000262260437,-0.3116622266208768,descending,null
9,right,3473.8148461538462,1790663831179,9.743921279907227,-3.921976327896118,0.48576033115386963,1.4700000286102295,-4.480000019073486,0.9100000262260437,-0.3047727595233077,descending,null
9,right,3473.8244615384615,1790663831179,9.518988609313965,-4.03683614730835,0.3948298394680023,1.4700000286102295,-4.480000019073486,0.9100000262260437,-0.2995204488087051,descending,null
9,right,3473.834076923077,1790663831179,9.270126342773438,-3.598933696746826,0.4642241597175598,1.4700000286102295,-4.480000019073486,0.9100000262260437,-0.2979958298308274,descending,null
9,right,3473.8436923076924,1790663831179,9.277304649353027,-3.709007501602173,0.38765111565589905,1.4700000286102295,-4.480000019073486,0.9100000262260437,-0.29603833251484624,descending,null
9,right,3473.8533076923077,1790663831179,9.160052299499512,-3.5510756969451904,0.3732936680316925,1.4700000286102295,-4.480000019073486,0.9100000262260437,-0.2956786241054833,descending,null
9,right,3473.862,1790663831254,8.798723220825195,-3.287855625152588,0.39961564540863037,1.6100000143051147,-4.480000019073486,0.5600000023841858,-0.29909860847458747,descending,null
9,right,3473.8716153846153,1790663831254,8.796330451965332,-3.105994701385498,0.43790218234062195,1.6100000143051147,-4.480000019073486,0.5600000023841858,-0.30351780775598447,descending,null
9,right,3473.881230769231,1790663831254,8.762829780578613,-2.957634449005127,0.4522596299648285,1.6100000143051147,-4.480000019073486,0.5600000023841858,-0.3087375859113204,descending,null
9,right,3473.8908461538463,1790663831254,8.621647834777832,-3.3907508850097656,0.4307234585285187,1.6100000143051147,-4.480000019073486,0.5600000023841858,-0.3137400326535324,descending,null
9,right,3473.9004615384615,1790663831254,8.57618236541748,-3.0796728134155273,0.4307234585285187,1.6100000143051147,-4.480000019073486,0.5600000023841858,-0.3202127501587221,descending,null
9,right,3473.910076923077,1790663831254,8.33449935913086,-3.2088897228240967,0.4139730930328369,1.6100000143051147,-4.480000019073486,0.5600000023841858,-0.32841128875147096,descending,null
9,right,3473.9196923076925,1790663831254,8.296212196350098,-3.364428758621216,0.4115802049636841,1.6100000143051147,-4.480000019073486,0.5600000023841858,-0.3364141491629311,descending,null
9,right,3473.9293076923077,1790663831254,8.94947624206543,-3.2639267444610596,0.4020085632801056,1.6100000143051147,-4.480000019073486,0.5600000023841858,-0.33889623020912185,descending,null
9,left,3369.668,1790663831282,10.44265079498291,2.3426570892333984,0.1411815732717514,0.699999988079071,-0.7699999809265137,0.3499999940395355,-0.36661062681966733,descending,null
9,left,3369.6776153846154,1790663831282,10.148323059082031,1.9789350032806396,0.1698964685201645,0.699999988079071,-0.7699999809265137,0.3499999940395355,-0.36131267089805896,descending,null
9,left,3369.687230769231,1790663831282,10.066964149475098,1.868861198425293,0.20579010248184204,0.699999988079071,-0.7699999809265137,0.3499999940395355,-0.35698995772928777,descending,null
9,left,3369.6968461538463,1790663831282,9.8085298538208,1.876039981842041,0.2010042816400528,0.699999988079071,-0.7699999809265137,0.3499999940395355,-0.35508359676153367,descending,null
9,left,3369.7064615384616,1790663831282,9.600347518920898,1.4070299863815308,0.14357449114322662,0.699999988079071,-0.7699999809265137,0.3499999940395355,-0.356051105258312,descending,null
9,left,3369.7160769230773,1790663831282,9.416092872619629,1.6654640436172485,0.15314611792564392,0.699999988079071,-0.7699999809265137,0.3499999940395355,-0.3582468140892187,descending,null
9,left,3369.7256923076925,1790663831282,9.294054985046387,1.6487137079238892,0.15793193876743317,0.699999988079071,-0.7699999809265137,0.3499999940395355,-0.3616176020823771,descending,null
9,left,3369.7353076923077,1790663831282,9.337127685546875,1.718108057975769,0.1698964685201645,0.699999988079071,-0.7699999809265137,0.3499999940395355,-0.3644447045133078,descending,null
9,left,3369.747,1790663831311,9.0978364944458,1.7611804008483887,0.16750356554985046,1.0499999523162842,-1.6100000143051147,-1.5399999618530273,-0.3705237821588204,descending,null
9,left,3369.756615384615,1790663831311,9.13133716583252,1.5290682315826416,0.12682412564754486,1.0499999523162842,-1.6100000143051147,-1.5399999618530273,-0.3756384427460733,descending,null
9,left,3369.766230769231,1790663831311,9.332341194152832,1.8856115341186523,0.16750356554985046,1.0499999523162842,-1.6100000143051147,-1.5399999618530273,-0.37819060933099,descending,null
9,left,3369.775846153846,1790663831311,9.36584186553955,1.7755378484725952,0.21536172926425934,1.0499999523162842,-1.6100000143051147,-1.5399999618530273,-0.3806219587497132,descending,null
9,left,3369.7854615384613,1790663831311,9.286876678466797,1.485995888710022,0.26561281085014343,1.0499999523162842,-1.6100000143051147,-1.5399999618530273,-0.38431967798334965,descending,null
9,left,3369.795076923077,1790663831311,9.116979598999023,1.6774286031723022,0.21536172926425934,1.0499999523162842,-1.6100000143051147,-1.5399999618530273,-0.3892733609423521,descending,null
9,left,3369.804692307692,1790663831311,9.061943054199219,1.3089207410812378,0.2321120798587799,1.0499999523162842,-1.6100000143051147,-1.5399999618530273,-0.39540720565111354,descending,null
9,left,3369.8143076923075,1790663831311,9.380199432373047,1.201239824295044,0.33740004897117615,1.0499999523162842,-1.6100000143051147,-1.5399999618530273,-0.3987025472373813,descending,null
9,right,3473.938,1790663831328,8.966226577758789,-3.2639267444610596,0.35654330253601074,2.5899999141693115,-2.6600000858306885,2.1700000762939453,-0.3410100588046603,descending,null
9,right,3473.9476153846153,1790663831328,8.920761108398438,-3.218461275100708,0.3709007501602173,2.5899999141693115,-2.6600000858306885,2.1700000762939453,-0.34390538109810076,descending,null
9,right,3473.957230769231,1790663831328,8.820259094238281,-3.084458589553833,0.3541503846645355,2.5899999141693115,-2.6600000858306885,2.1700000762939453,-0.3481597785813573,descending,null
9,right,3473.9668461538463,1790663831328,8.963833808898926,-3.2136754989624023,0.34936457872390747,2.5899999141693115,-2.6600000858306885,2.1700000762939453,-0.35068106847075364,descending,null
9,right,3473.9764615384615,1790663831328,9.246196746826172,-3.4242515563964844,0.26561281085014343,2.5899999141693115,-2.6600000858306885,2.1700000762939453,-0.3499676791125607,descending,null
9,right,3473.9860769230772,1790663831328,9.492666244506836,-3.2926416397094727,0.17707519233226776,2.5899999141693115,-2.6600000858306885,2.1700000762939453,-0.3475006701239452,descending,null
9,right,3473.9956923076925,1790663831328,9.686491966247559,-3.5438969135284424,0.18903973698616028,2.5899999141693115,-2.6600000858306885,2.1700000762939453,-0.3424402121164522,descending,null
9,right,3474.0053076923077,1790663831328,9.6697416305542,-3.3763933181762695,0.16271774470806122,2.5899999141693115,-2.6600000858306885,2.1700000762939453,-0.338098353248249,descending,null
9,left,3369.826,1790663831386,9.29644775390625,1.426173210144043,0.39722275733947754,1.0499999523162842,-1.2599999904632568,0.7699999809265137,-0.4031551910383576,descending,null
9,left,3369.8356153846153,1790663831386,9.428057670593262,1.5745335817337036,0.4235447347164154,1.0499999523162842,-1.2599999904632568,0.7699999809265137,-0.405299456321129,descending,null
9,left,3369.845230769231,1790663831386,9.588382720947266,1.718108057975769,0.4044014811515808,1.0499999523162842,-1.2599999904632568,0.7699999809265137,-0.4056757247094258,descending,null
9,left,3369.854846153846,1790663831386,9.64341926574707,1.8042527437210083,0.4139730930328369,1.0499999523162842,-1.2599999904632568,0.7699999809265137,-0.4053760023921313,descending,null
9,left,3369.8644615384615,1790663831386,9.976034164428711,1.8856115341186523,0.39004403352737427,1.0499999523162842,-1.2599999904632568,0.7699999809265137,-0.4017948178615361,descending,null
9,left,3369.874076923077,1790663831386,10.337363243103027,1.8138242959976196,0.36850783228874207,1.0499999523162842,-1.2599999904632568,0.7699999809265137,-0.3949317449255626,descending,null
9,left,3369.8836923076924,1790663831386,10.296683311462402,1.6654640436172485,0.3517574965953827,1.0499999523162842,-1.2599999904632568,0.7699999809265137,-0.3887156917398462,descending,null
9,left,3369.8933076923076,1790663831386,10.136358261108398,1.777930736541748,0.35893622040748596,1.0499999523162842,-1.2599999904632568,0.7699999809265137,-0.3838192168159326,descending,null
9,right,3474.014,1790663831403,9.743921279907227,-3.4338231086730957,0.2010042816400528,2.5199999809265137,-2.940000057220459,0.9100000262260437,-0.33338737796322276,descending,null
9,right,3474.0236153846154,1790663831403,9.940139770507812,-3.701828718185425,0.2010042816400528,2.5199999809265137,-2.940000057220459,0.9100000262260437,-0.32551633068069497,descending,null
9,right,3474.033230769231,1790663831403,10.504866600036621,-3.828652858734131,0.21536172926425934,2.5199999809265137,-2.940000057220459,0.9100000262260437,-0.3121340405609065,descending,null
9,right,3474.0428461538463,1790663831403,10.684334754943848,-3.919583559036255,0.22493335604667664,2.5199999809265137,-2.940000057220459,0.9100000262260437,-0.29683576524632305,descending,null
9,right,3474.0524615384616,1790663831403,10.612546920776367,-4.012907028198242,0.21775463223457336,2.5199999809265137,-2.940000057220459,0.9100000262260437,-0.28188266337768475,descending,null
9,right,3474.0620769230773,1790663831403,10.53118896484375,-3.6443989276885986,0.284756064414978,2.5199999809265137,-2.940000057220459,0.9100000262260437,-0.2688816478946276,descending,null
9,right,3474.0716923076925,1790663831403,10.246432304382324,-3.5750045776367188,0.23929080367088318,2.5199999809265137,-2.940000057220459,0.9100000262260437,-0.2586906856781012,descending,null
9,right,3474.0813076923077,1790663831403,10.021498680114746,-3.4745025634765625,0.2919347882270813,2.5199999809265137,-2.940000057220459,0.9100000262260437,-0.25085371836390996,descending,null
9,right,3474.09,1790663831494,9.961676597595215,-3.534325361251831,0.22732627391815186,1.5399999618530273,-4.96999979019165,0.2800000011920929,-0.24409267365680168,descending,null
9,right,3474.0996153846154,1790663831494,9.648205757141113,-3.5080032348632812,0.24646952748298645,1.5399999618530273,-4.96999979019165,0.2800000011920929,-0.23953149455952683,descending,null
9,right,3474.109230769231,1790663831494,9.727170944213867,-3.730543613433838,0.2823631465435028,1.5399999618530273,-4.96999979019165,0.2800000011920929,-0.2335201777813663,descending,null
9,right,3474.1188461538463,1790663831494,9.801351547241211,-3.464931011199951,0.39722275733947754,1.5399999618530273,-4.96999979019165,0.2800000011920929,-0.22769272490656392,descending,null
9,right,3474.1284615384616,1790663831494,9.868352890014648,-3.7257578372955322,0.39004403352737427,1.5399999618530273,-4.96999979019165,0.2800000011920929,-0.2204055222995362,descending,null
9,right,3474.1380769230773,1790663831494,9.559667587280273,-3.6085054874420166,0.44747382402420044,1.5399999618530273,-4.96999979019165,0.2800000011920929,-0.21628072529593834,descending,null
9,right,3474.1476923076925,1790663831494,9.511809349060059,-3.4314301013946533,0.5288326740264893,1.5399999618530273,-4.96999979019165,0.2800000011920929,-0.21315521658527833,descending,null
9,right,3474.1573076923078,1790663831494,9.334734916687012,-3.5175747871398926,0.48576033115386963,1.5399999618530273,-4.96999979019165,0.2800000011920929,-0.2113522675257092,descending,null
9,left,3369.905,1790663831522,10.002355575561523,1.49317467212677,0.339792937040329,1.0499999523162842,-0.699999988079071,0.49000000953674316,-0.38000259345706766,descending,null
9,left,3369.9146153846154,1790663831522,9.880317687988281,1.4142086505889893,0.37568655610084534,1.0499999523162842,-0.699999988079071,0.49000000953674316,-0.3781382531478363,descending,null
9,left,3369.924230769231,1790663831522,9.856388092041016,1.6415349245071411,0.33740004897117615,1.0499999523162842,-0.699999988079071,0.49000000953674316,-0.376125665775004,descending,null
9,left,3369.9338461538464,1790663831522,9.82528018951416,1.612820029258728,0.2895418703556061,1.0499999523162842,-0.699999988079071,0.49000000953674316,-0.3744667560761749,descending,null
9,left,3369.9434615384616,1790663831522,9.719992637634277,1.521889567375183,0.2632198929786682,1.0499999523162842,-0.699999988079071,0.49000000953674316,-0.3739591523921179,descending,null
9,left,3369.9530769230773,1790663831522,9.82767391204834,1.6558923721313477,0.22732627391815186,1.0499999523162842,-0.699999988079071,0.49000000953674316,-0.3722219359385376,descending,null
9,left,3369.9626923076926,1790663831522,9.772636413574219,1.4907817840576172,0.17707519233226776,1.0499999523162842,-0.699999988079071,0.49000000953674316,0,resting,null
9,left,3369.972307692308,1790663831522,9.949711799621582,1.6152129173278809,0.06460852175951004,1.0499999523162842,-0.699999988079071,0.49000000953674316,0.002612424988136579,resting,null
9,left,3369.984,1790663831551,9.48788070678711,1.4812101125717163,0.06460852175951004,0.49000000953674316,0.21000000834465027,1.4700000286102295,0.00021106658544459004,resting,null
9,left,3369.993615384615,1790663831551,9.66256332397461,1.3519930839538574,0.02632198855280876,0.49000000953674316,0.21000000834465027,1.4700000286102295,-0.00031520942254767117,resting,null
9,left,3370.003230769231,1790663831551,9.270126342773438,1.2490980625152588,0.04546525329351425,0.49000000953674316,0.21000000834465027,1.4700000286102295,-0.004713191352801361,resting,null
9,left,3370.012846153846,1790663831551,9.157659530639648,1.1462029218673706,0.10289505124092102,0.49000000953674316,0.21000000834465027,1.4700000286102295,-0.010317201553712066,resting,null
9,left,3370.0224615384614,1790663831551,9.13133716583252,1.0672370195388794,0.09332341700792313,0.49000000953674316,0.21000000834465027,1.4700000286102295,-0.016283073285467874,resting,null
9,left,3370.032076923077,1790663831551,9.363449096679688,1.1174880266189575,0.12921704351902008,0.49000000953674316,0.21000000834465027,1.4700000286102295,-0.01995312064391609,resting,null
9,left,3370.0416923076923,1790663831551,9.19355297088623,1.395065426826477,0.15793193876743317,0.49000000953674316,0.21000000834465027,1.4700000286102295,-0.02481229412208517,resting,null
9,left,3370.0513076923075,1790663831551,8.980584144592285,1.5194966793060303,0.12921704351902008,0.49000000953674316,0.21000000834465027,1.4700000286102295,-0.03151055759499081,resting,null
9,right,3474.166,1790663831553,9.071514129638672,-3.4601449966430664,0.5001177787780762,1.190000057220459,-5.53000020980835,1.190000057220459,-0.2120369515780025,descending,null
9,right,3474.1756153846154,1790663831553,8.901618003845215,-3.146674156188965,0.4833674430847168,1.190000057220459,-5.53000020980835,1.190000057220459,-0.21536614802816134,descending,null
9,right,3474.185230769231,1790663831553,8.57618236541748,-3.0246357917785645,0.4737958014011383,1.190000057220459,-5.53000020980835,1.190000057220459,-0.2220336783183995,descending,null
9,right,3474.1948461538464,1790663831553,8.76761531829834,-3.189746379852295,0.41636601090431213,1.190000057220459,-5.53000020980835,1.190000057220459,-0.2264379528069119,descending,null
9,right,3474.2044615384616,1790663831553,8.714971542358398,-2.8714897632598877,0.45943835377693176,1.190000057220459,-5.53000020980835,1.190000057220459,-0.2323525647506693,descending,null
9,right,3474.2140769230773,1790663831553,8.887260437011719,-3.302213191986084,0.38525819778442383,1.190000057220459,-5.53000020980835,1.190000057220459,-0.23530757884746575,descending,null
9,right,3474.2236923076925,1790663831553,8.86333179473877,-3.113173484802246,0.40918728709220886,1.190000057220459,-5.53000020980835,1.190000057220459,-0.23909355220891546,descending,null
9,right,3474.233307692308,1790663831553,8.937511444091797,-3.47210955619812,0.461831271648407,1.190000057220459,-5.53000020980835,1.190000057220459,-0.24100993443734195,descending,null
9,left,3370.064,1790663831626,9.181588172912598,1.454888105392456,0.13400284945964813,-0.5600000023841858,0.2800000011920929,-0.42000001668930054,-0.037953980448464826,resting,null
9,left,3370.073615384615,1790663831626,9.332341194152832,1.4429235458374023,0.1411815732717514,-0.5600000023841858,0.2800000011920929,-0.42000001668930054,-0.04141848001336954,resting,null
9,left,3370.083230769231,1790663831626,9.700849533081055,1.4979604482650757,0.1507532149553299,-0.5600000023841858,0.2800000011920929,-0.42000001668930054,-0.04129929474883782,resting,null
9,left,3370.092846153846,1790663831626,9.786993980407715,1.4692455530166626,0.14836029708385468,-0.5600000023841858,0.2800000011920929,-0.42000001668930054,-0.040403955819210954,resting,null
9,left,3370.1024615384613,1790663831626,9.789386749267578,1.1438100337982178,0.13639576733112335,-0.5600000023841858,0.2800000011920929,-0.42000001668930054,-0.0399539259628054,resting,null
9,left,3370.112076923077,1790663831626,10.150715827941895,1.2036327123641968,0.11725249886512756,-0.5600000023841858,0.2800000011920929,-0.42000001668930054,-0.03598220685728094,resting,null
9,left,3370.1216923076922,1790663831626,9.940139770507812,1.3735291957855225,0.14596739411354065,-0.5600000023841858,0.2800000011920929,-0.42000001668930054,-0.03376764279422522,resting,null
9,left,3370.1313076923075,1790663831626,10.117215156555176,1.3854937553405762,0.11246667802333832,-0.5600000023841858,0.2800000011920929,-0.42000001668930054,-0.029857080268044022,resting,null
9,right,3474.242,1790663831645,8.95665454864502,-3.4936459064483643,0.45704543590545654,0.8400000333786011,-4.690000057220459,0.2800000011920929,-0.24251983948097233,descending,null
9,right,3474.2516153846154,1790663831645,9.205517768859863,-3.479288339614868,0.46900999546051025,0.8400000333786011,-4.690000057220459,0.2800000011920929,-0.24198792541904096,descending,null
9,right,3474.261230769231,1790663831645,9.006906509399414,-3.6850783824920654,0.4642241597175598,0.8400000333786011,-4.690000057220459,0.2800000011920929,-0.24255980444103606,descending,null
9,right,3474.2708461538464,1790663831645,9.396949768066406,-3.49843168258667,0.44986671209335327,0.8400000333786011,-4.690000057220459,0.2800000011920929,-0.24024167934990856,descending,null
9,right,3474.2804615384616,1790663831645,9.609918594360352,-3.2974274158477783,0.4522596299648285,0.8400000333786011,-4.690000057220459,0.2800000011920929,-0.23667208457740133,descending,null
9,right,3474.2900769230773,1790663831645,9.664956092834473,-3.598933696746826,0.4809745252132416,0.8400000333786011,-4.690000057220459,0.2800000011920929,-0.23159724297259307,descending,null
9,right,3474.2996923076926,1790663831645,9.547703742980957,-3.7114005088806152,0.521653950214386,0.8400000333786011,-4.690000057220459,0.2800000011920929,-0.22719366857656098,descending,null
9,right,3474.309307692308,1790663831645,9.763065338134766,-3.704221725463867,0.4331163763999939,0.8400000333786011,-4.690000057220459,0.2800000011920929,-0.2208996590764187,descending,null
9,left,3370.143,1790663831707,9.995177268981934,1.7587873935699463,0.11246667802333832,-1.3300000429153442,0.21000000834465027,0.9800000190734863,-0.02588108907809879,resting,null
9,left,3370.1526153846153,1790663831707,10.203360557556152,1.5697476863861084,0.18664683401584625,-1.3300000429153442,0.21000000834465027,0.9800000190734863,-0.020887640882355136,resting,null
9,left,3370.162230769231,1790663831707,10.200966835021973,1.8497179746627808,0.19861137866973877,-1.3300000429153442,0.21000000834465027,0.9800000190734863,-0.015516199593643667,resting,null
9,left,3370.171846153846,1790663831707,9.944926261901855,1.6295703649520874,0.19861137866973877,-1.3300000429153442,0.21000000834465027,0.9800000190734863,-0.012893249525063731,resting,null
9,left,3370.1814615384615,1790663831707,10.160287857055664,1.5936768054962158,0.20818300545215607,-1.3300000429153442,0.21000000834465027,0.9800000190734863,-0.00827520230079169,resting,null
9,left,3370.191076923077,1790663831707,10.145930290222168,1.809038519859314,0.22732627391815186,-1.3300000429153442,0.21000000834465027,0.9800000190734863,-0.00347500122051531,resting,null
9,left,3370.2006923076924,1790663831707,10.083714485168457,1.5338541269302368,0.23929080367088318,-1.3300000429153442,0.21000000834465027,0.9800000190734863,0.00033007771065663826,resting,null
9,left,3370.2103076923077,1790663831707,10.047821044921875,1.4524952173233032,0.20818300545215607,-1.3300000429153442,0.21000000834465027,0.9800000190734863,0.003669363054264627,resting,null
9,right,3474.318,1790663831749,9.909032821655273,-4.053586483001709,0.4139730930328369,0.14000000059604645,-4.480000019073486,0.9800000190734863,-0.21296833354983336,descending,null
9,right,3474.3276153846155,1790663831749,9.786993980407715,-3.7472941875457764,0.4139730930328369,0.14000000059604645,-4.480000019073486,0.9800000190734863,-0.20632437569606943,descending,null
9,right,3474.337230769231,1790663831749,9.93774700164795,-3.6372203826904297,0.39004403352737427,0.14000000059604645,-4.480000019073486,0.9800000190734863,-0.1987041046989993,descending,null
9,right,3474.3468461538464,1790663831749,9.770243644714355,-3.730543613433838,0.3948298394680023,0.14000000059604645,-4.480000019073486,0.9800000190734863,-0.19227898639392993,descending,null
9,right,3474.3564615384616,1790663831749,9.966462135314941,-3.823867082595825,0.40918728709220886,0.14000000059604645,-4.480000019073486,0.9800000190734863,-0.18377180537074497,descending,null
9,right,3474.3660769230773,1790663831749,9.786993980407715,-3.5797905921936035,0.3445787727832794,0.14000000059604645,-4.480000019073486,0.9800000190734863,-0.17772600136620456,descending,null
9,right,3474.3756923076926,1790663831749,9.533346176147461,-3.8382246494293213,0.3948298394680023,0.14000000059604645,-4.480000019073486,0.9800000190734863,0,resting,null
9,right,3474.385307692308,1790663831749,9.784601211547852,-3.6659352779388428,0.39961564540863037,0.14000000059604645,-4.480000019073486,0.9800000190734863,0.006242668779420086,resting,null
9,left,3370.222,1790663831836,10.014320373535156,1.6965718269348145,0.2105759084224701,-1.8200000524520874,0.21000000834465027,0.07000000029802322,0.0077741572634772325,resting,null
9,left,3370.2316153846155,1790663831836,9.75588607788086,1.7659661769866943,0.2512553632259369,-1.8200000524520874,0.21000000834465027,0.07000000029802322,0.008808024928748746,resting,null
9,left,3370.241230769231,1790663831836,9.45438003540039,1.7252867221832275,0.19861137866973877,-1.8200000524520874,0.21000000834465027,0.07000000029802322,0.006912777449549856,resting,null
9,left,3370.2508461538464,1790663831836,9.13133716583252,1.770751953125,0.24646952748298645,-1.8200000524520874,0.21000000834465027,0.07000000029802322,0.0020359067361064606,resting,null
9,left,3370.2604615384616,1790663831836,9.229446411132812,1.6367491483688354,0.25843408703804016,-1.8200000524520874,0.21000000834465027,0.07000000029802322,-0.0021061432107172436,resting,null
9,left,3370.2700769230773,1790663831836,9.353878021240234,1.844932198524475,0.3350071310997009,-1.8200000524520874,0.21000000834465027,0.07000000029802322,-0.004724684364792392,resting,null
9,left,3370.2796923076926,1790663831836,9.248589515686035,1.7803236246109009,0.3326142132282257,-1.8200000524520874,0.21000000834465027,0.07000000029802322,-0.008436176539738839,resting,null
9,left,3370.289307692308,1790663831836,9.545310020446777,1.8664683103561401,0.382865309715271,-1.8200000524520874,0.21000000834465027,0.07000000029802322,-0.009181695594607289,resting,null
9,right,3474.393,1790663831854,9.784601211547852,-3.8262600898742676,0.37807947397232056,-0.8400000333786011,-4.550000190734863,1.3300000429153442,0.011665081384753796,resting,null
9,right,3474.4026153846153,1790663831854,9.569239616394043,-3.955476999282837,0.31825676560401917,-0.8400000333786011,-4.550000190734863,1.3300000429153442,0.016931942824272572,resting,null
9,right,3474.412230769231,1790663831854,9.222268104553223,-3.49843168258667,0.33740004897117615,-0.8400000333786011,-4.550000190734863,1.3300000429153442,0.01752545852911104,resting,null
9,right,3474.421846153846,1790663831854,9.073907852172852,-3.7760090827941895,0.2895418703556061,-0.8400000333786011,-4.550000190734863,1.3300000429153442,0.01772629823078003,resting,null
9,right,3474.4314615384615,1790663831854,9.093050956726074,-3.469716787338257,0.26561281085014343,-0.8400000333786011,-4.550000190734863,1.3300000429153442,0.017040365577402825,resting,null
9,right,3474.441076923077,1790663831854,9.088264465332031,-3.5941479206085205,0.22493335604667664,-0.8400000333786011,-4.550000190734863,1.3300000429153442,0.016730264852061538,resting,null
9,right,3474.4506923076924,1790663831854,8.913582801818848,-3.7999379634857178,0.1722893863916397,-0.8400000333786011,-4.550000190734863,1.3300000429153442,0.015557705491951703,resting,null
9,right,3474.4603076923077,1790663831854,9.040407180786133,-3.7688302993774414,0.19382555782794952,-0.8400000333786011,-4.550000190734863,1.3300000429153442,0.015424863317877428,resting,null
9,left,3370.301,1790663831867,9.459165573120117,1.8521108627319336,0.4139730930328369,-2.450000047683716,0.8400000333786011,-0.42000001668930054,-0.011090965628242865,resting,null
9,left,3370.310615384615,1790663831867,9.552489280700684,1.6343562602996826,0.40918728709220886,-2.450000047683716,0.8400000333786011,-0.42000001668930054,-0.012122446715369339,resting,null
9,left,3370.320230769231,1790663831867,9.325162887573242,1.7611804008483887,0.41875892877578735,-2.450000047683716,0.8400000333786011,-0.42000001668930054,-0.015097730795007563,resting,null
9,left,3370.329846153846,1790663831867,9.138516426086426,1.945434331893921,0.3804723918437958,-2.450000047683716,0.8400000333786011,-0.42000001668930054,-0.01954560241879321,resting,null
9,left,3370.3394615384614,1790663831867,9.191160202026367,1.7946810722351074,0.3613291084766388,-2.450000047683716,0.8400000333786011,-0.42000001668930054,-0.023739474599781075,resting,null
9,left,3370.349076923077,1790663831867,9.22705364227295,1.6989647150039673,0.37807947397232056,-2.450000047683716,0.8400000333786011,-0.42000001668930054,-0.027741938872225334,resting,null
9,left,3370.3586923076923,1790663831867,9.38498592376709,1.8568966388702393,0.36611494421958923,-2.450000047683716,0.8400000333786011,-0.42000001668930054,-0.02998634068141689,resting,null
9,left,3370.3683076923076,1790663831867,9.514202117919922,1.8138242959976196,0.3804723918437958,-2.450000047683716,0.8400000333786011,-0.42000001668930054,-0.031072410413631533,resting,null
9,right,3474.469,1790663831869,9.119372367858887,-3.8525819778442383,0.1914326548576355,-1.3300000429153442,-4.690000057220459,0.9800000190734863,0.016212149139282324,resting,null
9,right,3474.4786153846153,1790663831869,8.985369682312012,-3.639613151550293,0.20339718461036682,-1.3300000429153442,-4.690000057220459,0.9800000190734863,0.015142697760081853,resting,null
9,right,3474.488230769231,1790663831869,8.918368339538574,-3.646791934967041,0.19382555782794952,-1.3300000429153442,-4.690000057220459,0.9800000190734863,0.013500410368151501,resting,null
9,right,3474.4978461538462,1790663831869,8.920761108398438,-3.7353296279907227,0.18664683401584625,-1.3300000429153442,-4.690000057220459,0.9800000190734863,0.01219579499820511,resting,null
9,right,3474.5074615384615,1790663831869,8.813080787658691,-3.618077039718628,0.15793193876743317,-1.3300000429153442,-4.690000057220459,0.9800000190734863,0.009509990980940016,resting,null
9,right,3474.517076923077,1790663831869,8.77718734741211,-3.5941479206085205,0.23450499773025513,-1.3300000429153442,-4.690000057220459,0.9800000190734863,0.0064345044041092545,resting,null
9,right,3474.5266923076924,1790663831869,8.901618003845215,-3.4194657802581787,0.20579010248184204,-1.3300000429153442,-4.690000057220459,0.9800000190734863,0.0038401154363984363,resting,null
9,right,3474.5363076923077,1790663831869,8.908797264099121,-3.7114005088806152,0.22732627391815186,-1.3300000429153442,-4.690000057220459,0.9800000190734863,0.002359738004577872,resting,null
9,left,3370.38,1790663831942,9.789386749267578,1.9119335412979126,0.3613291084766388,-2.940000057220459,0.9100000262260437,-0.5600000023841858,-0.029030106573795837,resting,null
9,left,3370.3896153846154,1790663831942,9.746315002441406,2.0746512413024902,0.36850783228874207,-2.940000057220459,0.9100000262260437,-0.5600000023841858,-0.027472423247758865,resting,null
9,left,3370.399230769231,1790663831942,9.767850875854492,1.9526129961013794,0.3134709596633911,-2.940000057220459,0.9100000262260437,-0.5600000023841858,-0.025937881410684108,resting,null
9,left,3370.4088461538463,1790663831942,9.925783157348633,2.0890088081359863,0.29911351203918457,-2.940000057220459,0.9100000262260437,-0.5600000023841858,-0.02267445869857074,resting,null
9,left,3370.4184615384615,1790663831942,9.997570037841797,2.14404559135437,0.3038993179798126,-2.940000057220459,0.9100000262260437,-0.5600000023841858,-0.01863121701355786,resting,null
9,left,3370.4280769230772,1790663831942,10.076536178588867,2.1607959270477295,0.30629223585128784,-2.940000057220459,0.9100000262260437,-0.5600000023841858,-0.013809369952828155,resting,null
9,left,3370.4376923076925,1790663831942,10.28711223602295,2.1751534938812256,0.2895418703556061,-2.940000057220459,0.9100000262260437,-0.5600000023841858,-0.006978955259900249,resting,null
9,left,3370.4473076923077,1790663831942,10.349327087402344,1.9215052127838135,0.31586387753486633,-2.940000057220459,0.9100000262260437,-0.5600000023841858,-0.000016600676767517353,resting,null
9,right,3474.546,1790663831944,8.920761108398438,-3.792759418487549,0.24407662451267242,-1.6100000143051147,-4.619999885559082,0.42000001668930054,0.001275937979991806,resting,null
9,right,3474.555615384615,1790663831944,8.880082130432129,-3.8119025230407715,0.23450499773025513,-1.6100000143051147,-4.619999885559082,0.42000001668930054,-0.0000905027067896728,resting,null
9,right,3474.5652307692308,1790663831944,8.736507415771484,-3.850189208984375,0.2416837215423584,-1.6100000143051147,-4.619999885559082,0.42000001668930054,-0.0025898785342990216,resting,null
9,right,3474.574846153846,1790663831944,8.937511444091797,-3.723365068435669,0.2703986167907715,-1.6100000143051147,-4.619999885559082,0.42000001668930054,-0.003755925655662455,resting,null
9,right,3474.5844615384613,1790663831944,9.0284423828125,-3.8621537685394287,0.2632198929786682,-1.6100000143051147,-4.619999885559082,0.42000001668930054,-0.0036061556886525857,resting,null
9,right,3474.594076923077,1790663831944,9.03562068939209,-3.8119025230407715,0.2703986167907715,-1.6100000143051147,-4.619999885559082,0.42000001668930054,-0.0035741647420182757,resting,null
9,right,3474.603692307692,1790663831944,9.093050956726074,-3.7425081729888916,0.2943277060985565,-1.6100000143051147,-4.619999885559082,0.42000001668930054,-0.0032819131088029987,resting,null
9,right,3474.6133076923074,1790663831944,9.241411209106445,-3.8597607612609863,0.3230426013469696,-1.6100000143051147,-4.619999885559082,0.42000001668930054,-0.001236116947942901,resting,null
9,right,3474.621,1790663832052,9.614705085754395,-4.02008581161499,0.3110780417919159,-1.8200000524520874,-3.2200000286102295,-0.07000000029802322,0.003521765169177121,resting,null
9,right,3474.6306153846153,1790663832052,9.693670272827148,-3.80233097076416,0.32782840728759766,-1.8200000524520874,-3.2200000286102295,-0.07000000029802322,0.009373195393299444,resting,null
9,right,3474.640230769231,1790663832052,9.523774147033691,-4.017692565917969,0.3230426013469696,-1.8200000524520874,-3.2200000286102295,-0.07000000029802322,0.014501593695339455,resting,null
9,right,3474.6498461538463,1790663832052,9.195945739746094,-3.7975451946258545,0.25843408703804016,-1.8200000524520874,-3.2200000286102295,-0.07000000029802322,0.015895962119148038,resting,null
9,right,3474.6594615384615,1790663832052,9.21030330657959,-4.0440144538879395,0.2321120798587799,-1.8200000524520874,-3.2200000286102295,-0.07000000029802322,0.018319844732405288,resting,null
9,right,3474.6690769230772,1790663832052,9.260554313659668,-3.773616075515747,0.24646952748298645,-1.8200000524520874,-3.2200000286102295,-0.07000000029802322,0.02019561314869307,resting,null
9,right,3474.6786923076925,1790663832052,9.47830867767334,-3.8741180896759033,0.15553902089595795,-1.8200000524520874,-3.2200000286102295,-0.07000000029802322,0.0243558080070657,resting,null
9,right,3474.6883076923077,1790663832052,9.30601978302002,-3.701828718185425,0.16511066257953644,-1.8200000524520874,-3.2200000286102295,-0.07000000029802322,0.026356297953648307,resting,null
9,left,3370.46,1790663832076,10.684334754943848,2.036364793777466,0.2632198929786682,-3.0799999237060547,-0.07000000029802322,-1.1200000047683716,0.01359262529852964,resting,null
9,left,3370.4696153846153,1790663832076,10.492901802062988,2.1033661365509033,0.31586387753486633,-3.0799999237060547,-0.07000000029802322,-1.1200000047683716,0.022229970545705028,resting,null
9,left,3370.479230769231,1790663832076,10.210538864135742,2.0220072269439697,0.3015064299106598,-3.0799999237060547,-0.07000000029802322,-1.1200000047683716,0.028048151695774667,resting,null
9,left,3370.488846153846,1790663832076,10.033463478088379,2.1177237033843994,0.29911351203918457,-3.0799999237060547,-0.07000000029802322,-1.1200000047683716,0.03237246651301404,resting,null
9,left,3370.4984615384615,1790663832076,10.263182640075684,1.964577555656433,0.3804723918437958,-3.0799999237060547,-0.07000000029802322,-1.1200000047683716,0.03859951374114975,resting,null
9,left,3370.508076923077,1790663832076,10.110036849975586,1.9908995628356934,0.39722275733947754,-3.0799999237060547,-0.07000000029802322,-1.1200000047683716,0.04343479607097071,resting,null
9,left,3370.5176923076924,1790663832076,10.00953483581543,2.1177237033843994,0.4522596299648285,-3.0799999237060547,-0.07000000029802322,-1.1200000047683716,0.04757623811843754,resting,null
9,left,3370.5273076923077,1790663832076,9.932961463928223,1.8880045413970947,0.45943835377693176,-3.0799999237060547,-0.07000000029802322,-1.1200000047683716,0.050569293425651925,resting,null
9,right,3474.697,1790663832094,9.341913223266602,-3.785580635070801,0.13400284945964813,-2.0299999713897705,-2.799999952316284,0.9800000190734863,0.028724577269070514,resting,null
9,right,3474.7066153846154,1790663832094,9.248589515686035,-3.6659352779388428,0.15793193876743317,-2.0299999713897705,-2.799999952316284,0.9800000190734863,0.030083107841832685,resting,null
9,right,3474.716230769231,1790663832094,9.207910537719727,-3.6132912635803223,0.20579010248184204,-2.0299999713897705,-2.799999952316284,0.9800000190734863,0.030897256334809935,resting,null
9,right,3474.7258461538463,1790663832094,9.093050956726074,-3.639613151550293,0.14836029708385468,-2.0299999713897705,-2.799999952316284,0.9800000190734863,0.030775096564331136,resting,null
9,right,3474.7354615384615,1790663832094,9.160052299499512,-3.4553592205047607,0.16750356554985046,-2.0299999713897705,-2.799999952316284,0.9800000190734863,0.030593497805327934,resting,null
9,right,3474.7450769230772,1790663832094,9.198338508605957,-3.484074115753174,0.14357449114322662,-2.0299999713897705,-2.799999952316284,0.9800000190734863,0.03085600935278342,resting,null
9,right,3474.7546923076925,1790663832094,8.997334480285645,-3.589362144470215,0.15793193876743317,-2.0299999713897705,-2.799999952316284,0.9800000190734863,0.029702327214328122,resting,null
9,right,3474.7643076923077,1790663832094,9.138516426086426,-3.2902486324310303,0.20339718461036682,-2.0299999713897705,-2.799999952316284,0.9800000190734863,0.028754681797785422,resting,null
9,left,3370.54,1790663832106,9.882710456848145,1.945434331893921,0.44029510021209717,-3.2200000286102295,-1.4700000286102295,-0.07000000029802322,0.05402678972274378,resting,null
9,left,3370.549615384615,1790663832106,9.767850875854492,1.964577555656433,0.4331163763999939,-3.2200000286102295,-1.4700000286102295,-0.07000000029802322,0.05559651185775306,resting,null
9,left,3370.559230769231,1790663832106,9.57402515411377,1.7444299459457397,0.4020085632801056,-3.2200000286102295,-1.4700000286102295,-0.07000000029802322,0.054919803998896816,resting,null
9,left,3370.568846153846,1790663832106,9.542917251586914,1.964577555656433,0.41875892877578735,-3.2200000286102295,-1.4700000286102295,-0.07000000029802322,0.05436497740414722,ascending,6
9,left,3370.5784615384614,1790663832106,9.351485252380371,1.945434331893921,0.41875892877578735,-3.2200000286102295,-1.4700000286102295,-0.07000000029802322,0.051972841327732625,ascending,6
9,left,3370.588076923077,1790663832106,9.57402515411377,1.8568966388702393,0.4235447347164154,-3.2200000286102295,-1.4700000286102295,-0.07000000029802322,0.05151404817156606,ascending,6
9,left,3370.5976923076923,1790663832106,9.442415237426758,1.9095406532287598,0.45943835377693176,-3.2200000286102295,-1.4700000286102295,-0.07000000029802322,0.04992879682060243,ascending,6
9,left,3370.6073076923076,1790663832106,9.4950590133667,1.7970739603042603,0.4235447347164154,-3.2200000286102295,-1.4700000286102295,-0.07000000029802322,0.0486167137238237,ascending,6
9,right,3474.773,1790663832169,9.133729934692383,-3.436216115951538,0.12443122267723083,-2.1700000762939453,-2.5199999809265137,0.49000000953674316,0.028320568714761827,resting,null
9,right,3474.7826153846154,1790663832169,8.947083473205566,-3.247176170349121,0.11485958844423294,-2.1700000762939453,-2.5199999809265137,0.49000000953674316,0.025507928473824066,resting,null
9,right,3474.792230769231,1790663832169,8.935118675231934,-3.2208542823791504,0.11964540183544159,-2.1700000762939453,-2.5199999809265137,0.49000000953674316,0.02250236075857303,resting,null
9,right,3474.8018461538463,1790663832169,8.738900184631348,-3.1490671634674072,0.11246667802333832,-2.1700000762939453,-2.5199999809265137,0.49000000953674316,0.017494281438689287,resting,null
9,right,3474.8114615384616,1790663832169,8.77479362487793,-3.2064969539642334,0.14357449114322662,-2.1700000762939453,-2.5199999809265137,0.49000000953674316,0.01301701584473808,resting,null
9,right,3474.8210769230773,1790663832169,8.738900184631348,-3.058136463165283,0.1722893863916397,-2.1700000762939453,-2.5199999809265137,0.49000000953674316,0.007713709108059347,resting,null
9,right,3474.8306923076925,1790663832169,8.815473556518555,-3.1777820587158203,0.181861013174057,-2.1700000762939453,-2.5199999809265137,0.49000000953674316,0.003517074589663388,resting,null
9,right,3474.8403076923078,1790663832169,8.786758422851562,-3.1658174991607666,0.1722893863916397,-2.1700000762939453,-2.5199999809265137,0.49000000953674316,-0.0009745655168262818,resting,null
9,left,3370.619,1790663832182,9.325162887573242,1.8640754222869873,0.46661707758903503,-3.3600001335144043,-1.75,0.07000000029802322,0.045249246380116195,ascending,6
9,left,3370.6286153846154,1790663832182,9.133729934692383,1.904754877090454,0.40918728709220886,-3.3600001335144043,-1.75,0.07000000029802322,0.0407314459568512,ascending,6
9,left,3370.638230769231,1790663832182,9.150480270385742,1.8186101913452148,0.4546525478363037,-3.3600001335144043,-1.75,0.07000000029802322,0.036231161052702035,ascending,6
9,left,3370.6478461538463,1790663832182,9.076300621032715,1.7468229532241821,0.41636601090431213,-3.3600001335144043,-1.75,0.07000000029802322,0.03088451789381333,ascending,6
9,left,3370.6574615384616,1790663832182,9.0978364944458,1.7851094007492065,0.44268798828125,-3.3600001335144043,-1.75,0.07000000029802322,0.02582596534218222,ascending,6
9,left,3370.6670769230773,1790663832182,8.992548942565918,1.7085363864898682,0.41636601090431213,-3.3600001335144043,-1.75,0.07000000029802322,0.019625527284675336,resting,null
9,left,3370.6766923076925,1790663832182,9.085871696472168,1.7324655055999756,0.39961564540863037,-3.3600001335144043,-1.75,0.07000000029802322,0.014344731891022987,resting,null
9,left,3370.6863076923078,1790663832182,8.844188690185547,1.809038519859314,0.3541503846645355,-3.3600001335144043,-1.75,0.07000000029802322,0.006909901989813854,resting,null
9,left,3370.698,1790663832257,8.844188690185547,1.5194966793060303,0.3541503846645355,-2.799999952316284,-2.0999999046325684,0.21000000834465027,-0.002766281422525861,resting,null
9,left,3370.707615384615,1790663832257,7.944454669952393,1.7635732889175415,0.3709007501602173,-2.799999952316284,-2.0999999046325684,0.21000000834465027,-0.018750233999754982,resting,null
9,left,3370.717230769231,1790663832257,7.939669132232666,2.0291860103607178,0.41875892877578735,-2.799999952316284,-2.0999999046325684,0.21000000834465027,-0.034257519033761515,resting,null
9,left,3370.726846153846,1790663832257,8.123923301696777,1.9693633317947388,0.48815324902534485,-2.799999952316284,-2.0999999046325684,0.21000000834465027,-0.048097157408130475,resting,null
9,left,3370.7364615384613,1790663832257,7.922918796539307,2.010042905807495,0.5049036145210266,-2.799999952316284,-2.0999999046325684,0.21000000834465027,-0.06373347314746243,resting,null
9,left,3370.746076923077,1790663832257,7.432372570037842,1.9095406532287598,0.4737958014011383,-2.799999952316284,-2.0999999046325684,0.21000000834465027,-0.08417606994996038,resting,null
9,left,3370.7556923076922,1790663832257,7.269654750823975,2.122509479522705,0.4331163763999939,-2.799999952316284,-2.0999999046325684,0.21000000834465027,-0.10574292493918903,resting,null
9,left,3370.7653076923075,1790663832257,6.99686336517334,2.2086541652679443,0.3709007501602173,-2.799999952316284,-2.0999999046325684,0.21000000834465027,-0.129714148688534,resting,null
9,right,3474.849,1790663832290,8.68864917755127,-3.007885456085205,0.23689790070056915,-1.75,-2.6600000858306885,0.49000000953674316,-0.006308280815916121,resting,null
9,right,3474.8586153846154,1790663832290,8.372785568237305,-2.7877378463745117,0.14596739411354065,-1.75,-2.6600000858306885,0.49000000953674316,-0.01579885738201263,resting,null
9,right,3474.868230769231,1790663832290,7.753022193908691,-2.684842824935913,0.1603248417377472,-1.75,-2.6600000858306885,0.49000000953674316,-0.03120088610321905,resting,null
9,right,3474.8778461538463,1790663832290,7.7960944175720215,-2.7422726154327393,0.13400284945964813,-1.75,-2.6600000858306885,0.49000000953674316,-0.04601411555368489,resting,null
9,right,3474.8874615384616,1790663832290,7.808059215545654,-3.015064239501953,0.08135887235403061,-1.75,-2.6600000858306885,0.49000000953674316,-0.05979902834362363,resting,null
9,right,3474.8970769230773,1790663832290,7.729093074798584,-3.2423903942108154,0.03350071236491203,-1.75,-2.6600000858306885,0.49000000953674316,-0.0735176527861867,resting,null
9,right,3474.9066923076925,1790663832290,7.879846572875977,-3.0964231491088867,0.035893622785806656,-1.75,-2.6600000858306885,0.49000000953674316,-0.08636834024120416,resting,null
9,right,3474.916307692308,1790663832290,7.798487663269043,-3.4314301013946533,-0.06460852175951004,-1.75,-2.6600000858306885,0.49000000953674316,-0.09879910443088472,resting,null
9,right,3474.925,1790663832319,7.650126934051514,-3.0748867988586426,0.06221561133861542,-1.190000057220459,-2.940000057220459,0.21000000834465027,-0.11233130514445416,descending,null
9,right,3474.9346153846154,1790663832319,7.348620891571045,-3.261533737182617,0.12443122267723083,-1.190000057220459,-2.940000057220459,0.21000000834465027,-0.12934327071085744,descending,null
9,right,3474.944230769231,1790663832319,7.434765338897705,-2.61305570602417,0.1722893863916397,-1.190000057220459,-2.940000057220459,0.21000000834465027,-0.14781449970309365,descending,null
9,right,3474.9538461538464,1790663832319,7.281619548797607,-2.902597427368164,0.2632198929786682,-1.190000057220459,-2.940000057220459,0.21000000834465027,-0.16664316064281073,descending,null
9,right,3474.9634615384616,1790663832319,7.365371227264404,-2.706378936767578,0.3421858549118042,-1.190000057220459,-2.940000057220459,0.21000000834465027,-0.18538128164669737,descending,null
9,right,3474.9730769230773,1790663832319,7.087793827056885,-3.295034408569336,0.36611494421958923,-1.190000057220459,-2.940000057220459,0.21000000834465027,-0.20455789716786935,descending,null
9,right,3474.9826923076926,1790663832319,6.915504455566406,-2.8858470916748047,0.363722026348114,-1.190000057220459,-2.940000057220459,0.21000000834465027,-0.22668420394592229,descending,null
9,right,3474.992307692308,1790663832319,7.142830848693848,-2.5699832439422607,0.39004403352737427,-1.190000057220459,-2.940000057220459,0.21000000834465027,-0.24785387237196524,descending,null
9,left,3370.777,1790663832347,7.236154079437256,1.7085363864898682,0.284756064414978,-2.0999999046325684,-1.5399999618530273,0,-0.15732046454570664,descending,null
9,left,3370.7866153846153,1790663832347,7.575946807861328,1.928683876991272,0.1914326548576355,-2.0999999046325684,-1.5399999618530273,0,-0.1764200018581744,descending,null
9,left,3370.796230769231,1790663832347,7.367763996124268,2.6178414821624756,0.18425391614437103,-2.0999999046325684,-1.5399999618530273,0,-0.19609561595861263,descending,null
9,left,3370.8058461538462,1790663832347,7.535267353057861,2.1272952556610107,0.10768086463212967,-2.0999999046325684,-1.5399999618530273,0,-0.21518164049203414,descending,null
9,left,3370.8154615384615,1790663832347,7.4299798011779785,2.4981961250305176,0.04546525329351425,-2.0999999046325684,-1.5399999618530273,0,-0.2345131616456282,descending,null
9,left,3370.825076923077,1790663832347,7.4515156745910645,1.9932924509048462,0.10289505124092102,-2.0999999046325684,-1.5399999618530273,0,-0.2546214724948357,descending,null
9,left,3370.8346923076924,1790663832347,7.568768501281738,1.6678569316864014,0.18903973698616028,-2.0999999046325684,-1.5399999618530273,0,-0.2742463793294148,descending,null
9,left,3370.8443076923077,1790663832347,6.886789321899414,1.6702498197555542,0.26800569891929626,-2.0999999046325684,-1.5399999618530273,0,-0.30022663903122204,descending,null
9,right,3475.001,1790663832395,6.788680076599121,-2.593912363052368,0.3445787727832794,-0.3499999940395355,-3.569999933242798,0.21000000834465027,-0.2697801697355465,descending,null
9,right,3475.0106153846154,1790663832395,6.429744243621826,-2.4000868797302246,0.20339718461036682,-0.3499999940395355,-3.569999933242798,0.21000000834465027,-0.2979259276769212,descending,null
9,right,3475.020230769231,1790663832395,6.214382171630859,-2.648949146270752,0.11964540183544159,-0.3499999940395355,-3.569999933242798,0.21000000834465027,-0.327137932618869,descending,null
9,right,3475.0298461538464,1790663832395,6.29334831237793,-2.7518444061279297,0.20579010248184204,-0.3499999940395355,-3.569999933242798,0.21000000834465027,-0.3552578757665487,descending,null
9,right,3475.0394615384616,1790663832395,7.075829029083252,-2.7231295108795166,0.1603248417377472,-0.3499999940395355,-3.569999933242798,0.21000000834465027,-0.37645714183897816,descending,null
9,right,3475.0490769230773,1790663832395,7.8463454246521,-3.022243022918701,0.1698964685201645,-0.3499999940395355,-3.569999933242798,0.21000000834465027,-0.3897015103512225,descending,null
9,right,3475.0586923076926,1790663832395,8.023421287536621,-3.0533506870269775,0.27757734060287476,-0.3499999940395355,-3.569999933242798,0.21000000834465027,-0.401230109345479,descending,null
9,right,3475.068307692308,1790663832395,7.485016345977783,-2.6082699298858643,0.382865309715271,-0.3499999940395355,-3.569999933242798,0.21000000834465027,-0.41910381963852167,descending,null
9,left,3370.856,1790663832422,5.977484226226807,1.5864980220794678,0.28714898228645325,-0.9100000262260437,-2.240000009536743,2.450000047683716,-0.3423757590827279,descending,null
9,left,3370.8656153846155,1790663832422,6.4464945793151855,2.2445478439331055,0.284756064414978,-0.9100000262260437,-2.240000009536743,2.450000047683716,-0.37126248080651114,descending,null
9,left,3370.875230769231,1790663832422,7.090186595916748,1.9837207794189453,0.3038993179798126,-0.9100000262260437,-2.240000009536743,2.450000047683716,-0.39462215188019084,descending,null
9,left,3370.8848461538464,1790663832422,7.5280890464782715,1.9430413246154785,0.27757734060287476,-0.9100000262260437,-2.240000009536743,2.450000047683716,-0.41395395391883866,descending,null
9,left,3370.8944615384617,1790663832422,8.025814056396484,0.6245490312576294,0.17946811020374298,-0.9100000262260437,-2.240000009536743,2.450000047683716,-0.43137329301604305,descending,null
9,left,3370.9040769230774,1790663832422,7.209832191467285,2.2038683891296387,0.12682412564754486,-0.9100000262260437,-2.240000009536743,2.450000047683716,-0.45318180911223116,descending,null
9,left,3370.9136923076926,1790663832422,6.637927055358887,1.6846072673797607,0.059822700917720795,-0.9100000262260437,-2.240000009536743,2.450000047683716,-0.48144144214012313,descending,null
9,left,3370.923307692308,1790663832422,6.824573993682861,1.5769264698028564,0.1411815732717514,-0.9100000262260437,-2.240000009536743,2.450000047683716,-0.5081347608537888,descending,null
9,right,3475.077,1790663832471,6.71928596496582,-2.220618724822998,0.37807947397232056,-0.07000000029802322,-4.199999809265137,-0.42000001668930054,-0.44266944286011906,descending,null
9,right,3475.0866153846155,1790663832471,6.018163681030273,-2.086615800857544,0.39004403352737427,-0.07000000029802322,-4.199999809265137,-0.42000001668930054,-0.47547657200926885,descending,null
9,right,3475.096230769231,1790663832471,6.357956886291504,-2.464695453643799,0.30868515372276306,-0.07000000029802322,-4.199999809265137,-0.42000001668930054,-0.5039264197083583,descending,null
9,right,3475.1058461538464,1790663832471,7.214617729187012,-2.8140599727630615,0.35654330253601074,-0.07000000029802322,-4.199999809265137,-0.42000001668930054,-0.523465638579848,descending,null
9,right,3475.1154615384617,1790663832471,7.848738670349121,-3.041386127471924,0.44268798828125,-0.07000000029802322,-4.199999809265137,-0.42000001668930054,-0.5365091815856297,descending,null
9,right,3475.1250769230774,1790663832471,7.9779558181762695,-2.9839563369750977,0.5312256217002869,-0.07000000029802322,-4.199999809265137,-0.42000001668930054,-0.5485691669127076,descending,null
9,right,3475.1346923076926,1790663832471,7.918132781982422,-3.0389933586120605,0.6030128598213196,-0.07000000029802322,-4.199999809265137,-0.42000001668930054,-0.5609561799857153,descending,null
9,right,3475.144307692308,1790663832471,7.793701648712158,-3.364428758621216,0.6652284264564514,-0.07000000029802322,-4.199999809265137,-0.42000001668930054,-0.5733176709860525,descending,null
9,left,3370.936,1790663832511,7.236154079437256,1.612820029258728,0.14596739411354065,-0.3499999940395355,-0.699999988079071,0.07000000029802322,-0.5381517607300667,descending,null
9,left,3370.9456153846154,1790663832511,8.485252380371094,1.651106595993042,0.05264397710561752,-0.3499999940395355,-0.699999988079071,0.07000000029802322,-0.5491111629570099,descending,null
9,left,3370.955230769231,1790663832511,8.537896156311035,1.809038519859314,0.040679436177015305,-0.3499999940395355,-0.699999988079071,0.07000000029802322,-0.5592432122664386,descending,null
9,left,3370.9648461538463,1790663832511,8.521145820617676,2.1823322772979736,-0.0047858161851763725,-0.3499999940395355,-0.699999988079071,0.07000000029802322,-0.5687589006699456,descending,null
9,left,3370.9744615384616,1790663832511,9.157659530639648,2.28283429145813,-0.10528795421123505,-0.3499999940395355,-0.699999988079071,0.07000000029802322,-0.5721099592773393,descending,null
9,left,3370.9840769230773,1790663832511,9.514202117919922,2.0890088081359863,-0.13878867030143738,-0.3499999940395355,-0.699999988079071,0.07000000029802322,-0.5725247980429283,descending,null
9,left,3370.9936923076925,1790663832511,9.444808006286621,1.8903974294662476,-0.20818300545215607,-0.3499999940395355,-0.699999988079071,0.07000000029802322,-0.5740144207169908,descending,null
9,left,3371.0033076923078,1790663832511,8.698221206665039,1.6032484769821167,-0.25843408703804016,-0.3499999940395355,-0.699999988079071,0.07000000029802322,-0.5831070227419451,descending,null
9,right,3475.153,1790663832545,8.401500701904297,-3.1036016941070557,0.7561589479446411,1.6100000143051147,-2.799999952316284,1.5399999618530273,-0.5803544453709159,descending,null
9,right,3475.162615384615,1790663832545,8.152637481689453,-2.641770601272583,0.7968384027481079,1.6100000143051147,-2.799999952316284,1.5399999618530273,-0.5919447562245396,descending,null
9,right,3475.1722307692307,1790663832545,7.678842067718506,-2.479052782058716,0.806410014629364,1.6100000143051147,-2.799999952316284,1.5399999618530273,-0.608330659324873,descending,null
9,right,3475.181846153846,1790663832545,7.559196472167969,-2.234976053237915,0.8016242384910583,1.6100000143051147,-2.799999952316284,1.5399999618530273,-0.6266131041312101,descending,null
9,right,3475.191461538461,1790663832545,7.9707770347595215,-2.775773286819458,0.8375178575515747,1.6100000143051147,-2.799999952316284,1.5399999618530273,-0.6393232062404455,descending,null
9,right,3475.201076923077,1790663832545,8.119136810302734,-3.0509579181671143,0.8470894694328308,1.6100000143051147,-2.799999952316284,1.5399999618530273,-0.6497436872983333,descending,null
9,right,3475.210692307692,1790663832545,8.786758422851562,-3.0102784633636475,0.7370156645774841,1.6100000143051147,-2.799999952316284,1.5399999618530273,-0.654325099320094,descending,null
9,right,3475.2203076923074,1790663832545,8.851366996765137,-3.2687125205993652,0.7513731122016907,1.6100000143051147,-2.799999952316284,1.5399999618530273,-0.6574306994061594,descending,null
9,left,3371.015,1790663832572,8.549860954284668,1.6367491483688354,-0.24646952748298645,0.9100000262260437,-2.450000047683716,2.0299999713897705,-0.595747918432504,descending,null
9,left,3371.024615384615,1790663832572,8.93990421295166,2.431194543838501,-0.28714898228645325,0.9100000262260437,-2.450000047683716,2.0299999713897705,-0.6008336460150165,descending,null
9,left,3371.034230769231,1790663832572,9.571632385253906,2.6561279296875,-0.23929080367088318,0.9100000262260437,-2.450000047683716,2.0299999713897705,-0.5995046812461005,descending,null
9,left,3371.043846153846,1790663832572,9.73195743560791,2.3235137462615967,-0.19382555782794952,0.9100000262260437,-2.450000047683716,2.0299999713897705,-0.5973522411478792,descending,null
9,left,3371.0534615384613,1790663832572,9.961676597595215,2.261298179626465,-0.16750356554985046,0.9100000262260437,-2.450000047683716,2.0299999713897705,-0.593167009386903,descending,null
9,left,3371.063076923077,1790663832572,10.126787185668945,2.0890088081359863,-0.18903973698616028,0.9100000262260437,-2.450000047683716,2.0299999713897705,-0.5877898941367895,descending,null
9,left,3371.0726923076923,1790663832572,9.877924919128418,2.177546262741089,-0.1411815732717514,0.9100000262260437,-2.450000047683716,2.0299999713897705,-0.5845580396755267,descending,null
9,left,3371.0823076923075,1790663832572,9.935354232788086,2.2589051723480225,-0.09571632742881775,0.9100000262260437,-2.450000047683716,2.0299999713897705,-0.5806135447211117,descending,null
9,right,3475.228,1790663832619,9.29644775390625,-3.120352268218994,0.7729093432426453,3.7100000381469727,-1.1200000047683716,1.1200000047683716,-0.6571146267194964,descending,null
9,right,3475.2376153846153,1790663832619,9.8444242477417,-3.5462896823883057,0.7609447836875916,3.7100000381469727,-1.1200000047683716,1.1200000047683716,-0.6503390942077683,descending,null
9,right,3475.247230769231,1790663832619,9.358663558959961,-3.4194657802581787,0.6867645978927612,3.7100000381469727,-1.1200000047683716,1.1200000047683716,-0.6483754428686138,descending,null
9,right,3475.2568461538463,1790663832619,9.516595840454102,-3.3046059608459473,0.6771929860115051,3.7100000381469727,-1.1200000047683716,1.1200000047683716,-0.6453829051298863,descending,null
9,right,3475.2664615384615,1790663832619,9.700849533081055,-3.204103946685791,0.5527617931365967,3.7100000381469727,-1.1200000047683716,1.1200000047683716,-0.6411072968811364,descending,null
9,right,3475.276076923077,1790663832619,10.82312297821045,-3.316570520401001,0.3732936680316925,3.7100000381469727,-1.1200000047683716,1.1200000047683716,-0.6264078958938151,descending,null
9,right,3475.2856923076924,1790663832619,11.119843482971191,-3.716186285018921,0.27757734060287476,3.7100000381469727,-1.1200000047683716,1.1200000047683716,-0.6077175855169247,descending,null
9,right,3475.2953076923077,1790663832619,10.64126205444336,-3.6563634872436523,0.17707519233226776,3.7100000381469727,-1.1200000047683716,1.1200000047683716,-0.5935678515809215,descending,null
9,left,3371.094,1790663832663,9.729564666748047,1.876039981842041,-0.05742979422211647,2.380000114440918,-3.1500000953674316,0.3499999940395355,-0.5791214354464785,descending,null
9,left,3371.1036153846153,1790663832663,10.471365928649902,2.151224374771118,0.16271774470806122,2.380000114440918,-3.1500000953674316,0.3499999940395355,-0.5703524943573219,descending,null
9,left,3371.113230769231,1790663832663,10.808765411376953,2.28283429145813,0.32782840728759766,2.380000114440918,-3.1500000953674316,0.3499999940395355,-0.5581396852564464,descending,null
9,left,3371.1228461538462,1790663832663,10.368471145629883,2.0914015769958496,0.38525819778442383,2.380000114440918,-3.1500000953674316,0.3499999940395355,-0.5504516151329574,descending,null
9,left,3371.1324615384615,1790663832663,9.425664901733398,1.8999689817428589,0.36611494421958923,2.380000114440918,-3.1500000953674316,0.3499999940395355,-0.5520107818090035,descending,null
9,left,3371.142076923077,1790663832663,8.927940368652344,1.170132040977478,0.3038993179798126,2.380000114440918,-3.1500000953674316,0.3499999940395355,-0.5597153222613322,descending,null
9,left,3371.1516923076924,1790663832663,9.674527168273926,0.9571632146835327,0.2105759084224701,2.380000114440918,-3.1500000953674316,0.3499999940395355,-0.5608144830173758,descending,null
9,left,3371.1613076923077,1790663832663,10.52879524230957,1.2514909505844116,0.23689790070056915,2.380000114440918,-3.1500000953674316,0.3499999940395355,-0.5532766035285214,descending,null
9,right,3475.304,1790663832694,9.585989952087402,-3.2495691776275635,0.18664683401584625,3.7100000381469727,-2.450000047683716,0.49000000953674316,-0.5905966008424519,descending,null
9,right,3475.3136153846153,1790663832694,9.370628356933594,-2.7662017345428467,0.3134709596633911,3.7100000381469727,-2.450000047683716,0.49000000953674316,-0.5908188895768626,descending,null
9,right,3475.323230769231,1790663832694,10.093286514282227,-2.7709875106811523,0.4020085632801056,3.7100000381469727,-2.450000047683716,0.49000000953674316,-0.5844713581171781,descending,null
9,right,3475.3328461538463,1790663832694,11.028913497924805,-3.6491849422454834,0.36850783228874207,3.7100000381469727,-2.450000047683716,0.49000000953674316,-0.5667866836387078,descending,null
9,right,3475.3424615384615,1790663832694,11.24188232421875,-3.809509754180908,0.3517574965953827,3.7100000381469727,-2.450000047683716,0.49000000953674316,-0.5466608078985815,descending,null
9,right,3475.352076923077,1790663832694,10.90208911895752,-3.653970718383789,0.35893622040748596,3.7100000381469727,-2.450000047683716,0.49000000953674316,-0.5301159914568063,descending,null
9,right,3475.3616923076925,1790663832694,9.320377349853516,-3.1107804775238037,0.38765111565589905,3.7100000381469727,-2.450000047683716,0.49000000953674316,-0.5296317203678033,descending,null
9,right,3475.3713076923077,1790663832694,9.37541389465332,-2.4551236629486084,0.43550926446914673,3.7100000381469727,-2.450000047683716,0.49000000953674316,-0.5307478482783885,descending,null
9,left,3371.173,1790663832737,11.904717445373535,1.770751953125,0.29672059416770935,2.309999942779541,-0.9800000190734863,-2.1700000762939453,-0.5271154842704254,descending,null
9,left,3371.182615384615,1790663832737,11.383064270019531,1.8712540864944458,0.28714898228645325,2.309999942779541,-0.9800000190734863,-2.1700000762939453,-0.5103174768935873,descending,null
9,left,3371.1922307692307,1790663832737,10.186610221862793,1.3160994052886963,0.19621846079826355,2.309999942779541,-0.9800000190734863,-2.1700000762939453,-0.5058633056605351,descending,null
9,left,3371.201846153846,1790663832737,9.148087501525879,0.4929390549659729,0.1411815732717514,2.309999942779541,-0.9800000190734863,-2.1700000762939453,-0.5127617191022357,descending,null
9,left,3371.211461538461,1790663832737,9.56684684753418,0.8351249098777771,0.09810923039913177,2.309999942779541,-0.9800000190734863,-2.1700000762939453,-0.5150446682779278,descending,null
9,left,3371.221076923077,1790663832737,10.569475173950195,1.0074143409729004,0.011964540928602219,2.309999942779541,-0.9800000190734863,-2.1700000762939453,-0.5075432037533795,descending,null
9,left,3371.230692307692,1790663832737,10.7991943359375,1.6247845888137817,-0.06221561133861542,2.309999942779541,-0.9800000190734863,-2.1700000762939453,-0.49671281659059785,descending,null
9,left,3371.2403076923074,1790663832737,10.239253997802734,1.876039981842041,-0.055036887526512146,2.309999942779541,-0.9800000190734863,-2.1700000762939453,-0.49069208371919365,descending,null
9,right,3475.381,1790663832778,9.820494651794434,-2.6728782653808594,0.49054616689682007,3.640000104904175,-2.870000123977661,0.9100000262260437,-0.527075976247258,descending,null
9,right,3475.390615384615,1790663832778,10.124394416809082,-3.211282730102539,0.6054057478904724,3.640000104904175,-2.870000123977661,0.9100000262260437,-0.5189159803992848,descending,null
9,right,3475.400230769231,1790663832778,10.342148780822754,-3.2830698490142822,0.7059078812599182,3.640000104904175,-2.870000123977661,0.9100000262260437,-0.5085223254651393,descending,null
9,right,3475.409846153846,1790663832778,10.133965492248535,-3.61089825630188,0.6867645978927612,3.640000104904175,-2.870000123977661,0.9100000262260437,-0.4989752341975267,descending,null
9,right,3475.4194615384613,1790663832778,9.877924919128418,-3.7568657398223877,0.6293348073959351,3.640000104904175,-2.870000123977661,0.9100000262260437,-0.49129847200546944,descending,null
9,right,3475.429076923077,1790663832778,10.669977188110352,-4.178017616271973,0.540797233581543,3.640000104904175,-2.870000123977661,0.9100000262260437,-0.47512491632135234,descending,null
9,right,3475.4386923076922,1790663832778,11.380670547485352,-4.434058666229248,0.3732936680316925,3.640000104904175,-2.870000123977661,0.9100000262260437,-0.45175053842076035,descending,null
9,right,3475.4483076923075,1790663832778,11.13898754119873,-4.843245983123779,0.2536482512950897,3.640000104904175,-2.870000123977661,0.9100000262260437,-0.4292694202255597,descending,null
9,left,3371.253,1790663832814,10.409150123596191,1.7851094007492065,0.02632198855280876,1.8899999856948853,-2.1700000762939453,0.7699999809265137,-0.48084526352924706,descending,null
9,left,3371.2626153846154,1790663832814,11.129415512084961,1.809038519859314,0.15314611792564392,1.8899999856948853,-2.1700000762939453,0.7699999809265137,-0.4665392248345692,descending,null
9,left,3371.272230769231,1790663832814,11.713285446166992,1.8784328699111938,0.34936457872390747,1.8899999856948853,-2.1700000762939453,0.7699999809265137,-0.4465890972740524,descending,null
9,left,3371.2818461538463,1790663832814,11.150951385498047,1.974149227142334,0.48576033115386963,1.8899999856948853,-2.1700000762939453,0.7699999809265137,-0.43177240834763314,descending,null
9,left,3371.2914615384616,1790663832814,10.291897773742676,1.974149227142334,0.4235447347164154,1.8899999856948853,-2.1700000762939453,0.7699999809265137,-0.4250727556266983,descending,null
9,left,3371.3010769230773,1790663832814,10.150715827941895,1.7851094007492065,0.37568655610084534,1.8899999856948853,-2.1700000762939453,0.7699999809265137,-0.42004919117097406,descending,null
9,left,3371.3106923076925,1790663832814,11.134201049804688,2.0914015769958496,0.3541503846645355,1.8899999856948853,-2.1700000762939453,0.7699999809265137,-0.40519210555637103,descending,null
9,left,3371.320307692308,1790663832814,12.232545852661133,1.9813278913497925,0.3038993179798126,1.8899999856948853,-2.1700000762939453,0.7699999809265137,-0.38016722896312954,descending,null
9,right,3475.457,1790663832859,10.303862571716309,-4.115801811218262,0.15553902089595795,3.990000009536743,-2.799999952316284,1.3300000429153442,-0.41794126263126025,descending,null
9,right,3475.466615384615,1790663832859,10.193788528442383,-4.472345352172852,0.23450499773025513,3.990000009536743,-2.799999952316284,1.3300000429153442,-0.405204588653984,descending,null
9,right,3475.476230769231,1790663832859,10.909268379211426,-4.68770694732666,0.2512553632259369,3.990000009536743,-2.799999952316284,1.3300000429153442,-0.3852895924186747,descending,null
9,right,3475.485846153846,1790663832859,11.512280464172363,-4.517810344696045,0.32543548941612244,3.990000009536743,-2.799999952316284,1.3300000429153442,-0.3604811428903261,descending,null
9,right,3475.4954615384613,1790663832859,11.648676872253418,-4.694885730743408,0.44029510021209717,3.990000009536743,-2.799999952316284,1.3300000429153442,-0.3338258320940867,descending,null
9,right,3475.505076923077,1790663832859,11.13898754119873,-4.434058666229248,0.4809745252132416,3.990000009536743,-2.799999952316284,1.3300000429153442,-0.3126287719485736,descending,null
9,right,3475.5146923076923,1790663832859,10.748943328857422,-4.618312835693359,0.4450809061527252,3.990000009536743,-2.799999952316284,1.3300000429153442,-0.2943314524316787,descending,null
9,right,3475.5243076923075,1790663832859,10.715442657470703,-4.448416233062744,0.39961564540863037,3.990000009536743,-2.799999952316284,1.3300000429153442,-0.27692452480196617,descending,null
9,right,3475.532,1790663832934,10.973876953125,-4.685314178466797,0.40679436922073364,2.380000114440918,-2.799999952316284,0.7699999809265137,-0.2604944334124055,descending,null
9,right,3475.5416153846154,1790663832934,11.308883666992188,-4.623098373413086,0.3206496834754944,2.380000114440918,-2.799999952316284,0.7699999809265137,-0.23719085811418567,descending,null
9,right,3475.551230769231,1790663832934,10.533581733703613,-4.211518287658691,0.2536482512950897,2.380000114440918,-2.799999952316284,0.7699999809265137,-0.22228343780331758,descending,null
9,right,3475.5608461538463,1790663832934,10.28471851348877,-3.890868663787842,0.3421858549118042,2.380000114440918,-2.799999952316284,0.7699999809265137,-0.21069486143954066,descending,null
9,right,3475.5704615384616,1790663832934,9.758278846740723,-3.5797905921936035,0.45943835377693176,2.380000114440918,-2.799999952316284,0.7699999809265137,-0.20486780870498725,descending,null
9,right,3475.5800769230773,1790663832934,10.076536178588867,-3.7616515159606934,0.509689450263977,2.380000114440918,-2.799999952316284,0.7699999809265137,-0.19554764801013444,descending,null
9,right,3475.5896923076925,1790663832934,10.172252655029297,-3.723365068435669,0.569512128829956,2.380000114440918,-2.799999952316284,0.7699999809265137,-0.18548297674311917,descending,null
9,right,3475.599307692308,1790663832934,10.579046249389648,-3.9794061183929443,0.5838695764541626,2.380000114440918,-2.799999952316284,0.7699999809265137,-0.17088974616309519,descending,null
9,left,3371.333,1790663832947,12.079400062561035,2.1464385986328125,0.19621846079826355,1.3300000429153442,-1.190000057220459,-2.0299999713897705,-0.34868657614941434,descending,null
9,left,3371.3426153846153,1790663832947,11.457243919372559,2.148831367492676,0.17468228936195374,1.3300000429153442,-1.190000057220459,-2.0299999713897705,-0.330723870089633,descending,null
9,left,3371.352230769231,1790663832947,11.256239891052246,2.14404559135437,0.2225404530763626,1.3300000429153442,-1.190000057220459,-2.0299999713897705,-0.3146706697038572,descending,null
9,left,3371.3618461538463,1790663832947,11.59842586517334,2.3498356342315674,0.2823631465435028,1.3300000429153442,-1.190000057220459,-2.0299999713897705,-0.29501742151894816,descending,null
9,left,3371.3714615384615,1790663832947,11.799429893493652,2.1392598152160645,0.3302213251590729,1.3300000429153442,-1.190000057220459,-2.0299999713897705,-0.27384519529480233,descending,null
9,left,3371.381076923077,1790663832947,11.871216773986816,2.0602939128875732,0.4259376525878906,1.3300000429153442,-1.190000057220459,-2.0299999713897705,-0.2521304339535889,descending,null
9,left,3371.3906923076925,1790663832947,10.90208911895752,1.5410327911376953,0.38525819778442383,1.3300000429153442,-1.190000057220459,-2.0299999713897705,-0.24050204995181496,descending,null
9,left,3371.4003076923077,1790663832947,10.99780559539795,1.830574631690979,0.24646952748298645,1.3300000429153442,-1.190000057220459,-2.0299999713897705,-0.22747975797644265,descending,null
9,left,3371.412,1790663832977,10.45940113067627,1.2490980625152588,0.2105759084224701,0.9800000190734863,-3.009999990463257,2.5199999809265137,-0.2190660313618249,descending,null
9,left,3371.421615384615,1790663832977,10.792015075683594,1.4213874340057373,0.08853759616613388,0.9800000190734863,-3.009999990463257,2.5199999809265137,-0.208713388859565,descending,null
9,left,3371.4312307692308,1790663832977,11.069592475891113,1.6917860507965088,0.0502510704100132,0.9800000190734863,-3.009999990463257,2.5199999809265137,-0.19527675868688116,descending,null
9,left,3371.440846153846,1790663832977,11.002591133117676,1.6056413650512695,0.023929081857204437,0.9800000190734863,-3.009999990463257,2.5199999809265137,-0.18262097753532602,descending,null
9,left,3371.4504615384612,1790663832977,10.483330726623535,1.6415349245071411,0.0023929080925881863,0.9800000190734863,-3.009999990463257,2.5199999809265137,-0.17482307403980518,descending,null
9,left,3371.460076923077,1790663832977,10.162680625915527,1.5410327911376953,0.007178724277764559,0.9800000190734863,-3.009999990463257,2.5199999809265137,-0.1702246063809212,descending,null
9,left,3371.469692307692,1790663832977,9.619490623474121,1.1174880266189575,0.0047858161851763725,0.9800000190734863,-3.009999990463257,2.5199999809265137,-0.17145194229325716,descending,null
9,left,3371.4793076923074,1790663832977,9.664956092834473,1.0600582361221313,0,0.9800000190734863,-3.009999990463257,2.5199999809265137,-0.17232765574419512,descending,null
9,right,3475.608,1790663833009,10.248825073242188,-3.886082649230957,0.6293348073959351,1.75,-1.9600000381469727,0.5600000023841858,-0.1606561292683489,descending,null
9,right,3475.6176153846154,1790663833009,9.837244987487793,-3.618077039718628,0.5766908526420593,1.75,-1.9600000381469727,0.5600000023841858,-0.15396581495995385,descending,null
9,right,3475.627230769231,1790663833009,9.57402515411377,-3.527146577835083,0.5551546812057495,1.75,-1.9600000381469727,0.5600000023841858,-0.1499570716099096,descending,null
9,right,3475.6368461538464,1790663833009,9.36584186553955,-3.486467123031616,0.5766908526420593,1.75,-1.9600000381469727,0.5600000023841858,-0.14794851399566725,descending,null
9,right,3475.6464615384616,1790663833009,9.325162887573242,-3.275891065597534,0.5838695764541626,1.75,-1.9600000381469727,0.5600000023841858,-0.14701565880314976,descending,null
9,right,3475.6560769230773,1790663833009,9.246196746826172,-3.47210955619812,0.540797233581543,1.75,-1.9600000381469727,0.5600000023841858,-0.1461415243603984,descending,null
9,right,3475.6656923076926,1790663833009,8.87051010131836,-3.400322437286377,0.5599405169487,1.75,-1.9600000381469727,0.5600000023841858,-0.14887732078955912,descending,null
9,right,3475.675307692308,1790663833009,9.39934253692627,-3.5103962421417236,0.44747382402420044,1.75,-1.9600000381469727,0.5600000023841858,-0.14653084341963696,descending,null
9,left,3371.491,1790663833052,9.535738945007324,1.2706341743469238,0.047858163714408875,-0.3499999940395355,-3.0799999237060547,0.49000000953674316,-0.17446102286958673,descending,null
9,left,3371.5006153846152,1790663833052,9.203125,1.3639576435089111,0.08853759616613388,-0.3499999940395355,-3.0799999237060547,0.49000000953674316,-0.1792170403456813,descending,null
9,left,3371.510230769231,1790663833052,9.66016960144043,1.4955675601959229,0.12682412564754486,-0.3499999940395355,-3.0799999237060547,0.49000000953674316,-0.17942829396100093,descending,null
9,left,3371.519846153846,1790663833052,10.337363243103027,1.7635732889175415,0.24407662451267242,-0.3499999940395355,-3.0799999237060547,0.49000000953674316,-0.1727937293910895,descending,null
9,left,3371.5294615384614,1790663833052,10.519224166870117,1.3424214124679565,0.3326142132282257,-0.3499999940395355,-3.0799999237060547,0.49000000953674316,-0.1650725254336282,descending,null
9,left,3371.539076923077,1790663833052,10.492901802062988,1.4213874340057373,0.4044014811515808,-0.3499999940395355,-3.0799999237060547,0.49000000953674316,-0.1574739004810558,descending,null
9,left,3371.5486923076924,1790663833052,10.397185325622559,1.299349069595337,0.4761887192726135,-0.3499999940395355,-3.0799999237060547,0.49000000953674316,-0.1509598202841333,descending,null
9,left,3371.5583076923076,1790663833052,10.27754020690918,1.2730270624160767,0.5503688454627991,-0.3499999940395355,-3.0799999237060547,0.49000000953674316,-0.14561090799685708,descending,null
9,right,3475.684,1790663833084,10.160287857055664,-3.675506830215454,0.3804723918437958,1.0499999523162842,-0.8400000333786011,0.42000001668930054,-0.1377456068877062,descending,null
9,right,3475.6936153846154,1790663833084,10.717835426330566,-3.759258508682251,0.28714898228645325,1.0499999523162842,-0.8400000333786011,0.42000001668930054,-0.12276854225559557,descending,null
9,right,3475.703230769231,1790663833084,10.926018714904785,-3.218461275100708,0.21775463223457336,1.0499999523162842,-0.8400000333786011,0.42000001668930054,-0.10775537800039864,descending,null
9,right,3475.7128461538464,1790663833084,11.000198364257812,-3.500824451446533,0.1507532149553299,1.0499999523162842,-0.8400000333786011,0.42000001668930054,-0.09115192466214485,descending,null
9,right,3475.7224615384616,1790663833084,10.593403816223145,-3.8382246494293213,0.0909305065870285,1.0499999523162842,-0.8400000333786011,0.42000001668930054,-0.07711340282362757,descending,null
9,right,3475.7320769230773,1790663833084,10.311040878295898,-3.8047239780426025,0.03828652948141098,1.0499999523162842,-0.8400000333786011,0.42000001668930054,-0.06575046911245723,descending,null
9,right,3475.7416923076926,1790663833084,10.232074737548828,-3.42903733253479,0.08135887235403061,1.0499999523162842,-0.8400000333786011,0.42000001668930054,-0.05633432302163945,descending,null
9,right,3475.751307692308,1790663833084,10.480937004089355,-3.5295393466949463,0.11964540183544159,1.0499999523162842,-0.8400000333786011,0.42000001668930054,-0.044327233409821545,descending,null
9,right,3475.76,1790663833160,10.701085090637207,-3.7329366207122803,0.15314611792564392,0.42000001668930054,-1.9600000381469727,0.8400000333786011,-0.031060997364559407,descending,null
9,right,3475.7696153846155,1790663833160,10.399578094482422,-3.8477962017059326,0.17946811020374298,0.42000001668930054,-1.9600000381469727,0.8400000333786011,-0.018722472725980908,resting,null
9,right,3475.779230769231,1790663833160,9.949711799621582,-3.9817991256713867,0.2321120798587799,0.42000001668930054,-1.9600000381469727,0.8400000333786011,-0.009982609910606116,resting,null
9,right,3475.7888461538464,1790663833160,12.297154426574707,-4.577633380889893,0.339792937040329,0.42000001668930054,-1.9600000381469727,0.8400000333786011,0.021921943974784638,resting,null
9,right,3475.7984615384617,1790663833160,14.493844032287598,-4.891104221343994,0.4761887192726135,0.42000001668930054,-1.9600000381469727,0.8400000333786011,0.07468898178024706,resting,null
9,right,3475.8080769230774,1790663833160,14.943711280822754,-4.871960639953613,0.6389064788818359,0.42000001668930054,-1.9600000381469727,0.8400000333786011,0.13146485794649093,resting,null
9,right,3475.8176923076926,1790663833160,14.235410690307617,-5.285933971405029,0.7705163955688477,0.42000001668930054,-1.9600000381469727,0.8400000333786011,0.18324335299237787,resting,null
9,right,3475.827307692308,1790663833160,14.249767303466797,-5.57308292388916,0.8542681932449341,0.42000001668930054,-1.9600000381469727,0.8400000333786011,0.23610434898310056,resting,null
9,left,3371.57,1790663833187,10.344541549682617,1.8640754222869873,0.6030128598213196,-1.190000057220459,-2.1700000762939453,0.6299999952316284,-0.13724808773573965,descending,null
9,left,3371.5796153846154,1790663833187,10.598190307617188,1.5003533363342285,0.509689450263977,-1.190000057220459,-2.1700000762939453,0.6299999952316284,-0.1285180401090418,descending,null
9,left,3371.589230769231,1790663833187,10.870981216430664,1.651106595993042,0.46661707758903503,-1.190000057220459,-2.1700000762939453,0.6299999952316284,-0.11697918028284576,descending,null
9,left,3371.5988461538464,1790663833187,11.098307609558105,1.8257888555526733,0.45943835377693176,-1.190000057220459,-2.1700000762939453,0.6299999952316284,-0.10302517802154654,descending,null
9,left,3371.6084615384616,1790663833187,9.57402515411377,1.5338541269302368,0.42833054065704346,-1.190000057220459,-2.1700000762939453,0.6299999952316284,-0.10398543833476788,descending,null
9,left,3371.6180769230773,1790663833187,11.921467781066895,1.9765421152114868,0.44029510021209717,-1.190000057220459,-2.1700000762939453,0.6299999952316284,-0.08199576077447332,descending,null
9,left,3371.6276923076925,1790663833187,14.668526649475098,1.4405306577682495,0.44268798828125,-1.190000057220459,-2.1700000762939453,0.6299999952316284,-0.03474312248020926,descending,null
9,left,3371.637307692308,1790663833187,15.59936809539795,1.8162171840667725,0.24886244535446167,-1.190000057220459,-2.1700000762939453,0.6299999952316284,0.021855105068893942,resting,null
9,left,3371.649,1790663833217,14.737920761108398,2.577162027359009,0.07178724557161331,-2.5899999141693115,0.7699999809265137,0.6299999952316284,0.08204516694666386,resting,null
9,left,3371.658615384615,1790663833217,14.797743797302246,2.043543577194214,-0.009571632370352745,-2.5899999141693115,0.7699999809265137,0.6299999952316284,0.13127775533449934,resting,null
9,left,3371.668230769231,1790663833217,15.20932388305664,2.648949146270752,0.014357448555529118,-2.5899999141693115,0.7699999809265137,0.6299999952316284,0.18530046268358383,resting,null
9,left,3371.677846153846,1790663833217,15.702262878417969,2.605876922607422,0.040679436177015305,-2.5899999141693115,0.7699999809265137,0.6299999952316284,0.24391603103332837,resting,null
9,left,3371.6874615384613,1790663833217,14.819279670715332,2.1105449199676514,0.10289505124092102,-2.5899999141693115,0.7699999809265137,0.6299999952316284,0.29339282118152593,ascending,6
9,left,3371.697076923077,1790663833217,14.146872520446777,2.2397620677948,0.14836029708385468,-2.5899999141693115,0.7699999809265137,0.6299999952316284,0.3366621718535149,ascending,6
9,left,3371.7066923076923,1790663833217,12.833166122436523,1.945434331893921,0.22014755010604858,-2.5899999141693115,0.7699999809265137,0.6299999952316284,0.3670130216533933,ascending,6
9,left,3371.7163076923075,1790663833217,12.57951831817627,2.782952070236206,0.27997025847435,-2.5899999141693115,0.7699999809265137,0.6299999952316284,0.39619613163955286,ascending,6
9,right,3475.836,1790663833234,14.737920761108398,-5.613762378692627,0.8686256408691406,0,-2.0999999046325684,0.9100000262260437,0.28797164975267275,ascending,6
9,right,3475.845615384615,1790663833234,14.989176750183105,-5.113644599914551,0.8734114766120911,0,-2.0999999046325684,0.9100000262260437,0.34591615545051635,ascending,6
9,right,3475.8552307692307,1790663833234,14.434021949768066,-5.321827411651611,0.7824809551239014,0,-2.0999999046325684,0.9100000262260437,0.3994997304590048,ascending,6
9,right,3475.864846153846,1790663833234,13.775971412658691,-4.792994976043701,0.6867645978927612,0,-2.0999999046325684,0.9100000262260437,0.4453388330443474,ascending,6
9,right,3475.874461538461,1790663833234,12.849916458129883,-5.046643257141113,0.5168681740760803,0,-2.0999999046325684,0.9100000262260437,0.48361544954901453,ascending,6
9,right,3475.884076923077,1790663833234,12.093757629394531,-5.410365104675293,0.4833674430847168,0,-2.0999999046325684,0.9100000262260437,0.5162678037115928,ascending,6
9,right,3475.893692307692,1790663833234,12.132043838500977,-4.94853401184082,0.4235447347164154,0,-2.0999999046325684,0.9100000262260437,0.5476926774552912,ascending,6
9,right,3475.9033076923074,1790663833234,11.95257568359375,-5.183038711547852,0.4522596299648285,0,-2.0999999046325684,0.9100000262260437,0.5782768215103544,ascending,6
9,left,3371.728,1790663833292,11.758749961853027,2.038757801055908,0.24886244535446167,-3.2200000286102295,-3.7799999713897705,2.799999952316284,0.4208401509389821,ascending,6
9,left,3371.7376153846153,1790663833292,12.670448303222656,2.2397620677948,0.2225404530763626,-3.2200000286102295,-3.7799999713897705,2.799999952316284,0.4500464273696964,ascending,6
9,left,3371.747230769231,1790663833292,13.134672164916992,2.057900905609131,0.22493335604667664,-3.2200000286102295,-3.7799999713897705,2.799999952316284,0.483373163769208,ascending,6
9,left,3371.7568461538463,1790663833292,13.103564262390137,1.3974583148956299,0.10768086463212967,-3.2200000286102295,-3.7799999713897705,2.799999952316284,0.5153878358850188,ascending,6
9,left,3371.7664615384615,1790663833292,11.761143684387207,2.809274196624756,0.10528795421123505,-3.2200000286102295,-3.7799999713897705,2.799999952316284,0.5367572072344836,ascending,6
9,left,3371.776076923077,1790663833292,11.639104843139648,2.0842230319976807,0.09571632742881775,-3.2200000286102295,-3.7799999713897705,2.799999952316284,0.5558711815878201,ascending,6
9,left,3371.7856923076924,1790663833292,11.373492240905762,1.5649619102478027,0.12203831225633621,-3.2200000286102295,-3.7799999713897705,2.799999952316284,0.5716782493038001,ascending,6
9,left,3371.7953076923077,1790663833292,11.677391052246094,1.7827165126800537,0.1316099464893341,-3.2200000286102295,-3.7799999713897705,2.799999952316284,0.5906897431877652,ascending,6
9,right,3475.912,1790663833309,13.053313255310059,-4.388593673706055,0.5575475692749023,-2.380000114440918,-2.5899999141693115,-0.42000001668930054,0.6124988165680622,ascending,6
9,right,3475.921615384615,1790663833309,12.706341743469238,-4.64463472366333,0.5862624645233154,-2.380000114440918,-2.5899999141693115,-0.42000001668930054,0.6480723395112411,ascending,6
9,right,3475.9312307692308,1790663833309,12.139223098754883,-4.4795241355896,0.6245490312576294,-2.380000114440918,-2.5899999141693115,-0.42000001668930054,0.6779755932055072,ascending,6
9,right,3475.940846153846,1790663833309,11.299311637878418,-4.582418918609619,0.6412993669509888,-2.380000114440918,-2.5899999141693115,-0.42000001668930054,0.7006509660934741,ascending,6
9,right,3475.9504615384612,1790663833309,10.892518043518066,-4.915033340454102,0.5455830693244934,-2.380000114440918,-2.5899999141693115,-0.42000001668930054,0.7207570553521905,ascending,6
9,right,3475.960076923077,1790663833309,11.52663803100586,-4.029657363891602,0.5479759573936462,-2.380000114440918,-2.5899999141693115,-0.42000001668930054,0.7435857304924713,ascending,6
9,right,3475.969692307692,1790663833309,11.234703063964844,-4.173231601715088,0.5671192407608032,-2.380000114440918,-2.5899999141693115,-0.42000001668930054,0.7642632346759471,ascending,6
9,right,3475.9793076923074,1790663833309,11.50270938873291,-4.362271308898926,0.4929390549659729,-2.380000114440918,-2.5899999141693115,-0.42000001668930054,0.7879610144910123,ascending,6
9,left,3371.808,1790663833368,11.100700378417969,1.0648441314697266,0.16271774470806122,-3.8499999046325684,-1.3300000429153442,-1.399999976158142,0.6071692555887557,ascending,6
9,left,3371.8176153846152,1790663833368,11.59603214263916,2.1751534938812256,0.10768086463212967,-3.8499999046325684,-1.3300000429153442,-1.399999976158142,0.6259655760120261,ascending,6
9,left,3371.827230769231,1790663833368,10.619726181030273,1.8880045413970947,0.12443122267723083,-3.8499999046325684,-1.3300000429153442,-1.399999976158142,0.6350652246848036,ascending,6
9,left,3371.836846153846,1790663833368,10.344541549682617,2.172760486602783,0.12443122267723083,-3.8499999046325684,-1.3300000429153442,-1.399999976158142,0.6419835023388912,ascending,6
9,left,3371.8464615384614,1790663833368,10.236861228942871,1.4692455530166626,0.0047858161851763725,-3.8499999046325684,-1.3300000429153442,-1.399999976158142,0.646803000036843,ascending,6
9,left,3371.856076923077,1790663833368,10.478544235229492,1.043307900428772,-0.09810923039913177,-3.8499999046325684,-1.3300000429153442,-1.399999976158142,0.6532751956891002,ascending,6
9,left,3371.8656923076924,1790663833368,10.236861228942871,1.6678569316864014,-0.10289505124092102,-3.8499999046325684,-1.3300000429153442,-1.399999976158142,0.6583804478590279,ascending,6
9,left,3371.8753076923076,1790663833368,10.421114921569824,2.024400234222412,-0.19621846079826355,-3.8499999046325684,-1.3300000429153442,-1.399999976158142,0.6657660619052301,ascending,6
9,right,3475.988,1790663833400,10.399578094482422,-4.446023464202881,0.4546525478363037,-3.0799999237060547,-3.640000104904175,1.75,0.8006508228866273,ascending,6
9,right,3475.997615384615,1790663833400,10.904481887817383,-5.00835657119751,0.4809745252132416,-3.0799999237060547,-3.640000104904175,1.75,0.8211440434696957,ascending,6
9,right,3476.007230769231,1790663833400,9.911425590515137,-4.005728244781494,0.5742979645729065,-3.0799999237060547,-3.640000104904175,1.75,0.8293263811342227,ascending,6
9,right,3476.016846153846,1790663833400,10.579046249389648,-3.6085054874420166,0.6245490312576294,-3.0799999237060547,-3.640000104904175,1.75,0.8421670408837877,ascending,6
9,right,3476.0264615384613,1790663833400,10.203360557556152,-3.5726118087768555,0.746587336063385,-3.0799999237060547,-3.640000104904175,1.75,0.8515375386499933,ascending,6
9,right,3476.036076923077,1790663833400,10.196181297302246,-3.603719472885132,0.765730619430542,-3.0799999237060547,-3.640000104904175,1.75,0.8609525319574427,ascending,6
9,right,3476.045692307692,1790663833400,9.751100540161133,-3.9171905517578125,0.7992312908172607,-3.0799999237060547,-3.640000104904175,1.75,0.8674379641166962,ascending,6
9,right,3476.0553076923075,1790663833400,10.00953483581543,-4.000942230224609,0.825553297996521,-3.0799999237060547,-3.640000104904175,1.75,0.8765384728310869,ascending,6
9,left,3371.887,1790663833502,9.861174583435059,1.9310768842697144,-0.2105759084224701,-5.740000247955322,-1.0499999523162842,3.7799999713897705,0.668114879637953,ascending,6
9,left,3371.8966153846154,1790663833502,10.27754020690918,1.4309589862823486,-0.24886244535446167,-5.740000247955322,-1.0499999523162842,3.7799999713897705,0.673243687289972,ascending,6
9,left,3371.906230769231,1790663833502,9.657776832580566,1.49317467212677,-0.21775463223457336,-5.740000247955322,-1.0499999523162842,3.7799999713897705,0.6725851160640627,ascending,6
9,left,3371.9158461538464,1790663833502,9.978426933288574,1.897576093673706,-0.29672059416770935,-5.740000247955322,-1.0499999523162842,3.7799999713897705,0.6755778206468372,ascending,6
9,left,3371.9254615384616,1790663833502,10.004748344421387,2.3833365440368652,-0.28714898228645325,-5.740000247955322,-1.0499999523162842,3.7799999713897705,0.679556934107593,ascending,6
9,left,3371.9350769230773,1790663833502,9.449594497680664,1.6032484769821167,-0.382865309715271,-5.740000247955322,-1.0499999523162842,3.7799999713897705,0.6770920316960596,ascending,6
9,left,3371.9446923076925,1790663833502,9.174409866333008,1.7587873935699463,-0.363722026348114,-5.740000247955322,-1.0499999523162842,3.7799999713897705,0.672255489786292,ascending,6
9,left,3371.954307692308,1790663833502,9.346698760986328,1.7851094007492065,-0.3732936680316925,-5.740000247955322,-1.0499999523162842,3.7799999713897705,0.6691015093568337,ascending,6
9,right,3476.063,1790663833519,9.664956092834473,-3.4673237800598145,0.8423036336898804,-4.409999847412109,-3.5,-0.14000000059604645,0.8798917012213292,ascending,6
9,right,3476.0726153846153,1790663833519,10.098072052001953,-3.287855625152588,0.8925547003746033,-4.409999847412109,-3.5,-0.14000000059604645,0.8873825323367828,ascending,6
9,right,3476.082230769231,1790663833519,10.00953483581543,-3.7544727325439453,0.9428057670593262,-4.409999847412109,-3.5,-0.14000000059604645,0.8956744135499812,ascending,6
9,right,3476.0918461538463,1790663833519,10.052606582641602,-3.7975451946258545,0.8758043646812439,-4.409999847412109,-3.5,-0.14000000059604645,0.9044792010437132,ascending,6
9,right,3476.1014615384615,1790663833519,9.719992637634277,-3.661149263381958,0.9332341551780701,-4.409999847412109,-3.5,-0.14000000059604645,0.9098475651304184,ascending,6
9,right,3476.1110769230772,1790663833519,9.310805320739746,-3.3763933181762695,0.9619490504264832,-4.409999847412109,-3.5,-0.14000000059604645,0.9105820256094221,ascending,6
9,right,3476.1206923076925,1790663833519,9.435236930847168,-3.239997625350952,0.9810923337936401,-4.409999847412109,-3.5,-0.14000000059604645,0.9119826374170986,ascending,6
9,right,3476.1303076923077,1790663833519,9.853995323181152,-3.3476784229278564,0.9858781099319458,-4.409999847412109,-3.5,-0.14000000059604645,0.917518020164139,ascending,6
9,left,3371.966,1790663833532,9.334734916687012,1.404637098312378,-0.37568655610084534,-5.53000020980835,0.21000000834465027,-3.7100000381469727,0.6644363814025757,ascending,6
9,left,3371.975615384615,1790663833532,9.64341926574707,2.907383441925049,-0.3709007501602173,-5.53000020980835,0.21000000834465027,-3.7100000381469727,0.6658413448711898,ascending,6
9,left,3371.985230769231,1790663833532,9.535738945007324,1.6630711555480957,-0.31586387753486633,-5.53000020980835,0.21000000834465027,-3.7100000381469727,0.6643108979027453,ascending,6
9,left,3371.994846153846,1790663833532,9.155266761779785,2.359407424926758,-0.25604116916656494,-5.53000020980835,0.21000000834465027,-3.7100000381469727,0.6602692195333514,ascending,6
9,left,3372.0044615384613,1790663833532,8.746079444885254,1.8640754222869873,-0.23689790070056915,-5.53000020980835,0.21000000834465027,-3.7100000381469727,0.6515791097832918,ascending,6
9,left,3372.014076923077,1790663833532,8.94947624206543,1.7516087293624878,-0.22732627391815186,-5.53000020980835,0.21000000834465027,-3.7100000381469727,0.6446465937081951,ascending,6
9,left,3372.0236923076923,1790663833532,9.066728591918945,1.8568966388702393,-0.13639576733112335,-5.53000020980835,0.21000000834465027,-3.7100000381469727,0.6389992039983069,ascending,6
9,left,3372.0333076923075,1790663833532,9.451987266540527,2.2182257175445557,-0.16271774470806122,-5.53000020980835,0.21000000834465027,-3.7100000381469727,0.6376100624406312,ascending,6
9,right,3476.139,1790663833535,9.830066680908203,-3.603719472885132,0.9978426694869995,-4.409999847412109,-3.9200000762939453,0.49000000953674316,0.9231130197414821,ascending,6
9,right,3476.1486153846154,1790663833535,9.877924919128418,-3.563040256500244,0.9093050956726074,-4.409999847412109,-3.9200000762939453,0.49000000953674316,0.9295670829776532,ascending,6
9,right,3476.158230769231,1790663833535,9.727170944213867,-3.723365068435669,0.8781972527503967,-4.409999847412109,-3.9200000762939453,0.49000000953674316,0.93519612157998,ascending,6
9,right,3476.1678461538463,1790663833535,9.317984580993652,-3.400322437286377,0.806410014629364,-4.409999847412109,-3.9200000762939453,0.49000000953674316,0.9360310015390791,ascending,6
9,right,3476.1774615384616,1790663833535,9.911425590515137,-2.739879846572876,0.7681235074996948,-4.409999847412109,-3.9200000762939453,0.49000000953674316,0.9399719918042455,ascending,6
9,right,3476.1870769230773,1790663833535,9.729564666748047,-3.730543613433838,0.7154794931411743,-4.409999847412109,-3.9200000762939453,0.49000000953674316,0.9455910280238072,ascending,6
9,right,3476.1966923076925,1790663833535,9.686491966247559,-3.9937636852264404,0.7561589479446411,-4.409999847412109,-3.9200000762939453,0.49000000953674316,0.9517240538775568,ascending,6
9,right,3476.2063076923077,1790663833535,10.203360557556152,-3.5438969135284424,0.7800880670547485,-4.409999847412109,-3.9200000762939453,0.49000000953674316,0.9609939853932272,ascending,6
9,left,3372.046,1790663833606,9.361056327819824,1.4572809934616089,-0.19861137866973877,-5.25,2.0299999713897705,1.5399999618530273,0.632982407737775,ascending,6
9,left,3372.055615384615,1790663833606,8.999727249145508,2.141652822494507,-0.11964540183544159,-5.25,2.0299999713897705,1.5399999618530273,0.6271824697059086,ascending,6
9,left,3372.0652307692308,1790663833606,8.638398170471191,1.3902796506881714,-0.14596739411354065,-5.25,2.0299999713897705,1.5399999618530273,0.6167241475294308,ascending,6
9,left,3372.074846153846,1790663833606,8.796330451965332,1.9430413246154785,-0.15314611792564392,-5.25,2.0299999713897705,1.5399999618530273,0.6086800591640563,ascending,6
9,left,3372.0844615384613,1790663833606,9.121766090393066,2.3522286415100098,-0.035893622785806656,-5.25,2.0299999713897705,1.5399999618530273,0.6044012140273303,ascending,6
9,left,3372.094076923077,1790663833606,9.538131713867188,2.1320810317993164,0,-5.25,2.0299999713897705,1.5399999618530273,0.6037015480828216,ascending,6
9,left,3372.103692307692,1790663833606,9.172017097473145,1.5793193578720093,0.035893622785806656,-5.25,2.0299999713897705,1.5399999618530273,0.5986054632355268,ascending,6
9,left,3372.1133076923074,1790663833606,8.435001373291016,1.619998812675476,0.08375178277492523,-5.25,2.0299999713897705,1.5399999618530273,0.5866062078482089,ascending,6
9,right,3476.216,1790663833609,9.952104568481445,-4.048800468444824,0.708300769329071,-4.199999809265137,-5.809999942779541,1.0499999523162842,0.9697498161451068,ascending,6
9,right,3476.225615384615,1790663833609,9.492666244506836,-2.900204658508301,0.758551836013794,-4.199999809265137,-5.809999942779541,1.0499999523162842,0.9704412244700463,ascending,6
9,right,3476.235230769231,1790663833609,9.428057670593262,-3.5391111373901367,0.6987291574478149,-4.199999809265137,-5.809999942779541,1.0499999523162842,0.9726851418722725,ascending,6
9,right,3476.244846153846,1790663833609,9.198338508605957,-3.7137932777404785,0.7011220455169678,-4.199999809265137,-5.809999942779541,1.0499999523162842,0.9734543983813441,ascending,6
9,right,3476.2544615384613,1790663833609,9.753493309020996,-3.905225992202759,0.6317277550697327,-4.199999809265137,-5.809999942779541,1.0499999523162842,0.9798405794663541,ascending,6
9,right,3476.264076923077,1790663833609,9.7391357421875,-3.792759418487549,0.569512128829956,-4.199999809265137,-5.809999942779541,1.0499999523162842,0.9856934205429788,ascending,6
9,right,3476.2736923076923,1790663833609,9.396949768066406,-3.4338231086730957,0.4929390549659729,-4.199999809265137,-5.809999942779541,1.0499999523162842,0.9872244026933648,ascending,6
9,right,3476.2833076923075,1790663833609,9.248589515686035,-3.2088897228240967,0.44986671209335327,-4.199999809265137,-5.809999942779541,1.0499999523162842,0.9866470381032136,ascending,6
9,right,3476.292,1790663833684,9.27969741821289,-3.2998201847076416,0.461831271648407,-4.900000095367432,-7.630000114440918,0.2800000011920929,0.9866608139688801,ascending,6
9,right,3476.301615384615,1790663833684,9.83485221862793,-4.02008581161499,0.4714028835296631,-4.900000095367432,-7.630000114440918,0.2800000011920929,0.9941035132629816,ascending,6
9,right,3476.311230769231,1790663833684,10.033463478088379,-3.991370677947998,0.48576033115386963,-4.900000095367432,-7.630000114440918,0.2800000011920929,1.0032373781803157,ascending,6
9,right,3476.320846153846,1790663833684,9.794173240661621,-3.795152187347412,0.41636601090431213,-4.900000095367432,-7.630000114440918,0.2800000011920929,1.00952906319685,ascending,6
9,right,3476.3304615384613,1790663833684,9.059550285339355,-3.385964870452881,0.44268798828125,-4.900000095367432,-7.630000114440918,0.2800000011920929,1.0078335052290108,ascending,6
9,right,3476.340076923077,1790663833684,9.581204414367676,-3.555861473083496,0.4522596299648285,-4.900000095367432,-7.630000114440918,0.2800000011920929,1.011405893179848,ascending,6
9,right,3476.3496923076923,1790663833684,9.2725191116333,-3.414679765701294,0.48576033115386963,-4.900000095367432,-7.630000114440918,0.2800000011920929,1.011733636378103,ascending,6
9,right,3476.3593076923075,1790663833684,9.679313659667969,-3.8693323135375977,0.44268798828125,-4.900000095367432,-7.630000114440918,0.2800000011920929,1.0172491619743462,ascending,6
9,left,3372.125,1790663833741,8.820259094238281,1.6965718269348145,0.08135887235403061,-5.179999828338623,3.640000104904175,0.7699999809265137,0.576617132099011,ascending,6
9,left,3372.1346153846152,1790663833741,9.150480270385742,1.8808257579803467,0.14357449114322662,-5.179999828338623,3.640000104904175,0.7699999809265137,0.5718475127210954,ascending,6
9,left,3372.144230769231,1790663833741,9.54052448272705,2.5340895652770996,0.11485958844423294,-5.179999828338623,3.640000104904175,0.7699999809265137,0.5719001267785431,ascending,6
9,left,3372.153846153846,1790663833741,9.39934253692627,1.05048668384552,0.18664683401584625,-5.179999828338623,3.640000104904175,0.7699999809265137,0.5680714735325821,ascending,6
9,left,3372.1634615384614,1790663833741,9.049978256225586,1.9717562198638916,0.16511066257953644,-5.179999828338623,3.640000104904175,0.7699999809265137,0.5625202996503413,ascending,6
9,left,3372.173076923077,1790663833741,8.884867668151855,1.2634555101394653,0.10528795421123505,-5.179999828338623,3.640000104904175,0.7699999809265137,0.5541951915753035,ascending,6
9,left,3372.1826923076924,1790663833741,9.588382720947266,1.9406484365463257,0.16511066257953644,-5.179999828338623,3.640000104904175,0.7699999809265137,0.5536894657325079,ascending,6
9,left,3372.1923076923076,1790663833741,9.40173625946045,2.151224374771118,0.18903973698616028,-5.179999828338623,3.640000104904175,0.7699999809265137,0.5517904197237953,ascending,6
9,right,3476.367,1790663833759,9.521381378173828,-3.6515777111053467,0.4235447347164154,-5.179999828338623,-8.609999656677246,-0.49000000953674316,1.019926548811838,ascending,6
9,right,3476.3766153846154,1790663833759,9.624276161193848,-3.5726118087768555,0.40679436922073364,-5.179999828338623,-8.609999656677246,-0.49000000953674316,1.023921670397622,ascending,6
9,right,3476.386230769231,1790663833759,9.609918594360352,-3.49843168258667,0.3804723918437958,-5.179999828338623,-8.609999656677246,-0.49000000953674316,1.0275272008311338,ascending,6
9,right,3476.3958461538464,1790663833759,9.332341194152832,-3.687471389770508,0.4115802049636841,-5.179999828338623,-8.609999656677246,-0.49000000953674316,1.0292858697966143,ascending,6
9,right,3476.4054615384616,1790663833759,8.980584144592285,-3.6420061588287354,0.34697166085243225,-5.179999828338623,-8.609999656677246,-0.49000000953674316,1.027713465937851,ascending,6
9,right,3476.4150769230773,1790663833759,9.621883392333984,-3.1921393871307373,0.3038993179798126,-5.179999828338623,-8.609999656677246,-0.49000000953674316,1.0303610864070953,ascending,6
9,right,3476.4246923076926,1790663833759,9.29644775390625,-3.61089825630188,0.19382555782794952,-5.179999828338623,-8.609999656677246,-0.49000000953674316,1.0314798658034692,ascending,6
9,right,3476.434307692308,1790663833759,9.684099197387695,-2.395301103591919,0.17707519233226776,-5.179999828338623,-8.609999656677246,-0.49000000953674316,1.0319573679368765,ascending,6
9,left,3372.205,1790663833772,9.719992637634277,1.689393162727356,0.14836029708385468,-5.740000247955322,5.670000076293945,0.42000001668930054,0.5521992989406647,ascending,6
9,left,3372.214615384615,1790663833772,9.650598526000977,1.5769264698028564,0.1722893863916397,-5.740000247955322,5.670000076293945,0.42000001668930054,0.5516660894806923,ascending,6
9,left,3372.224230769231,1790663833772,9.207910537719727,2.158403158187866,0.21536172926425934,-5.740000247955322,5.670000076293945,0.42000001668930054,0.5479481662964726,ascending,6
9,left,3372.233846153846,1790663833772,9.351485252380371,1.4405306577682495,0.2536482512950897,-5.740000247955322,5.670000076293945,0.42000001668930054,0.5443696320032626,ascending,6
9,left,3372.2434615384614,1790663833772,9.55727481842041,3.0892443656921387,0.3230426013469696,-5.740000247955322,5.670000076293945,0.42000001668930054,0.5455763114248825,ascending,6
9,left,3372.253076923077,1790663833772,9.0978364944458,1.6989647150039673,0.3541503846645355,-5.740000247955322,5.670000076293945,0.42000001668930054,0.5400623712270626,ascending,6
9,left,3372.2626923076923,1790663833772,10.00953483581543,2.0674726963043213,0.4211518168449402,-5.740000247955322,5.670000076293945,0.42000001668930054,0.5438230636156665,ascending,6
9,left,3372.2723076923075,1790663833772,9.655384063720703,1.8856115341186523,0.46900999546051025,-5.740000247955322,5.670000076293945,0.42000001668930054,0.5439365088848653,ascending,6
9,right,3476.443,1790663833835,9.736742973327637,-3.156245708465576,0.09810923039913177,-5.670000076293945,-9.380000114440918,-0.3499999940395355,1.0351431830265183,ascending,6
9,right,3476.4526153846155,1790663833835,8.545074462890625,-3.4051082134246826,0.021536173298954964,-5.670000076293945,-9.380000114440918,-0.3499999940395355,1.0287762663871554,ascending,6
9,right,3476.462230769231,1790663833835,9.040407180786133,-2.790130853652954,-0.03828652948141098,-5.670000076293945,-9.380000114440918,-0.3499999940395355,1.0247890760940344,ascending,6
9,right,3476.4718461538464,1790663833835,8.406286239624023,-2.7781662940979004,-0.07657305896282196,-5.670000076293945,-9.380000114440918,-0.3499999940395355,1.0150614343996358,ascending,6
9,right,3476.4814615384616,1790663833835,8.616862297058105,-2.390515089035034,-0.14357449114322662,-5.670000076293945,-9.380000114440918,-0.3499999940395355,1.0059449773748423,ascending,6
9,right,3476.4910769230773,1790663833835,8.951869010925293,-2.17036771774292,-0.15553902089595795,-5.670000076293945,-9.380000114440918,-0.3499999940395355,0.9991399377962121,ascending,6
9,right,3476.5006923076926,1790663833835,8.195710182189941,-2.4120514392852783,-0.21536172926425934,-5.670000076293945,-9.380000114440918,-0.3499999940395355,0.9863338037861747,ascending,6
9,right,3476.510307692308,1790663833835,8.86333179473877,-2.065079689025879,-0.34697166085243225,-5.670000076293945,-9.380000114440918,-0.3499999940395355,0.978432852277682,ascending,6
9,left,3372.284,1790663833847,10.00953483581543,1.5458186864852905,0.5838695764541626,-5.179999828338623,5.740000247955322,-0.7699999809265137,0.5474741742262483,ascending,6
9,left,3372.2936153846154,1790663833847,9.456772804260254,2.1799392700195312,0.5982270240783691,-5.179999828338623,5.740000247955322,-0.7699999809265137,0.5462665819778871,ascending,6
9,left,3372.303230769231,1790663833847,8.904010772705078,1.2132043838500977,0.6365135312080383,-5.179999828338623,5.740000247955322,-0.7699999809265137,0.5381807096030493,ascending,6
9,left,3372.3128461538463,1790663833847,8.971012115478516,1.2275618314743042,0.6891575455665588,-5.179999828338623,5.740000247955322,-0.7699999809265137,0.5307846741349974,ascending,6
9,left,3372.3224615384615,1790663833847,8.791543960571289,1.0098072290420532,0.7537660598754883,-5.179999828338623,5.740000247955322,-0.7699999809265137,0.5213585003040263,ascending,6
9,left,3372.3320769230772,1790663833847,9.700849533081055,2.0914015769958496,0.8279461860656738,-5.179999828338623,5.740000247955322,-0.7699999809265137,0.5224151936075873,ascending,6
9,left,3372.3416923076925,1790663833847,9.370628356933594,1.3160994052886963,0.9332341551780701,-5.179999828338623,5.740000247955322,-0.7699999809265137,0.5190750734671478,ascending,6
9,left,3372.3513076923077,1790663833847,9.413700103759766,1.464459776878357,1.0026284456253052,-5.179999828338623,5.740000247955322,-0.7699999809265137,0.5164386716402789,ascending,6
9,right,3476.519,1790663833910,8.001884460449219,-2.191903829574585,-0.44029510021209717,-4.829999923706055,-9.520000457763672,-0.7699999809265137,0.9646549812215612,ascending,6
9,right,3476.528615384615,1790663833910,8.164602279663086,-1.7205009460449219,-0.5264397859573364,-4.829999923706055,-9.520000457763672,-0.7699999809265137,0.9493785878344471,ascending,6
9,right,3476.5382307692307,1790663833910,7.817630767822266,-2.297191858291626,-0.6173703074455261,-4.829999923706055,-9.520000457763672,-0.7699999809265137,0.9328788400407833,ascending,6
9,right,3476.547846153846,1790663833910,8.006670951843262,-2.0291860103607178,-0.6628355383872986,-4.829999923706055,-9.520000457763672,-0.7699999809265137,0.9172550606546496,ascending,6
9,right,3476.557461538461,1790663833910,8.085636138916016,-2.2230117321014404,-0.7824809551239014,-4.829999923706055,-9.520000457763672,-0.7699999809265137,0.903018099740555,ascending,6
9,right,3476.567076923077,1790663833910,7.654912948608398,-2.292405843734741,-0.7489802241325378,-4.829999923706055,-9.520000457763672,-0.7699999809265137,0.8851319068048326,ascending,6
9,right,3476.576692307692,1790663833910,8.078457832336426,-2.3067634105682373,-0.7848738431930542,-4.829999923706055,-9.520000457763672,-0.7699999809265137,0.871164801846222,ascending,6
9,right,3476.5863076923074,1790663833910,7.772165298461914,-2.921740770339966,-0.7394086122512817,-4.829999923706055,-9.520000457763672,-0.7699999809265137,0.8564138054421163,ascending,6
9,left,3372.363,1790663833922,8.865724563598633,1.6702498197555542,1.0911661386489868,-4.130000114440918,4.690000057220459,2.309999942779541,0.5074309267977865,ascending,6
9,left,3372.372615384615,1790663833922,9.239018440246582,1.1605603694915771,1.1605603694915771,-4.130000114440918,4.690000057220459,2.309999942779541,0.5027379831052445,ascending,6
9,left,3372.382230769231,1790663833922,8.848974227905273,1.6247845888137817,1.2849916219711304,-4.130000114440918,4.690000057220459,2.309999942779541,0.49522012700246903,ascending,6
9,left,3372.391846153846,1790663833922,9.085871696472168,1.3926725387573242,1.3735291957855225,-4.130000114440918,4.690000057220459,2.309999942779541,0.48961635524087427,ascending,6
9,left,3372.4014615384613,1790663833922,8.896832466125488,1.619998812675476,1.335242748260498,-4.130000114440918,4.690000057220459,2.309999942779541,0.4826094161932077,ascending,6
9,left,3372.411076923077,1790663833922,8.805901527404785,1.4142086505889893,1.3160994052886963,-4.130000114440918,4.690000057220459,2.309999942779541,0.474410382316926,ascending,6
9,left,3372.420692307692,1790663833922,9.593168258666992,2.086615800857544,1.3113136291503906,-4.130000114440918,4.690000057220459,2.309999942779541,0.4747899193664971,ascending,6
9,left,3372.4303076923075,1790663833922,9.74870777130127,1.9765421152114868,1.239526391029358,-4.130000114440918,4.690000057220459,2.309999942779541,0,resting,null
9,right,3476.595,1790663833984,8.05452823638916,-2.718343496322632,-0.6771929860115051,-2.1700000762939453,-6.860000133514404,-0.14000000059604645,0.84480492672823,ascending,6
9,right,3476.604615384615,1790663833984,8.458930015563965,-3.385964870452881,-0.667621374130249,-2.1700000762939453,-6.860000133514404,-0.14000000059604645,0.8377851255537712,ascending,6
9,right,3476.6142307692307,1790663833984,8.511573791503906,-3.3476784229278564,-0.6987291574478149,-2.1700000762939453,-6.860000133514404,-0.14000000059604645,0.8311428372841596,ascending,6
9,right,3476.623846153846,1790663833984,8.731721878051758,-3.141888380050659,-0.7513731122016907,-2.1700000762939453,-6.860000133514404,-0.14000000059604645,0.8258588804137007,ascending,6
9,right,3476.6334615384612,1790663833984,8.279461860656738,-3.244783401489258,-0.746587336063385,-2.1700000762939453,-6.860000133514404,-0.14000000059604645,0.8168281062450409,ascending,6
9,right,3476.643076923077,1790663833984,8.155031204223633,-3.457752227783203,-0.7489802241325378,-2.1700000762939453,-6.860000133514404,-0.14000000059604645,0.8073803547585006,ascending,6
9,right,3476.652692307692,1790663833984,8.085636138916016,-4.611134052276611,-0.7681235074996948,-2.1700000762939453,-6.860000133514404,-0.14000000059604645,0.8010888125926011,ascending,6
9,right,3476.6623076923074,1790663833984,8.030599594116211,-3.6635422706604004,-0.6508709788322449,-2.1700000762939453,-6.860000133514404,-0.14000000059604645,0.7911922538262254,ascending,6
9,left,3372.442,1790663834056,10.332576751708984,2.424015998840332,1.3137065172195435,-3.430000066757202,4.059999942779541,-1.0499999523162842,0.009964484037222495,resting,null
9,left,3372.4516153846153,1790663834056,11.270597457885742,2.424015998840332,1.359171748161316,-3.430000066757202,4.059999942779541,-1.0499999523162842,0.027055502071759774,resting,null
9,left,3372.461230769231,1790663834056,10.524009704589844,2.1033661365509033,1.3424214124679565,-3.430000066757202,4.059999942779541,-1.0499999523162842,0.036551225901683644,resting,null
9,left,3372.470846153846,1790663834056,10.366077423095703,2.8212387561798096,1.3687434196472168,-3.430000066757202,4.059999942779541,-1.0499999523162842,0.04581139359208962,resting,null
9,left,3372.4804615384614,1790663834056,9.952104568481445,2.6441633701324463,1.3184924125671387,-3.430000066757202,4.059999942779541,-1.0499999523162842,0.05084680663777492,resting,null
9,left,3372.490076923077,1790663834056,10.107644081115723,2.7159507274627686,1.2586696147918701,-3.430000066757202,4.059999942779541,-1.0499999523162842,0.05745076820865851,resting,null
9,left,3372.4996923076924,1790663834056,10.256004333496094,1.9382555484771729,1.1725249290466309,-3.430000066757202,4.059999942779541,-1.0499999523162842,0.0640457070707177,resting,null
9,left,3372.5093076923076,1790663834056,10.00953483581543,2.4335875511169434,1.0050214529037476,-3.430000066757202,4.059999942779541,-1.0499999523162842,0.06907093606683297,resting,null
9,right,3476.671,1790663834059,7.346227645874023,-3.6659352779388428,-0.5814766883850098,-2.0299999713897705,-4.829999923706055,1.399999976158142,0.7766646999810112,ascending,6
9,right,3476.680615384615,1790663834059,7.17872428894043,-2.6752712726593018,-0.36850783228874207,-2.0299999713897705,-4.829999923706055,1.399999976158142,0.7557528238697561,ascending,6
9,right,3476.6902307692308,1790663834059,7.133258819580078,-2.7733805179595947,-0.29672059416770935,-2.0299999713897705,-4.829999923706055,1.399999976158142,0.7347382508204223,ascending,6
9,right,3476.699846153846,1790663834059,6.436922550201416,-3.2830698490142822,-0.1507532149553299,-2.0299999713897705,-4.829999923706055,1.399999976158142,0.7091065681257022,ascending,6
9,right,3476.7094615384613,1790663834059,7.2576904296875,-2.790130853652954,0.02632198855280876,-2.0299999713897705,-4.829999923706055,1.399999976158142,0.6891602052820169,ascending,6
9,right,3476.719076923077,1790663834059,7.152402400970459,-2.8140599727630615,0.2129688262939453,-2.0299999713897705,-4.829999923706055,1.399999976158142,0.6682816054736199,ascending,6
9,right,3476.728692307692,1790663834059,7.401264667510986,-2.2852272987365723,0.3326142132282257,-2.0299999713897705,-4.829999923706055,1.399999976158142,0.6478380426037811,ascending,6
9,right,3476.7383076923074,1790663834059,7.712342739105225,-1.5936768054962158,0.4259376525878906,-2.0299999713897705,-4.829999923706055,1.399999976158142,0.627868298445865,ascending,6
9,left,3372.521,1790663834087,10.1578950881958,1.2275618314743042,0.9140908718109131,-1.9600000381469727,-0.9100000262260437,1.6100000143051147,0.07423774916146503,ascending,7
9,left,3372.5306153846154,1790663834087,10.141144752502441,2.1895108222961426,0.6819788217544556,-1.9600000381469727,-0.9100000262260437,1.6100000143051147,0.07983052385356298,ascending,7
9,left,3372.540230769231,1790663834087,10.684334754943848,2.7733805179595947,0.6317277550697327,-1.9600000381469727,-0.9100000262260437,1.6100000143051147,0.09153546654512594,ascending,7
9,left,3372.5498461538464,1790663834087,11.4404935836792,1.6917860507965088,0.4546525478363037,-1.9600000381469727,-0.9100000262260437,1.6100000143051147,0.10833500155703636,ascending,7
9,left,3372.5594615384616,1790663834087,11.349562644958496,2.6178414821624756,0.32543548941612244,-1.9600000381469727,-0.9100000262260437,1.6100000143051147,0.1258076228121462,ascending,7
9,left,3372.5690769230773,1790663834087,11.612783432006836,1.201239824295044,0.23929080367088318,-1.9600000381469727,-0.9100000262260437,1.6100000143051147,0.14322567297189157,ascending,7
9,left,3372.5786923076926,1790663834087,11.052842140197754,2.648949146270752,0.2703986167907715,-1.9600000381469727,-0.9100000262260437,1.6100000143051147,0.15790847550532808,ascending,7
9,left,3372.588307692308,1790663834087,10.433079719543457,2.61305570602417,0.181861013174057,-1.9600000381469727,-0.9100000262260437,1.6100000143051147,0.16663203028523635,ascending,7
9,right,3476.747,1790663834149,7.025578022003174,-2.8212387561798096,0.48576033115386963,0.21000000834465027,0.8400000333786011,-0.21000000834465027,0.6079175932745688,ascending,6
9,right,3476.756615384615,1790663834149,6.9609694480896,-2.2086541652679443,0.44986671209335327,0.21000000834465027,0.8400000333786011,-0.21000000834465027,0.5832604695033996,ascending,6
9,right,3476.766230769231,1790663834149,6.9107184410095215,-3.007885456085205,0.40918728709220886,0.21000000834465027,0.8400000333786011,-0.21000000834465027,0.5608508375926778,ascending,6
9,right,3476.775846153846,1790663834149,7.712342739105225,-2.122509479522705,0.5336185097694397,0.21000000834465027,0.8400000333786011,-0.21000000834465027,0.5426889330688889,ascending,6
9,right,3476.7854615384613,1790663834149,8.734114646911621,-2.601091146469116,0.5479759573936462,0.21000000834465027,0.8400000333786011,-0.21000000834465027,0.5353445637081673,ascending,6
9,right,3476.795076923077,1790663834149,8.099993705749512,-3.2017109394073486,0.6149773597717285,0.21000000834465027,0.8400000333786011,-0.21000000834465027,0.524272907506823,ascending,6
9,right,3476.804692307692,1790663834149,8.286641120910645,-2.5747690200805664,0.667621374130249,0.21000000834465027,0.8400000333786011,-0.21000000834465027,0.5128041092992498,ascending,6
9,right,3476.8143076923075,1790663834149,7.485016345977783,-2.979170560836792,0.6963362693786621,0.21000000834465027,0.8400000333786011,-0.21000000834465027,0.49546039029610517,ascending,6
9,left,3372.6,1790663834161,10.445043563842773,1.8210030794143677,0.21775463223457336,-0.5600000023841858,-7.559999942779541,-0.9800000190734863,0.17572546575535597,ascending,7
9,left,3372.609615384615,1790663834161,11.08395004272461,2.3713719844818115,0.1698964685201645,-0.5600000023841858,-7.559999942779541,-0.9800000190734863,0.1901756138543807,ascending,7
9,left,3372.619230769231,1790663834161,11.41417121887207,1.868861198425293,0.12682412564754486,-0.5600000023841858,-7.559999942779541,-0.9800000190734863,0.206834868646011,ascending,7
9,left,3372.628846153846,1790663834161,11.782679557800293,2.4981961250305176,0.08375178277492523,-0.5600000023841858,-7.559999942779541,-0.9800000190734863,0.22806138566845507,ascending,7
9,left,3372.6384615384613,1790663834161,10.775264739990234,2.242154836654663,0.055036887526512146,-0.5600000023841858,-7.559999942779541,-0.9800000190734863,0.23932436950384484,ascending,7
9,left,3372.648076923077,1790663834161,10.768086433410645,2.275655508041382,0.03828652948141098,-0.5600000023841858,-7.559999942779541,-0.9800000190734863,0.2505800961314962,ascending,7
9,left,3372.6576923076923,1790663834161,10.179430961608887,1.0385221242904663,0.0047858161851763725,-0.5600000023841858,-7.559999942779541,-0.9800000190734863,0.2540806055311098,ascending,7
9,left,3372.6673076923075,1790663834161,10.021498680114746,1.2538838386535645,0.04307234659790993,-0.5600000023841858,-7.559999942779541,-0.9800000190734863,0.25650602811340545,ascending,7
9,right,3476.823,1790663834224,7.891810894012451,-1.8568966388702393,0.6532639265060425,2.870000123977661,6.510000228881836,-0.21000000834465027,0.4797723206410417,ascending,6
9,right,3476.832615384615,1790663834224,8.145459175109863,-2.0698654651641846,0.679585874080658,2.870000123977661,6.510000228881836,-0.21000000834465027,0.4654404174891685,ascending,6
9,right,3476.842230769231,1790663834224,7.453908920288086,-2.388122320175171,0.6293348073959351,2.870000123977661,6.510000228881836,-0.21000000834465027,0.4459606446880693,ascending,6
9,right,3476.851846153846,1790663834224,7.575946807861328,-2.4766597747802734,0.5025107264518738,2.870000123977661,6.510000228881836,-0.21000000834465027,0.4279310286045382,ascending,6
9,right,3476.8614615384613,1790663834224,6.587676048278809,-2.895418882369995,0.49054616689682007,2.870000123977661,6.510000228881836,-0.21000000834465027,0.40238799991916646,ascending,6
9,right,3476.871076923077,1790663834224,7.4299798011779785,-2.8714897632598877,0.3924369215965271,2.870000123977661,6.510000228881836,-0.21000000834465027,0.38441189756468086,ascending,6
9,right,3476.8806923076922,1790663834224,8.083243370056152,-2.438373327255249,0.3541503846645355,2.870000123977661,6.510000228881836,-0.21000000834465027,0.3709316567510394,ascending,6
9,right,3476.8903076923075,1790663834224,8.13349437713623,-2.3426570892333984,0.37807947397232056,2.870000123977661,6.510000228881836,-0.21000000834465027,0.3576104475302708,ascending,6
9,right,3476.899,1790663834299,7.8654890060424805,-2.7805593013763428,0.35893622040748596,4.269999980926514,9.170000076293945,0.6299999952316284,0.34469671566592086,ascending,6
9,right,3476.908615384615,1790663834299,8.21963882446289,-2.163188934326172,0.3350071310997009,4.269999980926514,9.170000076293945,0.6299999952316284,0.3316146123361444,ascending,6
9,right,3476.918230769231,1790663834299,7.896596908569336,-3.4098939895629883,0.25604116916656494,4.269999980926514,9.170000076293945,0.6299999952316284,0.3197142550784203,ascending,6
9,right,3476.927846153846,1790663834299,8.176567077636719,-3.05574369430542,0.11007377505302429,4.269999980926514,9.170000076293945,0.6299999952316284,0.309197582491536,ascending,6
9,right,3476.9374615384613,1790663834299,8.978191375732422,-2.4359803199768066,0.0023929080925881863,4.269999980926514,9.170000076293945,0.6299999952316284,0.30390228036944206,ascending,6
9,right,3476.947076923077,1790663834299,8.277069091796875,-3.35964298248291,-0.06939433515071869,4.269999980926514,9.170000076293945,0.6299999952316284,0.2953020363685424,ascending,6
9,right,3476.9566923076923,1790663834299,8.693434715270996,-3.457752227783203,-0.18425391614437103,4.269999980926514,9.170000076293945,0.6299999952316284,0.2907895760879698,ascending,6
9,right,3476.9663076923075,1790663834299,9.073907852172852,-3.3141777515411377,-0.23450499773025513,4.269999980926514,9.170000076293945,0.6299999952316284,0.28923709518898566,ascending,6
9,left,3372.68,1790663834312,9.246196746826172,1.3974583148956299,0.03110780566930771,0.9100000262260437,-14.210000038146973,3.2200000286102295,0.25040671890639904,ascending,7
9,left,3372.689615384615,1790663834312,8.257925987243652,1.1509888172149658,0.13400284945964813,0.9100000262260437,-14.210000038146973,3.2200000286102295,0.23608517563758374,ascending,7
9,left,3372.699230769231,1790663834312,7.975562572479248,0.8303391337394714,0.19382555782794952,0.9100000262260437,-14.210000038146973,3.2200000286102295,0.21859170791821667,ascending,7
9,left,3372.708846153846,1790663834312,8.111958503723145,0.8877689242362976,0.24407662451267242,0.9100000262260437,-14.210000038146973,3.2200000286102295,0.20252623071680878,ascending,7
9,left,3372.7184615384613,1790663834312,7.942061901092529,0.4307234585285187,0.2010042816400528,0.9100000262260437,-14.210000038146973,3.2200000286102295,0.1841053954788233,ascending,7
9,left,3372.728076923077,1790663834312,7.420407772064209,0.5168681740760803,0.24886244535446167,0.9100000262260437,-14.210000038146973,3.2200000286102295,0.1609325216473029,ascending,7
9,left,3372.737692307692,1790663834312,6.841324329376221,2.053115129470825,0.3015064299106598,0.9100000262260437,-14.210000038146973,3.2200000286102295,0.1348160108169553,ascending,7
9,left,3372.7473076923075,1790663834312,5.805194854736328,0.40679436922073364,0.2823631465435028,0.9100000262260437,-14.210000038146973,3.2200000286102295,0.09619626727504314,ascending,7
9,left,3372.759,1790663834373,6.27659797668457,0.7059078812599182,0.37807947397232056,0.7699999809265137,-14,-2.380000114440918,0.055303223354059884,ascending,7
9,left,3372.7686153846153,1790663834373,5.814766883850098,0.9930568337440491,0.4761887192726135,0.7699999809265137,-14,-2.380000114440918,0.017803521081724324,resting,null
9,left,3372.778230769231,1790663834373,6.156952381134033,0.8829830884933472,0.5982270240783691,0.7699999809265137,-14,-2.380000114440918,-0.016606839131222167,resting,null
9,left,3372.787846153846,1790663834373,5.965519905090332,1.7133221626281738,0.7561589479446411,0.7699999809265137,-14,-2.380000114440918,-0.05142744552848,resting,null
9,left,3372.7974615384614,1790663834373,5.934412002563477,1.4836030006408691,0.7489802241325378,0.7699999809265137,-14,-2.380000114440918,-0.08691972792527995,resting,null
9,left,3372.807076923077,1790663834373,6.465637683868408,0.9595561623573303,0.7609447836875916,0.7699999809265137,-14,-2.380000114440918,-0.11824893208119704,resting,null
9,left,3372.8166923076924,1790663834373,6.489566802978516,1.5936768054962158,0.7418015003204346,0.7699999809265137,-14,-2.380000114440918,-0.14829907276952217,resting,null
9,left,3372.8263076923076,1790663834373,6.853288650512695,1.3496001958847046,0.7011220455169678,0.7699999809265137,-14,-2.380000114440918,-0.17530729247448604,descending,null
9,right,3476.974,1790663834375,9.04519271850586,-3.929155111312866,-0.284756064414978,2.5199999809265137,5.949999809265137,0.42000001668930054,0.28941838374042805,ascending,6
9,right,3476.9836153846154,1790663834375,9.437629699707031,-3.1036016941070557,-0.22971917688846588,2.5199999809265137,5.949999809265137,0.42000001668930054,0.2904526187829474,ascending,6
9,right,3476.993230769231,1790663834375,9.246196746826172,-3.919583559036255,-0.1698964685201645,2.5199999809265137,5.949999809265137,0.42000001668930054,0.29246409733285506,ascending,6
9,right,3477.0028461538463,1790663834375,9.906639099121094,-4.139730930328369,-0.19861137866973877,2.5199999809265137,5.949999809265137,0.42000001668930054,0.30116781113518515,ascending,6
9,right,3477.0124615384616,1790663834375,10.208146095275879,-3.9602627754211426,-0.13400284945964813,2.5199999809265137,5.949999809265137,0.42000001668930054,0.3119903140199393,ascending,6
9,right,3477.0220769230773,1790663834375,10.301469802856445,-4.335949420928955,-0.011964540928602219,2.5199999809265137,5.949999809265137,0.42000001668930054,0.3249176736311891,ascending,6
9,right,3477.0316923076925,1790663834375,10.258397102355957,-4.891104221343994,0.12921704351902008,2.5199999809265137,5.949999809265137,0.42000001668930054,0.33934356074846495,ascending,6
9,right,3477.041307692308,1790663834375,10.732192993164062,-5.508474349975586,0.12203831225633621,2.5199999809265137,5.949999809265137,0.42000001668930054,0.360138773945688,ascending,6
9,left,3372.838,1790663834402,7.310334205627441,1.718108057975769,0.7154794931411743,-1.2599999904632568,-6.929999828338623,-0.14000000059604645,-0.20211512466500156,descending,null
9,left,3372.8476153846154,1790663834402,7.70037841796875,2.270869731903076,0.6389064788818359,-1.2599999904632568,-6.929999828338623,-0.14000000059604645,-0.21952632691323898,descending,null
9,left,3372.857230769231,1790663834402,7.657305717468262,1.2419192790985107,0.5264397859573364,-1.2599999904632568,-6.929999828338623,-0.14000000059604645,-0.2390864006095885,descending,null
9,left,3372.8668461538464,1790663834402,7.549624919891357,2.9959208965301514,0.4761887192726135,-1.2599999904632568,-6.929999828338623,-0.14000000059604645,-0.25667019074204456,descending,null
9,left,3372.8764615384616,1790663834402,8.698221206665039,2.464695453643799,0.40918728709220886,-1.2599999904632568,-6.929999828338623,-0.14000000059604645,-0.2642816409112182,descending,null
9,left,3372.8860769230773,1790663834402,8.791543960571289,3.273498296737671,0.38525819778442383,-1.2599999904632568,-6.929999828338623,-0.14000000059604645,-0.26958864088760426,descending,null
9,left,3372.8956923076926,1790663834402,9.069121360778809,2.591519355773926,0.2943277060985565,-1.2599999904632568,-6.929999828338623,-0.14000000059604645,-0.27344782720470634,descending,null
9,left,3372.905307692308,1790663834402,9.990391731262207,2.0842230319976807,0.1914326548576355,-1.2599999904632568,-6.929999828338623,-0.14000000059604645,-0.26949487797704713,descending,null
9,right,3477.05,1790663834449,11.074378967285156,-5.472580909729004,0.12921704351902008,1.3300000429153442,0.8400000333786011,1.1200000047683716,0.38162015588365134,ascending,6
9,right,3477.0596153846154,1790663834449,11.088736534118652,-5.685549736022949,0.19382555782794952,1.3300000429153442,0.8400000333786011,1.1200000047683716,0.40625973502940244,ascending,6
9,right,3477.069230769231,1790663834449,10.947554588317871,-4.390986442565918,0.3230426013469696,1.3300000429153442,0.8400000333786011,1.1200000047683716,0.4251870860883043,ascending,6
9,right,3477.0788461538464,1790663834449,11.028913497924805,-4.182803153991699,0.4737958014011383,1.3300000429153442,0.8400000333786011,1.1200000047683716,0.4441358298071869,ascending,6
9,right,3477.0884615384616,1790663834449,10.923624992370605,-4.197160720825195,0.6173703074455261,1.3300000429153442,0.8400000333786011,1.1200000047683716,0.4622015912468282,ascending,6
9,right,3477.0980769230773,1790663834449,10.715442657470703,-4.5632758140563965,0.7059078812599182,1.3300000429153442,0.8400000333786011,1.1200000047683716,0.4796747375866226,ascending,6
9,right,3477.1076923076926,1790663834449,9.686491966247559,-4.6613850593566895,0.8088029623031616,1.3300000429153442,0.8400000333786011,1.1200000047683716,0.488284593448186,ascending,6
9,right,3477.117307692308,1790663834449,9.310805320739746,-3.6994359493255615,0.8973405361175537,1.3300000429153442,0.8400000333786011,1.1200000047683716,0.4902097187627723,ascending,6
9,left,3372.918,1790663834476,10.064571380615234,3.2064969539642334,0.1507532149553299,-1.5399999618530273,-1.1200000047683716,7.210000038146973,-0.2607196979265203,descending,null
9,left,3372.9276153846154,1790663834476,10.71065616607666,2.7997024059295654,-0.03828652948141098,-1.5399999618530273,-1.1200000047683716,7.210000038146973,-0.24870184157468925,descending,null
9,left,3372.937230769231,1790663834476,10.344541549682617,2.5053746700286865,-0.1411815732717514,-1.5399999618530273,-1.1200000047683716,7.210000038146973,-0.2406738438415207,descending,null
9,left,3372.9468461538463,1790663834476,9.973641395568848,2.4359803199768066,-0.2536482512950897,-1.5399999618530273,-1.1200000047683716,7.210000038146973,-0.2362764399938034,descending,null
9,left,3372.9564615384616,1790663834476,9.497451782226562,2.5269110202789307,-0.31586387753486633,-1.5399999618530273,-1.1200000047683716,7.210000038146973,-0.23621033632164562,descending,null
9,left,3372.9660769230773,1790663834476,9.779815673828125,2.268476963043213,-0.4642241597175598,-1.5399999618530273,-1.1200000047683716,7.210000038146973,-0.2339413221538362,descending,null
9,left,3372.9756923076925,1790663834476,10.028677940368652,2.648949146270752,-0.5144752264022827,-1.5399999618530273,-1.1200000047683716,7.210000038146973,-0.22863429933683418,descending,null
9,left,3372.9853076923077,1790663834476,10.160287857055664,3.1036016941070557,-0.6077986359596252,-1.5399999618530273,-1.1200000047683716,7.210000038146973,-0.22126046028460972,descending,null
9,right,3477.127,1790663834524,8.927940368652344,-4.285698413848877,0.9906639456748962,-1.190000057220459,-3.990000009536743,0.3499999940395355,0.4907689194363123,ascending,6
9,right,3477.136615384615,1790663834524,8.875295639038086,-4.142123699188232,1.1007376909255981,-1.190000057220459,-3.990000009536743,0.3499999940395355,0.4903789422497163,ascending,6
9,right,3477.146230769231,1790663834524,8.786758422851562,-4.491488456726074,1.1868823766708374,-1.190000057220459,-3.990000009536743,0.3499999940395355,0.49044383147451337,ascending,6
9,right,3477.155846153846,1790663834524,9.337127685546875,-3.9243693351745605,1.239526391029358,-1.190000057220459,-3.990000009536743,0.3499999940395355,0.49346517410611007,ascending,6
9,right,3477.1654615384614,1790663834524,8.947083473205566,-4.374236106872559,1.237133502960205,-1.190000057220459,-3.990000009536743,0.3499999940395355,0.49458244362081527,ascending,6
9,right,3477.175076923077,1790663834524,8.841794967651367,-3.577397584915161,1.2251689434051514,-1.190000057220459,-3.990000009536743,0.3499999940395355,0.4919637669470697,ascending,6
9,right,3477.1846923076923,1790663834524,8.296212196350098,-3.2782840728759766,1.3208853006362915,-1.190000057220459,-3.990000009536743,0.3499999940395355,0.48344009445529806,ascending,6
9,right,3477.1943076923076,1790663834524,7.6979851722717285,-3.7784018516540527,1.3304568529129028,-1.190000057220459,-3.990000009536743,0.3499999940395355,0.4713402386867391,ascending,6
9,right,3477.203,1790663834600,8.198102951049805,-3.2687125205993652,1.4022440910339355,-0.49000000953674316,-3.009999990463257,0.42000001668930054,0.46284707580560425,ascending,6
9,right,3477.212615384615,1790663834600,8.111958503723145,-3.5510756969451904,1.4716384410858154,-0.49000000953674316,-3.009999990463257,0.42000001668930054,0.45370547493945024,ascending,6
9,right,3477.222230769231,1790663834600,8.233996391296387,-2.993528127670288,1.5123178958892822,-0.49000000953674316,-3.009999990463257,0.42000001668930054,0.4437126845471526,ascending,6
9,right,3477.231846153846,1790663834600,8.04017162322998,-3.239997625350952,1.5434256792068481,-0.49000000953674316,-3.009999990463257,0.42000001668930054,0.4328777192828728,ascending,6
9,right,3477.2414615384614,1790663834600,7.729093074798584,-3.5869691371917725,1.4189945459365845,-0.49000000953674316,-3.009999990463257,0.42000001668930054,0.4204744793160192,ascending,6
9,right,3477.251076923077,1790663834600,8.791543960571289,-3.7137932777404785,1.5793193578720093,-0.49000000953674316,-3.009999990463257,0.42000001668930054,0.41806682658216665,ascending,6
9,right,3477.2606923076924,1790663834600,9.310805320739746,-3.9937636852264404,1.3113136291503906,-0.49000000953674316,-3.009999990463257,0.42000001668930054,0.4212347991135409,ascending,6
9,right,3477.2703076923076,1790663834600,9.152873039245605,-4.24501895904541,0.8973405361175537,-0.49000000953674316,-3.009999990463257,0.42000001668930054,0.42378752501053624,ascending,6
9,left,3372.997,1790663834611,10.294290542602539,3.120352268218994,-0.6317277550697327,-2.309999942779541,-1.6800000667572021,0.07000000029802322,-0.21069008512503817,descending,null
9,left,3373.006615384615,1790663834611,9.83485221862793,2.376157760620117,-0.6532639265060425,-2.309999942779541,-1.6800000667572021,0.07000000029802322,-0.20767751956572778,descending,null
9,left,3373.016230769231,1790663834611,9.286876678466797,1.6152129173278809,-0.765730619430542,-2.309999942779541,-1.6800000667572021,0.07000000029802322,-0.21121155920249998,descending,null
9,left,3373.025846153846,1790663834611,8.738900184631348,2.605876922607422,-0.8183745741844177,-2.309999942779541,-1.6800000667572021,0.07000000029802322,-0.21808502942049385,descending,null
9,left,3373.0354615384613,1790663834611,9.19355297088623,1.7372512817382812,-0.9069121479988098,-2.309999942779541,-1.6800000667572021,0.07000000029802322,-0.22224213155142988,descending,null
9,left,3373.045076923077,1790663834611,9.48788070678711,2.0291860103607178,-0.8710185289382935,-2.309999942779541,-1.6800000667572021,0.07000000029802322,-0.2230754650831677,descending,null
9,left,3373.054692307692,1790663834611,9.46155834197998,2.47426700592041,-0.9739136099815369,-2.309999942779541,-1.6800000667572021,0.07000000029802322,-0.22331191349026153,descending,null
9,left,3373.0643076923075,1790663834611,9.13133716583252,1.485995888710022,-1.0169858932495117,-2.309999942779541,-1.6800000667572021,0.07000000029802322,-0.22846723424368207,descending,null
9,left,3373.077,1790663834643,8.822651863098145,2.0291860103607178,-0.9308412671089172,-1.4700000286102295,-3.009999990463257,-2.1700000762939453,-0.23777578466227978,descending,null
9,left,3373.0866153846155,1790663834643,9.160052299499512,2.086615800857544,-0.8399107456207275,-1.4700000286102295,-3.009999990463257,-2.1700000762939453,-0.24153542277277112,descending,null
9,left,3373.096230769231,1790663834643,9.535738945007324,2.445552110671997,-0.8040171265602112,-1.4700000286102295,-3.009999990463257,-2.1700000762939453,-0.24107221534121245,descending,null
9,left,3373.1058461538464,1790663834643,9.373021125793457,1.9597917795181274,-0.8470894694328308,-1.4700000286102295,-3.009999990463257,-2.1700000762939453,-0.2430332627313632,descending,null
9,left,3373.1154615384617,1790663834643,9.39934253692627,2.3426570892333984,-0.33740004897117615,-1.4700000286102295,-3.009999990463257,-2.1700000762939453,-0.24411496215878278,descending,null
9,left,3373.1250769230774,1790663834643,8.860939025878906,1.517103672027588,-0.4307234585285187,-1.4700000286102295,-3.009999990463257,-2.1700000762939453,-0.25181070399027644,descending,null
9,left,3373.1346923076926,1790663834643,9.164837837219238,1.2658483982086182,-0.5910483002662659,-1.4700000286102295,-3.009999990463257,-2.1700000762939453,-0.25706935790675345,descending,null
9,left,3373.144307692308,1790663834643,9.535738945007324,2.3857293128967285,-0.5479759573936462,-1.4700000286102295,-3.009999990463257,-2.1700000762939453,-0.2567217764355257,descending,null
9,right,3477.278,1790663834674,9.569239616394043,-3.2423903942108154,1.1150951385498047,0.14000000059604645,-0.7699999809265137,-0.2800000011920929,0.42601122791214446,ascending,6
9,right,3477.287615384615,1790663834674,9.10740852355957,-3.161031484603882,1.05048668384552,0.14000000059604645,-0.7699999809265137,-0.2800000011920929,0.42437139045239813,ascending,6
9,right,3477.2972307692307,1790663834674,9.483095169067383,-3.555861473083496,1.081594467163086,0.14000000059604645,-0.7699999809265137,-0.2800000011920929,0.42750181935372633,ascending,6
9,right,3477.306846153846,1790663834674,9.782208442687988,-3.56782603263855,1.2108114957809448,0.14000000059604645,-0.7699999809265137,-0.2800000011920929,0.43339321041867235,ascending,6
9,right,3477.316461538461,1790663834674,10.11242961883545,-3.414679765701294,1.1007376909255981,0.14000000059604645,-0.7699999809265137,-0.2800000011920929,0.4416728518775135,ascending,6
9,right,3477.326076923077,1790663834674,9.873138427734375,-3.6707210540771484,1.1557745933532715,0.14000000059604645,-0.7699999809265137,-0.2800000011920929,0.4487371984182647,ascending,6
9,right,3477.335692307692,1790663834674,10.311040878295898,-3.675506830215454,1.1677391529083252,0.14000000059604645,-0.7699999809265137,-0.2800000011920929,0.4597443795905449,ascending,6
9,right,3477.3453076923074,1790663834674,10.370863914489746,-3.7114005088806152,1.1270596981048584,0.14000000059604645,-0.7699999809265137,-0.2800000011920929,0.471404174605245,ascending,6
9,left,3373.156,1790663834720,9.791779518127441,0.9595561623573303,-0.5623334050178528,-1.3300000429153442,-2.0299999713897705,-0.3499999940395355,-0.25662736105390377,descending,null
9,left,3373.165615384615,1790663834720,9.875532150268555,2.2373690605163574,-0.5503688454627991,-1.3300000429153442,-2.0299999713897705,-0.3499999940395355,-0.2533564817673883,descending,null
9,left,3373.175230769231,1790663834720,9.657776832580566,1.995685338973999,-0.5455830693244934,-1.3300000429153442,-2.0299999713897705,-0.3499999940395355,-0.2525919143687836,descending,null
9,left,3373.184846153846,1790663834720,9.624276161193848,1.4501023292541504,-0.5384043455123901,-1.3300000429153442,-2.0299999713897705,-0.3499999940395355,-0.25316858369213724,descending,null
9,left,3373.1944615384614,1790663834720,9.234231948852539,2.4431591033935547,-0.40679436922073364,-1.3300000429153442,-2.0299999713897705,-0.3499999940395355,-0.25558153211675927,descending,null
9,left,3373.204076923077,1790663834720,9.430450439453125,1.3807079792022705,-0.382865309715271,-1.3300000429153442,-2.0299999713897705,-0.3499999940395355,-0.25815879059460767,descending,null
9,left,3373.2136923076923,1790663834720,9.973641395568848,2.0411505699157715,-0.4044014811515808,-1.3300000429153442,-2.0299999713897705,-0.3499999940395355,-0.2543684735019002,descending,null
9,left,3373.2233076923076,1790663834720,9.583597183227539,2.1823322772979736,-0.44986671209335327,-1.3300000429153442,-2.0299999713897705,-0.3499999940395355,-0.25396706923660245,descending,null
9,right,3477.354,1790663834749,10.203360557556152,-4.362271308898926,1.0552724599838257,0.07000000029802322,-2.450000047683716,0.21000000834465027,0.48263176891418735,ascending,6
9,right,3477.363615384615,1790663834749,10.832695007324219,-3.596540927886963,1.0169858932495117,0.07000000029802322,-2.450000047683716,0.21000000834465027,0.4979827212201327,ascending,6
9,right,3477.3732307692308,1790663834749,10.772871971130371,-3.9722273349761963,0.9428057670593262,0.07000000029802322,-2.450000047683716,0.21000000834465027,0.5140853844613851,ascending,6
9,right,3477.382846153846,1790663834749,10.0885009765625,-3.682685613632202,1.0074143409729004,0.07000000029802322,-2.450000047683716,0.21000000834465027,0.5230759645236331,ascending,6
9,right,3477.3924615384612,1790663834749,10.37325668334961,-3.16821026802063,1.081594467163086,0.07000000029802322,-2.450000047683716,0.21000000834465027,0.5328552750125968,ascending,6
9,right,3477.402076923077,1790663834749,9.9832124710083,-3.0605294704437256,1.1294525861740112,0.07000000029802322,-2.450000047683716,0.21000000834465027,0.5387946087911945,ascending,6
9,right,3477.411692307692,1790663834749,10.19139575958252,-3.070101022720337,1.1533817052841187,0.07000000029802322,-2.450000047683716,0.21000000834465027,0.5466511734692978,ascending,6
9,right,3477.4213076923074,1790663834749,10.294290542602539,-3.393143653869629,1.1342384815216064,0.07000000029802322,-2.450000047683716,0.21000000834465027,0.5565454541484288,ascending,6
9,left,3373.235,1790663834793,10.052606582641602,1.074415683746338,-0.5599405169487,-1.5399999618530273,-0.42000001668930054,1.190000057220459,-0.25060199753975104,descending,null
9,left,3373.2446153846154,1790663834793,9.674527168273926,2.0555081367492676,-0.5623334050178528,-1.5399999618530273,-0.42000001668930054,1.190000057220459,0,resting,null
9,left,3373.254230769231,1790663834793,9.743921279907227,1.7540016174316406,-0.5192610621452332,-1.5399999618530273,-0.42000001668930054,1.190000057220459,0.0010071336705108594,resting,null
9,left,3373.2638461538463,1790663834793,9.775029182434082,1.651106595993042,-0.4761887192726135,-1.5399999618530273,-0.42000001668930054,1.190000057220459,0.002104417044762494,resting,null
9,left,3373.2734615384616,1790663834793,9.595561027526855,2.136866807937622,-0.42833054065704346,-1.5399999618530273,-0.42000001668930054,1.190000057220459,0.0023966393258896537,resting,null
9,left,3373.2830769230773,1790663834793,9.535738945007324,0.8111958503723145,-0.3804723918437958,-1.5399999618530273,-0.42000001668930054,1.190000057220459,-0.0003486681154523133,resting,null
9,left,3373.2926923076925,1790663834793,9.016477584838867,1.5745335817337036,-0.3421858549118042,-1.5399999618530273,-0.42000001668930054,1.190000057220459,-0.00658534612490026,resting,null
9,left,3373.3023076923077,1790663834793,8.626433372497559,1.7157150506973267,-0.24646952748298645,-1.5399999618530273,-0.42000001668930054,1.190000057220459,-0.01627230472207361,resting,null
9,right,3477.43,1790663834824,10.421114921569824,-4.07990837097168,1.1007376909255981,-0.699999988079071,-4.340000152587891,-0.2800000011920929,0.5686470294436956,ascending,6
9,right,3477.439615384615,1790663834824,10.557510375976562,-3.239997625350952,1.0576653480529785,-0.699999988079071,-4.340000152587891,-0.2800000011920929,0.5803446915621193,ascending,6
9,right,3477.449230769231,1790663834824,10.351720809936523,-3.196925163269043,0.9786993861198425,-0.699999988079071,-4.340000152587891,-0.2800000011920929,0.5900224186182881,ascending,6
9,right,3477.458846153846,1790663834824,9.38259220123291,-3.3883578777313232,0.904519259929657,-0.699999988079071,-4.340000152587891,-0.2800000011920929,0.591632123322928,ascending,6
9,right,3477.4684615384613,1790663834824,9.925783157348633,-2.2373690605163574,0.8829830884933472,-0.699999988079071,-4.340000152587891,-0.2800000011920929,0.5941904910164147,ascending,6
9,right,3477.478076923077,1790663834824,9.329948425292969,-3.61089825630188,0.7250511646270752,-0.699999988079071,-4.340000152587891,-0.2800000011920929,0.596014018710091,ascending,6
9,right,3477.487692307692,1790663834824,9.602740287780762,-2.6082699298858643,0.7059078812599182,-0.699999988079071,-4.340000152587891,-0.2800000011920929,0.5968764788633546,ascending,6
9,right,3477.4973076923075,1790663834824,9.686491966247559,-2.7446656227111816,0.6819788217544556,-0.699999988079071,-4.340000152587891,-0.2800000011920929,0.5989578018045513,ascending,6
9,left,3373.314,1790663834881,9.042799949645996,1.2179901599884033,-0.17468228936195374,-1.5399999618530273,1.190000057220459,-0.8400000333786011,-0.024398852370986292,resting,null
9,left,3373.323615384615,1790663834881,8.997334480285645,1.7587873935699463,-0.1698964685201645,-1.5399999618530273,1.190000057220459,-0.8400000333786011,-0.030525352605681073,resting,null
9,left,3373.333230769231,1790663834881,9.054763793945312,1.306527853012085,-0.13400284945964813,-1.5399999618530273,1.190000057220459,-0.8400000333786011,-0.03693386635601201,resting,null
9,left,3373.342846153846,1790663834881,9.475915908813477,1.5864980220794678,-0.15793193876743317,-1.5399999618530273,1.190000057220459,-0.8400000333786011,-0.03884881390355523,resting,null
9,left,3373.3524615384613,1790663834881,8.82983112335205,1.8186101913452148,-0.1316099464893341,-1.5399999618530273,1.190000057220459,-0.8400000333786011,-0.04644823390679422,resting,null
9,left,3373.362076923077,1790663834881,9.63624095916748,1.454888105392456,-0.16511066257953644,-1.5399999618530273,1.190000057220459,-0.8400000333786011,-0.047074894286279895,resting,null
9,left,3373.3716923076922,1790663834881,9.320377349853516,1.749215841293335,-0.09571632742881775,-1.5399999618530273,1.190000057220459,-0.8400000333786011,-0.05017310828154859,resting,null
9,left,3373.3813076923075,1790663834881,9.806137084960938,2.0626866817474365,-0.023929081857204437,-1.5399999618530273,1.190000057220459,-0.8400000333786011,-0.048138179667578405,resting,null
9,right,3477.506,1790663834899,8.614469528198242,-3.3404996395111084,0.7394086122512817,-0.49000000953674316,-6.510000228881836,0.21000000834465027,0.5939674696054755,ascending,6
9,right,3477.515615384615,1790663834899,9.262947082519531,-2.957634449005127,0.7729093432426453,-0.49000000953674316,-6.510000228881836,0.21000000834465027,0.5930041268006342,ascending,6
9,right,3477.525230769231,1790663834899,9.349091529846191,-3.4314301013946533,0.727444052696228,-0.49000000953674316,-6.510000228881836,0.21000000834465027,0.5943934267560351,ascending,6
9,right,3477.534846153846,1790663834899,9.37541389465332,-3.5797905921936035,0.6867645978927612,-0.49000000953674316,-6.510000228881836,0.21000000834465027,0.5965019734778957,ascending,6
9,right,3477.5444615384613,1790663834899,9.75588607788086,-3.2926416397094727,0.6317277550697327,-0.49000000953674316,-6.510000228881836,0.21000000834465027,0.6010447603956364,ascending,6
9,right,3477.554076923077,1790663834899,9.626668930053711,-3.280677080154419,0.5838695764541626,-0.49000000953674316,-6.510000228881836,0.21000000834465027,0.604366597601012,ascending,6
9,right,3477.5636923076922,1790663834899,9.82528018951416,-3.606112480163574,0.49054616689682007,-0.49000000953674316,-6.510000228881836,0.21000000834465027,0.6105237330800334,ascending,6
9,right,3477.5733076923075,1790663834899,9.741528511047363,-3.6204700469970703,0.382865309715271,-0.49000000953674316,-6.510000228881836,0.21000000834465027,0.6159282134725567,ascending,6
9,left,3373.393,1790663834973,9.870745658874512,1.8066456317901611,0.0909305065870285,-1.6800000667572021,3.0799999237060547,2.6600000858306885,-0.04551047747784063,resting,null
9,left,3373.4026153846153,1790663834973,10.313433647155762,2.3426570892333984,0.13878867030143738,-1.6800000667572021,3.0799999237060547,2.6600000858306885,-0.03821449647621369,resting,null
9,left,3373.412230769231,1790663834973,10.378042221069336,2.333085298538208,0.2703986167907715,-1.6800000667572021,3.0799999237060547,2.6600000858306885,-0.030348944468708138,resting,null
9,left,3373.421846153846,1790663834973,9.892282485961914,1.7731448411941528,0.29672059416770935,-1.6800000667572021,3.0799999237060547,2.6600000858306885,-0.02807595432217881,resting,null
9,left,3373.4314615384615,1790663834973,9.727170944213867,2.172760486602783,0.2129688262939453,-1.6800000667572021,3.0799999237060547,2.6600000858306885,-0.02662177269092096,resting,null
9,left,3373.441076923077,1790663834973,9.940139770507812,2.0961875915527344,0.20579010248184204,-1.6800000667572021,3.0799999237060547,2.6600000858306885,-0.023287483215648577,resting,null
9,left,3373.4506923076924,1790663834973,9.947319030761719,1.7922881841659546,0.1698964685201645,-1.6800000667572021,3.0799999237060547,2.6600000858306885,-0.020422117653265178,resting,null
9,left,3373.4603076923077,1790663834973,10.074143409729004,2.0914015769958496,0.1316099464893341,-1.6800000667572021,3.0799999237060547,2.6600000858306885,-0.015814129573626448,resting,null
9,right,3477.582,1790663834975,9.7391357421875,-3.400322437286377,0.3302213251590729,-0.42000001668930054,-7.070000171661377,0.6299999952316284,0.6201133792713954,ascending,6
9,right,3477.591615384615,1790663834975,9.329948425292969,-3.4936459064483643,0.3517574965953827,-0.42000001668930054,-7.070000171661377,0.6299999952316284,0.6213731002435011,ascending,6
9,right,3477.601230769231,1790663834975,9.224660873413086,-3.261533737182617,0.3613291084766388,-0.42000001668930054,-7.070000171661377,0.6299999952316284,0.6209154103765984,ascending,6
9,right,3477.610846153846,1790663834975,9.258161544799805,-3.352464199066162,0.38765111565589905,-0.42000001668930054,-7.070000171661377,0.6299999952316284,0.6210712695183538,ascending,6
9,right,3477.6204615384613,1790663834975,9.172017097473145,-3.400322437286377,0.4259376525878906,-0.42000001668930054,-7.070000171661377,0.6299999952316284,0.6206219489058658,ascending,6
9,right,3477.630076923077,1790663834975,9.396949768066406,-3.189746379852295,0.41636601090431213,-0.42000001668930054,-7.070000171661377,0.6299999952316284,0.6215030910655394,ascending,6
9,right,3477.6396923076923,1790663834975,9.258161544799805,-3.1083877086639404,0.48815324902534485,-0.42000001668930054,-7.070000171661377,0.6299999952316284,0.6208906141418274,ascending,6
9,right,3477.6493076923075,1790663834975,8.915975570678711,-3.2854628562927246,0.5264397859573364,-0.42000001668930054,-7.070000171661377,0.6299999952316284,0.6177850517516167,ascending,6
9,left,3373.472,1790663835034,9.987998008728027,1.7300724983215332,0.15793193876743317,-0.7699999809265137,2.0999999046325684,0.6299999952316284,-0.011987555731508908,resting,null
9,left,3373.4816153846155,1790663835034,9.875532150268555,2.0890088081359863,0.11246667802333832,-0.7699999809265137,2.0999999046325684,0.6299999952316284,-0.009253449405768778,resting,null
9,left,3373.491230769231,1790663835034,9.7391357421875,2.2182257175445557,0.06700142472982407,-0.7699999809265137,2.0999999046325684,0.6299999952316284,-0.007565727357779443,resting,null
9,left,3373.5008461538464,1790663835034,10.043035507202148,2.024400234222412,0.016750356182456017,-0.7699999809265137,2.0999999046325684,0.6299999952316284,-0.0033553907156665883,resting,null
9,left,3373.5104615384616,1790663835034,10.145930290222168,2.2086541652679443,0.05742979422211647,-0.7699999809265137,2.0999999046325684,0.6299999952316284,0.002161359286429741,resting,null
9,left,3373.5200769230773,1790663835034,10.344541549682617,2.136866807937622,0.05264397710561752,-0.7699999809265137,2.0999999046325684,0.6299999952316284,0.00942043817333492,resting,null
9,left,3373.5296923076926,1790663835034,10.18182373046875,2.3091564178466797,0.15793193876743317,-0.7699999809265137,2.0999999046325684,0.6299999952316284,0.015461278581864342,resting,null
9,left,3373.539307692308,1790663835034,9.973641395568848,1.9861136674880981,0.1722893863916397,-0.7699999809265137,2.0999999046325684,0.6299999952316284,0.01893924145847206,resting,null
9,right,3477.658,1790663835079,9.030835151672363,-3.3046059608459473,0.5192610621452332,0.2800000011920929,-6.579999923706055,0.49000000953674316,0.6159711460077099,ascending,6
9,right,3477.667615384615,1790663835079,8.827438354492188,-3.4314301013946533,0.5671192407608032,0.2800000011920929,-6.579999923706055,0.49000000953674316,0.6125658720711397,ascending,6
9,right,3477.677230769231,1790663835079,8.827438354492188,-3.342892646789551,0.588655412197113,0.2800000011920929,-6.579999923706055,0.49000000953674316,0.6088787014002415,ascending,6
9,right,3477.686846153846,1790663835079,9.351485252380371,-3.385964870452881,0.509689450263977,0.2800000011920929,-6.579999923706055,0.49000000953674316,0.610035129924546,ascending,6
9,right,3477.6964615384613,1790663835079,9.30601978302002,-3.316570520401001,0.5072965025901794,0.2800000011920929,-6.579999923706055,0.49000000953674316,0.6105518038111754,ascending,6
9,right,3477.706076923077,1790663835079,9.21748161315918,-3.4314301013946533,0.48576033115386963,0.2800000011920929,-6.579999923706055,0.49000000953674316,0.6106413888135097,ascending,6
9,right,3477.7156923076923,1790663835079,9.009299278259277,-3.421858549118042,0.39722275733947754,0.2800000011920929,-6.579999923706055,0.49000000953674316,0.6087924150282892,ascending,6
9,right,3477.7253076923075,1790663835079,9.160052299499512,-3.141888380050659,0.40918728709220886,0.2800000011920929,-6.579999923706055,0.49000000953674316,0.6073813215665251,ascending,6
9,left,3373.552,1790663835167,9.684099197387695,1.7851094007492065,0.1722893863916397,0.07000000029802322,0.699999988079071,0.14000000059604645,0.019436683739944727,resting,null
9,left,3373.5616153846154,1790663835167,9.648205757141113,2.0985803604125977,0.13639576733112335,0.07000000029802322,0.699999988079071,0.14000000059604645,0.020057143967486053,resting,null
9,left,3373.571230769231,1790663835167,9.760672569274902,1.682214379310608,0.13400284945964813,0.07000000029802322,0.699999988079071,0.14000000059604645,0.020967888702084738,resting,null
9,left,3373.5808461538463,1790663835167,9.538131713867188,1.710929274559021,0.15793193876743317,0.07000000029802322,0.699999988079071,0.14000000059604645,0.019835918761290053,resting,null
9,left,3373.5904615384616,1790663835167,9.246196746826172,2.184725046157837,0.15553902089595795,0.07000000029802322,0.699999988079071,0.14000000059604645,0.016825522325211024,resting,null
9,left,3373.6000769230773,1790663835167,9.420879364013672,1.552997350692749,0.20339718461036682,0.07000000029802322,0.699999988079071,0.14000000059604645,0.014303525979379795,resting,null
9,left,3373.6096923076925,1790663835167,9.55727481842041,2.0842230319976807,0.2225404530763626,0.07000000029802322,0.699999988079071,0.14000000059604645,0.014049524384835284,resting,null
9,left,3373.6193076923078,1790663835167,9.315590858459473,1.6989647150039673,0.19621846079826355,0.07000000029802322,0.699999988079071,0.14000000059604645,0,resting,null
9,right,3477.734,1790663835184,9.231839179992676,-3.196925163269043,0.3732936680316925,0.7699999809265137,-5.460000038146973,1.190000057220459,0.6068468992784262,ascending,6
9,right,3477.743615384615,1790663835184,9.095443725585938,-3.3835721015930176,0.4546525478363037,0.7699999809265137,-5.460000038146973,1.190000057220459,0.6056674505573113,ascending,6
9,right,3477.753230769231,1790663835184,9.093050956726074,-3.4051082134246826,0.41636601090431213,0.7699999809265137,-5.460000038146973,1.190000057220459,0,resting,null
9,right,3477.762846153846,1790663835184,9.229446411132812,-3.2423903942108154,0.3732936680316925,0.7699999809265137,-5.460000038146973,1.190000057220459,-0.00017183547584749385,resting,null
9,right,3477.7724615384614,1790663835184,9.358663558959961,-3.6731138229370117,0.4044014811515808,0.7699999809265137,-5.460000038146973,1.190000057220459,0.002255892869452902,resting,null
9,right,3477.782076923077,1790663835184,9.614705085754395,-3.2280330657958984,0.363722026348114,0.7699999809265137,-5.460000038146973,1.190000057220459,0.005507450378936247,resting,null
9,right,3477.7916923076923,1790663835184,9.650598526000977,-3.4553592205047607,0.32782840728759766,0.7699999809265137,-5.460000038146973,1.190000057220459,0.009820045254289025,resting,null
9,right,3477.8013076923075,1790663835184,9.361056327819824,-3.3572499752044678,0.30629223585128784,0.7699999809265137,-5.460000038146973,1.190000057220459,0.01118864272603178,resting,null
9,left,3373.631,1790663835198,9.361056327819824,1.612820029258728,0.2536482512950897,0.42000001668930054,0.9100000262260437,0.21000000834465027,-0.0035949625625277632,resting,null
9,left,3373.640615384615,1790663835198,9.255768775939941,1.904754877090454,0.2895418703556061,0.42000001668930054,0.9100000262260437,0.21000000834465027,-0.007004835183012751,resting,null
9,left,3373.650230769231,1790663835198,9.186373710632324,1.682214379310608,0.2823631465435028,0.42000001668930054,0.9100000262260437,0.21000000834465027,-0.011472508841813129,resting,null
9,left,3373.659846153846,1790663835198,9.346698760986328,1.8521108627319336,0.2703986167907715,0.42000001668930054,0.9100000262260437,0.21000000834465027,-0.014114854754160182,resting,null
9,left,3373.6694615384613,1790663835198,9.349091529846191,1.6917860507965088,0.284756064414978,0.42000001668930054,0.9100000262260437,0.21000000834465027,-0.017021253599823278,resting,null
9,left,3373.679076923077,1790663835198,9.432844161987305,1.6846072673797607,0.3206496834754944,0.42000001668930054,0.9100000262260437,0.21000000834465027,-0.01914052160065971,resting,null
9,left,3373.6886923076922,1790663835198,9.373021125793457,1.7611804008483887,0.3517574965953827,0.42000001668930054,0.9100000262260437,0.21000000834465027,-0.021677267437646773,resting,null
9,left,3373.6983076923075,1790663835198,9.358663558959961,1.5075321197509766,0.34936457872390747,0.42000001668930054,0.9100000262260437,0.21000000834465027,-0.024801166661324443,resting,null
9,right,3477.809,1790663835203,9.71520709991455,-3.2687125205993652,0.3015064299106598,1.2599999904632568,-5.460000038146973,0.9800000190734863,0.014612183900412107,resting,null
9,right,3477.8186153846154,1790663835203,9.576417922973633,-3.4314301013946533,0.27518442273139954,1.2599999904632568,-5.460000038146973,0.9800000190734863,0.018158145865565335,resting,null
9,right,3477.828230769231,1790663835203,9.657776832580566,-3.505610466003418,0.2943277060985565,1.2599999904632568,-5.460000038146973,0.9800000190734863,0.02268466942862034,resting,null
9,right,3477.8378461538464,1790663835203,9.885103225708008,-3.3763933181762695,0.2416837215423584,1.2599999904632568,-5.460000038146973,0.9800000190734863,0.028829153763747922,resting,null
9,right,3477.8474615384616,1790663835203,9.791779518127441,-3.606112480163574,0.2512553632259369,1.2599999904632568,-5.460000038146973,0.9800000190734863,0.034879001187356366,resting,null
9,right,3477.8570769230773,1790663835203,9.995177268981934,-3.3907508850097656,0.23689790070056915,1.2599999904632568,-5.460000038146973,0.9800000190734863,0.04205852335501797,resting,null
9,right,3477.8666923076926,1790663835203,9.772636413574219,-3.42903733253479,0.260826975107193,1.2599999904632568,-5.460000038146973,0.9800000190734863,0.04735458154593835,resting,null
9,right,3477.876307692308,1790663835203,9.861174583435059,-3.598933696746826,0.18903973698616028,1.2599999904632568,-5.460000038146973,0.9800000190734863,0.0539849854034528,resting,null
9,left,3373.711,1790663835272,9.428057670593262,1.739644169807434,0.3709007501602173,0.3499999940395355,2.240000009536743,0,-0.027498033867448448,resting,null
9,left,3373.720615384615,1790663835272,9.363449096679688,1.7587873935699463,0.3038993179798126,0.3499999940395355,2.240000009536743,0,-0.030127860534500152,resting,null
9,left,3373.7302307692307,1790663835272,9.286876678466797,1.4213874340057373,0.2943277060985565,0.3499999940395355,2.240000009536743,0,-0.034077806942995954,resting,null
9,left,3373.739846153846,1790663835272,9.349091529846191,1.8257888555526733,0.29911351203918457,0.3499999940395355,2.240000009536743,0,-0.03672026115940508,resting,null
9,left,3373.749461538461,1790663835272,9.195945739746094,1.591283917427063,0.260826975107193,0.3499999940395355,2.240000009536743,0,-0.04123132785791527,resting,null
9,left,3373.759076923077,1790663835272,9.286876678466797,1.4788172245025635,0.22732627391815186,0.3499999940395355,2.240000009536743,0,-0.04508345074866218,resting,null
9,left,3373.768692307692,1790663835272,9.229446411132812,1.5362470149993896,0.18425391614437103,0.3499999940395355,2.240000009536743,0,-0.04938424494897659,resting,null
9,left,3373.7783076923074,1790663835272,9.420879364013672,1.3687434196472168,0.2225404530763626,0.3499999940395355,2.240000009536743,0,-0.05214742058040327,resting,null
9,right,3477.885,1790663835289,9.918603897094727,-3.2232472896575928,0.23929080367088318,0.9100000262260437,-7.210000038146973,0.8400000333786011,0.05935431786106416,resting,null
9,right,3477.8946153846155,1790663835289,9.719992637634277,-3.7760090827941895,0.21775463223457336,0.9100000262260437,-7.210000038146973,0.8400000333786011,0.06528573823351291,resting,null
9,right,3477.904230769231,1790663835289,9.6697416305542,-3.3955366611480713,0.2919347882270813,0.9100000262260437,-7.210000038146973,0.8400000333786011,0.06953528936389723,resting,null
9,right,3477.9138461538464,1790663835289,9.626668930053711,-3.3213565349578857,0.3350071310997009,0.9100000262260437,-7.210000038146973,0.8400000333786011,0.0731615966969847,resting,null
9,right,3477.9234615384617,1790663835289,9.19355297088623,-3.4051082134246826,0.32543548941612244,0.9100000262260437,-7.210000038146973,0.8400000333786011,0.07313901298939672,resting,null
9,right,3477.9330769230774,1790663835289,9.346698760986328,-3.0677082538604736,0.35654330253601074,0.9100000262260437,-7.210000038146973,0.8400000333786011,0.07341354307911058,resting,null
9,right,3477.9426923076926,1790663835289,9.155266761779785,-3.2687125205993652,0.40679436922073364,0.9100000262260437,-7.210000038146973,0.8400000333786011,0.07261705456837242,resting,null
9,right,3477.952307692308,1790663835289,9.346698760986328,-3.632434368133545,0.3948298394680023,0.9100000262260437,-7.210000038146973,0.8400000333786011,0.07473204208554317,resting,null
9,right,3477.962,1790663835379,9.526166915893555,-3.316570520401001,0.41636601090431213,0.7699999809265137,-7.840000152587891,1.4700000286102295,0.07746774934806057,resting,null
9,right,3477.9716153846152,1790663835379,9.282090187072754,-3.577397584915161,0.3732936680316925,0.7699999809265137,-7.840000152587891,1.4700000286102295,0.07881536908749064,resting,null
9,right,3477.981230769231,1790663835379,8.889653205871582,-3.259140729904175,0.4522596299648285,0.7699999809265137,-7.840000152587891,1.4700000286102295,0.0755925837487253,resting,null
9,right,3477.990846153846,1790663835379,9.0978364944458,-3.2208542823791504,0.5144752264022827,0.7699999809265137,-7.840000152587891,1.4700000286102295,0.07413979317049164,resting,null
9,right,3478.0004615384614,1790663835379,8.947083473205566,-3.3333208560943604,0.45943835377693176,0.7699999809265137,-7.840000152587891,1.4700000286102295,0.07168317529222593,resting,null
9,right,3478.010076923077,1790663835379,9.030835151672363,-3.211282730102539,0.4044014811515808,0.7699999809265137,-7.840000152587891,1.4700000286102295,0.06957467648147563,resting,null
9,right,3478.0196923076924,1790663835379,8.9590482711792,-3.4601449966430664,0.4737958014011383,0.7699999809265137,-7.840000152587891,1.4700000286102295,0.06764845177736786,resting,null
9,right,3478.0293076923076,1790663835379,8.82983112335205,-3.3261423110961914,0.521653950214386,0.7699999809265137,-7.840000152587891,1.4700000286102295,0.06412678116591367,resting,null
9,left,3373.79,1790663835407,9.65299129486084,1.682214379310608,0.1722893863916397,0,3.569999933242798,0.2800000011920929,-0.052199677081355846,resting,null
9,left,3373.799615384615,1790663835407,9.700849533081055,1.7300724983215332,0.2129688262939453,0,3.569999933242798,0.2800000011920929,-0.05169864604491822,resting,null
9,left,3373.809230769231,1790663835407,9.437629699707031,1.462066888809204,0.181861013174057,0,3.569999933242798,0.2800000011920929,-0.0541446913051145,resting,null
9,left,3373.818846153846,1790663835407,9.420879364013672,1.4955675601959229,0.19861137866973877,0,3.569999933242798,0.2800000011920929,-0.05668504562186539,resting,null
9,left,3373.8284615384614,1790663835407,9.624276161193848,1.6463208198547363,0.2321120798587799,0,3.569999933242798,0.2800000011920929,-0.057040807030532194,resting,null
9,left,3373.838076923077,1790663835407,9.700849533081055,1.8903974294662476,0.12921704351902008,0,3.569999933242798,0.2800000011920929,-0.05629264668147977,resting,null
9,left,3373.8476923076923,1790663835407,9.638633728027344,1.416601538658142,0.11725249886512756,0,3.569999933242798,0.2800000011920929,-0.05691615303081878,resting,null
9,left,3373.8573076923076,1790663835407,9.767850875854492,1.770751953125,0.0909305065870285,0,3.569999933242798,0.2800000011920929,-0.05574041943815166,resting,null
9,left,3373.869,1790663835436,9.801351547241211,1.552997350692749,0.07896596938371658,-0.21000000834465027,3.1500000953674316,0.699999988079071,-0.05436106658510529,resting,null
9,left,3373.8786153846154,1790663835436,9.918603897094727,1.3974583148956299,0.06221561133861542,-0.21000000834465027,3.1500000953674316,0.699999988079071,-0.052369250114529656,resting,null
9,left,3373.888230769231,1790663835436,9.758278846740723,1.464459776878357,0.05742979422211647,-0.21000000834465027,3.1500000953674316,0.699999988079071,-0.05178639928225093,resting,null
9,left,3373.8978461538463,1790663835436,9.612311363220215,1.6247845888137817,0.1005021408200264,-0.21000000834465027,3.1500000953674316,0.699999988079071,-0.05231960669879204,resting,null
9,left,3373.9074615384616,1790663835436,9.590775489807129,1.5936768054962158,0.10528795421123505,-0.21000000834465027,3.1500000953674316,0.699999988079071,-0.05310454025472238,resting,null
9,left,3373.9170769230773,1790663835436,9.84203052520752,1.5984625816345215,0.12203831225633621,-0.21000000834465027,3.1500000953674316,0.699999988079071,-0.051496429700592594,resting,null
9,left,3373.9266923076925,1790663835436,10.011927604675293,1.6678569316864014,0.12682412564754486,-0.21000000834465027,3.1500000953674316,0.699999988079071,-0.04816732780488713,resting,null
9,left,3373.9363076923078,1790663835436,9.987998008728027,1.679821491241455,0.16271774470806122,-0.21000000834465027,3.1500000953674316,0.699999988079071,-0.04504083718858648,resting,null
9,right,3478.038,1790663835439,9.0978364944458,-3.1873536109924316,0.5312256217002869,0.14000000059604645,-7.699999809265137,1.399999976158142,0.06272176692275112,resting,null
9,right,3478.0476153846153,1790663835439,8.722149848937988,-3.295034408569336,0.5168681740760803,0.14000000059604645,-7.699999809265137,1.399999976158142,0.058128125447194326,resting,null
9,right,3478.057230769231,1790663835439,8.703006744384766,-3.2423903942108154,0.4953319728374481,0.14000000059604645,-7.699999809265137,1.399999976158142,0.053187004510777035,resting,null
9,right,3478.066846153846,1790663835439,8.51396656036377,-3.1299238204956055,0.4929390549659729,0.14000000059604645,-7.699999809265137,1.399999976158142,0.046171305449178426,resting,null
9,right,3478.0764615384614,1790663835439,8.48285961151123,-3.323749303817749,0.5049036145210266,0.14000000059604645,-7.699999809265137,1.399999976158142,0.03952223795346961,resting,null
9,right,3478.086076923077,1790663835439,8.710185050964355,-3.156245708465576,0.44747382402420044,0.14000000059604645,-7.699999809265137,1.399999976158142,0.034361685016886814,resting,null
9,right,3478.0956923076924,1790663835439,8.865724563598633,-3.225640058517456,0.4450809061527252,0.14000000059604645,-7.699999809265137,1.399999976158142,0.030836183135832473,resting,null
9,right,3478.1053076923076,1790663835439,9.061943054199219,-3.352464199066162,0.4044014811515808,0.14000000059604645,-7.699999809265137,1.399999976158142,0.029494274008550647,resting,null
9,left,3373.949,1790663835513,9.8444242477417,1.8903974294662476,0.23450499773025513,-0.5600000023841858,1.9600000381469727,0.21000000834465027,-0.04224697069224355,resting,null
9,left,3373.9586153846153,1790663835513,9.741528511047363,1.8545037508010864,0.2823631465435028,-0.5600000023841858,1.9600000381469727,0.21000000834465027,-0.04115138188524016,resting,null
9,left,3373.968230769231,1790663835513,9.944926261901855,1.7922881841659546,0.41875892877578735,-0.5600000023841858,1.9600000381469727,0.21000000834465027,-0.03820088876788998,resting,null
9,left,3373.9778461538463,1790663835513,9.959283828735352,2.1966896057128906,0.5001177787780762,-0.5600000023841858,1.9600000381469727,0.21000000834465027,-0.034430106027128655,resting,null
9,left,3373.9874615384615,1790663835513,9.858781814575195,1.8999689817428589,0.5719050168991089,-0.5600000023841858,1.9600000381469727,0.21000000834465027,-0.03207787451585019,resting,null
9,left,3373.997076923077,1790663835513,9.813316345214844,2.036364793777466,0.6101915836334229,-0.5600000023841858,1.9600000381469727,0.21000000834465027,-0.02991503500734924,resting,null
9,left,3374.0066923076924,1790663835513,9.83485221862793,2.275655508041382,0.6221560835838318,-0.5600000023841858,1.9600000381469727,0.21000000834465027,-0.02713835078760645,resting,null
9,left,3374.0163076923077,1790663835513,9.868352890014648,2.376157760620117,0.6221560835838318,-0.5600000023841858,1.9600000381469727,0.21000000834465027,-0.02386567837912117,resting,null
9,right,3478.113,1790663835515,9.078693389892578,-3.3189635276794434,0.38525819778442383,0.5600000023841858,-5.880000114440918,1.3300000429153442,0.028450588790298645,resting,null
9,right,3478.122615384615,1790663835515,9.105015754699707,-3.4601449966430664,0.3110780417919159,0.5600000023841858,-5.880000114440918,1.3300000429153442,0.02783802030819705,resting,null
9,right,3478.132230769231,1790663835515,9.239018440246582,-3.5319323539733887,0.20818300545215607,0.5600000023841858,-5.880000114440918,1.3300000429153442,0.02865311067695657,resting,null
9,right,3478.141846153846,1790663835515,9.361056327819824,-3.436216115951538,0.07896596938371658,0.5600000023841858,-5.880000114440918,1.3300000429153442,0.030223592915247142,resting,null
9,right,3478.1514615384613,1790663835515,9.420879364013672,-3.548682689666748,0.09810923039913177,0.5600000023841858,-5.880000114440918,1.3300000429153442,0.03271374808597617,resting,null
9,right,3478.161076923077,1790663835515,9.48788070678711,-3.4266443252563477,-0.0023929080925881863,0.5600000023841858,-5.880000114440918,1.3300000429153442,0.03538487464878833,resting,null
9,right,3478.170692307692,1790663835515,9.605133056640625,-3.7066147327423096,-0.08135887235403061,0.5600000023841858,-5.880000114440918,1.3300000429153442,0.04004302281263556,resting,null
9,right,3478.1803076923075,1790663835515,9.638633728027344,-3.61089825630188,-0.016750356182456017,0.5600000023841858,-5.880000114440918,1.3300000429153442,0.04468968052147016,resting,null
9,left,3374.028,1790663835587,9.552489280700684,2.0818300247192383,0.6365135312080383,0,1.1200000047683716,-3.430000066757202,-0.024103807680805694,resting,null
9,left,3374.037615384615,1790663835587,9.315590858459473,2.177546262741089,0.6317277550697327,0,1.1200000047683716,-3.430000066757202,-0.02636483681008727,resting,null
9,left,3374.0472307692307,1790663835587,9.174409866333008,2.3641932010650635,0.569512128829956,0,1.1200000047683716,-3.430000066757202,-0.029639638081300185,resting,null
9,left,3374.056846153846,1790663835587,9.337127685546875,2.0985803604125977,0.6341206431388855,0,1.1200000047683716,-3.430000066757202,-0.03180906529467632,resting,null
9,left,3374.066461538461,1790663835587,9.74870777130127,2.2373690605163574,0.5838695764541626,0,1.1200000047683716,-3.430000066757202,-0.02985251657639323,resting,null
9,left,3374.076076923077,1790663835587,9.614705085754395,2.4431591033935547,0.5647262930870056,0,1.1200000047683716,-3.430000066757202,-0.028786915328126914,resting,null
9,left,3374.085692307692,1790663835587,9.803744316101074,2.177546262741089,0.5336185097694397,0,1.1200000047683716,-3.430000066757202,-0.026419767991131358,resting,null
9,left,3374.0953076923074,1790663835587,9.84203052520752,2.10097336769104,0.44986671209335327,0,1.1200000047683716,-3.430000066757202,-0.023856656319054755,resting,null
9,right,3478.189,1790663835590,9.621883392333984,-3.7329366207122803,-0.05742979422211647,0.9100000262260437,-5.599999904632568,1.8899999856948853,0.049122960994170184,resting,null
9,right,3478.198615384615,1790663835590,9.418486595153809,-3.618077039718628,-0.028714897111058235,0.9100000262260437,-5.599999904632568,1.8899999856948853,0.0518120370693307,resting,null
9,right,3478.208230769231,1790663835590,9.157659530639648,-3.3141777515411377,-0.03110780566930771,0.9100000262260437,-5.599999904632568,1.8899999856948853,0.051128104072799184,resting,null
9,right,3478.217846153846,1790663835590,9.11458683013916,-3.5103962421417236,-0.035893622785806656,0.9100000262260437,-5.599999904632568,1.8899999856948853,0.050720874713502034,resting,null
9,right,3478.2274615384613,1790663835590,8.997334480285645,-3.68986439704895,-0.08375178277492523,0.9100000262260437,-5.599999904632568,1.8899999856948853,0.04987265567205535,resting,null
9,right,3478.237076923077,1790663835590,9.033227920532227,-3.6778998374938965,0.04546525329351425,0.9100000262260437,-5.599999904632568,1.8899999856948853,0.04931233035782521,resting,null
9,right,3478.2466923076922,1790663835590,9.023656845092773,-3.632434368133545,0.059822700917720795,0.9100000262260437,-5.599999904632568,1.8899999856948853,0.0485138768126877,resting,null
9,right,3478.2563076923075,1790663835590,8.877689361572266,-3.7831876277923584,0.13639576733112335,0.9100000262260437,-5.599999904632568,1.8899999856948853,0.04693143889936952,resting,null
9,right,3478.265,1790663835664,9.01887035369873,-3.6563634872436523,0.15314611792564392,1.190000057220459,-5.599999904632568,1.75,0.04625119134660414,resting,null
9,right,3478.274615384615,1790663835664,8.884867668151855,-3.625255823135376,0.22971917688846588,1.190000057220459,-5.599999904632568,1.75,0.04419297876494277,resting,null
9,right,3478.284230769231,1790663835664,8.86333179473877,-3.6922571659088135,0.2225404530763626,1.190000057220459,-5.599999904632568,1.75,0.04217982950633841,resting,null
9,right,3478.293846153846,1790663835664,8.76761531829834,-3.7329366207122803,0.3015064299106598,1.190000057220459,-5.599999904632568,1.75,0.039458139498455655,resting,null
9,right,3478.3034615384613,1790663835664,8.722149848937988,-3.646791934967041,0.2632198929786682,1.190000057220459,-5.599999904632568,1.75,0.036031699164662645,resting,null
9,right,3478.313076923077,1790663835664,8.554646492004395,-3.3333208560943604,0.30868515372276306,1.190000057220459,-5.599999904632568,1.75,0.03000774083739954,resting,null
9,right,3478.3226923076923,1790663835664,8.604897499084473,-3.5295393466949463,0.30868515372276306,1.190000057220459,-5.599999904632568,1.75,0.02512932953286254,resting,null
9,right,3478.3323076923075,1790663835664,8.580968856811523,-3.4314301013946533,0.2823631465435028,1.190000057220459,-5.599999904632568,1.75,0.019694054540457407,resting,null
9,left,3374.107,1790663835721,10.002355575561523,2.3976938724517822,0.4259376525878906,0.2800000011920929,1.4700000286102295,0.9100000262260437,-0.01823970311892698,resting,null
9,left,3374.116615384615,1790663835721,10.00953483581543,2.3091564178466797,0.3732936680316925,0.2800000011920929,1.4700000286102295,0.9100000262260437,-0.013733559121815602,resting,null
9,left,3374.126230769231,1790663835721,10.066964149475098,1.8951832056045532,0.3326142132282257,0.2800000011920929,1.4700000286102295,0.9100000262260437,-0.009478840274656567,resting,null
9,left,3374.135846153846,1790663835721,10.081321716308594,2.2014753818511963,0.3038993179798126,0.2800000011920929,1.4700000286102295,0.9100000262260437,-0.00452777125235991,resting,null
9,left,3374.1454615384614,1790663835721,9.892282485961914,2.6872358322143555,0.26800569891929626,0.2800000011920929,1.4700000286102295,0.9100000262260437,-0.0004494515395825735,resting,null
9,left,3374.155076923077,1790663835721,9.906639099121094,1.643927812576294,0.3015064299106598,0.2800000011920929,1.4700000286102295,0.9100000262260437,0.0018060389107700788,resting,null
9,left,3374.1646923076923,1790663835721,9.775029182434082,1.93586266040802,0.2823631465435028,0.2800000011920929,1.4700000286102295,0.9100000262260437,0.003361764610617954,resting,null
9,left,3374.1743076923076,1790663835721,9.82528018951416,2.4407663345336914,0.3015064299106598,0.2800000011920929,1.4700000286102295,0.9100000262260437,0.006349255096909027,resting,null
9,right,3478.341,1790663835740,8.951869010925293,-3.505610466003418,0.3134709596633911,1.75,-4.480000019073486,1.75,0.018018979548161864,resting,null
9,right,3478.350615384615,1790663835740,8.968619346618652,-3.505610466003418,0.27997025847435,1.75,-4.480000019073486,1.75,0.01631713474619623,resting,null
9,right,3478.360230769231,1790663835740,9.128944396972656,-3.6420061588287354,0.339792937040329,1.75,-4.480000019073486,1.75,0.016535876464448623,resting,null
9,right,3478.369846153846,1790663835740,9.073907852172852,-3.5319323539733887,0.363722026348114,1.75,-4.480000019073486,1.75,0.01587659679419638,resting,null
9,right,3478.3794615384613,1790663835740,9.258161544799805,-3.5438969135284424,0.33740004897117615,1.75,-4.480000019073486,1.75,0.01690694118922137,resting,null
9,right,3478.389076923077,1790663835740,9.358663558959961,-3.8310458660125732,0.3134709596633911,1.75,-4.480000019073486,1.75,0.01985160295693629,resting,null
9,right,3478.3986923076923,1790663835740,9.198338508605957,-3.7114005088806152,0.34697166085243225,1.75,-4.480000019073486,1.75,0.020943145106988546,resting,null
9,right,3478.4083076923075,1790663835740,9.03562068939209,-3.682685613632202,0.37807947397232056,1.75,-4.480000019073486,1.75,0.02048405746577986,resting,null
9,left,3374.186,1790663835754,10.33975601196289,2.5269110202789307,0.3015064299106598,0.42000001668930054,-0.21000000834465027,-5.389999866485596,0.01608584605198311,resting,null
9,left,3374.1956153846154,1790663835754,10.263182640075684,1.9621846675872803,0.284756064414978,0.42000001668930054,-0.21000000834465027,-5.389999866485596,0.022280229019940426,resting,null
9,left,3374.205230769231,1790663835754,10.430685997009277,2.115330696105957,0.25843408703804016,0.42000001668930054,-0.21000000834465027,-5.389999866485596,0.030334042198854928,resting,null
9,left,3374.2148461538463,1790663835754,10.074143409729004,2.54366135597229,0.27757734060287476,0.42000001668930054,-0.21000000834465027,-5.389999866485596,0.03587047357465934,resting,null
9,left,3374.2244615384616,1790663835754,10.234467506408691,2.242154836654663,0.24886244535446167,0.42000001668930054,-0.21000000834465027,-5.389999866485596,0.04231889729702726,resting,null
9,left,3374.2340769230773,1790663835754,10.045428276062012,2.1392598152160645,0.2416837215423584,0.42000001668930054,-0.21000000834465027,-5.389999866485596,0.0467833903191938,resting,null
9,left,3374.2436923076925,1790663835754,9.597954750061035,2.3354783058166504,0.19621846079826355,0.42000001668930054,-0.21000000834465027,-5.389999866485596,0.04742378880505072,resting,null
9,left,3374.2533076923078,1790663835754,9.128944396972656,1.9095406532287598,0.2129688262939453,0.42000001668930054,-0.21000000834465027,-5.389999866485596,0.042807777003398315,resting,null
9,right,3478.417,1790663835829,8.887260437011719,-3.4266443252563477,0.40679436922073364,2.0299999713897705,-3.640000104904175,1.4700000286102295,0.018053141170596948,resting,null
9,right,3478.426615384615,1790663835829,8.475680351257324,-3.632434368133545,0.36611494421958923,2.0299999713897705,-3.640000104904175,1.4700000286102295,0.012422826258252159,resting,null
9,right,3478.436230769231,1790663835829,8.451751708984375,-3.54150390625,0.33740004897117615,2.0299999713897705,-3.640000104904175,1.4700000286102295,0.006257881335843179,resting,null
9,right,3478.445846153846,1790663835829,8.839402198791504,-3.6491849422454834,0.3350071310997009,2.0299999713897705,-3.640000104904175,1.4700000286102295,0.003941224102901456,resting,null
9,right,3478.4554615384613,1790663835829,9.243803977966309,-3.5654330253601074,0.32782840728759766,2.0299999713897705,-3.640000104904175,1.4700000286102295,0.0049334802788938165,resting,null
9,right,3478.465076923077,1790663835829,9.231839179992676,-3.7425081729888916,0.25604116916656494,2.0299999713897705,-3.640000104904175,1.4700000286102295,0.006444352595081867,resting,null
9,right,3478.4746923076923,1790663835829,9.373021125793457,-3.759258508682251,0.2727915346622467,2.0299999713897705,-3.640000104904175,1.4700000286102295,0.00927678772469494,resting,null
9,right,3478.4843076923075,1790663835829,9.511809349060059,-3.787973403930664,0.31825676560401917,2.0299999713897705,-3.640000104904175,1.4700000286102295,0.013456065090848507,resting,null
9,left,3374.265,1790663835830,8.94229793548584,1.9310768842697144,0.24407662451267242,1.190000057220459,-2.0999999046325684,0.5600000023841858,0.035129158122601846,resting,null
9,left,3374.274615384615,1790663835830,9.255768775939941,2.141652822494507,0.26561281085014343,1.190000057220459,-2.0999999046325684,0.5600000023841858,0.03219553588112671,resting,null
9,left,3374.284230769231,1790663835830,9.753493309020996,2.5532329082489014,0.27518442273139954,1.190000057220459,-2.0999999046325684,0.5600000023841858,0.03478559615088601,resting,null
9,left,3374.293846153846,1790663835830,9.786993980407715,2.1679747104644775,0.30629223585128784,1.190000057220459,-2.0999999046325684,0.5600000023841858,0.03690424160826184,resting,null
9,left,3374.3034615384613,1790663835830,9.65299129486084,2.024400234222412,0.31825676560401917,1.190000057220459,-2.0999999046325684,0.5600000023841858,0.037473007790610274,resting,null
9,left,3374.313076923077,1790663835830,9.710420608520508,2.220618724822998,0.3421858549118042,1.190000057220459,-2.0999999046325684,0.5600000023841858,0.03899010578634212,resting,null
9,left,3374.3226923076923,1790663835830,9.712814331054688,2.1392598152160645,0.363722026348114,1.190000057220459,-2.0999999046325684,0.5600000023841858,0.04036791396695367,resting,null
9,left,3374.3323076923075,1790663835830,9.968854904174805,1.6487137079238892,0.34936457872390747,1.190000057220459,-2.0999999046325684,0.5600000023841858,0.043143045278475387,resting,null
9,right,3478.493,1790663835890,9.684099197387695,-3.9674415588378906,0.22493335604667664,2.799999952316284,-2.6600000858306885,1.75,0.01919129220695638,resting,null
9,right,3478.502615384615,1790663835890,9.624276161193848,-3.9937636852264404,0.2010042816400528,2.799999952316284,-2.6600000858306885,1.75,0.02509221365138919,resting,null
9,right,3478.512230769231,1790663835890,9.473523139953613,-3.7784018516540527,0.21536172926425934,2.799999952316284,-2.6600000858306885,1.75,0.028872897893805396,resting,null
9,right,3478.521846153846,1790663835890,9.411307334899902,-3.809509754180908,0.25843408703804016,2.799999952316284,-2.6600000858306885,1.75,0.032217672051357865,resting,null
9,right,3478.5314615384614,1790663835890,9.57402515411377,-4.099051475524902,0.19861137866973877,2.799999952316284,-2.6600000858306885,1.75,0.03804797690621611,resting,null
9,right,3478.541076923077,1790663835890,9.782208442687988,-4.089479923248291,0.2512553632259369,2.799999952316284,-2.6600000858306885,1.75,0.045704284030089436,resting,null
9,right,3478.5506923076923,1790663835890,9.82528018951416,-4.52259635925293,0.22971917688846588,2.799999952316284,-2.6600000858306885,1.75,0.055322888623614286,resting,null
9,right,3478.5603076923076,1790663835890,9.641026496887207,-4.271340847015381,0.27997025847435,2.799999952316284,-2.6600000858306885,1.75,0.062394437891156104,resting,null
9,left,3374.345,1790663835902,9.674527168273926,2.2110471725463867,0.34936457872390747,1.3300000429153442,-1.9600000381469727,-0.8400000333786011,0.04467508649732249,resting,null
9,left,3374.354615384615,1790663835902,9.562060356140137,1.9861136674880981,0.35893622040748596,1.3300000429153442,-1.9600000381469727,-0.8400000333786011,0.0443207255045487,resting,null
9,left,3374.3642307692307,1790663835902,9.612311363220215,1.9621846675872803,0.3206496834754944,1.3300000429153442,-1.9600000381469727,-0.8400000333786011,0.04438017991994987,resting,null
9,left,3374.373846153846,1790663835902,9.57402515411377,2.591519355773926,0.3302213251590729,1.3300000429153442,-1.9600000381469727,-0.8400000333786011,0.045371911120022715,resting,null
9,left,3374.3834615384612,1790663835902,9.571632385253906,2.1607959270477295,0.3350071310997009,1.3300000429153442,-1.9600000381469727,-0.8400000333786011,0.04545928713500487,resting,null
9,left,3374.393076923077,1790663835902,9.597954750061035,2.3211207389831543,0.34697166085243225,1.3300000429153442,-1.9600000381469727,-0.8400000333786011,0.04613202049649796,resting,null
9,left,3374.402692307692,1790663835902,9.341913223266602,2.3091564178466797,0.26561281085014343,1.3300000429153442,-1.9600000381469727,-0.8400000333786011,0.04435920347528355,resting,null
9,left,3374.4123076923074,1790663835902,9.667348861694336,1.9765421152114868,0.28714898228645325,1.3300000429153442,-1.9600000381469727,-0.8400000333786011,0.0449469686361148,resting,null
9,right,3478.569,1790663835964,9.621883392333984,-4.082301139831543,0.27518442273139954,2.1700000762939453,-3.569999933242798,2.0299999713897705,0.06800238304121474,resting,null
9,right,3478.578615384615,1790663835964,9.516595840454102,-4.065550804138184,0.33740004897117615,2.1700000762939453,-3.569999933242798,2.0299999713897705,0.0732207738265859,resting,null
9,right,3478.588230769231,1790663835964,9.638633728027344,-4.209125518798828,0.2919347882270813,2.1700000762939453,-3.569999933242798,2.0299999713897705,0.08004462709571,ascending,7
9,right,3478.597846153846,1790663835964,9.82767391204834,-4.264162063598633,0.2919347882270813,2.1700000762939453,-3.569999933242798,2.0299999713897705,0.08874707113894803,ascending,7
9,right,3478.6074615384614,1790663835964,9.717599868774414,-4.386200428009033,0.22493335604667664,2.1700000762939453,-3.569999933242798,2.0299999713897705,0.0969186407826176,ascending,7
9,right,3478.617076923077,1790663835964,9.523774147033691,-4.474738121032715,0.19861137866973877,2.1700000762939453,-3.569999933242798,2.0299999713897705,0.10370774671181594,ascending,7
9,right,3478.6266923076923,1790663835964,9.442415237426758,-4.247411727905273,0.18664683401584625,2.1700000762939453,-3.569999933242798,2.0299999713897705,0.10891805884234455,ascending,7
9,right,3478.6363076923076,1790663835964,9.033227920532227,-4.448416233062744,0.18425391614437103,2.1700000762939453,-3.569999933242798,2.0299999713897705,0.11128731748562008,ascending,7
9,left,3374.424,1790663835992,9.966462135314941,2.2469406127929688,0.2727915346622467,0.8400000333786011,-0.5600000023841858,0.699999988079071,0.04975362510272382,resting,null
9,left,3374.433615384615,1790663835992,10.200966835021973,2.648949146270752,0.3445787727832794,0.8400000333786011,-0.5600000023841858,0.699999988079071,0.05677211654689697,resting,null
9,left,3374.443230769231,1790663835992,10.050213813781738,2.311549186706543,0.3445787727832794,0.8400000333786011,-0.5600000023841858,0.699999988079071,0.06166139777530278,resting,null
9,left,3374.452846153846,1790663835992,9.89706802368164,2.5125534534454346,0.38765111565589905,0.8400000333786011,-0.5600000023841858,0.699999988079071,0.06555658239076559,resting,null
9,left,3374.4624615384614,1790663835992,9.387378692626953,2.5197322368621826,0.4139730930328369,0.8400000333786011,-0.5600000023841858,0.699999988079071,0.06470525215927714,resting,null
9,left,3374.472076923077,1790663835992,8.87051010131836,2.151224374771118,0.3541503846645355,0.8400000333786011,-0.5600000023841858,0.699999988079071,0.05820654507306571,resting,null
9,left,3374.4816923076924,1790663835992,8.475680351257324,2.5173392295837402,0.2823631465435028,0.8400000333786011,-0.5600000023841858,0.699999988079071,0.04879609081581358,resting,null
9,left,3374.4913076923076,1790663835992,8.356035232543945,2.8284173011779785,0.2416837215423584,0.8400000333786011,-0.5600000023841858,0.699999988079071,0.038952180985478674,resting,null
9,right,3478.645,1790663836054,8.736507415771484,-4.297662734985352,0.20579010248184204,1.6800000667572021,-4.96999979019165,1.75,0.11055404166752274,ascending,7
9,right,3478.654615384615,1790663836054,8.494823455810547,-4.3598785400390625,0.23929080367088318,1.6800000667572021,-4.96999979019165,1.75,0.10787045587041806,ascending,7
9,right,3478.664230769231,1790663836054,8.300997734069824,-4.2186970710754395,0.2895418703556061,1.6800000667572021,-4.96999979019165,1.75,0.10295715342359527,ascending,7
9,right,3478.673846153846,1790663836054,8.48285961151123,-4.276126861572266,0.3230426013469696,1.6800000667572021,-4.96999979019165,1.75,0.09988313216972802,ascending,7
9,right,3478.6834615384614,1790663836054,8.662327766418457,-3.9578700065612793,0.3924369215965271,1.6800000667572021,-4.96999979019165,1.75,0.09716412649130636,ascending,7
9,right,3478.693076923077,1790663836054,8.77718734741211,-3.9100117683410645,0.42833054065704346,1.6800000667572021,-4.96999979019165,1.75,0.09527686470550283,ascending,7
9,right,3478.7026923076924,1790663836054,8.911190032958984,-4.216303825378418,0.35893622040748596,1.6800000667572021,-4.96999979019165,1.75,0.09575318968703228,ascending,7
9,right,3478.7123076923076,1790663836054,8.889653205871582,-3.893261432647705,0.36850783228874207,1.6800000667572021,-4.96999979019165,1.75,0.0947788265153799,ascending,7
9,left,3374.504,1790663836067,8.770008087158203,2.424015998840332,0.25604116916656494,0.2800000011920929,-0.6299999952316284,-0.49000000953674316,0.029919498730792887,resting,null
9,left,3374.513615384615,1790663836067,8.899225234985352,2.361800193786621,0.2010042816400528,0.2800000011920929,-0.6299999952316284,-0.49000000953674316,0.024137711472091226,resting,null
9,left,3374.523230769231,1790663836067,9.239018440246582,2.493410348892212,0.18425391614437103,0.2800000011920929,-0.6299999952316284,-0.49000000953674316,0.021828223402577326,resting,null
9,left,3374.532846153846,1790663836067,9.578810691833496,2.129688262939453,0.14596739411354065,0.2800000011920929,-0.6299999952316284,-0.49000000953674316,0.021864733931421278,resting,null
9,left,3374.5424615384613,1790663836067,9.700849533081055,2.615448474884033,0.24646952748298645,0.2800000011920929,-0.6299999952316284,-0.49000000953674316,0.024163899879163175,resting,null
9,left,3374.552076923077,1790663836067,9.181588172912598,2.3450498580932617,0.2105759084224701,0.2800000011920929,-0.6299999952316284,-0.49000000953674316,0.020994330811347734,resting,null
9,left,3374.5616923076923,1790663836067,8.832223892211914,2.278048515319824,0.2129688262939453,0.2800000011920929,-0.6299999952316284,-0.49000000953674316,0.01441566816510454,resting,null
9,left,3374.5713076923075,1790663836067,8.887260437011719,1.9167194366455078,0.1722893863916397,0.2800000011920929,-0.6299999952316284,-0.49000000953674316,0.007517690716153013,resting,null
9,right,3478.72,1790663836120,8.504395484924316,-4.256983280181885,0.35654330253601074,1.2599999904632568,-4.409999847412109,1.2599999904632568,0.09243611311203276,ascending,7
9,right,3478.729615384615,1790663836120,8.176567077636719,-3.598933696746826,0.31825676560401917,1.2599999904632568,-4.409999847412109,1.2599999904632568,0.084044330871043,ascending,7
9,right,3478.7392307692307,1790663836120,8.121530532836914,-3.977013349533081,0.3302213251590729,1.2599999904632568,-4.409999847412109,1.2599999904632568,0.0766648984157719,ascending,7
9,right,3478.748846153846,1790663836120,8.566611289978027,-3.890868663787842,0.39722275733947754,1.2599999904632568,-4.409999847412109,1.2599999904632568,0.07286563568822227,ascending,7
9,right,3478.7584615384612,1790663836120,8.856152534484863,-3.921976327896118,0.37568655610084534,1.2599999904632568,-4.409999847412109,1.2599999904632568,0.07172466161191322,ascending,7
9,right,3478.768076923077,1790663836120,9.049978256225586,-4.223482608795166,0.3924369215965271,1.2599999904632568,-4.409999847412109,1.2599999904632568,0.07347685711745326,ascending,7
9,right,3478.777692307692,1790663836120,8.875295639038086,-3.7401154041290283,0.36611494421958923,1.2599999904632568,-4.409999847412109,1.2599999904632568,0.0717860704007423,ascending,7
9,right,3478.7873076923074,1790663836120,8.645576477050781,-3.864546537399292,0.4044014811515808,1.2599999904632568,-4.409999847412109,1.2599999904632568,0.0685830808366226,ascending,7
9,left,3374.583,1790663836157,9.212696075439453,2.4838385581970215,0.2225404530763626,0.07000000029802322,-0.42000001668930054,4.760000228881836,0.004419391650078705,resting,null
9,left,3374.5926153846153,1790663836157,9.767850875854492,2.297191858291626,0.13400284945964813,0.07000000029802322,-0.42000001668930054,4.760000228881836,0.006605411772539473,resting,null
9,left,3374.602230769231,1790663836157,9.786993980407715,1.8712540864944458,0.181861013174057,0.07000000029802322,-0.42000001668930054,4.760000228881836,0.008022743499167595,resting,null
9,left,3374.6118461538463,1790663836157,9.82767391204834,2.199082612991333,0.21775463223457336,0.07000000029802322,-0.42000001668930054,4.760000228881836,0.010569940240480158,resting,null
9,left,3374.6214615384615,1790663836157,9.56684684753418,2.3378713130950928,0.17468228936195374,0.07000000029802322,-0.42000001668930054,4.760000228881836,0.010978314000673265,resting,null
9,left,3374.631076923077,1790663836157,9.605133056640625,2.1607959270477295,0.20818300545215607,0.07000000029802322,-0.42000001668930054,4.760000228881836,0.011359484806438561,resting,null
9,left,3374.6406923076925,1790663836157,9.839637756347656,2.045936346054077,0.260826975107193,0.07000000029802322,-0.42000001668930054,4.760000228881836,0.013697969555310528,resting,null
9,left,3374.6503076923077,1790663836157,10.01671314239502,2.5269110202789307,0.22014755010604858,0.07000000029802322,-0.42000001668930054,4.760000228881836,0.01873425616151367,resting,null
9,right,3478.797,1790663836189,8.803508758544922,-4.067943572998047,0.3015064299106598,1.2599999904632568,-3.569999933242798,1.190000057220459,0.06753650052776454,ascending,7
9,right,3478.8066153846153,1790663836189,8.894439697265625,-4.448416233062744,0.3302213251590729,1.2599999904632568,-3.569999933242798,1.190000057220459,0.06881347776087259,ascending,7
9,right,3478.816230769231,1790663836189,9.267732620239258,-3.8836898803710938,0.3445787727832794,1.2599999904632568,-3.569999933242798,1.190000057220459,0.07112059834725316,ascending,7
9,right,3478.825846153846,1790663836189,9.205517768859863,-3.94111967086792,0.3421858549118042,1.2599999904632568,-3.569999933242798,1.190000057220459,0.07311155490885964,ascending,7
9,right,3478.8354615384615,1790663836189,9.049978256225586,-4.223482608795166,0.339792937040329,1.2599999904632568,-3.569999933242798,1.190000057220459,0.07485483732950914,ascending,7
9,right,3478.845076923077,1790663836189,9.04519271850586,-3.7784018516540527,0.38765111565589905,1.2599999904632568,-3.569999933242798,1.190000057220459,0.07480895588736496,ascending,7
9,right,3478.8546923076924,1790663836189,8.985369682312012,-3.91479754447937,0.42833054065704346,1.2599999904632568,-3.569999933242798,1.190000057220459,0,resting,null
9,right,3478.8643076923076,1790663836189,8.815473556518555,-3.2902486324310303,0.45704543590545654,1.2599999904632568,-3.569999933242798,1.190000057220459,-0.003917111443354385,resting,null
9,left,3374.662,1790663836232,10.052606582641602,1.7085363864898682,0.21775463223457336,-0.14000000059604645,-1.0499999523162842,0.21000000834465027,0.023099922696403364,resting,null
9,left,3374.671615384615,1790663836232,9.916211128234863,1.6534994840621948,0.16511066257953644,-0.14000000059604645,-1.0499999523162842,0.21000000834465027,0.025293018862519393,resting,null
9,left,3374.6812307692308,1790663836232,9.892282485961914,2.0267932415008545,0.11725249886512756,-0.14000000059604645,-1.0499999523162842,0.21000000834465027,0.028058247968046665,resting,null
9,left,3374.690846153846,1790663836232,9.638633728027344,2.0770442485809326,0.1722893863916397,-0.14000000059604645,-1.0499999523162842,0.21000000834465027,0.02856595926242343,resting,null
9,left,3374.7004615384612,1790663836232,9.325162887573242,1.9191123247146606,0.1411815732717514,-0.14000000059604645,-1.0499999523162842,0.21000000834465027,0.025798404153688535,resting,null
9,left,3374.710076923077,1790663836232,9.145694732666016,1.5793193578720093,0.1316099464893341,-0.14000000059604645,-1.0499999523162842,0.21000000834465027,0.02064264097451891,resting,null
9,left,3374.719692307692,1790663836232,9.533346176147461,1.8042527437210083,0.22014755010604858,-0.14000000059604645,-1.0499999523162842,0.21000000834465027,0.019615642715236283,resting,null
9,left,3374.7293076923074,1790663836232,9.99996280670166,1.742037057876587,0.22732627391815186,-0.14000000059604645,-1.0499999523162842,0.21000000834465027,0.02284935439484028,resting,null
9,right,3478.873,1790663836279,8.39432144165039,-3.3117847442626953,0.4761887192726135,0.42000001668930054,-3.3600001335144043,1.1200000047683716,-0.010709160023785585,resting,null
9,right,3478.8826153846153,1790663836279,8.408679008483887,-3.3357138633728027,0.4235447347164154,0.42000001668930054,-3.3600001335144043,1.1200000047683716,-0.01800726877386145,resting,null
9,right,3478.892230769231,1790663836279,8.896832466125488,-3.4170727729797363,0.3541503846645355,0.42000001668930054,-3.3600001335144043,1.1200000047683716,-0.020709763292028435,resting,null
9,right,3478.9018461538462,1790663836279,9.270126342773438,-3.9387266635894775,0.2919347882270813,0.42000001668930054,-3.3600001335144043,1.1200000047683716,-0.018116192928361318,resting,null
9,right,3478.9114615384615,1790663836279,9.222268104553223,-3.697042942047119,0.3445787727832794,0.42000001668930054,-3.3600001335144043,1.1200000047683716,-0.01686253336808807,resting,null
9,right,3478.921076923077,1790663836279,9.006906509399414,-3.6635422706604004,0.3134709596633911,0.42000001668930054,-3.3600001335144043,1.1200000047683716,-0.017637371551353368,resting,null
9,right,3478.9306923076924,1790663836279,9.090658187866211,-3.3141777515411377,0.27997025847435,0.42000001668930054,-3.3600001335144043,1.1200000047683716,-0.01901708977112158,resting,null
9,right,3478.9403076923077,1790663836279,8.915975570678711,-3.7544727325439453,0.32782840728759766,0.42000001668930054,-3.3600001335144043,1.1200000047683716,-0.020234702594809247,resting,null
9,left,3374.741,1790663836307,9.971247673034668,1.6870001554489136,0.284756064414978,-0.5600000023841858,-1.5399999618530273,0.7699999809265137,0.026340453881892698,resting,null
9,left,3374.7506153846152,1790663836307,9.578810691833496,1.5027462244033813,0.2416837215423584,-0.5600000023841858,-1.5399999618530273,0.7699999809265137,0.025153474723630304,resting,null
9,left,3374.760230769231,1790663836307,9.258161544799805,1.7516087293624878,0.2416837215423584,-0.5600000023841858,-1.5399999618530273,0.7699999809265137,0.021456236732382877,resting,null
9,left,3374.769846153846,1790663836307,9.148087501525879,1.3711363077163696,0.2632198929786682,-0.5600000023841858,-1.5399999618530273,0.7699999809265137,0.015984904237644756,resting,null
9,left,3374.7794615384614,1790663836307,9.387378692626953,1.7444299459457397,0.2823631465435028,-0.5600000023841858,-1.5399999618530273,0.7699999809265137,0.013508480555357982,resting,null
9,left,3374.789076923077,1790663836307,9.069121360778809,2.050722122192383,0.2129688262939453,-0.5600000023841858,-1.5399999618530273,0.7699999809265137,0.008625556391568017,resting,null
9,left,3374.7986923076924,1790663836307,8.796330451965332,1.1079164743423462,0.2416837215423584,-0.5600000023841858,-1.5399999618530273,0.7699999809265137,-0.0006555760144169669,resting,null
9,left,3374.8083076923076,1790663836307,8.853759765625,1.6534994840621948,0.10768086463212967,-0.5600000023841858,-1.5399999618530273,0.7699999809265137,-0.008351526696680102,resting,null
9,right,3478.949,1790663836340,9.042799949645996,-3.4936459064483643,0.32543548941612244,0.9800000190734863,-2.7300000190734863,1.4700000286102295,-0.021220780575707313,resting,null
9,right,3478.9586153846153,1790663836340,8.908797264099121,-3.4457876682281494,0.32543548941612244,0.9800000190734863,-2.7300000190734863,1.4700000286102295,-0.02366970243475366,resting,null
9,right,3478.968230769231,1790663836340,8.494823455810547,-3.5295393466949463,0.37568655610084534,0.9800000190734863,-2.7300000190734863,1.4700000286102295,-0.029439211333347336,resting,null
9,right,3478.9778461538463,1790663836340,8.714971542358398,-3.127530813217163,0.4235447347164154,0.9800000190734863,-2.7300000190734863,1.4700000286102295,-0.03476340167304943,resting,null
9,right,3478.9874615384615,1790663836340,8.927940368652344,-3.68986439704895,0.5025107264518738,0.9800000190734863,-2.7300000190734863,1.4700000286102295,-0.03605827000279007,resting,null
9,right,3478.997076923077,1790663836340,9.442415237426758,-3.8621537685394287,0.4450809061527252,0.9800000190734863,-2.7300000190734863,1.4700000286102295,-0.03217039428935482,resting,null
9,right,3479.0066923076924,1790663836340,9.791779518127441,-3.850189208984375,0.5144752264022827,0.9800000190734863,-2.7300000190734863,1.4700000286102295,-0.025217465259651812,resting,null
9,right,3479.0163076923077,1790663836340,9.507023811340332,-3.6731138229370117,0.5001177787780762,0.9800000190734863,-2.7300000190734863,1.4700000286102295,-0.021449826875055894,resting,null
9,left,3374.821,1790663836382,9.21987533569336,1.8042527437210083,0.12443122267723083,-1.190000057220459,-1.75,1.0499999523162842,-0.013564264721527277,resting,null
9,left,3374.830615384615,1790663836382,9.89706802368164,1.739644169807434,0.12921704351902008,-1.190000057220459,-1.75,1.0499999523162842,-0.011251405190306539,resting,null
9,left,3374.840230769231,1790663836382,10.083714485168457,2.0985803604125977,0.12682412564754486,-1.190000057220459,-1.75,1.0499999523162842,-0.0065014627732028945,resting,null
9,left,3374.849846153846,1790663836382,9.791779518127441,1.8664683103561401,0.09571632742881775,-1.190000057220459,-1.75,1.0499999523162842,-0.004947797389322331,resting,null
9,left,3374.8594615384613,1790663836382,9.74870777130127,1.485995888710022,0.0909305065870285,-1.190000057220459,-1.75,1.0499999523162842,-0.004510207407479438,resting,null
9,left,3374.869076923077,1790663836382,9.65299129486084,1.8329676389694214,0.1005021408200264,-1.190000057220459,-1.75,1.0499999523162842,-0.00432434584591628,resting,null
9,left,3374.8786923076923,1790663836382,9.995177268981934,2.325906753540039,0.14357449114322662,-1.190000057220459,-1.75,1.0499999523162842,0.0000118901322697884,resting,null
9,left,3374.8883076923075,1790663836382,9.877924919128418,1.1127022504806519,0.08375178277492523,-1.190000057220459,-1.75,1.0499999523162842,0.0009844296825704084,resting,null
9,right,3479.024,1790663836414,9.248589515686035,-3.598933696746826,0.4737958014011383,0.49000000953674316,-2.5899999141693115,1.6800000667572021,-0.0204919364620312,resting,null
9,right,3479.033615384615,1790663836414,9.262947082519531,-4.144516944885254,0.44986671209335327,0.49000000953674316,-2.5899999141693115,1.6800000667572021,-0.017134518157789193,resting,null
9,right,3479.043230769231,1790663836414,9.595561027526855,-3.47210955619812,0.4737958014011383,0.49000000953674316,-2.5899999141693115,1.6800000667572021,-0.01334164206709755,resting,null
9,right,3479.052846153846,1790663836414,9.753493309020996,-3.709007501602173,0.48576033115386963,0.49000000953674316,-2.5899999141693115,1.6800000667572021,-0.007259213940541999,resting,null
9,right,3479.0624615384613,1790663836414,9.327555656433105,-3.5438969135284424,0.5168681740760803,0.49000000953674316,-2.5899999141693115,1.6800000667572021,-0.005551771612888579,resting,null
9,right,3479.072076923077,1790663836414,9.298840522766113,-3.2567479610443115,0.5838695764541626,0.49000000953674316,-2.5899999141693115,1.6800000667572021,-0.005136208645780939,resting,null
9,right,3479.0816923076923,1790663836414,9.786993980407715,-3.835831642150879,0.5599405169487,0.49000000953674316,-2.5899999141693115,1.6800000667572021,0.0017447120152904855,resting,null
9,right,3479.0913076923075,1790663836414,10.0885009765625,-4.24501895904541,0.540797233581543,0.49000000953674316,-2.5899999141693115,1.6800000667572021,0.01280230966200752,resting,null
9,left,3374.9,1790663836487,9.619490623474121,1.4740313291549683,0.06939433515071869,-0.699999988079071,-1.75,-1.1200000047683716,0.00002248530329022667,resting,null
9,left,3374.9096153846153,1790663836487,9.743921279907227,1.7468229532241821,0.0047858161851763725,-0.699999988079071,-1.75,-1.1200000047683716,0.0008996998806935981,resting,null
9,left,3374.919230769231,1790663836487,10.064571380615234,1.4213874340057373,0.06460852175951004,-0.699999988079071,-1.75,-1.1200000047683716,0.0042253563692941625,resting,null
9,left,3374.9288461538463,1790663836487,10.98105525970459,1.1868823766708374,0.0909305065870285,-0.699999988079071,-1.75,-1.1200000047683716,0.015795814398723993,resting,null
9,left,3374.9384615384615,1790663836487,10.698692321777344,2.28283429145813,0.06939433515071869,-0.699999988079071,-1.75,-1.1200000047683716,0.02665384852121504,resting,null
9,left,3374.948076923077,1790663836487,10.27754020690918,0.8805902004241943,0.14357449114322662,-0.699999988079071,-1.75,-1.1200000047683716,0.031024668159154875,resting,null
9,left,3374.9576923076925,1790663836487,9.877924919128418,1.5888910293579102,0.15553902089595795,-0.699999988079071,-1.75,-1.1200000047683716,0.032892170162831934,resting,null
9,left,3374.9673076923077,1790663836487,9.99996280670166,1.9430413246154785,0.13878867030143738,-0.699999988079071,-1.75,-1.1200000047683716,0.03653899258879899,resting,null
9,right,3479.1,1790663836490,10.665191650390625,-4.448416233062744,0.540797233581543,0.5600000023841858,-1.75,1.3300000429153442,0.02809690856685198,resting,null
9,right,3479.109615384615,1790663836490,10.483330726623535,-4.709243297576904,0.49772489070892334,0.5600000023841858,-1.75,1.3300000429153442,0.04435157091280856,resting,null
9,right,3479.119230769231,1790663836490,10.07892894744873,-4.5632758140563965,0.46661707758903503,0.5600000023841858,-1.75,1.3300000429153442,0.056469645634130664,resting,null
9,right,3479.128846153846,1790663836490,9.607525825500488,-4.558489799499512,0.48815324902534485,0.5600000023841858,-1.75,1.3300000429153442,0.06440906412750175,resting,null
9,right,3479.1384615384613,1790663836490,9.719992637634277,-4.151695728302002,0.4737958014011383,0.5600000023841858,-1.75,1.3300000429153442,0.07180873422378936,resting,null
9,right,3479.148076923077,1790663836490,-1.3400285243988037,4.508238792419434,1.643927812576294,0.5600000023841858,-1.75,1.3300000429153442,-0.05068270981370248,resting,null
9,right,3479.1576923076923,1790663836490,32.36408233642578,-11.43331527709961,-0.8686256408691406,0.5600000023841858,-1.75,1.3300000429153442,0.18379861516476587,resting,null
9,right,3479.1673076923075,1790663836490,-5.206967830657959,4.101444244384766,1.2538838386535645,0.5600000023841858,-1.75,1.3300000429153442,0.028454217029968816,resting,null
9,right,3479.176,1790663836568,23.976938247680664,-9.20073127746582,-0.3613291084766388,-4.760000228881836,-10.359999656677246,-4.409999847412109,0.16598901879333872,resting,null
9,right,3479.185615384615,1790663836568,0.8662327527999878,4.804959297180176,1.0241646766662598,-4.760000228881836,-10.359999656677246,-4.409999847412109,0.06161922476160687,resting,null
9,right,3479.195230769231,1790663836568,10.454615592956543,-1.074415683746338,0.5671192407608032,-4.760000228881836,-10.359999656677246,-4.409999847412109,0.06407182624306824,resting,null
9,right,3479.204846153846,1790663836568,4.584811687469482,-0.7394086122512817,0.5575475692749023,-4.760000228881836,-10.359999656677246,-4.409999847412109,0.01330463606801698,resting,null
9,right,3479.2144615384614,1790663836568,14.599132537841797,-7.5280890464782715,0.2895418703556061,-4.760000228881836,-10.359999656677246,-4.409999847412109,0.07643829176357958,resting,null
9,right,3479.224076923077,1790663836568,12.419193267822266,-5.740586280822754,-0.03350071236491203,-4.760000228881836,-10.359999656677246,-4.409999847412109,0.11350612597495192,resting,null
9,right,3479.2336923076923,1790663836568,7.724307537078857,-2.220618724822998,0.5934411883354187,-4.760000228881836,-10.359999656677246,-4.409999847412109,0.09605850003598339,resting,null
9,right,3479.2433076923076,1790663836568,2.7925238609313965,2.17036771774292,0.806410014629364,-4.760000228881836,-10.359999656677246,-4.409999847412109,0.018726984433351603,resting,null
9,left,3374.979,1790663836592,9.889888763427734,0.9404128789901733,-0.23689790070056915,-1.75,-1.6800000667572021,-0.07000000029802322,0.037509948362723346,resting,null
9,left,3374.988615384615,1790663836592,-11.775500297546387,-3.09881591796875,-0.20339718461036682,-1.75,-1.6800000667572021,-0.07000000029802322,-0.17348853653635787,resting,null
9,left,3374.9982307692308,1790663836592,37.181007385253906,7.018399238586426,0.7489802241325378,-1.75,-1.6800000667572021,-0.07000000029802322,0.09604143048421826,resting,null
9,left,3375.007846153846,1790663836592,6.252668857574463,1.9813278913497925,-0.1316099464893341,-1.75,-1.6800000667572021,-0.07000000029802322,0.06430340005915842,resting,null
9,left,3375.0174615384612,1790663836592,10.911661148071289,4.374236106872559,0.8901618123054504,-1.75,-1.6800000667572021,-0.07000000029802322,0.08094240208740636,resting,null
9,left,3375.027076923077,1790663836592,-2.5891265869140625,-4.977248668670654,0.05264397710561752,-1.75,-1.6800000667572021,-0.07000000029802322,-0.046669497196570965,resting,null
9,left,3375.036692307692,1790663836592,9.526166915893555,7.867881774902344,0.11485958844423294,-1.75,-1.6800000667572021,-0.07000000029802322,-0.03678685138125672,resting,null
9,left,3375.0463076923074,1790663836592,14.015262603759766,2.866703987121582,0.2225404530763626,-1.75,-1.6800000667572021,-0.07000000029802322,0.006468325537949846,resting,null
9,left,3375.058,1790663836651,14.929353713989258,4.273733615875244,0.34936457872390747,-4.269999980926514,5.110000133514404,-3.430000066757202,0.07263571029422979,resting,null
9,left,3375.0676153846152,1790663836651,7.351013660430908,-2.0483293533325195,-0.19382555782794952,-4.269999980926514,5.110000133514404,-3.430000066757202,0.04405673169695615,resting,null
9,left,3375.077230769231,1790663836651,5.247647285461426,-0.34697166085243225,-0.10289505124092102,-4.269999980926514,5.110000133514404,-3.430000066757202,-0.0013119124379148692,resting,null
9,left,3375.086846153846,1790663836651,4.931783676147461,1.1366313695907593,0.19861137866973877,-4.269999980926514,5.110000133514404,-3.430000066757202,-0.04693469919888577,resting,null
9,left,3375.0964615384614,1790663836651,29.777347564697266,11.095914840698242,1.3639576435089111,-4.269999980926514,5.110000133514404,-3.430000066757202,0.1601370947086673,resting,null
9,left,3375.106076923077,1790663836651,29.20305061340332,6.525460243225098,5.22611141204834,-4.269999980926514,5.110000133514404,-3.430000066757202,0.35394017258602734,resting,null
9,left,3375.1156923076924,1790663836651,16.676176071166992,1.3496001958847046,0.7418015003204346,-4.269999980926514,5.110000133514404,-3.430000066757202,0.41943173123190336,resting,null
9,left,3375.1253076923076,1790663836651,6.322062969207764,-3.4601449966430664,0.055036887526512146,-4.269999980926514,5.110000133514404,-3.430000066757202,0.3783895489064594,resting,null
9,right,3479.252,1790663836654,4.630277156829834,-2.184725046157837,0.2703986167907715,-5.110000133514404,-11.270000457763672,4.059999942779541,-0.022013595875128633,resting,null
9,right,3479.261615384615,1790663836654,8.298604965209961,-8.590539932250977,-1.3400285243988037,-5.110000133514404,-11.270000457763672,4.059999942779541,-0.011047885563225453,resting,null
9,right,3479.271230769231,1790663836654,-14.675704956054688,8.061707496643066,-0.13878867030143738,-5.110000133514404,-11.270000457763672,4.059999942779541,-0.2653267321806797,resting,null
9,right,3479.280846153846,1790663836654,46.96321487426758,-14.146872520446777,-15.943946838378906,-5.110000133514404,-11.270000457763672,4.059999942779541,0.10724070648121593,resting,null
9,right,3479.2904615384614,1790663836654,1.1581674814224243,-9.849209785461426,0.6173703074455261,-5.110000133514404,-11.270000457763672,4.059999942779541,0.06012042152924104,resting,null
9,right,3479.300076923077,1790663836654,-2.3570144176483154,4.5919904708862305,0.17946811020374298,-5.110000133514404,-11.270000457763672,4.059999942779541,-0.07221311539412091,resting,null
9,right,3479.3096923076923,1790663836654,-7.57834005355835,6.257454872131348,0.6269419193267822,-5.110000133514404,-11.270000457763672,4.059999942779541,-0.25691479357006364,resting,null
9,right,3479.3193076923076,1790663836654,4.252197742462158,-14.266517639160156,2.6250202655792236,-5.110000133514404,-11.270000457763672,4.059999942779541,-0.259675930419766,resting,null
9,right,3479.328,1790663836735,13.823829650878906,-11.488351821899414,-0.18664683401584625,12.390000343322754,13.09000015258789,5.599999904632568,-0.19516879681395755,resting,null
9,right,3479.337615384615,1790663836735,25.60172462463379,-6.771929740905762,1.2658483982086182,12.390000343322754,13.09000015258789,5.599999904632568,-0.03736520257883366,resting,null
9,right,3479.347230769231,1790663836735,37.83427047729492,-7.480230808258057,2.928919553756714,12.390000343322754,13.09000015258789,5.599999904632568,0.23131541076382028,resting,null
9,right,3479.356846153846,1790663836735,2.1129379272460938,2.151224374771118,2.0890088081359863,12.390000343322754,13.09000015258789,5.599999904632568,0.14778764970160047,resting,null
9,right,3479.3664615384614,1790663836735,8.241175651550293,-9.116979598999023,0.1507532149553299,12.390000343322754,13.09000015258789,5.599999904632568,0.16095496457632433,resting,null
9,right,3479.376076923077,1790663836735,-12.85470199584961,3.4314301013946533,-0.12203831225633621,12.390000343322754,13.09000015258789,5.599999904632568,-0.05983302673846221,resting,null
9,right,3479.3856923076924,1790663836735,6.401029109954834,-10.301469802856445,0.4020085632801056,12.390000343322754,13.09000015258789,5.599999904632568,-0.05797767462441805,resting,null
9,right,3479.3953076923076,1790663836735,16.781463623046875,-5.384043216705322,0.8207674622535706,12.390000343322754,13.09000015258789,5.599999904632568,0.016448567985286114,resting,null
9,left,3375.137,1790663836742,-9.248589515686035,-0.30868515372276306,-6.496745586395264,7.980000019073486,-26.950000762939453,1.190000057220459,0.15606276664015098,ascending,7
9,left,3375.1466153846154,1790663836742,7.025578022003174,4.297662734985352,0.9260554313659668,7.980000019073486,-26.950000762939453,1.190000057220459,0.13591545186452336,ascending,7
9,left,3375.156230769231,1790663836742,14.390949249267578,5.924840450286865,0.1603248417377472,7.980000019073486,-26.950000762939453,1.190000057220459,0.18819741684629684,ascending,7
9,left,3375.1658461538464,1790663836742,26.776641845703125,6.269419193267822,-5.096894264221191,7.980000019073486,-26.950000762939453,1.190000057220459,0.3581701976919888,ascending,7
9,left,3375.1754615384616,1790663836742,-7.329477310180664,-5.89373254776001,-4.390986442565918,7.980000019073486,-26.950000762939453,1.190000057220459,0.18429567736516922,ascending,7
9,left,3375.1850769230773,1790663836742,20.61729621887207,7.879846572875977,2.8714897632598877,7.980000019073486,-26.950000762939453,1.190000057220459,0.2984106990620926,ascending,7
9,left,3375.1946923076925,1790663836742,1.2658483982086182,1.0528795719146729,-2.172760486602783,7.980000019073486,-26.950000762939453,1.190000057220459,0.21826677449832482,ascending,7
9,left,3375.204307692308,1790663836742,1.1055235862731934,2.452730894088745,0.0023929080925881863,7.980000019073486,-26.950000762939453,1.190000057220459,0.13877668210176328,ascending,7
9,right,3479.404,1790663836804,8.722149848937988,-2.3498356342315674,0.028714897111058235,-2.309999942779541,-2.240000009536743,-9.170000076293945,0.008857936315473562,resting,null
9,right,3479.4136153846152,1790663836804,2.852346420288086,-9.241411209106445,0.3134709596633911,-2.309999942779541,-2.240000009536743,-9.170000076293945,-0.024798423992986696,resting,null
9,right,3479.423230769231,1790663836804,3.6587564945220947,-6.331634998321533,-1.9334697723388672,-2.309999942779541,-2.240000009536743,-9.170000076293945,-0.06301249022976531,resting,null
9,right,3479.432846153846,1790663836804,6.793466091156006,-14.929353713989258,1.0672370195388794,-2.309999942779541,-2.240000009536743,-9.170000076293945,-0.04009145734573823,resting,null
9,right,3479.4424615384614,1790663836804,16.03248405456543,-4.706850051879883,0.7298369407653809,-2.309999942779541,-2.240000009536743,-9.170000076293945,0.02520543992436433,resting,null
9,right,3479.452076923077,1790663836804,11.988469123840332,-6.800644874572754,0.16511066257953644,-2.309999942779541,-2.240000009536743,-9.170000076293945,0.0626022720091765,resting,null
9,right,3479.4616923076924,1790663836804,13.467287063598633,-2.5556259155273438,-0.3613291084766388,-2.309999942779541,-2.240000009536743,-9.170000076293945,0.09687446848365208,resting,null
9,right,3479.4713076923076,1790663836804,9.387378692626953,-3.469716787338257,-0.6101915836334229,-2.309999942779541,-2.240000009536743,-9.170000076293945,0.09850693419760156,resting,null
9,left,3375.217,1790663836848,11.557745933532715,1.8951832056045532,-0.648478090763092,-5.53000020980835,4.550000190734863,-3.2200000286102295,0.16296222949660652,ascending,7
9,left,3375.2266153846153,1790663836848,19.73431396484375,2.9743847846984863,1.3328498601913452,-5.53000020980835,4.550000190734863,-3.2200000286102295,0.2599400223372038,ascending,7
9,left,3375.236230769231,1790663836848,19.770206451416016,3.548682689666748,-0.3110780417919159,-5.53000020980835,4.550000190734863,-3.2200000286102295,0.3586136183783188,ascending,7
9,left,3375.2458461538463,1790663836848,14.311983108520508,-2.1942968368530273,0.9810923337936401,-5.53000020980835,4.550000190734863,-3.2200000286102295,0.3950376795576329,ascending,7
9,left,3375.2554615384615,1790663836848,-0.7992312908172607,3.476895570755005,0.30629223585128784,-5.53000020980835,4.550000190734863,-3.2200000286102295,0.29933612330427734,ascending,7
9,left,3375.2650769230772,1790663836848,-0.9547703266143799,-0.03828652948141098,0.6748000979423523,-5.53000020980835,4.550000190734863,-3.2200000286102295,0.19573988385144367,ascending,7
9,left,3375.2746923076925,1790663836848,8.899225234985352,6.695356845855713,1.1246668100357056,-5.53000020980835,4.550000190734863,-3.2200000286102295,0.1974972512390044,ascending,7
9,left,3375.2843076923077,1790663836848,17.307903289794922,-0.9140908718109131,0.03110780566930771,-5.53000020980835,4.550000190734863,-3.2200000286102295,0.2646444757490326,ascending,7
9,left,3375.296,1790663836876,5.817159652709961,0.24407662451267242,0.9404128789901733,0.14000000059604645,-4.130000114440918,10.079999923706055,0.2169559328814999,ascending,7
9,left,3375.305615384615,1790663836876,4.5991692543029785,-6.508709907531738,0.30629223585128784,0.14000000059604645,-4.130000114440918,10.079999923706055,0.15421280967174508,ascending,7
9,left,3375.3152307692308,1790663836876,14.59195327758789,8.882474899291992,0.011964540928602219,0.14000000059604645,-4.130000114440918,10.079999923706055,0.2135349429482348,ascending,7
9,left,3375.324846153846,1790663836876,7.461087226867676,4.86956787109375,0.9619490504264832,0.14000000059604645,-4.130000114440918,10.079999923706055,0.19814932924235187,ascending,7
9,left,3375.3344615384613,1790663836876,9.75588607788086,2.5197322368621826,-0.9116979837417603,0.14000000059604645,-4.130000114440918,10.079999923706055,0.20059516078316925,ascending,7
9,left,3375.344076923077,1790663836876,6.7144999504089355,-0.3445787727832794,0.39722275733947754,0.14000000059604645,-4.130000114440918,10.079999923706055,0.16897434554190982,ascending,7
9,left,3375.353692307692,1790663836876,9.705635070800781,-5.056214809417725,-0.10528795421123505,0.14000000059604645,-4.130000114440918,10.079999923706055,0.15763236735653285,ascending,7
9,left,3375.3633076923074,1790663836876,12.849916458129883,12.47422981262207,-0.05264397710561752,0.14000000059604645,-4.130000114440918,10.079999923706055,0.20620958473335085,ascending,7
9,right,3479.48,1790663836879,-5.108858585357666,4.1564812660217285,1.7611804008483887,-2.309999942779541,-9.029999732971191,20.790000915527344,-0.04144098831638913,resting,null
9,right,3479.4896153846153,1790663836879,12.297154426574707,-15.604153633117676,-0.40918728709220886,-2.309999942779541,-9.029999732971191,20.790000915527344,0.032223360893851194,resting,null
9,right,3479.499230769231,1790663836879,8.193317413330078,-5.120823383331299,0.17707519233226776,-2.309999942779541,-9.029999732971191,20.790000915527344,0.02985717925882161,resting,null
9,right,3479.508846153846,1790663836879,24.572772979736328,-5.2524333000183105,-0.035893622785806656,-2.309999942779541,-9.029999732971191,20.790000915527344,0.1719307107294482,resting,null
9,right,3479.5184615384615,1790663836879,13.261496543884277,-6.2502760887146,-0.9786993861198425,-2.309999942779541,-9.029999732971191,20.790000915527344,0.21832373704144237,resting,null
9,right,3479.528076923077,1790663836879,3.4242515563964844,-3.6348273754119873,0.4809745252132416,-2.309999942779541,-9.029999732971191,20.790000915527344,0.16839073165595514,resting,null
9,right,3479.5376923076924,1790663836879,3.6228628158569336,-1.7635732889175415,0.6987291574478149,-2.309999942779541,-9.029999732971191,20.790000915527344,0.11284402034684686,resting,null
9,right,3479.5473076923076,1790663836879,9.497451782226562,-3.2639267444610596,0.16271774470806122,-2.309999942779541,-9.029999732971191,20.790000915527344,0.11460531667839714,ascending,7
9,left,3375.376,1790663836936,9.925783157348633,3.9100117683410645,0.03110780566930771,-5.460000038146973,0.2800000011920929,-3.7100000381469727,0.21446785039924984,ascending,7
9,left,3375.3856153846154,1790663836936,8.703006744384766,1.5506044626235962,0.055036887526512146,-5.460000038146973,0.2800000011920929,-3.7100000381469727,0.20504283797790557,ascending,7
9,left,3375.395230769231,1790663836936,1.0337363481521606,-5.577868938446045,0.4044014811515808,-5.460000038146973,0.2800000011920929,-3.7100000381469727,0.11057772427448771,ascending,7
9,left,3375.4048461538464,1790663836936,11.208381652832031,4.046407699584961,0.25604116916656494,-5.460000038146973,0.2800000011920929,-3.7100000381469727,0.12926252368168367,ascending,7
9,left,3375.4144615384616,1790663836936,12.297154426574707,7.6261982917785645,0.4331163763999939,-5.460000038146973,0.2800000011920929,-3.7100000381469727,0.16458967873954175,ascending,7
9,left,3375.4240769230773,1790663836936,12.584303855895996,2.191903829574585,0.28714898228645325,-5.460000038146973,0.2800000011920929,-3.7100000381469727,0.19294131214229743,ascending,7
9,left,3375.4336923076926,1790663836936,6.523067474365234,-5.580261707305908,0.32543548941612244,-5.460000038146973,0.2800000011920929,-3.7100000381469727,0.15021945955267077,ascending,7
9,left,3375.443307692308,1790663836936,4.010513782501221,-1.9765421152114868,0.3517574965953827,-5.460000038146973,0.2800000011920929,-3.7100000381469727,0.09017864343810106,ascending,7
9,right,3479.555,1790663836954,15.259574890136719,-4.92221212387085,0.6030128598213196,-2.6600000858306885,-0.21000000834465027,0.07000000029802322,0.1616391279055516,ascending,7
9,right,3479.564615384615,1790663836954,13.11552906036377,-4.144516944885254,0.01914326474070549,-2.6600000858306885,-0.21000000834465027,0.07000000029802322,0.19850376881975432,ascending,7
9,right,3479.574230769231,1790663836954,9.729564666748047,-8.839402198791504,0.3015064299106598,-2.6600000858306885,-0.21000000834465027,0.07000000029802322,0.22455505852250215,ascending,7
9,right,3479.583846153846,1790663836954,3.653970718383789,-1.0241646766662598,0.23450499773025513,-2.6600000858306885,-0.21000000834465027,0.07000000029802322,0.16624508133627355,ascending,7
9,right,3479.5934615384613,1790663836954,9.987998008728027,-4.07990837097168,0.07418014854192734,-2.6600000858306885,-0.21000000834465027,0.07000000029802322,0.17552967852836268,ascending,7
9,right,3479.603076923077,1790663836954,9.270126342773438,-1.8401463031768799,0.727444052696228,-2.6600000858306885,-0.21000000834465027,0.07000000029802322,0.16970270085612257,ascending,7
9,right,3479.612692307692,1790663836954,12.885809898376465,-5.766908645629883,-0.25843408703804016,-2.6600000858306885,-0.21000000834465027,0.07000000029802322,0.2110232806340794,ascending,7
9,right,3479.6223076923075,1790663836954,6.295741081237793,-9.693670272827148,-0.11007377505302429,-2.6600000858306885,-0.21000000834465027,0.07000000029802322,0.21034016402989403,ascending,7
9,left,3375.455,1790663837041,11.213167190551758,5.80758810043335,0.5312256217002869,-8.260000228881836,0.5600000023841858,5.880000114440918,0.11679800356095332,ascending,7
9,left,3375.464615384615,1790663837041,11.521852493286133,4.508238792419434,0.09332341700792313,-8.260000228881836,0.5600000023841858,5.880000114440918,0.1393556876384118,ascending,7
9,left,3375.474230769231,1790663837041,8.114351272583008,-2.8403818607330322,0.3445787727832794,-8.260000228881836,0.5600000023841858,5.880000114440918,0.11657418447472787,ascending,7
9,left,3375.483846153846,1790663837041,9.090658187866211,-4.759494304656982,0.2919347882270813,-8.260000228881836,0.5600000023841858,5.880000114440918,0.09979258170089406,ascending,7
9,left,3375.4934615384614,1790663837041,9.064335823059082,3.646791934967041,0.9093050956726074,-8.260000228881836,0.5600000023841858,5.880000114440918,0.09741021341421978,ascending,7
9,left,3375.503076923077,1790663837041,7.750629425048828,6.9872918128967285,0.43550926446914673,-8.260000228881836,0.5600000023841858,5.880000114440918,0.08858927401775654,ascending,7
9,left,3375.5126923076923,1790663837041,6.905932903289795,2.6250202655792236,0.6628355383872986,-8.260000228881836,0.5600000023841858,5.880000114440918,0.0640889225590767,ascending,7
9,left,3375.5223076923075,1790663837041,5.020321369171143,-3.1849606037139893,0.49054616689682007,-8.260000228881836,0.5600000023841858,5.880000114440918,0.011584730087478488,resting,null
9,right,3479.632,1790663837060,11.540995597839355,-4.376628875732422,0.3326142132282257,-3.7799999713897705,-6.230000019073486,-5.039999961853027,0.23459842687771926,ascending,7
9,right,3479.6416153846153,1790663837060,9.442415237426758,-2.6321988105773926,0.06221561133861542,-3.7799999713897705,-6.230000019073486,-5.039999961853027,0.23338746824790232,ascending,7
9,right,3479.651230769231,1790663837060,10.01671314239502,-0.30868515372276306,0.37568655610084534,-3.7799999713897705,-6.230000019073486,-5.039999961853027,0.22818062836200423,ascending,7
9,right,3479.6608461538463,1790663837060,10.244039535522461,-2.0818300247192383,0.3134709596633911,-3.7799999713897705,-6.230000019073486,-5.039999961853027,0.23196249862716004,ascending,7
9,right,3479.6704615384615,1790663837060,8.116744041442871,-10.014320373535156,-0.059822700917720795,-3.7799999713897705,-6.230000019073486,-5.039999961853027,0.24783267363567524,ascending,7
9,right,3479.680076923077,1790663837060,8.714971542358398,-5.537189483642578,0.22493335604667664,-3.7799999713897705,-6.230000019073486,-5.039999961853027,0.25159883907057495,ascending,7
9,right,3479.6896923076924,1790663837060,12.703948974609375,-4.587204933166504,0.1507532149553299,-3.7799999713897705,-6.230000019073486,-5.039999961853027,0.2867275361664796,ascending,7
9,right,3479.6993076923077,1790663837060,9.243803977966309,-2.057900905609131,-0.3421858549118042,-3.7799999713897705,-6.230000019073486,-5.039999961853027,0.28164788434253085,ascending,7
9,right,3479.708,1790663837120,7.4228010177612305,-0.6269419193267822,0.5647262930870056,-11.970000267028809,-6.369999885559082,-10.989999771118164,0.257630802482784,ascending,7
9,right,3479.7176153846153,1790663837120,8.676684379577637,-7.054293155670166,0.27997025847435,-11.970000267028809,-6.369999885559082,-10.989999771118164,0.2667491032065827,ascending,7
9,right,3479.727230769231,1790663837120,9.016477584838867,-6.755179405212402,-0.29911351203918457,-11.970000267028809,-6.369999885559082,-10.989999771118164,0.2777384123294549,ascending,7
9,right,3479.7368461538463,1790663837120,9.968854904174805,-4.134945392608643,-0.21536172926425934,-11.970000267028809,-6.369999885559082,-10.989999771118164,0.28708258056364216,ascending,7
9,right,3479.7464615384615,1790663837120,7.633376598358154,-2.9672060012817383,0.6891575455665588,-11.970000267028809,-6.369999885559082,-10.989999771118164,0.2712985065930278,ascending,7
9,right,3479.756076923077,1790663837120,9.849209785461426,-2.818845748901367,0.48576033115386963,-11.970000267028809,-6.369999885559082,-10.989999771118164,0.27458992239606583,ascending,7
9,right,3479.7656923076925,1790663837120,9.11458683013916,-1.6630711555480957,-1.0361292362213135,-11.970000267028809,-6.369999885559082,-10.989999771118164,0.2672794960506752,ascending,7
9,right,3479.7753076923077,1790663837120,0.46661707758903503,17.669233322143555,-1.2730270624160767,-11.970000267028809,-6.369999885559082,-10.989999771118164,0.11175659098166811,ascending,7
9,left,3375.534,1790663837147,10.244039535522461,0.03110780566930771,0.44268798828125,-5.320000171661377,2.870000123977661,6.929999828338623,0.014747500506941074,resting,null
9,left,3375.5436153846154,1790663837147,12.438336372375488,-0.20818300545215607,0.7035149931907654,-5.320000171661377,2.870000123977661,6.929999828338623,0.03772778987813753,resting,null
9,left,3375.553230769231,1790663837147,12.732664108276367,0.9691277742385864,0.37568655610084534,-5.320000171661377,2.870000123977661,6.929999828338623,0.06555121252600236,resting,null
9,left,3375.5628461538463,1790663837147,3.479288339614868,0.9954497814178467,0.39722275733947754,-5.320000171661377,2.870000123977661,6.929999828338623,0.005828065254569096,resting,null
9,left,3375.5724615384615,1790663837147,5.037071704864502,1.9550058841705322,0.5671192407608032,-5.320000171661377,2.870000123977661,6.929999828338623,-0.03754814595630575,resting,null
9,left,3375.5820769230772,1790663837147,10.99780559539795,1.8257888555526733,-0.29672059416770935,-5.320000171661377,2.870000123977661,6.929999828338623,-0.024618517696348936,resting,null
9,left,3375.5916923076925,1790663837147,7.721914291381836,-1.3854937553405762,1.2921704053878784,-5.320000171661377,2.870000123977661,6.929999828338623,-0.04800108923142273,resting,null
9,left,3375.6013076923077,1790663837147,-5.35532808303833,-33.94340133666992,-6.64031982421875,-5.320000171661377,2.870000123977661,6.929999828338623,-0.24683597622171713,resting,null
9,left,3375.613,1790663837177,37.0111083984375,67.05646514892578,-31.696460723876953,-13.09000015258789,3.430000066757202,1.190000057220459,0.19705392569366692,resting,null
9,left,3375.622615384615,1790663837177,11.622354507446289,5.9272332191467285,0.17946811020374298,-13.09000015258789,3.430000066757202,1.190000057220459,0.22230220581254628,resting,null
9,left,3375.632230769231,1790663837177,-13.18731689453125,26.424884796142578,-2.993528127670288,-13.09000015258789,3.430000066757202,1.190000057220459,0.04510804279045003,resting,null
9,left,3375.641846153846,1790663837177,-26.97046661376953,-1.6534994840621948,5.166288375854492,-13.09000015258789,3.430000066757202,1.190000057220459,-0.3075237571872798,resting,null
9,left,3375.6514615384613,1790663837177,36.90342712402344,-15.520401954650879,5.424722671508789,-13.09000015258789,3.430000066757202,1.190000057220459,-0.0765365369474369,resting,null
9,left,3375.661076923077,1790663837177,18.84415054321289,14.9819974899292,-4.235447406768799,-13.09000015258789,3.430000066757202,1.190000057220459,0.031644738788801724,resting,null
9,left,3375.670692307692,1790663837177,7.889418125152588,14.07987117767334,0.7920525670051575,-13.09000015258789,3.430000066757202,1.190000057220459,0.034481448754888934,resting,null
9,left,3375.6803076923075,1790663837177,0.21775463223457336,12.416800498962402,1.8329676389694214,-13.09000015258789,3.430000066757202,1.190000057220459,-0.037876050702912584,resting,null
9,right,3479.784,1790663837194,15.623296737670898,3.54150390625,4.848031997680664,-21.06999969482422,-14.5600004196167,29.96000099182129,0.1387721724245007,ascending,7
9,right,3479.7936153846154,1790663837194,5.522831916809082,-29.64573860168457,-7.035149574279785,-21.06999969482422,-14.5600004196167,29.96000099182129,0.20695597648724157,ascending,7
9,right,3479.803230769231,1790663837194,8.195710182189941,-13.3859281539917,-5.826731204986572,-21.06999969482422,-14.5600004196167,29.96000099182129,0.23749568316801326,ascending,7
9,right,3479.8128461538463,1790663837194,24.668489456176758,16.123414993286133,4.711636066436768,-21.06999969482422,-14.5600004196167,29.96000099182129,0.29621834042553635,ascending,7
9,right,3479.8224615384615,1790663837194,-5.640084266662598,1.3472073078155518,0.021536173298954964,-21.06999969482422,-14.5600004196167,29.96000099182129,0.1470756659852679,ascending,7
9,right,3479.8320769230772,1790663837194,20.732154846191406,-10.11242961883545,2.823631525039673,-21.06999969482422,-14.5600004196167,29.96000099182129,0.27324205075755553,ascending,7
9,right,3479.8416923076925,1790663837194,11.261025428771973,-21.150915145874023,0.19621846079826355,-21.06999969482422,-14.5600004196167,29.96000099182129,0.36176502403090066,ascending,7
9,right,3479.8513076923077,1790663837194,18.049705505371094,-4.02008581161499,1.622391700744629,-21.06999969482422,-14.5600004196167,29.96000099182129,0.44010523632523524,ascending,7
9,left,3375.693,1790663837267,1.3113136291503906,-15.352898597717285,1.9789350032806396,4.130000114440918,6.650000095367432,-1.6100000143051147,-0.1781558157032661,resting,null
9,left,3375.7026153846155,1790663837267,40.25110626220703,-12.04829216003418,-0.7011220455169678,4.130000114440918,6.650000095367432,-1.6100000143051147,0.0897895760840934,resting,null
9,left,3375.712230769231,1790663837267,16.877180099487305,3.8477962017059326,3.251962184906006,4.130000114440918,6.650000095367432,-1.6100000143051147,0.16175773798417334,resting,null
9,left,3375.7218461538464,1790663837267,-0.09810923039913177,11.531424522399902,0.29672059416770935,4.130000114440918,6.650000095367432,-1.6100000143051147,0.08520391467255968,resting,null
9,left,3375.7314615384616,1790663837267,-12.132043838500977,-3.9459054470062256,0.2919347882270813,4.130000114440918,6.650000095367432,-1.6100000143051147,-0.1303881813102258,resting,null
9,left,3375.7410769230773,1790663837267,13.981761932373047,9.813316345214844,0.0023929080925881863,4.130000114440918,6.650000095367432,-1.6100000143051147,-0.07619757795362714,resting,null
9,left,3375.7506923076926,1790663837267,15.640047073364258,-11.710892677307129,1.1246668100357056,4.130000114440918,6.650000095367432,-1.6100000143051147,-0.04122558671849027,resting,null
9,left,3375.760307692308,1790663837267,11.191631317138672,6.3340277671813965,0.8925547003746033,4.130000114440918,6.650000095367432,-1.6100000143051147,-0.01904916274068824,resting,null
9,right,3479.859,1790663837300,8.817866325378418,5.690335273742676,2.373764753341675,-9.59000015258789,-0.21000000834465027,24.5,0.40660257224983953,ascending,7
9,right,3479.868615384615,1790663837300,2.866703987121582,11.24188232421875,-1.1438100337982178,-9.59000015258789,-0.21000000834465027,24.5,0.2915828773223617,ascending,7
9,right,3479.878230769231,1790663837300,33.62275314331055,-11.96932601928711,0.7968384027481079,-9.59000015258789,-0.21000000834465027,24.5,0.5377276655977384,ascending,7
9,right,3479.887846153846,1790663837300,-1.682214379310608,-0.4761887192726135,-0.6532639265060425,-9.59000015258789,-0.21000000834465027,24.5,0.43093039288582413,ascending,7
9,right,3479.8974615384614,1790663837300,11.892753601074219,-11.191631317138672,0.3326142132282257,-9.59000015258789,-0.21000000834465027,24.5,0.4859643709448282,ascending,7
9,right,3479.907076923077,1790663837300,12.419193267822266,-5.802802085876465,-0.7130866050720215,-9.59000015258789,-0.21000000834465027,24.5,0.5233785160913683,ascending,7
9,right,3479.9166923076923,1790663837300,9.9832124710083,1.9119335412979126,0.25604116916656494,-9.59000015258789,-0.21000000834465027,24.5,0.5065816654027862,ascending,7
9,right,3479.9263076923075,1790663837300,10.928411483764648,-8.224425315856934,-1.4955675601959229,-9.59000015258789,-0.21000000834465027,24.5,0.5418958002675878,ascending,7
9,right,3479.935,1790663837359,15.704655647277832,-5.022714138031006,-0.8351249098777771,0.8400000333786011,-5.25,-2.5899999141693115,0.5982364917287031,ascending,7
9,right,3479.944615384615,1790663837359,0.9667348861694336,-0.19861137866973877,1.2945632934570312,0.8400000333786011,-5.25,-2.5899999141693115,0.5122364852255396,ascending,7
9,right,3479.954230769231,1790663837359,5.223718166351318,-2.21343994140625,-0.2703986167907715,0.8400000333786011,-5.25,-2.5899999141693115,0.4722279978289816,ascending,7
9,right,3479.963846153846,1790663837359,2.9767775535583496,-12.304333686828613,0.19861137866973877,0.8400000333786011,-5.25,-2.5899999141693115,0.4559195241244798,ascending,7
9,right,3479.9734615384614,1790663837359,17.638126373291016,0.5168681740760803,2.7231295108795166,0.8400000333786011,-5.25,-2.5899999141693115,0.5094114656488429,ascending,7
9,right,3479.983076923077,1790663837359,11.593639373779297,-5.046643257141113,-1.1079164743423462,0.8400000333786011,-5.25,-2.5899999141693115,0.5366856222303601,ascending,7
9,right,3479.9926923076923,1790663837359,11.43092155456543,-7.228975296020508,-0.825553297996521,0.8400000333786011,-5.25,-2.5899999141693115,0.5717009989381235,ascending,7
9,right,3480.0023076923076,1790663837359,1.0672370195388794,-9.947319030761719,1.0648441314697266,0.8400000333786011,-5.25,-2.5899999141693115,0.5282534165957371,ascending,7
9,left,3375.772,1790663837387,-4.816924095153809,-2.605876922607422,2.2660839557647705,-8.119999885559082,-5.460000038146973,-10.079999923706055,-0.19405968467779916,resting,null
9,left,3375.781615384615,1790663837387,10.153108596801758,23.625181198120117,0.30868515372276306,-8.119999885559082,-5.460000038146973,-10.079999923706055,-0.1527604383922022,resting,null
9,left,3375.791230769231,1790663837387,12.038721084594727,7.068650722503662,0.15793193876743317,-8.119999885559082,-5.460000038146973,-10.079999923706055,-0.12112977305635765,resting,null
9,left,3375.800846153846,1790663837387,9.291662216186523,-0.6149773597717285,-0.6269419193267822,-8.119999885559082,-5.460000038146973,-10.079999923706055,-0.12847103683872083,resting,null
9,left,3375.8104615384614,1790663837387,2.6537351608276367,-3.443394660949707,1.5984625816345215,-8.119999885559082,-5.460000038146973,-10.079999923706055,-0.20329762870571805,descending,null
9,left,3375.820076923077,1790663837387,7.571161270141602,-3.6587564945220947,0.3350071310997009,-8.119999885559082,-5.460000038146973,-10.079999923706055,-0.23200641770553515,descending,null
9,left,3375.8296923076923,1790663837387,10.272754669189453,5.345756530761719,1.4764243364334106,-8.119999885559082,-5.460000038146973,-10.079999923706055,-0.2197192448744958,descending,null
9,left,3375.8393076923076,1790663837387,14.163622856140137,3.661149263381958,0.2632198929786682,-8.119999885559082,-5.460000038146973,-10.079999923706055,-0.17360711004935991,descending,null
9,left,3375.851,1790663837420,9.148087501525879,6.8891825675964355,-0.5742979645729065,-0.5600000023841858,-1.399999976158142,3.7799999713897705,-0.1683258974227576,descending,null
9,left,3375.8606153846154,1790663837420,9.712814331054688,0.5647262930870056,0.5312256217002869,-0.5600000023841858,-1.399999976158142,3.7799999713897705,-0.1696758889094502,descending,null
9,left,3375.870230769231,1790663837420,8.214853286743164,-0.7489802241325378,0.3804723918437958,-0.5600000023841858,-1.399999976158142,3.7799999713897705,-0.187417851231385,descending,null
9,left,3375.8798461538463,1790663837420,8.779580116271973,14.383770942687988,2.0602939128875732,-0.5600000023841858,-1.399999976158142,3.7799999713897705,-0.1739244176978116,descending,null
9,left,3375.8894615384615,1790663837420,13.682648658752441,-2.3354783058166504,0.30868515372276306,-0.5600000023841858,-1.399999976158142,3.7799999713897705,-0.14261528212915348,descending,null
9,left,3375.8990769230772,1790663837420,13.919546127319336,-4.460380554199219,0.7035149931907654,-0.5600000023841858,-1.399999976158142,3.7799999713897705,-0.1126324633386483,descending,null
9,left,3375.9086923076925,1790663837420,8.399106979370117,-0.9619490504264832,0.2727915346622467,-0.5600000023841858,-1.399999976158142,3.7799999713897705,-0.12892777960921362,descending,null
9,left,3375.9183076923077,1790663837420,7.573554039001465,2.699200391769409,0.07896596938371658,-0.5600000023841858,-1.399999976158142,3.7799999713897705,-0.14690954885229887,descending,null
9,right,3480.011,1790663837464,9.81092357635498,-2.9456698894500732,0.9763064980506897,0.2800000011920929,-7.909999847412109,-4.269999980926514,0.5299727478038305,ascending,7
9,right,3480.020615384615,1790663837464,9.691277503967285,2.010042905807495,0.5384043455123901,0.2800000011920929,-7.909999847412109,-4.269999980926514,0.5101200405873019,ascending,7
9,right,3480.030230769231,1790663837464,8.573789596557617,-12.342619895935059,-0.2895418703556061,0.2800000011920929,-7.909999847412109,-4.269999980926514,0.5418190571110055,ascending,7
9,right,3480.039846153846,1790663837464,9.337127685546875,-7.087793827056885,-0.679585874080658,0.2800000011920929,-7.909999847412109,-4.269999980926514,0.5581002822248987,ascending,7
9,right,3480.0494615384614,1790663837464,10.715442657470703,-2.902597427368164,-0.023929081857204437,0.2800000011920929,-7.909999847412109,-4.269999980926514,0.5681766050931041,ascending,7
9,right,3480.059076923077,1790663837464,10.246432304382324,-3.295034408569336,-0.12682412564754486,0.2800000011920929,-7.909999847412109,-4.269999980926514,0.575951953410499,ascending,7
9,right,3480.0686923076923,1790663837464,9.889888763427734,-2.7662017345428467,0.3206496834754944,0.2800000011920929,-7.909999847412109,-4.269999980926514,0.578206849576492,ascending,7
9,right,3480.0783076923076,1790663837464,8.918368339538574,-0.8135887384414673,-0.09571632742881775,0.2800000011920929,-7.909999847412109,-4.269999980926514,0.5642243611474795,ascending,7
9,right,3480.088,1790663837480,6.539817810058594,-7.66448450088501,0.18425391614437103,1.1200000047683716,-4.900000095367432,-6.650000095367432,0.5579666998494549,ascending,7
9,right,3480.0976153846154,1790663837480,8.195710182189941,-7.109330177307129,-0.0502510704100132,1.1200000047683716,-4.900000095367432,-6.650000095367432,0.5639184285651945,ascending,7
9,right,3480.107230769231,1790663837480,11.325634002685547,-5.7238359451293945,0.05264397710561752,1.1200000047683716,-4.900000095367432,-6.650000095367432,0.591077769442072,ascending,7
9,right,3480.1168461538464,1790663837480,8.657541275024414,-3.156245708465576,0.03110780566930771,1.1200000047683716,-4.900000095367432,-6.650000095367432,0.5845128980847436,ascending,7
9,right,3480.1264615384616,1790663837480,9.99996280670166,-2.8571321964263916,0.17707519233226776,1.1200000047683716,-4.900000095367432,-6.650000095367432,0.5882885198651749,ascending,7
9,right,3480.1360769230773,1790663837480,8.375178337097168,-3.9578700065612793,0.35654330253601074,1.1200000047683716,-4.900000095367432,-6.650000095367432,0.5824182361266335,ascending,7
9,right,3480.1456923076926,1790663837480,9.73195743560791,-3.4027152061462402,0.4546525478363037,1.1200000047683716,-4.900000095367432,-6.650000095367432,0.5860028009620172,ascending,7
9,right,3480.155307692308,1790663837480,8.650362968444824,-2.2086541652679443,0.5527617931365967,1.1200000047683716,-4.900000095367432,-6.650000095367432,0.5753014128333633,ascending,7
9,left,3375.93,1790663837492,7.848738670349121,3.6491849422454834,0.5120823383331299,-1.190000057220459,-3.569999933242798,10.710000038146973,-0.16363585653188228,descending,null
9,left,3375.939615384615,1790663837492,12.383299827575684,-4.2258758544921875,0.6628355383872986,-1.190000057220459,-3.569999933242798,10.710000038146973,-0.14760187060682242,descending,null
9,left,3375.949230769231,1790663837492,13.546252250671387,1.8042527437210083,0.44747382402420044,-1.190000057220459,-3.569999933242798,10.710000038146973,-0.11053340140059818,descending,null
9,left,3375.958846153846,1790663837492,11.87360954284668,3.476895570755005,0.540797233581543,-1.190000057220459,-3.569999933242798,10.710000038146973,-0.0865645130973471,descending,null
9,left,3375.9684615384613,1790663837492,8.06410026550293,3.479288339614868,0.14836029708385468,-1.190000057220459,-3.569999933242798,10.710000038146973,-0.09868392502921913,descending,null
9,left,3375.978076923077,1790663837492,8.255533218383789,-3.4888598918914795,-0.9882710576057434,-1.190000057220459,-3.569999933242798,10.710000038146973,-0.12030473894893051,descending,null
9,left,3375.987692307692,1790663837492,6.585283279418945,6.113880157470703,1.2179901599884033,-1.190000057220459,-3.569999933242798,10.710000038146973,-0.14224119659344894,descending,null
9,left,3375.9973076923075,1790663837492,10.794408798217773,1.9980782270431519,0.26561281085014343,-1.190000057220459,-3.569999933242798,10.710000038146973,-0.13092562710179023,descending,null
9,right,3480.163,1790663837555,9.057157516479492,-3.3835721015930176,0.3206496834754944,-1.8200000524520874,-3.640000104904175,-2.0999999046325684,0.5735101903074818,ascending,7
9,right,3480.1726153846153,1790663837555,9.207910537719727,-5.503688812255859,0.5982270240783691,-1.8200000524520874,-3.640000104904175,-2.0999999046325684,0.581042440019846,ascending,7
9,right,3480.182230769231,1790663837555,9.626668930053711,-5.058607578277588,0.07178724557161331,-1.8200000524520874,-3.640000104904175,-2.0999999046325684,0.5907033943267331,ascending,7
9,right,3480.191846153846,1790663837555,9.973641395568848,-4.371842861175537,0.2129688262939453,-1.8200000524520874,-3.640000104904175,-2.0999999046325684,0.6005083371141239,ascending,7
9,right,3480.2014615384614,1790663837555,9.93056869506836,-4.4938812255859375,0.15553902089595795,-1.8200000524520874,-3.640000104904175,-2.0999999046325684,0.6104671550152599,ascending,7
9,right,3480.211076923077,1790663837555,9.329948425292969,-3.1945323944091797,0.1722893863916397,-1.8200000524520874,-3.640000104904175,-2.0999999046325684,0.6099360107650822,ascending,7
9,right,3480.2206923076924,1790663837555,7.2552971839904785,-3.7688302993774414,0.03828652948141098,-1.8200000524520874,-3.640000104904175,-2.0999999046325684,0.593750097143176,ascending,7
9,right,3480.2303076923076,1790663837555,8.552253723144531,-3.2854628562927246,-0.01914326474070549,-1.8200000524520874,-3.640000104904175,-2.0999999046325684,0.5869415121927839,ascending,7
9,left,3376.009,1790663837582,12.330655097961426,3.350071430206299,0.2536482512950897,-1.8899999856948853,1.1200000047683716,20.510000228881836,-0.09686866306880937,descending,null
9,left,3376.0186153846153,1790663837582,10.480937004089355,2.895418882369995,0.45943835377693176,-1.8899999856948853,1.1200000047683716,20.510000228881836,-0.08713942563260318,descending,null
9,left,3376.028230769231,1790663837582,9.949711799621582,1.5769264698028564,0.40679436922073364,-1.8899999856948853,1.1200000047683716,20.510000228881836,-0.08451077518735527,descending,null
9,left,3376.037846153846,1790663837582,8.418251037597656,0.5455830693244934,0.37807947397232056,-1.8899999856948853,1.1200000047683716,20.510000228881836,-0.09795279545865615,descending,null
9,left,3376.0474615384614,1790663837582,8.753257751464844,1.8784328699111938,0.33740004897117615,-1.8899999856948853,1.1200000047683716,20.510000228881836,-0.10624065364819378,descending,null
9,left,3376.057076923077,1790663837582,8.999727249145508,1.079201579093933,0.5742979645729065,-1.8899999856948853,1.1200000047683716,20.510000228881836,-0.11331868120685479,descending,null
9,left,3376.0666923076924,1790663837582,9.626668930053711,3.737722396850586,0.27997025847435,-1.8899999856948853,1.1200000047683716,20.510000228881836,-0.11070654484983777,descending,null
9,left,3376.0763076923076,1790663837582,9.853995323181152,2.4359803199768066,0.44029510021209717,-1.8899999856948853,1.1200000047683716,20.510000228881836,-0.10776884289897612,descending,null
9,right,3480.239,1790663837629,9.765458106994629,-3.98419189453125,0.011964540928602219,-0.07000000029802322,-3.009999990463257,0.7699999809265137,0.5928780140521304,ascending,7
9,right,3480.2486153846153,1790663837629,10.071749687194824,-5.707085609436035,-0.01914326474070549,-0.07000000029802322,-3.009999990463257,0.7699999809265137,0.6090809871643224,ascending,7
9,right,3480.258230769231,1790663837629,10.351720809936523,-5.575475692749023,-0.03350071236491203,-0.07000000029802322,-3.009999990463257,0.7699999809265137,0.627201034429039,ascending,7
9,right,3480.267846153846,1790663837629,10.301469802856445,-2.6106626987457275,0.03350071236491203,-0.07000000029802322,-3.009999990463257,0.7699999809265137,0.632856171607783,ascending,7
9,right,3480.2774615384615,1790663837629,9.01887035369873,-3.785580635070801,0.17707519233226776,-0.07000000029802322,-3.009999990463257,0.7699999809265137,0.6320204064742766,ascending,7
9,right,3480.287076923077,1790663837629,7.910953998565674,-3.7425081729888916,0.11725249886512756,-0.07000000029802322,-3.009999990463257,0.7699999809265137,0.6213992541376554,ascending,7
9,right,3480.2966923076924,1790663837629,8.377571105957031,-5.089715480804443,-0.12443122267723083,-0.07000000029802322,-3.009999990463257,0.7699999809265137,0.6204262892658613,ascending,7
9,right,3480.3063076923077,1790663837629,9.183980941772461,-3.94111967086792,-0.021536173298954964,-0.07000000029802322,-3.009999990463257,0.7699999809265137,0.6217677083825449,ascending,7
9,left,3376.089,1790663837657,10.428293228149414,1.0576653480529785,0.5838695764541626,-0.9100000262260437,-0.21000000834465027,-2.0299999713897705,-0.09918698221672165,descending,null
9,left,3376.098615384615,1790663837657,11.062414169311523,1.8162171840667725,0.6891575455665588,-0.9100000262260437,-0.21000000834465027,-2.0299999713897705,-0.08558910478695507,descending,null
9,left,3376.108230769231,1790663837657,9.56684684753418,1.6391420364379883,0.3350071310997009,-0.9100000262260437,-0.21000000834465027,-2.0299999713897705,-0.08650227561021281,descending,null
9,left,3376.117846153846,1790663837657,9.076300621032715,0.44029510021209717,0.4522596299648285,-0.9100000262260437,-0.21000000834465027,-2.0299999713897705,-0.09373462802931243,descending,null
9,left,3376.1274615384614,1790663837657,8.815473556518555,0.9930568337440491,0.5742979645729065,-0.9100000262260437,-0.21000000834465027,-2.0299999713897705,-0.10265071837723709,descending,null
9,left,3376.137076923077,1790663837657,9.523774147033691,4.089479923248291,0.5264397859573364,-0.9100000262260437,-0.21000000834465027,-2.0299999713897705,-0.10047946866721841,descending,null
9,left,3376.1466923076923,1790663837657,10.947554588317871,2.5963053703308105,0.4642241597175598,-0.9100000262260437,-0.21000000834465027,-2.0299999713897705,-0.08686775640145752,descending,null
9,left,3376.1563076923076,1790663837657,10.691513061523438,1.49317467212677,0.4211518168449402,-0.9100000262260437,-0.21000000834465027,-2.0299999713897705,-0.07727522416930378,descending,null
9,right,3480.315,1790663837719,9.179195404052734,-5.149538040161133,0.12203831225633621,0,-2.799999952316284,1.190000057220459,0.6273121338021675,ascending,7
9,right,3480.3246153846153,1790663837719,10.351720809936523,-4.3526997566223145,0.08853759616613388,0,-2.799999952316284,1.190000057220459,0.6404297153009302,ascending,7
9,right,3480.334230769231,1790663837719,10.1578950881958,-3.4386088848114014,0.2823631465435028,0,-2.799999952316284,1.190000057220459,0.6480715663250275,ascending,7
9,right,3480.3438461538462,1790663837719,9.315590858459473,-3.8406174182891846,0.24407662451267242,0,-2.799999952316284,1.190000057220459,0.6500295858346049,ascending,7
9,right,3480.3534615384615,1790663837719,8.013849258422852,-3.534325361251831,0.16750356554985046,0,-2.799999952316284,1.190000057220459,0.6394553891596299,ascending,7
9,right,3480.363076923077,1790663837719,7.841559886932373,-4.0583720207214355,0.24407662451267242,0,-2.799999952316284,1.190000057220459,0.6294757432616682,ascending,7
9,right,3480.3726923076924,1790663837719,9.10740852355957,-3.6515777111053467,0.18903973698616028,0,-2.799999952316284,1.190000057220459,0.6289071153229396,ascending,7
9,right,3480.3823076923077,1790663837719,9.858781814575195,-5.309863090515137,0.11007377505302429,0,-2.799999952316284,1.190000057220459,0.6416309213415111,ascending,7
9,left,3376.169,1790663837732,9.846817016601562,1.7252867221832275,0.4044014811515808,-0.42000001668930054,-1.0499999523162842,-16.8700008392334,-0.07476393331077698,descending,null
9,left,3376.178615384615,1790663837732,8.961441040039062,1.3974583148956299,0.20818300545215607,-0.42000001668930054,-1.0499999523162842,-16.8700008392334,-0.08178794172269642,descending,null
9,left,3376.188230769231,1790663837732,9.37541389465332,1.2897775173187256,0.33740004897117615,-0.42000001668930054,-1.0499999523162842,-16.8700008392334,-0.0850190157724253,descending,null
9,left,3376.197846153846,1790663837732,9.46155834197998,4.204339504241943,0.3804723918437958,-0.42000001668930054,-1.0499999523162842,-16.8700008392334,-0.08287637356022547,descending,null
9,left,3376.2074615384613,1790663837732,9.509416580200195,3.919583559036255,0.33740004897117615,-0.42000001668930054,-1.0499999523162842,-16.8700008392334,-0.08063068191743063,descending,null
9,left,3376.217076923077,1790663837732,9.832459449768066,1.7228938341140747,0.3732936680316925,-0.42000001668930054,-1.0499999523162842,-16.8700008392334,-0.07884905676145955,descending,null
9,left,3376.2266923076922,1790663837732,10.014320373535156,1.454888105392456,0.7394086122512817,-0.42000001668930054,-1.0499999523162842,-16.8700008392334,-0.0757099521369252,descending,null
9,left,3376.2363076923075,1790663837732,10.100464820861816,2.134474039077759,0.24407662451267242,-0.42000001668930054,-1.0499999523162842,-16.8700008392334,-0.070722596036898,descending,null
9,right,3480.391,1790663837780,10.516831398010254,-5.26918363571167,0.055036887526512146,-0.3499999940395355,-2.5899999141693115,2.5199999809265137,0.6581855003534837,ascending,7
9,right,3480.4006153846153,1790663837780,10.291897773742676,-1.6367491483688354,0.15553902089595795,-0.3499999940395355,-2.5899999141693115,2.5199999809265137,0.6597709308540022,ascending,7
9,right,3480.410230769231,1790663837780,7.705163955688477,-3.8812968730926514,0.17707519233226776,-0.3499999940395355,-2.5899999141693115,2.5199999809265137,0.6479272739492057,ascending,7
9,right,3480.4198461538463,1790663837780,7.733879089355469,-3.905225992202759,-0.06221561133861542,-0.3499999940395355,-2.5899999141693115,2.5199999809265137,0.6365438942046248,ascending,7
9,right,3480.4294615384615,1790663837780,8.449358940124512,-5.204575061798096,0.06221561133861542,-0.3499999940395355,-2.5899999141693115,2.5199999809265137,0.6366491133492863,ascending,7
9,right,3480.439076923077,1790663837780,9.600347518920898,-4.754708290100098,0.15793193876743317,-0.3499999940395355,-2.5899999141693115,2.5199999809265137,0.6448809185817832,ascending,7
9,right,3480.4486923076925,1790663837780,10.098072052001953,-4.776244640350342,-0.06939433515071869,-0.3499999940395355,-2.5899999141693115,2.5199999809265137,0.6576154928518249,ascending,7
9,right,3480.4583076923077,1790663837780,9.791779518127441,-3.204103946685791,0.059822700917720795,-0.3499999940395355,-2.5899999141693115,2.5199999809265137,0.6612012912603015,ascending,7
9,left,3376.248,1790663837807,9.353878021240234,1.2802058458328247,0.5431901216506958,-1.8200000524520874,-1.5399999618530273,6.159999847412109,-0.07492003210935534,descending,null
9,left,3376.2576153846153,1790663837807,8.267497062683105,2.4359803199768066,0.461831271648407,-1.8200000524520874,-1.5399999618530273,6.159999847412109,-0.08671923682153769,descending,null
9,left,3376.267230769231,1790663837807,8.84658145904541,2.479052782058716,0.43550926446914673,-1.8200000524520874,-1.5399999618530273,6.159999847412109,-0.0929617296815301,descending,null
9,left,3376.2768461538462,1790663837807,10.844659805297852,1.2586696147918701,0.6365135312080383,-1.8200000524520874,-1.5399999618530273,6.159999847412109,-0.08230416269040461,descending,null
9,left,3376.2864615384615,1790663837807,12.65609073638916,1.995685338973999,0.5240468978881836,-1.8200000524520874,-1.5399999618530273,6.159999847412109,-0.053307655308158695,descending,null
9,left,3376.296076923077,1790663837807,9.909032821655273,1.0576653480529785,0.5934411883354187,-1.8200000524520874,-1.5399999618530273,6.159999847412109,-0.05184328408247335,descending,null
9,left,3376.3056923076924,1790663837807,7.116508483886719,2.017221450805664,0.3421858549118042,-1.8200000524520874,-1.5399999618530273,6.159999847412109,-0.07530528552249409,descending,null
9,left,3376.3153076923077,1790663837807,7.470659255981445,2.9624202251434326,0.2703986167907715,-1.8200000524520874,-1.5399999618530273,6.159999847412109,-0.09385597565677482,descending,null
9,right,3480.466,1790663837873,8.815473556518555,-5.015535354614258,-0.22014755010604858,-0.7699999809265137,-4.269999980926514,1.6800000667572021,0.663309615321126,ascending,7
9,right,3480.475615384615,1790663837873,8.714971542358398,-2.943276882171631,0.1722893863916397,-0.7699999809265137,-4.269999980926514,1.6800000667572021,0.6564210198009641,ascending,7
9,right,3480.485230769231,1790663837873,8.095208168029785,-2.5891265869140625,0.11964540183544159,-0.7699999809265137,-4.269999980926514,1.6800000667572021,0.6427373154537805,ascending,7
9,right,3480.494846153846,1790663837873,7.9779558181762695,-4.357485771179199,0.17707519233226776,-0.7699999809265137,-4.269999980926514,1.6800000667572021,0.6352477861960538,ascending,7
9,right,3480.5044615384613,1790663837873,10.007142066955566,-5.161502838134766,0.14357449114322662,-0.7699999809265137,-4.269999980926514,1.6800000667572021,0.6486996201892984,ascending,7
9,right,3480.514076923077,1790663837873,11.634319305419922,-4.398165225982666,0.0909305065870285,-0.7699999809265137,-4.269999980926514,1.6800000667572021,0.6731703191738475,ascending,7
9,right,3480.5236923076923,1790663837873,9.284482955932617,-4.903068542480469,0.10768086463212967,-0.7699999809265137,-4.269999980926514,1.6800000667572021,0.6792870211200397,ascending,7
9,right,3480.5333076923075,1790663837873,7.942061901092529,-3.0724940299987793,0.19382555782794952,-0.7699999809265137,-4.269999980926514,1.6800000667572021,0.6662047372082712,ascending,7
9,left,3376.327,1790663837942,10.866195678710938,2.971991777420044,0.4307234585285187,-2.940000057220459,-0.9800000190734863,3.0799999237060547,-0.07723669947122591,descending,null
9,left,3376.3366153846155,1790663837942,11.033699035644531,1.2778129577636719,0.284756064414978,-2.940000057220459,-0.9800000190734863,3.0799999237060547,-0.06483281663807067,descending,null
9,left,3376.346230769231,1790663837942,9.66016960144043,2.1871180534362793,0.23689790070056915,-2.940000057220459,-0.9800000190734863,3.0799999237060547,-0.06394919100309798,descending,null
9,left,3376.3558461538464,1790663837942,9.770243644714355,2.2445478439331055,0.38525819778442383,-2.940000057220459,-0.9800000190734863,3.0799999237060547,-0.06188630160148293,descending,null
9,left,3376.3654615384617,1790663837942,9.7391357421875,1.49317467212677,0.31825676560401917,-2.940000057220459,-0.9800000190734863,3.0799999237060547,-0.06138302446853944,descending,null
9,left,3376.3750769230774,1790663837942,9.282090187072754,0.7633376717567444,0.23689790070056915,-2.940000057220459,-0.9800000190734863,3.0799999237060547,-0.06640795589615996,descending,null
9,left,3376.3846923076926,1790663837942,7.851131439208984,1.9789350032806396,0.49772489070892334,-2.940000057220459,-0.9800000190734863,3.0799999237060547,-0.08293587772714192,descending,null
9,left,3376.394307692308,1790663837942,8.77479362487793,2.670485496520996,0.45704543590545654,-2.940000057220459,-0.9800000190734863,3.0799999237060547,-0.08957784721695056,descending,null
9,right,3480.543,1790663837945,7.214617729187012,-2.943276882171631,0.19621846079826355,-1.6800000667572021,-4.96999979019165,-2.0999999046325684,0.6461277951878965,ascending,7
9,right,3480.5526153846154,1790663837945,6.7838945388793945,-4.467559337615967,0.12921704351902008,-1.6800000667572021,-4.96999979019165,-2.0999999046325684,0.6287448383362823,ascending,7
9,right,3480.562230769231,1790663837945,10.224896430969238,-4.087087154388428,0.1316099464893341,-1.6800000667572021,-4.96999979019165,-2.0999999046325684,0.6397055763263128,ascending,7
9,right,3480.5718461538463,1790663837945,12.392870903015137,-3.113173484802246,0.19861137866973877,-1.6800000667572021,-4.96999979019165,-2.0999999046325684,0.6655464547861524,ascending,7
9,right,3480.5814615384616,1790663837945,9.964069366455078,-4.357485771179199,0.22732627391815186,-1.6800000667572021,-4.96999979019165,-2.0999999046325684,0.6752988535761588,ascending,7
9,right,3480.5910769230773,1790663837945,8.686256408691406,-4.3048415184021,0.1411815732717514,-1.6800000667572021,-4.96999979019165,-2.0999999046325684,0.6737466671828795,ascending,7
9,right,3480.6006923076925,1790663837945,7.097365379333496,-3.646791934967041,0.07657305896282196,-1.6800000667572021,-4.96999979019165,-2.0999999046325684,0.6557223852952617,ascending,7
9,right,3480.6103076923077,1790663837945,7.805665969848633,-3.6348273754119873,0.055036887526512146,-1.6800000667572021,-4.96999979019165,-2.0999999046325684,0.6438304392571446,ascending,7
9,left,3376.406,1790663837972,11.284955024719238,1.3304568529129028,0.5025107264518738,-2.309999942779541,0.8400000333786011,2.450000047683716,-0.07140508532794591,descending,null
9,left,3376.415615384615,1790663837972,12.861881256103516,1.464459776878357,0.4737958014011383,-2.309999942779541,0.8400000333786011,2.450000047683716,-0.041322317537451886,descending,null
9,left,3376.425230769231,1790663837972,10.028677940368652,3.275891065597534,0.43550926446914673,-2.309999942779541,0.8400000333786011,2.450000047683716,-0.03514664128089445,descending,null
9,left,3376.434846153846,1790663837972,7.88223934173584,1.8903974294662476,0.5025107264518738,-2.309999942779541,0.8400000333786011,2.450000047683716,-0.0515268537726008,descending,null
9,left,3376.4444615384614,1790663837972,7.489802360534668,0.9619490504264832,0.5049036145210266,-2.309999942779541,0.8400000333786011,2.450000047683716,-0.07312731490537724,descending,null
9,left,3376.454076923077,1790663837972,9.760672569274902,1.426173210144043,0.6077986359596252,-2.309999942779541,0.8400000333786011,2.450000047683716,-0.07242553241389461,descending,null
9,left,3376.4636923076923,1790663837972,11.301705360412598,5.2165398597717285,0.5503688454627991,-2.309999942779541,0.8400000333786011,2.450000047683716,-0.05099477697532212,descending,null
9,left,3376.4733076923076,1790663837972,10.684334754943848,2.5388755798339844,0.5623334050178528,-2.309999942779541,0.8400000333786011,2.450000047683716,-0.039757090246709,descending,null
9,right,3480.619,1790663838019,9.585989952087402,-3.687471389770508,0.284756064414978,-0.699999988079071,-3.3600001335144043,6.929999828338623,0.647210364656771,ascending,7
9,right,3480.6286153846154,1790663838019,10.028677940368652,-3.6348273754119873,0.0023929080925881863,-0.699999988079071,-3.3600001335144043,6.929999828338623,0.6546929406888173,ascending,7
9,right,3480.638230769231,1790663838019,9.806137084960938,-5.178253173828125,0.055036887526512146,-0.699999988079071,-3.3600001335144043,6.929999828338623,0.6664949544789128,ascending,7
9,right,3480.6478461538463,1790663838019,9.516595840454102,-5.496510028839111,0.07657305896282196,-0.699999988079071,-3.3600001335144043,6.929999828338623,0.6770893724792398,ascending,7
9,right,3480.6574615384616,1790663838019,9.332341194152832,-3.661149263381958,0.09571632742881775,-0.699999988079071,-3.3600001335144043,6.929999828338623,0.6785440618602603,ascending,7
9,right,3480.6670769230773,1790663838019,7.973169803619385,-2.3211207389831543,0.03110780566930771,-0.699999988079071,-3.3600001335144043,6.929999828338623,0.6627280263261308,ascending,7
9,right,3480.6766923076925,1790663838019,7.487409591674805,-4.005728244781494,0.15553902089595795,-0.699999988079071,-3.3600001335144043,6.929999828338623,0.649567995702545,ascending,7
9,right,3480.6863076923078,1790663838019,12.055471420288086,-3.070101022720337,0.047858163714408875,-0.699999988079071,-3.3600001335144043,6.929999828338623,0.6722568327156334,ascending,7
9,left,3376.485,1790663838046,8.973404884338379,1.8401463031768799,0.382865309715271,-1.6100000143051147,-1.6800000667572021,-8.399999618530273,-0.04723805850085977,descending,null
9,left,3376.4946153846154,1790663838046,8.363213539123535,2.108151912689209,0.4044014811515808,-1.6100000143051147,-1.6800000667572021,-8.399999618530273,-0.05868396602877229,descending,null
9,left,3376.504230769231,1790663838046,10.047821044921875,1.8856115341186523,0.37568655610084534,-1.6100000143051147,-1.6800000667572021,-8.399999618530273,-0.05458703141230321,descending,null
9,left,3376.5138461538463,1790663838046,9.54052448272705,2.7303080558776855,0.29672059416770935,-1.6100000143051147,-1.6800000667572021,-8.399999618530273,-0.05381586078036378,descending,null
9,left,3376.5234615384616,1790663838046,9.892282485961914,-0.028714897111058235,0.4929390549659729,-1.6100000143051147,-1.6800000667572021,-8.399999618530273,-0.05452135868150924,descending,null
9,left,3376.5330769230773,1790663838046,10.969090461730957,1.359171748161316,0.4044014811515808,-1.6100000143051147,-1.6800000667572021,-8.399999618530273,-0.042640760425545786,descending,null
9,left,3376.5426923076925,1790663838046,11.272990226745605,4.182803153991699,0.5288326740264893,-1.6100000143051147,-1.6800000667572021,-8.399999618530273,-0.022834672706304866,descending,null
9,left,3376.5523076923077,1790663838046,10.258397102355957,1.4094228744506836,0.46661707758903503,-1.6100000143051147,-1.6800000667572021,-8.399999618530273,-0.017586366334523696,resting,null
9,right,3480.694,1790663838109,10.177038192749023,-8.375178337097168,0.055036887526512146,-0.21000000834465027,-1.4700000286102295,-11.34000015258789,0.6947588944669765,ascending,7
9,right,3480.703615384615,1790663838109,10.054999351501465,-6.8748250007629395,0.011964540928602219,-0.21000000834465027,-1.4700000286102295,-11.34000015258789,0.7156801260974376,ascending,7
9,right,3480.713230769231,1790663838109,8.638398170471191,-2.5388755798339844,-0.0909305065870285,-0.21000000834465027,-1.4700000286102295,-11.34000015258789,0.7066111936730461,ascending,7
9,right,3480.722846153846,1790663838109,7.1212944984436035,-4.173231601715088,0.15793193876743317,-0.21000000834465027,-1.4700000286102295,-11.34000015258789,0.6908971494119074,ascending,7
9,right,3480.7324615384614,1790663838109,9.023656845092773,-3.345285415649414,0.12443122267723083,-0.21000000834465027,-1.4700000286102295,-11.34000015258789,0.6884280917025668,ascending,7
9,right,3480.742076923077,1790663838109,9.820494651794434,-2.711164951324463,0.23689790070056915,-0.21000000834465027,-1.4700000286102295,-11.34000015258789,0.6903721909605537,ascending,7
9,right,3480.7516923076923,1790663838109,10.6939058303833,-3.0964231491088867,0.1914326548576355,-0.21000000834465027,-1.4700000286102295,-11.34000015258789,0.7015561308631496,ascending,7
9,right,3480.7613076923076,1790663838109,8.085636138916016,-6.393850326538086,0.20579010248184204,-0.21000000834465027,-1.4700000286102295,-11.34000015258789,0.7029964630710381,ascending,7
9,left,3376.565,1790663838137,8.432607650756836,0.6460852026939392,0.4307234585285187,-0.21000000834465027,-2.380000114440918,-6.369999885559082,-0.03520576525183046,resting,null
9,left,3376.5746153846153,1790663838137,7.973169803619385,3.850189208984375,-0.04307234659790993,-0.21000000834465027,-2.380000114440918,-6.369999885559082,-0.047289247514402236,resting,null
9,left,3376.584230769231,1790663838137,9.705635070800781,1.5075321197509766,0.23450499773025513,-0.21000000834465027,-2.380000114440918,-6.369999885559082,-0.0471487952725117,resting,null
9,left,3376.5938461538462,1790663838137,11.512280464172363,2.6250202655792236,0.5671192407608032,-0.21000000834465027,-2.380000114440918,-6.369999885559082,-0.027841225253047566,resting,null
9,left,3376.6034615384615,1790663838137,9.545310020446777,4.678135395050049,0.667621374130249,-0.21000000834465027,-2.380000114440918,-6.369999885559082,-0.023251784525650666,resting,null
9,left,3376.613076923077,1790663838137,7.989920139312744,3.2687125205993652,0.46661707758903503,-0.21000000834465027,-2.380000114440918,-6.369999885559082,-0.03594505890111937,resting,null
9,left,3376.6226923076924,1790663838137,8.76761531829834,1.5290682315826416,0.5168681740760803,-0.21000000834465027,-2.380000114440918,-6.369999885559082,-0.04454922131044556,resting,null
9,left,3376.6323076923077,1790663838137,9.038013458251953,1.5123178958892822,0.17707519233226776,-0.21000000834465027,-2.380000114440918,-6.369999885559082,-0.050737353867581964,resting,null
9,right,3480.77,1790663838168,8.968619346618652,-5.955948352813721,-0.08614469319581985,1.2599999904632568,-3.9200000762939453,-0.07000000029802322,0.7098215305201959,ascending,7
9,right,3480.779615384615,1790663838168,8.540288925170898,-6.403421878814697,0.014357448555529118,1.2599999904632568,-3.9200000762939453,-0.07000000029802322,0.715411501020011,ascending,7
9,right,3480.789230769231,1790663838168,8.485252380371094,-3.5797905921936035,0.07178724557161331,1.2599999904632568,-3.9200000762939453,-0.07000000029802322,0.7092165587115652,ascending,7
9,right,3480.798846153846,1790663838168,8.391928672790527,-2.4551236629486084,0.11246667802333832,1.2599999904632568,-3.9200000762939453,-0.07000000029802322,0.6977289557198849,ascending,7
9,right,3480.8084615384614,1790663838168,9.061943054199219,-3.019850015640259,0.06939433515071869,1.2599999904632568,-3.9200000762939453,-0.07000000029802322,0.6943806668547062,ascending,7
9,right,3480.818076923077,1790663838168,10.89491081237793,-3.3620357513427734,0.07657305896282196,1.2599999904632568,-3.9200000762939453,-0.07000000029802322,0.7084501852019455,ascending,7
9,right,3480.8276923076924,1790663838168,11.160523414611816,-6.898754119873047,0.10528795421123505,1.2599999904632568,-3.9200000762939453,-0.07000000029802322,0.7387823943796276,ascending,7
9,right,3480.8373076923076,1790663838168,10.098072052001953,-4.292877197265625,0.007178724277764559,1.2599999904632568,-3.9200000762939453,-0.07000000029802322,0.7495501136069959,ascending,7
9,left,3376.644,1790663838213,9.585989952087402,1.3735291957855225,0.5025107264518738,-1.3300000429153442,-0.2800000011920929,9.520000457763672,-0.052150050019731956,resting,null
9,left,3376.653615384615,1790663838213,9.416092872619629,3.1083877086639404,0.3350071310997009,-1.3300000429153442,-0.2800000011920929,9.520000457763672,-0.051784156462478116,resting,null
9,left,3376.6632307692307,1790663838213,9.657776832580566,1.682214379310608,0.2010042816400528,-1.3300000429153442,-0.2800000011920929,9.520000457763672,-0.051791505177439086,resting,null
9,left,3376.672846153846,1790663838213,10.854230880737305,3.041386127471924,0.35893622040748596,-1.3300000429153442,-0.2800000011920929,9.520000457763672,-0.03800573582821511,resting,null
9,left,3376.682461538461,1790663838213,10.875767707824707,1.907147765159607,0.35893622040748596,-1.3300000429153442,-0.2800000011920929,9.520000457763672,-0.02606952156469808,resting,null
9,left,3376.692076923077,1790663838213,8.801115989685059,0.5264397859573364,0.49054616689682007,-1.3300000429153442,-0.2800000011920929,9.520000457763672,-0.036099090877643826,resting,null
9,left,3376.701692307692,1790663838213,8.604897499084473,1.0600582361221313,0.29672059416770935,-1.3300000429153442,-0.2800000011920929,9.520000457763672,-0.047089917290297524,resting,null
9,left,3376.7113076923074,1790663838213,9.535738945007324,2.5340895652770996,0.4307234585285187,-1.3300000429153442,-0.2800000011920929,9.520000457763672,-0.04671312815841781,resting,null
9,right,3480.846,1790663838244,7.910953998565674,-4.836067199707031,0.14357449114322662,0.2800000011920929,-3.430000066757202,21.90999984741211,0.7439015524494623,ascending,7
9,right,3480.8556153846152,1790663838244,9.0978364944458,-2.28283429145813,0.3421858549118042,0.2800000011920929,-3.430000066757202,21.90999984741211,0.7377689402975133,ascending,7
9,right,3480.865230769231,1790663838244,8.530716896057129,-4.3239850997924805,0.18664683401584625,0.2800000011920929,-3.430000066757202,21.90999984741211,0.7349186527789693,ascending,7
9,right,3480.874846153846,1790663838244,9.250982284545898,-5.733407974243164,0.06939433515071869,0.2800000011920929,-3.430000066757202,21.90999984741211,0.744143666794593,ascending,7
9,right,3480.8844615384614,1790663838244,9.195945739746094,-4.804959297180176,0.284756064414978,0.2800000011920929,-3.430000066757202,21.90999984741211,0.7490465061551362,ascending,7
9,right,3480.894076923077,1790663838244,9.837244987487793,-4.2258758544921875,0.14357449114322662,0.2800000011920929,-3.430000066757202,21.90999984741211,0.7571558321690206,ascending,7
9,right,3480.9036923076924,1790663838244,9.408914566040039,-4.084693908691406,0.10289505124092102,0.2800000011920929,-3.430000066757202,21.90999984741211,0.760969146256232,ascending,7
9,right,3480.9133076923076,1790663838244,8.889653205871582,-4.814530849456787,0.07657305896282196,0.2800000011920929,-3.430000066757202,21.90999984741211,0.763364018099218,ascending,7
9,left,3376.723,1790663838289,10.014320373535156,4.075122356414795,0.46661707758903503,-2.380000114440918,-0.3499999940395355,0.2800000011920929,-0.037475705110190764,resting,null
9,left,3376.732615384615,1790663838289,10.492901802062988,2.5963053703308105,0.3541503846645355,-2.380000114440918,-0.3499999940395355,0.2800000011920929,-0.027947685065838442,resting,null
9,left,3376.742230769231,1790663838289,9.344305992126465,1.2802058458328247,0.48576033115386963,-2.380000114440918,-0.3499999940395355,0.2800000011920929,-0.031527247734900565,resting,null
9,left,3376.751846153846,1790663838289,7.980348587036133,4.6972784996032715,0.0047858161851763725,-2.380000114440918,-0.3499999940395355,0.2800000011920929,-0.04216076391993014,resting,null
9,left,3376.7614615384614,1790663838289,7.954026699066162,1.8951832056045532,0.19621846079826355,-2.380000114440918,-0.3499999940395355,0.2800000011920929,-0.057879028350870936,resting,null
9,left,3376.771076923077,1790663838289,8.820259094238281,2.3282995223999023,0.4809745252132416,-2.380000114440918,-0.3499999940395355,0.2800000011920929,-0.0645439389749252,resting,null
9,left,3376.7806923076923,1790663838289,10.81594467163086,1.8784328699111938,0.4235447347164154,-2.380000114440918,-0.3499999940395355,0.2800000011920929,-0.05318869162644409,resting,null
9,left,3376.7903076923076,1790663838289,9.865960121154785,3.2854628562927246,0.6580497026443481,-2.380000114440918,-0.3499999940395355,0.2800000011920929,-0.04821832487594607,resting,null
9,right,3480.923,1790663838334,8.820259094238281,-4.618312835693359,-0.12921704351902008,-0.21000000834465027,-4.340000152587891,-3.1500000953674316,0.7644019231771513,ascending,7
9,right,3480.932615384615,1790663838334,8.904010772705078,-3.8956544399261475,0.13639576733112335,-0.21000000834465027,-4.340000152587891,-3.1500000953674316,0.763033496598813,ascending,7
9,right,3480.9422307692307,1790663838334,8.918368339538574,-4.460380554199219,0.10528795421123505,-0.21000000834465027,-4.340000152587891,-3.1500000953674316,0.7641782145289072,ascending,7
9,right,3480.951846153846,1790663838334,7.963598251342773,-5.556332588195801,-0.07657305896282196,-0.21000000834465027,-4.340000152587891,-3.1500000953674316,0.7617578965048102,ascending,7
9,right,3480.961461538461,1790663838334,9.987998008728027,-4.441237449645996,0.08614469319581985,-0.21000000834465027,-4.340000152587891,-3.1500000953674316,0.7720662412992605,ascending,7
9,right,3480.971076923077,1790663838334,10.059785842895508,-5.618548393249512,0.035893622785806656,-0.21000000834465027,-4.340000152587891,-3.1500000953674316,0.7879619636734879,ascending,7
9,right,3480.980692307692,1790663838334,9.444808006286621,-1.5362470149993896,-0.011964540928602219,-0.21000000834465027,-4.340000152587891,-3.1500000953674316,0.7814110950781747,ascending,7
9,right,3480.9903076923074,1790663838334,9.090658187866211,-2.2038683891296387,0.1005021408200264,-0.21000000834465027,-4.340000152587891,-3.1500000953674316,0.7746141308207587,ascending,7