sessionId,sensor,t,recvAt,x,y,z,gx,gy,gz,vVert,phase,repIndex
7,left,3165.754,1790663627328,8.233996391296387,5.479759693145752,0.31586387753486633,-0.14000000059604645,-0.2800000011920929,8.1899995803833,undefined,undefined,undefined
7,left,3165.763615384615,1790663627328,8.408679008483887,5.422329902648926,0.28714898228645325,-0.14000000059604645,-0.2800000011920929,8.1899995803833,undefined,undefined,undefined
7,left,3165.773230769231,1790663627328,8.0377779006958,5.587440490722656,0.24407662451267242,-0.14000000059604645,-0.2800000011920929,8.1899995803833,undefined,undefined,undefined
7,left,3165.782846153846,1790663627328,7.910953998565674,5.666406154632568,0.21775463223457336,-0.14000000059604645,-0.2800000011920929,8.1899995803833,undefined,undefined,undefined
7,left,3165.7924615384613,1790663627328,8.119136810302734,5.465402126312256,0.16271774470806122,-0.14000000059604645,-0.2800000011920929,8.1899995803833,undefined,undefined,undefined
7,left,3165.802076923077,1790663627328,8.557039260864258,5.278755187988281,0.1698964685201645,-0.14000000059604645,-0.2800000011920929,8.1899995803833,undefined,undefined,undefined
7,left,3165.8116923076923,1790663627328,8.614469528198242,5.2524333000183105,0.11725249886512756,-0.14000000059604645,-0.2800000011920929,8.1899995803833,undefined,undefined,undefined
7,left,3165.8213076923075,1790663627328,8.382356643676758,5.704692840576172,0.08614469319581985,-0.14000000059604645,-0.2800000011920929,8.1899995803833,undefined,undefined,undefined
7,right,3269.951,1790663627344,8.061707496643066,4.895889759063721,0.11964540183544159,1.190000057220459,-3.0799999237060547,3.9200000762939453,undefined,undefined,undefined
7,right,3269.9606153846153,1790663627344,8.181352615356445,5.175860404968262,0.17946811020374298,1.190000057220459,-3.0799999237060547,3.9200000762939453,undefined,undefined,undefined
7,right,3269.970230769231,1790663627344,8.190924644470215,5.644870281219482,0.2129688262939453,1.190000057220459,-3.0799999237060547,3.9200000762939453,undefined,undefined,undefined
7,right,3269.979846153846,1790663627344,8.470894813537598,5.565904140472412,0.22732627391815186,1.190000057220459,-3.0799999237060547,3.9200000762939453,undefined,undefined,undefined
7,right,3269.9894615384615,1790663627344,8.329712867736816,5.3649001121521,0.27757734060287476,1.190000057220459,-3.0799999237060547,3.9200000762939453,undefined,undefined,undefined
7,right,3269.999076923077,1790663627344,8.33210563659668,5.080143928527832,0.30868515372276306,1.190000057220459,-3.0799999237060547,3.9200000762939453,undefined,undefined,undefined
7,right,3270.0086923076924,1790663627344,8.0377779006958,5.293112754821777,0.3206496834754944,1.190000057220459,-3.0799999237060547,3.9200000762939453,undefined,undefined,undefined
7,right,3270.0183076923076,1790663627344,8.028206825256348,5.513260364532471,0.3302213251590729,1.190000057220459,-3.0799999237060547,3.9200000762939453,undefined,undefined,undefined
7,left,3165.834,1790663627402,8.111958503723145,5.623333930969238,0.07178724557161331,-1.190000057220459,-0.7699999809265137,4.619999885559082,undefined,undefined,undefined
7,left,3165.843615384615,1790663627402,8.13349437713623,5.439080238342285,0.047858163714408875,-1.190000057220459,-0.7699999809265137,4.619999885559082,undefined,undefined,undefined
7,left,3165.853230769231,1790663627402,8.456537246704102,5.05142879486084,0.023929081857204437,-1.190000057220459,-0.7699999809265137,4.619999885559082,undefined,undefined,undefined
7,left,3165.862846153846,1790663627402,8.370392799377441,5.3433637619018555,0.04546525329351425,-1.190000057220459,-0.7699999809265137,4.619999885559082,undefined,undefined,undefined
7,left,3165.8724615384613,1790663627402,8.202888488769531,5.611369609832764,0.016750356182456017,-1.190000057220459,-0.7699999809265137,4.619999885559082,undefined,undefined,undefined
7,left,3165.882076923077,1790663627402,8.265104293823242,5.735800743103027,-0.011964540928602219,-1.190000057220459,-0.7699999809265137,4.619999885559082,undefined,undefined,undefined
7,left,3165.891692307692,1790663627402,8.322534561157227,5.223718166351318,-0.040679436177015305,-1.190000057220459,-0.7699999809265137,4.619999885559082,undefined,undefined,undefined
7,left,3165.9013076923075,1790663627402,8.492430686950684,5.2380757331848145,-0.08135887235403061,-1.190000057220459,-0.7699999809265137,4.619999885559082,undefined,undefined,undefined
7,right,3270.027,1790663627434,8.049742698669434,5.61615514755249,0.34936457872390747,-0.07000000029802322,-3.5,-2.0999999046325684,undefined,undefined,undefined
7,right,3270.0366153846153,1790663627434,8.33449935913086,5.266790866851807,0.3038993179798126,-0.07000000029802322,-3.5,-2.0999999046325684,undefined,undefined,undefined
7,right,3270.046230769231,1790663627434,8.298604965209961,5.159110069274902,0.37568655610084534,-0.07000000029802322,-3.5,-2.0999999046325684,undefined,undefined,undefined
7,right,3270.0558461538462,1790663627434,8.178959846496582,5.367292881011963,0.44747382402420044,-0.07000000029802322,-3.5,-2.0999999046325684,undefined,undefined,undefined
7,right,3270.0654615384615,1790663627434,7.973169803619385,5.57308292388916,0.39722275733947754,-0.07000000029802322,-3.5,-2.0999999046325684,undefined,undefined,undefined
7,right,3270.075076923077,1790663627434,8.140673637390137,5.4845452308654785,0.4331163763999939,-0.07000000029802322,-3.5,-2.0999999046325684,undefined,undefined,undefined
7,right,3270.0846923076924,1790663627434,8.289033889770508,5.221325397491455,0.41875892877578735,-0.07000000029802322,-3.5,-2.0999999046325684,undefined,undefined,undefined
7,right,3270.0943076923077,1790663627434,8.207674980163574,5.161502838134766,0.38525819778442383,-0.07000000029802322,-3.5,-2.0999999046325684,undefined,undefined,undefined
7,left,3165.913,1790663627477,8.33449935913086,5.439080238342285,-0.08853759616613388,-1.399999976158142,-1.0499999523162842,4.130000114440918,undefined,undefined,undefined
7,left,3165.9226153846153,1790663627477,8.128708839416504,5.675978183746338,-0.09332341700792313,-1.399999976158142,-1.0499999523162842,4.130000114440918,undefined,undefined,undefined
7,left,3165.932230769231,1790663627477,8.128708839416504,5.324220657348633,-0.11725249886512756,-1.399999976158142,-1.0499999523162842,4.130000114440918,undefined,undefined,undefined
7,left,3165.941846153846,1790663627477,8.327320098876953,5.305077075958252,-0.11485958844423294,-1.399999976158142,-1.0499999523162842,4.130000114440918,undefined,undefined,undefined
7,left,3165.9514615384614,1790663627477,8.42064380645752,5.357721328735352,-0.09571632742881775,-1.399999976158142,-1.0499999523162842,4.130000114440918,undefined,undefined,undefined
7,left,3165.961076923077,1790663627477,8.365606307983398,5.515653133392334,-0.08135887235403061,-1.399999976158142,-1.0499999523162842,4.130000114440918,undefined,undefined,undefined
7,left,3165.9706923076924,1790663627477,8.379963874816895,5.254826068878174,-0.06221561133861542,-1.399999976158142,-1.0499999523162842,4.130000114440918,undefined,undefined,undefined
7,left,3165.9803076923076,1790663627477,8.523538589477539,5.025106906890869,-0.0047858161851763725,-1.399999976158142,-1.0499999523162842,4.130000114440918,undefined,undefined,undefined
7,right,3270.103,1790663627555,7.975562572479248,5.302684307098389,0.44268798828125,-0.49000000953674316,-3.990000009536743,-5.039999961853027,undefined,undefined,undefined
7,right,3270.1126153846153,1790663627555,8.066493034362793,5.544368267059326,0.44029510021209717,-0.49000000953674316,-3.990000009536743,-5.039999961853027,undefined,undefined,undefined
7,right,3270.122230769231,1790663627555,8.351249694824219,5.4486517906188965,0.4522596299648285,-0.49000000953674316,-3.990000009536743,-5.039999961853027,undefined,undefined,undefined
7,right,3270.1318461538463,1790663627555,8.255533218383789,5.352935314178467,0.41875892877578735,-0.49000000953674316,-3.990000009536743,-5.039999961853027,undefined,undefined,undefined
7,right,3270.1414615384615,1790663627555,7.987527370452881,5.4773664474487305,0.4331163763999939,-0.49000000953674316,-3.990000009536743,-5.039999961853027,undefined,undefined,undefined
7,right,3270.151076923077,1790663627555,7.896596908569336,5.362506866455078,0.3421858549118042,-0.49000000953674316,-3.990000009536743,-5.039999961853027,undefined,undefined,undefined
7,right,3270.1606923076924,1790663627555,8.078457832336426,5.709478855133057,0.382865309715271,-0.49000000953674316,-3.990000009536743,-5.039999961853027,undefined,undefined,undefined
7,right,3270.1703076923077,1790663627555,8.0736722946167,5.178253173828125,0.2703986167907715,-0.49000000953674316,-3.990000009536743,-5.039999961853027,undefined,undefined,undefined
7,left,3165.993,1790663627567,8.21963882446289,5.441473007202148,0,-1.8899999856948853,-1.190000057220459,-3.640000104904175,undefined,undefined,undefined
7,left,3166.002615384615,1790663627567,8.552253723144531,4.974855899810791,0.01914326474070549,-1.8899999856948853,-1.190000057220459,-3.640000104904175,undefined,undefined,undefined
7,left,3166.012230769231,1790663627567,8.291426658630371,5.290719985961914,0.028714897111058235,-1.8899999856948853,-1.190000057220459,-3.640000104904175,undefined,undefined,undefined
7,left,3166.021846153846,1790663627567,8.559432029724121,5.924840450286865,0.4259376525878906,-1.8899999856948853,-1.190000057220459,-3.640000104904175,undefined,undefined,undefined
7,left,3166.0314615384614,1790663627567,8.155031204223633,4.850424766540527,0.43790218234062195,-1.8899999856948853,-1.190000057220459,-3.640000104904175,undefined,undefined,undefined
7,left,3166.041076923077,1790663627567,8.214853286743164,5.66879940032959,0.5025107264518738,-1.8899999856948853,-1.190000057220459,-3.640000104904175,undefined,undefined,undefined
7,left,3166.0506923076923,1790663627567,8.131101608276367,5.0418572425842285,0.2703986167907715,-1.8899999856948853,-1.190000057220459,-3.640000104904175,undefined,undefined,undefined
7,left,3166.0603076923076,1790663627567,8.990156173706055,5.704692840576172,0.4546525478363037,-1.8899999856948853,-1.190000057220459,-3.640000104904175,undefined,undefined,undefined
7,right,3270.179,1790663627584,8.75086498260498,6.680999279022217,0.30868515372276306,-1.75,-4.059999942779541,-8.329999923706055,undefined,undefined,undefined
7,right,3270.1886153846153,1790663627584,7.961205005645752,5.515653133392334,-0.1698964685201645,-1.75,-4.059999942779541,-8.329999923706055,undefined,undefined,undefined
7,right,3270.198230769231,1790663627584,8.580968856811523,5.185431957244873,-0.21536172926425934,-1.75,-4.059999942779541,-8.329999923706055,undefined,undefined,undefined
7,right,3270.2078461538463,1790663627584,7.348620891571045,4.857603549957275,-0.04546525329351425,-1.75,-4.059999942779541,-8.329999923706055,undefined,undefined,undefined
7,right,3270.2174615384615,1790663627584,8.554646492004395,5.704692840576172,0.035893622785806656,-1.75,-4.059999942779541,-8.329999923706055,undefined,undefined,undefined
7,right,3270.227076923077,1790663627584,8.04017162322998,6.204810619354248,-0.055036887526512146,-1.75,-4.059999942779541,-8.329999923706055,undefined,undefined,undefined
7,right,3270.2366923076925,1790663627584,8.22921085357666,6.087558269500732,-0.07178724557161331,-1.75,-4.059999942779541,-8.329999923706055,undefined,undefined,undefined
7,right,3270.2463076923077,1790663627584,7.566375255584717,5.345756530761719,-0.016750356182456017,-1.75,-4.059999942779541,-8.329999923706055,undefined,undefined,undefined
7,left,3166.072,1790663627642,8.449358940124512,5.862624645233154,0.4450809061527252,-3.569999933242798,-1.190000057220459,-0.9800000190734863,undefined,undefined,undefined
7,left,3166.0816153846154,1790663627642,8.24596118927002,5.824338436126709,0.3732936680316925,-3.569999933242798,-1.190000057220459,-0.9800000190734863,undefined,undefined,undefined
7,left,3166.091230769231,1790663627642,7.520910263061523,4.642241477966309,-0.46900999546051025,-3.569999933242798,-1.190000057220459,-0.9800000190734863,undefined,undefined,undefined
7,left,3166.1008461538463,1790663627642,8.552253723144531,5.886553764343262,1.2179901599884033,-3.569999933242798,-1.190000057220459,-0.9800000190734863,undefined,undefined,undefined
7,left,3166.1104615384615,1790663627642,7.753022193908691,5.259612083435059,0.09571632742881775,-3.569999933242798,-1.190000057220459,-0.9800000190734863,undefined,undefined,undefined
7,left,3166.1200769230772,1790663627642,9.236625671386719,5.857839107513428,0.5958341360092163,-3.569999933242798,-1.190000057220459,-0.9800000190734863,undefined,undefined,undefined
7,left,3166.1296923076925,1790663627642,7.552018165588379,4.874353885650635,0.6580497026443481,-3.569999933242798,-1.190000057220459,-0.9800000190734863,undefined,undefined,undefined
7,left,3166.1393076923077,1790663627642,8.198102951049805,6.037307262420654,0.6867645978927612,-3.569999933242798,-1.190000057220459,-0.9800000190734863,undefined,undefined,undefined
7,right,3270.255,1790663627659,8.57618236541748,5.3433637619018555,0.035893622785806656,-1.2599999904632568,-5.039999961853027,-4.199999809265137,undefined,undefined,undefined
7,right,3270.2646153846154,1790663627659,7.597483158111572,4.673349380493164,-0.5790837407112122,-1.2599999904632568,-5.039999961853027,-4.199999809265137,undefined,undefined,undefined
7,right,3270.274230769231,1790663627659,8.265104293823242,6.324456214904785,-0.10528795421123505,-1.2599999904632568,-5.039999961853027,-4.199999809265137,undefined,undefined,undefined
7,right,3270.2838461538463,1790663627659,7.154795169830322,5.156716823577881,-0.2943277060985565,-1.2599999904632568,-5.039999961853027,-4.199999809265137,undefined,undefined,undefined
7,right,3270.2934615384615,1790663627659,8.84658145904541,6.255061626434326,-0.1722893863916397,-1.2599999904632568,-5.039999961853027,-4.199999809265137,undefined,undefined,undefined
7,right,3270.3030769230772,1790663627659,7.078222274780273,5.0059638023376465,-0.3709007501602173,-1.2599999904632568,-5.039999961853027,-4.199999809265137,undefined,undefined,undefined
7,right,3270.3126923076925,1790663627659,8.351249694824219,6.216775417327881,-0.39722275733947754,-1.2599999904632568,-5.039999961853027,-4.199999809265137,undefined,undefined,undefined
7,right,3270.3223076923077,1790663627659,7.166759967803955,5.338577747344971,-0.2823631465435028,-1.2599999904632568,-5.039999961853027,-4.199999809265137,undefined,undefined,undefined
7,left,3166.151,1790663627717,7.903775215148926,5.154324054718018,0.6963362693786621,-3.640000104904175,-2.0999999046325684,-1.8899999856948853,undefined,undefined,undefined
7,left,3166.160615384615,1790663627717,9.064335823059082,5.606583595275879,0.6389064788818359,-3.640000104904175,-2.0999999046325684,-1.8899999856948853,undefined,undefined,undefined
7,left,3166.170230769231,1790663627717,8.241175651550293,5.151931285858154,0.7681235074996948,-3.640000104904175,-2.0999999046325684,-1.8899999856948853,undefined,undefined,undefined
7,left,3166.179846153846,1790663627717,8.30817699432373,5.541975021362305,0.8111958503723145,-3.640000104904175,-2.0999999046325684,-1.8899999856948853,undefined,undefined,undefined
7,left,3166.1894615384613,1790663627717,8.04734992980957,5.240468502044678,0.7130866050720215,-3.640000104904175,-2.0999999046325684,-1.8899999856948853,undefined,undefined,undefined
7,left,3166.199076923077,1790663627717,8.260318756103516,5.580261707305908,0.6771929860115051,-3.640000104904175,-2.0999999046325684,-1.8899999856948853,undefined,undefined,undefined
7,left,3166.208692307692,1790663627717,8.241175651550293,5.551546573638916,0.7800880670547485,-3.640000104904175,-2.0999999046325684,-1.8899999856948853,undefined,undefined,undefined
7,left,3166.2183076923075,1790663627717,8.377571105957031,5.3864359855651855,0.679585874080658,-3.640000104904175,-2.0999999046325684,-1.8899999856948853,undefined,undefined,undefined
7,right,3270.331,1790663627749,8.33449935913086,6.5661396980285645,-0.3517574965953827,-3.3600001335144043,-5.039999961853027,-12.8100004196167,undefined,undefined,undefined
7,right,3270.3406153846154,1790663627749,7.240940093994141,5.905697345733643,-0.4211518168449402,-3.3600001335144043,-5.039999961853027,-12.8100004196167,undefined,undefined,undefined
7,right,3270.350230769231,1790663627749,7.817630767822266,6.152166843414307,-0.382865309715271,-3.3600001335144043,-5.039999961853027,-12.8100004196167,undefined,undefined,undefined
7,right,3270.3598461538463,1790663627749,7.468266010284424,5.443865776062012,-0.3517574965953827,-3.3600001335144043,-5.039999961853027,-12.8100004196167,undefined,undefined,undefined
7,right,3270.3694615384616,1790663627749,7.913347244262695,6.161738395690918,-0.33740004897117615,-3.3600001335144043,-5.039999961853027,-12.8100004196167,undefined,undefined,undefined
7,right,3270.3790769230773,1790663627749,7.418015003204346,6.283776760101318,-0.3517574965953827,-3.3600001335144043,-5.039999961853027,-12.8100004196167,undefined,undefined,undefined
7,right,3270.3886923076925,1790663627749,7.762593746185303,6.305312633514404,-0.27997025847435,-3.3600001335144043,-5.039999961853027,-12.8100004196167,undefined,undefined,undefined
7,right,3270.3983076923078,1790663627749,7.619019508361816,5.80758810043335,-0.3445787727832794,-3.3600001335144043,-5.039999961853027,-12.8100004196167,undefined,undefined,undefined
7,left,3166.23,1790663627792,8.31535530090332,5.388829231262207,0.6412993669509888,-3.9200000762939453,-2.0999999046325684,-2.6600000858306885,undefined,undefined,undefined
7,left,3166.2396153846153,1790663627792,8.049742698669434,5.778872966766357,0.746587336063385,-3.9200000762939453,-2.0999999046325684,-2.6600000858306885,undefined,undefined,undefined
7,left,3166.249230769231,1790663627792,8.028206825256348,5.771694183349609,0.7394086122512817,-3.9200000762939453,-2.0999999046325684,-2.6600000858306885,undefined,undefined,undefined
7,left,3166.258846153846,1790663627792,8.291426658630371,5.360114097595215,0.7178724408149719,-3.9200000762939453,-2.0999999046325684,-2.6600000858306885,undefined,undefined,undefined
7,left,3166.2684615384615,1790663627792,8.248353958129883,5.460616111755371,0.6436922550201416,-3.9200000762939453,-2.0999999046325684,-2.6600000858306885,0.0009673783245969973,resting,null
7,left,3166.278076923077,1790663627792,8.176567077636719,5.75494384765625,0.6963362693786621,-3.9200000762939453,-2.0999999046325684,-2.6600000858306885,0.0029343769325199205,resting,null
7,left,3166.2876923076924,1790663627792,8.176567077636719,5.6879425048828125,0.6556568145751953,-3.9200000762939453,-2.0999999046325684,-2.6600000858306885,0.004540759859077699,resting,null
7,left,3166.2973076923076,1790663627792,8.04017162322998,5.527617931365967,0.6317277550697327,-3.9200000762939453,-2.0999999046325684,-2.6600000858306885,0.0042023453583517655,resting,null
7,right,3270.407,1790663627808,7.853524208068848,5.752551078796387,-0.3326142132282257,-2.7300000190734863,-5.039999961853027,-13.020000457763672,undefined,undefined,undefined
7,right,3270.4166153846154,1790663627808,7.571161270141602,5.9894490242004395,-0.3230426013469696,-2.7300000190734863,-5.039999961853027,-13.020000457763672,undefined,undefined,undefined
7,right,3270.426230769231,1790663627808,7.573554039001465,6.204810619354248,-0.3015064299106598,-2.7300000190734863,-5.039999961853027,-13.020000457763672,undefined,undefined,undefined
7,right,3270.4358461538463,1790663627808,7.382121562957764,6.27659797668457,-0.3206496834754944,-2.7300000190734863,-5.039999961853027,-13.020000457763672,undefined,undefined,undefined
7,right,3270.4454615384616,1790663627808,7.633376598358154,6.173702716827393,-0.3302213251590729,-2.7300000190734863,-5.039999961853027,-13.020000457763672,undefined,undefined,undefined
7,right,3270.4550769230773,1790663627808,7.568768501281738,6.008592128753662,-0.29672059416770935,-2.7300000190734863,-5.039999961853027,-13.020000457763672,undefined,undefined,undefined
7,right,3270.4646923076925,1790663627808,7.566375255584717,6.054057598114014,-0.260826975107193,-2.7300000190734863,-5.039999961853027,-13.020000457763672,-0.0012732911673979368,resting,null
7,right,3270.474307692308,1790663627808,7.245725631713867,6.434529781341553,-0.23450499773025513,-2.7300000190734863,-5.039999961853027,-13.020000457763672,-0.0028987886624782014,resting,null
7,left,3166.309,1790663627882,8.023421287536621,5.520439147949219,0.5551546812057495,-3.7799999713897705,-2.240000009536743,-2.380000114440918,0.0035570147915418753,resting,null
7,left,3166.3186153846154,1790663627882,8.200495719909668,6.085165500640869,0.6293348073959351,-3.7799999713897705,-2.240000009536743,-2.380000114440918,0.0074827783701242,resting,null
7,left,3166.328230769231,1790663627882,9.143301963806152,5.697514057159424,0.5742979645729065,-3.7799999713897705,-2.240000009536743,-2.380000114440918,0.01685668110324802,resting,null
7,left,3166.3378461538464,1790663627882,8.858545303344727,4.347914218902588,0.2321120798587799,-3.7799999713897705,-2.240000009536743,-2.380000114440918,0.0166609977033122,resting,null
7,left,3166.3474615384616,1790663627882,7.382121562957764,5.836302757263184,0.1914326548576355,-3.7799999713897705,-2.240000009536743,-2.380000114440918,0.012555298320036165,resting,null
7,left,3166.3570769230773,1790663627882,8.157423973083496,5.317041873931885,0.2225404530763626,-3.7799999713897705,-2.240000009536743,-2.380000114440918,0.01189375101687437,resting,null
7,left,3166.3666923076926,1790663627882,8.30817699432373,5.848267555236816,0.3326142132282257,-3.7799999713897705,-2.240000009536743,-2.380000114440918,0.015309831350580142,resting,null
7,left,3166.376307692308,1790663627882,8.762829780578613,5.733407974243164,0.1507532149553299,-3.7799999713897705,-2.240000009536743,-2.380000114440918,0.02167933344871003,resting,null
7,right,3270.482,1790663627884,7.236154079437256,6.374707221984863,-0.2536482512950897,-3.430000066757202,-5.389999866485596,-14.489999771118164,-0.004500152336021421,resting,null
7,right,3270.491615384615,1790663627884,8.12631607055664,6.664248943328857,-0.016750356182456017,-3.430000066757202,-5.389999866485596,-14.489999771118164,0.0020900498459870596,resting,null
7,right,3270.501230769231,1790663627884,5.872196674346924,7.635769844055176,-0.19382555782794952,-3.430000066757202,-5.389999866485596,-14.489999771118164,-0.0032242774462921103,resting,null
7,right,3270.510846153846,1790663627884,7.779344081878662,6.444101333618164,0.24407662451267242,-3.430000066757202,-5.389999866485596,-14.489999771118164,-0.0005314131037032769,resting,null
7,right,3270.5204615384614,1790663627884,7.583125591278076,6.932254791259766,0.19621846079826355,-3.430000066757202,-5.389999866485596,-14.489999771118164,0.003481282686949677,resting,null
7,right,3270.530076923077,1790663627884,6.099522590637207,8.578575134277344,0.181861013174057,-3.430000066757202,-5.389999866485596,-14.489999771118164,0.005679750193941856,resting,null
7,right,3270.5396923076923,1790663627884,6.180881500244141,6.826966762542725,0.1914326548576355,-3.430000066757202,-5.389999866485596,-14.489999771118164,-0.0015673860745283978,resting,null
7,right,3270.5493076923076,1790663627884,7.0088276863098145,5.9966278076171875,0.16750356554985046,-3.430000066757202,-5.389999866485596,-14.489999771118164,-0.007292285920776545,resting,null
7,left,3166.389,1790663627958,7.855917453765869,5.716657638549805,0.059822700917720795,-3.7100000381469727,-2.1700000762939453,6.019999980926514,0.020374027387212446,resting,null
7,left,3166.3986153846154,1790663627958,7.547232151031494,6.097129821777344,0.0502510704100132,-3.7100000381469727,-2.1700000762939453,6.019999980926514,0.018959459505460886,resting,null
7,left,3166.408230769231,1790663627958,8.525931358337402,4.728386402130127,0.007178724277764559,-3.7100000381469727,-2.1700000762939453,6.019999980926514,0.01804018944220653,resting,null
7,left,3166.4178461538463,1790663627958,8.50678825378418,6.085165500640869,0.11007377505302429,-3.7100000381469727,-2.1700000762939453,6.019999980926514,0.02423271675231355,resting,null
7,left,3166.4274615384616,1790663627958,8.162209510803223,5.994234561920166,0.11246667802333832,-3.7100000381469727,-2.1700000762939453,6.019999980926514,0.027188751761090226,resting,null
7,left,3166.4370769230773,1790663627958,8.095208168029785,5.604190826416016,0.08853759616613388,-3.7100000381469727,-2.1700000762939453,6.019999980926514,0.027521907329738936,resting,null
7,left,3166.4466923076925,1790663627958,7.906168460845947,5.4486517906188965,0.007178724277764559,-3.7100000381469727,-2.1700000762939453,6.019999980926514,0.025494333020395967,resting,null
7,left,3166.4563076923077,1790663627958,8.523538589477539,5.324220657348633,0.11964540183544159,-3.7100000381469727,-2.1700000762939453,6.019999980926514,0.02777682683893339,resting,null
7,right,3270.558,1790663627990,7.284012317657471,6.556568145751953,0.25604116916656494,-1.5399999618530273,-4.340000152587891,-2.240000009536743,-0.007594484026352149,resting,null
7,right,3270.5676153846152,1790663627990,8.23878288269043,6.001413345336914,0.1914326548576355,-1.5399999618530273,-4.340000152587891,-2.240000009536743,-0.0039138478955564136,resting,null
7,right,3270.577230769231,1790663627990,7.530481815338135,6.479995250701904,0.2536482512950897,-1.5399999618530273,-4.340000152587891,-2.240000009536743,-0.0028155002323110695,resting,null
7,right,3270.586846153846,1790663627990,6.444101333618164,7.238546848297119,0.2943277060985565,-1.5399999618530273,-4.340000152587891,-2.240000009536743,-0.005486944736472359,resting,null
7,right,3270.5964615384614,1790663627990,6.680999279022217,6.915504455566406,0.29911351203918457,-1.5399999618530273,-4.340000152587891,-2.240000009536743,-0.008233236070454857,resting,null
7,right,3270.606076923077,1790663627990,7.2265825271606445,6.2502760887146,0.30868515372276306,-1.5399999618530273,-4.340000152587891,-2.240000009536743,-0.010763332855382998,resting,null
7,right,3270.6156923076924,1790663627990,7.808059215545654,6.006199359893799,0.26561281085014343,-1.5399999618530273,-4.340000152587891,-2.240000009536743,-0.010333722752704281,resting,null
7,right,3270.6253076923076,1790663627990,7.351013660430908,6.434529781341553,0.2943277060985565,-1.5399999618530273,-4.340000152587891,-2.240000009536743,-0.01081668658550387,resting,null
7,left,3166.468,1790663628033,7.83916711807251,6.427350997924805,0.07178724557161331,-2.6600000858306885,-1.399999976158142,-10.359999656677246,0.03105124709444034,resting,null
7,left,3166.477615384615,1790663628033,8.423036575317383,5.738193511962891,0.09332341700792313,-2.6600000858306885,-1.399999976158142,-10.359999656677246,0.03472725786657413,resting,null
7,left,3166.487230769231,1790663628033,7.915740013122559,5.501295566558838,0.07896596938371658,-2.6600000858306885,-1.399999976158142,-10.359999656677246,0.03308902243623853,resting,null
7,left,3166.496846153846,1790663628033,7.805665969848633,5.800409317016602,0.08135887235403061,-2.6600000858306885,-1.399999976158142,-10.359999656677246,0.032202244473766406,resting,null
7,left,3166.5064615384613,1790663628033,8.061707496643066,5.613762378692627,0.04546525329351425,-2.6600000858306885,-1.399999976158142,-10.359999656677246,0.03233316641477707,resting,null
7,left,3166.516076923077,1790663628033,7.9994916915893555,6.216775417327881,0.059822700917720795,-2.6600000858306885,-1.399999976158142,-10.359999656677246,0.035271145891925065,resting,null
7,left,3166.525692307692,1790663628033,7.808059215545654,6.006199359893799,0.02632198855280876,-2.6600000858306885,-1.399999976158142,-10.359999656677246,0.03555420347026679,resting,null
7,left,3166.5353076923075,1790663628033,7.954026699066162,5.5826544761657715,0.08375178277492523,-2.6600000858306885,-1.399999976158142,-10.359999656677246,0.034678044069998006,resting,null
7,right,3270.634,1790663628079,6.95379114151001,7.1356520652771,0.3038993179798126,-2.380000114440918,-4.619999885559082,-7.490000247955322,-0.010173406328663112,resting,null
7,right,3270.6436153846153,1790663628079,6.798252105712891,6.989684581756592,0.2943277060985565,-2.380000114440918,-4.619999885559082,-7.490000247955322,-0.011467758961306262,resting,null
7,right,3270.653230769231,1790663628079,6.7838945388793945,7.059078693389893,0.3326142132282257,-2.380000114440918,-4.619999885559082,-7.490000247955322,-0.012416053143899115,resting,null
7,right,3270.662846153846,1790663628079,7.549624919891357,5.817159652709961,0.28714898228645325,-2.380000114440918,-4.619999885559082,-7.490000247955322,-0.015070800019097727,resting,null
7,right,3270.6724615384614,1790663628079,7.453908920288086,6.391457557678223,0.26800569891929626,-2.380000114440918,-4.619999885559082,-7.490000247955322,-0.014984074596538766,resting,null
7,right,3270.682076923077,1790663628079,6.602033615112305,7.348620891571045,0.3015064299106598,-2.380000114440918,-4.619999885559082,-7.490000247955322,-0.015460475537020233,resting,null
7,right,3270.6916923076924,1790663628079,6.795858860015869,7.142830848693848,0.30868515372276306,-2.380000114440918,-4.619999885559082,-7.490000247955322,-0.015696450736866038,resting,null
7,right,3270.7013076923076,1790663628079,7.279226303100586,6.286169528961182,0.3421858549118042,-2.380000114440918,-4.619999885559082,-7.490000247955322,-0.0175235277941099,resting,null
7,right,3270.711,1790663628109,7.2481184005737305,6.142595291137695,0.2703986167907715,0.14000000059604645,-4.059999942779541,7.980000019073486,-0.020480538372027474,resting,null
7,right,3270.720615384615,1790663628109,7.0231852531433105,6.645105838775635,0.29911351203918457,0.14000000059604645,-4.059999942779541,7.980000019073486,-0.0220247353282258,resting,null
7,right,3270.7302307692307,1790663628109,6.73603630065918,7.0830078125,0.2919347882270813,0.14000000059604645,-4.059999942779541,7.980000019073486,-0.023033319695021936,resting,null
7,right,3270.739846153846,1790663628109,6.965755462646484,7.025578022003174,0.2895418703556061,0.14000000059604645,-4.059999942779541,7.980000019073486,-0.022679315464632362,resting,null
7,right,3270.749461538461,1790663628109,7.394085884094238,6.33642053604126,0.2536482512950897,0.14000000059604645,-4.059999942779541,7.980000019073486,-0.023342963243531665,resting,null
7,right,3270.759076923077,1790663628109,7.4658732414245605,6.039700031280518,0.260826975107193,0.14000000059604645,-4.059999942779541,7.980000019073486,0,resting,null
7,right,3270.768692307692,1790663628109,7.171545505523682,6.408207893371582,0.24646952748298645,0.14000000059604645,-4.059999942779541,7.980000019073486,-0.0018956887443909354,resting,null
7,right,3270.7783076923074,1790663628109,7.0231852531433105,6.733643531799316,0.23689790070056915,0.14000000059604645,-4.059999942779541,7.980000019073486,-0.0029127228991621206,resting,null
7,left,3166.547,1790663628122,7.920525550842285,5.778872966766357,0.08375178277492523,-1.8200000524520874,-1.4700000286102295,1.190000057220459,0.034610807016102293,resting,null
7,left,3166.5566153846153,1790663628122,8.157423973083496,5.817159652709961,0.0502510704100132,-1.8200000524520874,-1.4700000286102295,1.190000057220459,0.036626219752130804,resting,null
7,left,3166.566230769231,1790663628122,8.032992362976074,6.082772254943848,0.05264397710561752,-1.8200000524520874,-1.4700000286102295,1.190000057220459,0.03913498912693008,resting,null
7,left,3166.575846153846,1790663628122,7.9707770347595215,5.841088771820068,0.07178724557161331,-1.8200000524520874,-1.4700000286102295,1.190000057220459,0,resting,null
7,left,3166.5854615384615,1790663628122,8.083243370056152,5.738193511962891,0.1507532149553299,-1.8200000524520874,-1.4700000286102295,1.190000057220459,0.0010321136685305001,resting,null
7,left,3166.595076923077,1790663628122,7.922918796539307,5.994234561920166,0.1005021408200264,-1.8200000524520874,-1.4700000286102295,1.190000057220459,0.0022255094163384,resting,null
7,left,3166.6046923076924,1790663628122,7.855917453765869,6.1378092765808105,0.0909305065870285,-1.8200000524520874,-1.4700000286102295,1.190000057220459,0.0036985516206419593,resting,null
7,left,3166.6143076923076,1790663628122,7.965991020202637,6.049271583557129,0.10289505124092102,-1.8200000524520874,-1.4700000286102295,1.190000057220459,0.005544755188842015,resting,null
7,right,3270.786,1790663628184,7.030364036560059,6.872432231903076,0.22971917688846588,-0.42000001668930054,-3.2200000286102295,1.4700000286102295,-0.002999554327001996,resting,null
7,right,3270.7956153846153,1790663628184,7.111722946166992,6.645105838775635,0.2919347882270813,-0.42000001668930054,-3.2200000286102295,1.4700000286102295,-0.0038763303158945153,resting,null
7,right,3270.805230769231,1790663628184,7.398871898651123,6.214382171630859,0.30629223585128784,-0.42000001668930054,-3.2200000286102295,1.4700000286102295,-0.005247593680495333,resting,null
7,right,3270.8148461538462,1790663628184,7.362977981567383,6.185667514801025,0.35654330253601074,-0.42000001668930054,-3.2200000286102295,1.4700000286102295,-0.007053847815094275,resting,null
7,right,3270.8244615384615,1790663628184,7.099758148193359,6.697749614715576,0.30629223585128784,-0.42000001668930054,-3.2200000286102295,1.4700000286102295,-0.007678445961834963,resting,null
7,right,3270.834076923077,1790663628184,6.975327014923096,6.838931560516357,0.3517574965953827,-0.42000001668930054,-3.2200000286102295,1.4700000286102295,-0.00834529411881779,resting,null
7,right,3270.8436923076924,1790663628184,7.004042148590088,6.666641712188721,0.3110780417919159,-0.42000001668930054,-3.2200000286102295,1.4700000286102295,-0.009848875467709975,resting,null
7,right,3270.8533076923077,1790663628184,7.513731479644775,6.314884662628174,0.20339718461036682,-0.42000001668930054,-3.2200000286102295,1.4700000286102295,-0.009751280556390919,resting,null
7,left,3166.627,1790663628197,7.937276363372803,5.903304100036621,0.08135887235403061,-0.8400000333786011,-0.5600000023841858,-6.369999885559082,0.006610882492097026,resting,null
7,left,3166.636615384615,1790663628197,7.992312908172607,5.752551078796387,0.047858163714408875,-0.8400000333786011,-0.5600000023841858,-6.369999885559082,0.006996201918394947,resting,null
7,left,3166.646230769231,1790663628197,7.889418125152588,5.841088771820068,0,-0.8400000333786011,-0.5600000023841858,-6.369999885559082,0.007075723988313816,resting,null
7,left,3166.655846153846,1790663628197,7.779344081878662,5.975091457366943,-0.0023929080925881863,-0.8400000333786011,-0.5600000023841858,-6.369999885559082,0.007062618809205813,resting,null
7,left,3166.6654615384614,1790663628197,7.848738670349121,5.836302757263184,-0.009571632370352745,-0.8400000333786011,-0.5600000023841858,-6.369999885559082,0.006803782848689472,resting,null
7,left,3166.675076923077,1790663628197,8.0736722946167,5.716657638549805,0.06700142472982407,-0.8400000333786011,-0.5600000023841858,-6.369999885559082,0.0076172714055636375,resting,null
7,left,3166.6846923076923,1790663628197,7.8942036628723145,6.302919864654541,0.05264397710561752,-0.8400000333786011,-0.5600000023841858,-6.369999885559082,0.010376044835504824,resting,null
7,left,3166.6943076923076,1790663628197,8.111958503723145,6.128237724304199,0.12443122267723083,-0.8400000333786011,-0.5600000023841858,-6.369999885559082,0.013832821633145989,resting,null
7,right,3270.862,1790663628261,7.877453327178955,6.018163681030273,0.2823631465435028,1.3300000429153442,-2.309999942779541,12.529999732971191,-0.008862665939942114,resting,null
7,right,3270.8716153846153,1790663628261,7.4586944580078125,6.434529781341553,0.26800569891929626,1.3300000429153442,-2.309999942779541,12.529999732971191,-0.008438180561772778,resting,null
7,right,3270.881230769231,1790663628261,6.951397895812988,6.623569488525391,0.2416837215423584,1.3300000429153442,-2.309999942779541,12.529999732971191,-0.010625099314791416,resting,null
7,right,3270.8908461538463,1790663628261,6.941826343536377,6.568532943725586,0.16271774470806122,1.3300000429153442,-2.309999942779541,12.529999732971191,-0.013227406281904518,resting,null
7,right,3270.9004615384615,1790663628261,7.485016345977783,6.164131164550781,0.22014755010604858,1.3300000429153442,-2.309999942779541,12.529999732971191,-0.01426255169024419,resting,null
7,right,3270.910076923077,1790663628261,7.963598251342773,5.922447681427002,0.21536172926425934,1.3300000429153442,-2.309999942779541,12.529999732971191,-0.013196633355074287,resting,null
7,right,3270.9196923076925,1790663628261,7.635769844055176,6.209596633911133,0.22971917688846588,1.3300000429153442,-2.309999942779541,12.529999732971191,-0.012831841419833923,resting,null
7,right,3270.9293076923077,1790663628261,7.22179651260376,6.463244915008545,0.19382555782794952,1.3300000429153442,-2.309999942779541,12.529999732971191,-0.01403009305466568,resting,null
7,left,3166.706,1790663628272,7.827202320098877,6.1378092765808105,0.12921704351902008,-0.5600000023841858,-0.14000000059604645,3.009999990463257,0.01543254677251121,resting,null
7,left,3166.7156153846154,1790663628272,7.88223934173584,5.845874309539795,0.07178724557161331,-0.5600000023841858,-0.14000000059604645,3.009999990463257,0.015492984793899031,resting,null
7,left,3166.725230769231,1790663628272,8.090422630310059,5.482152462005615,0.12682412564754486,-0.5600000023841858,-0.14000000059604645,3.009999990463257,0.015091941249701618,resting,null
7,left,3166.7348461538463,1790663628272,7.887024879455566,5.9894490242004395,0.12921704351902008,-0.5600000023841858,-0.14000000059604645,3.009999990463257,0.016015305306067804,resting,null
7,left,3166.7444615384616,1790663628272,7.965991020202637,6.061236381530762,0.12921704351902008,-0.5600000023841858,-0.14000000059604645,3.009999990463257,0.017960378359531782,resting,null
7,left,3166.7540769230773,1790663628272,7.884632110595703,6.133023262023926,0.13400284945964813,-0.5600000023841858,-0.14000000059604645,3.009999990463257,0.01969115235154522,resting,null
7,left,3166.7636923076925,1790663628272,7.896596908569336,5.932019233703613,0.14596739411354065,-0.5600000023841858,-0.14000000059604645,3.009999990463257,0.020362028591392294,resting,null
7,left,3166.7733076923078,1790663628272,8.068885803222656,5.61615514755249,0.09332341700792313,-0.5600000023841858,-0.14000000059604645,3.009999990463257,0.020548017026629256,resting,null
7,right,3270.938,1790663628335,7.138044834136963,6.441708564758301,0.22971917688846588,0.9800000190734863,-2.380000114440918,8.050000190734863,-0.015790647221037245,resting,null
7,right,3270.9476153846153,1790663628335,7.532874584197998,6.135416507720947,0.25843408703804016,0.9800000190734863,-2.380000114440918,8.050000190734863,-0.016637672817197437,resting,null
7,right,3270.957230769231,1790663628335,7.8654890060424805,5.903304100036621,0.181861013174057,0.9800000190734863,-2.380000114440918,8.050000190734863,-0.016399347327233006,resting,null
7,right,3270.9668461538463,1790663628335,7.764986991882324,6.051664352416992,0.21536172926425934,0.9800000190734863,-2.380000114440918,8.050000190734863,-0.01601370903349167,resting,null
7,right,3270.9764615384615,1790663628335,7.307941436767578,6.386671543121338,0.23450499773025513,0.9800000190734863,-2.380000114440918,8.050000190734863,-0.01704761789652159,resting,null
7,right,3270.9860769230772,1790663628335,7.365371227264404,6.278990745544434,0.2105759084224701,0.9800000190734863,-2.380000114440918,8.050000190734863,-0.018297569091157196,resting,null
7,right,3270.9956923076925,1790663628335,7.6908063888549805,6.006199359893799,0.16750356554985046,0.9800000190734863,-2.380000114440918,8.050000190734863,-0.018744543120903828,resting,null
7,right,3271.0053076923077,1790663628335,7.817630767822266,5.9200544357299805,0.12921704351902008,0.9800000190734863,-2.380000114440918,8.050000190734863,-0.018750455553024317,resting,null
7,left,3166.785,1790663628346,7.958812236785889,5.8219451904296875,0.11725249886512756,-0.14000000059604645,0.2800000011920929,1.8899999856948853,0.021177551730498668,resting,null
7,left,3166.794615384615,1790663628346,7.937276363372803,6.077986717224121,0.12921704351902008,-0.14000000059604645,0.2800000011920929,1.8899999856948853,0.022992434507133216,resting,null
7,left,3166.804230769231,1790663628346,7.8463454246521,6.066021919250488,0.12203831225633621,-0.14000000059604645,0.2800000011920929,1.8899999856948853,0.024037819327614278,resting,null
7,left,3166.813846153846,1790663628346,7.937276363372803,5.845874309539795,0.12443122267723083,-0.14000000059604645,0.2800000011920929,1.8899999856948853,0.02452451388194786,resting,null
7,left,3166.8234615384613,1790663628346,8.207674980163574,5.49411678314209,0.16750356554985046,-0.14000000059604645,0.2800000011920929,1.8899999856948853,0.025107254616940355,resting,null
7,left,3166.833076923077,1790663628346,8.078457832336426,5.802802085876465,0.16750356554985046,-0.14000000059604645,0.2800000011920929,1.8899999856948853,0.026448777129158683,resting,null
7,left,3166.8426923076922,1790663628346,7.913347244262695,6.066021919250488,0.11964540183544159,-0.14000000059604645,0.2800000011920929,1.8899999856948853,0.028000972658046755,resting,null
7,left,3166.8523076923075,1790663628346,7.961205005645752,5.953555107116699,0.12682412564754486,-0.14000000059604645,0.2800000011920929,1.8899999856948853,0.029285247342791032,resting,null
7,right,3271.014,1790663628424,7.7745585441589355,5.97269868850708,0.23689790070056915,1.5399999618530273,-1.9600000381469727,8.260000228881836,-0.018751155956433195,resting,null
7,right,3271.0236153846154,1790663628424,7.571161270141602,6.080379486083984,0.25843408703804016,1.5399999618530273,-1.9600000381469727,8.260000228881836,-0.019646355437569107,resting,null
7,right,3271.033230769231,1790663628424,7.635769844055176,6.05884313583374,0.22732627391815186,1.5399999618530273,-1.9600000381469727,8.260000228881836,-0.020184419615679336,resting,null
7,right,3271.0428461538463,1790663628424,7.681234836578369,5.999020576477051,0.2225404530763626,1.5399999618530273,-1.9600000381469727,8.260000228881836,-0.020732939086018937,resting,null
7,right,3271.0524615384616,1790663628424,7.808059215545654,5.912876129150391,0.2512553632259369,1.5399999618530273,-1.9600000381469727,8.260000228881836,-0.020821962879917777,resting,null
7,right,3271.0620769230773,1790663628424,7.741057872772217,5.975091457366943,0.2010042816400528,1.5399999618530273,-1.9600000381469727,8.260000228881836,-0.021059947161351122,resting,null
7,right,3271.0716923076925,1790663628424,7.7602009773254395,5.884160995483398,0.2321120798587799,1.5399999618530273,-1.9600000381469727,8.260000228881836,-0.02167919398216423,resting,null
7,right,3271.0813076923077,1790663628424,7.827202320098877,5.884160995483398,0.2321120798587799,1.5399999618530273,-1.9600000381469727,8.260000228881836,-0.021784935433317377,resting,null
7,left,3166.865,1790663628437,8.109565734863281,5.635298728942871,0.14836029708385468,-0.07000000029802322,0.2800000011920929,7.070000171661377,0.030115896029163543,resting,null
7,left,3166.874615384615,1790663628437,8.186138153076172,5.537189483642578,0.11964540183544159,-0.07000000029802322,0.2800000011920929,7.070000171661377,0.030789253157466483,resting,null
7,left,3166.8842307692307,1790663628437,8.013849258422852,5.802802085876465,0.10768086463212967,-0.07000000029802322,0.2800000011920929,7.070000171661377,0.03162098080093286,resting,null
7,left,3166.893846153846,1790663628437,7.815237998962402,6.085165500640869,0.11007377505302429,-0.07000000029802322,0.2800000011920929,7.070000171661377,0.032498727118422846,resting,null
7,left,3166.903461538461,1790663628437,7.922918796539307,5.967912673950195,0.0909305065870285,-0.07000000029802322,0.2800000011920929,7.070000171661377,0.03355212006070873,resting,null
7,left,3166.913076923077,1790663628437,8.186138153076172,5.570690155029297,0.1722893863916397,-0.07000000029802322,0.2800000011920929,7.070000171661377,0.03442874990266459,resting,null
7,left,3166.922692307692,1790663628437,8.339284896850586,5.441473007202148,0.16271774470806122,-0.07000000029802322,0.2800000011920929,7.070000171661377,0.03578498557519698,resting,null
7,left,3166.9323076923074,1790663628437,8.104779243469238,5.726229190826416,0.13400284945964813,-0.07000000029802322,0.2800000011920929,7.070000171661377,0.03689958135483311,resting,null
7,right,3271.09,1790663628485,7.714735507965088,5.975091457366943,0.2225404530763626,1.3300000429153442,-2.380000114440918,8.539999961853027,-0.022178586972878313,resting,null
7,right,3271.0996153846154,1790663628485,7.623805046081543,6.066021919250488,0.20339718461036682,1.3300000429153442,-2.380000114440918,8.539999961853027,-0.022780339065397993,resting,null
7,right,3271.109230769231,1790663628485,7.918132781982422,5.788444519042969,0.181861013174057,1.3300000429153442,-2.380000114440918,8.539999961853027,-0.02275294248297777,resting,null
7,right,3271.1188461538463,1790663628485,8.025814056396484,5.683156490325928,0.18903973698616028,1.3300000429153442,-2.380000114440918,8.539999961853027,-0.02250217023160163,resting,null
7,right,3271.1284615384616,1790663628485,7.745843410491943,5.886553764343262,0.18903973698616028,1.3300000429153442,-2.380000114440918,8.539999961853027,-0.023222583628408216,resting,null
7,right,3271.1380769230773,1790663628485,7.4515156745910645,6.135416507720947,0.2105759084224701,1.3300000429153442,-2.380000114440918,8.539999961853027,-0.024754996615422922,resting,null
7,right,3271.1476923076925,1790663628485,7.635769844055176,5.943983554840088,0.19621846079826355,1.3300000429153442,-2.380000114440918,8.539999961853027,-0.025984042654568034,resting,null
7,right,3271.1573076923078,1790663628485,8.04017162322998,5.675978183746338,0.17946811020374298,1.3300000429153442,-2.380000114440918,8.539999961853027,-0.025658081597858037,resting,null
7,left,3166.944,1790663628513,7.985134124755859,5.905697345733643,0.14357449114322662,-0.42000001668930054,0,5.110000133514404,0.03833484293272073,resting,null
7,left,3166.953615384615,1790663628513,7.973169803619385,5.853053092956543,0.16271774470806122,-0.42000001668930054,0,5.110000133514404,0.039130913829389845,resting,null
7,left,3166.963230769231,1790663628513,8.195710182189941,5.613762378692627,0.181861013174057,-0.42000001668930054,0,5.110000133514404,0.040336562328138495,resting,null
7,left,3166.972846153846,1790663628513,8.248353958129883,5.393614768981934,0.21536172926425934,-0.42000001668930054,0,5.110000133514404,0.04074268710765264,resting,null
7,left,3166.9824615384614,1790663628513,8.183745384216309,5.570690155029297,0.2010042816400528,-0.42000001668930054,0,5.110000133514404,0.04162607257062467,resting,null
7,left,3166.992076923077,1790663628513,8.059314727783203,5.812373638153076,0.19621846079826355,-0.42000001668930054,0,5.110000133514404,0.04286681839857918,resting,null
7,left,3167.0016923076923,1790663628513,8.068885803222656,5.819552421569824,0.21536172926425934,-0.42000001668930054,0,5.110000133514404,0.04422595127194509,resting,null
7,left,3167.0113076923076,1790663628513,8.174174308776855,5.53001070022583,0.18664683401584625,-0.42000001668930054,0,5.110000133514404,0.04480806722861821,resting,null
7,right,3271.166,1790663628560,8.016242027282715,5.671192169189453,0.13400284945964813,1.190000057220459,-2.309999942779541,4.480000019073486,-0.025555858276854863,resting,null
7,right,3271.1756153846154,1790663628560,7.74345064163208,5.922447681427002,0.1698964685201645,1.190000057220459,-2.309999942779541,4.480000019073486,-0.026091747671085835,resting,null
7,right,3271.185230769231,1790663628560,7.540053367614746,6.039700031280518,0.13400284945964813,1.190000057220459,-2.309999942779541,4.480000019073486,-0.02751891566640337,resting,null
7,right,3271.1948461538464,1790663628560,7.733879089355469,5.963127136230469,0.11246667802333832,1.190000057220459,-2.309999942779541,4.480000019073486,-0.02789893764900261,resting,null
7,right,3271.2044615384616,1790663628560,8.059314727783203,5.63290548324585,0.06700142472982407,1.190000057220459,-2.309999942779541,4.480000019073486,-0.027683998786891633,resting,null
7,right,3271.2140769230773,1790663628560,8.004277229309082,5.781265735626221,0.07418014854192734,1.190000057220459,-2.309999942779541,4.480000019073486,-0.027033701863644337,resting,null
7,right,3271.2236923076925,1790663628560,7.724307537078857,5.977484226226807,0.021536173298954964,1.190000057220459,-2.309999942779541,4.480000019073486,-0.027420537816520325,resting,null
7,right,3271.233307692308,1790663628560,7.552018165588379,6.068414688110352,0.047858163714408875,1.190000057220459,-2.309999942779541,4.480000019073486,-0.0286055281388426,resting,null
7,left,3167.023,1790663628586,8.253140449523926,5.410365104675293,0.23689790070056915,-0.3499999940395355,0.07000000029802322,6.720000267028809,0.04549103920203845,resting,null
7,left,3167.0326153846154,1790663628586,8.250746726989746,5.498902797698975,0.2632198929786682,-0.3499999940395355,0.07000000029802322,6.720000267028809,0.046529319571179256,resting,null
7,left,3167.042230769231,1790663628586,8.226818084716797,5.654441833496094,0.3134709596633911,-0.3499999940395355,0.07000000029802322,6.720000267028809,0.04823892379776092,resting,null
7,left,3167.0518461538463,1790663628586,8.205282211303711,5.71187162399292,0.25604116916656494,-0.3499999940395355,0.07000000029802322,6.720000267028809,0.050080328267092515,resting,null
7,left,3167.0614615384616,1790663628586,8.23878288269043,5.654441833496094,0.3230426013469696,-0.3499999940395355,0.07000000029802322,6.720000267028809,0.05188777829124788,resting,null
7,left,3167.0710769230773,1790663628586,8.604897499084473,4.91264009475708,0.41636601090431213,-0.3499999940395355,0.07000000029802322,6.720000267028809,0.05260059955370851,resting,null
7,left,3167.0806923076925,1790663628586,8.023421287536621,5.922447681427002,0.37807947397232056,-0.3499999940395355,0.07000000029802322,6.720000267028809,0.054165204723449545,resting,null
7,left,3167.0903076923078,1790663628586,7.9779558181762695,5.991841793060303,0.39004403352737427,-0.3499999940395355,0.07000000029802322,6.720000267028809,0.055750823725464096,resting,null
7,left,3167.102,1790663628677,8.339284896850586,5.63290548324585,0.5623334050178528,-0.9100000262260437,-0.3499999940395355,1.5399999618530273,0.05884761790240346,resting,null
7,left,3167.111615384615,1790663628677,8.633612632751465,6.077986717224121,0.806410014629364,-0.9100000262260437,-0.3499999940395355,1.5399999618530273,0.06620808515908591,resting,null
7,left,3167.121230769231,1790663628677,8.028206825256348,5.1902174949646,0.8111958503723145,-0.9100000262260437,-0.3499999940395355,1.5399999618530273,0.06396002828803687,resting,null
7,left,3167.130846153846,1790663628677,8.140673637390137,5.417543888092041,0.6556568145751953,-0.9100000262260437,-0.3499999940395355,1.5399999618530273,0.06379961532911956,resting,null
7,left,3167.1404615384613,1790663628677,7.843952655792236,5.295505523681641,0.588655412197113,-0.9100000262260437,-0.3499999940395355,1.5399999618530273,0.060608568283099705,resting,null
7,left,3167.150076923077,1790663628677,8.616862297058105,5.843481540679932,0.8159816861152649,-0.9100000262260437,-0.3499999940395355,1.5399999618530273,0.0665932856840019,resting,null
7,left,3167.1596923076922,1790663628677,8.442179679870605,5.4845452308654785,0.7394086122512817,-0.9100000262260437,-0.3499999940395355,1.5399999618530273,0.06923132264409135,resting,null
7,left,3167.1693076923075,1790663628677,8.265104293823242,5.4773664474487305,0.679585874080658,-0.9100000262260437,-0.3499999940395355,1.5399999618530273,0.07040788889110125,resting,null
7,right,3271.242,1790663628694,7.889418125152588,5.709478855133057,-0.02632198855280876,0.49000000953674316,-2.940000057220459,1.6100000143051147,-0.029197899002349485,resting,null
7,right,3271.2516153846154,1790663628694,7.982741355895996,5.778872966766357,-0.0502510704100132,0.49000000953674316,-2.940000057220459,1.6100000143051147,-0.0287336703896013,resting,null
7,right,3271.261230769231,1790663628694,7.930097579956055,5.93680477142334,-0.035893622785806656,0.49000000953674316,-2.940000057220459,1.6100000143051147,-0.027767825220121205,resting,null
7,right,3271.2708461538464,1790663628694,8.145459175109863,6.121058940887451,-0.2536482512950897,0.49000000953674316,-2.940000057220459,1.6100000143051147,-0.024092220628942812,resting,null
7,right,3271.2804615384616,1790663628694,7.453908920288086,5.967912673950195,-0.46900999546051025,0.49000000953674316,-2.940000057220459,1.6100000143051147,-0.02662965354325937,resting,null
7,right,3271.2900769230773,1790663628694,7.841559886932373,5.312255859375,-0.38525819778442383,0.49000000953674316,-2.940000057220459,1.6100000143051147,-0.029924164047601214,resting,null
7,right,3271.2996923076926,1790663628694,7.695592403411865,5.479759693145752,-0.2727915346622467,0.49000000953674316,-2.940000057220459,1.6100000143051147,-0.03337748907514239,resting,null
7,right,3271.309307692308,1790663628694,8.22203254699707,5.910482883453369,-0.363722026348114,0.49000000953674316,-2.940000057220459,1.6100000143051147,-0.03029212376309989,resting,null
7,right,3271.318,1790663628709,7.676449298858643,6.223953723907471,-0.49054616689682007,-0.2800000011920929,-3.1500000953674316,-9.100000381469727,-0.029681054809851382,resting,null
7,right,3271.3276153846155,1790663628709,7.56158971786499,6.161738395690918,-0.33740004897117615,-0.2800000011920929,-3.1500000953674316,-9.100000381469727,-0.03023816146644349,resting,null
7,right,3271.337230769231,1790663628709,7.166759967803955,5.874589443206787,-0.28714898228645325,-0.2800000011920929,-3.1500000953674316,-9.100000381469727,-0.035474543698141146,resting,null
7,right,3271.3468461538464,1790663628709,7.9707770347595215,5.661620616912842,-0.32782840728759766,-0.2800000011920929,-3.1500000953674316,-9.100000381469727,-0.03575679488465043,resting,null
7,right,3271.3564615384616,1790663628709,8.042564392089844,5.606583595275879,-0.4044014811515808,-0.2800000011920929,-3.1500000953674316,-9.100000381469727,-0.03579636638194394,resting,null
7,right,3271.3660769230773,1790663628709,8.090422630310059,6.020556926727295,-0.27997025847435,-0.2800000011920929,-3.1500000953674316,-9.100000381469727,-0.033084554785316925,resting,null
7,right,3271.3756923076926,1790663628709,7.351013660430908,6.207203388214111,-0.30629223585128784,-0.2800000011920929,-3.1500000953674316,-9.100000381469727,-0.03494459884685454,resting,null
7,right,3271.385307692308,1790663628709,7.341442108154297,6.188060283660889,-0.29672059416770935,-0.2800000011920929,-3.1500000953674316,-9.100000381469727,-0.03697302290982285,resting,null
7,left,3167.181,1790663628753,7.817630767822266,5.022714138031006,0.6460852026939392,-1.0499999523162842,-0.699999988079071,6.789999961853027,0.0645306548148867,resting,null
7,left,3167.1906153846153,1790663628753,8.401500701904297,5.422329902648926,0.7561589479446411,-1.0499999523162842,-0.699999988079071,6.789999961853027,0.06654166844464374,resting,null
7,left,3167.200230769231,1790663628753,8.545074462890625,5.518045902252197,0.6724071502685547,-1.0499999523162842,-0.699999988079071,6.789999961853027,0.07018495182481377,resting,null
7,left,3167.2098461538462,1790663628753,8.51636028289795,5.654441833496094,0.6317277550697327,-1.0499999523162842,-0.699999988079071,6.789999961853027,0.07431362109860876,resting,null
7,left,3167.2194615384615,1790663628753,8.030599594116211,5.065786361694336,0.6269419193267822,-1.0499999523162842,-0.699999988079071,6.789999961853027,0.07142852084665066,resting,null
7,left,3167.229076923077,1790663628753,8.15981674194336,5.17346715927124,0.6460852026939392,-1.0499999523162842,-0.699999988079071,6.789999961853027,0.07016465587299973,resting,null
7,left,3167.2386923076924,1790663628753,8.30817699432373,5.539582252502441,0.6269419193267822,-1.0499999523162842,-0.699999988079071,6.789999961853027,0.0720221568393744,resting,null
7,left,3167.2483076923077,1790663628753,8.650362968444824,5.731014728546143,0.5934411883354187,-1.0499999523162842,-0.699999988079071,6.789999961853027,0.07762063699839247,resting,null
7,right,3271.393,1790663628784,7.305548191070557,5.917661666870117,-0.24886244535446167,-0.42000001668930054,-3.5,-4.269999980926514,-0.040077909197863026,resting,null
7,right,3271.4026153846153,1790663628784,7.997098922729492,5.853053092956543,-0.26800569891929626,-0.42000001668930054,-3.5,-4.269999980926514,-0.03905865543236555,resting,null
7,right,3271.412230769231,1790663628784,8.152637481689453,5.83390998840332,-0.18664683401584625,-0.42000001668930054,-3.5,-4.269999980926514,-0.03697391329352019,resting,null
7,right,3271.421846153846,1790663628784,8.0377779006958,5.963127136230469,-0.181861013174057,-0.42000001668930054,-3.5,-4.269999980926514,-0.03501164980446944,resting,null
7,right,3271.4314615384615,1790663628784,7.513731479644775,5.671192169189453,-0.047858163714408875,-0.42000001668930054,-3.5,-4.269999980926514,-0.038776396340368696,resting,null
7,right,3271.441076923077,1790663628784,7.1356520652771,6.666641712188721,0.13639576733112335,-0.42000001668930054,-3.5,-4.269999980926514,-0.039629348317353125,resting,null
7,right,3271.4506923076924,1790663628784,7.853524208068848,6.381886005401611,0.17468228936195374,-0.42000001668930054,-3.5,-4.269999980926514,-0.03667281983961823,resting,null
7,right,3271.4603076923077,1790663628784,8.171781539916992,6.2000250816345215,0.04546525329351425,-0.42000001668930054,-3.5,-4.269999980926514,-0.03234001275346894,resting,null
7,left,3167.261,1790663628828,8.542681694030762,5.123216152191162,0.746587336063385,-1.75,-0.5600000023841858,8.399999618530273,0.07974380638426302,resting,null
7,left,3167.270615384615,1790663628828,7.965991020202637,5.015535354614258,0.2512553632259369,-1.75,-0.5600000023841858,8.399999618530273,0.07593313623772274,resting,null
7,left,3167.280230769231,1790663628828,8.473287582397461,5.8554463386535645,0.24886244535446167,-1.75,-0.5600000023841858,8.399999618530273,0.08060173453284641,resting,null
7,left,3167.289846153846,1790663628828,8.669506072998047,5.276362419128418,0.31586387753486633,-1.75,-0.5600000023841858,8.399999618530273,0.08385793713054968,resting,null
7,left,3167.2994615384614,1790663628828,8.817866325378418,5.254826068878174,0.32543548941612244,-1.75,-0.5600000023841858,8.399999618530273,0.08821273814356048,resting,null
7,left,3167.309076923077,1790663628828,7.788915634155273,5.113644599914551,0.07896596938371658,-1.75,-0.5600000023841858,8.399999618530273,0.08341487220134869,resting,null
7,left,3167.3186923076923,1790663628828,8.300997734069824,5.135180950164795,0.1603248417377472,-1.75,-0.5600000023841858,8.399999618530273,0.08291235499421054,resting,null
7,left,3167.3283076923076,1790663628828,8.614469528198242,5.068179130554199,0.16511066257953644,-1.75,-0.5600000023841858,8.399999618530273,0.08461738003219335,resting,null
7,left,3167.34,1790663628902,8.999727249145508,5.508474349975586,0.20339718461036682,-2.1700000762939453,-0.5600000023841858,6.929999828338623,0.09326433604177778,resting,null
7,left,3167.3496153846154,1790663628902,8.286641120910645,5.223718166351318,0.059822700917720795,-2.1700000762939453,-0.5600000023841858,6.929999828338623,0.09306894805653694,resting,null
7,left,3167.359230769231,1790663628902,8.025814056396484,5.17346715927124,0.09332341700792313,-2.1700000762939453,-0.5600000023841858,6.929999828338623,0.09050956235846667,resting,null
7,left,3167.3688461538463,1790663628902,8.164602279663086,4.9006757736206055,0.1005021408200264,-2.1700000762939453,-0.5600000023841858,6.929999828338623,0.08769864528763249,resting,null
7,left,3167.3784615384616,1790663628902,8.83700942993164,5.271576404571533,0.14357449114322662,-2.1700000762939453,-0.5600000023841858,6.929999828338623,0.09227506336360833,resting,null
7,left,3167.3880769230773,1790663628902,8.703006744384766,5.247647285461426,0.07178724557161331,-2.1700000762939453,-0.5600000023841858,6.929999828338623,0.09561589405878829,resting,null
7,left,3167.3976923076925,1790663628902,8.33210563659668,5.381650447845459,0.11007377505302429,-2.1700000762939453,-0.5600000023841858,6.929999828338623,0.09661519766296495,resting,null
7,left,3167.4073076923078,1790663628902,8.006670951843262,5.128002166748047,0.09810923039913177,-2.1700000762939453,-0.5600000023841858,6.929999828338623,0.09367199245557599,resting,null
7,right,3271.469,1790663628919,7.7960944175720215,5.549153804779053,0.11485958844423294,-0.21000000834465027,-3.640000104904175,-1.3300000429153442,-0.03446547569259747,resting,null
7,right,3271.4786153846153,1790663628919,7.1835103034973145,5.872196674346924,0.2321120798587799,-0.21000000834465027,-3.640000104904175,-1.3300000429153442,-0.03960139460538312,resting,null
7,right,3271.488230769231,1790663628919,7.004042148590088,6.214382171630859,0.260826975107193,-0.21000000834465027,-3.640000104904175,-1.3300000429153442,-0.04408606576027887,resting,null
7,right,3271.4978461538462,1790663628919,7.776951313018799,6.709714412689209,0.181861013174057,-0.21000000834465027,-3.640000104904175,-1.3300000429153442,-0.039761100579627943,resting,null
7,right,3271.5074615384615,1790663628919,8.250746726989746,5.948769569396973,0.2727915346622467,-0.21000000834465027,-3.640000104904175,-1.3300000429153442,-0.036328695555981116,resting,null
7,right,3271.517076923077,1790663628919,7.817630767822266,5.8554463386535645,0.28714898228645325,-0.21000000834465027,-3.640000104904175,-1.3300000429153442,-0.036735787809690175,resting,null
7,right,3271.5266923076924,1790663628919,6.800644874572754,5.939198017120361,0.1914326548576355,-0.21000000834465027,-3.640000104904175,-1.3300000429153442,-0.04435881211884289,resting,null
7,right,3271.5363076923077,1790663628919,7.1141157150268555,6.286169528961182,0.2105759084224701,-0.21000000834465027,-3.640000104904175,-1.3300000429153442,-0.04754443786421718,resting,null
7,right,3271.546,1790663628950,7.537660598754883,6.5661396980285645,0.26800569891929626,-1.399999976158142,-3.7100000381469727,-5.880000114440918,-0.04584200811500259,resting,null
7,right,3271.555615384615,1790663628950,8.15024471282959,6.310098648071289,0.3110780417919159,-1.399999976158142,-3.7100000381469727,-5.880000114440918,-0.04103800519254395,resting,null
7,right,3271.5652307692308,1790663628950,7.6620917320251465,5.915268898010254,0.260826975107193,-1.399999976158142,-3.7100000381469727,-5.880000114440918,-0.042262675399339505,resting,null
7,right,3271.574846153846,1790663628950,7.212224960327148,6.013378143310547,0.2416837215423584,-1.399999976158142,-3.7100000381469727,-5.880000114440918,-0.046294586849224766,resting,null
7,right,3271.5844615384613,1790663628950,6.999256134033203,6.307705879211426,0.27518442273139954,-1.399999976158142,-3.7100000381469727,-5.880000114440918,-0.050165126585402744,resting,null
7,right,3271.594076923077,1790663628950,7.449122905731201,6.625962734222412,0.3230426013469696,-1.399999976158142,-3.7100000381469727,-5.880000114440918,-0.04873403764411968,resting,null
7,right,3271.603692307692,1790663628950,7.858310222625732,6.314884662628174,0.284756064414978,-1.399999976158142,-3.7100000381469727,-5.880000114440918,-0.04608607754827107,resting,null
7,right,3271.6133076923074,1790663628950,7.824809551239014,5.97269868850708,0.28714898228645325,-1.399999976158142,-3.7100000381469727,-5.880000114440918,-0.04574134940985227,resting,null
7,left,3167.42,1790663628994,8.391928672790527,5.192610740661621,0.1005021408200264,-2.0999999046325684,-1.190000057220459,0.9100000262260437,0.09438111498469143,resting,null
7,left,3167.4296153846153,1790663628994,8.650362968444824,5.166288375854492,0.055036887526512146,-2.0999999046325684,-1.190000057220459,0.9100000262260437,0.09688919833816341,resting,null
7,left,3167.439230769231,1790663628994,8.667113304138184,5.340970993041992,0.12203831225633621,-2.0999999046325684,-1.190000057220459,0.9100000262260437,0.10043323164404089,resting,null
7,left,3167.4488461538463,1790663628994,8.300997734069824,5.276362419128418,0.11964540183544159,-2.0999999046325684,-1.190000057220459,0.9100000262260437,0.10065704244764302,resting,null
7,left,3167.4584615384615,1790663628994,8.164602279663086,5.3433637619018555,0.11246667802333832,-2.0999999046325684,-1.190000057220459,0.9100000262260437,0.10010621066903448,resting,null
7,left,3167.468076923077,1790663628994,8.372785568237305,5.072965145111084,0.09571632742881775,-2.0999999046325684,-1.190000057220459,0.9100000262260437,0.09988754811354963,resting,null
7,left,3167.4776923076925,1790663628994,8.547467231750488,5.17346715927124,0.10289505124092102,-2.0999999046325684,-1.190000057220459,0.9100000262260437,0.10160827520217253,resting,null
7,left,3167.4873076923077,1790663628994,8.59293270111084,5.259612083435059,0.15553902089595795,-2.0999999046325684,-1.190000057220459,0.9100000262260437,0.1041465553420539,resting,null
7,right,3271.622,1790663629025,7.164366722106934,6.070807933807373,0.25843408703804016,-0.9100000262260437,-3.990000009536743,-3.9200000762939453,-0.04937411549262139,resting,null
7,right,3271.631615384615,1790663629025,7.049507141113281,6.2718119621276855,0.31825676560401917,-0.9100000262260437,-3.990000009536743,-3.9200000762939453,-0.05303457669212761,resting,null
7,right,3271.641230769231,1790663629025,7.262475967407227,6.594854831695557,0.31825676560401917,-0.9100000262260437,-3.990000009536743,-3.9200000762939453,-0.053138979380564624,resting,null
7,right,3271.650846153846,1790663629025,7.779344081878662,6.290955543518066,0.2536482512950897,-0.9100000262260437,-3.990000009536743,-3.9200000762939453,-0.051213029893076654,resting,null
7,right,3271.6604615384613,1790663629025,7.741057872772217,6.188060283660889,0.22732627391815186,-0.9100000262260437,-3.990000009536743,-3.9200000762939453,-0.050194071029340356,resting,null
7,right,3271.670076923077,1790663629025,7.384514331817627,6.211989402770996,0.19382555782794952,-0.9100000262260437,-3.990000009536743,-3.9200000762939453,-0.051689183081417366,resting,null
7,right,3271.679692307692,1790663629025,7.190688610076904,6.290955543518066,0.2703986167907715,-0.9100000262260437,-3.990000009536743,-3.9200000762939453,-0.05414229381861559,resting,null
7,right,3271.6893076923075,1790663629025,7.2481184005737305,6.4321370124816895,0.21536172926425934,-0.9100000262260437,-3.990000009536743,-3.9200000762939453,-0.0553002110555925,resting,null
7,left,3167.499,1790663629067,8.303391456604004,5.635298728942871,0.16511066257953644,-2.450000047683716,-1.1200000047683716,-1.9600000381469727,0.10666639796109802,resting,null
7,left,3167.508615384615,1790663629067,8.22203254699707,5.345756530761719,0.11485958844423294,-2.450000047683716,-1.1200000047683716,-1.9600000381469727,0.1066030927933891,resting,null
7,left,3167.5182307692307,1790663629067,8.322534561157227,5.288326740264893,0.09571632742881775,-2.450000047683716,-1.1200000047683716,-1.9600000381469727,0.1070670534452466,resting,null
7,left,3167.527846153846,1790663629067,8.401500701904297,5.135180950164795,0.09332341700792313,-2.450000047683716,-1.1200000047683716,-1.9600000381469727,0.10739698203339205,resting,null
7,left,3167.5374615384612,1790663629067,8.533110618591309,5.35532808303833,0.11007377505302429,-2.450000047683716,-1.1200000047683716,-1.9600000381469727,0.109922412542407,resting,null
7,left,3167.547076923077,1790663629067,8.262711524963379,5.551546573638916,0.12443122267723083,-2.450000047683716,-1.1200000047683716,-1.9600000381469727,0.11124967034273084,resting,null
7,left,3167.556692307692,1790663629067,8.243568420410156,5.467794895172119,0.0909305065870285,-2.450000047683716,-1.1200000047683716,-1.9600000381469727,0.11199275559747074,resting,null
7,left,3167.5663076923074,1790663629067,8.248353958129883,5.266790866851807,0.12443122267723083,-2.450000047683716,-1.1200000047683716,-1.9600000381469727,0.1117511207670508,resting,null
7,right,3271.697,1790663629116,7.583125591278076,6.238311290740967,0.3110780417919159,-1.1200000047683716,-3.9200000762939453,0.14000000059604645,-0.055176315549556605,resting,null
7,right,3271.7066153846154,1790663629116,7.566375255584717,6.3196702003479,0.2727915346622467,-1.1200000047683716,-3.9200000762939453,0.14000000059604645,-0.054648443358620694,resting,null
7,right,3271.716230769231,1790663629116,7.520910263061523,6.23352575302124,0.2703986167907715,-1.1200000047683716,-3.9200000762939453,0.14000000059604645,-0.054981610051565405,resting,null
7,right,3271.7258461538463,1790663629116,7.238546848297119,6.221560955047607,0.2321120798587799,-1.1200000047683716,-3.9200000762939453,0.14000000059604645,-0.05748282532912724,resting,null
7,right,3271.7354615384615,1790663629116,7.195474624633789,6.338813304901123,0.2225404530763626,-1.1200000047683716,-3.9200000762939453,0.14000000059604645,-0.05958159669119116,resting,null
7,right,3271.7450769230772,1790663629116,7.449122905731201,6.4321370124816895,0.24646952748298645,-1.1200000047683716,-3.9200000762939453,0.14000000059604645,-0.05922364720886103,resting,null
7,right,3271.7546923076925,1790663629116,7.575946807861328,6.348385334014893,0.21775463223457336,-1.1200000047683716,-3.9200000762939453,0.14000000059604645,-0.058439825641354644,resting,null
7,right,3271.7643076923077,1790663629116,7.580732822418213,6.207203388214111,0.20818300545215607,-1.1200000047683716,-3.9200000762939453,0.14000000059604645,-0.05848553173750406,resting,null
7,left,3167.578,1790663629142,8.473287582397461,5.199789047241211,0.1722893863916397,-1.9600000381469727,-0.9800000190734863,-3.8499999046325684,0.11327098363591978,resting,null
7,left,3167.587615384615,1790663629142,8.50678825378418,5.436686992645264,0.14596739411354065,-1.9600000381469727,-0.9800000190734863,-3.8499999046325684,0.1160038986060521,resting,null
7,left,3167.597230769231,1790663629142,8.253140449523926,5.525224685668945,0.1316099464893341,-1.9600000381469727,-0.9800000190734863,-3.8499999046325684,0.11713602434824541,resting,null
7,left,3167.606846153846,1790663629142,8.128708839416504,5.501295566558838,0.1722893863916397,-1.9600000381469727,-0.9800000190734863,-3.8499999046325684,0.1171480084019965,resting,null
7,left,3167.6164615384614,1790663629142,8.233996391296387,5.317041873931885,0.21536172926425934,-1.9600000381469727,-0.9800000190734863,-3.8499999046325684,0.11706359976391625,resting,null
7,left,3167.626076923077,1790663629142,8.494823455810547,5.302684307098389,0.20339718461036682,-1.9600000381469727,-0.9800000190734863,-3.8499999046325684,0.11901255052836528,resting,null
7,left,3167.6356923076924,1790663629142,8.461322784423828,5.472580909729004,0.18425391614437103,-1.9600000381469727,-0.9800000190734863,-3.8499999046325684,0.12156835578468042,resting,null
7,left,3167.6453076923076,1790663629142,8.16699504852295,5.558725357055664,0.22732627391815186,-1.9600000381469727,-0.9800000190734863,-3.8499999046325684,0.12220759149179877,resting,null
7,right,3271.773,1790663629189,7.3318705558776855,6.185667514801025,0.22971917688846588,-0.699999988079071,-3.8499999046325684,-2.309999942779541,-0.060308883213928396,resting,null
7,right,3271.7826153846154,1790663629189,7.166759967803955,6.367528438568115,0.181861013174057,-0.699999988079071,-3.8499999046325684,-2.309999942779541,-0.062428222122256266,resting,null
7,right,3271.792230769231,1790663629189,7.305548191070557,6.551782131195068,0.17468228936195374,-0.699999988079071,-3.8499999046325684,-2.309999942779541,-0.06238168745660174,resting,null
7,right,3271.8018461538463,1790663629189,7.516124248504639,6.4680304527282715,0.19621846079826355,-0.699999988079071,-3.8499999046325684,-2.309999942779541,-0.06129469536923128,resting,null
7,right,3271.8114615384616,1790663629189,7.628591060638428,6.147380828857422,0.16511066257953644,-0.699999988079071,-3.8499999046325684,-2.309999942779541,-0.06136131088858919,resting,null
7,right,3271.8210769230773,1790663629189,7.4515156745910645,6.054057598114014,0.13878867030143738,-0.699999988079071,-3.8499999046325684,-2.309999942779541,-0.06330908800804787,resting,null
7,right,3271.8306923076925,1790663629189,7.410836219787598,5.994234561920166,0.11007377505302429,-0.699999988079071,-3.8499999046325684,-2.309999942779541,-0.06592509996196726,resting,null
7,right,3271.8403076923078,1790663629189,7.116508483886719,6.611605167388916,0.09810923039913177,-0.699999988079071,-3.8499999046325684,-2.309999942779541,-0.06690872782967151,resting,null
7,left,3167.658,1790663629235,8.255533218383789,5.544368267059326,0.19861137866973877,-2.0999999046325684,-1.4700000286102295,-3.640000104904175,0.12389350257771291,resting,null
7,left,3167.667615384615,1790663629235,8.078457832336426,5.707085609436035,0.27757734060287476,-2.0999999046325684,-1.4700000286102295,-3.640000104904175,0.12462271995544612,resting,null
7,left,3167.677230769231,1790663629235,8.236390113830566,5.671192169189453,0.22971917688846588,-2.0999999046325684,-1.4700000286102295,-3.640000104904175,0.12642738382818836,resting,null
7,left,3167.686846153846,1790663629235,8.401500701904297,5.283541202545166,0.24407662451267242,-2.0999999046325684,-1.4700000286102295,-3.640000104904175,0.12750905943216104,resting,null
7,left,3167.6964615384613,1790663629235,7.910953998565674,5.874589443206787,0.2919347882270813,-2.0999999046325684,-1.4700000286102295,-3.640000104904175,0.127797490111471,resting,null
7,left,3167.706076923077,1790663629235,8.162209510803223,5.508474349975586,0.26561281085014343,-2.0999999046325684,-1.4700000286102295,-3.640000104904175,0.1281548887186835,resting,null
7,left,3167.7156923076923,1790663629235,8.226818084716797,5.608976364135742,0.26561281085014343,-2.0999999046325684,-1.4700000286102295,-3.640000104904175,0.12956626833956386,resting,null
7,left,3167.7253076923075,1790663629235,8.296212196350098,5.49411678314209,0.2943277060985565,-2.0999999046325684,-1.4700000286102295,-3.640000104904175,0.1309256141346399,resting,null
7,right,3271.849,1790663629265,7.358192443847656,6.465637683868408,0.13639576733112335,-0.7699999809265137,-3.7799999713897705,0.42000001668930054,-0.06699378397034846,resting,null
7,right,3271.8586153846154,1790663629265,7.516124248504639,6.223953723907471,0.08614469319581985,-0.7699999809265137,-3.7799999713897705,0.42000001668930054,-0.0674208676579869,resting,null
7,right,3271.868230769231,1790663629265,7.57834005355835,6.010984897613525,0.06221561133861542,-0.7699999809265137,-3.7799999713897705,0.42000001668930054,-0.06869836903535968,resting,null
7,right,3271.8778461538463,1790663629265,7.425193786621094,6.192846298217773,0.14357449114322662,-0.7699999809265137,-3.7799999713897705,0.42000001668930054,-0.06998208013426095,resting,null
7,right,3271.8874615384616,1790663629265,7.3605852127075195,6.472816467285156,0.09571632742881775,-0.7699999809265137,-3.7799999713897705,0.42000001668930054,-0.0700207989784651,resting,null
7,right,3271.8970769230773,1790663629265,7.30076265335083,6.506317138671875,0.08135887235403061,-0.7699999809265137,-3.7799999713897705,0.42000001668930054,-0.07029009468480936,resting,null
7,right,3271.9066923076925,1790663629265,7.374942779541016,6.434529781341553,0.08853759616613388,-0.7699999809265137,-3.7799999713897705,0.42000001668930054,-0.0704525071147755,resting,null
7,right,3271.916307692308,1790663629265,7.583125591278076,6.1234517097473145,0.06939433515071869,-0.7699999809265137,-3.7799999713897705,0.42000001668930054,-0.07100705443042415,resting,null
7,left,3167.737,1790663629308,8.320141792297363,5.482152462005615,0.31586387753486633,-1.75,-0.8400000333786011,-5.039999961853027,0.13273972055438238,resting,null
7,left,3167.7466153846153,1790663629308,8.052135467529297,5.709478855133057,0.2919347882270813,-1.75,-0.8400000333786011,-5.039999961853027,0.13330334218849876,resting,null
7,left,3167.756230769231,1790663629308,8.274676322937012,5.460616111755371,0.3110780417919159,-1.75,-0.8400000333786011,-5.039999961853027,0.1343143426601579,resting,null
7,left,3167.7658461538463,1790663629308,8.14306640625,5.704692840576172,0.3445787727832794,-1.75,-0.8400000333786011,-5.039999961853027,0.1355946747322619,resting,null
7,left,3167.7754615384615,1790663629308,8.178959846496582,5.704692840576172,0.32782840728759766,-1.75,-0.8400000333786011,-5.039999961853027,0.13715983826642958,resting,null
7,left,3167.785076923077,1790663629308,8.186138153076172,5.467794895172119,0.40679436922073364,-1.75,-0.8400000333786011,-5.039999961853027,0.13752632081336832,resting,null
7,left,3167.7946923076925,1790663629308,8.004277229309082,6.223953723907471,0.4307234585285187,-1.75,-0.8400000333786011,-5.039999961853027,0.14054874151095817,resting,null
7,left,3167.8043076923077,1790663629308,7.997098922729492,5.506081581115723,0.3732936680316925,-1.75,-0.8400000333786011,-5.039999961853027,0.13961127060751202,resting,null
7,right,3271.925,1790663629324,7.717128753662109,5.934412002563477,0.011964540928602219,-0.14000000059604645,-3.7100000381469727,5.039999961853027,-0.07166580958688684,resting,null
7,right,3271.9346153846154,1790663629324,7.499373912811279,6.374707221984863,0.011964540928602219,-0.14000000059604645,-3.7100000381469727,5.039999961853027,-0.07128982314386084,resting,null
7,right,3271.944230769231,1790663629324,7.432372570037842,6.326848983764648,0.021536173298954964,-0.14000000059604645,-3.7100000381469727,5.039999961853027,-0.07170158295911921,resting,null
7,right,3271.9538461538464,1790663629324,6.984898567199707,6.578104496002197,-0.03110780566930771,-0.14000000059604645,-3.7100000381469727,5.039999961853027,-0.07385806107787755,resting,null
7,right,3271.9634615384616,1790663629324,7.741057872772217,5.965519905090332,-0.07657305896282196,-0.14000000059604645,-3.7100000381469727,5.039999961853027,-0.0742179842674203,resting,null
7,right,3271.9730769230773,1790663629324,7.918132781982422,6.109094142913818,-0.08375178277492523,-0.14000000059604645,-3.7100000381469727,5.039999961853027,-0.0723769242043595,resting,null
7,right,3271.9826923076926,1790663629324,7.638162612915039,6.037307262420654,-0.18664683401584625,-0.14000000059604645,-3.7100000381469727,5.039999961853027,-0.0730426102854078,resting,null
7,right,3271.992307692308,1790663629324,7.286405086517334,6.381886005401611,-0.260826975107193,-0.14000000059604645,-3.7100000381469727,5.039999961853027,-0.07420075881765728,resting,null
7,left,3167.816,1790663629382,8.33449935913086,5.7932305335998535,0.5647262930870056,-1.8200000524520874,-0.8400000333786011,-3.2899999618530273,0.1436923967162406,resting,null
7,left,3167.825615384615,1790663629382,7.942061901092529,5.570690155029297,0.5623334050178528,-1.8200000524520874,-0.8400000333786011,-3.2899999618530273,0.14273260072860233,resting,null
7,left,3167.8352307692307,1790663629382,8.241175651550293,5.563511371612549,0.569512128829956,-1.8200000524520874,-0.8400000333786011,-3.2899999618530273,0.14410686574877848,resting,null
7,left,3167.844846153846,1790663629382,7.898989677429199,5.709478855133057,0.5264397859573364,-1.8200000524520874,-0.8400000333786011,-3.2899999618530273,0.14355805122019288,resting,null
7,left,3167.8544615384612,1790663629382,8.147851943969727,5.955948352813721,0.5575475692749023,-1.8200000524520874,-0.8400000333786011,-3.2899999618530273,0.14633876319198955,resting,null
7,left,3167.864076923077,1790663629382,8.164602279663086,5.623333930969238,0.5551546812057495,-1.8200000524520874,-0.8400000333786011,-3.2899999618530273,0.14743198324286202,resting,null
7,left,3167.873692307692,1790663629382,8.099993705749512,5.6807637214660645,0.4737958014011383,-1.8200000524520874,-0.8400000333786011,-3.2899999618530273,0.148300770635358,resting,null
7,left,3167.8833076923074,1790663629382,7.965991020202637,5.551546573638916,0.4642241597175598,-1.8200000524520874,-0.8400000333786011,-3.2899999618530273,0.1474015051592202,resting,null
7,right,3272.001,1790663629399,7.159581184387207,6.106701374053955,-0.20579010248184204,-0.21000000834465027,-3.8499999046325684,1.6800000667572021,-0.07761742296967049,resting,null
7,right,3272.0106153846154,1790663629399,7.508945465087891,6.3340277671813965,-0.17946811020374298,-0.21000000834465027,-3.8499999046325684,1.6800000667572021,-0.07741341092965945,resting,null
7,right,3272.020230769231,1790663629399,7.552018165588379,6.149773597717285,-0.2512553632259369,-0.21000000834465027,-3.8499999046325684,1.6800000667572021,-0.0780131225182254,resting,null
7,right,3272.0298461538464,1790663629399,7.776951313018799,6.044486045837402,-0.1603248417377472,-0.21000000834465027,-3.8499999046325684,1.6800000667572021,-0.07759066866390502,resting,null
7,right,3272.0394615384616,1790663629399,7.518517017364502,5.9272332191467285,-0.15793193876743317,-0.21000000834465027,-3.8499999046325684,1.6800000667572021,-0.07979760259385016,resting,null
7,right,3272.0490769230773,1790663629399,7.532874584197998,6.168917179107666,-0.07657305896282196,-0.21000000834465027,-3.8499999046325684,1.6800000667572021,-0.08043041392800347,resting,null
7,right,3272.0586923076926,1790663629399,7.245725631713867,6.424958229064941,-0.09332341700792313,-0.21000000834465027,-3.8499999046325684,1.6800000667572021,-0.08163362584120341,resting,null
7,right,3272.068307692308,1790663629399,7.70037841796875,6.2646331787109375,-0.05264397710561752,-0.21000000834465027,-3.8499999046325684,1.6800000667572021,-0.08043899746749403,resting,null
7,left,3167.895,1790663629456,8.202888488769531,5.738193511962891,0.509689450263977,-1.6100000143051147,-0.8400000333786011,1.0499999523162842,0.14984741861629958,resting,null
7,left,3167.904615384615,1790663629456,8.04734992980957,6.063629150390625,0.49054616689682007,-1.6100000143051147,-0.8400000333786011,1.0499999523162842,0.15241698341815713,resting,null
7,left,3167.914230769231,1790663629456,8.214853286743164,5.848267555236816,0.2919347882270813,-1.6100000143051147,-0.8400000333786011,1.0499999523162842,0.15503810069396506,resting,null
7,left,3167.923846153846,1790663629456,8.171781539916992,5.709478855133057,0.28714898228645325,-1.6100000143051147,-0.8400000333786011,1.0499999523162842,0.15655454755833756,resting,null
7,left,3167.9334615384614,1790663629456,8.085636138916016,5.520439147949219,0.31586387753486633,-1.6100000143051147,-0.8400000333786011,1.0499999523162842,0.15636526698786096,resting,null
7,left,3167.943076923077,1790663629456,8.123923301696777,5.527617931365967,0.2727915346622467,-1.6100000143051147,-0.8400000333786011,1.0499999523162842,0.15650314148380925,resting,null
7,left,3167.9526923076924,1790663629456,7.997098922729492,5.716657638549805,0.23689790070056915,-1.6100000143051147,-0.8400000333786011,1.0499999523162842,0.15666671278316957,resting,null
7,left,3167.9623076923076,1790663629456,8.250746726989746,5.6879425048828125,0.2895418703556061,-1.6100000143051147,-0.8400000333786011,1.0499999523162842,0.15869163711503712,resting,null
7,right,3272.077,1790663629474,7.817630767822266,6.1665239334106445,0.04546525329351425,-0.21000000834465027,-2.940000057220459,0.8400000333786011,-0.07911512389022454,resting,null
7,right,3272.0866153846155,1790663629474,7.712342739105225,6.2359185218811035,0.040679436177015305,-0.21000000834465027,-2.940000057220459,0.8400000333786011,-0.07801218958292604,resting,null
7,right,3272.096230769231,1790663629474,7.415622234344482,6.463244915008545,0.02632198855280876,-0.21000000834465027,-2.940000057220459,0.8400000333786011,-0.07773439444328409,resting,null
7,right,3272.1058461538464,1790663629474,7.362977981567383,6.149773597717285,0.035893622785806656,-0.21000000834465027,-2.940000057220459,0.8400000333786011,-0.0797542759293629,resting,null
7,right,3272.1154615384617,1790663629474,7.341442108154297,6.152166843414307,0.11485958844423294,-0.21000000834465027,-2.940000057220459,0.8400000333786011,-0.08192103720126959,resting,null
7,right,3272.1250769230774,1790663629474,7.506552696228027,6.0947370529174805,0.11485958844423294,-0.21000000834465027,-2.940000057220459,0.8400000333786011,-0.08320822801770623,resting,null
7,right,3272.1346923076926,1790663629474,7.674056053161621,6.2000250816345215,0.10528795421123505,-0.21000000834465027,-2.940000057220459,0.8400000333786011,-0.08260621010719597,resting,null
7,right,3272.144307692308,1790663629474,7.635769844055176,6.338813304901123,0.18664683401584625,-0.21000000834465027,-2.940000057220459,0.8400000333786011,-0.08144483899347522,resting,null
7,left,3167.974,1790663629548,8.272283554077148,5.759729862213135,0.22014755010604858,-1.4700000286102295,-0.699999988079071,4.829999923706055,0.16181062618571362,resting,null
7,left,3167.9836153846154,1790663629548,8.083243370056152,5.7573370933532715,0.20579010248184204,-1.4700000286102295,-0.699999988079071,4.829999923706055,0.1628664131652233,resting,null
7,left,3167.993230769231,1790663629548,8.123923301696777,5.453437328338623,0.17707519233226776,-1.4700000286102295,-0.699999988079071,4.829999923706055,0.16257284535292527,resting,null
7,left,3168.0028461538463,1790663629548,7.927704334259033,5.7238359451293945,0.17707519233226776,-1.4700000286102295,-0.699999988079071,4.829999923706055,0.16220844659745587,resting,null
7,left,3168.0124615384616,1790663629548,8.224425315856934,5.675978183746338,0.19621846079826355,-1.4700000286102295,-0.699999988079071,4.829999923706055,0.16393348924037549,resting,null
7,left,3168.0220769230773,1790663629548,8.356035232543945,5.570690155029297,0.16511066257953644,-1.4700000286102295,-0.699999988079071,4.829999923706055,0.1661184158669014,resting,null
7,left,3168.0316923076925,1790663629548,8.162209510803223,5.6807637214660645,0.22971917688846588,-1.4700000286102295,-0.699999988079071,4.829999923706055,0.16738614424362305,resting,null
7,left,3168.041307692308,1790663629548,8.095208168029785,5.4845452308654785,0.1411815732717514,-1.4700000286102295,-0.699999988079071,4.829999923706055,0.1670329290311574,resting,null
7,right,3272.153,1790663629549,7.6261982917785645,6.159345626831055,0.23689790070056915,-0.2800000011920929,-3.430000066757202,1.190000057220459,-0.08144629137822564,resting,null
7,right,3272.162615384615,1790663629549,7.322298526763916,6.104308605194092,0.17946811020374298,-0.2800000011920929,-3.430000066757202,1.190000057220459,-0.08404112253204171,resting,null
7,right,3272.1722307692307,1790663629549,7.358192443847656,6.192846298217773,0.2010042816400528,-0.2800000011920929,-3.430000066757202,1.190000057220459,-0.08582656750552067,resting,null
7,right,3272.181846153846,1790663629549,7.619019508361816,6.104308605194092,0.18664683401584625,-0.2800000011920929,-3.430000066757202,1.190000057220459,-0.08620932720267267,resting,null
7,right,3272.191461538461,1790663629549,7.815237998962402,6.211989402770996,0.2225404530763626,-0.2800000011920929,-3.430000066757202,1.190000057220459,-0.08447360598516082,resting,null
7,right,3272.201076923077,1790663629549,7.5926971435546875,6.1234517097473145,0.19621846079826355,-0.2800000011920929,-3.430000066757202,1.190000057220459,-0.08493242594468794,resting,null
7,right,3272.210692307692,1790663629549,7.346227645874023,6.097129821777344,0.2129688262939453,-0.2800000011920929,-3.430000066757202,1.190000057220459,-0.0873845849075059,resting,null
7,right,3272.2203076923074,1790663629549,7.334263324737549,6.1976318359375,0.20579010248184204,-0.2800000011920929,-3.430000066757202,1.190000057220459,-0.08931187028274289,resting,null
7,left,3168.053,1790663629621,8.042564392089844,5.594619274139404,0.15793193876743317,-1.190000057220459,-0.6299999952316284,2.7300000190734863,0.16683104986225553,resting,null
7,left,3168.062615384615,1790663629621,8.205282211303711,5.604190826416016,0.15553902089595795,-1.190000057220459,-0.6299999952316284,2.7300000190734863,0.1680067820855085,resting,null
7,left,3168.072230769231,1790663629621,8.356035232543945,5.611369609832764,0.15793193876743317,-1.190000057220459,-0.6299999952316284,2.7300000190734863,0.17041848564911263,resting,null
7,left,3168.081846153846,1790663629621,8.157423973083496,5.630512714385986,0.1411815732717514,-1.190000057220459,-0.6299999952316284,2.7300000190734863,0.1713541676517533,resting,null
7,left,3168.0914615384613,1790663629621,8.119136810302734,5.580261707305908,0.14836029708385468,-1.190000057220459,-0.6299999952316284,2.7300000190734863,0.17171553824691002,resting,null
7,left,3168.101076923077,1790663629621,8.083243370056152,5.570690155029297,0.1411815732717514,-1.190000057220459,-0.6299999952316284,2.7300000190734863,0.1717394275566316,resting,null
7,left,3168.1106923076923,1790663629621,8.272283554077148,5.5826544761657715,0.11485958844423294,-1.190000057220459,-0.6299999952316284,2.7300000190734863,0.17332428236551053,resting,null
7,left,3168.1203076923075,1790663629621,8.339284896850586,5.606583595275879,0.15314611792564392,-1.190000057220459,-0.6299999952316284,2.7300000190734863,0.17557781943992856,resting,null
7,right,3272.228,1790663629671,7.666877746582031,6.152166843414307,0.2416837215423584,-0.14000000059604645,-3.2899999618530273,1.4700000286102295,-0.0890912927337441,resting,null
7,right,3272.2376153846153,1790663629671,7.769772529602051,6.156952381134033,0.23929080367088318,-0.14000000059604645,-3.2899999618530273,1.4700000286102295,-0.08801774714022793,resting,null
7,right,3272.247230769231,1790663629671,7.473052024841309,6.252668857574463,0.18903973698616028,-0.14000000059604645,-3.2899999618530273,1.4700000286102295,-0.08857624930256554,resting,null
7,right,3272.2568461538463,1790663629671,7.341442108154297,6.15455961227417,0.24646952748298645,-0.14000000059604645,-3.2899999618530273,1.4700000286102295,-0.09070475395374945,resting,null
7,right,3272.2664615384615,1790663629671,7.496981143951416,6.099522590637207,0.2321120798587799,-0.14000000059604645,-3.2899999618530273,1.4700000286102295,-0.09200865004259856,resting,null
7,right,3272.276076923077,1790663629671,7.702771186828613,6.1306304931640625,0.22014755010604858,-0.14000000059604645,-3.2899999618530273,1.4700000286102295,-0.0915892713761478,resting,null
7,right,3272.2856923076924,1790663629671,7.695592403411865,6.219168186187744,0.2105759084224701,-0.14000000059604645,-3.2899999618530273,1.4700000286102295,-0.09068612743419326,resting,null
7,right,3272.2953076923077,1790663629671,7.485016345977783,6.257454872131348,0.22732627391815186,-0.14000000059604645,-3.2899999618530273,1.4700000286102295,-0.09111810130993615,resting,null
7,left,3168.133,1790663629697,8.217246055603027,5.654441833496094,0.12203831225633621,-1.4700000286102295,-0.5600000023841858,2.309999942779541,0.1776055143477553,resting,null
7,left,3168.142615384615,1790663629697,8.193317413330078,5.518045902252197,0.15314611792564392,-1.4700000286102295,-0.5600000023841858,2.309999942779541,0.1782191252899671,resting,null
7,left,3168.1522307692308,1790663629697,8.076065063476562,5.544368267059326,0.15793193876743317,-1.4700000286102295,-0.5600000023841858,2.309999942779541,0.1780428056581797,resting,null
7,left,3168.161846153846,1790663629697,8.31535530090332,5.522831916809082,0.14357449114322662,-1.4700000286102295,-0.5600000023841858,2.309999942779541,0.17965222841179698,resting,null
7,left,3168.1714615384612,1790663629697,8.195710182189941,5.597012042999268,0.14596739411354065,-1.4700000286102295,-0.5600000023841858,2.309999942779541,0.18070851923700595,resting,null
7,left,3168.181076923077,1790663629697,8.202888488769531,5.525224685668945,0.17946811020374298,-1.4700000286102295,-0.5600000023841858,2.309999942779541,0.1814397899554879,resting,null
7,left,3168.190692307692,1790663629697,8.305784225463867,5.393614768981934,0.18425391614437103,-1.4700000286102295,-0.5600000023841858,2.309999942779541,0.18228643153126625,resting,null
7,left,3168.2003076923074,1790663629697,8.23878288269043,5.558725357055664,0.21536172926425934,-1.4700000286102295,-0.5600000023841858,2.309999942779541,0.18348928099299947,resting,null
7,right,3272.304,1790663629713,7.461087226867676,6.15455961227417,0.19621846079826355,0,-3.430000066757202,-0.3499999940395355,-0.09223613518868735,resting,null
7,right,3272.3136153846153,1790663629713,7.575946807861328,6.042092800140381,0.20818300545215607,0,-3.430000066757202,-0.3499999940395355,-0.09329711874906124,resting,null
7,right,3272.323230769231,1790663629713,7.657305717468262,6.087558269500732,0.23450499773025513,0,-3.430000066757202,-0.3499999940395355,-0.09347052067013083,resting,null
7,right,3272.3328461538463,1790663629713,7.52569580078125,6.238311290740967,0.20818300545215607,0,-3.430000066757202,-0.3499999940395355,-0.09371401534700476,resting,null
7,right,3272.3424615384615,1790663629713,7.504159927368164,6.238311290740967,0.2129688262939453,0,-3.430000066757202,-0.3499999940395355,-0.09411565346776918,resting,null
7,right,3272.352076923077,1790663629713,7.5568037033081055,6.142595291137695,0.19382555782794952,0,-3.430000066757202,-0.3499999940395355,-0.09470896995519279,resting,null
7,right,3272.3616923076925,1790663629713,7.623805046081543,6.11148738861084,0.1722893863916397,0,-3.430000066757202,-0.3499999940395355,-0.09499385695848939,resting,null
7,right,3272.3713076923077,1790663629713,7.554410934448242,6.2000250816345215,0.20579010248184204,0,-3.430000066757202,-0.3499999940395355,-0.09525378383563526,resting,null
7,left,3168.212,1790663629773,8.195710182189941,5.522831916809082,0.2129688262939453,-1.3300000429153442,-0.699999988079071,1.399999976158142,0.18429945301710302,resting,null
7,left,3168.2216153846152,1790663629773,8.193317413330078,5.506081581115723,0.2129688262939453,-1.3300000429153442,-0.699999988079071,1.399999976158142,0.18485662160566663,resting,null
7,left,3168.231230769231,1790663629773,8.169387817382812,5.53001070022583,0.25604116916656494,-1.3300000429153442,-0.699999988079071,1.399999976158142,0.18536035105273208,resting,null
7,left,3168.240846153846,1790663629773,8.353642463684082,5.4773664474487305,0.23929080367088318,-1.3300000429153442,-0.699999988079071,1.399999976158142,0.18704900692104331,resting,null
7,left,3168.2504615384614,1790663629773,8.217246055603027,5.501295566558838,0.2536482512950897,-1.3300000429153442,-0.699999988079071,1.399999976158142,0.1877792966401862,resting,null
7,left,3168.260076923077,1790663629773,8.155031204223633,5.491724014282227,0.2321120798587799,-1.3300000429153442,-0.699999988079071,1.399999976158142,0.187956648484437,resting,null
7,left,3168.2696923076924,1790663629773,8.104779243469238,5.604190826416016,0.27757734060287476,-1.3300000429153442,-0.699999988079071,1.399999976158142,0.18834801065569437,resting,null
7,left,3168.2793076923076,1790663629773,8.31535530090332,5.470187664031982,0.3110780417919159,-1.3300000429153442,-0.699999988079071,1.399999976158142,0.18970769639370172,resting,null
7,right,3272.381,1790663629821,7.532874584197998,6.188060283660889,0.14836029708385468,-0.14000000059604645,-3.430000066757202,-1.0499999523162842,-0.09575873175389729,resting,null
7,right,3272.390615384615,1790663629821,7.475444793701172,6.211989402770996,0.1914326548576355,-0.14000000059604645,-3.430000066757202,-1.0499999523162842,-0.0965335365479247,resting,null
7,right,3272.400230769231,1790663629821,7.5568037033081055,6.133023262023926,0.1603248417377472,-0.14000000059604645,-3.430000066757202,-1.0499999523162842,-0.09718893977151238,resting,null
7,right,3272.409846153846,1790663629821,7.602269172668457,6.1306304931640625,0.12682412564754486,-0.14000000059604645,-3.430000066757202,-1.0499999523162842,-0.09752427060688523,resting,null
7,right,3272.4194615384613,1790663629821,7.5926971435546875,6.176095962524414,0.11007377505302429,-0.14000000059604645,-3.430000066757202,-1.0499999523162842,-0.09765656837794921,resting,null
7,right,3272.429076923077,1790663629821,7.530481815338135,6.11148738861084,0.12682412564754486,-0.14000000059604645,-3.430000066757202,-1.0499999523162842,-0.09864230040980133,resting,null
7,right,3272.4386923076922,1790663629821,7.470659255981445,6.231132507324219,0.08853759616613388,-0.14000000059604645,-3.430000066757202,-1.0499999523162842,-0.09935118551033187,resting,null
7,right,3272.4483076923075,1790663629821,7.547232151031494,6.180881500244141,0.10528795421123505,-0.14000000059604645,-3.430000066757202,-1.0499999523162842,-0.09979241278141122,resting,null
7,right,3272.457,1790663629849,7.516124248504639,6.295741081237793,0.07657305896282196,-0.21000000834465027,-3.2899999618530273,1.0499999523162842,-0.09976940579923312,resting,null
7,right,3272.466615384615,1790663629849,7.597483158111572,6.195239067077637,0.05742979422211647,-0.21000000834465027,-3.2899999618530273,1.0499999523162842,-0.0997534615575152,resting,null
7,right,3272.476230769231,1790663629849,7.57834005355835,6.05884313583374,0.03350071236491203,-0.21000000834465027,-3.2899999618530273,1.0499999523162842,-0.10070997850091423,resting,null
7,right,3272.485846153846,1790663629849,7.532874584197998,6.161738395690918,-0.0023929080925881863,-0.21000000834465027,-3.2899999618530273,1.0499999523162842,-0.10138086875925348,resting,null
7,right,3272.4954615384613,1790663629849,7.580732822418213,6.190453052520752,-0.02632198855280876,-0.21000000834465027,-3.2899999618530273,1.0499999523162842,-0.10152064999475072,resting,null
7,right,3272.505076923077,1790663629849,7.6692705154418945,6.345992088317871,-0.03110780566930771,-0.21000000834465027,-3.2899999618530273,1.0499999523162842,-0.10005481516512012,resting,null
7,right,3272.5146923076923,1790663629849,7.520910263061523,6.185667514801025,-0.06939433515071869,-0.21000000834465027,-3.2899999618530273,1.0499999523162842,-0.10066815779649554,resting,null
7,right,3272.5243076923075,1790663629849,7.487409591674805,6.05884313583374,-0.09571632742881775,-0.21000000834465027,-3.2899999618530273,1.0499999523162842,-0.1023003163295895,resting,null
7,left,3168.292,1790663629862,8.322534561157227,5.501295566558838,0.31825676560401917,-1.399999976158142,-0.5600000023841858,-0.49000000953674316,0.1918013562175717,resting,null
7,left,3168.301615384615,1790663629862,8.202888488769531,5.577868938446045,0.3613291084766388,-1.399999976158142,-0.5600000023841858,-0.49000000953674316,0.1928533961316653,resting,null
7,left,3168.311230769231,1790663629862,8.102386474609375,5.534796237945557,0.3110780417919159,-1.399999976158142,-0.5600000023841858,-0.49000000953674316,0.19286049468887612,resting,null
7,left,3168.320846153846,1790663629862,8.157423973083496,5.618548393249512,0.37807947397232056,-1.399999976158142,-0.5600000023841858,-0.49000000953674316,0.19377620590188244,resting,null
7,left,3168.3304615384613,1790663629862,8.269890785217285,5.585047721862793,0.41636601090431213,-1.399999976158142,-0.5600000023841858,-0.49000000953674316,0.19541940944262284,resting,null
7,left,3168.340076923077,1790663629862,8.279461860656738,5.5467610359191895,0.43790218234062195,-1.399999976158142,-0.5600000023841858,-0.49000000953674316,0.1969403809936746,resting,null
7,left,3168.3496923076923,1790663629862,8.174174308776855,5.577868938446045,0.4546525478363037,-1.399999976158142,-0.5600000023841858,-0.49000000953674316,0.19779655441747881,resting,null
7,left,3168.3593076923075,1790663629862,8.13349437713623,5.467794895172119,0.48576033115386963,-1.399999976158142,-0.5600000023841858,-0.49000000953674316,0.19774882719576076,resting,null
7,left,3168.371,1790663629937,8.13349437713623,5.515653133392334,0.42833054065704346,-1.399999976158142,-0.9100000262260437,1.0499999523162842,0.19798122850331112,resting,null
7,left,3168.3806153846153,1790663629937,8.255533218383789,5.539582252502441,0.4546525478363037,-1.399999976158142,-0.9100000262260437,1.0499999523162842,0.19928268196412427,resting,null
7,left,3168.390230769231,1790663629937,8.33210563659668,5.534796237945557,0.5360113978385925,-1.399999976158142,-0.9100000262260437,1.0499999523162842,0.2011997760313005,resting,null
7,left,3168.3998461538463,1790663629937,8.217246055603027,5.520439147949219,0.48815324902534485,-1.399999976158142,-0.9100000262260437,1.0499999523162842,0.202106970245206,resting,null
7,left,3168.4094615384615,1790663629937,8.14306640625,5.431901454925537,0.44029510021209717,-1.399999976158142,-0.9100000262260437,1.0499999523162842,0.20192996787090772,resting,null
7,left,3168.4190769230772,1790663629937,8.202888488769531,5.501295566558838,0.44747382402420044,-1.399999976158142,-0.9100000262260437,1.0499999523162842,0.20260455153064386,resting,null
7,left,3168.4286923076925,1790663629937,8.368000030517578,5.525224685668945,0.4259376525878906,-1.399999976158142,-0.9100000262260437,1.0499999523162842,0.20471570688244908,resting,null
7,left,3168.4383076923077,1790663629937,8.329712867736816,5.525224685668945,0.34936457872390747,-1.399999976158142,-0.9100000262260437,1.0499999523162842,0.2064894113376597,resting,null
7,right,3272.532,1790663629938,7.377335548400879,6.051664352416992,-0.11485958844423294,-0.14000000059604645,-3.640000104904175,1.0499999523162842,-0.10429482386858474,resting,null
7,right,3272.5416153846154,1790663629938,7.60466194152832,6.171309947967529,-0.09810923039913177,-0.14000000059604645,-3.640000104904175,1.0499999523162842,-0.1043664142295435,resting,null
7,right,3272.551230769231,1790663629938,7.571161270141602,6.221560955047607,-0.1411815732717514,-0.14000000059604645,-3.640000104904175,1.0499999523162842,-0.10437882372488758,resting,null
7,right,3272.5608461538463,1790663629938,7.559196472167969,6.216775417327881,-0.1507532149553299,-0.14000000059604645,-3.640000104904175,1.0499999523162842,-0.1045073207616856,resting,null
7,right,3272.5704615384616,1790663629938,7.398871898651123,6.140202045440674,-0.11725249886512756,-0.14000000059604645,-3.640000104904175,1.0499999523162842,-0.10629591327889386,resting,null
7,right,3272.5800769230773,1790663629938,7.48262357711792,6.190453052520752,-0.0502510704100132,-0.14000000059604645,-3.640000104904175,1.0499999523162842,-0.10716028288496664,resting,null
7,right,3272.5896923076925,1790663629938,7.468266010284424,6.190453052520752,-0.0909305065870285,-0.14000000059604645,-3.640000104904175,1.0499999523162842,-0.10812681694898796,resting,null
7,right,3272.599307692308,1790663629938,7.607054710388184,6.27659797668457,0.016750356182456017,-0.14000000059604645,-3.640000104904175,1.0499999523162842,-0.10754585914419836,resting,null
7,right,3272.608,1790663630000,7.523303031921387,6.281383514404297,0.06221561133861542,-0.3499999940395355,-3.5,-1.75,-0.10755815502231668,resting,null
7,right,3272.6176153846154,1790663630000,7.571161270141602,6.310098648071289,0.07896596938371658,-0.3499999940395355,-3.5,-1.75,-0.10704094187594791,resting,null
7,right,3272.627230769231,1790663630000,7.463480472564697,6.207203388214111,0.023929081857204437,-0.3499999940395355,-3.5,-1.75,-0.10794703721190359,resting,null
7,right,3272.6368461538464,1790663630000,7.4228010177612305,6.190453052520752,0.09332341700792313,-0.3499999940395355,-3.5,-1.75,-0.10925900300180375,resting,null
7,right,3272.6464615384616,1790663630000,7.516124248504639,6.2000250816345215,0.13400284945964813,-0.3499999940395355,-3.5,-1.75,-0.10982135082654215,resting,null
7,right,3272.6560769230773,1790663630000,7.532874584197998,6.259847640991211,0.05742979422211647,-0.3499999940395355,-3.5,-1.75,-0.10988873570659956,resting,null
7,right,3272.6656923076926,1790663630000,7.549624919891357,6.259847640991211,0.06460852175951004,-0.3499999940395355,-3.5,-1.75,-0.10983158327127238,resting,null
7,right,3272.675307692308,1790663630000,7.415622234344482,6.2646331787109375,0.10528795421123505,-0.3499999940395355,-3.5,-1.75,-0.11073517682855369,resting,null
7,left,3168.45,1790663630012,8.277069091796875,5.503688812255859,0.3326142132282257,-1.6100000143051147,-0.699999988079071,3.430000066757202,0.20798738501326655,resting,null
7,left,3168.459615384615,1790663630012,8.13349437713623,5.400793552398682,0.30868515372276306,-1.6100000143051147,-0.699999988079071,3.430000066757202,0.2075152125655039,resting,null
7,left,3168.4692307692308,1790663630012,8.181352615356445,5.498902797698975,0.28714898228645325,-1.6100000143051147,-0.699999988079071,3.430000066757202,0.20794047372274332,resting,null
7,left,3168.478846153846,1790663630012,8.236390113830566,5.467794895172119,0.2823631465435028,-1.6100000143051147,-0.699999988079071,3.430000066757202,0.20863979780756664,resting,null
7,left,3168.4884615384613,1790663630012,8.363213539123535,5.460616111755371,0.2823631465435028,-1.6100000143051147,-0.699999988079071,3.430000066757202,0.21031747324119893,resting,null
7,left,3168.498076923077,1790663630012,8.327320098876953,5.474973678588867,0.284756064414978,-1.6100000143051147,-0.699999988079071,3.430000066757202,0.2117845973692614,resting,null
7,left,3168.507692307692,1790663630012,8.305784225463867,5.4486517906188965,0.2512553632259369,-1.6100000143051147,-0.699999988079071,3.430000066757202,0.21292933495971839,resting,null
7,left,3168.5173076923074,1790663630012,8.267497062683105,5.429508686065674,0.21536172926425934,-1.6100000143051147,-0.699999988079071,3.430000066757202,0.21365523990670632,resting,null
7,right,3272.684,1790663630089,7.391693115234375,6.259847640991211,0.13639576733112335,-0.3499999940395355,-3.430000066757202,-0.9100000262260437,-0.11173694385713602,resting,null
7,right,3272.6936153846154,1790663630089,7.496981143951416,6.23352575302124,0.11485958844423294,-0.3499999940395355,-3.430000066757202,-0.9100000262260437,-0.11222785353681326,resting,null
7,right,3272.703230769231,1790663630089,7.559196472167969,6.240704536437988,0.11725249886512756,-0.3499999940395355,-3.430000066757202,-0.9100000262260437,-0.11221388049989649,resting,null
7,right,3272.7128461538464,1790663630089,7.587911605834961,6.2000250816345215,0.14836029708385468,-0.3499999940395355,-3.430000066757202,-0.9100000262260437,-0.11223602211043777,resting,null
7,right,3272.7224615384616,1790663630089,7.477837562561035,6.226346969604492,0.19382555782794952,-0.3499999940395355,-3.430000066757202,-0.9100000262260437,-0.11290740590007037,resting,null
7,right,3272.7320769230773,1790663630089,7.374942779541016,6.2502760887146,0.18903973698616028,-0.3499999940395355,-3.430000066757202,-0.9100000262260437,-0.11418980947620877,resting,null
7,right,3272.7416923076926,1790663630089,7.391693115234375,6.274205207824707,0.16511066257953644,-0.3499999940395355,-3.430000066757202,-0.9100000262260437,-0.11519982188972505,resting,null
7,right,3272.751307692308,1790663630089,7.496981143951416,6.262240409851074,0.17707519233226776,-0.3499999940395355,-3.430000066757202,-0.9100000262260437,-0.11550461402896431,resting,null
7,left,3168.53,1790663630102,8.257925987243652,5.470187664031982,0.24646952748298645,-1.6100000143051147,-0.7699999809265137,3.640000104904175,0.21480834424154144,resting,null
7,left,3168.5396153846154,1790663630102,8.372785568237305,5.333792209625244,0.22971917688846588,-1.6100000143051147,-0.7699999809265137,3.640000104904175,0.21588221934593493,resting,null
7,left,3168.549230769231,1790663630102,8.30817699432373,5.5467610359191895,0.23450499773025513,-1.6100000143051147,-0.7699999809265137,3.640000104904175,0.21755867586791752,resting,null
7,left,3168.5588461538464,1790663630102,8.257925987243652,5.4845452308654785,0.19621846079826355,-1.6100000143051147,-0.7699999809265137,3.640000104904175,0.21849353747057637,resting,null
7,left,3168.5684615384616,1790663630102,8.24596118927002,5.352935314178467,0.24407662451267242,-1.6100000143051147,-0.7699999809265137,3.640000104904175,0.21865185766128753,resting,null
7,left,3168.5780769230773,1790663630102,8.241175651550293,5.472580909729004,0.15793193876743317,-1.6100000143051147,-0.7699999809265137,3.640000104904175,0.21937925902863853,resting,null
7,left,3168.5876923076926,1790663630102,8.353642463684082,5.427115440368652,0.13639576733112335,-1.6100000143051147,-0.7699999809265137,3.640000104904175,0.22076849494256817,resting,null
7,left,3168.597307692308,1790663630102,8.274676322937012,5.4869384765625,0.1603248417377472,-1.6100000143051147,-0.7699999809265137,3.640000104904175,0.22184190597624526,resting,null
7,left,3168.609,1790663630177,8.284247398376465,5.474973678588867,0.1507532149553299,-1.6100000143051147,-0.8400000333786011,1.0499999523162842,0.2231628200707916,resting,null
7,left,3168.618615384615,1790663630177,8.272283554077148,5.381650447845459,0.16511066257953644,-1.6100000143051147,-0.8400000333786011,1.0499999523162842,0.22366528418054363,resting,null
7,left,3168.628230769231,1790663630177,8.272283554077148,5.4845452308654785,0.1507532149553299,-1.6100000143051147,-0.8400000333786011,1.0499999523162842,0.22470623020081787,resting,null
7,left,3168.637846153846,1790663630177,8.32492733001709,5.419936656951904,0.21536172926425934,-1.6100000143051147,-0.8400000333786011,1.0499999523162842,0.22584241855081597,resting,null
7,left,3168.6474615384614,1790663630177,8.317748069763184,5.4773664474487305,0.16511066257953644,-1.6100000143051147,-0.8400000333786011,1.0499999523162842,0.22721266616724947,resting,null
7,left,3168.657076923077,1790663630177,8.248353958129883,5.479759693145752,0.1914326548576355,-1.6100000143051147,-0.8400000333786011,1.0499999523162842,0.2280427306815047,resting,null
7,left,3168.6666923076923,1790663630177,8.255533218383789,5.422329902648926,0.15793193876743317,-1.6100000143051147,-0.8400000333786011,1.0499999523162842,0.22862133663428263,resting,null
7,left,3168.6763076923075,1790663630177,8.286641120910645,5.498902797698975,0.19382555782794952,-1.6100000143051147,-0.8400000333786011,1.0499999523162842,0.22986024911785155,resting,null
7,right,3272.76,1790663630179,7.552018165588379,6.226346969604492,0.260826975107193,-0.21000000834465027,-3.2899999618530273,1.399999976158142,-0.11560709567703337,resting,null
7,right,3272.7696153846155,1790663630179,7.501766681671143,6.171309947967529,0.1914326548576355,-0.21000000834465027,-3.2899999618530273,1.399999976158142,-0.11643279573610585,resting,null
7,right,3272.779230769231,1790663630179,7.4299798011779785,6.214382171630859,0.16271774470806122,-0.21000000834465027,-3.2899999618530273,1.399999976158142,-0.11752458279253207,resting,null
7,right,3272.7888461538464,1790663630179,7.389300346374512,6.243097305297852,0.19861137866973877,-0.21000000834465027,-3.2899999618530273,1.399999976158142,-0.11873554803418329,resting,null
7,right,3272.7984615384617,1790663630179,7.477837562561035,6.288562297821045,0.21536172926425934,-0.21000000834465027,-3.2899999618530273,1.399999976158142,-0.11900997357642541,resting,null
7,right,3272.8080769230774,1790663630179,7.573554039001465,6.240704536437988,0.2321120798587799,-0.21000000834465027,-3.2899999618530273,1.399999976158142,-0.1188692794155249,resting,null
7,right,3272.8176923076926,1790663630179,7.580732822418213,6.202417850494385,0.2010042816400528,-0.21000000834465027,-3.2899999618530273,1.399999976158142,-0.11891273991590945,resting,null
7,right,3272.827307692308,1790663630179,7.432372570037842,6.226346969604492,0.22493335604667664,-0.21000000834465027,-3.2899999618530273,1.399999976158142,-0.11990236207622985,resting,null
7,right,3272.836,1790663630240,7.446730136871338,6.252668857574463,0.181861013174057,-0.2800000011920929,-3.5,0.42000001668930054,-0.1205585542351791,resting,null
7,right,3272.845615384615,1790663630240,7.511338710784912,6.290955543518066,0.12682412564754486,-0.2800000011920929,-3.5,0.42000001668930054,-0.12057812378100591,resting,null
7,right,3272.8552307692307,1790663630240,7.57834005355835,6.188060283660889,0.21536172926425934,-0.2800000011920929,-3.5,0.42000001668930054,-0.1207249186313688,resting,null
7,right,3272.864846153846,1790663630240,7.540053367614746,6.140202045440674,0.1698964685201645,-0.2800000011920929,-3.5,0.42000001668930054,-0.12145271172641398,resting,null
7,right,3272.874461538461,1790663630240,7.468266010284424,6.152166843414307,0.13400284945964813,-0.2800000011920929,-3.5,0.42000001668930054,-0.12264164395072562,resting,null
7,right,3272.884076923077,1790663630240,7.492195129394531,6.211989402770996,0.11725249886512756,-0.2800000011920929,-3.5,0.42000001668930054,-0.12328843192068413,resting,null
7,right,3272.893692307692,1790663630240,7.516124248504639,6.2502760887146,0.15553902089595795,-0.2800000011920929,-3.5,0.42000001668930054,-0.12351837231555185,resting,null
7,right,3272.9033076923074,1790663630240,7.516124248504639,6.207203388214111,0.14596739411354065,-0.2800000011920929,-3.5,0.42000001668930054,-0.12401333375043319,resting,null
7,left,3168.688,1790663630252,8.274676322937012,5.465402126312256,0.19861137866973877,-1.6100000143051147,-0.7699999809265137,-0.7699999809265137,0.2310351033906468,resting,null
7,left,3168.6976153846153,1790663630252,8.262711524963379,5.482152462005615,0.16750356554985046,-1.6100000143051147,-0.7699999809265137,-0.7699999809265137,0.231988035523284,resting,null
7,left,3168.707230769231,1790663630252,8.176567077636719,5.513260364532471,0.18425391614437103,-1.6100000143051147,-0.7699999809265137,-0.7699999809265137,0.23241975006745944,resting,null
7,left,3168.7168461538463,1790663630252,8.241175651550293,5.4869384765625,0.18903973698616028,-1.6100000143051147,-0.7699999809265137,-0.7699999809265137,0.23322900631544172,resting,null
7,left,3168.7264615384615,1790663630252,8.257925987243652,5.527617931365967,0.20339718461036682,-1.6100000143051147,-0.7699999809265137,-0.7699999809265137,0.23439157002287309,resting,null
7,left,3168.7360769230772,1790663630252,8.236390113830566,5.479759693145752,0.23929080367088318,-1.6100000143051147,-0.7699999809265137,-0.7699999809265137,0.23513341023079212,resting,null
7,left,3168.7456923076925,1790663630252,8.207674980163574,5.498902797698975,0.20818300545215607,-1.6100000143051147,-0.7699999809265137,-0.7699999809265137,0.23574128242418366,resting,null
7,left,3168.7553076923077,1790663630252,8.190924644470215,5.541975021362305,0.20339718461036682,-1.6100000143051147,-0.7699999809265137,-0.7699999809265137,0.23644534526624894,resting,null
7,right,3272.912,1790663630314,7.535267353057861,6.168917179107666,0.12203831225633621,-0.3499999940395355,-3.5,1.1200000047683716,-0.12454658641869965,resting,null
7,right,3272.921615384615,1790663630314,7.52569580078125,6.149773597717285,0.1316099464893341,-0.3499999940395355,-3.5,1.1200000047683716,-0.12532238236526033,resting,null
7,right,3272.9312307692308,1790663630314,7.5568037033081055,6.195239067077637,0.10768086463212967,-0.3499999940395355,-3.5,1.1200000047683716,-0.1255922673949134,resting,null
7,right,3272.940846153846,1790663630314,7.506552696228027,6.23352575302124,0.1507532149553299,-0.3499999940395355,-3.5,1.1200000047683716,-0.12599686469295993,resting,null
7,right,3272.9504615384612,1790663630314,7.485016345977783,6.211989402770996,0.0909305065870285,-0.3499999940395355,-3.5,1.1200000047683716,-0.12669844228935012,resting,null
7,right,3272.960076923077,1790663630314,7.559196472167969,6.106701374053955,0.08375178277492523,-0.3499999940395355,-3.5,1.1200000047683716,-0.12749198672089607,resting,null
7,right,3272.969692307692,1790663630314,7.57834005355835,6.185667514801025,0.10768086463212967,-0.3499999940395355,-3.5,1.1200000047683716,-0.12765896028249288,resting,null
7,right,3272.9793076923074,1790663630314,7.544839382171631,6.1665239334106445,0.07178724557161331,-0.3499999940395355,-3.5,1.1200000047683716,-0.1281947017364307,resting,null
7,left,3168.767,1790663630342,8.267497062683105,5.498902797698975,0.23450499773025513,-1.6100000143051147,-0.7699999809265137,-1.4700000286102295,0.2377705902154226,resting,null
7,left,3168.776615384615,1790663630342,8.226818084716797,5.498902797698975,0.23929080367088318,-1.6100000143051147,-0.7699999809265137,-1.4700000286102295,0.23853669452647985,resting,null
7,left,3168.7862307692308,1790663630342,8.265104293823242,5.4869384765625,0.23689790070056915,-1.6100000143051147,-0.7699999809265137,-1.4700000286102295,0.23954405999391323,resting,null
7,left,3168.795846153846,1790663630342,8.269890785217285,5.515653133392334,0.30629223585128784,-1.6100000143051147,-0.7699999809265137,-1.4700000286102295,0.2407589108188062,resting,null
7,left,3168.8054615384613,1790663630342,8.162209510803223,5.594619274139404,0.2823631465435028,-1.6100000143051147,-0.7699999809265137,-1.4700000286102295,0.24153090824818946,resting,null
7,left,3168.815076923077,1790663630342,8.262711524963379,5.4845452308654785,0.3302213251590729,-1.6100000143051147,-0.7699999809265137,-1.4700000286102295,0.24252796565220539,resting,null
7,left,3168.824692307692,1790663630342,8.243568420410156,5.534796237945557,0.284756064414978,-1.6100000143051147,-0.7699999809265137,-1.4700000286102295,0.24362907353126276,resting,null
7,left,3168.8343076923074,1790663630342,8.207674980163574,5.592226028442383,0.339792937040329,-1.6100000143051147,-0.7699999809265137,-1.4700000286102295,0.24476712800773603,resting,null
7,right,3272.988,1790663630389,7.427586555480957,6.231132507324219,0.03828652948141098,-0.49000000953674316,-3.5,0.6299999952316284,-0.12911301383767163,resting,null
7,right,3272.997615384615,1790663630389,7.477837562561035,6.2359185218811035,0.03350071236491203,-0.49000000953674316,-3.5,0.6299999952316284,-0.1297245960310203,resting,null
7,right,3273.007230769231,1790663630389,7.544839382171631,6.183274745941162,0.06700142472982407,-0.49000000953674316,-3.5,0.6299999952316284,-0.13015768570966516,resting,null
7,right,3273.016846153846,1790663630389,7.549624919891357,6.164131164550781,0.01914326474070549,-0.49000000953674316,-3.5,0.6299999952316284,-0.13067390478205596,resting,null
7,right,3273.0264615384613,1790663630389,7.506552696228027,6.2000250816345215,0.009571632370352745,-0.49000000953674316,-3.5,0.6299999952316284,-0.13129138247704622,resting,null
7,right,3273.036076923077,1790663630389,7.52569580078125,6.190453052520752,0.0502510704100132,-0.49000000953674316,-3.5,0.6299999952316284,-0.13182316197164254,resting,null
7,right,3273.045692307692,1790663630389,7.477837562561035,6.190453052520752,0.014357448555529118,-0.49000000953674316,-3.5,0.6299999952316284,-0.13271088716631865,resting,null
7,right,3273.0553076923075,1790663630389,7.492195129394531,6.262240409851074,0.03110780566930771,-0.49000000953674316,-3.5,0.6299999952316284,-0.1330515422615622,resting,null
7,left,3168.846,1790663630417,8.21963882446289,5.510867118835449,0.31825676560401917,-1.75,-0.9100000262260437,-2.0299999713897705,0.24572848449400464,resting,null
7,left,3168.8556153846152,1790663630417,8.162209510803223,5.620941162109375,0.3302213251590729,-1.75,-0.9100000262260437,-2.0299999713897705,0.2466566748727394,resting,null
7,left,3168.865230769231,1790663630417,8.200495719909668,5.501295566558838,0.3350071310997009,-1.75,-0.9100000262260437,-2.0299999713897705,0.2472476287730057,resting,null
7,left,3168.874846153846,1790663630417,8.22203254699707,5.508474349975586,0.3350071310997009,-1.75,-0.9100000262260437,-2.0299999713897705,0.2480487472660206,resting,null
7,left,3168.8844615384614,1790663630417,8.174174308776855,5.611369609832764,0.3421858549118042,-1.75,-0.9100000262260437,-2.0299999713897705,0.24902371267615,resting,null
7,left,3168.894076923077,1790663630417,8.243568420410156,5.527617931365967,0.3302213251590729,-1.75,-0.9100000262260437,-2.0299999713897705,0.25009662997753523,resting,null
7,left,3168.9036923076924,1790663630417,8.243568420410156,5.623333930969238,0.34936457872390747,-1.75,-0.9100000262260437,-2.0299999713897705,0.2516898073015909,resting,null
7,left,3168.9133076923076,1790663630417,8.174174308776855,5.551546573638916,0.34936457872390747,-1.75,-0.9100000262260437,-2.0299999713897705,0.25234400370490356,resting,null
7,left,3168.925,1790663630492,8.265104293823242,5.527617931365967,0.3924369215965271,-1.6100000143051147,-0.9800000190734863,-0.5600000023841858,0.2538799175039258,resting,null
7,left,3168.9346153846154,1790663630492,8.195710182189941,5.577868938446045,0.3732936680316925,-1.6100000143051147,-0.9800000190734863,-0.5600000023841858,0.2548545592849679,resting,null
7,left,3168.944230769231,1790663630492,8.274676322937012,5.625726699829102,0.40679436922073364,-1.6100000143051147,-0.9800000190734863,-0.5600000023841858,0.2567266782740302,resting,null
7,left,3168.9538461538464,1790663630492,8.183745384216309,5.587440490722656,0.36611494421958923,-1.6100000143051147,-0.9800000190734863,-0.5600000023841858,0.2576542566510516,resting,null
7,left,3168.9634615384616,1790663630492,8.107172966003418,5.620941162109375,0.35893622040748596,-1.6100000143051147,-0.9800000190734863,-0.5600000023841858,0.25815367514807536,resting,null
7,left,3168.9730769230773,1790663630492,8.174174308776855,5.585047721862793,0.3302213251590729,-1.6100000143051147,-0.9800000190734863,-0.5600000023841858,0.258979289511341,resting,null
7,left,3168.9826923076926,1790663630492,8.272283554077148,5.597012042999268,0.29672059416770935,-1.6100000143051147,-0.9800000190734863,-0.5600000023841858,0.26063656623716,resting,null
7,left,3168.992307692308,1790663630492,8.22921085357666,5.601798057556152,0.31825676560401917,-1.6100000143051147,-0.9800000190734863,-0.5600000023841858,0.2619848290333621,resting,null
7,right,3273.064,1790663630509,7.559196472167969,6.243097305297852,0.055036887526512146,-0.6299999952316284,-3.1500000953674316,0.6299999952316284,-0.1330159345105929,resting,null
7,right,3273.073615384615,1790663630509,7.506552696228027,6.207203388214111,0.016750356182456017,-0.6299999952316284,-3.1500000953674316,0.6299999952316284,-0.13358743401089884,resting,null
7,right,3273.083230769231,1790663630509,7.504159927368164,6.149773597717285,0.016750356182456017,-0.6299999952316284,-3.1500000953674316,0.6299999952316284,-0.13452743328396397,resting,null
7,right,3273.092846153846,1790663630509,7.473052024841309,6.211989402770996,0.007178724277764559,-0.6299999952316284,-3.1500000953674316,0.6299999952316284,-0.1353172425681505,resting,null
7,right,3273.1024615384613,1790663630509,7.48262357711792,6.283776760101318,0.03110780566930771,-0.6299999952316284,-3.1500000953674316,0.6299999952316284,-0.13559497536478693,resting,null
7,right,3273.112076923077,1790663630509,7.504159927368164,6.281383514404297,0.023929081857204437,-0.6299999952316284,-3.1500000953674316,0.6299999952316284,-0.13572733439850898,resting,null
7,right,3273.1216923076922,1790663630509,7.499373912811279,6.216775417327881,0.023929081857204437,-0.6299999952316284,-3.1500000953674316,0.6299999952316284,-0.13629188135574463,resting,null
7,right,3273.1313076923075,1790663630509,7.499373912811279,6.1234517097473145,0.03110780566930771,-0.6299999952316284,-3.1500000953674316,0.6299999952316284,-0.13742738907332505,resting,null
7,right,3273.139,1790663630540,7.544839382171631,6.159345626831055,0.04546525329351425,-0.3499999940395355,-3.430000066757202,0.7699999809265137,-0.13788935526630736,resting,null
7,right,3273.1486153846154,1790663630540,7.523303031921387,6.247882843017578,0.03110780566930771,-0.3499999940395355,-3.430000066757202,0.7699999809265137,-0.13808505391755194,resting,null
7,right,3273.158230769231,1790663630540,7.544839382171631,6.302919864654541,0.059822700917720795,-0.3499999940395355,-3.430000066757202,0.7699999809265137,-0.13778280352457264,resting,null
7,right,3273.1678461538463,1790663630540,7.4586944580078125,6.221560955047607,0.028714897111058235,-0.3499999940395355,-3.430000066757202,0.7699999809265137,-0.13861753185947326,resting,null
7,right,3273.1774615384616,1790663630540,7.48262357711792,6.247882843017578,0.08614469319581985,-0.3499999940395355,-3.430000066757202,0.7699999809265137,-0.1391113597467495,resting,null
7,right,3273.1870769230773,1790663630540,7.494588375091553,6.15455961227417,0.0502510704100132,-0.3499999940395355,-3.430000066757202,0.7699999809265137,-0.14009040810577764,resting,null
7,right,3273.1966923076925,1790663630540,7.5568037033081055,6.176095962524414,0.08614469319581985,-0.3499999940395355,-3.430000066757202,0.7699999809265137,-0.14047423360854744,resting,null
7,right,3273.2063076923077,1790663630540,7.549624919891357,6.231132507324219,0.09571632742881775,-0.3499999940395355,-3.430000066757202,0.7699999809265137,-0.1405732430141746,resting,null
7,left,3169.005,1790663630566,8.2124605178833,5.625726699829102,0.2919347882270813,-1.6100000143051147,-0.9100000262260437,1.2599999904632568,0.2637485282310712,resting,null
7,left,3169.0146153846154,1790663630566,8.147851943969727,5.5898332595825195,0.32543548941612244,-1.6100000143051147,-0.9100000262260437,1.2599999904632568,0.2643875583205314,resting,null
7,left,3169.024230769231,1790663630566,8.164602279663086,5.613762378692627,0.3110780417919159,-1.6100000143051147,-0.9100000262260437,1.2599999904632568,0.2652846191883325,resting,null
7,left,3169.0338461538463,1790663630566,8.157423973083496,5.599404811859131,0.29911351203918457,-1.6100000143051147,-0.9100000262260437,1.2599999904632568,0.2660427992552847,resting,null
7,left,3169.0434615384615,1790663630566,8.210067749023438,5.6951212882995605,0.28714898228645325,-1.6100000143051147,-0.9100000262260437,1.2599999904632568,0.2677350284043885,resting,null
7,left,3169.0530769230772,1790663630566,8.183745384216309,5.608976364135742,0.2943277060985565,-1.6100000143051147,-0.9100000262260437,1.2599999904632568,0.2687511852314396,resting,null
7,left,3169.0626923076925,1790663630566,8.186138153076172,5.5611186027526855,0.2823631465435028,-1.6100000143051147,-0.9100000262260437,1.2599999904632568,0.26952314500724506,resting,null
7,left,3169.0723076923077,1790663630566,8.188531875610352,5.575475692749023,0.27997025847435,-1.6100000143051147,-0.9100000262260437,1.2599999904632568,0.2703908709254147,resting,null
7,right,3273.216,1790663630615,7.547232151031494,6.2287397384643555,0.06221561133861542,-0.3499999940395355,-3.3600001335144043,-0.3499999940395355,-0.14070717846812672,resting,null
7,right,3273.225615384615,1790663630615,7.492195129394531,6.221560955047607,0.1005021408200264,-0.3499999940395355,-3.3600001335144043,-0.3499999940395355,-0.1412891230485435,resting,null
7,right,3273.235230769231,1790663630615,7.489802360534668,6.173702716827393,0.08135887235403061,-0.3499999940395355,-3.3600001335144043,-0.3499999940395355,-0.14218267712251698,resting,null
7,right,3273.244846153846,1790663630615,7.540053367614746,6.178488731384277,0.11007377505302429,-0.3499999940395355,-3.3600001335144043,-0.3499999940395355,-0.1426714484476511,resting,null
7,right,3273.2544615384613,1790663630615,7.5639824867248535,6.2000250816345215,0.12203831225633621,-0.3499999940395355,-3.3600001335144043,-0.3499999940395355,-0.1428495139230547,resting,null
7,right,3273.264076923077,1790663630615,7.552018165588379,6.2287397384643555,0.14596739411354065,-0.3499999940395355,-3.3600001335144043,-0.3499999940395355,-0.1429383955903846,resting,null
7,right,3273.2736923076923,1790663630615,7.518517017364502,6.245490074157715,0.14357449114322662,-0.3499999940395355,-3.3600001335144043,-0.3499999940395355,-0.14317303686226043,resting,null
7,right,3273.2833076923075,1790663630615,7.449122905731201,6.2646331787109375,0.11007377505302429,-0.3499999940395355,-3.3600001335144043,-0.3499999940395355,-0.14380684718276945,resting,null
7,left,3169.085,1790663630657,8.210067749023438,5.597012042999268,0.260826975107193,-1.4700000286102295,-0.699999988079071,2.5899999141693115,0.27190831098394674,resting,null
7,left,3169.0946153846153,1790663630657,8.22203254699707,5.580261707305908,0.23929080367088318,-1.4700000286102295,-0.699999988079071,2.5899999141693115,0.2730566281784973,resting,null
7,left,3169.104230769231,1790663630657,8.269890785217285,5.489331245422363,0.2416837215423584,-1.4700000286102295,-0.699999988079071,2.5899999141693115,0.2740967085505021,resting,null
7,left,3169.113846153846,1790663630657,8.186138153076172,5.5826544761657715,0.2416837215423584,-1.4700000286102295,-0.699999988079071,2.5899999141693115,0.27497197293115655,resting,null
7,left,3169.1234615384615,1790663630657,8.164602279663086,5.592226028442383,0.19621846079826355,-1.4700000286102295,-0.699999988079071,2.5899999141693115,0.27571700919472686,resting,null
7,left,3169.133076923077,1790663630657,8.226818084716797,5.525224685668945,0.21775463223457336,-1.4700000286102295,-0.699999988079071,2.5899999141693115,0.27660059657059965,resting,null
7,left,3169.1426923076924,1790663630657,8.233996391296387,5.520439147949219,0.20579010248184204,-1.4700000286102295,-0.699999988079071,2.5899999141693115,0.27751312542043827,resting,null
7,left,3169.1523076923077,1790663630657,8.236390113830566,5.570690155029297,0.22971917688846588,-1.4700000286102295,-0.699999988079071,2.5899999141693115,0.2787192115607583,resting,null
7,right,3273.292,1790663630689,7.487409591674805,6.1976318359375,0.15314611792564392,-0.2800000011920929,-3.5,0.14000000059604645,-0.1444904480611928,resting,null
7,right,3273.301615384615,1790663630689,7.544839382171631,6.192846298217773,0.12443122267723083,-0.2800000011920929,-3.5,0.14000000059604645,-0.14485307444176437,resting,null
7,right,3273.311230769231,1790663630689,7.487409591674805,6.231132507324219,0.14836029708385468,-0.2800000011920929,-3.5,0.14000000059604645,-0.14540380953415183,resting,null
7,right,3273.320846153846,1790663630689,7.508945465087891,6.252668857574463,0.1722893863916397,-0.2800000011920929,-3.5,0.14000000059604645,-0.14565950683534054,resting,null
7,right,3273.3304615384613,1790663630689,7.48262357711792,6.240704536437988,0.13878867030143738,-0.2800000011920929,-3.5,0.14000000059604645,-0.14618697854665197,resting,null
7,right,3273.340076923077,1790663630689,7.4586944580078125,6.214382171630859,0.11964540183544159,-0.2800000011920929,-3.5,0.14000000059604645,-0.14705506810512622,resting,null
7,right,3273.3496923076923,1790663630689,7.4299798011779785,6.202417850494385,0.1603248417377472,-0.2800000011920929,-3.5,0.14000000059604645,-0.14820333978982103,resting,null
7,right,3273.3593076923075,1790663630689,7.535267353057861,6.195239067077637,0.14596739411354065,-0.2800000011920929,-3.5,0.14000000059604645,-0.14861882495487758,resting,null
7,left,3169.164,1790663630732,8.22921085357666,5.5539398193359375,0.2321120798587799,-1.5399999618530273,-0.6299999952316284,2.1700000762939453,0.28000653274960446,resting,null
7,left,3169.1736153846155,1790663630732,8.157423973083496,5.544368267059326,0.2105759084224701,-1.5399999618530273,-0.6299999952316284,2.1700000762939453,0.2804368863895798,resting,null
7,left,3169.183230769231,1790663630732,8.202888488769531,5.5611186027526855,0.2010042816400528,-1.5399999618530273,-0.6299999952316284,2.1700000762939453,0.2813172541816839,resting,null
7,left,3169.1928461538464,1790663630732,8.2124605178833,5.525224685668945,0.2703986167907715,-1.5399999618530273,-0.6299999952316284,2.1700000762939453,0.28209583996215004,resting,null
7,left,3169.2024615384616,1790663630732,8.217246055603027,5.5539398193359375,0.2129688262939453,-1.5399999618530273,-0.6299999952316284,2.1700000762939453,0.28305359940435154,resting,null
7,left,3169.2120769230773,1790663630732,8.183745384216309,5.539582252502441,0.2105759084224701,-1.5399999618530273,-0.6299999952316284,2.1700000762939453,0.2836665412839387,resting,null
7,left,3169.2216923076926,1790663630732,8.243568420410156,5.551546573638916,0.22493335604667664,-1.5399999618530273,-0.6299999952316284,2.1700000762939453,0.28482294832410876,resting,null
7,left,3169.231307692308,1790663630732,8.310569763183594,5.4869384765625,0.23689790070056915,-1.5399999618530273,-0.6299999952316284,2.1700000762939453,0.28617032511971124,resting,null
7,right,3273.368,1790663630764,7.530481815338135,6.147380828857422,0.12443122267723083,-0.21000000834465027,-3.3600001335144043,0.6299999952316284,-0.14929315117552525,resting,null
7,right,3273.377615384615,1790663630764,7.518517017364502,6.164131164550781,0.1411815732717514,-0.21000000834465027,-3.3600001335144043,0.6299999952316284,-0.15002199935130922,resting,null
7,right,3273.387230769231,1790663630764,7.508945465087891,6.231132507324219,0.14836029708385468,-0.21000000834465027,-3.3600001335144043,0.6299999952316284,-0.15041052463671178,resting,null
7,right,3273.396846153846,1790663630764,7.494588375091553,6.257454872131348,0.10768086463212967,-0.21000000834465027,-3.3600001335144043,0.6299999952316284,-0.15074849702044923,resting,null
7,right,3273.4064615384614,1790663630764,7.485016345977783,6.2981343269348145,0.14357449114322662,-0.21000000834465027,-3.3600001335144043,0.6299999952316284,-0.1509023632762173,resting,null
7,right,3273.416076923077,1790663630764,7.485016345977783,6.27659797668457,0.12443122267723083,-0.21000000834465027,-3.3600001335144043,0.6299999952316284,-0.1511902951149768,resting,null
7,right,3273.4256923076923,1790663630764,7.508945465087891,6.185667514801025,0.13400284945964813,-0.21000000834465027,-3.3600001335144043,0.6299999952316284,-0.15185948458229065,resting,null
7,right,3273.4353076923076,1790663630764,7.496981143951416,6.202417850494385,0.16271774470806122,-0.21000000834465027,-3.3600001335144043,0.6299999952316284,-0.15250996618399484,resting,null
7,left,3169.243,1790663630806,8.32492733001709,5.53001070022583,0.24407662451267242,-1.4700000286102295,-0.49000000953674316,2.0299999713897705,0.28823012598889997,resting,null
7,left,3169.252615384615,1790663630806,8.214853286743164,5.470187664031982,0.2512553632259369,-1.4700000286102295,-0.49000000953674316,2.0299999713897705,0.288726218396749,resting,null
7,left,3169.262230769231,1790663630806,8.2124605178833,5.474973678588867,0.18664683401584625,-1.4700000286102295,-0.49000000953674316,2.0299999713897705,0.28921351661751193,resting,null
7,left,3169.271846153846,1790663630806,8.248353958129883,5.498902797698975,0.22732627391815186,-1.4700000286102295,-0.49000000953674316,2.0299999713897705,0.2901244208008525,resting,null
7,left,3169.2814615384614,1790663630806,8.214853286743164,5.4845452308654785,0.22732627391815186,-1.4700000286102295,-0.49000000953674316,2.0299999713897705,0.2906905401931844,resting,null
7,left,3169.291076923077,1790663630806,8.195710182189941,5.49411678314209,0.19861137866973877,-1.4700000286102295,-0.49000000953674316,2.0299999713897705,0.2911484678935603,resting,null
7,left,3169.3006923076923,1790663630806,8.260318756103516,5.491724014282227,0.22014755010604858,-1.4700000286102295,-0.49000000953674316,2.0299999713897705,0.292114346807744,resting,null
7,left,3169.3103076923076,1790663630806,8.322534561157227,5.453437328338623,0.23689790070056915,-1.4700000286102295,-0.49000000953674316,2.0299999713897705,0.2933785118854361,resting,null
7,right,3273.443,1790663630854,7.453908920288086,6.247882843017578,0.14836029708385468,-0.14000000059604645,-3.3600001335144043,0.2800000011920929,-0.15306266896503404,resting,null
7,right,3273.4526153846155,1790663630854,7.410836219787598,6.240704536437988,0.14357449114322662,-0.14000000059604645,-3.3600001335144043,0.2800000011920929,-0.15411529469800903,resting,null
7,right,3273.462230769231,1790663630854,7.408443450927734,6.240704536437988,0.19382555782794952,-0.14000000059604645,-3.3600001335144043,0.2800000011920929,-0.1551778760689754,resting,null
7,right,3273.4718461538464,1790663630854,7.4515156745910645,6.23352575302124,0.1507532149553299,-0.14000000059604645,-3.3600001335144043,0.2800000011920929,-0.15597253383457452,resting,null
7,right,3273.4814615384616,1790663630854,7.5280890464782715,6.278990745544434,0.11725249886512756,-0.14000000059604645,-3.3600001335144043,0.2800000011920929,-0.15592650361340998,resting,null
7,right,3273.4910769230773,1790663630854,7.52569580078125,6.247882843017578,0.16511066257953644,-0.14000000059604645,-3.3600001335144043,0.2800000011920929,-0.15608316534099495,resting,null
7,right,3273.5006923076926,1790663630854,7.501766681671143,6.278990745544434,0.15553902089595795,-0.14000000059604645,-3.3600001335144043,0.2800000011920929,-0.15622603548467032,resting,null
7,right,3273.510307692308,1790663630854,7.470659255981445,6.27659797668457,0.11725249886512756,-0.14000000059604645,-3.3600001335144043,0.2800000011920929,-0.15661791468529782,resting,null
7,left,3169.322,1790663630896,8.358428001403809,5.446259021759033,0.23689790070056915,-1.5399999618530273,-0.6299999952316284,1.2599999904632568,0.29522001255708424,resting,null
7,left,3169.3316153846154,1790663630896,8.300997734069824,5.458223342895508,0.22971917688846588,-1.5399999618530273,-0.6299999952316284,1.2599999904632568,0.2963344496811018,resting,null
7,left,3169.341230769231,1790663630896,8.30817699432373,5.479759693145752,0.26800569891929626,-1.5399999618530273,-0.6299999952316284,1.2599999904632568,0.2976285569939458,resting,null
7,left,3169.3508461538463,1790663630896,8.248353958129883,5.479759693145752,0.2703986167907715,-1.5399999618530273,-0.6299999952316284,1.2599999904632568,0.29844293560389434,resting,null
7,left,3169.3604615384615,1790663630896,8.265104293823242,5.501295566558838,0.26561281085014343,-1.5399999618530273,-0.6299999952316284,1.2599999904632568,0.29950464262109555,resting,null
7,left,3169.3700769230772,1790663630896,8.277069091796875,5.415151119232178,0.284756064414978,-1.5399999618530273,-0.6299999952316284,1.2599999904632568,0.3002110675570413,resting,null
7,left,3169.3796923076925,1790663630896,8.24596118927002,5.431901454925537,0.2632198929786682,-1.5399999618530273,-0.6299999952316284,1.2599999904632568,0.30075041150312115,resting,null
7,left,3169.3893076923077,1790663630896,8.22921085357666,5.460616111755371,0.2823631465435028,-1.5399999618530273,-0.6299999952316284,1.2599999904632568,0.3013122969651905,resting,null
7,right,3273.519,1790663630914,7.470659255981445,6.267026424407959,0.15553902089595795,-0.21000000834465027,-3.2899999618530273,0.5600000023841858,-0.15702081702544785,resting,null
7,right,3273.528615384615,1790663630914,7.520910263061523,6.190453052520752,0.14596739411354065,-0.21000000834465027,-3.2899999618530273,0.5600000023841858,-0.15756859279666052,resting,null
7,right,3273.5382307692307,1790663630914,7.547232151031494,6.152166843414307,0.10289505124092102,-0.21000000834465027,-3.2899999618530273,0.5600000023841858,-0.15816126157296348,resting,null
7,right,3273.547846153846,1790663630914,7.489802360534668,6.168917179107666,0.11246667802333832,-0.21000000834465027,-3.2899999618530273,0.5600000023841858,-0.15907325801719965,resting,null
7,right,3273.557461538461,1790663630914,7.504159927368164,6.204810619354248,0.11246667802333832,-0.21000000834465027,-3.2899999618530273,0.5600000023841858,-0.1596585653090746,resting,null
7,right,3273.567076923077,1790663630914,7.5280890464782715,6.2287397384643555,0.09571632742881775,-0.21000000834465027,-3.2899999618530273,0.5600000023841858,-0.15992148876615034,resting,null
7,right,3273.576692307692,1790663630914,7.508945465087891,6.252668857574463,0.02632198855280876,-0.21000000834465027,-3.2899999618530273,0.5600000023841858,-0.1601845603225922,resting,null
7,right,3273.5863076923074,1790663630914,7.501766681671143,6.188060283660889,0.06221561133861542,-0.21000000834465027,-3.2899999618530273,0.5600000023841858,-0.16089385798919903,resting,null
7,left,3169.402,1790663630972,8.291426658630371,5.506081581115723,0.28714898228645325,-1.4700000286102295,-0.6299999952316284,-1.0499999523162842,0.303031582535688,resting,null
7,left,3169.4116153846153,1790663630972,8.274676322937012,5.45104455947876,0.30868515372276306,-1.4700000286102295,-0.6299999952316284,-1.0499999523162842,0.30391341269046646,resting,null
7,left,3169.421230769231,1790663630972,8.267497062683105,5.431901454925537,0.3421858549118042,-1.4700000286102295,-0.6299999952316284,-1.0499999523162842,0.30464604465780015,resting,null
7,left,3169.4308461538462,1790663630972,8.269890785217285,5.474973678588867,0.36611494421958923,-1.4700000286102295,-0.6299999952316284,-1.0499999523162842,0.3056335127705824,resting,null
7,left,3169.4404615384615,1790663630972,8.260318756103516,5.465402126312256,0.32543548941612244,-1.4700000286102295,-0.6299999952316284,-1.0499999523162842,0.30648047591018196,resting,null
7,left,3169.450076923077,1790663630972,8.277069091796875,5.508474349975586,0.3206496834754944,-1.4700000286102295,-0.6299999952316284,-1.0499999523162842,0.3076883513278201,resting,null
7,left,3169.4596923076924,1790663630972,8.284247398376465,5.515653133392334,0.3517574965953827,-1.4700000286102295,-0.6299999952316284,-1.0499999523162842,0.3090013299841311,resting,null
7,left,3169.4693076923077,1790663630972,8.31535530090332,5.513260364532471,0.3613291084766388,-1.4700000286102295,-0.6299999952316284,-1.0499999523162842,0.3105531108209783,resting,null
7,right,3273.595,1790663630989,7.492195129394531,6.2502760887146,0.09571632742881775,-0.21000000834465027,-3.5,2.309999942779541,-0.16125243233425202,resting,null
7,right,3273.604615384615,1790663630989,7.520910263061523,6.164131164550781,0.011964540928602219,-0.21000000834465027,-3.5,2.309999942779541,-0.1619681897601015,resting,null
7,right,3273.6142307692307,1790663630989,7.516124248504639,6.204810619354248,0.03110780566930771,-0.21000000834465027,-3.5,2.309999942779541,-0.16246917834701605,resting,null
7,right,3273.623846153846,1790663630989,7.628591060638428,6.2359185218811035,0.023929081857204437,-0.21000000834465027,-3.5,2.309999942779541,-0.16194532771368314,resting,null
7,right,3273.6334615384612,1790663630989,7.602269172668457,6.216775417327881,0.014357448555529118,-0.21000000834465027,-3.5,2.309999942779541,-0.161733999633358,resting,null
7,right,3273.643076923077,1790663630989,7.585518836975098,6.121058940887451,-0.007178724277764559,-0.21000000834465027,-3.5,2.309999942779541,-0.16222876933263308,resting,null
7,right,3273.652692307692,1790663630989,7.489802360534668,6.089951038360596,0.016750356182456017,-0.21000000834465027,-3.5,2.309999942779541,-0.1636252602492711,resting,null
7,right,3273.6623076923074,1790663630989,7.5926971435546875,6.128237724304199,0.06939433515071869,-0.21000000834465027,-3.5,2.309999942779541,-0.16402026666297329,resting,null
7,left,3169.481,1790663631047,8.233996391296387,5.506081581115723,0.339792937040329,-1.6800000667572021,-0.8400000333786011,-0.6299999952316284,0.31159280001014356,resting,null
7,left,3169.4906153846155,1790663631047,8.145459175109863,5.5539398193359375,0.3709007501602173,-1.6800000667572021,-0.8400000333786011,-0.6299999952316284,0.3120073523397589,resting,null
7,left,3169.500230769231,1790663631047,8.195710182189941,5.53001070022583,0.3613291084766388,-1.6800000667572021,-0.8400000333786011,-0.6299999952316284,0.3126919203840878,resting,null
7,left,3169.5098461538464,1790663631047,8.236390113830566,5.510867118835449,0.3804723918437958,-1.6800000667572021,-0.8400000333786011,-0.6299999952316284,0.31360473424213725,resting,null
7,left,3169.5194615384617,1790663631047,8.22921085357666,5.5611186027526855,0.3732936680316925,-1.6800000667572021,-0.8400000333786011,-0.6299999952316284,0.31472667814826305,resting,null
7,left,3169.5290769230774,1790663631047,8.169387817382812,5.508474349975586,0.2703986167907715,-1.6800000667572021,-0.8400000333786011,-0.6299999952316284,0.31505324059675494,resting,null
7,left,3169.5386923076926,1790663631047,8.135887145996094,5.491724014282227,0.31586387753486633,-1.6800000667572021,-0.8400000333786011,-0.6299999952316284,0.3150391134153791,resting,null
7,left,3169.548307692308,1790663631047,8.205282211303711,5.520439147949219,0.3541503846645355,-1.6800000667572021,-0.8400000333786011,-0.6299999952316284,0.3157447157288382,resting,null
7,right,3273.671,1790663631066,7.60466194152832,6.135416507720947,-0.014357448555529118,-0.21000000834465027,-3.430000066757202,1.0499999523162842,-0.1642581165072777,resting,null
7,right,3273.680615384615,1790663631066,7.597483158111572,6.092343807220459,0.009571632370352745,-0.21000000834465027,-3.430000066757202,1.0499999523162842,-0.16483437045384142,resting,null
7,right,3273.6902307692308,1790663631066,7.530481815338135,6.0253424644470215,0.04546525329351425,-0.21000000834465027,-3.430000066757202,1.0499999523162842,-0.16631510759377985,resting,null
7,right,3273.699846153846,1790663631066,7.516124248504639,6.099522590637207,0.03110780566930771,-0.21000000834465027,-3.430000066757202,1.0499999523162842,-0.16745553638733113,resting,null
7,right,3273.7094615384613,1790663631066,7.5998759269714355,6.180881500244141,0.04307234659790993,-0.21000000834465027,-3.430000066757202,1.0499999523162842,-0.16747731709995578,resting,null
7,right,3273.719076923077,1790663631066,7.590304374694824,6.226346969604492,0.08375178277492523,-0.21000000834465027,-3.430000066757202,1.0499999523162842,-0.16729418888158154,resting,null
7,right,3273.728692307692,1790663631066,7.607054710388184,6.171309947967529,0.08853759616613388,-0.21000000834465027,-3.430000066757202,1.0499999523162842,-0.1673183137520116,resting,null
7,right,3273.7383076923074,1790663631066,7.504159927368164,6.164131164550781,0.08135887235403061,-0.21000000834465027,-3.430000066757202,1.0499999523162842,-0.16815363231879488,resting,null
7,left,3169.56,1790663631122,8.291426658630371,5.597012042999268,0.32543548941612244,-1.6800000667572021,-0.7699999809265137,0.9100000262260437,0.31792456438997224,resting,null
7,left,3169.569615384615,1790663631122,8.272283554077148,5.544368267059326,0.31586387753486633,-1.6800000667572021,-0.7699999809265137,0.9100000262260437,0.31927860865376173,resting,null
7,left,3169.579230769231,1790663631122,8.14306640625,5.503688812255859,0.32543548941612244,-1.6800000667572021,-0.7699999809265137,0.9100000262260437,0.31938720926761327,resting,null
7,left,3169.588846153846,1790663631122,8.171781539916992,5.4869384765625,0.3326142132282257,-1.6800000667572021,-0.7699999809265137,0.9100000262260437,0.3196369715846746,resting,null
7,left,3169.5984615384614,1790663631122,8.272283554077148,5.53001070022583,0.2943277060985565,-1.6800000667572021,-0.7699999809265137,0.9100000262260437,0.3209068051317235,resting,null
7,left,3169.608076923077,1790663631122,8.339284896850586,5.587440490722656,0.26800569891929626,-1.6800000667572021,-0.7699999809265137,0.9100000262260437,0.32301022759724185,resting,null
7,left,3169.6176923076923,1790663631122,8.279461860656738,5.544368267059326,0.2727915346622467,-1.6800000667572021,-0.7699999809265137,0.9100000262260437,0.3244067591482692,resting,null
7,left,3169.6273076923076,1790663631122,8.092815399169922,5.522831916809082,0.27518442273139954,-1.6800000667572021,-0.7699999809265137,0.9100000262260437,0.3241997049560531,resting,null
7,right,3273.747,1790663631138,7.456301689147949,6.135416507720947,0.059822700917720795,-0.49000000953674316,-3.569999933242798,-0.42000001668930054,-0.16938843907715231,resting,null
7,right,3273.756615384615,1790663631138,7.542446136474609,6.216775417327881,0.07896596938371658,-0.49000000953674316,-3.569999933242798,-0.42000001668930054,-0.16961635360483507,resting,null
7,right,3273.766230769231,1790663631138,7.609447956085205,6.255061626434326,0.11485958844423294,-0.49000000953674316,-3.569999933242798,-0.42000001668930054,-0.16911036543032273,resting,null
7,right,3273.775846153846,1790663631138,7.607054710388184,6.257454872131348,0.10528795421123505,-0.49000000953674316,-3.569999933242798,-0.42000001668930054,-0.1686078280666522,resting,null
7,right,3273.7854615384613,1790663631138,7.554410934448242,6.142595291137695,0.06221561133861542,-0.49000000953674316,-3.569999933242798,-0.42000001668930054,-0.1691986612094814,resting,null
7,right,3273.795076923077,1790663631138,7.508945465087891,6.073200702667236,0.11007377505302429,-0.49000000953674316,-3.569999933242798,-0.42000001668930054,-0.17054597522973028,resting,null
7,right,3273.804692307692,1790663631138,7.4658732414245605,6.142595291137695,0.13639576733112335,-0.49000000953674316,-3.569999933242798,-0.42000001668930054,-0.17178973314815443,resting,null
7,right,3273.8143076923075,1790663631138,7.5568037033081055,6.231132507324219,0.08853759616613388,-0.49000000953674316,-3.569999933242798,-0.42000001668930054,-0.1718206189257029,resting,null
7,left,3169.639,1790663631212,8.169387817382812,5.513260364532471,0.25604116916656494,-1.6800000667572021,-0.9100000262260437,1.190000057220459,0.32462197814330235,resting,null
7,left,3169.6486153846154,1790663631212,8.267497062683105,5.520439147949219,0.24646952748298645,-1.6800000667572021,-0.9100000262260437,1.190000057220459,0.3257876267245631,resting,null
7,left,3169.658230769231,1790663631212,8.272283554077148,5.5539398193359375,0.24886244535446167,-1.6800000667572021,-0.9100000262260437,1.190000057220459,0.3271710153356307,resting,null
7,left,3169.6678461538463,1790663631212,8.202888488769531,5.498902797698975,0.2416837215423584,-1.6800000667572021,-0.9100000262260437,1.190000057220459,0.3277037838842324,resting,null
7,left,3169.6774615384616,1790663631212,8.15024471282959,5.5467610359191895,0.22971917688846588,-1.6800000667572021,-0.9100000262260437,1.190000057220459,0.32807027811357703,resting,null
7,left,3169.6870769230773,1790663631212,8.107172966003418,5.6592278480529785,0.2632198929786682,-1.6800000667572021,-0.9100000262260437,1.190000057220459,0.32870663936379774,resting,null
7,left,3169.6966923076925,1790663631212,8.23878288269043,5.608976364135742,0.21775463223457336,-1.6800000667572021,-0.9100000262260437,1.190000057220459,0.3301106511797218,resting,null
7,left,3169.7063076923077,1790663631212,8.183745384216309,5.671192169189453,0.2321120798587799,-1.6800000667572021,-0.9100000262260437,1.190000057220459,0.33141596051073763,resting,null
7,right,3273.823,1790663631213,7.537660598754883,6.2502760887146,0.13878867030143738,-0.5600000023841858,-3.569999933242798,-1.2599999904632568,-0.17186756238809078,resting,null
7,right,3273.832615384615,1790663631213,7.542446136474609,6.171309947967529,0.15553902089595795,-0.5600000023841858,-3.569999933242798,-1.2599999904632568,-0.1723635306342137,resting,null
7,right,3273.842230769231,1790663631213,7.494588375091553,6.068414688110352,0.14357449114322662,-0.5600000023841858,-3.569999933242798,-1.2599999904632568,-0.17384235488674613,resting,null
7,right,3273.851846153846,1790663631213,7.492195129394531,6.125844955444336,0.12682412564754486,-0.5600000023841858,-3.569999933242798,-1.2599999904632568,-0.17498984354030456,resting,null
7,right,3273.8614615384613,1790663631213,7.5926971435546875,6.097129821777344,0.2536482512950897,-0.5600000023841858,-3.569999933242798,-1.2599999904632568,-0.17554949361319014,resting,null
7,right,3273.871076923077,1790663631213,7.611840724945068,6.207203388214111,0.14357449114322662,-0.5600000023841858,-3.569999933242798,-1.2599999904632568,-0.17530882980229467,resting,null
7,right,3273.8806923076922,1790663631213,7.57834005355835,6.168917179107666,0.17707519233226776,-0.5600000023841858,-3.569999933242798,-1.2599999904632568,-0.17554586863674645,resting,null
7,right,3273.8903076923075,1790663631213,7.623805046081543,6.097129821777344,0.1507532149553299,-0.5600000023841858,-3.569999933242798,-1.2599999904632568,-0.17588276636290487,resting,null
7,left,3169.718,1790663631286,8.176567077636719,5.664013385772705,0.23929080367088318,-1.9600000381469727,-0.7699999809265137,1.1200000047683716,0.332889761490349,resting,null
7,left,3169.727615384615,1790663631286,8.171781539916992,5.597012042999268,0.25843408703804016,-1.9600000381469727,-0.7699999809265137,1.1200000047683716,0.33370509553561667,resting,null
7,left,3169.737230769231,1790663631286,8.169387817382812,5.690335273742676,0.22493335604667664,-1.9600000381469727,-0.7699999809265137,1.1200000047683716,0.33500018538288007,resting,null
7,left,3169.746846153846,1790663631286,8.200495719909668,5.5539398193359375,0.20818300545215607,-1.9600000381469727,-0.7699999809265137,1.1200000047683716,0.3357971368730097,resting,null
7,left,3169.7564615384613,1790663631286,8.174174308776855,5.453437328338623,0.22971917688846588,-1.9600000381469727,-0.7699999809265137,1.1200000047683716,0.33584705796911624,resting,null
7,left,3169.766076923077,1790663631286,8.169387817382812,5.4773664474487305,0.20339718461036682,-1.9600000381469727,-0.7699999809265137,1.1200000047683716,0.33598336700362574,resting,null
7,left,3169.775692307692,1790663631286,8.2124605178833,5.501295566558838,0.26561281085014343,-1.9600000381469727,-0.7699999809265137,1.1200000047683716,0.3366059977416374,resting,null
7,left,3169.7853076923075,1790663631286,8.145459175109863,5.541975021362305,0.2225404530763626,-1.9600000381469727,-0.7699999809265137,1.1200000047683716,0.33690400645273966,resting,null
7,right,3273.899,1790663631304,7.580732822418213,6.156952381134033,0.12443122267723083,-0.6299999952316284,-3.640000104904175,-1.9600000381469727,-0.17615229042212288,resting,null
7,right,3273.908615384615,1790663631304,7.535267353057861,6.207203388214111,0.11246667802333832,-0.6299999952316284,-3.640000104904175,-1.9600000381469727,-0.17648512525128202,resting,null
7,right,3273.918230769231,1790663631304,7.437158584594727,6.302919864654541,0.12443122267723083,-0.6299999952316284,-3.640000104904175,-1.9600000381469727,-0.17696174821320648,resting,null
7,right,3273.927846153846,1790663631304,7.374942779541016,6.283776760101318,0.1722893863916397,-0.6299999952316284,-3.640000104904175,-1.9600000381469727,-0.17800839963591147,resting,null
7,right,3273.9374615384613,1790663631304,7.4515156745910645,6.226346969604492,0.1603248417377472,-0.6299999952316284,-3.640000104904175,-1.9600000381469727,-0.1788372452880929,resting,null
7,right,3273.947076923077,1790663631304,7.480230808258057,6.176095962524414,0.1722893863916397,-0.6299999952316284,-3.640000104904175,-1.9600000381469727,-0.17975865899313648,resting,null
7,right,3273.9566923076923,1790663631304,7.453908920288086,6.216775417327881,0.11246667802333832,-0.6299999952316284,-3.640000104904175,-1.9600000381469727,-0.1806322939838392,resting,null
7,right,3273.9663076923075,1790663631304,7.434765338897705,6.312491416931152,0.14836029708385468,-0.6299999952316284,-3.640000104904175,-1.9600000381469727,-0.18105340556954738,resting,null
7,left,3169.798,1790663631364,8.210067749023438,5.558725357055664,0.27518442273139954,-2.0299999713897705,-0.5600000023841858,1.8899999856948853,0.3381110480277202,resting,null
7,left,3169.807615384615,1790663631364,8.260318756103516,5.532403469085693,0.27757734060287476,-2.0299999713897705,-0.5600000023841858,1.8899999856948853,0.33928463286538046,resting,null
7,left,3169.8172307692307,1790663631364,8.272283554077148,5.556332588195801,0.2727915346622467,-2.0299999713897705,-0.5600000023841858,1.8899999856948853,0.34068039449751847,resting,null
7,left,3169.826846153846,1790663631364,8.140673637390137,5.45104455947876,0.2416837215423584,-2.0299999713897705,-0.5600000023841858,1.8899999856948853,0.3404540190262056,resting,null
7,left,3169.836461538461,1790663631364,8.059314727783203,5.4342942237854,0.24646952748298645,-2.0299999713897705,-0.5600000023841858,1.8899999856948853,0.3394903435370891,resting,null
7,left,3169.846076923077,1790663631364,8.085636138916016,5.453437328338623,0.2321120798587799,-2.0299999713897705,-0.5600000023841858,1.8899999856948853,0.3388362713717052,resting,null
7,left,3169.855692307692,1790663631364,8.15981674194336,5.520439147949219,0.23689790070056915,-2.0299999713897705,-0.5600000023841858,1.8899999856948853,0.3391346063230507,resting,null
7,left,3169.8653076923074,1790663631364,7.927704334259033,5.405579566955566,0.27997025847435,-2.0299999713897705,-0.5600000023841858,1.8899999856948853,0.33697783615393606,resting,null
7,right,3273.974,1790663631380,7.446730136871338,6.360349655151367,0.15793193876743317,-0.9100000262260437,-3.430000066757202,-3.7100000381469727,-0.18108137686629333,resting,null
7,right,3273.9836153846154,1790663631380,7.39647912979126,6.29334831237793,0.16750356554985046,-0.9100000262260437,-3.430000066757202,-3.7100000381469727,-0.1818971229071452,resting,null
7,right,3273.993230769231,1790663631380,7.365371227264404,6.161738395690918,0.13400284945964813,-0.9100000262260437,-3.430000066757202,-3.7100000381469727,-0.1837589786853793,resting,null
7,right,3274.0028461538463,1790663631380,7.3534064292907715,6.0755934715271,0.10289505124092102,-0.9100000262260437,-3.430000066757202,-3.7100000381469727,-0.1862431195452681,resting,null
7,right,3274.0124615384616,1790663631380,7.453908920288086,6.1019158363342285,0.1411815732717514,-0.9100000262260437,-3.430000066757202,-3.7100000381469727,-0.1878173054076825,resting,null
7,right,3274.0220769230773,1790663631380,7.473052024841309,6.061236381530762,0.15793193876743317,-0.9100000262260437,-3.430000066757202,-3.7100000381469727,-0.18949650284926853,resting,null
7,right,3274.0316923076925,1790663631380,6.690570831298828,6.456066131591797,0.14357449114322662,-0.9100000262260437,-3.430000066757202,-3.7100000381469727,-0.19451085776321148,resting,null
7,right,3274.041307692308,1790663631380,7.142830848693848,5.465402126312256,0.16511066257953644,-0.9100000262260437,-3.430000066757202,-3.7100000381469727,-0.2022934748521606,resting,null
7,left,3169.878,1790663631437,7.733879089355469,5.0131425857543945,0.2416837215423584,-2.5899999141693115,0.2800000011920929,3.0799999237060547,0.3293035932184371,resting,null
7,left,3169.8876153846154,1790663631437,7.470659255981445,5.905697345733643,0.1507532149553299,-2.5899999141693115,0.2800000011920929,3.0799999237060547,0.3261607501967179,resting,null
7,left,3169.897230769231,1790663631437,10.172252655029297,7.942061901092529,0.3134709596633911,-2.5899999141693115,0.2800000011920929,3.0799999237060547,0.35551277124717234,resting,null
7,left,3169.9068461538463,1790663631437,10.344541549682617,4.237840175628662,-0.20579010248184204,-2.5899999141693115,0.2800000011920929,3.0799999237060547,0.3662793268006328,resting,null
7,left,3169.9164615384616,1790663631437,9.303627014160156,10.35650634765625,0.11725249886512756,-2.5899999141693115,0.2800000011920929,3.0799999237060547,0.40149057953364603,resting,null
7,left,3169.9260769230773,1790663631437,11.308883666992188,3.09881591796875,0.2512553632259369,-2.5899999141693115,0.2800000011920929,3.0799999237060547,0.4140676279933966,resting,null
7,left,3169.9356923076925,1790663631437,13.883652687072754,1.514710783958435,-1.1964540481567383,-2.5899999141693115,0.2800000011920929,3.0799999237060547,0.43846463593393614,ascending,1
7,left,3169.945307692308,1790663631437,-15.058570861816406,20.545509338378906,-1.4477094411849976,-2.5899999141693115,0.2800000011920929,3.0799999237060547,0.33220767987354033,ascending,1
7,right,3274.05,1790663631454,7.7960944175720215,5.671192169189453,0.18664683401584625,-1.5399999618530273,-2.1700000762939453,0.2800000011920929,-0.2038113466453687,resting,null
7,right,3274.0596153846154,1790663631454,8.348855972290039,9.136122703552246,-0.13878867030143738,-1.5399999618530273,-2.1700000762939453,0.2800000011920929,-0.18011837557635235,resting,null
7,right,3274.069230769231,1790663631454,8.336892127990723,3.364428758621216,0.7418015003204346,-1.5399999618530273,-2.1700000762939453,0.2800000011920929,-0.19192606730533227,resting,null
7,right,3274.0788461538464,1790663631454,7.597483158111572,12.428764343261719,0.952377438545227,-1.5399999618530273,-2.1700000762939453,0.2800000011920929,-0.1534578819012983,resting,null
7,right,3274.0884615384616,1790663631454,11.66781997680664,6.800644874572754,0.5790837407112122,-1.5399999618530273,-2.1700000762939453,0.2800000011920929,-0.11956868659507716,resting,null
7,right,3274.0980769230773,1790663631454,-20.844621658325195,-13.582146644592285,-1.366350531578064,-1.5399999618530273,-2.1700000762939453,0.2800000011920929,-0.4513923450866022,descending,null
7,right,3274.1076923076926,1790663631454,17.712305068969727,2.2852272987365723,2.4910173416137695,-1.5399999618530273,-2.1700000762939453,0.2800000011920929,-0.4002270785565275,descending,null
7,right,3274.117307692308,1790663631454,5.463009357452393,7.956419467926025,-1.1916682720184326,-1.5399999618530273,-2.1700000762939453,0.2800000011920929,-0.40511037635067704,descending,null
7,left,3169.957,1790663631527,11.191631317138672,7.365371227264404,1.749215841293335,-6.929999828338623,0.42000001668930054,45.92000198364258,0.37448895322090375,ascending,1
7,left,3169.966615384615,1790663631527,1.275420069694519,4.606348037719727,0.9116979837417603,-6.929999828338623,0.42000001668930054,45.92000198364258,0.3144674608067202,ascending,1
7,left,3169.976230769231,1790663631527,11.718070983886719,20.866159439086914,0.34697166085243225,-6.929999828338623,0.42000001668930054,45.92000198364258,0.4221236151739474,ascending,1
7,left,3169.985846153846,1790663631527,5.625726699829102,0.4714028835296631,0.23450499773025513,-6.929999828338623,0.42000001668930054,45.92000198364258,0.3761004939548895,ascending,1
7,left,3169.9954615384613,1790663631527,10.196181297302246,10.370863914489746,0.5599405169487,-6.929999828338623,0.42000001668930054,45.92000198364258,0.4172567985559941,ascending,1
7,left,3170.005076923077,1790663631527,8.485252380371094,4.792994976043701,0.2919347882270813,-6.929999828338623,0.42000001668930054,45.92000198364258,0.41648731199882083,ascending,1
7,left,3170.0146923076923,1790663631527,11.574496269226074,3.919583559036255,0.36611494421958923,-6.929999828338623,0.42000001668930054,45.92000198364258,0.4372033508245683,ascending,1
7,left,3170.0243076923075,1790663631527,10.69629955291748,8.753257751464844,0.14836029708385468,-6.929999828338623,0.42000001668930054,45.92000198364258,0.4736974793653257,ascending,1
7,right,3274.127,1790663631528,14.692455291748047,1.0361292362213135,0.5312256217002869,-0.9800000190734863,-1.6100000143051147,-16.65999984741211,-0.3843822350317697,descending,null
7,right,3274.136615384615,1790663631528,3.3548572063446045,15.508437156677246,0.24886244535446167,-0.9800000190734863,-1.6100000143051147,-16.65999984741211,-0.35766200767967615,descending,null
7,right,3274.146230769231,1790663631528,3.8621537685394287,2.8906328678131104,1.05048668384552,-0.9800000190734863,-1.6100000143051147,-16.65999984741211,-0.405359883793303,descending,null
7,right,3274.155846153846,1790663631528,15.317005157470703,13.330890655517578,0.3038993179798126,-0.9800000190734863,-1.6100000143051147,-16.65999984741211,-0.30425005991518034,descending,null
7,right,3274.1654615384614,1790663631528,0.5192610621452332,-0.07418014854192734,1.8927903175354004,-0.9800000190734863,-1.6100000143051147,-16.65999984741211,-0.394844120496459,descending,null
7,right,3274.175076923077,1790663631528,20.748905181884766,10.751336097717285,0.09810923039913177,-0.9800000190734863,-1.6100000143051147,-16.65999984741211,-0.27043414948701844,descending,null
7,right,3274.1846923076923,1790663631528,4.434058666229248,2.9767775535583496,0.26561281085014343,-0.9800000190734863,-1.6100000143051147,-16.65999984741211,-0.3135950510274186,descending,null
7,right,3274.1943076923076,1790663631528,10.746550559997559,11.418957710266113,0.15793193876743317,-0.9800000190734863,-1.6100000143051147,-16.65999984741211,-0.2577072714247573,descending,null
7,left,3170.036,1790663631602,9.727170944213867,2.6537351608276367,0.8135887384414673,-1.190000057220459,-2.5199999809265137,8.890000343322754,0.4732897594230384,ascending,1
7,left,3170.0456153846153,1790663631602,11.78028678894043,10.705870628356934,0.3350071310997009,-1.190000057220459,-2.5199999809265137,8.890000343322754,0.5279777480069192,ascending,1
7,left,3170.055230769231,1790663631602,5.577868938446045,5.233290195465088,0.43550926446914673,-1.190000057220459,-2.5199999809265137,8.890000343322754,0.5049696005854267,ascending,1
7,left,3170.0648461538462,1790663631602,15.532366752624512,9.875532150268555,0.37807947397232056,-1.190000057220459,-2.5199999809265137,8.890000343322754,0.587135200337284,ascending,1
7,left,3170.0744615384615,1790663631602,8.475680351257324,4.50584602355957,0.540797233581543,-1.190000057220459,-2.5199999809265137,8.890000343322754,0.584958783821928,ascending,1
7,left,3170.084076923077,1790663631602,14.910210609436035,6.238311290740967,0.6173703074455261,-1.190000057220459,-2.5199999809265137,8.890000343322754,0.6449118164844433,ascending,1
7,left,3170.0936923076924,1790663631602,6.922683238983154,3.3333208560943604,0.6867645978927612,-1.190000057220459,-2.5199999809265137,8.890000343322754,0.6242589091148288,ascending,1
7,left,3170.1033076923077,1790663631602,14.857565879821777,7.092579364776611,0.7418015003204346,-1.190000057220459,-2.5199999809265137,8.890000343322754,0.6878199926346672,ascending,1
7,right,3274.203,1790663631603,9.308412551879883,4.836067199707031,0.37807947397232056,-2.1700000762939453,-3.9200000762939453,-13.369999885559082,-0.2542200029539624,descending,null
7,right,3274.212615384615,1790663631603,7.339049339294434,9.39216423034668,0.14357449114322662,-2.1700000762939453,-3.9200000762939453,-13.369999885559082,-0.2357453057520432,descending,null
7,right,3274.222230769231,1790663631603,13.251925468444824,5.924840450286865,-0.0502510704100132,-2.1700000762939453,-3.9200000762939453,-13.369999885559082,-0.19677705278736435,descending,null
7,right,3274.231846153846,1790663631603,6.755179405212402,6.666641712188721,0.011964540928602219,-2.1700000762939453,-3.9200000762939453,-13.369999885559082,-0.1998351989578721,descending,null
7,right,3274.2414615384614,1790663631603,12.179902076721191,10.248825073242188,-0.26561281085014343,-2.1700000762939453,-3.9200000762939453,-13.369999885559082,-0.14110529825143397,descending,null
7,right,3274.251076923077,1790663631603,4.654206275939941,6.530246257781982,-0.0047858161851763725,-2.1700000762939453,-3.9200000762939453,-13.369999885559082,-0.16002216362157248,descending,null
7,right,3274.2606923076924,1790663631603,10.002355575561523,9.724778175354004,-0.2823631465435028,-2.1700000762939453,-3.9200000762939453,-13.369999885559082,-0.12022362114612878,descending,null
7,right,3274.2703076923076,1790663631603,4.623098373413086,6.434529781341553,-0.023929081857204437,-2.1700000762939453,-3.9200000762939453,-13.369999885559082,-0.13988884602507706,descending,null
7,left,3170.115,1790663631677,8.272283554077148,5.34814977645874,0.7370156645774841,-2.380000114440918,0.2800000011920929,20.860000610351562,0.6878551152730353,ascending,1
7,left,3170.124615384615,1790663631677,12.165544509887695,10.52161693572998,0.5168681740760803,-2.380000114440918,0.2800000011920929,20.860000610351562,0.7443624966594724,ascending,1
7,left,3170.1342307692307,1790663631677,7.1356520652771,6.202417850494385,0.6436922550201416,-2.380000114440918,0.2800000011920929,20.860000610351562,0.7386000019355248,ascending,1
7,left,3170.143846153846,1790663631677,12.608232498168945,8.607290267944336,0.5575475692749023,-2.380000114440918,0.2800000011920929,20.860000610351562,0.7899788811771388,ascending,1
7,left,3170.153461538461,1790663631677,8.305784225463867,5.85066032409668,0.7178724408149719,-2.380000114440918,0.2800000011920929,20.860000610351562,0.7924388644860516,ascending,1
7,left,3170.163076923077,1790663631677,13.601289749145508,10.311040878295898,0.7298369407653809,-2.380000114440918,0.2800000011920929,20.860000610351562,0.8598554157108277,ascending,1
7,left,3170.172692307692,1790663631677,8.018634796142578,7.140437602996826,0.8997334241867065,-2.380000114440918,0.2800000011920929,20.860000610351562,0.8656252613096684,ascending,1
7,left,3170.1823076923074,1790663631677,12.026756286621094,-5.570690155029297,0.8518753051757812,-2.380000114440918,0.2800000011920929,20.860000610351562,0.8488270512806845,ascending,1
7,right,3274.278,1790663631680,13.713756561279297,7.709949970245361,-0.20579010248184204,-1.8200000524520874,-3.9200000762939453,-10.289999961853027,-0.0974849861498494,descending,null
7,right,3274.287615384615,1790663631680,7.870274543762207,4.38380765914917,0.06700142472982407,-1.8200000524520874,-3.9200000762939453,-10.289999961853027,-0.1074690451371702,descending,null
7,right,3274.2972307692307,1790663631680,11.60560417175293,8.640790939331055,-0.11964540183544159,-1.8200000524520874,-3.9200000762939453,-10.289999961853027,-0.06337436727160298,descending,null
7,right,3274.306846153846,1790663631680,6.834145545959473,6.55417537689209,0.02632198855280876,-1.8200000524520874,-3.9200000762939453,-10.289999961853027,-0.06660146416982071,descending,null
7,right,3274.316461538461,1790663631680,8.155031204223633,9.255768775939941,-0.10528795421123505,-1.8200000524520874,-3.9200000762939453,-10.289999961853027,-0.042828136938771855,descending,null
7,right,3274.326076923077,1790663631680,10.985840797424316,7.030364036560059,-0.15793193876743317,-1.8200000524520874,-3.9200000762939453,-10.289999961853027,-0.01382874795688614,resting,null
7,right,3274.335692307692,1790663631680,6.798252105712891,7.7745585441589355,-0.19621846079826355,-1.8200000524520874,-3.9200000762939453,-10.289999961853027,-0.009278361225715003,resting,null
7,right,3274.3453076923074,1790663631680,3.5510756969451904,8.327320098876953,-0.4642241597175598,-1.8200000524520874,-3.9200000762939453,-10.289999961853027,-0.023658503389555365,resting,null
7,left,3170.194,1790663631767,9.102622032165527,6.097129821777344,1.3854937553405762,3.7100000381469727,-3.7799999713897705,33.599998474121094,0.8614533367722035,ascending,1
7,left,3170.203615384615,1790663631767,14.005691528320312,6.267026424407959,1.5721405744552612,3.7100000381469727,-3.7799999713897705,33.599998474121094,0.914527387561349,ascending,1
7,left,3170.213230769231,1790663631767,8.377571105957031,9.224660873413086,0.5982270240783691,3.7100000381469727,-3.7799999713897705,33.599998474121094,0.9317844062300417,ascending,1
7,left,3170.222846153846,1790663631767,14.166015625,5.211753845214844,0.6412993669509888,3.7100000381469727,-3.7799999713897705,33.599998474121094,0.9814227517854611,ascending,1
7,left,3170.2324615384614,1790663631767,11.694141387939453,11.950182914733887,0.8423036336898804,3.7100000381469727,-3.7799999713897705,33.599998474121094,1.0383628511751188,ascending,1
7,left,3170.242076923077,1790663631767,12.254082679748535,1.6846072673797607,0.7920525670051575,3.7100000381469727,-3.7799999713897705,33.599998474121094,1.056955588201613,ascending,1
7,left,3170.2516923076923,1790663631767,11.004983901977539,5.611369609832764,0.382865309715271,3.7100000381469727,-3.7799999713897705,33.599998474121094,1.0809340350137824,ascending,1
7,left,3170.2613076923076,1790663631767,9.358663558959961,7.843952655792236,0.6365135312080383,3.7100000381469727,-3.7799999713897705,33.599998474121094,1.0998154723878208,ascending,1
7,right,3274.354,1790663631769,-3.4601449966430664,15.419899940490723,-0.2512553632259369,-4.829999923706055,-10.779999732971191,-2.870000123977661,-0.038265278876119954,resting,null
7,right,3274.363615384615,1790663631769,5.092108249664307,9.27969741821289,-0.35893622040748596,-4.829999923706055,-10.779999732971191,-2.870000123977661,-0.03549476208690653,resting,null
7,right,3274.3732307692308,1790663631769,7.480230808258057,10.945161819458008,0.7609447836875916,-4.829999923706055,-10.779999732971191,-2.870000123977661,-0.005040602449008377,resting,null
7,right,3274.382846153846,1790663631769,10.00953483581543,5.029892921447754,-0.13878867030143738,-4.829999923706055,-10.779999732971191,-2.870000123977661,0.003674601502170306,resting,null
7,right,3274.3924615384612,1790663631769,15.805157661437988,7.087793827056885,-0.13400284945964813,-4.829999923706055,-10.779999732971191,-2.870000123977661,0.06630648228482816,resting,null
7,right,3274.402076923077,1790663631769,6.793466091156006,13.390713691711426,0.12443122267723083,-4.829999923706055,-10.779999732971191,-2.870000123977661,0.1081613338431119,resting,null
7,right,3274.411692307692,1790663631769,8.904010772705078,7.0854010581970215,0.12682412564754486,-4.829999923706055,-10.779999732971191,-2.870000123977661,0.12278197161045769,resting,null
7,right,3274.4213076923074,1790663631769,5.491724014282227,10.241646766662598,0.2010042816400528,-4.829999923706055,-10.779999732971191,-2.870000123977661,0.13468018378785301,resting,null
7,right,3274.43,1790663631830,12.49098014831543,7.140437602996826,0.028714897111058235,-2.450000047683716,-0.2800000011920929,3.7100000381469727,0.17071523914777684,ascending,1
7,right,3274.439615384615,1790663631830,11.177273750305176,5.384043216705322,0.0909305065870285,-2.450000047683716,-0.2800000011920929,3.7100000381469727,0.1898565102462363,ascending,1
7,right,3274.449230769231,1790663631830,9.186373710632324,10.342148780822754,0.13639576733112335,-2.450000047683716,-0.2800000011920929,3.7100000381469727,0.22798962644350054,ascending,1
7,right,3274.458846153846,1790663631830,7.358192443847656,5.924840450286865,0.45704543590545654,-2.450000047683716,-0.2800000011920929,3.7100000381469727,0.22413145568452764,ascending,1
7,right,3274.4684615384613,1790663631830,7.126080513000488,9.255768775939941,0.3206496834754944,-2.450000047683716,-0.2800000011920929,3.7100000381469727,0.24069410357429782,ascending,1
7,right,3274.478076923077,1790663631830,8.382356643676758,7.1571879386901855,0.23689790070056915,-2.450000047683716,-0.2800000011920929,3.7100000381469727,0.252129342978403,ascending,1
7,right,3274.487692307692,1790663631830,10.45222282409668,4.769065856933594,0.35893622040748596,-2.450000047683716,-0.2800000011920929,3.7100000381469727,0.2623406605346381,ascending,1
7,right,3274.4973076923075,1790663631830,9.440022468566895,8.485252380371094,0.3326142132282257,-2.450000047683716,-0.2800000011920929,3.7100000381469727,0.2899388071786859,ascending,1
7,left,3170.274,1790663631842,12.266046524047852,8.181352615356445,0.6532639265060425,-0.49000000953674316,-5.53000020980835,10.5,1.1598224104475872,ascending,1
7,left,3170.283615384615,1790663631842,8.628826141357422,7.628591060638428,0.5168681740760803,-0.49000000953674316,-5.53000020980835,10.5,1.1713337950598814,ascending,1
7,left,3170.293230769231,1790663631842,12.610625267028809,1.462066888809204,0.43790218234062195,-0.49000000953674316,-5.53000020980835,10.5,1.1924283974768497,ascending,1
7,left,3170.302846153846,1790663631842,9.676919937133789,3.5941479206085205,0.3445787727832794,-0.49000000953674316,-5.53000020980835,10.5,1.1965865719164441,ascending,1
7,left,3170.3124615384613,1790663631842,9.215088844299316,6.274205207824707,0.30629223585128784,-0.49000000953674316,-5.53000020980835,10.5,1.2074672771173394,ascending,1
7,left,3170.322076923077,1790663631842,10.497687339782715,6.838931560516357,0.2943277060985565,-0.49000000953674316,-5.53000020980835,10.5,1.231804102764554,ascending,1
7,left,3170.3316923076923,1790663631842,8.080850601196289,7.319905757904053,0.19861137866973877,-0.49000000953674316,-5.53000020980835,10.5,1.2369518730797266,ascending,1
7,left,3170.3413076923075,1790663631842,11.165308952331543,3.9243693351745605,0.22732627391815186,-0.49000000953674316,-5.53000020980835,10.5,1.2554089048493107,ascending,1
7,left,3170.353,1790663631917,9.485487937927246,3.828652858734131,0.13878867030143738,2.309999942779541,-4.690000057220459,10.640000343322754,1.259520371843689,ascending,1
7,left,3170.3626153846153,1790663631917,10.490509033203125,6.034914016723633,0.14836029708385468,2.309999942779541,-4.690000057220459,10.640000343322754,1.280421547277639,ascending,1
7,left,3170.372230769231,1790663631917,9.681706428527832,5.884160995483398,0.15314611792564392,2.309999942779541,-4.690000057220459,10.640000343322754,1.2936369049454466,ascending,1
7,left,3170.3818461538463,1790663631917,9.641026496887207,6.73603630065918,0.08614469319581985,2.309999942779541,-4.690000057220459,10.640000343322754,1.3098468167611224,ascending,1
7,left,3170.3914615384615,1790663631917,10.107644081115723,3.0389933586120605,0.10289505124092102,2.309999942779541,-4.690000057220459,10.640000343322754,1.3155728731700882,ascending,1
7,left,3170.401076923077,1790663631917,10.081321716308594,4.297662734985352,0.059822700917720795,2.309999942779541,-4.690000057220459,10.640000343322754,1.3260001382765134,ascending,1
7,left,3170.4106923076924,1790663631917,9.925783157348633,4.761887073516846,0.05264397710561752,2.309999942779541,-4.690000057220459,10.640000343322754,1.336864189117042,ascending,1
7,left,3170.4203076923077,1790663631917,9.837244987487793,5.948769569396973,-0.028714897111058235,2.309999942779541,-4.690000057220459,10.640000343322754,1.3515573572411763,ascending,1
7,right,3274.507,1790663631935,7.16197395324707,6.2646331787109375,0.38525819778442383,-4.760000228881836,-1.399999976158142,-2.450000047683716,0.2869399926327875,ascending,1
7,right,3274.5166153846153,1790663631935,7.449122905731201,9.423272132873535,0.4331163763999939,-4.760000228881836,-1.399999976158142,-2.450000047683716,0.30677084689690437,ascending,1
7,right,3274.526230769231,1790663631935,7.994706153869629,7.274440765380859,0.4642241597175598,-4.760000228881836,-1.399999976158142,-2.450000047683716,0.3162725307081335,ascending,1
7,right,3274.5358461538463,1790663631935,10.60058307647705,6.831752777099609,0.44747382402420044,-4.760000228881836,-1.399999976158142,-2.450000047683716,0.341134851655964,ascending,1
7,right,3274.5454615384615,1790663631935,9.01887035369873,7.798487663269043,0.5264397859573364,-4.760000228881836,-1.399999976158142,-2.450000047683716,0.3612642485092544,ascending,1
7,right,3274.555076923077,1790663631935,8.485252380371094,7.666877746582031,0.509689450263977,-4.760000228881836,-1.399999976158142,-2.450000047683716,0.37678061635661,ascending,1
7,right,3274.5646923076924,1790663631935,7.279226303100586,9.042799949645996,0.5623334050178528,-4.760000228881836,-1.399999976158142,-2.450000047683716,0.3929018978741516,ascending,1
7,right,3274.5743076923077,1790663631935,8.425429344177246,8.174174308776855,0.5527617931365967,-4.760000228881836,-1.399999976158142,-2.450000047683716,0.41133411110184104,ascending,1
7,right,3274.582,1790663631979,9.198338508605957,7.678842067718506,0.5551546812057495,-2.799999952316284,-0.49000000953674316,-4.269999980926514,0.42779680182918095,ascending,1
7,right,3274.591615384615,1790663631979,9.016477584838867,7.4658732414245605,0.6149773597717285,-2.799999952316284,-0.49000000953674316,-4.269999980926514,0.44570840207584106,ascending,1
7,right,3274.601230769231,1790663631979,9.026049613952637,7.511338710784912,0.569512128829956,-2.799999952316284,-0.49000000953674316,-4.269999980926514,0.463979897929195,ascending,1
7,right,3274.610846153846,1790663631979,6.128237724304199,7.815237998962402,0.6030128598213196,-2.799999952316284,-0.49000000953674316,-4.269999980926514,0.4639676540017566,ascending,1
7,right,3274.6204615384613,1790663631979,7.1571879386901855,7.800880432128906,0.5503688454627991,-2.799999952316284,-0.49000000953674316,-4.269999980926514,0.47106919167630745,ascending,1
7,right,3274.630076923077,1790663631979,7.552018165588379,7.214617729187012,0.5719050168991089,-2.799999952316284,-0.49000000953674316,-4.269999980926514,0.47706079078909425,ascending,1
7,right,3274.6396923076923,1790663631979,9.023656845092773,7.305548191070557,0.540797233581543,-2.799999952316284,-0.49000000953674316,-4.269999980926514,0.49391799460532143,ascending,1
7,right,3274.6493076923075,1790663631979,7.74345064163208,7.831988334655762,0.4809745252132416,-2.799999952316284,-0.49000000953674316,-4.269999980926514,0.5053057170146523,ascending,1
7,left,3170.432,1790663631992,8.987762451171875,4.781030178070068,-0.03110780566930771,-0.49000000953674316,-4.550000190734863,14.420000076293945,1.3548067101083656,ascending,1
7,left,3170.441615384615,1790663631992,8.944690704345703,2.220618724822998,-0.08375178277492523,-0.49000000953674316,-4.550000190734863,14.420000076293945,1.3472044945147006,ascending,1
7,left,3170.4512307692307,1790663631992,8.633612632751465,3.1921393871307373,-0.11964540183544159,-0.49000000953674316,-4.550000190734863,14.420000076293945,1.340626070779298,ascending,1
7,left,3170.460846153846,1790663631992,8.504395484924316,4.046407699584961,-0.055036887526512146,-0.49000000953674316,-4.550000190734863,14.420000076293945,1.3361755733460903,ascending,1
7,left,3170.470461538461,1790663631992,8.461322784423828,5.424722671508789,-0.07418014854192734,-0.49000000953674316,-4.550000190734863,14.420000076293945,1.3365859701522682,ascending,1
7,left,3170.480076923077,1790663631992,8.30817699432373,4.005728244781494,0.014357448555529118,-0.49000000953674316,-4.550000190734863,14.420000076293945,1.3302547366125856,ascending,1
7,left,3170.489692307692,1790663631992,9.46155834197998,3.9865849018096924,0.040679436177015305,-0.49000000953674316,-4.550000190734863,14.420000076293945,1.3340407951688606,ascending,1
7,left,3170.4993076923074,1790663631992,9.083478927612305,3.49843168258667,0.02632198855280876,-0.49000000953674316,-4.550000190734863,14.420000076293945,1.3326573242735227,ascending,1
7,right,3274.658,1790663632054,7.650126934051514,7.965991020202637,0.44986671209335327,-2.6600000858306885,-3.8499999046325684,-9.65999984741211,0.5158171316862507,ascending,1
7,right,3274.667615384615,1790663632054,7.288797855377197,8.583361625671387,0.5240468978881836,-2.6600000858306885,-3.8499999046325684,-9.65999984741211,0.5290821775043186,ascending,1
7,right,3274.677230769231,1790663632054,8.068885803222656,7.073436260223389,0.5264397859573364,-2.6600000858306885,-3.8499999046325684,-9.65999984741211,0.5376844861179255,ascending,1
7,right,3274.686846153846,1790663632054,8.12631607055664,7.836773872375488,0.5025107264518738,-2.6600000858306885,-3.8499999046325684,-9.65999984741211,0.5517633759398686,ascending,1
7,right,3274.6964615384613,1790663632054,7.267261981964111,7.6620917320251465,0.6460852026939392,-2.6600000858306885,-3.8499999046325684,-9.65999984741211,0.558782009913842,ascending,1
7,right,3274.706076923077,1790663632054,7.82959508895874,8.171781539916992,0.5455830693244934,-2.6600000858306885,-3.8499999046325684,-9.65999984741211,0.5730729974753805,ascending,1
7,right,3274.7156923076923,1790663632054,6.226346969604492,7.64773416519165,0.5575475692749023,-2.6600000858306885,-3.8499999046325684,-9.65999984741211,0.5728610222746271,ascending,1
7,right,3274.7253076923075,1790663632054,7.518517017364502,7.688413619995117,0.4929390549659729,-2.6600000858306885,-3.8499999046325684,-9.65999984741211,0.5817636778475405,ascending,1
7,left,3170.511,1790663632083,9.102622032165527,3.878904104232788,-0.01914326474070549,-2.0299999713897705,-1.5399999618530273,16.940000534057617,1.3329016671320546,ascending,1
7,left,3170.520615384615,1790663632083,8.076065063476562,3.912404775619507,-0.08375178277492523,-2.0299999713897705,-1.5399999618530273,16.940000534057617,1.3241155036334638,ascending,1
7,left,3170.530230769231,1790663632083,9.016477584838867,4.290484428405762,-0.09810923039913177,-2.0299999713897705,-1.5399999618530273,16.940000534057617,1.3250692449636574,ascending,1
7,left,3170.539846153846,1790663632083,8.284247398376465,2.7303080558776855,-0.028714897111058235,-2.0299999713897705,-1.5399999618530273,16.940000534057617,1.3138055360813687,ascending,1
7,left,3170.5494615384614,1790663632083,8.94229793548584,3.5103962421417236,-0.03350071236491203,-2.0299999713897705,-1.5399999618530273,16.940000534057617,1.3112464683986667,ascending,1
7,left,3170.559076923077,1790663632083,7.939669132232666,3.225640058517456,0.0023929080925881863,-2.0299999713897705,-1.5399999618530273,16.940000534057617,1.2987296057383584,ascending,1
7,left,3170.5686923076923,1790663632083,8.899225234985352,3.8525819778442383,0.08375178277492523,-2.0299999713897705,-1.5399999618530273,16.940000534057617,1.29702156132776,ascending,1
7,left,3170.5783076923076,1790663632083,8.044957160949707,3.675506830215454,0.07657305896282196,-2.0299999713897705,-1.5399999618530273,16.940000534057617,1.287056934811306,ascending,1
7,right,3274.734,1790663632128,7.34383487701416,6.934647560119629,0.4714028835296631,0.9100000262260437,-5.110000133514404,-6.440000057220459,0.5841215381204743,ascending,1
7,right,3274.743615384615,1790663632128,7.171545505523682,7.587911605834961,0.45704543590545654,0.9100000262260437,-5.110000133514404,-6.440000057220459,0.5899688904734239,ascending,1
7,right,3274.753230769231,1790663632128,7.063864707946777,6.7767157554626465,0.4450809061527252,0.9100000262260437,-5.110000133514404,-6.440000057220459,0.5895832435674292,ascending,1
7,right,3274.762846153846,1790663632128,5.195003509521484,7.200260639190674,0.39004403352737427,0.9100000262260437,-5.110000133514404,-6.440000057220459,0.5793568938256152,ascending,1
7,right,3274.7724615384614,1790663632128,5.953555107116699,6.855681896209717,0.4020085632801056,0.9100000262260437,-5.110000133514404,-6.440000057220459,0.571968545750931,ascending,1
7,right,3274.782076923077,1790663632128,6.080379486083984,6.1976318359375,0.42833054065704346,0.9100000262260437,-5.110000133514404,-6.440000057220459,0.5609690276587087,ascending,1
7,right,3274.7916923076923,1790663632128,5.9894490242004395,6.451280117034912,0.39722275733947754,0.9100000262260437,-5.110000133514404,-6.440000057220459,0.5510887750897666,ascending,1
7,right,3274.8013076923075,1790663632128,6.109094142913818,6.097129821777344,0.40918728709220886,0.9100000262260437,-5.110000133514404,-6.440000057220459,0.5396020089452276,ascending,1
7,left,3170.59,1790663632157,8.186138153076172,2.3929080963134766,0.0502510704100132,-2.380000114440918,0.42000001668930054,9.9399995803833,1.2709526205111914,ascending,1
7,left,3170.5996153846154,1790663632157,7.516124248504639,2.7231295108795166,0.07418014854192734,-2.380000114440918,0.42000001668930054,9.9399995803833,1.252900052033698,ascending,1
7,left,3170.609230769231,1790663632157,7.590304374694824,2.2325832843780518,0.08135887235403061,-2.380000114440918,0.42000001668930054,9.9399995803833,1.2338267311623132,ascending,1
7,left,3170.6188461538463,1790663632157,7.327084541320801,3.338106870651245,0.05742979422211647,-2.380000114440918,0.42000001668930054,9.9399995803833,1.21623756441712,ascending,1
7,left,3170.6284615384616,1790663632157,7.111722946166992,2.9456698894500732,0.09810923039913177,-2.380000114440918,0.42000001668930054,9.9399995803833,1.1953667073788183,ascending,1
7,left,3170.6380769230773,1790663632157,7.836773872375488,2.4264087677001953,0.09332341700792313,-2.380000114440918,0.42000001668930054,9.9399995803833,1.1792214397414489,ascending,1
7,left,3170.6476923076925,1790663632157,7.887024879455566,3.058136463165283,0.1411815732717514,-2.380000114440918,0.42000001668930054,9.9399995803833,1.1657095851640336,ascending,1
7,left,3170.6573076923078,1790663632157,7.913347244262695,2.6034839153289795,0.2105759084224701,-2.380000114440918,0.42000001668930054,9.9399995803833,1.1508998435695244,ascending,1
7,right,3274.81,1790663632219,5.2380757331848145,7.233761310577393,0.3709007501602173,2.0299999713897705,-6.789999961853027,-0.8400000333786011,0.5309555923399679,ascending,1
7,right,3274.819615384615,1790663632219,6.185667514801025,6.3627424240112305,0.3302213251590729,2.0299999713897705,-6.789999961853027,-0.8400000333786011,0.5217913299325118,ascending,1
7,right,3274.829230769231,1790663632219,5.896125316619873,6.472816467285156,0.3110780417919159,2.0299999713897705,-6.789999961853027,-0.8400000333786011,0.5114398595843417,ascending,1
7,right,3274.838846153846,1790663632219,5.987056255340576,6.590068817138672,0.3038993179798126,2.0299999713897705,-6.789999961853027,-0.8400000333786011,0.5025132524121766,ascending,1
7,right,3274.8484615384614,1790663632219,6.259847640991211,6.451280117034912,0.27518442273139954,2.0299999713897705,-6.789999961853027,-0.8400000333786011,0.4944548109058553,ascending,1
7,right,3274.858076923077,1790663632219,5.441473007202148,6.77910852432251,0.27997025847435,2.0299999713897705,-6.789999961853027,-0.8400000333786011,0.4831976665463903,ascending,1
7,right,3274.8676923076923,1790663632219,5.563511371612549,6.226346969604492,0.3038993179798126,2.0299999713897705,-6.789999961853027,-0.8400000333786011,0.46895598639279723,ascending,1
7,right,3274.8773076923076,1790663632219,5.585047721862793,6.257454872131348,0.2321120798587799,2.0299999713897705,-6.789999961853027,-0.8400000333786011,0.4550681684273978,ascending,1
7,left,3170.671,1790663632231,7.810451984405518,3.7353296279907227,0.17946811020374298,-4.760000228881836,3.569999933242798,14.5600004196167,1.133973076669801,ascending,1
7,left,3170.680615384615,1790663632231,8.346463203430176,2.500588893890381,0.20818300545215607,-4.760000228881836,3.569999933242798,14.5600004196167,1.122755432774322,ascending,1
7,left,3170.6902307692308,1790663632231,8.2124605178833,2.713557720184326,0.2225404530763626,-4.760000228881836,3.569999933242798,14.5600004196167,1.1110649512596613,ascending,1
7,left,3170.699846153846,1790663632231,8.114351272583008,2.4718739986419678,0.2632198929786682,-4.760000228881836,3.569999933242798,14.5600004196167,1.09771913242772,ascending,1
7,left,3170.7094615384613,1790663632231,7.681234836578369,2.811666965484619,0.26561281085014343,-4.760000228881836,3.569999933242798,14.5600004196167,1.0815829468852667,ascending,1
7,left,3170.719076923077,1790663632231,7.7745585441589355,3.0964231491088867,0.2321120798587799,-4.760000228881836,3.569999933242798,14.5600004196167,1.0672200448996019,ascending,1
7,left,3170.728692307692,1790663632231,7.2552971839904785,2.2732627391815186,0.25604116916656494,-4.760000228881836,3.569999933242798,14.5600004196167,1.0455110096862075,ascending,1
7,left,3170.7383076923074,1790663632231,7.496981143951416,2.7518444061279297,0.28714898228645325,-4.760000228881836,3.569999933242798,14.5600004196167,1.0275448319938012,ascending,1
7,right,3274.885,1790663632280,5.360114097595215,5.934412002563477,0.21775463223457336,3.640000104904175,-7.980000019073486,0.3499999940395355,0.4409731123729829,ascending,1
7,right,3274.8946153846155,1790663632280,5.570690155029297,5.520439147949219,0.16750356554985046,3.640000104904175,-7.980000019073486,0.3499999940395355,0.4218805552581776,ascending,1
7,right,3274.904230769231,1790663632280,4.560883045196533,5.661620616912842,0.1722893863916397,3.640000104904175,-7.980000019073486,0.3499999940395355,0.39706498634507387,ascending,1
7,right,3274.9138461538464,1790663632280,4.9365692138671875,5.6807637214660645,0.11725249886512756,3.640000104904175,-7.980000019073486,0.3499999940395355,0.3748861608257832,ascending,1
7,right,3274.9234615384617,1790663632280,4.534560680389404,5.503688812255859,0.14596739411354065,3.640000104904175,-7.980000019073486,0.3499999940395355,0.3488348865448664,ascending,1
7,right,3274.9330769230774,1790663632280,4.879139423370361,5.156716823577881,0.11246667802333832,3.640000104904175,-7.980000019073486,0.3499999940395355,0.3226544579609347,ascending,1
7,right,3274.9426923076926,1790663632280,4.613526821136475,4.898283004760742,0.05742979422211647,3.640000104904175,-7.980000019073486,0.3499999940395355,0.29292059836236534,ascending,1
7,right,3274.952307692308,1790663632280,4.316806316375732,5.221325397491455,0.06221561133861542,3.640000104904175,-7.980000019073486,0.3499999940395355,0.2634921186609257,ascending,1
7,left,3170.75,1790663632322,7.489802360534668,2.122509479522705,0.32782840728759766,-4.130000114440918,3.569999933242798,16.520000457763672,1.003228498581579,ascending,1
7,left,3170.7596153846152,1790663632322,7.413229465484619,2.7781662940979004,0.3709007501602173,-4.130000114440918,3.569999933242798,16.520000457763672,0.9846181970109803,ascending,1
7,left,3170.769230769231,1790663632322,7.075829029083252,2.3498356342315674,0.37807947397232056,-4.130000114440918,3.569999933242798,16.520000457763672,0.9616187090122934,ascending,1
7,left,3170.778846153846,1790663632322,6.886789321899414,2.2445478439331055,0.3302213251590729,-4.130000114440918,3.569999933242798,16.520000457763672,0.9365786398240592,ascending,1
7,left,3170.7884615384614,1790663632322,6.989684581756592,2.21343994140625,0.3517574965953827,-4.130000114440918,3.569999933242798,16.520000457763672,0.9124047083558592,ascending,1
7,left,3170.798076923077,1790663632322,7.092579364776611,2.093794584274292,0.40918728709220886,-4.130000114440918,3.569999933242798,16.520000457763672,0.8888461901777864,ascending,1
7,left,3170.8076923076924,1790663632322,7.133258819580078,2.4694812297821045,0.39004403352737427,-4.130000114440918,3.569999933242798,16.520000457763672,0.8667903100362163,ascending,1
7,left,3170.8173076923076,1790663632322,7.013613700866699,2.3976938724517822,0.36850783228874207,-4.130000114440918,3.569999933242798,16.520000457763672,0.8434319673797999,ascending,1
7,right,3274.962,1790663632369,4.56566858291626,5.046643257141113,0.09810923039913177,2.940000057220459,-7.490000247955322,-2.380000114440918,0.23427872325953814,ascending,1
7,right,3274.9716153846152,1790663632369,4.560883045196533,5.278755187988281,0.03350071236491203,2.940000057220459,-7.490000247955322,-2.380000114440918,0.20689879227224495,ascending,1
7,right,3274.981230769231,1790663632369,4.46277379989624,4.8384599685668945,0.06460852175951004,2.940000057220459,-7.490000247955322,-2.380000114440918,0.17581043120182155,ascending,1
7,right,3274.990846153846,1790663632369,4.441237449645996,4.950926780700684,0.08135887235403061,2.940000057220459,-7.490000247955322,-2.380000114440918,0.14538325062463062,ascending,1
7,right,3275.0004615384614,1790663632369,3.890868663787842,4.776244640350342,0.11485958844423294,2.940000057220459,-7.490000247955322,-2.380000114440918,0.11012529668433246,ascending,1
7,right,3275.010076923077,1790663632369,4.852817535400391,4.814530849456787,0.19382555782794952,2.940000057220459,-7.490000247955322,-2.380000114440918,0.08149502118131716,ascending,1
7,right,3275.0196923076924,1790663632369,5.049036026000977,3.2639267444610596,0.33740004897117615,2.940000057220459,-7.490000247955322,-2.380000114440918,0.04333033384866806,ascending,1
7,right,3275.0293076923076,1790663632369,3.5750045776367188,5.534796237945557,0.08135887235403061,2.940000057220459,-7.490000247955322,-2.380000114440918,0.011343622504453543,resting,null
7,left,3170.829,1790663632397,6.599640369415283,2.1799392700195312,0.34936457872390747,-3.7799999713897705,2.870000123977661,14.420000076293945,0.8096552801324571,ascending,1
7,left,3170.8386153846154,1790663632397,6.716893196105957,1.93586266040802,0.3134709596633911,-3.7799999713897705,2.870000123977661,14.420000076293945,0.7822419494543484,ascending,1
7,left,3170.848230769231,1790663632397,7.944454669952393,2.8068811893463135,-0.021536173298954964,-3.7799999713897705,2.870000123977661,14.420000076293945,0.7684801134545214,ascending,1
7,left,3170.8578461538464,1790663632397,5.900911331176758,1.3735291957855225,0.25604116916656494,-3.7799999713897705,2.870000123977661,14.420000076293945,0.731981136459827,ascending,1
7,left,3170.8674615384616,1790663632397,4.898283004760742,2.2947988510131836,0.29911351203918457,-3.7799999713897705,2.870000123977661,14.420000076293945,0.6889478124733779,ascending,1
7,left,3170.8770769230773,1790663632397,6.216775417327881,1.560176134109497,0.41636601090431213,-3.7799999713897705,2.870000123977661,14.420000076293945,0.6559951665508381,ascending,1
7,left,3170.8866923076926,1790663632397,5.960733890533447,2.2301902770996094,0.34697166085243225,-3.7799999713897705,2.870000123977661,14.420000076293945,0.6225620428143646,ascending,1
7,left,3170.896307692308,1790663632397,6.092343807220459,2.0602939128875732,0.33740004897117615,-3.7799999713897705,2.870000123977661,14.420000076293945,0.5898706755808003,ascending,1
7,right,3275.038,1790663632430,4.725993633270264,4.572847366333008,0.01914326474070549,2.870000123977661,-6.650000095367432,-1.8200000524520874,-0.016791811828843217,resting,null
7,right,3275.0476153846153,1790663632430,4.168446063995361,4.055979251861572,0.047858163714408875,2.870000123977661,-6.650000095367432,-1.8200000524520874,-0.05519031621838157,resting,null
7,right,3275.057230769231,1790663632430,4.256983280181885,3.809509754180908,0.05264397710561752,2.870000123977661,-6.650000095367432,-1.8200000524520874,-0.09471477373113918,resting,null
7,right,3275.066846153846,1790663632430,4.213911056518555,4.702064514160156,0.05264397710561752,2.870000123977661,-6.650000095367432,-1.8200000524520874,-0.12825344422875312,resting,null
7,right,3275.0764615384614,1790663632430,3.7903664112091064,4.9437479972839355,0.055036887526512146,2.870000123977661,-6.650000095367432,-1.8200000524520874,-0.16286888525781595,resting,null
7,right,3275.086076923077,1790663632430,3.3572499752044678,4.28809118270874,0.1005021408200264,2.870000123977661,-6.650000095367432,-1.8200000524520874,-0.20491142648554747,descending,null
7,right,3275.0956923076924,1790663632430,3.027028799057007,4.804959297180176,0.10528795421123505,2.870000123977661,-6.650000095367432,-1.8200000524520874,-0.24548086293479748,descending,null
7,right,3275.1053076923076,1790663632430,3.785580635070801,5.144752502441406,0.0047858161851763725,2.870000123977661,-6.650000095367432,-1.8200000524520874,-0.27865628795352027,descending,null
7,left,3170.908,1790663632472,5.587440490722656,0.19621846079826355,0.3015064299106598,-3.1500000953674316,3.0799999237060547,12.319999694824219,0.5382338388006319,ascending,1
7,left,3170.917615384615,1790663632472,5.661620616912842,1.208418607711792,0.31586387753486633,-3.1500000953674316,3.0799999237060547,12.319999694824219,0.49927266852476476,ascending,1
7,left,3170.927230769231,1790663632472,6.238311290740967,1.7228938341140747,0.31825676560401917,-3.1500000953674316,3.0799999237060547,12.319999694824219,0.4670479230832907,ascending,1
7,left,3170.936846153846,1790663632472,6.121058940887451,2.9815635681152344,0.382865309715271,-3.1500000953674316,3.0799999237060547,12.319999694824219,0.4371990576870577,ascending,1
7,left,3170.9464615384613,1790663632472,6.063629150390625,2.536482572555542,0.3541503846645355,-3.1500000953674316,3.0799999237060547,12.319999694824219,0.4056025206290664,ascending,1
7,left,3170.956076923077,1790663632472,6.085165500640869,0.7753022313117981,0.382865309715271,-3.1500000953674316,3.0799999237060547,12.319999694824219,0.36951091853784135,ascending,1
7,left,3170.9656923076923,1790663632472,6.606819152832031,1.4405306577682495,0.41875892877578735,-3.1500000953674316,3.0799999237060547,12.319999694824219,0.3400502321112672,ascending,1
7,left,3170.9753076923075,1790663632472,7.185903072357178,2.1392598152160645,0.461831271648407,-3.1500000953674316,3.0799999237060547,12.319999694824219,0.31782072460257293,ascending,1
7,right,3275.113,1790663632505,4.862389087677002,4.5704545974731445,0.03110780566930771,1.6100000143051147,-6.650000095367432,-1.75,-0.3027494289947852,descending,null
7,right,3275.122615384615,1790663632505,4.249804973602295,4.553704261779785,0.04546525329351425,1.6100000143051147,-6.650000095367432,-1.75,-0.3369949842017245,descending,null
7,right,3275.132230769231,1790663632505,3.4027152061462402,5.374471664428711,-0.035893622785806656,1.6100000143051147,-6.650000095367432,-1.75,-0.37101998907587785,descending,null
7,right,3275.141846153846,1790663632505,4.984427452087402,5.4342942237854,-0.021536173298954964,1.6100000143051147,-6.650000095367432,-1.75,-0.3942240359081438,descending,null
7,right,3275.1514615384613,1790663632505,5.2811479568481445,5.4869384765625,0.011964540928602219,1.6100000143051147,-6.650000095367432,-1.75,-0.41510391663070517,descending,null
7,right,3275.161076923077,1790663632505,5.719050407409668,5.2452545166015625,-0.035893622785806656,1.6100000143051147,-6.650000095367432,-1.75,-0.4347854792656225,descending,null
7,right,3275.170692307692,1790663632505,5.132787704467773,5.580261707305908,-0.06221561133861542,1.6100000143051147,-6.650000095367432,-1.75,-0.45595777819386857,descending,null
7,right,3275.1803076923075,1790663632505,6.1976318359375,5.613762378692627,-0.06221561133861542,1.6100000143051147,-6.650000095367432,-1.75,-0.469892447937481,descending,null
7,left,3170.987,1790663632549,7.238546848297119,3.113173484802246,0.48576033115386963,-4.199999809265137,4.199999809265137,14.279999732971191,0.29453070536172665,ascending,1
7,left,3170.9966153846153,1790663632549,7.358192443847656,2.347442865371704,0.5192610621452332,-4.199999809265137,4.199999809265137,14.279999732971191,0.27448978662040535,ascending,1
7,left,3171.006230769231,1790663632549,7.779344081878662,2.9456698894500732,0.5503688454627991,-4.199999809265137,4.199999809265137,14.279999732971191,0.2599301787854374,ascending,1
7,left,3171.0158461538463,1790663632549,8.33210563659668,3.027028799057007,0.6030128598213196,-4.199999809265137,4.199999809265137,14.279999732971191,0.250718823950839,ascending,1
7,left,3171.0254615384615,1790663632549,9.250982284545898,3.864546537399292,0.6389064788818359,-4.199999809265137,4.199999809265137,14.279999732971191,0.252199954541565,ascending,1
7,left,3171.035076923077,1790663632549,9.554882049560547,3.4816813468933105,0.6771929860115051,-4.199999809265137,4.199999809265137,14.279999732971191,0.2555050579004235,ascending,1
7,left,3171.0446923076925,1790663632549,9.985605239868164,3.8956544399261475,0.6389064788818359,-4.199999809265137,4.199999809265137,14.279999732971191,0.26383946829623567,ascending,1
7,left,3171.0543076923077,1790663632549,9.9832124710083,3.890868663787842,0.6628355383872986,-4.199999809265137,4.199999809265137,14.279999732971191,0.27214373885052817,ascending,1
7,right,3275.189,1790663632609,6.176095962524414,6.204810619354248,-0.07896596938371658,1.75,-4.550000190734863,0.699999988079071,-0.47885735238268473,descending,null
7,right,3275.198615384615,1790663632609,7.147616386413574,6.4680304527282715,-0.10289505124092102,1.75,-4.550000190734863,0.699999988079071,-0.4805153565765535,descending,null
7,right,3275.208230769231,1790663632609,7.3246917724609375,6.590068817138672,-0.08853759616613388,1.75,-4.550000190734863,0.699999988079071,-0.4801380798911399,descending,null
7,right,3275.217846153846,1790663632609,7.92531156539917,7.154795169830322,-0.11485958844423294,1.75,-4.550000190734863,0.699999988079071,-0.471832521183594,descending,null
7,right,3275.2274615384613,1790663632609,7.762593746185303,7.047114372253418,-0.06939433515071869,1.75,-4.550000190734863,0.699999988079071,-0.46535001270675097,descending,null
7,right,3275.237076923077,1790663632609,7.824809551239014,6.764750957489014,-0.047858163714408875,1.75,-4.550000190734863,0.699999988079071,-0.46040469010632384,descending,null
7,right,3275.2466923076922,1790663632609,7.738664627075195,6.838931560516357,-0.10528795421123505,1.75,-4.550000190734863,0.699999988079071,-0.45549600808904067,descending,null
7,right,3275.2563076923075,1790663632609,7.729093074798584,7.020792484283447,-0.09571632742881775,1.75,-4.550000190734863,0.699999988079071,-0.4493828722395433,descending,null
7,left,3171.066,1790663632637,10.143537521362305,4.197160720825195,0.6389064788818359,-3.2899999618530273,3.2200000286102295,10.569999694824219,0.2849890042895593,ascending,1
7,left,3171.075615384615,1790663632637,9.995177268981934,4.03683614730835,0.679585874080658,-3.2899999618530273,3.2200000286102295,10.569999694824219,0.2937855268352952,ascending,1
7,left,3171.0852307692307,1790663632637,10.059785842895508,4.103837490081787,0.6724071502685547,-3.2899999618530273,3.2200000286102295,10.569999694824219,0.3033460782178602,ascending,1
7,left,3171.094846153846,1790663632637,10.256004333496094,3.8334388732910156,0.6556568145751953,-3.2899999618530273,3.2200000286102295,10.569999694824219,0.3140031013963892,ascending,1
7,left,3171.1044615384612,1790663632637,10.708263397216797,3.7640445232391357,0.6963362693786621,-3.2899999618530273,3.2200000286102295,10.569999694824219,0.32867556683197563,ascending,1
7,left,3171.114076923077,1790663632637,10.390007019042969,4.764279842376709,0.7561589479446411,-3.2899999618530273,3.2200000286102295,10.569999694824219,0.3430406122331385,ascending,1
7,left,3171.123692307692,1790663632637,10.512044906616211,4.194767951965332,0.7394086122512817,-3.2899999618530273,3.2200000286102295,10.569999694824219,0.3570358618536951,ascending,1
7,left,3171.1333076923074,1790663632637,10.330183982849121,3.2639267444610596,0.758551836013794,-3.2899999618530273,3.2200000286102295,10.569999694824219,0.3669357695550656,ascending,1
7,right,3275.265,1790663632702,7.836773872375488,7.22179651260376,-0.07896596938371658,1.5399999618530273,-5.670000076293945,2.6600000858306885,-0.44194499708323537,descending,null
7,right,3275.274615384615,1790663632702,7.726700305938721,7.461087226867676,-0.09332341700792313,1.5399999618530273,-5.670000076293945,2.6600000858306885,-0.43279871060397923,descending,null
7,right,3275.284230769231,1790663632702,6.712107181549072,8.415857315063477,-0.15553902089595795,1.5399999618530273,-5.670000076293945,2.6600000858306885,-0.4238691920252405,descending,null
7,right,3275.293846153846,1790663632702,7.640555381774902,7.298369884490967,-0.14836029708385468,1.5399999618530273,-5.670000076293945,2.6600000858306885,-0.41641765690392496,descending,null
7,right,3275.3034615384613,1790663632702,7.245725631713867,7.071043491363525,-0.20579010248184204,1.5399999618530273,-5.670000076293945,2.6600000858306885,-0.41316798754277034,descending,null
7,right,3275.313076923077,1790663632702,9.105015754699707,6.044486045837402,-0.25843408703804016,1.5399999618530273,-5.670000076293945,2.6600000858306885,-0.4043861141352033,descending,null
7,right,3275.3226923076923,1790663632702,5.001177787780762,7.944454669952393,-0.1603248417377472,1.5399999618530273,-5.670000076293945,2.6600000858306885,-0.4102837920961598,descending,null
7,right,3275.3323076923075,1790663632702,6.726464748382568,6.257454872131348,-0.2703986167907715,1.5399999618530273,-5.670000076293945,2.6600000858306885,-0.4160851949723173,descending,null
7,left,3171.146,1790663632712,10.282325744628906,3.266319513320923,0.6604426503181458,-1.6800000667572021,1.0499999523162842,8.819999694824219,0.3793434322003656,ascending,1
7,left,3171.1556153846154,1790663632712,9.435236930847168,4.06315803527832,0.7537660598754883,-1.6800000667572021,1.0499999523162842,8.819999694824219,0.3830606660448733,ascending,1
7,left,3171.165230769231,1790663632712,9.93774700164795,0.3613291084766388,0.6819788217544556,-1.6800000667572021,1.0499999523162842,8.819999694824219,0.3817805806922282,ascending,1
7,left,3171.1748461538464,1790663632712,9.631455421447754,3.5247535705566406,0.7633376717567444,-1.6800000667572021,1.0499999523162842,8.819999694824219,0.3858857316649401,ascending,1
7,left,3171.1844615384616,1790663632712,9.798958778381348,1.9932924509048462,0.7059078812599182,-1.6800000667572021,1.0499999523162842,8.819999694824219,0.3875673961935645,ascending,1
7,left,3171.1940769230773,1790663632712,9.0284423828125,5.154324054718018,0.7394086122512817,-1.6800000667572021,1.0499999523162842,8.819999694824219,0.3902219221507671,ascending,1
7,left,3171.2036923076926,1790663632712,9.468737602233887,0.5264397859573364,0.7059078812599182,-1.6800000667572021,1.0499999523162842,8.819999694824219,0.38516400709278437,ascending,1
7,left,3171.213307692308,1790663632712,9.430450439453125,2.979170560836792,0.6843717098236084,-1.6800000667572021,1.0499999523162842,8.819999694824219,0.38593226647042145,ascending,1
7,left,3171.225,1790663632789,9.820494651794434,0.19861137866973877,0.6867645978927612,-1.190000057220459,0.42000001668930054,9.170000076293945,0.3828263594396493,ascending,1
7,left,3171.234615384615,1790663632789,9.521381378173828,3.8477962017059326,0.6293348073959351,-1.190000057220459,0.42000001668930054,9.170000076293945,0.38655214138742294,ascending,1
7,left,3171.244230769231,1790663632789,9.155266761779785,1.6846072673797607,0.6628355383872986,-1.190000057220459,0.42000001668930054,9.170000076293945,0.3815413496173042,ascending,1
7,left,3171.253846153846,1790663632789,9.023656845092773,2.2397620677948,0.6125844717025757,-1.190000057220459,0.42000001668930054,9.170000076293945,0.37665086164276307,ascending,1
7,left,3171.2634615384613,1790663632789,9.686491966247559,2.790130853652954,0.6724071502685547,-1.190000057220459,0.42000001668930054,9.170000076293945,0.3792872220341541,ascending,1
7,left,3171.273076923077,1790663632789,9.758278846740723,1.8114314079284668,0.6652284264564514,-1.190000057220459,0.42000001668930054,9.170000076293945,0.38022766438942485,ascending,1
7,left,3171.2826923076923,1790663632789,9.92099666595459,3.0820655822753906,0.7322298884391785,-1.190000057220459,0.42000001668930054,9.170000076293945,0.38577155463466506,ascending,1
7,left,3171.2923076923075,1790663632789,9.542917251586914,2.072258472442627,0.679585874080658,-1.190000057220459,0.42000001668930054,9.170000076293945,0.385355387180026,ascending,1
7,right,3275.341,1790663632790,4.960498332977295,7.377335548400879,-0.016750356182456017,2.1700000762939453,-4.900000095367432,-0.49000000953674316,-0.42520891439368186,descending,null
7,right,3275.350615384615,1790663632790,9.119372367858887,4.960498332977295,-0.23450499773025513,2.1700000762939453,-4.900000095367432,-0.49000000953674316,-0.4237206097904715,descending,null
7,right,3275.360230769231,1790663632790,5.443865776062012,7.109330177307129,-0.2512553632259369,2.1700000762939453,-4.900000095367432,-0.49000000953674316,-0.4323330580581728,descending,null
7,right,3275.369846153846,1790663632790,6.570925712585449,6.104308605194092,-0.18903973698616028,2.1700000762939453,-4.900000095367432,-0.49000000953674316,-0.4402394892709263,descending,null
7,right,3275.3794615384613,1790663632790,3.8621537685394287,7.1500091552734375,-0.07418014854192734,2.1700000762939453,-4.900000095367432,-0.49000000953674316,-0.4592622148527104,descending,null
7,right,3275.389076923077,1790663632790,7.140437602996826,6.613997936248779,0.035893622785806656,2.1700000762939453,-4.900000095367432,-0.49000000953674316,-0.4598855608570757,descending,null
7,right,3275.3986923076923,1790663632790,5.345756530761719,7.097365379333496,-0.03828652948141098,2.1700000762939453,-4.900000095367432,-0.49000000953674316,-0.4692683598303664,descending,null
7,right,3275.4083076923075,1790663632790,6.085165500640869,5.702300071716309,-0.11246667802333832,2.1700000762939453,-4.900000095367432,-0.49000000953674316,-0.4832074028173289,descending,null
7,right,3275.417,1790663632834,5.202182292938232,6.73603630065918,-0.09332341700792313,0.699999988079071,-3.8499999046325684,-1.3300000429153442,-0.49477845602821297,descending,null
7,right,3275.426615384615,1790663632834,5.841088771820068,6.81500244140625,-0.1698964685201645,0.699999988079071,-3.8499999046325684,-1.3300000429153442,-0.5026990266748158,descending,null
7,right,3275.436230769231,1790663632834,6.1976318359375,6.726464748382568,-0.14357449114322662,0.699999988079071,-3.8499999046325684,-1.3300000429153442,-0.508831626389165,descending,null
7,right,3275.445846153846,1790663632834,5.946376800537109,6.305312633514404,-0.1603248417377472,0.699999988079071,-3.8499999046325684,-1.3300000429153442,-0.5195373221140637,descending,null
7,right,3275.4554615384613,1790663632834,6.788680076599121,6.645105838775635,-0.17707519233226776,0.699999988079071,-3.8499999046325684,-1.3300000429153442,-0.5222519135944141,descending,null
7,right,3275.465076923077,1790663632834,6.652284622192383,6.793466091156006,-0.16271774470806122,0.699999988079071,-3.8499999046325684,-1.3300000429153442,-0.5248607282638273,descending,null
7,right,3275.4746923076923,1790663632834,6.436922550201416,7.2576904296875,-0.09810923039913177,0.699999988079071,-3.8499999046325684,-1.3300000429153442,-0.5257239317954693,descending,null
7,right,3275.4843076923075,1790663632834,6.300527095794678,6.829359531402588,-0.08375178277492523,0.699999988079071,-3.8499999046325684,-1.3300000429153442,-0.5304526186899872,descending,null
7,left,3171.304,1790663632876,10.050213813781738,3.015064239501953,0.6436922550201416,-1.4700000286102295,-0.2800000011920929,8.819999694824219,0.39327161292913276,ascending,1
7,left,3171.3136153846153,1790663632876,9.935354232788086,2.8906328678131104,0.6604426503181458,-1.4700000286102295,-0.2800000011920929,8.819999694824219,0.3984282423962703,ascending,1
7,left,3171.323230769231,1790663632876,10.035856246948242,2.572376251220703,0.600619912147522,-1.4700000286102295,-0.2800000011920929,8.819999694824219,0.40372151410824986,ascending,1
7,left,3171.3328461538463,1790663632876,9.451987266540527,2.5699832439422607,0.588655412197113,-1.4700000286102295,-0.2800000011920929,8.819999694824219,0.40357333912339466,ascending,1
7,left,3171.3424615384615,1790663632876,9.93056869506836,2.263690948486328,0.6245490312576294,-1.4700000286102295,-0.2800000011920929,8.819999694824219,0.4071782902512686,ascending,1
7,left,3171.352076923077,1790663632876,9.710420608520508,2.931312322616577,0.5934411883354187,-1.4700000286102295,-0.2800000011920929,8.819999694824219,0.4102757862351657,ascending,1
7,left,3171.3616923076925,1790663632876,9.997570037841797,2.5245180130004883,0.6652284264564514,-1.4700000286102295,-0.2800000011920929,8.819999694824219,0.41513543823929433,ascending,1
7,left,3171.3713076923077,1790663632876,9.54052448272705,2.6393775939941406,0.6365135312080383,-1.4700000286102295,-0.2800000011920929,8.819999694824219,0.4159942372592325,ascending,1
7,right,3275.493,1790663632894,6.561354160308838,6.927468776702881,-0.03828652948141098,-0.49000000953674316,-3.1500000953674316,-0.9800000190734863,-0.5325462047261657,descending,null
7,right,3275.502615384615,1790663632894,6.444101333618164,6.941826343536377,-0.055036887526512146,-0.49000000953674316,-3.1500000953674316,-0.9800000190734863,-0.5355366506235434,descending,null
7,right,3275.512230769231,1790663632894,6.697749614715576,6.786287307739258,-0.07418014854192734,-0.49000000953674316,-3.1500000953674316,-0.9800000190734863,-0.5379053867832885,descending,null
7,right,3275.521846153846,1790663632894,6.513495922088623,6.848503112792969,-0.08375178277492523,-0.49000000953674316,-3.1500000953674316,-0.9800000190734863,-0.5410677247694843,descending,null
7,right,3275.5314615384614,1790663632894,6.649891376495361,6.788680076599121,-0.11485958844423294,-0.49000000953674316,-3.1500000953674316,-0.9800000190734863,-0.5437257562254239,descending,null
7,right,3275.541076923077,1790663632894,6.838931560516357,7.0088276863098145,-0.06221561133861542,-0.49000000953674316,-3.1500000953674316,-0.9800000190734863,-0.5436081662062676,descending,null
7,right,3275.5506923076923,1790663632894,6.898754119873047,6.968148231506348,-0.05264397710561752,-0.49000000953674316,-3.1500000953674316,-0.9800000190734863,-0.5433724920159594,descending,null
7,right,3275.5603076923076,1790663632894,7.733879089355469,6.494352340698242,-0.03110780566930771,-0.49000000953674316,-3.1500000953674316,-0.9800000190734863,-0.5408204477672248,descending,null
7,left,3171.383,1790663632952,10.0885009765625,2.720736503601074,0.6125844717025757,-1.2599999904632568,-1.4700000286102295,10.779999732971191,0.4234484695002723,ascending,1
7,left,3171.392615384615,1790663632952,9.92099666595459,2.852346420288086,0.6771929860115051,-1.2599999904632568,-1.4700000286102295,10.779999732971191,0.4283659993144323,ascending,1
7,left,3171.4022307692308,1790663632952,9.987998008728027,1.830574631690979,0.5336185097694397,-1.2599999904632568,-1.4700000286102295,10.779999732971191,0.4314434955257529,ascending,1
7,left,3171.411846153846,1790663632952,9.676919937133789,2.108151912689209,0.5982270240783691,-1.2599999904632568,-1.4700000286102295,10.779999732971191,0.43231391157642113,ascending,1
7,left,3171.4214615384612,1790663632952,9.468737602233887,2.797309637069702,0.5455830693244934,-1.2599999904632568,-1.4700000286102295,10.779999732971191,0.43278232119813337,ascending,1
7,left,3171.431076923077,1790663632952,9.341913223266602,1.9095406532287598,0.6389064788818359,-1.2599999904632568,-1.4700000286102295,10.779999732971191,0.43011456718848184,ascending,1
7,left,3171.440692307692,1790663632952,8.743685722351074,2.7590229511260986,0.6365135312080383,-1.2599999904632568,-1.4700000286102295,10.779999732971191,0.4237731691580157,ascending,1
7,left,3171.4503076923074,1790663632952,9.136122703552246,2.1249024868011475,0.5575475692749023,-1.2599999904632568,-1.4700000286102295,10.779999732971191,0.4196270623700391,ascending,1
7,right,3275.569,1790663632970,6.144988059997559,7.212224960327148,-0.05742979422211647,-0.7699999809265137,-1.6800000667572021,-0.3499999940395355,-0.5436336534648379,descending,null
7,right,3275.578615384615,1790663632970,6.365135669708252,7.004042148590088,-0.047858163714408875,-0.7699999809265137,-1.6800000667572021,-0.3499999940395355,-0.5467087619440606,descending,null
7,right,3275.588230769231,1790663632970,5.939198017120361,6.992077350616455,-0.02632198855280876,-0.7699999809265137,-1.6800000667572021,-0.3499999940395355,-0.5526979569874997,descending,null
7,right,3275.597846153846,1790663632970,6.633141040802002,6.171309947967529,-0.09332341700792313,-0.7699999809265137,-1.6800000667572021,-0.3499999940395355,-0.5597367241960263,descending,null
7,right,3275.6074615384614,1790663632970,6.207203388214111,6.422565460205078,-0.08853759616613388,-0.7699999809265137,-1.6800000667572021,-0.3499999940395355,-0.5678726325828284,descending,null
7,right,3275.617076923077,1790663632970,6.6427130699157715,5.977484226226807,-0.059822700917720795,-0.7699999809265137,-1.6800000667572021,-0.3499999940395355,-0.5761739937888359,descending,null
7,right,3275.6266923076923,1790663632970,5.879374980926514,6.759965419769287,-0.08853759616613388,-0.7699999809265137,-1.6800000667572021,-0.3499999940395355,-0.5841525092591652,descending,null
7,right,3275.6363076923076,1790663632970,6.45845890045166,6.164131164550781,-0.06939433515071869,-0.7699999809265137,-1.6800000667572021,-0.3499999940395355,-0.5923864693970163,descending,null
7,left,3171.462,1790663633027,8.887260437011719,2.809274196624756,0.5910483002662659,-0.9800000190734863,-2.6600000858306885,12.529999732971191,0,resting,null
7,left,3171.4716153846152,1790663633027,8.997334480285645,2.0124356746673584,0.5838695764541626,-0.9800000190734863,-2.6600000858306885,12.529999732971191,-0.005467324621562763,resting,null
7,left,3171.481230769231,1790663633027,8.693434715270996,2.479052782058716,0.5360113978385925,-0.9800000190734863,-2.6600000858306885,12.529999732971191,-0.012787238354663853,resting,null
7,left,3171.490846153846,1790663633027,8.753257751464844,1.9215052127838135,0.48576033115386963,-0.9800000190734863,-2.6600000858306885,12.529999732971191,-0.020779517541629773,resting,null
7,left,3171.5004615384614,1790663633027,8.255533218383789,3.6443989276885986,0.6101915836334229,-0.9800000190734863,-2.6600000858306885,12.529999732971191,-0.029677673634257003,resting,null
7,left,3171.510076923077,1790663633027,7.9683837890625,1.464459776878357,0.5120823383331299,-0.9800000190734863,-2.6600000858306885,12.529999732971191,-0.0459508326532126,resting,null
7,left,3171.5196923076924,1790663633027,7.432372570037842,1.9932924509048462,0.4929390549659729,-0.9800000190734863,-2.6600000858306885,12.529999732971191,-0.06613789304064545,resting,null
7,left,3171.5293076923076,1790663633027,7.056685924530029,1.2778129577636719,0.4546525478363037,-0.9800000190734863,-2.6600000858306885,12.529999732971191,-0.09134160437860832,resting,null
7,right,3275.645,1790663633060,6.070807933807373,6.300527095794678,-0.02632198855280876,-0.9800000190734863,-1.9600000381469727,-2.799999952316284,-0.6013205381778512,descending,null
7,right,3275.654615384615,1790663633060,7.34383487701416,5.065786361694336,-0.03828652948141098,-0.9800000190734863,-1.9600000381469727,-2.799999952316284,-0.6112103305105333,descending,null
7,right,3275.664230769231,1790663633060,5.367292881011963,6.278990745544434,-0.01914326474070549,-0.9800000190734863,-1.9600000381469727,-2.799999952316284,-0.6259252712260849,descending,null
7,right,3275.673846153846,1790663633060,5.764515399932861,5.39122200012207,-0.08614469319581985,-0.9800000190734863,-1.9600000381469727,-2.799999952316284,-0.644111049964291,descending,null
7,right,3275.6834615384614,1790663633060,4.996392250061035,5.896125316619873,-0.0502510704100132,-0.9800000190734863,-1.9600000381469727,-2.799999952316284,-0.663923826892939,descending,null
7,right,3275.693076923077,1790663633060,6.030128479003906,4.575240135192871,-0.021536173298954964,-0.9800000190734863,-1.9600000381469727,-2.799999952316284,-0.6859744493527747,descending,null
7,right,3275.7026923076924,1790663633060,4.584811687469482,4.934176445007324,-0.03110780566930771,-0.9800000190734863,-1.9600000381469727,-2.799999952316284,-0.7151745864953821,descending,null
7,right,3275.7123076923076,1790663633060,4.958105564117432,4.268948078155518,0.047858163714408875,-0.9800000190734863,-1.9600000381469727,-2.799999952316284,-0.7464875406850965,descending,null
7,left,3171.543,1790663633102,6.958576679229736,2.3354783058166504,0.43790218234062195,-0.49000000953674316,-4.269999980926514,12.670000076293945,-0.1254370717831968,resting,null
7,left,3171.5526153846154,1790663633102,6.709714412689209,1.4788172245025635,0.3948298394680023,-0.49000000953674316,-4.269999980926514,12.670000076293945,-0.15348419313320238,resting,null
7,left,3171.562230769231,1790663633102,6.51828145980835,1.7898952960968018,0.4020085632801056,-0.49000000953674316,-4.269999980926514,12.670000076293945,-0.18267779435763373,descending,null
7,left,3171.5718461538463,1790663633102,6.290955543518066,1.1079164743423462,0.34936457872390747,-0.49000000953674316,-4.269999980926514,12.670000076293945,-0.21539788078815578,descending,null
7,left,3171.5814615384616,1790663633102,6.164131164550781,1.6678569316864014,0.35654330253601074,-0.49000000953674316,-4.269999980926514,12.670000076293945,-0.2481693447857884,descending,null
7,left,3171.5910769230773,1790663633102,5.9894490242004395,1.3137065172195435,0.27518442273139954,-0.49000000953674316,-4.269999980926514,12.670000076293945,-0.28331346637622995,descending,null
7,left,3171.6006923076925,1790663633102,5.1902174949646,0.9571632146835327,0.33740004897117615,-0.49000000953674316,-4.269999980926514,12.670000076293945,-0.3266155274888646,descending,null
7,left,3171.6103076923077,1790663633102,5.178253173828125,0.26800569891929626,0.2703986167907715,-0.49000000953674316,-4.269999980926514,12.670000076293945,-0.37137211720654123,descending,null
7,right,3275.72,1790663633119,4.735565185546875,5.2165398597717285,0.03828652948141098,-0.7699999809265137,-2.380000114440918,2.1700000762939453,-0.7674645051235937,descending,null
7,right,3275.729615384615,1790663633119,4.6757426261901855,4.314413070678711,0.06221561133861542,-0.7699999809265137,-2.380000114440918,2.1700000762939453,-0.8003229303530932,descending,null
7,right,3275.7392307692307,1790663633119,4.178017616271973,4.527381896972656,0.08135887235403061,-0.7699999809265137,-2.380000114440918,2.1700000762939453,-0.8350105522947403,descending,null
7,right,3275.748846153846,1790663633119,4.249804973602295,3.9889779090881348,0.07896596938371658,-0.7699999809265137,-2.380000114440918,2.1700000762939453,-0.8729289554799727,descending,null
7,right,3275.7584615384612,1790663633119,5.393614768981934,3.6707210540771484,0.05742979422211647,-0.7699999809265137,-2.380000114440918,2.1700000762939453,-0.905397199614691,descending,null
7,right,3275.768076923077,1790663633119,3.2136754989624023,3.9028329849243164,0.10528795421123505,-0.7699999809265137,-2.380000114440918,2.1700000762939453,-0.9507938362332635,descending,null
7,right,3275.777692307692,1790663633119,3.47210955619812,3.6802926063537598,0.11007377505302429,-0.7699999809265137,-2.380000114440918,2.1700000762939453,-0.9959842716396072,descending,null
7,right,3275.7873076923074,1790663633119,3.3261423110961914,3.933940887451172,0.12203831225633621,-0.7699999809265137,-2.380000114440918,2.1700000762939453,-1.0403772664693225,descending,null
7,left,3171.622,1790663633192,5.116037368774414,1.49317467212677,0.3230426013469696,-0.2800000011920929,-3.640000104904175,15.399999618530273,-0.4235829047375868,descending,null
7,left,3171.631615384615,1790663633192,5.13039493560791,0.9691277742385864,0.23929080367088318,-0.2800000011920929,-3.640000104904175,15.399999618530273,-0.4674003736129321,descending,null
7,left,3171.641230769231,1790663633192,4.7953877449035645,1.0863802433013916,0.23929080367088318,-0.2800000011920929,-3.640000104904175,15.399999618530273,-0.5141332586795625,descending,null
7,left,3171.650846153846,1790663633192,5.843481540679932,0.7298369407653809,0.2943277060985565,-0.2800000011920929,-3.640000104904175,15.399999618530273,-0.5515966381210221,descending,null
7,left,3171.6604615384613,1790663633192,5.886553764343262,1.1820966005325317,0.27518442273139954,-0.2800000011920929,-3.640000104904175,15.399999618530273,-0.587819417340739,descending,null
7,left,3171.670076923077,1790663633192,6.750393867492676,0.983485221862793,0.27518442273139954,-0.2800000011920929,-3.640000104904175,15.399999618530273,-0.6162260976400091,descending,null
7,left,3171.679692307692,1790663633192,6.764750957489014,1.5864980220794678,0.339792937040329,-0.2800000011920929,-3.640000104904175,15.399999618530273,-0.6433928560077016,descending,null
7,left,3171.6893076923075,1790663633192,8.032992362976074,2.0267932415008545,0.3110780417919159,-0.2800000011920929,-3.640000104904175,15.399999618530273,-0.6578201979039139,descending,null
7,right,3275.797,1790663633194,3.977013349533081,3.218461275100708,0.07178724557161331,-1.4700000286102295,-2.380000114440918,-0.6299999952316284,-1.0856995776825082,descending,null
7,right,3275.8066153846153,1790663633194,3.4027152061462402,3.9100117683410645,0.055036887526512146,-1.4700000286102295,-2.380000114440918,-0.6299999952316284,-1.1296931677916988,descending,null
7,right,3275.816230769231,1790663633194,3.723365068435669,3.929155111312866,0.13878867030143738,-1.4700000286102295,-2.380000114440918,-0.6299999952316284,-1.1714053701928473,descending,null
7,right,3275.825846153846,1790663633194,4.209125518798828,4.792994976043701,0.09571632742881775,-1.4700000286102295,-2.380000114440918,-0.6299999952316284,-1.2038769031386725,descending,null
7,right,3275.8354615384615,1790663633194,4.221089839935303,4.271340847015381,0.07896596938371658,-1.4700000286102295,-2.380000114440918,-0.6299999952316284,-1.2398569806391815,descending,null
7,right,3275.845076923077,1790663633194,5.412757873535156,4.658992290496826,0.11725249886512756,-1.4700000286102295,-2.380000114440918,-0.6299999952316284,-1.2651814236516523,descending,null
7,right,3275.8546923076924,1790663633194,4.580026149749756,5.886553764343262,0.15553902089595795,-1.4700000286102295,-2.380000114440918,-0.6299999952316284,-1.287576452304213,descending,null
7,right,3275.8643076923076,1790663633194,5.592226028442383,6.355564117431641,0.17707519233226776,-1.4700000286102295,-2.380000114440918,-0.6299999952316284,-1.2999589361252746,descending,null
7,left,3171.701,1790663633269,8.406286239624023,0.7872667908668518,0.284756064414978,-2.0299999713897705,-0.21000000834465027,9.65999984741211,-0.6736828865530877,descending,null
7,left,3171.7106153846153,1790663633269,9.418486595153809,1.8568966388702393,0.38525819778442383,-2.0299999713897705,-0.21000000834465027,9.65999984741211,-0.6752859032967913,descending,null
7,left,3171.720230769231,1790663633269,9.207910537719727,0.9906639456748962,0.35893622040748596,-2.0299999713897705,-0.21000000834465027,9.65999984741211,-0.6803474921420861,descending,null
7,left,3171.729846153846,1790663633269,9.073907852172852,1.9310768842697144,0.382865309715271,-2.0299999713897705,-0.21000000834465027,9.65999984741211,-0.6850861930161088,descending,null
7,left,3171.7394615384615,1790663633269,8.640790939331055,1.847325086593628,0.3732936680316925,-2.0299999713897705,-0.21000000834465027,9.65999984741211,-0.694060733766302,descending,null
7,left,3171.749076923077,1790663633269,8.662327766418457,1.5984625816345215,0.3517574965953827,-2.0299999713897705,-0.21000000834465027,9.65999984741211,-0.7032548511562218,descending,null
7,left,3171.7586923076924,1790663633269,8.77718734741211,0.964341938495636,0.4307234585285187,-2.0299999713897705,-0.21000000834465027,9.65999984741211,-0.7123688042109513,descending,null
7,left,3171.7683076923076,1790663633269,8.858545303344727,2.148831367492676,0.3613291084766388,-2.0299999713897705,-0.21000000834465027,9.65999984741211,-0.7187905185337499,descending,null
7,right,3275.873,1790663633269,5.872196674346924,6.71928596496582,0.11725249886512756,-3.0799999237060547,-0.14000000059604645,-0.07000000029802322,-1.30716984213896,descending,null
7,right,3275.8826153846153,1790663633269,6.161738395690918,6.767144203186035,0.15793193876743317,-3.0799999237060547,-0.14000000059604645,-0.07000000029802322,-1.3128832470618168,descending,null
7,right,3275.892230769231,1790663633269,6.6786065101623535,6.255061626434326,0.12682412564754486,-3.0799999237060547,-0.14000000059604645,-0.07000000029802322,-1.3186995623831341,descending,null
7,right,3275.9018461538462,1790663633269,5.752551078796387,6.345992088317871,0.14836029708385468,-3.0799999237060547,-0.14000000059604645,-0.07000000029802322,-1.330044474830121,descending,null
7,right,3275.9114615384615,1790663633269,6.051664352416992,6.489566802978516,0.12203831225633621,-3.0799999237060547,-0.14000000059604645,-0.07000000029802322,-1.3383926013407563,descending,null
7,right,3275.921076923077,1790663633269,5.92962646484375,5.970305919647217,0.1411815732717514,-3.0799999237060547,-0.14000000059604645,-0.07000000029802322,-1.3511501930143632,descending,null
7,right,3275.9306923076924,1790663633269,5.75494384765625,6.755179405212402,0.1316099464893341,-3.0799999237060547,-0.14000000059604645,-0.07000000029802322,-1.359607668788046,descending,null
7,right,3275.9403076923077,1790663633269,5.908090114593506,6.472816467285156,0.16511066257953644,-3.0799999237060547,-0.14000000059604645,-0.07000000029802322,-1.3690031835614762,descending,null
7,left,3171.78,1790663633342,8.832223892211914,1.1007376909255981,0.32543548941612244,-0.8400000333786011,-2.450000047683716,14,-0.7289884432142872,descending,null
7,left,3171.7896153846154,1790663633342,8.485252380371094,1.4883887767791748,0.30629223585128784,-0.8400000333786011,-2.450000047683716,14,-0.7400447220440018,descending,null
7,left,3171.799230769231,1790663633342,9.021263122558594,1.131845474243164,0.3015064299106598,-0.8400000333786011,-2.450000047683716,14,-0.7465711464625572,descending,null
7,left,3171.8088461538464,1790663633342,9.258161544799805,1.2802058458328247,0.3613291084766388,-0.8400000333786011,-2.450000047683716,14,-0.7505878159966645,descending,null
7,left,3171.8184615384616,1790663633342,9.282090187072754,1.8257888555526733,0.34936457872390747,-0.8400000333786011,-2.450000047683716,14,-0.7535611839161455,descending,null
7,left,3171.8280769230773,1790663633342,8.822651863098145,1.1222739219665527,0.28714898228645325,-0.8400000333786011,-2.450000047683716,14,-0.7619593897090878,descending,null
7,left,3171.8376923076926,1790663633342,9.473523139953613,1.6247845888137817,0.29911351203918457,-0.8400000333786011,-2.450000047683716,14,-0.7634378924517314,descending,null
7,left,3171.847307692308,1790663633342,9.404129028320312,1.3496001958847046,0.34936457872390747,-0.8400000333786011,-2.450000047683716,14,-0.7659529939452204,descending,null
7,right,3275.949,1790663633343,5.908090114593506,6.915504455566406,0.2010042816400528,-1.75,-1.6800000667572021,0.9800000190734863,-1.374703323455984,descending,null
7,right,3275.9586153846153,1790663633343,6.1306304931640625,6.420172214508057,0.15793193876743317,-1.75,-1.6800000667572021,0.9800000190734863,-1.3829783586345052,descending,null
7,right,3275.968230769231,1790663633343,6.618783950805664,6.893968105316162,0.18425391614437103,-1.75,-1.6800000667572021,0.9800000190734863,-1.3847143022535653,descending,null
7,right,3275.9778461538463,1790663633343,6.288562297821045,6.838931560516357,0.2105759084224701,-1.75,-1.6800000667572021,0.9800000190734863,-1.3890175898119728,descending,null
7,right,3275.9874615384615,1790663633343,6.2981343269348145,6.781501770019531,0.16511066257953644,-1.75,-1.6800000667572021,0.9800000190734863,-1.3936534700694532,descending,null
7,right,3275.997076923077,1790663633343,6.0038065910339355,6.798252105712891,0.21536172926425934,-1.75,-1.6800000667572021,0.9800000190734863,-1.4001113863796513,descending,null
7,right,3276.0066923076924,1790663633343,6.355564117431641,7.171545505523682,0.25843408703804016,-1.75,-1.6800000667572021,0.9800000190734863,-1.4016297678255554,descending,null
7,right,3276.0163076923077,1790663633343,6.838931560516357,7.236154079437256,0.23450499773025513,-1.75,-1.6800000667572021,0.9800000190734863,-1.3995041749778774,descending,null
7,right,3276.024,1790663633419,6.436922550201416,6.972934246063232,0.2225404530763626,-1.3300000429153442,-1.6800000667572021,0.9800000190734863,-1.4013974945823604,descending,null
7,right,3276.033615384615,1790663633419,6.599640369415283,7.831988334655762,0.20339718461036682,-1.3300000429153442,-1.6800000667572021,0.9800000190734863,-1.39667817897536,descending,null
7,right,3276.043230769231,1790663633419,7.240940093994141,7.3318705558776855,0.14596739411354065,-1.3300000429153442,-1.6800000667572021,0.9800000190734863,-1.3912364527953733,descending,null
7,right,3276.052846153846,1790663633419,7.006434917449951,7.374942779541016,0.11007377505302429,-1.3300000429153442,-1.6800000667572021,0.9800000190734863,-1.387046216232615,descending,null
7,right,3276.0624615384613,1790663633419,7.415622234344482,7.374942779541016,0.1005021408200264,-1.3300000429153442,-1.6800000667572021,0.9800000190734863,-1.3801488293384134,descending,null
7,right,3276.072076923077,1790663633419,7.961205005645752,8.006670951843262,0.09571632742881775,-1.3300000429153442,-1.6800000667572021,0.9800000190734863,-1.3652376270334607,descending,null
7,right,3276.0816923076923,1790663633419,7.1356520652771,8.061707496643066,0.1411815732717514,-1.3300000429153442,-1.6800000667572021,0.9800000190734863,-1.3554198374232505,descending,null
7,right,3276.0913076923075,1790663633419,7.7602009773254395,8.224425315856934,0.13878867030143738,-1.3300000429153442,-1.6800000667572021,0.9800000190734863,-1.340335727115974,descending,null
7,left,3171.859,1790663633431,9.698456764221191,1.3831008672714233,0.3206496834754944,-1.190000057220459,-1.6100000143051147,11.34000015258789,-0.7655625359973125,descending,null
7,left,3171.868615384615,1790663633431,10.033463478088379,1.868861198425293,0.3517574965953827,-1.190000057220459,-1.6100000143051147,11.34000015258789,-0.7613779703394461,descending,null
7,left,3171.878230769231,1790663633431,10.370863914489746,1.1940611600875854,0.4259376525878906,-1.190000057220459,-1.6100000143051147,11.34000015258789,-0.7548810613999893,descending,null
7,left,3171.887846153846,1790663633431,10.081321716308594,1.7898952960968018,0.44268798828125,-1.190000057220459,-1.6100000143051147,11.34000015258789,-0.7503368562620074,descending,null
7,left,3171.8974615384614,1790663633431,10.832695007324219,2.3522286415100098,0.48815324902534485,-1.190000057220459,-1.6100000143051147,11.34000015258789,-0.7378799833692952,descending,null
7,left,3171.907076923077,1790663633431,10.892518043518066,1.2921704053878784,0.5001177787780762,-1.190000057220459,-1.6100000143051147,11.34000015258789,-0.7262678407268511,descending,null
7,left,3171.9166923076923,1790663633431,11.038484573364258,2.1607959270477295,0.569512128829956,-1.190000057220459,-1.6100000143051147,11.34000015258789,-0.7121143365331425,descending,null
7,left,3171.9263076923075,1790663633431,10.756121635437012,1.5745335817337036,0.4761887192726135,-1.190000057220459,-1.6100000143051147,11.34000015258789,-0.7014521190339956,descending,null
7,right,3276.1,1790663633494,7.073436260223389,8.406286239624023,0.18903973698616028,-1.1200000047683716,-1.9600000381469727,1.6800000667572021,-1.3296557586157636,descending,null
7,right,3276.109615384615,1790663633494,7.492195129394531,8.088028907775879,0.19861137866973877,-1.1200000047683716,-1.9600000381469727,1.6800000667572021,-1.317298687262036,descending,null
7,right,3276.119230769231,1790663633494,7.384514331817627,7.635769844055176,0.17946811020374298,-1.1200000047683716,-1.9600000381469727,1.6800000667572021,-1.3088170515184088,descending,null
7,right,3276.128846153846,1790663633494,7.018399238586426,7.487409591674805,0.13400284945964813,-1.1200000047683716,-1.9600000381469727,1.6800000667572021,-1.303799298195364,descending,null
7,right,3276.1384615384613,1790663633494,7.446730136871338,7.209832191467285,0.11007377505302429,-1.1200000047683716,-1.9600000381469727,1.6800000667572021,-1.2978877403169358,descending,null
7,right,3276.148076923077,1790663633494,6.817395210266113,7.274440765380859,0.09332341700792313,-1.1200000047683716,-1.9600000381469727,1.6800000667572021,-1.2956943510929408,descending,null
7,right,3276.1576923076923,1790663633494,7.166759967803955,6.898754119873047,0.13639576733112335,-1.1200000047683716,-1.9600000381469727,1.6800000667572021,-1.2938010566115459,descending,null
7,right,3276.1673076923075,1790663633494,6.862860202789307,7.358192443847656,0.10289505124092102,-1.1200000047683716,-1.9600000381469727,1.6800000667572021,-1.2907241860583272,descending,null
7,left,3171.938,1790663633508,10.952340126037598,1.1246668100357056,0.44747382402420044,-0.9800000190734863,-2.0299999713897705,8.75,-0.6869305201387307,descending,null
7,left,3171.9476153846153,1790663633508,10.60058307647705,1.8233959674835205,0.43790218234062195,-0.9800000190734863,-2.0299999713897705,8.75,-0.6774650742067273,descending,null
7,left,3171.957230769231,1790663633508,10.698692321777344,1.237133502960205,0.4331163763999939,-0.9800000190734863,-2.0299999713897705,8.75,-0.6678073357789976,descending,null
7,left,3171.9668461538463,1790663633508,10.392399787902832,1.7372512817382812,0.4737958014011383,-0.9800000190734863,-2.0299999713897705,8.75,-0.660439703230488,descending,null
7,left,3171.9764615384615,1790663633508,10.516831398010254,1.5290682315826416,0.4546525478363037,-0.9800000190734863,-2.0299999713897705,8.75,-0.6521539292119984,descending,null
7,left,3171.9860769230772,1790663633508,9.92099666595459,1.416601538658142,0.44986671209335327,-0.9800000190734863,-2.0299999713897705,8.75,-0.6496873622472821,descending,null
7,left,3171.9956923076925,1790663633508,10.19857406616211,1.6965718269348145,0.45943835377693176,-0.9800000190734863,-2.0299999713897705,8.75,-0.6442271186472595,descending,null
7,left,3172.0053076923077,1790663633508,10.296683311462402,1.4788172245025635,0.5431901216506958,-0.9800000190734863,-2.0299999713897705,8.75,-0.6380742569022787,descending,null
7,right,3276.176,1790663633570,7.413229465484619,7.559196472167969,0.06460852175951004,-0.9100000262260437,-1.4700000286102295,2.309999942779541,-1.283387380349337,descending,null
7,right,3276.185615384615,1790663633570,7.195474624633789,7.645341396331787,0.0909305065870285,-0.9100000262260437,-1.4700000286102295,2.309999942779541,-1.276114996433508,descending,null
7,right,3276.195230769231,1790663633570,7.233761310577393,7.812844753265381,0.0023929080925881863,-0.9100000262260437,-1.4700000286102295,2.309999942779541,-1.2674314101269875,descending,null
7,right,3276.204846153846,1790663633570,7.5926971435546875,7.437158584594727,-0.011964540928602219,-0.9100000262260437,-1.4700000286102295,2.309999942779541,-1.2589931639254968,descending,null
7,right,3276.2144615384614,1790663633570,7.57834005355835,7.8726677894592285,-0.01914326474070549,-0.9100000262260437,-1.4700000286102295,2.309999942779541,-1.2476206814929087,descending,null
7,right,3276.224076923077,1790663633570,7.83916711807251,7.504159927368164,0.007178724277764559,-0.9100000262260437,-1.4700000286102295,2.309999942779541,-1.237074046390185,descending,null
7,right,3276.2336923076923,1790663633570,7.554410934448242,7.755414962768555,0.08375178277492523,-0.9100000262260437,-1.4700000286102295,2.309999942779541,-1.22667562166577,descending,null
7,right,3276.2433076923076,1790663633570,7.547232151031494,7.614233493804932,0.1005021408200264,-0.9100000262260437,-1.4700000286102295,2.309999942779541,-1.217303339576053,descending,null
7,left,3172.018,1790663633582,10.646048545837402,2.0196144580841064,0.5120823383331299,-0.5600000023841858,-1.399999976158142,9.3100004196167,-0.6246955621881615,descending,null
7,left,3172.0276153846153,1790663633582,10.744157791137695,1.2802058458328247,0.5671192407608032,-0.5600000023841858,-1.399999976158142,9.3100004196167,-0.6145238025227857,descending,null
7,left,3172.037230769231,1790663633582,11.277775764465332,1.682214379310608,0.6317277550697327,-0.5600000023841858,-1.399999976158142,9.3100004196167,-0.5987592794467848,descending,null
7,left,3172.046846153846,1790663633582,11.124629974365234,1.7827165126800537,0.6867645978927612,-0.5600000023841858,-1.399999976158142,9.3100004196167,-0.5843166752081893,descending,null
7,left,3172.0564615384615,1790663633582,10.940375328063965,1.485995888710022,0.6149773597717285,-0.5600000023841858,-1.399999976158142,9.3100004196167,-0.572023798982989,descending,null
7,left,3172.066076923077,1790663633582,10.313433647155762,1.8712540864944458,0.5312256217002869,-0.5600000023841858,-1.399999976158142,9.3100004196167,-0.5652774252910537,descending,null
7,left,3172.0756923076924,1790663633582,10.236861228942871,1.1844894886016846,0.43790218234062195,-0.5600000023841858,-1.399999976158142,9.3100004196167,-0.5601280051676106,descending,null
7,left,3172.0853076923077,1790663633582,10.406757354736328,1.4237803220748901,0.4450809061527252,-0.5600000023841858,-1.399999976158142,9.3100004196167,-0.5530775083764968,descending,null
7,left,3172.097,1790663633656,10.200966835021973,1.2586696147918701,0.44747382402420044,-0.07000000029802322,-2.0999999046325684,9.380000114440918,-0.5471289755653336,descending,null
7,left,3172.1066153846155,1790663633656,10.291897773742676,1.3160994052886963,0.4235447347164154,-0.07000000029802322,-2.0999999046325684,9.380000114440918,-0.5413159234585067,descending,null
7,left,3172.116230769231,1790663633656,10.509652137756348,1.7252867221832275,0.49772489070892334,-0.07000000029802322,-2.0999999046325684,9.380000114440918,-0.5329245584260498,descending,null
7,left,3172.1258461538464,1790663633656,10.993020057678223,1.2730270624160767,0.5479759573936462,-0.07000000029802322,-2.0999999046325684,9.380000114440918,-0.5204330516339949,descending,null
7,left,3172.1354615384616,1790663633656,10.854230880737305,1.5386399030685425,0.6077986359596252,-0.07000000029802322,-2.0999999046325684,9.380000114440918,-0.5089435644184911,descending,null
7,left,3172.1450769230773,1790663633656,10.701085090637207,1.4453164339065552,0.6580497026443481,-0.07000000029802322,-2.0999999046325684,9.380000114440918,-0.4990043429021091,descending,null
7,left,3172.1546923076926,1790663633656,10.488116264343262,1.1629533767700195,0.5862624645233154,-0.07000000029802322,-2.0999999046325684,9.380000114440918,-0.4914478384863638,descending,null
7,left,3172.164307692308,1790663633656,10.490509033203125,1.416601538658142,0.619763195514679,-0.07000000029802322,-2.0999999046325684,9.380000114440918,-0.48357613699047614,descending,null
7,right,3276.253,1790663633674,7.315120220184326,8.030599594116211,0.18903973698616028,-0.699999988079071,-2.0299999713897705,1.5399999618530273,-1.2065127333093453,descending,null
7,right,3276.2626153846154,1790663633674,7.336656093597412,7.74345064163208,0.18425391614437103,-0.699999988079071,-2.0299999713897705,1.5399999618530273,-1.1976548693651445,descending,null
7,right,3276.272230769231,1790663633674,7.441944122314453,7.310334205627441,0.14357449114322662,-0.699999988079071,-2.0299999713897705,1.5399999618530273,-1.1910960142530707,descending,null
7,right,3276.2818461538463,1790663633674,7.3797287940979,7.580732822418213,0.06939433515071869,-0.699999988079071,-2.0299999713897705,1.5399999618530273,-1.1830929212191896,descending,null
7,right,3276.2914615384616,1790663633674,7.784130096435547,7.6692705154418945,0.009571632370352745,-0.699999988079071,-2.0299999713897705,1.5399999618530273,-1.1717762464847103,descending,null
7,right,3276.3010769230773,1790663633674,7.5926971435546875,7.942061901092529,-0.0047858161851763725,-0.699999988079071,-2.0299999713897705,1.5399999618530273,-1.159869676949153,descending,null
7,right,3276.3106923076925,1790663633674,7.4658732414245605,7.614233493804932,0.021536173298954964,-0.699999988079071,-2.0299999713897705,1.5399999618530273,-1.1510752401544275,descending,null
7,right,3276.320307692308,1790663633674,7.5998759269714355,7.6979851722717285,-0.014357448555529118,-0.699999988079071,-2.0299999713897705,1.5399999618530273,-1.140809759986238,descending,null
7,left,3172.176,1790663633747,10.10525131225586,1.3208853006362915,0.569512128829956,-0.49000000953674316,-2.0999999046325684,8.399999618530273,-0.4786317876409392,descending,null
7,left,3172.185615384615,1790663633747,9.674527168273926,1.1988469362258911,0.509689450263977,-0.49000000953674316,-2.0999999046325684,8.399999618530273,-0.4788366264721313,descending,null
7,left,3172.195230769231,1790663633747,9.176802635192871,1.1629533767700195,0.44029510021209717,-0.49000000953674316,-2.0999999046325684,8.399999618530273,-0.4838584241810449,descending,null
7,left,3172.204846153846,1790663633747,9.545310020446777,0.923662543296814,0.44029510021209717,-0.49000000953674316,-2.0999999046325684,8.399999618530273,-0.48562376219621234,descending,null
7,left,3172.2144615384614,1790663633747,9.569239616394043,1.012200117111206,0.4737958014011383,-0.49000000953674316,-2.0999999046325684,8.399999618530273,-0.48704796418723556,descending,null
7,left,3172.224076923077,1790663633747,10.040642738342285,1.2036327123641968,0.5503688454627991,-0.49000000953674316,-2.0999999046325684,8.399999618530273,-0.48373757546039853,descending,null
7,left,3172.2336923076923,1790663633747,10.497687339782715,1.2179901599884033,0.5910483002662659,-0.49000000953674316,-2.0999999046325684,8.399999618530273,-0.47603342236785845,descending,null
7,left,3172.2433076923076,1790663633747,10.567082405090332,1.3328498601913452,0.600619912147522,-0.49000000953674316,-2.0999999046325684,8.399999618530273,-0.46754602014299657,descending,null
7,right,3276.328,1790663633765,7.43955135345459,7.518517017364502,-0.009571632370352745,0,-2.0999999046325684,2.240000009536743,-1.134448099467986,descending,null
7,right,3276.337615384615,1790663633765,7.39647912979126,7.408443450927734,0.03828652948141098,0,-2.0999999046325684,2.240000009536743,-1.1275421295314854,descending,null
7,right,3276.347230769231,1790663633765,7.1571879386901855,7.130866050720215,0.05742979422211647,0,-2.0999999046325684,2.240000009536743,-1.1241516432294525,descending,null
7,right,3276.356846153846,1790663633765,6.846109867095947,6.877217769622803,0.06221561133861542,0,-2.0999999046325684,2.240000009536743,-1.124597593532501,descending,null
7,right,3276.3664615384614,1790663633765,6.582890033721924,6.898754119873047,0.09571632742881775,0,-2.0999999046325684,2.240000009536743,-1.1266740306284493,descending,null
7,right,3276.376076923077,1790663633765,6.925076007843018,7.0160064697265625,0.08853759616613388,0,-2.0999999046325684,2.240000009536743,-1.1256355233258335,descending,null
7,right,3276.3856923076924,1790663633765,6.927468776702881,6.9801130294799805,0.07896596938371658,0,-2.0999999046325684,2.240000009536743,-1.1248266999483405,descending,null
7,right,3276.3953076923076,1790663633765,7.298369884490967,7.408443450927734,0.035893622785806656,0,-2.0999999046325684,2.240000009536743,-1.1185873061409186,descending,null
7,left,3172.255,1790663633824,10.890124320983887,1.2778129577636719,0.667621374130249,-0.699999988079071,0,7.139999866485596,-0.45351329272837726,descending,null
7,left,3172.2646153846154,1790663633824,11.165308952331543,1.7037506103515625,0.6724071502685547,-0.699999988079071,0,7.139999866485596,-0.4389048842632549,descending,null
7,left,3172.274230769231,1790663633824,11.39981460571289,0.9021263718605042,0.6412993669509888,-0.699999988079071,0,7.139999866485596,-0.42290863561594594,descending,null
7,left,3172.2838461538463,1790663633824,10.708263397216797,1.1079164743423462,0.5719050168991089,-0.699999988079071,0,7.139999866485596,-0.41334497884878996,descending,null
7,left,3172.2934615384615,1790663633824,10.995412826538086,1.139024257659912,0.5312256217002869,-0.699999988079071,0,7.139999866485596,-0.40103370581384634,descending,null
7,left,3172.3030769230772,1790663633824,10.78244400024414,1.0768086910247803,0.5790837407112122,-0.699999988079071,0,7.139999866485596,-0.39079889210087104,descending,null
7,left,3172.3126923076925,1790663633824,10.576653480529785,1.1055235862731934,0.540797233581543,-0.699999988079071,0,7.139999866485596,-0.38252556637864005,descending,null
7,left,3172.3223076923077,1790663633824,10.471365928649902,1.2323477268218994,0.5503688454627991,-0.699999988079071,0,7.139999866485596,-0.3751335988610992,descending,null
7,right,3276.404,1790663633869,7.764986991882324,7.645341396331787,0,-0.49000000953674316,-1.6100000143051147,3.9200000762939453,-1.1086334030345666,descending,null
7,right,3276.4136153846152,1790663633869,7.044721603393555,7.66448450088501,-0.02632198855280876,-0.49000000953674316,-1.6100000143051147,3.9200000762939453,-1.1023730598426427,descending,null
7,right,3276.423230769231,1790663633869,8.188531875610352,7.6979851722717285,-0.0502510704100132,-0.49000000953674316,-1.6100000143051147,3.9200000762939453,-1.088138573714549,descending,null
7,right,3276.432846153846,1790663633869,7.585518836975098,8.458930015563965,0.0023929080925881863,-0.49000000953674316,-1.6100000143051147,3.9200000762939453,-1.0728123061880037,descending,null
7,right,3276.4424615384614,1790663633869,8.468502044677734,7.810451984405518,0.03110780566930771,-0.49000000953674316,-1.6100000143051147,3.9200000762939453,-1.0559186393639506,descending,null
7,right,3276.452076923077,1790663633869,7.341442108154297,7.707557201385498,0.01914326474070549,-0.49000000953674316,-1.6100000143051147,3.9200000762939453,-1.0473856837347686,descending,null
7,right,3276.4616923076924,1790663633869,7.676449298858643,7.753022193908691,0.09810923039913177,-0.49000000953674316,-1.6100000143051147,3.9200000762939453,-1.036272002827468,descending,null
7,right,3276.4713076923076,1790663633869,7.676449298858643,7.817630767822266,0.04546525329351425,-0.49000000953674316,-1.6100000143051147,3.9200000762939453,-1.0247248060553327,descending,null
7,right,3276.48,1790663633884,7.473052024841309,7.319905757904053,0.05264397710561752,0.8400000333786011,-2.7300000190734863,2.5899999141693115,-1.0186009427609914,descending,null
7,right,3276.4896153846153,1790663633884,7.511338710784912,7.57834005355835,0.0023929080925881863,0.8400000333786011,-2.7300000190734863,2.5899999141693115,-1.009813312793743,descending,null
7,right,3276.499230769231,1790663633884,7.504159927368164,7.523303031921387,0.0502510704100132,0.8400000333786011,-2.7300000190734863,2.5899999141693115,-1.0014521135926908,descending,null
7,right,3276.508846153846,1790663633884,7.755414962768555,7.6620917320251465,0.011964540928602219,0.8400000333786011,-2.7300000190734863,2.5899999141693115,-0.9904445840798591,descending,null
7,right,3276.5184615384615,1790663633884,7.48262357711792,7.537660598754883,0.014357448555529118,0.8400000333786011,-2.7300000190734863,2.5899999141693115,-0.9821423570332141,descending,null
7,right,3276.528076923077,1790663633884,7.963598251342773,7.733879089355469,0.0502510704100132,0.8400000333786011,-2.7300000190734863,2.5899999141693115,-0.969238677058079,descending,null
7,right,3276.5376923076924,1790663633884,7.719521522521973,7.784130096435547,0.07418014854192734,0.8400000333786011,-2.7300000190734863,2.5899999141693115,-0.9576613981873704,descending,null
7,right,3276.5473076923076,1790663633884,8.011456489562988,7.753022193908691,0.11246667802333832,0.8400000333786011,-2.7300000190734863,2.5899999141693115,-0.9443103097951536,descending,null
7,left,3172.335,1790663633896,10.935589790344238,1.0624512434005737,0.588655412197113,-0.49000000953674316,-0.5600000023841858,7.420000076293945,-0.3597229823965414,descending,null
7,left,3172.3446153846153,1790663633896,11.004983901977539,1.2538838386535645,0.6317277550697327,-0.49000000953674316,-0.5600000023841858,7.420000076293945,-0.3471894809887748,descending,null
7,left,3172.354230769231,1790663633896,11.07677173614502,1.2179901599884033,0.6030128598213196,-0.49000000953674316,-0.5600000023841858,7.420000076293945,-0.33402380486450645,descending,null
7,left,3172.363846153846,1790663633896,10.835087776184082,1.1533817052841187,0.569512128829956,-0.49000000953674316,-0.5600000023841858,7.420000076293945,-0.32325029370402375,descending,null
7,left,3172.3734615384615,1790663633896,11.150951385498047,1.3448143005371094,0.5168681740760803,-0.49000000953674316,-0.5600000023841858,7.420000076293945,-0.30930828999599863,descending,null
7,left,3172.383076923077,1790663633896,10.686727523803711,1.1509888172149658,0.4450809061527252,-0.49000000953674316,-0.5600000023841858,7.420000076293945,-0.30002654242251986,descending,null
7,left,3172.3926923076924,1790663633896,11.41656494140625,1.3998512029647827,0.42833054065704346,-0.49000000953674316,-0.5600000023841858,7.420000076293945,-0.28354763367744157,descending,null
7,left,3172.4023076923077,1790663633896,11.584068298339844,1.275420069694519,0.4546525478363037,-0.49000000953674316,-0.5600000023841858,7.420000076293945,-0.26558188106180936,descending,null
7,left,3172.415,1790663633988,11.706106185913086,1.4309589862823486,0.45943835377693176,-0.699999988079071,-0.21000000834465027,6.300000190734863,-0.24014113043703422,descending,null
7,left,3172.424615384615,1790663633988,11.143773078918457,1.3807079792022705,0.43790218234062195,-0.699999988079071,-0.21000000834465027,6.300000190734863,-0.22630429697279345,descending,null
7,left,3172.434230769231,1790663633988,11.122237205505371,0.8949476480484009,0.4522596299648285,-0.699999988079071,-0.21000000834465027,6.300000190734863,-0.21313692564304074,descending,null
7,left,3172.443846153846,1790663633988,10.397185325622559,1.2443121671676636,0.44747382402420044,-0.699999988079071,-0.21000000834465027,6.300000190734863,-0.2065751732479186,descending,null
7,left,3172.4534615384614,1790663633988,10.052606582641602,0.9164838194847107,0.37568655610084534,-0.699999988079071,-0.21000000834465027,6.300000190734863,-0.20364866090556144,descending,null
7,left,3172.463076923077,1790663633988,9.717599868774414,0.9954497814178467,0.3421858549118042,-0.699999988079071,-0.21000000834465027,6.300000190734863,-0.20386517912652968,descending,null
7,left,3172.4726923076923,1790663633988,9.916211128234863,1.1079164743423462,0.28714898228645325,-0.699999988079071,-0.21000000834465027,6.300000190734863,-0.20210086665346547,descending,null
7,left,3172.4823076923076,1790663633988,10.540760040283203,0.9547703266143799,0.3230426013469696,-0.699999988079071,-0.21000000834465027,6.300000190734863,-0.19449290531626373,descending,null
7,right,3276.556,1790663634004,7.709949970245361,7.683628082275391,0.17468228936195374,0.49000000953674316,-2.380000114440918,4.829999923706055,-0.9345271961669135,descending,null
7,right,3276.5656153846153,1790663634004,8.48046588897705,8.200495719909668,0.20339718461036682,0.49000000953674316,-2.380000114440918,4.829999923706055,-0.9149503495184057,descending,null
7,right,3276.575230769231,1790663634004,8.442179679870605,7.903775215148926,0.21536172926425934,0.49000000953674316,-2.380000114440918,4.829999923706055,-0.8976415068510606,descending,null
7,right,3276.5848461538462,1790663634004,8.214853286743164,7.875060558319092,0.17946811020374298,0.49000000953674316,-2.380000114440918,4.829999923706055,-0.8820898134806104,descending,null
7,right,3276.5944615384615,1790663634004,8.023421287536621,7.724307537078857,0.1698964685201645,0.49000000953674316,-2.380000114440918,4.829999923706055,-0.8688717403542393,descending,null
7,right,3276.604076923077,1790663634004,7.623805046081543,7.5998759269714355,0.1411815732717514,0.49000000953674316,-2.380000114440918,4.829999923706055,-0.8592439539380191,descending,null
7,right,3276.6136923076924,1790663634004,7.544839382171631,7.2576904296875,0.16750356554985046,0.49000000953674316,-2.380000114440918,4.829999923706055,-0.8524586307775759,descending,null
7,right,3276.6233076923077,1790663634004,7.260083198547363,7.035149574279785,0.22493335604667664,0.49000000953674316,-2.380000114440918,4.829999923706055,-0.8491235313828359,descending,null
7,right,3276.632,1790663634050,7.3605852127075195,7.054293155670166,0.2129688262939453,0.9800000190734863,-3.1500000953674316,1.399999976158142,-0.8453674902018339,descending,null
7,right,3276.6416153846153,1790663634050,7.267261981964111,7.133258819580078,0.27518442273139954,0.9800000190734863,-3.1500000953674316,1.399999976158142,-0.8413227663698358,descending,null
7,right,3276.651230769231,1790663634050,8.049742698669434,7.645341396331787,0.2703986167907715,0.9800000190734863,-3.1500000953674316,1.399999976158142,-0.8284545922744174,descending,null
7,right,3276.6608461538463,1790663634050,8.12631607055664,7.7673797607421875,0.2943277060985565,0.9800000190734863,-3.1500000953674316,1.399999976158142,-0.8142437757137205,descending,null
7,right,3276.6704615384615,1790663634050,8.32492733001709,7.60466194152832,0.22014755010604858,0.9800000190734863,-3.1500000953674316,1.399999976158142,-0.7997568602753466,descending,null
7,right,3276.680076923077,1790663634050,8.076065063476562,7.798487663269043,0.2129688262939453,0.9800000190734863,-3.1500000953674316,1.399999976158142,-0.7857075630223667,descending,null
7,right,3276.6896923076924,1790663634050,8.114351272583008,7.805665969848633,0.17707519233226776,0.9800000190734863,-3.1500000953674316,1.399999976158142,-0.7713561111670607,descending,null
7,right,3276.6993076923077,1790663634050,7.7960944175720215,7.485016345977783,0.16750356554985046,0.9800000190734863,-3.1500000953674316,1.399999976158142,-0.7613529600779332,descending,null
7,left,3172.494,1790663634062,11.112665176391602,1.3304568529129028,0.39004403352737427,-0.9100000262260437,0.8400000333786011,5.880000114440918,-0.17814910206552634,descending,null
7,left,3172.5036153846154,1790663634062,11.103093147277832,1.2562767267227173,0.3948298394680023,-0.9100000262260437,0.8400000333786011,5.880000114440918,-0.16487108037639484,descending,null
7,left,3172.513230769231,1790663634062,11.330419540405273,1.1557745933532715,0.44986671209335327,-0.9100000262260437,0.8400000333786011,5.880000114440918,-0.1494978322895606,descending,null
7,left,3172.5228461538463,1790663634062,11.093522071838379,0.7848738431930542,0.44986671209335327,-0.9100000262260437,0.8400000333786011,5.880000114440918,-0.13673461567535872,descending,null
7,left,3172.5324615384616,1790663634062,10.940375328063965,0.9404128789901733,0.44986671209335327,-0.9100000262260437,0.8400000333786011,5.880000114440918,-0.12529846697914646,descending,null
7,left,3172.5420769230773,1790663634062,10.500081062316895,1.012200117111206,0.4450809061527252,-0.9100000262260437,0.8400000333786011,5.880000114440918,-0.11801659577862494,descending,null
7,left,3172.5516923076925,1790663634062,10.177038192749023,0.9619490504264832,0.42833054065704346,-0.9100000262260437,0.8400000333786011,5.880000114440918,-0.11387805553419635,descending,null
7,left,3172.5613076923078,1790663634062,10.399578094482422,0.9691277742385864,0.4761887192726135,-0.9100000262260437,0.8400000333786011,5.880000114440918,-0.10758775879194639,descending,null
7,right,3276.708,1790663634124,7.879846572875977,7.233761310577393,0.13639576733112335,1.1200000047683716,-3.7799999713897705,-5.110000133514404,-0.7533031782659624,descending,null
7,right,3276.7176153846153,1790663634124,7.516124248504639,6.9178972244262695,0.1507532149553299,1.1200000047683716,-3.7799999713897705,-5.110000133514404,-0.7490227695600525,descending,null
7,right,3276.727230769231,1790663634124,7.666877746582031,7.262475967407227,0.11964540183544159,1.1200000047683716,-3.7799999713897705,-5.110000133514404,-0.7414118119965454,descending,null
7,right,3276.7368461538463,1790663634124,8.052135467529297,7.504159927368164,0.16511066257953644,1.1200000047683716,-3.7799999713897705,-5.110000133514404,-0.7295166044154205,descending,null
7,right,3276.7464615384615,1790663634124,8.164602279663086,7.291191101074219,0.18664683401584625,1.1200000047683716,-3.7799999713897705,-5.110000133514404,-0.7182511812966701,descending,null
7,right,3276.756076923077,1790663634124,7.8654890060424805,7.071043491363525,0.22971917688846588,1.1200000047683716,-3.7799999713897705,-5.110000133514404,-0.7105249461577553,descending,null
7,right,3276.7656923076925,1790663634124,7.707557201385498,7.3605852127075195,0.17946811020374298,1.1200000047683716,-3.7799999713897705,-5.110000133514404,-0.7019917756891032,descending,null
7,right,3276.7753076923077,1790663634124,7.676449298858643,7.580732822418213,0.22493335604667664,1.1200000047683716,-3.7799999713897705,-5.110000133514404,-0.692210334587206,descending,null
7,left,3172.573,1790663634137,10.8685884475708,1.0480937957763672,0.4139730930328369,-1.0499999523162842,0.14000000059604645,4.96999979019165,-0.09443695065190286,descending,null
7,left,3172.582615384615,1790663634137,10.717835426330566,1.2275618314743042,0.42833054065704346,-1.0499999523162842,0.14000000059604645,4.96999979019165,-0.08490207996213442,descending,null
7,left,3172.592230769231,1790663634137,10.495294570922852,1.103130578994751,0.363722026348114,-1.0499999523162842,0.14000000059604645,4.96999979019165,-0.0776353153693325,descending,null
7,left,3172.601846153846,1790663634137,10.648441314697266,0.7346227765083313,0.4139730930328369,-1.0499999523162842,0.14000000059604645,4.96999979019165,-0.06921266758998053,descending,null
7,left,3172.6114615384613,1790663634137,10.638869285583496,0.7059078812599182,0.44268798828125,-1.0499999523162842,0.14000000059604645,4.96999979019165,-0.06089276161061399,descending,null
7,left,3172.621076923077,1790663634137,10.160287857055664,0.8231604099273682,0.41636601090431213,-1.0499999523162842,0.14000000059604645,4.96999979019165,-0.05706417339128445,descending,null
7,left,3172.6306923076922,1790663634137,9.995177268981934,0.8901618123054504,0.5144752264022827,-1.0499999523162842,0.14000000059604645,4.96999979019165,-0.05472247156018399,descending,null
7,left,3172.6403076923075,1790663634137,9.83485221862793,0.8231604099273682,0.5264397859573364,-1.0499999523162842,0.14000000059604645,4.96999979019165,-0.05396412908707069,descending,null
7,left,3172.652,1790663634212,10.27754020690918,0.7441943883895874,0.588655412197113,-1.1200000047683716,0.21000000834465027,4.269999980926514,-0.04793332583838048,descending,null
7,left,3172.6616153846153,1790663634212,10.327791213989258,1.0050214529037476,0.5623334050178528,-1.1200000047683716,0.21000000834465027,4.269999980926514,-0.042299995736303504,descending,null
7,left,3172.671230769231,1790663634212,10.591011047363281,0.9906639456748962,0.5790837407112122,-1.1200000047683716,0.21000000834465027,4.269999980926514,-0.034153472995981225,descending,null
7,left,3172.6808461538462,1790663634212,10.320612907409668,0.9260554313659668,0.5336185097694397,-1.1200000047683716,0.21000000834465027,4.269999980926514,-0.02866912330209887,descending,null
7,left,3172.6904615384615,1790663634212,10.358899116516113,0.7681235074996948,0.5049036145210266,-1.1200000047683716,0.21000000834465027,4.269999980926514,-0.022959216117688235,descending,null
7,left,3172.700076923077,1790663634212,10.17464542388916,0.7202653288841248,0.4953319728374481,-1.1200000047683716,0.21000000834465027,4.269999980926514,-0.01905429640746945,resting,null
7,left,3172.7096923076924,1790663634212,10.011927604675293,0.7968384027481079,0.5168681740760803,-1.1200000047683716,0.21000000834465027,4.269999980926514,-0.016640453411298564,resting,null
7,left,3172.7193076923077,1790663634212,12.045899391174316,0.7609447836875916,0.5766908526420593,-1.1200000047683716,0.21000000834465027,4.269999980926514,0.005242257986376551,resting,null
7,right,3276.784,1790663634214,7.5998759269714355,7.2481184005737305,0.1507532149553299,0.9800000190734863,-3.990000009536743,0.7699999809265137,-0.685858174936163,descending,null
7,right,3276.7936153846154,1790663634214,7.461087226867676,6.860467433929443,0.07896596938371658,0.9800000190734863,-3.990000009536743,0.7699999809265137,-0.6823773814722044,descending,null
7,right,3276.803230769231,1790663634214,7.3534064292907715,6.77910852432251,0.040679436177015305,0.9800000190734863,-3.990000009536743,0.7699999809265137,-0.6801878272811337,descending,null
7,right,3276.8128461538463,1790663634214,7.425193786621094,6.8126091957092285,0,0.9800000190734863,-3.990000009536743,0.7699999809265137,-0.6772774414717387,descending,null
7,right,3276.8224615384615,1790663634214,7.542446136474609,6.810216426849365,0.03110780566930771,0.9800000190734863,-3.990000009536743,0.7699999809265137,-0.6735580059473819,descending,null
7,right,3276.8320769230772,1790663634214,7.805665969848633,6.984898567199707,0.040679436177015305,0.9800000190734863,-3.990000009536743,0.7699999809265137,-0.6668418234586438,descending,null
7,right,3276.8416923076925,1790663634214,7.6261982917785645,6.925076007843018,0.05742979422211647,0.9800000190734863,-3.990000009536743,0.7699999809265137,-0.6617760633042818,descending,null
7,right,3276.8513076923077,1790663634214,7.5639824867248535,7.111722946166992,0.08853759616613388,0.9800000190734863,-3.990000009536743,0.7699999809265137,-0.6559231440214582,descending,null
7,left,3172.731,1790663634304,24.31673240661621,1.7898952960968018,1.0552724599838257,-1.3300000429153442,1.0499999523162842,3.2200000286102295,0.175825425001126,resting,null
7,left,3172.7406153846155,1790663634304,17.372512817382812,1.8186101913452148,0.7418015003204346,-1.3300000429153442,1.0499999523162842,3.2200000286102295,0.24943846070904652,resting,null
7,left,3172.750230769231,1790663634304,22.648874282836914,2.8212387561798096,0.7681235074996948,-1.3300000429153442,1.0499999523162842,3.2200000286102295,0.37424371720152283,resting,null
7,left,3172.7598461538464,1790663634304,33.47917556762695,-0.5719050168991089,24.340662002563477,-1.3300000429153442,1.0499999523162842,3.2200000286102295,0.6116832802574153,resting,null
7,left,3172.7694615384617,1790663634304,19.82524299621582,3.3285350799560547,-0.8925547003746033,-1.3300000429153442,1.0499999523162842,3.2200000286102295,0.7088168952307765,ascending,2
7,left,3172.7790769230774,1790663634304,18.27703285217285,-0.2895418703556061,2.3450498580932617,-1.3300000429153442,1.0499999523162842,3.2200000286102295,0.7901431628341504,ascending,2
7,left,3172.7886923076926,1790663634304,3.6300415992736816,2.3067634105682373,4.247411727905273,-1.3300000429153442,1.0499999523162842,3.2200000286102295,0.7339307113504485,ascending,2
7,left,3172.798307692308,1790663634304,9.940139770507812,-4.685314178466797,0.6652284264564514,-1.3300000429153442,1.0499999523162842,3.2200000286102295,0.7317237465994134,ascending,2
7,right,3276.859,1790663634319,7.298369884490967,6.989684581756592,0.08614469319581985,1.1200000047683716,-4.480000019073486,7.070000171661377,-0.653374577162019,descending,null
7,right,3276.868615384615,1790663634319,7.456301689147949,7.066257476806641,0.08135887235403061,1.1200000047683716,-4.480000019073486,7.070000171661377,-0.6485796970024564,descending,null
7,right,3276.878230769231,1790663634319,7.061471939086914,6.621176719665527,0.06460852175951004,1.1200000047683716,-4.480000019073486,7.070000171661377,-0.6494822241545355,descending,null
7,right,3276.887846153846,1790663634319,7.367763996124268,6.908325672149658,-0.12682412564754486,1.1200000047683716,-4.480000019073486,7.070000171661377,-0.6463582597879126,descending,null
7,right,3276.8974615384614,1790663634319,1.1509888172149658,1.897576093673706,0.1698964685201645,1.1200000047683716,-4.480000019073486,7.070000171661377,-0.7197692093641838,descending,null
7,right,3276.907076923077,1790663634319,8.389535903930664,6.807823657989502,-0.20818300545215607,1.1200000047683716,-4.480000019073486,7.070000171661377,-0.7100594191170978,descending,null
7,right,3276.9166923076923,1790663634319,2.601091146469116,1.3328498601913452,0.3421858549118042,1.1200000047683716,-4.480000019073486,7.070000171661377,-0.7769023942017748,descending,null
7,right,3276.9263076923075,1790663634319,29.681631088256836,50.40421676635742,-3.0126712322235107,1.1200000047683716,-4.480000019073486,7.070000171661377,-0.3328471604558371,descending,null
7,left,3172.811,1790663634376,-6.831752777099609,-7.128473281860352,-1.1940611600875854,0,-0.14000000059604645,-37.310001373291016,0.5129050598179629,ascending,2
7,left,3172.8206153846154,1790663634376,2.6034839153289795,6.702535629272461,0.6628355383872986,0,-0.14000000059604645,-37.310001373291016,0.449055610012833,ascending,2
7,left,3172.830230769231,1790663634376,-31.2896671295166,-18.202852249145508,8.839402198791504,0,-0.14000000059604645,-37.310001373291016,0.044028533419670675,ascending,2
7,left,3172.8398461538463,1790663634376,3.3955366611480713,-0.1005021408200264,6.585283279418945,0,-0.14000000059604645,-37.310001373291016,-0.014599271222336486,resting,null
7,left,3172.8494615384616,1790663634376,-6.039700031280518,2.924133777618408,-4.386200428009033,0,-0.14000000059604645,-37.310001373291016,-0.16575905025385343,resting,null
7,left,3172.8590769230773,1790663634376,5.039464473724365,2.9600272178649902,-1.3831008672714233,0,-0.14000000059604645,-37.310001373291016,-0.20941584823802986,resting,null
7,left,3172.8686923076925,1790663634376,15.276325225830078,5.065786361694336,0.9763064980506897,0,-0.14000000059604645,-37.310001373291016,-0.15180949139814637,resting,null
7,left,3172.8783076923078,1790663634376,4.903068542480469,2.297191858291626,0.521653950214386,0,-0.14000000059604645,-37.310001373291016,-0.1963268409749349,resting,null
7,right,3276.935,1790663634379,7.231368064880371,-5.6807637214660645,6.051664352416992,3.7100000381469727,11.550000190734863,33.18000030517578,-0.40450509883472635,descending,null
7,right,3276.944615384615,1790663634379,20.023855209350586,-16.738391876220703,-5.87698221206665,3.7100000381469727,11.550000190734863,33.18000030517578,-0.463307988978486,descending,null
7,right,3276.954230769231,1790663634379,19.334697723388672,26.94175148010254,2.8260245323181152,3.7100000381469727,11.550000190734863,33.18000030517578,-0.24626678133572721,descending,null
7,right,3276.963846153846,1790663634379,-1.2419192790985107,19.219837188720703,-1.416601538658142,3.7100000381469727,11.550000190734863,33.18000030517578,-0.2274276415946685,descending,null
7,right,3276.9734615384614,1790663634379,1.7205009460449219,5.156716823577881,6.4752092361450195,3.7100000381469727,11.550000190734863,33.18000030517578,-0.2760610619290093,descending,null
7,right,3276.983076923077,1790663634379,9.607525825500488,6.441708564758301,1.0050214529037476,3.7100000381469727,11.550000190734863,33.18000030517578,-0.25970207915430527,descending,null
7,right,3276.9926923076923,1790663634379,-7.554410934448242,-20.50722312927246,-32.87377166748047,3.7100000381469727,11.550000190734863,33.18000030517578,-0.5401707684107787,descending,null
7,right,3277.0023076923076,1790663634379,-0.14596739411354065,7.020792484283447,8.217246055603027,3.7100000381469727,11.550000190734863,33.18000030517578,-0.590803959861855,descending,null
7,right,3277.011,1790663634425,16.707284927368164,20.818300247192383,12.636947631835938,-2.870000123977661,21.350000381469727,25.059999465942383,-0.4467267738500877,descending,null
7,right,3277.020615384615,1790663634425,17.20500946044922,13.555824279785156,-2.17036771774292,-2.870000123977661,21.350000381469727,25.059999465942383,-0.33073672908067353,descending,null
7,right,3277.030230769231,1790663634425,6.743215084075928,2.627413034439087,0.5671192407608032,-2.870000123977661,21.350000381469727,25.059999465942383,-0.35855982686003945,descending,null
7,right,3277.039846153846,1790663634425,0.8040171265602112,1.0600582361221313,-0.5814766883850098,-2.870000123977661,21.350000381469727,25.059999465942383,-0.4403644964771258,descending,null
7,right,3277.0494615384614,1790663634425,9.7391357421875,7.6261982917785645,0.07657305896282196,-2.870000123977661,21.350000381469727,25.059999465942383,-0.4155514891457125,descending,null
7,right,3277.059076923077,1790663634425,11.718070983886719,9.581204414367676,0.32543548941612244,-2.870000123977661,21.350000381469727,25.059999465942383,-0.36411401418618455,descending,null
7,right,3277.0686923076923,1790663634425,12.445514678955078,11.002591133117676,0.3517574965953827,-2.870000123977661,21.350000381469727,25.059999465942383,-0.2987682906455595,descending,null
7,right,3277.0783076923076,1790663634425,6.168917179107666,8.224425315856934,0.12921704351902008,-2.870000123977661,21.350000381469727,25.059999465942383,-0.2974578453605728,descending,null
7,left,3172.89,1790663634452,5.7238359451293945,-3.2974274158477783,-1.8257888555526733,-1.9600000381469727,-0.9800000190734863,14.5600004196167,-0.2500438870971134,descending,null
7,left,3172.899615384615,1790663634452,8.815473556518555,0.17468228936195374,0.4044014811515808,-1.9600000381469727,-0.9800000190734863,14.5600004196167,-0.2597124389157076,descending,null
7,left,3172.909230769231,1790663634452,14.259339332580566,-1.9310768842697144,0.5910483002662659,-1.9600000381469727,-0.9800000190734863,14.5600004196167,-0.21956360287753132,descending,null
7,left,3172.918846153846,1790663634452,8.698221206665039,-0.30868515372276306,0.10528795421123505,-1.9600000381469727,-0.9800000190734863,14.5600004196167,-0.23094804449587034,descending,null
7,left,3172.9284615384613,1790663634452,12.498159408569336,-1.3639576435089111,1.3902796506881714,-1.9600000381469727,-0.9800000190734863,14.5600004196167,-0.20641529420877297,descending,null
7,left,3172.938076923077,1790663634452,11.749178886413574,2.0674726963043213,1.2945632934570312,-1.9600000381469727,-0.9800000190734863,14.5600004196167,-0.18573802558384236,descending,null
7,left,3172.9476923076923,1790663634452,10.25121784210205,-1.6941789388656616,0.8973405361175537,-1.9600000381469727,-0.9800000190734863,14.5600004196167,-0.18309337666472908,descending,null
7,left,3172.9573076923075,1790663634452,7.7673797607421875,1.0959519147872925,0.7202653288841248,-1.9600000381469727,-0.9800000190734863,14.5600004196167,-0.2016844073064523,descending,null
7,right,3277.088,1790663634484,3.8956544399261475,3.548682689666748,-0.040679436177015305,3.7799999713897705,-7.769999980926514,9.800000190734863,-0.34145575381457627,descending,null
7,right,3277.0976153846154,1790663634484,1.5888910293579102,-0.3038993179798126,0.1603248417377472,3.7799999713897705,-7.769999980926514,9.800000190734863,-0.42524430963079557,descending,null
7,right,3277.107230769231,1790663634484,3.9100117683410645,3.7257578372955322,0.19382555782794952,3.7799999713897705,-7.769999980926514,9.800000190734863,-0.4676143630853733,descending,null
7,right,3277.1168461538464,1790663634484,8.07127857208252,7.992312908172607,-0.24646952748298645,3.7799999713897705,-7.769999980926514,9.800000190734863,-0.4533797990836753,descending,null
7,right,3277.1264615384616,1790663634484,10.138751983642578,10.796801567077637,-0.06700142472982407,3.7799999713897705,-7.769999980926514,9.800000190734863,-0.4069202812604236,descending,null
7,right,3277.1360769230773,1790663634484,8.04734992980957,7.288797855377197,-0.06221561133861542,3.7799999713897705,-7.769999980926514,9.800000190734863,-0.3969889586655977,descending,null
7,right,3277.1456923076926,1790663634484,6.836538314819336,6.932254791259766,0.08614469319581985,3.7799999713897705,-7.769999980926514,9.800000190734863,-0.398315441074859,descending,null
7,right,3277.155307692308,1790663634484,3.704221725463867,-2.010042905807495,0.2895418703556061,3.7799999713897705,-7.769999980926514,9.800000190734863,-0.47592878012703266,descending,null
7,left,3172.969,1790663634541,9.554882049560547,-2.010042905807495,0.5647262930870056,-0.5600000023841858,-0.49000000953674316,11.199999809265137,-0.20689913129407977,descending,null
7,left,3172.9786153846153,1790663634541,8.554646492004395,1.0528795719146729,0.3709007501602173,-0.5600000023841858,-0.49000000953674316,11.199999809265137,-0.21817994238707755,descending,null
7,left,3172.988230769231,1790663634541,9.638633728027344,-0.9140908718109131,0.19861137866973877,-0.5600000023841858,-0.49000000953674316,11.199999809265137,-0.2208209364981862,descending,null
7,left,3172.9978461538462,1790663634541,7.501766681671143,1.6008554697036743,0.8758043646812439,-0.5600000023841858,-0.49000000953674316,11.199999809265137,-0.24147221702486718,descending,null
7,left,3173.0074615384615,1790663634541,7.207438945770264,-0.2536482512950897,1.5266753435134888,-0.5600000023841858,-0.49000000953674316,11.199999809265137,-0.26610968480871194,descending,null
7,left,3173.017076923077,1790663634541,12.261260986328125,-0.5144752264022827,0.8040171265602112,-0.5600000023841858,-0.49000000953674316,11.199999809265137,-0.2429178715982487,descending,null
7,left,3173.0266923076924,1790663634541,9.971247673034668,0.7800880670547485,1.1342384815216064,-0.5600000023841858,-0.49000000953674316,11.199999809265137,-0.24047976058131434,descending,null
7,left,3173.0363076923077,1790663634541,7.5280890464782715,-0.5264397859573364,0.8494823575019836,-0.5600000023841858,-0.49000000953674316,11.199999809265137,-0.2625026209969019,descending,null
7,left,3173.048,1790663634620,8.669506072998047,1.6104271411895752,-0.7705163955688477,-1.3300000429153442,-0.699999988079071,1.6800000667572021,-0.2751247387065736,descending,null
7,left,3173.057615384615,1790663634620,9.093050956726074,-1.1749178171157837,0.4211518168449402,-1.3300000429153442,-0.699999988079071,1.6800000667572021,-0.28281489130251347,descending,null
7,left,3173.0672307692307,1790663634620,9.657776832580566,0.8399107456207275,-0.05742979422211647,-1.3300000429153442,-0.699999988079071,1.6800000667572021,-0.283917585377605,descending,null
7,left,3173.076846153846,1790663634620,9.277304649353027,-1.7516087293624878,0.44029510021209717,-1.3300000429153442,-0.699999988079071,1.6800000667572021,-0.2901832333900599,descending,null
7,left,3173.086461538461,1790663634620,9.791779518127441,0.3924369215965271,0.4020085632801056,-1.3300000429153442,-0.699999988079071,1.6800000667572021,-0.29007490256170493,descending,null
7,left,3173.096076923077,1790663634620,8.097600936889648,-1.3902796506881714,0.2727915346622467,-1.3300000429153442,-0.699999988079071,1.6800000667572021,-0.3073878956027568,descending,null
7,left,3173.105692307692,1790663634620,7.4515156745910645,1.5338541269302368,0.1316099464893341,-1.3300000429153442,-0.699999988079071,1.6800000667572021,-0.3290630115826386,descending,null
7,left,3173.1153076923074,1790663634620,8.205282211303711,1.2490980625152588,-0.24886244535446167,-1.3300000429153442,-0.699999988079071,1.6800000667572021,-0.34386277390906983,descending,null
7,right,3277.163,1790663634621,8.169387817382812,6.618783950805664,0.1698964685201645,4.96999979019165,-6.579999923706055,-14.210000038146973,-0.4703131507377179,descending,null
7,right,3277.1726153846153,1790663634621,7.207438945770264,3.886082649230957,-0.44986671209335327,4.96999979019165,-6.579999923706055,-14.210000038146973,-0.48683128249109453,descending,null
7,right,3277.182230769231,1790663634621,6.353170871734619,5.362506866455078,-0.40679436922073364,4.96999979019165,-6.579999923706055,-14.210000038146973,-0.5010759963146002,descending,null
7,right,3277.191846153846,1790663634621,7.9683837890625,8.095208168029785,-0.25843408703804016,4.96999979019165,-6.579999923706055,-14.210000038146973,-0.4868133925602716,descending,null
7,right,3277.2014615384614,1790663634621,7.305548191070557,6.389064788818359,-0.4235447347164154,4.96999979019165,-6.579999923706055,-14.210000038146973,-0.4877134134931722,descending,null
7,right,3277.211076923077,1790663634621,6.841324329376221,6.305312633514404,-0.45704543590545654,4.96999979019165,-6.579999923706055,-14.210000038146973,-0.4925731874138875,descending,null
7,right,3277.2206923076924,1790663634621,6.570925712585449,5.599404811859131,-0.2536482512950897,4.96999979019165,-6.579999923706055,-14.210000038146973,-0.5036652916945983,descending,null
7,right,3277.2303076923076,1790663634621,6.322062969207764,7.729093074798584,-0.25843408703804016,4.96999979019165,-6.579999923706055,-14.210000038146973,-0.503673300575618,descending,null
7,right,3277.239,1790663634635,7.513731479644775,6.9609694480896,-0.09810923039913177,-0.07000000029802322,-3.640000104904175,0.699999988079071,-0.49984554163979006,descending,null
7,right,3277.2486153846153,1790663634635,6.6714277267456055,7.537660598754883,-0.007178724277764559,-0.07000000029802322,-3.640000104904175,0.699999988079071,-0.49834609156556336,descending,null
7,right,3277.258230769231,1790663634635,7.1212944984436035,5.848267555236816,0.08375178277492523,-0.07000000029802322,-3.640000104904175,0.699999988079071,-0.5037904111512687,descending,null
7,right,3277.267846153846,1790663634635,6.080379486083984,6.9609694480896,0.07418014854192734,-0.07000000029802322,-3.640000104904175,0.699999988079071,-0.5101633163453855,descending,null
7,right,3277.2774615384615,1790663634635,7.645341396331787,7.954026699066162,0.12682412564754486,-0.07000000029802322,-3.640000104904175,0.699999988079071,-0.4988309179901222,descending,null
7,right,3277.287076923077,1790663634635,5.5467610359191895,7.721914291381836,-0.03828652948141098,-0.07000000029802322,-3.640000104904175,0.699999988079071,-0.5044409861036975,descending,null
7,right,3277.2966923076924,1790663634635,6.077986717224121,2.6465563774108887,0.15793193876743317,-0.07000000029802322,-3.640000104904175,0.699999988079071,-0.537235154105148,descending,null
7,right,3277.3063076923077,1790663634635,8.786758422851562,4.871960639953613,-0.6341206431388855,-0.07000000029802322,-3.640000104904175,0.699999988079071,-0.5363075910938856,descending,null
7,left,3173.128,1790663634693,16.298097610473633,0.3709007501602173,0.7226582169532776,-0.6299999952316284,-2.1700000762939453,10.359999656677246,-0.2612500485789987,descending,null
7,left,3173.1376153846154,1790663634693,9.081086158752441,-0.20579010248184204,0.9691277742385864,-0.6299999952316284,-2.1700000762939453,10.359999656677246,-0.26805160353707846,descending,null
7,left,3173.147230769231,1790663634693,11.07677173614502,-2.297191858291626,1.6774286031723022,-0.6299999952316284,-2.1700000762939453,10.359999656677246,-0.2565798040273747,descending,null
7,left,3173.1568461538463,1790663634693,7.678842067718506,-2.591519355773926,0.5192610621452332,-0.6299999952316284,-2.1700000762939453,10.359999656677246,-0.27827841780033047,descending,null
7,left,3173.1664615384616,1790663634693,8.564218521118164,-7.918132781982422,0.3948298394680023,-0.6299999952316284,-2.1700000762939453,10.359999656677246,-0.294150451586551,descending,null
7,left,3173.1760769230773,1790663634693,9.136122703552246,-2.1249024868011475,-0.5934411883354187,-0.6299999952316284,-2.1700000762939453,10.359999656677246,-0.3019377776643785,descending,null
7,left,3173.1856923076925,1790663634693,11.13659381866455,0.09571632742881775,1.0337363481521606,-0.6299999952316284,-2.1700000762939453,10.359999656677246,-0.28873317946040017,descending,null
7,left,3173.195307692308,1790663634693,8.741292953491211,-3.4888598918914795,0.5025107264518738,-0.6299999952316284,-2.1700000762939453,10.359999656677246,-0.300225422006483,descending,null
7,right,3277.315,1790663634739,6.152166843414307,5.020321369171143,-0.43550926446914673,3.569999933242798,-2.940000057220459,-3.569999933242798,-0.5522908020312509,descending,null
7,right,3277.3246153846153,1790663634739,6.176095962524414,4.268948078155518,0.260826975107193,3.569999933242798,-2.940000057220459,-3.569999933242798,-0.574375942124958,descending,null
7,right,3277.334230769231,1790663634739,7.848738670349121,5.781265735626221,-0.43550926446914673,3.569999933242798,-2.940000057220459,-3.569999933242798,-0.5747923686271299,descending,null
7,right,3277.3438461538462,1790663634739,6.685785293579102,8.851366996765137,-0.21775463223457336,3.569999933242798,-2.940000057220459,-3.569999933242798,-0.5650231165539045,descending,null
7,right,3277.3534615384615,1790663634739,8.092815399169922,8.193317413330078,-0.0502510704100132,3.569999933242798,-2.940000057220459,-3.569999933242798,-0.5488484690466008,descending,null
7,right,3277.363076923077,1790663634739,6.9178972244262695,10.100464820861816,-0.1005021408200264,3.569999933242798,-2.940000057220459,-3.569999933242798,-0.5295599557119248,descending,null
7,right,3277.3726923076924,1790663634739,5.896125316619873,8.717364311218262,-0.04307234659790993,3.569999933242798,-2.940000057220459,-3.569999933242798,-0.5262730363644046,descending,null
7,right,3277.3823076923077,1790663634739,7.848738670349121,11.143773078918457,-0.04307234659790993,3.569999933242798,-2.940000057220459,-3.569999933242798,-0.49359900553139757,descending,null
7,left,3173.207,1790663634769,12.849916458129883,-4.024871349334717,-0.181861013174057,-0.9100000262260437,1.1200000047683716,8.819999694824219,-0.2668346347301855,descending,null
7,left,3173.216615384615,1790663634769,14.369413375854492,-2.010042905807495,0.44268798828125,-0.9100000262260437,1.1200000047683716,8.819999694824219,-0.22369012389474655,descending,null
7,left,3173.226230769231,1790663634769,13.050920486450195,5.924840450286865,0.806410014629364,-0.9100000262260437,1.1200000047683716,8.819999694824219,-0.19008054837517277,descending,null
7,left,3173.235846153846,1790663634769,-9.909032821655273,0.5910483002662659,0.9069121479988098,-0.9100000262260437,1.1200000047683716,8.819999694824219,-0.3786637338187876,descending,null
7,left,3173.2454615384613,1790663634769,-3.6515777111053467,-14.931746482849121,-0.16271774470806122,-0.9100000262260437,1.1200000047683716,8.819999694824219,-0.5129373712108628,descending,null
7,left,3173.255076923077,1790663634769,23.33563995361328,0.7609447836875916,1.7851094007492065,-0.9100000262260437,1.1200000047683716,8.819999694824219,-0.3819785878799988,descending,null
7,left,3173.2646923076923,1790663634769,12.778129577636719,-15.963089942932129,2.4623024463653564,-0.9100000262260437,1.1200000047683716,8.819999694824219,-0.35728757383741294,descending,null
7,left,3173.2743076923075,1790663634769,20.447399139404297,18.30574607849121,-1.3089207410812378,-0.9100000262260437,1.1200000047683716,8.819999694824219,-0.2503319956125444,descending,null
7,right,3277.391,1790663634830,14.517773628234863,10.658012390136719,0.44986671209335327,-1.6100000143051147,0.3499999940395355,6.929999828338623,-0.42246422755871044,descending,null
7,right,3277.4006153846153,1790663634830,8.647970199584961,-5.532403469085693,1.4572809934616089,-1.6100000143051147,0.3499999940395355,6.929999828338623,-0.48686692631942075,descending,null
7,right,3277.410230769231,1790663634830,-4.572847366333008,-1.974149227142334,3.6420061588287354,-1.6100000143051147,0.3499999940395355,6.929999828338623,-0.6269560526474546,descending,null
7,right,3277.4198461538463,1790663634830,7.274440765380859,28.1573486328125,1.6104271411895752,-1.6100000143051147,0.3499999940395355,6.929999828338623,-0.4942339338053267,descending,null
7,right,3277.4294615384615,1790663634830,19.822851181030273,8.918368339538574,1.3113136291503906,-1.6100000143051147,0.3499999940395355,6.929999828338623,-0.3869369210977551,descending,null
7,right,3277.439076923077,1790663634830,-2.58673357963562,-4.113409042358398,4.259376525878906,-1.6100000143051147,0.3499999940395355,6.929999828338623,-0.5255194910070241,descending,null
7,right,3277.4486923076925,1790663634830,4.295269966125488,10.933197021484375,-0.15314611792564392,-1.6100000143051147,0.3499999940395355,6.929999828338623,-0.520688187419909,descending,null
7,right,3277.4583076923077,1790663634830,10.842267036437988,11.954968452453613,-0.05742979422211647,-1.6100000143051147,0.3499999940395355,6.929999828338623,-0.4611697547874847,descending,null
7,left,3173.287,1790663634857,3.1107804775238037,0.06700142472982407,1.801859736442566,-6.720000267028809,6.300000190734863,18.899999618530273,-0.33399205328815357,descending,null
7,left,3173.296615384615,1790663634857,11.540995597839355,-6.195239067077637,0.06939433515071869,-6.720000267028809,6.300000190734863,18.899999618530273,-0.31871279903359623,descending,null
7,left,3173.3062307692308,1790663634857,14.991569519042969,-4.12298059463501,0.9739136099815369,-6.720000267028809,6.300000190734863,18.899999618530273,-0.2692728648994902,descending,null
7,left,3173.315846153846,1790663634857,8.545074462890625,-1.2108114957809448,-0.5384043455123901,-6.720000267028809,6.300000190734863,18.899999618530273,-0.28184909373886347,descending,null
7,left,3173.3254615384612,1790663634857,12.873845100402832,-0.1507532149553299,0.540797233581543,-6.720000267028809,6.300000190734863,18.899999618530273,-0.25216301694020427,descending,null
7,left,3173.335076923077,1790663634857,13.476858139038086,0.7944455146789551,0.3709007501602173,-6.720000267028809,6.300000190734863,18.899999618530273,-0.21670268905331136,descending,null
7,left,3173.344692307692,1790663634857,17.339012145996094,-1.7085363864898682,0.5192610621452332,-6.720000267028809,6.300000190734863,18.899999618530273,-0.14429128903727656,descending,null
7,left,3173.3543076923074,1790663634857,11.957362174987793,-1.8712540864944458,0.42833054065704346,-6.720000267028809,6.300000190734863,18.899999618530273,-0.12352031084522193,descending,null
7,right,3277.466,1790663634860,11.342384338378906,5.025106906890869,1.074415683746338,0.2800000011920929,-5.599999904632568,13.440000534057617,-0.4445080969328911,descending,null
7,right,3277.475615384615,1790663634860,5.1399664878845215,11.014555931091309,0.08853759616613388,0.2800000011920929,-5.599999904632568,13.440000534057617,-0.43321034989829044,descending,null
7,right,3277.485230769231,1790663634860,11.9286470413208,8.320141792297363,-0.12682412564754486,0.2800000011920929,-5.599999904632568,13.440000534057617,-0.3878736081829734,descending,null
7,right,3277.494846153846,1790663634860,11.538602828979492,7.671663284301758,0.284756064414978,0.2800000011920929,-5.599999904632568,13.440000534057617,-0.34939880853588806,descending,null
7,right,3277.5044615384613,1790663634860,10.480937004089355,6.345992088317871,0.2105759084224701,0.2800000011920929,-5.599999904632568,13.440000534057617,-0.3267981880718862,descending,null
7,right,3277.514076923077,1790663634860,8.650362968444824,8.540288925170898,0.22493335604667664,0.2800000011920929,-5.599999904632568,13.440000534057617,-0.30467484721884236,descending,null
7,right,3277.5236923076923,1790663634860,11.237096786499023,11.988469123840332,0.3541503846645355,0.2800000011920929,-5.599999904632568,13.440000534057617,-0.24247543293053095,descending,null
7,right,3277.5333076923075,1790663634860,8.851366996765137,8.992548942565918,0.39961564540863037,0.2800000011920929,-5.599999904632568,13.440000534057617,-0.2162170296500706,descending,null
7,left,3173.366,1790663634933,12.239725112915039,0.1722893863916397,0.37807947397232056,0.6299999952316284,1.0499999523162842,-4.130000114440918,-0.09498687310669314,descending,null
7,left,3173.3756153846152,1790663634933,13.764007568359375,3.134709596633911,0.569512128829956,0.6299999952316284,1.0499999523162842,-4.130000114440918,-0.05671075900200724,descending,null
7,left,3173.385230769231,1790663634933,16.47756576538086,2.804488182067871,0.5742979645729065,0.6299999952316284,1.0499999523162842,-4.130000114440918,0.0075958329209191424,resting,null
7,left,3173.394846153846,1790663634933,13.933903694152832,0.30868515372276306,0.7322298884391785,0.6299999952316284,1.0499999523162842,-4.130000114440918,0.047454557210174185,resting,null
7,left,3173.4044615384614,1790663634933,13.661111831665039,-4.836067199707031,0.5862624645233154,0.6299999952316284,1.0499999523162842,-4.130000114440918,0.08433445327320949,resting,null
7,left,3173.414076923077,1790663634933,12.76137924194336,-0.6748000979423523,0.5862624645233154,0.6299999952316284,1.0499999523162842,-4.130000114440918,0.11278600145793119,resting,null
7,left,3173.4236923076924,1790663634933,15.68551254272461,2.3833365440368652,0.806410014629364,0.6299999952316284,1.0499999523162842,-4.130000114440918,0.16953941580873505,resting,null
7,left,3173.4333076923076,1790663634933,14.311983108520508,7.090186595916748,0.9428057670593262,0.6299999952316284,1.0499999523162842,-4.130000114440918,0.21342749483846754,resting,null
7,right,3277.543,1790663634950,11.306490898132324,7.138044834136963,0.16271774470806122,0.9800000190734863,-2.240000009536743,-4.480000019073486,-0.18242258086478194,descending,null
7,right,3277.5526153846154,1790663634950,12.641733169555664,6.372314453125,0.20339718461036682,0.9800000190734863,-2.240000009536743,-4.480000019073486,-0.1435330389747958,resting,null
7,right,3277.562230769231,1790663634950,12.000433921813965,9.456772804260254,0.11964540183544159,0.9800000190734863,-2.240000009536743,-4.480000019073486,-0.09089646574270707,resting,null
7,right,3277.5718461538463,1790663634950,9.351485252380371,8.2124605178833,0.16511066257953644,0.9800000190734863,-2.240000009536743,-4.480000019073486,-0.06560713298601813,resting,null
7,right,3277.5814615384616,1790663634950,7.858310222625732,10.457008361816406,0.27757734060287476,0.9800000190734863,-2.240000009536743,-4.480000019073486,-0.037915898199924886,resting,null
7,right,3277.5910769230773,1790663634950,10.495294570922852,8.525931358337402,0.22493335604667664,0.9800000190734863,-2.240000009536743,-4.480000019073486,-0.002216832024473996,resting,null
7,right,3277.6006923076925,1790663634950,12.550803184509277,7.9085612297058105,0.44747382402420044,0.9800000190734863,-2.240000009536743,-4.480000019073486,0.04503652221211921,resting,null
7,right,3277.6103076923077,1790663634950,16.278953552246094,6.76235818862915,0.08614469319581985,0.9800000190734863,-2.240000009536743,-4.480000019073486,0.11313099313008992,resting,null
7,left,3173.445,1790663635006,13.254318237304688,-3.2974274158477783,0.7394086122512817,0.14000000059604645,-0.9800000190734863,-53.54999923706055,0.2531748075302737,ascending,2
7,left,3173.4546153846154,1790663635006,13.859724044799805,2.065079689025879,0.06221561133861542,0.14000000059604645,-0.9800000190734863,-53.54999923706055,0.2922928547729598,ascending,2
7,left,3173.464230769231,1790663635006,8.521145820617676,-2.4981961250305176,0.5742979645729065,0.14000000059604645,-0.9800000190734863,-53.54999923706055,0.2791534072020963,ascending,2
7,left,3173.4738461538464,1790663635006,15.089678764343262,5.405579566955566,0.5838695764541626,0.14000000059604645,-0.9800000190734863,-53.54999923706055,0.3319118244633807,ascending,2
7,left,3173.4834615384616,1790663635006,13.390713691711426,-4.182803153991699,1.141417145729065,0.14000000059604645,-0.9800000190734863,-53.54999923706055,0.3644152305539592,ascending,2
7,left,3173.4930769230773,1790663635006,16.88675308227539,3.1801748275756836,0.18903973698616028,0.14000000059604645,-0.9800000190734863,-53.54999923706055,0.4336659073913696,ascending,2
7,left,3173.5026923076925,1790663635006,10.43547248840332,-2.720736503601074,0.5503688454627991,0.14000000059604645,-0.9800000190734863,-53.54999923706055,0.4376790219405501,ascending,2
7,left,3173.512307692308,1790663635006,14.606310844421387,2.0267932415008545,0.38525819778442383,0.14000000059604645,-0.9800000190734863,-53.54999923706055,0.4846568880264383,ascending,2
7,right,3277.619,1790663635009,5.1040730476379395,9.241411209106445,0.41875892877578735,3.2200000286102295,-2.450000047683716,12.25,0.11289594110666101,resting,null
7,right,3277.6286153846154,1790663635009,9.657776832580566,8.102386474609375,0.5719050168991089,3.2200000286102295,-2.450000047683716,12.25,0.13967170235915813,resting,null
7,right,3277.638230769231,1790663635009,5.809980869293213,8.16699504852295,0.31825676560401917,3.2200000286102295,-2.450000047683716,12.25,0.1381105127738156,resting,null
7,right,3277.6478461538463,1790663635009,16.31723976135254,7.62141227722168,0.16750356554985046,3.2200000286102295,-2.450000047683716,12.25,0.2118205041353165,ascending,2
7,right,3277.6574615384616,1790663635009,9.21748161315918,7.1571879386901855,0.2727915346622467,3.2200000286102295,-2.450000047683716,12.25,0.2295795544153022,ascending,2
7,right,3277.6670769230773,1790663635009,10.983448028564453,8.554646492004395,0.24407662451267242,3.2200000286102295,-2.450000047683716,12.25,0.26897594044979073,ascending,2
7,right,3277.6766923076925,1790663635009,9.363449096679688,11.134201049804688,0.22732627391815186,3.2200000286102295,-2.450000047683716,12.25,0.31159957398877264,ascending,2
7,right,3277.6863076923078,1790663635009,9.858781814575195,6.637927055358887,0.37568655610084534,3.2200000286102295,-2.450000047683716,12.25,0.3310504844544672,ascending,2
7,left,3173.524,1790663635097,13.742470741271973,0.746587336063385,0.3948298394680023,-2.0299999713897705,-1.9600000381469727,22.75,0.5305916513639398,ascending,2
7,left,3173.533615384615,1790663635097,12.395263671875,1.6941789388656616,0.667621374130249,-2.0299999713897705,-1.9600000381469727,22.75,0.5562261174503438,ascending,2
7,left,3173.543230769231,1790663635097,11.048056602478027,-1.7324655055999756,0.2823631465435028,-2.0299999713897705,-1.9600000381469727,22.75,0.5666176814766459,ascending,2
7,left,3173.552846153846,1790663635097,10.153108596801758,-0.6819788217544556,0.08135887235403061,-2.0299999713897705,-1.9600000381469727,22.75,0.569040150494363,ascending,2
7,left,3173.5624615384613,1790663635097,13.321319580078125,1.7300724983215332,0.7202653288841248,-2.0299999713897705,-1.9600000381469727,22.75,0.6034407719592136,ascending,2
7,left,3173.572076923077,1790663635097,10.985840797424316,1.9262909889221191,0.41875892877578735,-2.0299999713897705,-1.9600000381469727,22.75,0.6153677282499506,ascending,2
7,left,3173.5816923076923,1790663635097,12.435943603515625,1.9167194366455078,0.5001177787780762,-2.0299999713897705,-1.9600000381469727,22.75,0.6412008723340145,ascending,2
7,left,3173.5913076923075,1790663635097,10.935589790344238,-1.8281817436218262,0.5360113978385925,-2.0299999713897705,-1.9600000381469727,22.75,0.6509893810872883,ascending,2
7,right,3277.695,1790663635100,10.315826416015625,8.07127857208252,0.2703986167907715,2.1700000762939453,-2.1700000762939453,10.640000343322754,0.3594685678226016,ascending,2
7,right,3277.7046153846154,1790663635100,10.227289199829102,5.498902797698975,0.3110780417919159,2.1700000762939453,-2.1700000762939453,10.640000343322754,0.37499782836884066,ascending,2
7,right,3277.714230769231,1790663635100,9.633848190307617,9.576417922973633,0.4020085632801056,2.1700000762939453,-2.1700000762939453,10.640000343322754,0.41010325801027625,ascending,2
7,right,3277.7238461538464,1790663635100,5.625726699829102,4.864782333374023,0.009571632370352745,2.1700000762939453,-2.1700000762939453,10.640000343322754,0.3870334622088154,ascending,2
7,right,3277.7334615384616,1790663635100,9.39934253692627,8.736507415771484,0.0023929080925881863,2.1700000762939453,-2.1700000762939453,10.640000343322754,0.41542543859410386,ascending,2
7,right,3277.7430769230773,1790663635100,10.256004333496094,7.142830848693848,0.10528795421123505,2.1700000762939453,-2.1700000762939453,10.640000343322754,0.44093412495733164,ascending,2
7,right,3277.7526923076925,1790663635100,10.263182640075684,7.987527370452881,0.11485958844423294,2.1700000762939453,-2.1700000762939453,10.640000343322754,0.4714328935996675,ascending,2
7,right,3277.762307692308,1790663635100,9.246196746826172,6.71928596496582,0.15793193876743317,2.1700000762939453,-2.1700000762939453,10.640000343322754,0.48674881514341867,ascending,2
7,left,3173.603,1790663635172,12.703948974609375,-0.24407662451267242,0.4737958014011383,0.699999988079071,-1.3300000429153442,-13.369999885559082,0.6842798063067602,ascending,2
7,left,3173.6126153846153,1790663635172,11.052842140197754,-0.7394086122512817,0.461831271648407,0.699999988079071,-1.3300000429153442,-13.369999885559082,0.6955892487823124,ascending,2
7,left,3173.622230769231,1790663635172,12.900167465209961,1.6367491483688354,0.39004403352737427,0.699999988079071,-1.3300000429153442,-13.369999885559082,0.7256234211775159,ascending,2
7,left,3173.6318461538463,1790663635172,10.708263397216797,1.7133221626281738,0.49772489070892334,0.699999988079071,-1.3300000429153442,-13.369999885559082,0.7347607444340747,ascending,2
7,left,3173.6414615384615,1790663635172,11.919075012207031,0.27757734060287476,0.540797233581543,0.699999988079071,-1.3300000429153442,-13.369999885559082,0.7548109801419246,ascending,2
7,left,3173.651076923077,1790663635172,9.514202117919922,-0.9547703266143799,0.47858160734176636,0.699999988079071,-1.3300000429153442,-13.369999885559082,0.7511506130058192,ascending,2
7,left,3173.6606923076924,1790663635172,10.82312297821045,1.4189945459365845,0.5336185097694397,0.699999988079071,-1.3300000429153442,-13.369999885559082,0.7612873150247793,ascending,2
7,left,3173.6703076923077,1790663635172,10.698692321777344,1.395065426826477,0.39961564540863037,0.699999988079071,-1.3300000429153442,-13.369999885559082,0.7701822058098632,ascending,2
7,right,3277.77,1790663635173,7.729093074798584,7.896596908569336,0.1722893863916397,0.14000000059604645,-4.900000095367432,3.990000009536743,0.49521859770550003,ascending,2
7,right,3277.779615384615,1790663635173,8.557039260864258,7.4586944580078125,0.13639576733112335,0.14000000059604645,-4.900000095367432,3.990000009536743,0.5095802958628675,ascending,2
7,right,3277.789230769231,1790663635173,8.052135467529297,7.56158971786499,0.27518442273139954,0.14000000059604645,-4.900000095367432,3.990000009536743,0.5206763956958798,ascending,2
7,right,3277.798846153846,1790663635173,10.636476516723633,7.470659255981445,0.23689790070056915,0.14000000059604645,-4.900000095367432,3.990000009536743,0.5509463247312171,ascending,2
7,right,3277.8084615384614,1790663635173,9.258161544799805,6.15455961227417,0.20818300545215607,0.14000000059604645,-4.900000095367432,3.990000009536743,0.5630154769794062,ascending,2
7,right,3277.818076923077,1790663635173,8.894439697265625,7.262475967407227,0.059822700917720795,0.14000000059604645,-4.900000095367432,3.990000009536743,0.5787780095297773,ascending,2
7,right,3277.8276923076924,1790663635173,7.130866050720215,6.791073322296143,0.15793193876743317,0.14000000059604645,-4.900000095367432,3.990000009536743,0.5783128734671998,ascending,2
7,right,3277.8373076923076,1790663635173,8.267497062683105,6.496745586395264,0.15793193876743317,0.14000000059604645,-4.900000095367432,3.990000009536743,0.5848032725584046,ascending,2
7,left,3173.683,1790663635247,8.901618003845215,-1.6319633722305298,0.540797233581543,-0.3499999940395355,-1.5399999618530273,-29.469999313354492,0.7568450198078416,ascending,2
7,left,3173.6926153846152,1790663635247,10.569475173950195,-1.4572809934616089,0.08375178277492523,-0.3499999940395355,-1.5399999618530273,-29.469999313354492,0.7625609255431466,ascending,2
7,left,3173.702230769231,1790663635247,7.863095760345459,-2.5269110202789307,0.27757734060287476,-0.3499999940395355,-1.5399999618530273,-29.469999313354492,0.7416573844491078,ascending,2
7,left,3173.711846153846,1790663635247,12.364155769348145,3.991370677947998,0.06221561133861542,-0.3499999940395355,-1.5399999618530273,-29.469999313354492,0.7683329494095161,ascending,2
7,left,3173.7214615384614,1790663635247,9.940139770507812,0.5455830693244934,0.37807947397232056,-0.3499999940395355,-1.5399999618530273,-29.469999313354492,0.769428914268055,ascending,2
7,left,3173.731076923077,1790663635247,9.22705364227295,-0.43790218234062195,0.3230426013469696,-0.3499999940395355,-1.5399999618530273,-29.469999313354492,0.7628978244314363,ascending,2
7,left,3173.7406923076924,1790663635247,7.776951313018799,-0.44029510021209717,0.41875892877578735,-0.3499999940395355,-1.5399999618530273,-29.469999313354492,0.7425022409890173,ascending,2
7,left,3173.7503076923076,1790663635247,9.282090187072754,-2.4120514392852783,0.3445787727832794,-0.3499999940395355,-1.5399999618530273,-29.469999313354492,0.7347843417014254,ascending,2
7,right,3277.846,1790663635264,7.798487663269043,8.097600936889648,0.03110780566930771,1.9600000381469727,-3.5,8.1899995803833,0.595906275992121,ascending,2
7,right,3277.8556153846152,1790663635264,5.678370952606201,6.599640369415283,0.5001177787780762,1.9600000381469727,-3.5,8.1899995803833,0.5831982671557401,ascending,2
7,right,3277.865230769231,1790663635264,10.98105525970459,6.1378092765808105,0.2105759084224701,1.9600000381469727,-3.5,8.1899995803833,0.608329380650317,ascending,2
7,right,3277.874846153846,1790663635264,6.582890033721924,6.951397895812988,0.30629223585128784,1.9600000381469727,-3.5,8.1899995803833,0.6045525600504527,ascending,2
7,right,3277.8844615384614,1790663635264,7.707557201385498,6.049271583557129,0.39722275733947754,1.9600000381469727,-3.5,8.1899995803833,0.6041080057633892,ascending,2
7,right,3277.894076923077,1790663635264,7.312726974487305,5.156716823577881,0.260826975107193,1.9600000381469727,-3.5,8.1899995803833,0.5954776309204718,ascending,2
7,right,3277.9036923076924,1790663635264,7.552018165588379,6.0325212478637695,0.14596739411354065,1.9600000381469727,-3.5,8.1899995803833,0.5937788218911291,ascending,2
7,right,3277.9133076923076,1790663635264,6.37949275970459,6.33642053604126,0.1507532149553299,1.9600000381469727,-3.5,8.1899995803833,0.58485922226291,ascending,2
7,left,3173.762,1790663635322,8.444572448730469,0.9763064980506897,0.3445787727832794,-0.49000000953674316,-0.49000000953674316,-4.829999923706055,0.7191481666872978,ascending,2
7,left,3173.7716153846154,1790663635322,8.147851943969727,0.1914326548576355,0.33740004897117615,-0.49000000953674316,-0.49000000953674316,-4.829999923706055,0.7027750718279531,ascending,2
7,left,3173.781230769231,1790663635322,9.63624095916748,1.8951832056045532,0.41875892877578735,-0.49000000953674316,-0.49000000953674316,-4.829999923706055,0.7021752136307886,ascending,2
7,left,3173.7908461538464,1790663635322,7.537660598754883,-0.8494823575019836,0.39004403352737427,-0.49000000953674316,-0.49000000953674316,-4.829999923706055,0.6790745658840737,ascending,2
7,left,3173.8004615384616,1790663635322,8.997334480285645,-1.454888105392456,0.37568655610084534,-0.49000000953674316,-0.49000000953674316,-4.829999923706055,0.6694265815249728,ascending,2
7,left,3173.8100769230773,1790663635322,6.149773597717285,-1.3017419576644897,0.952377438545227,-0.49000000953674316,-0.49000000953674316,-4.829999923706055,0.6329172736327754,ascending,2
7,left,3173.8196923076925,1790663635322,7.858310222625732,2.507767677307129,0.3924369215965271,-0.49000000953674316,-0.49000000953674316,-4.829999923706055,0.6159101268988899,ascending,2
7,left,3173.829307692308,1790663635322,8.013849258422852,1.5338541269302368,0.5934411883354187,-0.49000000953674316,-0.49000000953674316,-4.829999923706055,0.5996236001242149,ascending,2
7,right,3277.923,1790663635324,5.422329902648926,4.893496990203857,0.13878867030143738,2.1700000762939453,-4.900000095367432,11.480000495910645,0.5600431718530727,ascending,2
7,right,3277.932615384615,1790663635324,6.664248943328857,5.295505523681641,0.08135887235403061,2.1700000762939453,-4.900000095367432,11.480000495910645,0.547290418505798,ascending,2
7,right,3277.9422307692307,1790663635324,6.9609694480896,4.5632758140563965,0.11725249886512756,2.1700000762939453,-4.900000095367432,11.480000495910645,0.5325914225442206,ascending,2
7,right,3277.951846153846,1790663635324,6.357956886291504,5.419936656951904,0.12921704351902008,2.1700000762939453,-4.900000095367432,11.480000495910645,0.5181981443926769,ascending,2
7,right,3277.961461538461,1790663635324,5.625726699829102,5.747765064239502,0.05742979422211647,2.1700000762939453,-4.900000095367432,11.480000495910645,0.5000769283483105,ascending,2
7,right,3277.971076923077,1790663635324,4.386200428009033,5.690335273742676,0.06700142472982407,2.1700000762939453,-4.900000095367432,11.480000495910645,0.4720970529735664,ascending,2
7,right,3277.980692307692,1790663635324,7.461087226867676,4.369450092315674,0.10289505124092102,2.1700000762939453,-4.900000095367432,11.480000495910645,0.46019819146716934,ascending,2
7,right,3277.9903076923074,1790663635324,5.9894490242004395,5.2524333000183105,0.05742979422211647,2.1700000762939453,-4.900000095367432,11.480000495910645,0.44202184509056425,ascending,2
7,right,3277.999,1790663635399,7.355799674987793,2.718343496322632,-0.040679436177015305,0.8400000333786011,-4.199999809265137,12.109999656677246,0.42207515644167676,ascending,2
7,right,3278.008615384615,1790663635399,3.9315478801727295,5.372078895568848,-0.007178724277764559,0.8400000333786011,-4.199999809265137,12.109999656677246,0.38863185684059764,ascending,2
7,right,3278.0182307692307,1790663635399,5.429508686065674,5.881768226623535,-0.05264397710561752,0.8400000333786011,-4.199999809265137,12.109999656677246,0.36971050109427883,ascending,2
7,right,3278.027846153846,1790663635399,4.843245983123779,3.8047239780426025,0.023929081857204437,0.8400000333786011,-4.199999809265137,12.109999656677246,0.3344271273302228,ascending,2
7,right,3278.0374615384612,1790663635399,5.635298728942871,3.3907508850097656,0.07657305896282196,0.8400000333786011,-4.199999809265137,12.109999656677246,0.3029580025236064,ascending,2
7,right,3278.047076923077,1790663635399,6.396243095397949,3.1155662536621094,-0.023929081857204437,0.8400000333786011,-4.199999809265137,12.109999656677246,0.27592259691163856,ascending,2
7,right,3278.056692307692,1790663635399,4.910247325897217,4.733172416687012,-0.009571632370352745,0.8400000333786011,-4.199999809265137,12.109999656677246,0.24641844770037272,ascending,2
7,right,3278.0663076923074,1790663635399,5.317041873931885,3.1945323944091797,-0.009571632370352745,0.8400000333786011,-4.199999809265137,12.109999656677246,0.2114540077177337,ascending,2
7,left,3173.841,1790663635458,9.66256332397461,-0.588655412197113,0.5384043455123901,-1.399999976158142,-0.49000000953674316,15.190000534057617,0.5966617565760886,ascending,2
7,left,3173.850615384615,1790663635458,7.106936931610107,-0.09332341700792313,0.49772489070892334,-1.399999976158142,-0.49000000953674316,15.190000534057617,0.5702392322793651,ascending,2
7,left,3173.860230769231,1790663635458,6.539817810058594,-0.7848738431930542,0.43550926446914673,-1.399999976158142,-0.49000000953674316,15.190000534057617,0.5378346941972257,ascending,2
7,left,3173.869846153846,1790663635458,6.209596633911133,1.9550058841705322,0.5479759573936462,-1.399999976158142,-0.49000000953674316,15.190000534057617,0.5045159797430634,ascending,2
7,left,3173.8794615384613,1790663635458,7.319905757904053,-0.9954497814178467,0.4642241597175598,-1.399999976158142,-0.49000000953674316,15.190000534057617,0.47955466147076076,ascending,2
7,left,3173.889076923077,1790663635458,7.370156764984131,1.6917860507965088,0.43790218234062195,-1.399999976158142,-0.49000000953674316,15.190000534057617,0.4570616062544417,ascending,2
7,left,3173.8986923076923,1790663635458,7.080615043640137,-0.19621846079826355,0.43790218234062195,-1.399999976158142,-0.49000000953674316,15.190000534057617,0.43044992067018256,ascending,2
7,left,3173.9083076923075,1790663635458,6.360349655151367,1.799466848373413,0.46900999546051025,-1.399999976158142,-0.49000000953674316,15.190000534057617,0.39831761870882515,ascending,2
7,left,3173.921,1790663635486,7.104544162750244,-0.7394086122512817,0.5431901216506958,-1.4700000286102295,-1.3300000429153442,-24.149999618530273,0.36309334740676474,ascending,2
7,left,3173.930615384615,1790663635486,7.051900386810303,-0.5431901216506958,0.461831271648407,-1.4700000286102295,-1.3300000429153442,-24.149999618530273,0.33599620390039625,ascending,2
7,left,3173.9402307692308,1790663635486,5.527617931365967,0.43790218234062195,0.2632198929786682,-1.4700000286102295,-1.3300000429153442,-24.149999618530273,0.29493626098569553,ascending,2
7,left,3173.949846153846,1790663635486,5.1040730476379395,0.9212695956230164,0.40679436922073364,-1.4700000286102295,-1.3300000429153442,-24.149999618530273,0.25028936799701645,ascending,2
7,left,3173.9594615384613,1790663635486,5.049036026000977,-0.8997334241867065,0.3230426013469696,-1.4700000286102295,-1.3300000429153442,-24.149999618530273,0.20360223530724547,ascending,2
7,left,3173.969076923077,1790663635486,7.032756805419922,2.2182257175445557,0.284756064414978,-1.4700000286102295,-1.3300000429153442,-24.149999618530273,0.17858415932569252,ascending,2
7,left,3173.978692307692,1790663635486,5.731014728546143,-0.7489802241325378,0.3015064299106598,-1.4700000286102295,-1.3300000429153442,-24.149999618530273,0.13844857979718667,ascending,2
7,left,3173.9883076923074,1790663635486,5.2380757331848145,1.5194966793060303,0.2632198929786682,-1.4700000286102295,-1.3300000429153442,-24.149999618530273,0.09575147004515681,ascending,2
7,right,3278.074,1790663635489,3.5175747871398926,4.410129547119141,-0.011964540928602219,0.3499999940395355,-4.760000228881836,23.8700008392334,0.17767626047346707,ascending,2
7,right,3278.0836153846153,1790663635489,5.178253173828125,4.742743968963623,-0.02632198855280876,0.3499999940395355,-4.760000228881836,23.8700008392334,0.15030320587226323,ascending,2
7,right,3278.093230769231,1790663635489,4.898283004760742,2.8714897632598877,-0.03828652948141098,0.3499999940395355,-4.760000228881836,23.8700008392334,0.11035503938857061,ascending,2
7,right,3278.1028461538463,1790663635489,5.862624645233154,1.6008554697036743,-0.01914326474070549,0.3499999940395355,-4.760000228881836,23.8700008392334,0.07104168823424666,ascending,2
7,right,3278.1124615384615,1790663635489,3.785580635070801,3.7688302993774414,0.05742979422211647,0.3499999940395355,-4.760000228881836,23.8700008392334,0.02726598512280369,ascending,2
7,right,3278.122076923077,1790663635489,4.64463472366333,3.6778998374938965,0.08135887235403061,0.3499999940395355,-4.760000228881836,23.8700008392334,-0.010223180697633711,resting,null
7,right,3278.1316923076924,1790663635489,4.161267280578613,3.7353296279907227,0.05264397710561752,0.3499999940395355,-4.760000228881836,23.8700008392334,-0.05123287253084653,resting,null
7,right,3278.1413076923077,1790663635489,4.86956787109375,1.9215052127838135,0.14357449114322662,0.3499999940395355,-4.760000228881836,23.8700008392334,-0.0963870546523743,resting,null
7,right,3278.15,1790663635550,3.998549461364746,2.4120514392852783,0.09571632742881775,1.190000057220459,-3.009999990463257,15.819999694824219,-0.14106003697796032,resting,null
7,right,3278.1596153846153,1790663635550,4.06315803527832,3.4601449966430664,0.13639576733112335,1.190000057220459,-3.009999990463257,15.819999694824219,-0.18435012763915126,resting,null
7,right,3278.169230769231,1790663635550,4.357485771179199,4.718814849853516,0.13400284945964813,1.190000057220459,-3.009999990463257,15.819999694824219,-0.2185910660118239,descending,null
7,right,3278.1788461538463,1790663635550,3.7760090827941895,0.4809745252132416,0.21536172926425934,1.190000057220459,-3.009999990463257,15.819999694824219,-0.2799718540645104,descending,null
7,right,3278.1884615384615,1790663635550,7.303155422210693,2.409658432006836,-0.07657305896282196,1.190000057220459,-3.009999990463257,15.819999694824219,-0.3026726914023139,descending,null
7,right,3278.198076923077,1790663635550,3.8812968730926514,4.130159378051758,0.28714898228645325,1.190000057220459,-3.009999990463257,15.819999694824219,-0.3439666822441732,descending,null
7,right,3278.2076923076925,1790663635550,5.585047721862793,2.1320810317993164,0.1507532149553299,1.190000057220459,-3.009999990463257,15.819999694824219,-0.38191107271268887,descending,null
7,right,3278.2173076923077,1790663635550,4.895889759063721,2.9193477630615234,0.23929080367088318,1.190000057220459,-3.009999990463257,15.819999694824219,-0.4213143898649517,descending,null
7,left,3174,1790663635562,4.429272651672363,-0.9786993861198425,0.23929080367088318,-1.4700000286102295,-0.7699999809265137,-29.260000228881836,0.031416722144152275,ascending,2
7,left,3174.0096153846152,1790663635562,6.886789321899414,3.16821026802063,0.2105759084224701,-1.4700000286102295,-0.7699999809265137,-29.260000228881836,0.00638955254098231,resting,null
7,left,3174.019230769231,1790663635562,5.4558305740356445,-1.1079164743423462,0.7705163955688477,-1.4700000286102295,-0.7699999809265137,-29.260000228881836,-0.0367816557181003,resting,null
7,left,3174.028846153846,1790663635562,5.183038711547852,2.380943536758423,0.17468228936195374,-1.4700000286102295,-0.7699999809265137,-29.260000228881836,-0.07873707341968503,resting,null
7,left,3174.0384615384614,1790663635562,5.527617931365967,1.6965718269348145,0.3350071310997009,-1.4700000286102295,-0.7699999809265137,-29.260000228881836,-0.11808499758439032,resting,null
7,left,3174.048076923077,1790663635562,6.118666172027588,-0.05742979422211647,0.040679436177015305,-1.4700000286102295,-0.7699999809265137,-29.260000228881836,-0.15410575543339586,resting,null
7,left,3174.0576923076924,1790663635562,7.11890172958374,2.275655508041382,0.20339718461036682,-1.4700000286102295,-0.7699999809265137,-29.260000228881836,-0.17746041625783704,resting,null
7,left,3174.0673076923076,1790663635562,5.752551078796387,0.2512553632259369,0.2416837215423584,-1.4700000286102295,-0.7699999809265137,-29.260000228881836,-0.21652062951950654,descending,null
7,right,3278.226,1790663635624,5.575475692749023,4.211518287658691,0.260826975107193,0,-3.009999990463257,15.399999618530273,-0.4458971609726317,descending,null
7,right,3278.2356153846154,1790663635624,6.625962734222412,2.735093832015991,0.19382555782794952,0,-3.009999990463257,15.399999618530273,-0.47216082798636766,descending,null
7,right,3278.245230769231,1790663635624,4.941355228424072,3.163424491882324,0.2225404530763626,0,-3.009999990463257,15.399999618530273,-0.5098814830061337,descending,null
7,right,3278.2548461538463,1790663635624,6.357956886291504,3.146674156188965,0.11964540183544159,0,-3.009999990463257,15.399999618530273,-0.5361026000992313,descending,null
7,right,3278.2644615384615,1790663635624,5.300291538238525,3.3141777515411377,0.1722893863916397,0,-3.009999990463257,15.399999618530273,-0.5700897425676031,descending,null
7,right,3278.2740769230772,1790663635624,6.5446038246154785,3.2160685062408447,0.07418014854192734,0,-3.009999990463257,15.399999618530273,-0.5943492449409595,descending,null
7,right,3278.2836923076925,1790663635624,6.1378092765808105,2.4551236629486084,0.12443122267723083,0,-3.009999990463257,15.399999618530273,-0.6257453432773799,descending,null
7,right,3278.2933076923077,1790663635624,6.621176719665527,3.457752227783203,0.10289505124092102,0,-3.009999990463257,15.399999618530273,-0.6481104424830424,descending,null
7,left,3174.079,1790663635651,7.2194037437438965,2.2158329486846924,0.2105759084224701,-1.5399999618530273,0.07000000029802322,-22.610000610351562,-0.2436546021311879,descending,null
7,left,3174.0886153846154,1790663635651,6.013378143310547,1.3926725387573242,0.3110780417919159,-1.5399999618530273,0.07000000029802322,-22.610000610351562,-0.27854322551215244,descending,null
7,left,3174.098230769231,1790663635651,7.5639824867248535,1.6654640436172485,0.2919347882270813,-1.5399999618530273,0.07000000029802322,-22.610000610351562,-0.2982835045179851,descending,null
7,left,3174.1078461538464,1790663635651,6.317277431488037,1.9597917795181274,0.3613291084766388,-1.5399999618530273,0.07000000029802322,-22.610000610351562,-0.32931355519343625,descending,null
7,left,3174.1174615384616,1790663635651,7.413229465484619,2.263690948486328,0.35893622040748596,-1.5399999618530273,0.07000000029802322,-22.610000610351562,-0.3494155047213614,descending,null
7,left,3174.1270769230773,1790663635651,6.594854831695557,2.47426700592041,0.3948298394680023,-1.5399999618530273,0.07000000029802322,-22.610000610351562,-0.3768215389065562,descending,null
7,left,3174.1366923076926,1790663635651,7.104544162750244,1.7851094007492065,0.39004403352737427,-1.5399999618530273,0.07000000029802322,-22.610000610351562,-0.4005344112512112,descending,null
7,left,3174.146307692308,1790663635651,6.843717098236084,0.26800569891929626,0.5431901216506958,-1.5399999618530273,0.07000000029802322,-22.610000610351562,-0.42929284021413344,descending,null
7,right,3278.301,1790663635700,6.7144999504089355,2.615448474884033,0.04307234659790993,-0.07000000029802322,-2.450000047683716,10.779999732971191,-0.6686999934950422,descending,null
7,right,3278.310615384615,1790663635700,6.257454872131348,3.8621537685394287,0.1005021408200264,-0.07000000029802322,-2.450000047683716,10.779999732971191,-0.6920158505539292,descending,null
7,right,3278.320230769231,1790663635700,7.427586555480957,4.194767951965332,0.1005021408200264,-0.07000000029802322,-2.450000047683716,10.779999732971191,-0.7040304579825862,descending,null
7,right,3278.329846153846,1790663635700,7.927704334259033,3.8669395446777344,0.014357448555529118,-0.07000000029802322,-2.450000047683716,10.779999732971191,-0.7134815886054314,descending,null
7,right,3278.3394615384614,1790663635700,8.236390113830566,3.0796728134155273,-0.06939433515071869,-0.07000000029802322,-2.450000047683716,10.779999732971191,-0.724156528537576,descending,null
7,right,3278.349076923077,1790663635700,7.43955135345459,3.000706672668457,0.04546525329351425,-0.07000000029802322,-2.450000047683716,10.779999732971191,-0.7418003557327212,descending,null
7,right,3278.3586923076923,1790663635700,8.640790939331055,3.3692145347595215,-0.009571632370352745,-0.07000000029802322,-2.450000047683716,10.779999732971191,-0.7476179016656272,descending,null
7,right,3278.3683076923076,1790663635700,8.918368339538574,1.7516087293624878,0.011964540928602219,-0.07000000029802322,-2.450000047683716,10.779999732971191,-0.7588013539111874,descending,null
7,left,3174.159,1790663635727,8.652755737304688,2.8714897632598877,0.4809745252132416,-2.0299999713897705,0.49000000953674316,-10.149999618530273,-0.43861008897791176,descending,null
7,left,3174.1686153846154,1790663635727,8.789151191711426,2.699200391769409,0.5001177787780762,-2.0299999713897705,0.49000000953674316,-10.149999618530273,-0.44464749485878863,descending,null
7,left,3174.178230769231,1790663635727,8.597719192504883,2.936098337173462,0.5120823383331299,-2.0299999713897705,0.49000000953674316,-10.149999618530273,-0.4520031424380972,descending,null
7,left,3174.1878461538463,1790663635727,7.805665969848633,3.266319513320923,0.5120823383331299,-2.0299999713897705,0.49000000953674316,-10.149999618530273,-0.4661381652443477,descending,null
7,left,3174.1974615384615,1790663635727,9.75588607788086,0.8973405361175537,0.5551546812057495,-2.0299999713897705,0.49000000953674316,-10.149999618530273,-0.4664072333463768,descending,null
7,left,3174.2070769230772,1790663635727,9.418486595153809,4.032050132751465,0.5934411883354187,-2.0299999713897705,0.49000000953674316,-10.149999618530273,-0.4637965194673897,descending,null
7,left,3174.2166923076925,1790663635727,10.059785842895508,2.699200391769409,0.6341206431388855,-2.0299999713897705,0.49000000953674316,-10.149999618530273,-0.4576997495333233,descending,null
7,left,3174.2263076923077,1790663635727,10.200966835021973,3.0461719036102295,0.6987291574478149,-2.0299999713897705,0.49000000953674316,-10.149999618530273,-0.44953664498269247,descending,null
7,left,3174.238,1790663635801,9.253376007080078,3.843010425567627,0.6628355383872986,-1.75,-1.6100000143051147,-2.870000123977661,-0.44845266152507846,descending,null
7,left,3174.247615384615,1790663635801,9.595561027526855,3.062922477722168,0.588655412197113,-1.75,-1.6100000143051147,-2.870000123977661,-0.4459460374698814,descending,null
7,left,3174.257230769231,1790663635801,8.947083473205566,2.3450498580932617,0.6915504336357117,-1.75,-1.6100000143051147,-2.870000123977661,-0.4509399557430931,descending,null
7,left,3174.266846153846,1790663635801,9.901853561401367,3.2304258346557617,0.6700142621994019,-1.75,-1.6100000143051147,-2.870000123977661,-0.44513695129053177,descending,null
7,left,3174.2764615384613,1790663635801,9.911425590515137,2.9839563369750977,0.6149773597717285,-1.75,-1.6100000143051147,-2.870000123977661,-0.43977093913723275,descending,null
7,left,3174.286076923077,1790663635801,9.418486595153809,3.821474313735962,0.7250511646270752,-1.75,-1.6100000143051147,-2.870000123977661,-0.43716676462637294,descending,null
7,left,3174.295692307692,1790663635801,10.406757354736328,2.2852272987365723,0.6843717098236084,-1.75,-1.6100000143051147,-2.870000123977661,-0.42860961137825315,descending,null
7,left,3174.3053076923075,1790663635801,9.8444242477417,1.9789350032806396,0.7106937170028687,-1.75,-1.6100000143051147,-2.870000123977661,-0.4259566824641001,descending,null
7,right,3278.378,1790663635806,10.114822387695312,3.4673237800598145,-0.10768086463212967,-0.07000000029802322,-1.399999976158142,12.390000343322754,-0.7516472028257186,descending,null
7,right,3278.3876153846154,1790663635806,9.181588172912598,3.3763933181762695,-0.023929081857204437,-0.07000000029802322,-1.399999976158142,12.390000343322754,-0.75274383926171,descending,null
7,right,3278.397230769231,1790663635806,9.619490623474121,3.0461719036102295,-0.08614469319581985,-0.07000000029802322,-1.399999976158142,12.390000343322754,-0.7516345998164684,descending,null
7,right,3278.4068461538463,1790663635806,8.423036575317383,2.9145619869232178,-0.13878867030143738,-0.07000000029802322,-1.399999976158142,12.390000343322754,-0.7611100003990998,descending,null
7,right,3278.4164615384616,1790663635806,8.463715553283691,3.374000310897827,-0.10528795421123505,-0.07000000029802322,-1.399999976158142,12.390000343322754,-0.7680717142621528,descending,null
7,right,3278.4260769230773,1790663635806,8.34167766571045,4.283305644989014,-0.10289505124092102,-0.07000000029802322,-1.399999976158142,12.390000343322754,-0.7718589811225266,descending,null
7,right,3278.4356923076925,1790663635806,9.13133716583252,4.012907028198242,-0.09810923039913177,-0.07000000029802322,-1.399999976158142,12.390000343322754,-0.770184615054329,descending,null
7,right,3278.445307692308,1790663635806,9.298840522766113,4.1205878257751465,0.047858163714408875,-0.07000000029802322,-1.399999976158142,12.390000343322754,-0.7666123518451027,descending,null
7,left,3174.317,1790663635877,10.497687339782715,2.0961875915527344,0.588655412197113,0.699999988079071,-2.0299999713897705,-22.329999923706055,-0.4150739782582818,descending,null
7,left,3174.3266153846153,1790663635877,10.279932975769043,1.0145930051803589,0.5049036145210266,0.699999988079071,-2.0299999713897705,-22.329999923706055,-0.4105509910664551,descending,null
7,left,3174.336230769231,1790663635877,9.868352890014648,0.727444052696228,0.4929390549659729,0.699999988079071,-2.0299999713897705,-22.329999923706055,-0.4105330251007766,descending,null
7,left,3174.345846153846,1790663635877,9.959283828735352,1.5553902387619019,0.44986671209335327,0.699999988079071,-2.0299999713897705,-22.329999923706055,-0.4078929738053665,descending,null
7,left,3174.3554615384614,1790663635877,10.27754020690918,1.179703712463379,0.43550926446914673,0.699999988079071,-2.0299999713897705,-22.329999923706055,-0.40313379635569707,descending,null
7,left,3174.365076923077,1790663635877,10.387614250183105,1.904754877090454,0.44986671209335327,0.699999988079071,-2.0299999713897705,-22.329999923706055,-0.3957455361498476,descending,null
7,left,3174.3746923076924,1790663635877,10.200966835021973,0.7011220455169678,0.3948298394680023,0.699999988079071,-2.0299999713897705,-22.329999923706055,-0.3928450974674792,descending,null
7,left,3174.3843076923076,1790663635877,10.811159133911133,0.6054057478904724,0.4020085632801056,0.699999988079071,-2.0299999713897705,-22.329999923706055,-0.3844971844845621,descending,null
7,right,3278.454,1790663635925,10.672369956970215,3.1442811489105225,-0.06460852175951004,-1.1200000047683716,-2.5899999141693115,10.359999656677246,-0.756752009798348,descending,null
7,right,3278.4636153846154,1790663635925,8.109565734863281,4.4579877853393555,0.035893622785806656,-1.1200000047683716,-2.5899999141693115,10.359999656677246,-0.7617486044651105,descending,null
7,right,3278.473230769231,1790663635925,9.195945739746094,4.185196399688721,0.023929081857204437,-1.1200000047683716,-2.5899999141693115,10.359999656677246,-0.7587087127254585,descending,null
7,right,3278.4828461538464,1790663635925,8.60250473022461,5.262004852294922,0.0047858161851763725,-1.1200000047683716,-2.5899999141693115,10.359999656677246,-0.7559250701414094,descending,null
7,right,3278.4924615384616,1790663635925,8.994941711425781,5.049036026000977,0.07178724557161331,-1.1200000047683716,-2.5899999141693115,10.359999656677246,-0.7507641845786539,descending,null
7,right,3278.5020769230773,1790663635925,8.32492733001709,5.333792209625244,0.11007377505302429,-1.1200000047683716,-2.5899999141693115,10.359999656677246,-0.7500551710438937,descending,null
7,right,3278.5116923076926,1790663635925,8.131101608276367,5.551546573638916,0.14596739411354065,-1.1200000047683716,-2.5899999141693115,10.359999656677246,-0.7500368737053831,descending,null
7,right,3278.521307692308,1790663635925,8.379963874816895,5.532403469085693,0.12203831225633621,-1.1200000047683716,-2.5899999141693115,10.359999656677246,-0.7479778381770952,descending,null
7,right,3278.53,1790663635955,7.915740013122559,5.776480197906494,0.14596739411354065,-0.9800000190734863,-2.1700000762939453,11.6899995803833,-0.7487178053302025,descending,null
7,right,3278.5396153846154,1790663635955,8.894439697265625,6.152166843414307,0.16750356554985046,-0.9800000190734863,-2.1700000762939453,11.6899995803833,-0.7395352220660196,descending,null
7,right,3278.549230769231,1790663635955,8.310569763183594,5.766908645629883,0.23929080367088318,-0.9800000190734863,-2.1700000762939453,11.6899995803833,-0.737059941860342,descending,null
7,right,3278.5588461538464,1790663635955,9.243803977966309,5.900911331176758,0.22014755010604858,-0.9800000190734863,-2.1700000762939453,11.6899995803833,-0.7260357217193001,descending,null
7,right,3278.5684615384616,1790663635955,8.430214881896973,5.40797233581543,0.27518442273139954,-0.9800000190734863,-2.1700000762939453,11.6899995803833,-0.7241505248225758,descending,null
7,right,3278.5780769230773,1790663635955,6.877217769622803,7.11890172958374,0.2943277060985565,-0.9800000190734863,-2.1700000762939453,11.6899995803833,-0.7279319884069159,descending,null
7,right,3278.5876923076926,1790663635955,9.066728591918945,7.109330177307129,0.2895418703556061,-0.9800000190734863,-2.1700000762939453,11.6899995803833,-0.7130875589147074,descending,null
7,right,3278.597307692308,1790663635955,7.650126934051514,5.759729862213135,0.2823631465435028,-0.9800000190734863,-2.1700000762939453,11.6899995803833,-0.7163081284210059,descending,null
7,left,3174.396,1790663636012,10.136358261108398,1.012200117111206,0.4211518168449402,-0.9800000190734863,-2.240000009536743,-17.149999618530273,-0.38089319552211404,descending,null
7,left,3174.4056153846154,1790663636012,9.485487937927246,2.9983139038085938,0.1698964685201645,-0.9800000190734863,-2.240000009536743,-17.149999618530273,-0.37955960568392266,descending,null
7,left,3174.415230769231,1790663636012,8.518753051757812,4.070336818695068,0.4642241597175598,-0.9800000190734863,-2.240000009536743,-17.149999618530273,-0.38453263290629475,descending,null
7,left,3174.4248461538464,1790663636012,8.49960994720459,-0.2943277060985565,0.7561589479446411,-0.9800000190734863,-2.240000009536743,-17.149999618530273,-0.3998971288168068,descending,null
7,left,3174.4344615384616,1790663636012,11.421350479125977,1.749215841293335,0.3804723918437958,-0.9800000190734863,-2.240000009536743,-17.149999618530273,-0.38339507958384333,descending,null
7,left,3174.4440769230773,1790663636012,8.868117332458496,2.735093832015991,0.48576033115386963,-0.9800000190734863,-2.240000009536743,-17.149999618530273,-0.38823469127624227,descending,null
7,left,3174.4536923076926,1790663636012,10.835087776184082,1.9765421152114868,0.34936457872390747,-0.9800000190734863,-2.240000009536743,-17.149999618530273,-0.3767060358356122,descending,null
7,left,3174.463307692308,1790663636012,9.528559684753418,2.591519355773926,0.47858160734176636,-0.9800000190734863,-2.240000009536743,-17.149999618530273,-0.375761499801322,descending,null
7,left,3174.475,1790663636041,10.162680625915527,1.6271774768829346,0.4307234585285187,-0.07000000029802322,-2.0299999713897705,-22.81999969482422,-0.370419273898134,descending,null
7,left,3174.484615384615,1790663636041,9.451987266540527,0.6532639265060425,0.38765111565589905,-0.07000000029802322,-2.0299999713897705,-22.81999969482422,-0.3751019108918959,descending,null
7,left,3174.494230769231,1790663636041,9.325162887573242,1.9119335412979126,0.3326142132282257,-0.07000000029802322,-2.0299999713897705,-22.81999969482422,-0.3778240965304274,descending,null
7,left,3174.503846153846,1790663636041,8.365606307983398,2.395301103591919,0.33740004897117615,-0.07000000029802322,-2.0299999713897705,-22.81999969482422,-0.3882004380294192,descending,null
7,left,3174.5134615384613,1790663636041,10.244039535522461,2.8762755393981934,0.40918728709220886,-0.07000000029802322,-2.0299999713897705,-22.81999969482422,-0.3799281477689854,descending,null
7,left,3174.523076923077,1790663636041,8.504395484924316,1.268241286277771,0.24646952748298645,-0.07000000029802322,-2.0299999713897705,-22.81999969482422,-0.3920332859168342,descending,null
7,left,3174.5326923076923,1790663636041,9.602740287780762,0.825553297996521,1.0863802433013916,-0.07000000029802322,-2.0299999713897705,-22.81999969482422,-0.39487744155532084,descending,null
7,left,3174.5423076923075,1790663636041,7.549624919891357,2.5412683486938477,0.12443122267723083,-0.07000000029802322,-2.0299999713897705,-22.81999969482422,-0.41244698573904465,descending,null
7,right,3278.605,1790663636043,8.590539932250977,6.240704536437988,0.16750356554985046,-0.2800000011920929,-2.1700000762939453,13.300000190734863,-0.7107495810517471,descending,null
7,right,3278.6146153846153,1790663636043,9.585989952087402,3.5319323539733887,0.2105759084224701,-0.2800000011920929,-2.1700000762939453,13.300000190734863,-0.7072572183055443,descending,null
7,right,3278.624230769231,1790663636043,8.95665454864502,5.376864433288574,0.1411815732717514,-0.2800000011920929,-2.1700000762939453,13.300000190734863,-0.7010353126630597,descending,null
7,right,3278.633846153846,1790663636043,9.47830867767334,5.037071704864502,0.1005021408200264,-0.2800000011920929,-2.1700000762939453,13.300000190734863,-0.6918381422860415,descending,null
7,right,3278.6434615384615,1790663636043,7.537660598754883,5.604190826416016,0.17946811020374298,-0.2800000011920929,-2.1700000762939453,13.300000190734863,-0.696793308710133,descending,null
7,right,3278.653076923077,1790663636043,8.971012115478516,4.881532669067383,0.14596739411354065,-0.2800000011920929,-2.1700000762939453,13.300000190734863,-0.6926286864435516,descending,null
7,right,3278.6626923076924,1790663636043,8.217246055603027,4.666170597076416,0.19621846079826355,-0.2800000011920929,-2.1700000762939453,13.300000190734863,-0.6958704372024657,descending,null
7,right,3278.6723076923076,1790663636043,8.882474899291992,4.934176445007324,0.181861013174057,-0.2800000011920929,-2.1700000762939453,13.300000190734863,-0.6922438208419338,descending,null
7,right,3278.681,1790663636104,8.202888488769531,4.759494304656982,0.21775463223457336,-0.07000000029802322,-2.450000047683716,12.109999656677246,-0.6949259339901749,descending,null
7,right,3278.6906153846153,1790663636104,9.033227920532227,6.4752092361450195,0.3350071310997009,-0.07000000029802322,-2.450000047683716,12.109999656677246,-0.6833555109823541,descending,null
7,right,3278.700230769231,1790663636104,6.903539657592773,4.682920932769775,0.3206496834754944,-0.07000000029802322,-2.450000047683716,12.109999656677246,-0.6978232980189334,descending,null
7,right,3278.7098461538462,1790663636104,8.6096830368042,5.838695526123047,0.3015064299106598,-0.07000000029802322,-2.450000047683716,12.109999656677246,-0.6926440751559841,descending,null
7,right,3278.7194615384615,1790663636104,6.860467433929443,4.472345352172852,0.016750356182456017,-0.07000000029802322,-2.450000047683716,12.109999656677246,-0.7083489107739177,descending,null
7,right,3278.729076923077,1790663636104,10.066964149475098,5.185431957244873,0.17468228936195374,-0.07000000029802322,-2.450000047683716,12.109999656677246,-0.6934654999824306,descending,null
7,right,3278.7386923076924,1790663636104,8.253140449523926,6.1665239334106445,0.20818300545215607,-0.07000000029802322,-2.450000047683716,12.109999656677246,-0.6899489909334474,descending,null
7,right,3278.7483076923077,1790663636104,8.48046588897705,3.773616075515747,0.11007377505302429,-0.07000000029802322,-2.450000047683716,12.109999656677246,-0.6947612275133529,descending,null
7,left,3174.555,1790663636116,10.308648109436035,3.3069989681243896,0.6843717098236084,-3.640000104904175,-1.8899999856948853,26.739999771118164,-0.39907238420139846,descending,null
7,left,3174.564615384615,1790663636116,9.542917251586914,1.7898952960968018,0.30868515372276306,-3.640000104904175,-1.8899999856948853,26.739999771118164,-0.40014898327423165,descending,null
7,left,3174.574230769231,1790663636116,11.100700378417969,0.964341938495636,0.4761887192726135,-3.640000104904175,-1.8899999856948853,26.739999771118164,-0.38879363044588844,descending,null
7,left,3174.583846153846,1790663636116,8.604897499084473,1.897576093673706,0.5264397859573364,-3.640000104904175,-1.8899999856948853,26.739999771118164,-0.39812269579562914,descending,null
7,left,3174.5934615384613,1790663636116,9.346698760986328,1.49317467212677,0.39961564540863037,-3.640000104904175,-1.8899999856948853,26.739999771118164,-0.4015671337965037,descending,null
7,left,3174.603076923077,1790663636116,9.691277503967285,1.2036327123641968,0.509689450263977,-3.640000104904175,-1.8899999856948853,26.739999771118164,-0.4023936979957922,descending,null
7,left,3174.612692307692,1790663636116,9.55009651184082,3.682685613632202,0.5168681740760803,-3.640000104904175,-1.8899999856948853,26.739999771118164,-0.39867375635663266,descending,null
7,left,3174.6223076923075,1790663636116,9.93056869506836,1.524282455444336,0.4642241597175598,-3.640000104904175,-1.8899999856948853,26.739999771118164,-0.3964501855369307,descending,null
7,right,3278.758,1790663636196,8.205282211303711,5.721443176269531,0.181861013174057,0.3499999940395355,-3.430000066757202,11.0600004196167,-0.6936087888635876,descending,null
7,right,3278.767615384615,1790663636196,9.071514129638672,4.364664554595947,0.055036887526512146,0.3499999940395355,-3.430000066757202,11.0600004196167,-0.6907938359616517,descending,null
7,right,3278.7772307692308,1790663636196,8.963833808898926,4.848031997680664,0.07657305896282196,0.3499999940395355,-3.430000066757202,11.0600004196167,-0.686855258744146,descending,null
7,right,3278.786846153846,1790663636196,7.755414962768555,4.836067199707031,0.10528795421123505,0.3499999940395355,-3.430000066757202,11.0600004196167,-0.6933885562651824,descending,null
7,right,3278.7964615384612,1790663636196,8.86333179473877,4.785816192626953,0.02632198855280876,0.3499999940395355,-3.430000066757202,11.0600004196167,-0.6905742285979739,descending,null
7,right,3278.806076923077,1790663636196,8.078457832336426,5.470187664031982,0.02632198855280876,0.3499999940395355,-3.430000066757202,11.0600004196167,-0.691619062666428,descending,null
7,right,3278.815692307692,1790663636196,8.693434715270996,4.613526821136475,0.06460852175951004,0.3499999940395355,-3.430000066757202,11.0600004196167,-0.691007816714807,descending,null
7,right,3278.8253076923074,1790663636196,8.927940368652344,4.807352542877197,-0.03828652948141098,0.3499999940395355,-3.430000066757202,11.0600004196167,-0.6875401257714725,descending,null
7,left,3174.634,1790663636207,8.975798606872559,2.2660839557647705,0.4809745252132416,-0.49000000953674316,-0.14000000059604645,-20.020000457763672,-0.402496095148806,descending,null
7,left,3174.6436153846153,1790663636207,9.696063995361328,1.4907817840576172,0.47858160734176636,-0.49000000953674316,-0.14000000059604645,-20.020000457763672,-0.40258251542939805,descending,null
7,left,3174.653230769231,1790663636207,9.710420608520508,1.9095406532287598,0.5719050168991089,-0.49000000953674316,-0.14000000059604645,-20.020000457763672,-0.4015209318796222,descending,null
7,left,3174.662846153846,1790663636207,9.12415885925293,2.536482572555542,0.4737958014011383,-0.49000000953674316,-0.14000000059604645,-20.020000457763672,-0.40446366588954535,descending,null
7,left,3174.6724615384614,1790663636207,9.949711799621582,2.4264087677001953,0.5719050168991089,-0.49000000953674316,-0.14000000059604645,-20.020000457763672,-0.3999593549174965,descending,null
7,left,3174.682076923077,1790663636207,8.760436058044434,2.7231295108795166,0.5910483002662659,-0.49000000953674316,-0.14000000059604645,-20.020000457763672,-0.4057538787481005,descending,null
7,left,3174.6916923076924,1790663636207,9.593168258666992,1.9143264293670654,0.47858160734176636,-0.49000000953674316,-0.14000000059604645,-20.020000457763672,-0.4058826745397921,descending,null
7,left,3174.7013076923076,1790663636207,8.537896156311035,3.4266443252563477,0.5671192407608032,-0.49000000953674316,-0.14000000059604645,-20.020000457763672,-0.4119360781493306,descending,null
7,right,3278.834,1790663636239,9.01169204711914,4.259376525878906,0.009571632370352745,1.0499999523162842,-3.2200000286102295,10.779999732971191,-0.685858027924417,descending,null
7,right,3278.843615384615,1790663636239,7.614233493804932,5.805194854736328,0.009571632370352745,1.0499999523162842,-3.2200000286102295,10.779999732971191,-0.6895368106162881,descending,null
7,right,3278.853230769231,1790663636239,9.073907852172852,4.297662734985352,-0.007178724277764559,1.0499999523162842,-3.2200000286102295,10.779999732971191,-0.6869713616810047,descending,null
7,right,3278.862846153846,1790663636239,8.277069091796875,4.221089839935303,0.016750356182456017,1.0499999523162842,-3.2200000286102295,10.779999732971191,-0.6916206042007489,descending,null
7,right,3278.8724615384613,1790663636239,8.502002716064453,4.268948078155518,-0.009571632370352745,1.0499999523162842,-3.2200000286102295,10.779999732971191,-0.6941191696335143,descending,null
7,right,3278.882076923077,1790663636239,8.164602279663086,3.381179094314575,0.040679436177015305,1.0499999523162842,-3.2200000286102295,10.779999732971191,-0.7032412741505036,descending,null
7,right,3278.891692307692,1790663636239,8.193317413330078,4.065550804138184,0.0047858161851763725,1.0499999523162842,-3.2200000286102295,10.779999732971191,-0.7092615814361718,descending,null
7,right,3278.9013076923075,1790663636239,7.982741355895996,2.9815635681152344,0.03828652948141098,1.0499999523162842,-3.2200000286102295,10.779999732971191,-0.721582036232163,descending,null
7,left,3174.713,1790663636283,9.188767433166504,2.4838385581970215,0.5551546812057495,-1.4700000286102295,-0.9800000190734863,-18.690000534057617,-0.41488303930510273,descending,null
7,left,3174.7226153846154,1790663636283,8.439786911010742,3.247176170349121,0.540797233581543,-1.4700000286102295,-0.9800000190734863,-18.690000534057617,-0.42223672501317755,descending,null
7,left,3174.732230769231,1790663636283,8.523538589477539,2.830810308456421,0.5049036145210266,-1.4700000286102295,-0.9800000190734863,-18.690000534057617,-0.42990070292030985,descending,null
7,left,3174.7418461538464,1790663636283,8.076065063476562,2.7925238609313965,0.45704543590545654,-1.4700000286102295,-0.9800000190734863,-18.690000534057617,-0.44179150523571337,descending,null
7,left,3174.7514615384616,1790663636283,7.985134124755859,3.4457876682281494,0.4450809061527252,-1.4700000286102295,-0.9800000190734863,-18.690000534057617,-0.4527001570982831,descending,null
7,left,3174.7610769230773,1790663636283,8.16699504852295,2.6872358322143555,0.44268798828125,-1.4700000286102295,-0.9800000190734863,-18.690000534057617,-0.46401196723497584,descending,null
7,left,3174.7706923076926,1790663636283,7.965991020202637,3.070101022720337,0.4833674430847168,-1.4700000286102295,-0.9800000190734863,-18.690000534057617,-0.4760445222537513,descending,null
7,left,3174.780307692308,1790663636283,8.095208168029785,2.416837215423584,0.2919347882270813,-1.4700000286102295,-0.9800000190734863,-18.690000534057617,-0.4888348336737233,descending,null
7,right,3278.909,1790663636315,7.989920139312744,3.251962184906006,0.0023929080925881863,1.8200000524520874,-4.059999942779541,11.619999885559082,-0.7304795820740588,descending,null
7,right,3278.9186153846154,1790663636315,7.707557201385498,3.2064969539642334,0.035893622785806656,1.8200000524520874,-4.059999942779541,11.619999885559082,-0.7442282611497754,descending,null
7,right,3278.928230769231,1790663636315,8.032992362976074,2.921740770339966,0.03110780566930771,1.8200000524520874,-4.059999942779541,11.619999885559082,-0.7562657561383281,descending,null
7,right,3278.9378461538463,1790663636315,7.52569580078125,3.153852939605713,0.08614469319581985,1.8200000524520874,-4.059999942779541,11.619999885559082,-0.7717856521223238,descending,null
7,right,3278.9474615384615,1790663636315,7.516124248504639,2.811666965484619,0.14357449114322662,1.8200000524520874,-4.059999942779541,11.619999885559082,-0.7887376065922169,descending,null
7,right,3278.9570769230772,1790663636315,7.4658732414245605,3.316570520401001,-0.011964540928602219,1.8200000524520874,-4.059999942779541,11.619999885559082,-0.8040985138398743,descending,null
7,right,3278.9666923076925,1790663636315,6.5661396980285645,2.148831367492676,0.10289505124092102,1.8200000524520874,-4.059999942779541,11.619999885559082,-0.8319287791865686,descending,null
7,right,3278.9763076923077,1790663636315,6.082772254943848,2.993528127670288,0.07896596938371658,1.8200000524520874,-4.059999942779541,11.619999885559082,-0.8606896725795703,descending,null
7,left,3174.793,1790663636357,7.355799674987793,1.7731448411941528,0.3804723918437958,-0.6299999952316284,-1.6100000143051147,0.07000000029802322,-0.5170160010342455,descending,null
7,left,3174.8026153846154,1790663636357,7.11890172958374,3.35964298248291,0.284756064414978,-0.6299999952316284,-1.6100000143051147,0.07000000029802322,-0.5360388910052869,descending,null
7,left,3174.812230769231,1790663636357,6.247882843017578,1.8640754222869873,0.36850783228874207,-0.6299999952316284,-1.6100000143051147,0.07000000029802322,-0.567276782782962,descending,null
7,left,3174.8218461538463,1790663636357,6.95379114151001,2.395301103591919,0.25604116916656494,-0.6299999952316284,-1.6100000143051147,0.07000000029802322,-0.5905559188106723,descending,null
7,left,3174.8314615384616,1790663636357,6.549389362335205,2.2995846271514893,0.339792937040329,-0.6299999952316284,-1.6100000143051147,0.07000000029802322,-0.6177634684689284,descending,null
7,left,3174.8410769230773,1790663636357,6.817395210266113,1.0241646766662598,0.3326142132282257,-0.6299999952316284,-1.6100000143051147,0.07000000029802322,-0.6461778778507808,descending,null
7,left,3174.8506923076925,1790663636357,5.620941162109375,2.514946460723877,0.24646952748298645,-0.6299999952316284,-1.6100000143051147,0.07000000029802322,-0.6812887063356298,descending,null
7,left,3174.8603076923077,1790663636357,6.087558269500732,1.0169858932495117,0.2129688262939453,-0.6299999952316284,-1.6100000143051147,0.07000000029802322,-0.7164295615391114,descending,null
7,right,3278.985,1790663636404,6.109094142913818,2.115330696105957,0.12682412564754486,1.3300000429153442,-4.130000114440918,12.390000343322754,-0.8895574538538047,descending,null
7,right,3278.9946153846154,1790663636404,6.092343807220459,3.6372203826904297,0.15314611792564392,1.3300000429153442,-4.130000114440918,12.390000343322754,-0.9157300260810913,descending,null
7,right,3279.004230769231,1790663636404,5.89373254776001,1.682214379310608,0.12921704351902008,1.3300000429153442,-4.130000114440918,12.390000343322754,-0.9511912109782725,descending,null
7,right,3279.0138461538463,1790663636404,5.1112518310546875,2.2804415225982666,0.20579010248184204,1.3300000429153442,-4.130000114440918,12.390000343322754,-0.9912302415332923,descending,null
7,right,3279.0234615384616,1790663636404,5.886553764343262,2.5412683486938477,0.16511066257953644,1.3300000429153442,-4.130000114440918,12.390000343322754,-1.0234142284647358,descending,null
7,right,3279.0330769230773,1790663636404,5.302684307098389,1.9238981008529663,0.2010042816400528,1.3300000429153442,-4.130000114440918,12.390000343322754,-1.0630895988407265,descending,null
7,right,3279.0426923076925,1790663636404,4.881532669067383,2.6106626987457275,0.18425391614437103,1.3300000429153442,-4.130000114440918,12.390000343322754,-1.1038620856592751,descending,null
7,right,3279.0523076923077,1790663636404,4.781030178070068,1.6463208198547363,0.17707519233226776,1.3300000429153442,-4.130000114440918,12.390000343322754,-1.149143047913682,descending,null
7,left,3174.872,1790663636432,5.955948352813721,2.2158329486846924,0.22014755010604858,-0.2800000011920929,-1.3300000429153442,-13.720000267028809,-0.7563961504729148,descending,null
7,left,3174.881615384615,1790663636432,5.594619274139404,1.6152129173278809,0.2105759084224701,-0.2800000011920929,-1.3300000429153442,-13.720000267028809,-0.7943045924754335,descending,null
7,left,3174.891230769231,1790663636432,5.331399440765381,1.7037506103515625,0.1914326548576355,-0.2800000011920929,-1.3300000429153442,-13.720000267028809,-0.8343516282124825,descending,null
7,left,3174.900846153846,1790663636432,4.761887073516846,1.5266753435134888,0.20339718461036682,-0.2800000011920929,-1.3300000429153442,-13.720000267028809,-0.8801008483313991,descending,null
7,left,3174.9104615384613,1790663636432,5.769301414489746,1.612820029258728,0.2225404530763626,-0.2800000011920929,-1.3300000429153442,-13.720000267028809,-0.9163698002265674,descending,null
7,left,3174.920076923077,1790663636432,5.398400783538818,1.809038519859314,0.181861013174057,-0.2800000011920929,-1.3300000429153442,-13.720000267028809,-0.9554364218135883,descending,null
7,left,3174.929692307692,1790663636432,5.608976364135742,2.359407424926758,0.13878867030143738,-0.2800000011920929,-1.3300000429153442,-13.720000267028809,-0.9909165430804698,descending,null
7,left,3174.9393076923075,1790663636432,5.575475692749023,1.6654640436172485,0.17707519233226776,-0.2800000011920929,-1.3300000429153442,-13.720000267028809,-1.028773656496774,descending,null
7,right,3279.061,1790663636464,4.814530849456787,2.536482572555542,0.18664683401584625,0.49000000953674316,-3.9200000762939453,11.480000495910645,-1.1867727778957604,descending,null
7,right,3279.0706153846154,1790663636464,4.587204933166504,1.7133221626281738,0.20339718461036682,0.49000000953674316,-3.9200000762939453,11.480000495910645,-1.233475964937208,descending,null
7,right,3279.080230769231,1790663636464,4.60874080657959,2.0961875915527344,0.21775463223457336,0.49000000953674316,-3.9200000762939453,11.480000495910645,-1.2785448856730324,descending,null
7,right,3279.0898461538463,1790663636464,5.254826068878174,2.158403158187866,0.2010042816400528,0.49000000953674316,-3.9200000762939453,11.480000495910645,-1.317633441393153,descending,null
7,right,3279.0994615384616,1790663636464,4.553704261779785,2.361800193786621,0.28714898228645325,0.49000000953674316,-3.9200000762939453,11.480000495910645,-1.3621969228771755,descending,null
7,right,3279.1090769230773,1790663636464,6.207203388214111,2.5628044605255127,0.13639576733112335,0.49000000953674316,-3.9200000762939453,11.480000495910645,-1.391293958041898,descending,null
7,right,3279.1186923076925,1790663636464,5.058607578277588,2.1464385986328125,0.19861137866973877,0.49000000953674316,-3.9200000762939453,11.480000495910645,-1.4321210345253554,descending,null
7,right,3279.1283076923078,1790663636464,6.020556926727295,2.627413034439087,0.15553902089595795,0.49000000953674316,-3.9200000762939453,11.480000495910645,-1.4626189399716316,descending,null
7,right,3279.137,1790663636539,6.611605167388916,2.2110471725463867,0.16511066257953644,-0.49000000953674316,-0.8400000333786011,12.319999694824219,-1.486776852519924,descending,null
7,right,3279.1466153846154,1790663636539,7.401264667510986,2.5699832439422607,0.13400284945964813,-0.49000000953674316,-0.8400000333786011,12.319999694824219,-1.5051391351404018,descending,null
7,right,3279.156230769231,1790663636539,7.22179651260376,3.4194657802581787,0.16511066257953644,-0.49000000953674316,-0.8400000333786011,12.319999694824219,-1.5220668833927287,descending,null
7,right,3279.1658461538464,1790663636539,7.513731479644775,3.7401154041290283,0.20339718461036682,-0.49000000953674316,-0.8400000333786011,12.319999694824219,-1.5352471395258624,descending,null
7,right,3279.1754615384616,1790663636539,8.284247398376465,3.7472941875457764,0.27518442273139954,-0.49000000953674316,-0.8400000333786011,12.319999694824219,-1.541531773189527,descending,null
7,right,3279.1850769230773,1790663636539,8.21963882446289,3.261533737182617,0.2919347882270813,-0.49000000953674316,-0.8400000333786011,12.319999694824219,-1.5501127238242334,descending,null
7,right,3279.1946923076925,1790663636539,8.241175651550293,3.49843168258667,0.29672059416770935,-0.49000000953674316,-0.8400000333786011,12.319999694824219,-1.5576593165675512,descending,null
7,right,3279.204307692308,1790663636539,8.68147087097168,3.16821026802063,0.2727915346622467,-0.49000000953674316,-0.8400000333786011,12.319999694824219,-1.562413289819118,descending,null
7,left,3174.952,1790663636568,5.948769569396973,1.3687434196472168,0.17468228936195374,-0.14000000059604645,-0.8400000333786011,-41.720001220703125,-1.0754944129747406,descending,null
7,left,3174.9616153846155,1790663636568,6.398636341094971,2.0291860103607178,0.2512553632259369,-0.14000000059604645,-0.8400000333786011,-41.720001220703125,-1.1047017378689714,descending,null
7,left,3174.971230769231,1790663636568,7.059078693389893,2.03157901763916,0.2895418703556061,-0.14000000059604645,-0.8400000333786011,-41.720001220703125,-1.127913587720278,descending,null
7,left,3174.9808461538464,1790663636568,7.736271858215332,2.290013074874878,0.3134709596633911,-0.14000000059604645,-0.8400000333786011,-41.720001220703125,-1.1441691943323906,descending,null
7,left,3174.9904615384617,1790663636568,7.748236179351807,3.462538003921509,0.34697166085243225,-0.14000000059604645,-0.8400000333786011,-41.720001220703125,-1.1563929295568156,descending,null
7,left,3175.0000769230774,1790663636568,9.136122703552246,3.577397584915161,0.4331163763999939,-0.14000000059604645,-0.8400000333786011,-41.720001220703125,-1.1557001300719474,descending,null
7,left,3175.0096923076926,1790663636568,8.82983112335205,3.603719472885132,0.3134709596633911,-0.14000000059604645,-0.8400000333786011,-41.720001220703125,-1.1576967805005534,descending,null
7,left,3175.019307692308,1790663636568,8.743685722351074,2.739879846572876,0.26561281085014343,-0.14000000059604645,-0.8400000333786011,-41.720001220703125,-1.1635586908873488,descending,null
7,left,3175.031,1790663636596,8.48046588897705,3.0246357917785645,0.18664683401584625,-0.2800000011920929,-1.9600000381469727,-36.959999084472656,-1.1723585036067807,descending,null
7,left,3175.040615384615,1790663636596,9.241411209106445,2.711164951324463,0.12921704351902008,-0.2800000011920929,-1.9600000381469727,-36.959999084472656,-1.1740198878717398,descending,null
7,left,3175.050230769231,1790663636596,8.360820770263672,3.4457876682281494,0.27518442273139954,-0.2800000011920929,-1.9600000381469727,-36.959999084472656,-1.1807575852358385,descending,null
7,left,3175.059846153846,1790663636596,7.583125591278076,2.54366135597229,0.2321120798587799,-0.2800000011920929,-1.9600000381469727,-36.959999084472656,-1.1977708637290607,descending,null
7,left,3175.0694615384614,1790663636596,7.355799674987793,3.6802926063537598,0.22493335604667664,-0.2800000011920929,-1.9600000381469727,-36.959999084472656,-1.212485163147995,descending,null
7,left,3175.079076923077,1790663636596,6.850895881652832,3.2376046180725098,0.39961564540863037,-0.2800000011920929,-1.9600000381469727,-36.959999084472656,-1.2332572015158056,descending,null
7,left,3175.0886923076923,1790663636596,6.848503112792969,2.6465563774108887,0.21536172926425934,-0.2800000011920929,-1.9600000381469727,-36.959999084472656,-1.2564200400591725,descending,null
7,left,3175.0983076923076,1790663636596,7.3246917724609375,2.641770601272583,0.26561281085014343,-0.2800000011920929,-1.9600000381469727,-36.959999084472656,-1.2754247572567545,descending,null
7,right,3279.213,1790663636660,8.741292953491211,1.5745335817337036,0.30868515372276306,-0.14000000059604645,-2.1700000762939453,12.319999694824219,-1.5712132833216357,descending,null
7,right,3279.2226153846154,1790663636660,7.34383487701416,3.3907508850097656,0.2632198929786682,-0.14000000059604645,-2.1700000762939453,12.319999694824219,-1.5871734784804428,descending,null
7,right,3279.232230769231,1790663636660,6.587676048278809,2.3450498580932617,0.24646952748298645,-0.14000000059604645,-2.1700000762939453,12.319999694824219,-1.6135111977724383,descending,null
7,right,3279.2418461538464,1790663636660,5.317041873931885,4.434058666229248,0.055036887526512146,-0.14000000059604645,-2.1700000762939453,12.319999694824219,-1.6440508060145906,descending,null
7,right,3279.2514615384616,1790663636660,6.781501770019531,1.7276796102523804,0.24407662451267242,-0.14000000059604645,-2.1700000762939453,12.319999694824219,-1.670710197265612,descending,null
7,right,3279.2610769230773,1790663636660,7.721914291381836,3.034207344055176,0.2703986167907715,-0.14000000059604645,-2.1700000762939453,12.319999694824219,-1.6844656216612564,descending,null
7,right,3279.2706923076926,1790663636660,7.0854010581970215,1.8210030794143677,0.24646952748298645,-0.14000000059604645,-2.1700000762939453,12.319999694824219,-1.7080122535672522,descending,null
7,right,3279.280307692308,1790663636660,7.817630767822266,2.5628044605255127,0.2416837215423584,-0.14000000059604645,-2.1700000762939453,12.319999694824219,-1.7224550290976925,descending,null
7,left,3175.11,1790663636671,7.6908063888549805,1.3902796506881714,0.17468228936195374,0.14000000059604645,-2.380000114440918,-38.0099983215332,-1.3008233578306512,descending,null
7,left,3175.1196153846154,1790663636671,7.159581184387207,3.7185792922973633,0.3326142132282257,0.14000000059604645,-2.380000114440918,-38.0099983215332,-1.316907284203136,descending,null
7,left,3175.129230769231,1790663636671,7.951633453369141,2.888240098953247,0.27757734060287476,0.14000000059604645,-2.380000114440918,-38.0099983215332,-1.329544174053154,descending,null
7,left,3175.1388461538463,1790663636671,7.717128753662109,3.153852939605713,0.2703986167907715,0.14000000059604645,-2.380000114440918,-38.0099983215332,-1.3431363752946939,descending,null
7,left,3175.1484615384616,1790663636671,8.164602279663086,6.5733184814453125,0.4259376525878906,0.14000000059604645,-2.380000114440918,-38.0099983215332,-1.338373465475993,descending,null
7,left,3175.1580769230773,1790663636671,8.966226577758789,3.4673237800598145,0.17707519233226776,0.14000000059604645,-2.380000114440918,-38.0099983215332,-1.3399743443221255,descending,null
7,left,3175.1676923076925,1790663636671,8.413464546203613,4.419701099395752,0.260826975107193,0.14000000059604645,-2.380000114440918,-38.0099983215332,-1.3422179315308482,descending,null
7,left,3175.1773076923077,1790663636671,9.152873039245605,0.2943277060985565,0.39961564540863037,0.14000000059604645,-2.380000114440918,-38.0099983215332,-1.3561762566882223,descending,null
7,right,3279.289,1790663636690,7.252904415130615,3.5295393466949463,0.2943277060985565,-0.699999988079071,0,15.890000343322754,-1.7372167084824242,descending,null
7,right,3279.2986153846155,1790663636690,8.193317413330078,3.302213191986084,0.20579010248184204,-0.699999988079071,0,15.890000343322754,-1.745799615774961,descending,null
7,right,3279.308230769231,1790663636690,7.169152736663818,4.03683614730835,0.3517574965953827,-0.699999988079071,0,15.890000343322754,-1.7612236288725425,descending,null
7,right,3279.3178461538464,1790663636690,8.559432029724121,3.68986439704895,0.14836029708385468,-0.699999988079071,0,15.890000343322754,-1.765214147676017,descending,null
7,right,3279.3274615384616,1790663636690,8.348855972290039,3.737722396850586,0.27518442273139954,-0.699999988079071,0,15.890000343322754,-1.77096221070476,descending,null
7,right,3279.3370769230773,1790663636690,9.100229263305664,3.2974274158477783,0.3445787727832794,-0.699999988079071,0,15.890000343322754,-1.7713563312321439,descending,null
7,right,3279.3466923076926,1790663636690,9.7391357421875,2.6680924892425537,0.35654330253601074,-0.699999988079071,0,15.890000343322754,-1.7679801159937099,descending,null
7,right,3279.356307692308,1790663636690,9.92099666595459,1.268241286277771,0.20339718461036682,-0.699999988079071,0,15.890000343322754,-1.7673493370533808,descending,null
7,left,3175.189,1790663636762,11.610389709472656,1.229954719543457,0.41636601090431213,-0.07000000029802322,-2.0999999046325684,-48.29999923706055,-1.3429816680055056,descending,null
7,left,3175.198615384615,1790663636762,8.571396827697754,4.7738518714904785,0.12682412564754486,-0.07000000029802322,-2.0999999046325684,-48.29999923706055,-1.342313230443607,descending,null
7,left,3175.208230769231,1790663636762,10.880553245544434,3.232818841934204,0.12203831225633621,-0.07000000029802322,-2.0999999046325684,-48.29999923706055,-1.3291986627376153,descending,null
7,left,3175.217846153846,1790663636762,6.51110315322876,7.40365743637085,0.22732627391815186,-0.07000000029802322,-2.0999999046325684,-48.29999923706055,-1.3335261888167387,descending,null
7,left,3175.2274615384613,1790663636762,9.9832124710083,4.412522315979004,0.07896596938371658,-0.07000000029802322,-2.0999999046325684,-48.29999923706055,-1.3227501369832484,descending,null
7,left,3175.237076923077,1790663636762,9.207910537719727,4.338342189788818,0.3613291084766388,-0.07000000029802322,-2.0999999046325684,-48.29999923706055,-1.3187858860921209,descending,null
7,left,3175.2466923076922,1790663636762,11.383064270019531,4.046407699584961,0.5599405169487,-0.07000000029802322,-2.0999999046325684,-48.29999923706055,-1.298152902759168,descending,null
7,left,3175.2563076923075,1790663636762,8.882474899291992,3.0509579181671143,0.3230426013469696,-0.07000000029802322,-2.0999999046325684,-48.29999923706055,-1.3032824379616867,descending,null
7,right,3279.365,1790663636779,10.763300895690918,4.859996318817139,0.34697166085243225,-0.42000001668930054,-0.3499999940395355,14.279999732971191,-1.7495973561850793,descending,null
7,right,3279.374615384615,1790663636779,8.978191375732422,2.536482572555542,0.4737958014011383,-0.42000001668930054,-0.3499999940395355,14.279999732971191,-1.7534965409862773,descending,null
7,right,3279.3842307692307,1790663636779,11.064806938171387,3.1012089252471924,0.5001177787780762,-0.42000001668930054,-0.3499999940395355,14.279999732971191,-1.7366385151495365,descending,null
7,right,3279.393846153846,1790663636779,10.976269721984863,1.7252867221832275,0.38525819778442383,-0.42000001668930054,-0.3499999940395355,14.279999732971191,-1.7247734252750335,descending,null
7,right,3279.403461538461,1790663636779,11.758749961853027,3.4745025634765625,0.3038993179798126,-0.42000001668930054,-0.3499999940395355,14.279999732971191,-1.7004179220325342,descending,null
7,right,3279.413076923077,1790663636779,9.430450439453125,4.740350723266602,0.44029510021209717,-0.42000001668930054,-0.3499999940395355,14.279999732971191,-1.6934972080841868,descending,null
7,right,3279.422692307692,1790663636779,10.571867942810059,2.5245180130004883,0.39722275733947754,-0.42000001668930054,-0.3499999940395355,14.279999732971191,-1.6828120832851043,descending,null
7,right,3279.4323076923074,1790663636779,9.29644775390625,5.132787704467773,0.3445787727832794,-0.42000001668930054,-0.3499999940395355,14.279999732971191,-1.6760223361150433,descending,null
7,left,3175.268,1790663636837,9.641026496887207,4.221089839935303,0.4761887192726135,-2.870000123977661,-3.1500000953674316,3.5,-1.2948532769134444,descending,null
7,left,3175.2776153846153,1790663636837,9.676919937133789,3.5869691371917725,0.11964540183544159,-2.870000123977661,-3.1500000953674316,3.5,-1.2907544791046055,descending,null
7,left,3175.287230769231,1790663636837,10.031070709228516,5.781265735626221,0.3206496834754944,-2.870000123977661,-3.1500000953674316,3.5,-1.273069386304115,descending,null
7,left,3175.296846153846,1790663636837,10.337363243103027,4.491488456726074,0.1914326548576355,-2.870000123977661,-3.1500000953674316,3.5,-1.2590468432888369,descending,null
7,left,3175.3064615384615,1790663636837,9.581204414367676,4.828888416290283,0.15314611792564392,-2.870000123977661,-3.1500000953674316,3.5,-1.249711560017746,descending,null
7,left,3175.316076923077,1790663636837,11.813787460327148,2.290013074874878,0.30868515372276306,-2.870000123977661,-3.1500000953674316,3.5,-1.2337207491096125,descending,null
7,left,3175.3256923076924,1790663636837,9.925783157348633,5.046643257141113,0.11485958844423294,-2.870000123977661,-3.1500000953674316,3.5,-1.2204694810584635,descending,null
7,left,3175.3353076923077,1790663636837,11.402207374572754,5.3649001121521,0.38525819778442383,-2.870000123977661,-3.1500000953674316,3.5,-1.1932812868251637,descending,null
7,right,3279.441,1790663636838,10.937982559204102,2.2660839557647705,0.339792937040329,-1.190000057220459,-3.2200000286102295,11.130000114440918,-1.6640008966532789,descending,null
7,right,3279.450615384615,1790663636838,10.914053916931152,4.405344009399414,0.28714898228645325,-1.190000057220459,-3.2200000286102295,11.130000114440918,-1.6446291091629295,descending,null
7,right,3279.4602307692307,1790663636838,10.471365928649902,2.4264087677001953,0.47858160734176636,-1.190000057220459,-3.2200000286102295,11.130000114440918,-1.6351104851267129,descending,null
7,right,3279.469846153846,1790663636838,12.392870903015137,2.4000868797302246,0.3445787727832794,-1.190000057220459,-3.2200000286102295,11.130000114440918,-1.6080251423448872,descending,null
7,right,3279.4794615384612,1790663636838,10.358899116516113,3.4601449966430664,0.4115802049636841,-1.190000057220459,-3.2200000286102295,11.130000114440918,-1.5965497489797293,descending,null
7,right,3279.489076923077,1790663636838,11.263418197631836,2.699200391769409,0.4235447347164154,-1.190000057220459,-3.2200000286102295,11.130000114440918,-1.5789384039476793,descending,null
7,right,3279.498692307692,1790663636838,10.62451171875,3.1036016941070557,0.3038993179798126,-1.190000057220459,-3.2200000286102295,11.130000114440918,-1.566051951778836,descending,null
7,right,3279.5083076923074,1790663636838,12.383299827575684,2.7925238609313965,0.32543548941612244,-1.190000057220459,-3.2200000286102295,11.130000114440918,-1.5378499941055337,descending,null
7,left,3175.347,1790663636911,9.528559684753418,5.206967830657959,0.2943277060985565,-3.009999990463257,-0.9100000262260437,-0.9100000262260437,-1.1802521234613006,descending,null
7,left,3175.3566153846155,1790663636911,11.000198364257812,5.731014728546143,0.2943277060985565,-3.009999990463257,-0.9100000262260437,-0.9100000262260437,-1.154737741541665,descending,null
7,left,3175.366230769231,1790663636911,9.92099666595459,4.984427452087402,0.07418014854192734,-3.009999990463257,-0.9100000262260437,-0.9100000262260437,-1.1418303122780518,descending,null
7,left,3175.3758461538464,1790663636911,11.270597457885742,5.766908645629883,0.40918728709220886,-3.009999990463257,-0.9100000262260437,-0.9100000262260437,-1.1138552857357635,descending,null
7,left,3175.3854615384616,1790663636911,9.483095169067383,5.563511371612549,0.26800569891929626,-3.009999990463257,-0.9100000262260437,-0.9100000262260437,-1.1019016913241981,descending,null
7,left,3175.3950769230773,1790663636911,12.3258695602417,6.05884313583374,0.29911351203918457,-3.009999990463257,-0.9100000262260437,-0.9100000262260437,-1.0637560090475915,descending,null
7,left,3175.4046923076926,1790663636911,9.440022468566895,6.030128479003906,0.34936457872390747,-3.009999990463257,-0.9100000262260437,-0.9100000262260437,-1.0499786579942494,descending,null
7,left,3175.414307692308,1790663636911,13.89801025390625,4.740350723266602,0.27518442273139954,-3.009999990463257,-0.9100000262260437,-0.9100000262260437,-1.0048601376461668,descending,null
7,right,3279.516,1790663636913,10.866195678710938,4.625491142272949,0.34697166085243225,-1.0499999523162842,-1.8899999856948853,12.670000076293945,-1.5223906300253458,descending,null
7,right,3279.5256153846153,1790663636913,11.5792818069458,2.888240098953247,0.35654330253601074,-1.0499999523162842,-1.8899999856948853,12.670000076293945,-1.5013166778306226,descending,null
7,right,3279.535230769231,1790663636913,12.438336372375488,4.242626190185547,0.39004403352737427,-1.0499999523162842,-1.8899999856948853,12.670000076293945,-1.4686354009048408,descending,null
7,right,3279.5448461538463,1790663636913,12.069828033447266,3.8262600898742676,0.4761887192726135,-1.0499999523162842,-1.8899999856948853,12.670000076293945,-1.4404967122035879,descending,null
7,right,3279.5544615384615,1790663636913,11.471601486206055,3.309391975402832,0.4331163763999939,-1.0499999523162842,-1.8899999856948853,12.670000076293945,-1.4192854565678785,descending,null
7,right,3279.564076923077,1790663636913,11.335206031799316,3.448180675506592,0.3948298394680023,-1.0499999523162842,-1.8899999856948853,12.670000076293945,-1.3989708353846442,descending,null
7,right,3279.5736923076925,1790663636913,13.070063591003418,4.551311016082764,0.3110780417919159,-1.0499999523162842,-1.8899999856948853,12.670000076293945,-1.359722740818489,descending,null
7,right,3279.5833076923077,1790663636913,11.229917526245117,2.002864122390747,0.21775463223457336,-1.0499999523162842,-1.8899999856948853,12.670000076293945,-1.344216868614011,descending,null
7,left,3175.427,1790663636988,9.507023811340332,7.128473281860352,0.10528795421123505,-3.1500000953674316,-0.9100000262260437,-11.40999984741211,-0.9791668404685133,descending,null
7,left,3175.4366153846154,1790663636988,12.737449645996094,5.965519905090332,0.44029510021209717,-3.1500000953674316,-0.9100000262260437,-11.40999984741211,-0.938112620452569,descending,null
7,left,3175.446230769231,1790663636988,9.528559684753418,5.637691497802734,0.4235447347164154,-3.1500000953674316,-0.9100000262260437,-11.40999984741211,-0.9254468162481388,descending,null
7,left,3175.4558461538463,1790663636988,11.665427207946777,6.01577091217041,0.20339718461036682,-3.1500000953674316,-0.9100000262260437,-11.40999984741211,-0.8932287391950425,descending,null
7,left,3175.4654615384616,1790663636988,10.021498680114746,6.001413345336914,0.25604116916656494,-3.1500000953674316,-0.9100000262260437,-11.40999984741211,-0.874771684674173,descending,null
7,left,3175.4750769230773,1790663636988,12.141615867614746,5.955948352813721,0.2010042816400528,-3.1500000953674316,-0.9100000262260437,-11.40999984741211,-0.8389455635375144,descending,null
7,left,3175.4846923076925,1790663636988,9.899460792541504,6.5374250411987305,0.24646952748298645,-3.1500000953674316,-0.9100000262260437,-11.40999984741211,-0.8189156640042952,descending,null
7,left,3175.4943076923078,1790663636988,11.299311637878418,5.592226028442383,0.3038993179798126,-3.1500000953674316,-0.9100000262260437,-11.40999984741211,-0.7918732779392713,descending,null
7,right,3279.592,1790663637019,12.952811241149902,5.522831916809082,0.2010042816400528,-1.6100000143051147,-3.3600001335144043,10.359999656677246,-1.3074987313844837,descending,null
7,right,3279.6016153846153,1790663637019,11.792250633239746,1.079201579093933,0.3110780417919159,-1.6100000143051147,-3.3600001335144043,10.359999656677246,-1.2891246505886642,descending,null
7,right,3279.611230769231,1790663637019,12.99588394165039,5.293112754821777,0.2225404530763626,-1.6100000143051147,-3.3600001335144043,10.359999656677246,-1.2488178429015266,descending,null
7,right,3279.6208461538463,1790663637019,11.304098129272461,2.3522286415100098,0.34697166085243225,-1.6100000143051147,-3.3600001335144043,10.359999656677246,-1.231684353377367,descending,null
7,right,3279.6304615384615,1790663637019,12.993491172790527,4.761887073516846,0.3613291084766388,-1.6100000143051147,-3.3600001335144043,10.359999656677246,-1.192835682424134,descending,null
7,right,3279.6400769230772,1790663637019,12.179902076721191,2.634591817855835,0.4450809061527252,-1.6100000143051147,-3.3600001335144043,10.359999656677246,-1.166860583258691,descending,null
7,right,3279.6496923076925,1790663637019,12.28519058227539,3.828652858734131,0.4235447347164154,-1.6100000143051147,-3.3600001335144043,10.359999656677246,-1.1369754194157728,descending,null
7,right,3279.6593076923077,1790663637019,10.863802909851074,3.49843168258667,0.3541503846645355,-1.6100000143051147,-3.3600001335144043,10.359999656677246,-1.1211258178218524,descending,null
7,right,3279.669,1790663637109,11.079164505004883,3.563040256500244,0.29911351203918457,-1.1200000047683716,-4.829999923706055,10.920000076293945,-1.1029841205312214,descending,null
7,right,3279.678615384615,1790663637109,11.775500297546387,3.6491849422454834,0.22493335604667664,-1.1200000047683716,-4.829999923706055,10.920000076293945,-1.0783179072040212,descending,null
7,right,3279.688230769231,1790663637109,11.529030799865723,3.5797905921936035,0.16511066257953644,-1.1200000047683716,-4.829999923706055,10.920000076293945,-1.0561272415090848,descending,null
7,right,3279.697846153846,1790663637109,11.402207374572754,2.7374868392944336,0.12443122267723083,-1.1200000047683716,-4.829999923706055,10.920000076293945,-1.0371876826379114,descending,null
7,right,3279.7074615384613,1790663637109,11.105486869812012,3.127530813217163,0.16511066257953644,-1.1200000047683716,-4.829999923706055,10.920000076293945,-1.020070954659904,descending,null
7,right,3279.717076923077,1790663637109,11.679784774780273,3.491252899169922,0.1603248417377472,-1.1200000047683716,-4.829999923706055,10.920000076293945,-0.9967413934638115,descending,null
7,right,3279.7266923076922,1790663637109,11.94539737701416,3.371607542037964,0.25604116916656494,-1.1200000047683716,-4.829999923706055,10.920000076293945,-0.9712391534911563,descending,null
7,right,3279.7363076923075,1790663637109,12.297154426574707,3.7640445232391357,0.29672059416770935,-1.1200000047683716,-4.829999923706055,10.920000076293945,-0.941539589381876,descending,null
7,left,3175.506,1790663637123,10.083714485168457,5.137573719024658,0.37807947397232056,-2.380000114440918,-1.190000057220459,-12.880000114440918,-0.7739229818661038,descending,null
7,left,3175.515615384615,1790663637123,10.849445343017578,5.721443176269531,0.48576033115386963,-2.380000114440918,-1.190000057220459,-12.880000114440918,-0.7499575098798099,descending,null
7,left,3175.525230769231,1790663637123,10.51443862915039,5.276362419128418,0.5144752264022827,-2.380000114440918,-1.190000057220459,-12.880000114440918,-0.7309382576802032,descending,null
7,left,3175.534846153846,1790663637123,10.928411483764648,6.288562297821045,0.48576033115386963,-2.380000114440918,-1.190000057220459,-12.880000114440918,-0.703579765092597,descending,null
7,left,3175.5444615384613,1790663637123,10.035856246948242,6.216775417327881,0.5072965025901794,-2.380000114440918,-1.190000057220459,-12.880000114440918,-0.6839559392701933,descending,null
7,left,3175.554076923077,1790663637123,11.215559959411621,5.340970993041992,0.3732936680316925,-2.380000114440918,-1.190000057220459,-12.880000114440918,-0.6589380505493976,descending,null
7,left,3175.5636923076922,1790663637123,11.129415512084961,5.841088771820068,0.36850783228874207,-2.380000114440918,-1.190000057220459,-12.880000114440918,-0.6321914049574449,descending,null
7,left,3175.5733076923075,1790663637123,11.22513198852539,6.2502760887146,0.382865309715271,-2.380000114440918,-1.190000057220459,-12.880000114440918,-0.6026616319058756,descending,null
7,right,3279.745,1790663637140,11.203596115112305,3.0246357917785645,0.35654330253601074,-0.8400000333786011,-3.5,10.710000038146973,-0.9255039102167173,descending,null
7,right,3279.754615384615,1790663637140,11.610389709472656,3.048564910888672,0.2703986167907715,-0.8400000333786011,-3.5,10.710000038146973,-0.9039325968788623,descending,null
7,right,3279.764230769231,1790663637140,11.294526100158691,3.4194657802581787,0.24407662451267242,-0.8400000333786011,-3.5,10.710000038146973,-0.8844344655217142,descending,null
7,right,3279.773846153846,1790663637140,11.452458381652832,3.464931011199951,0.18664683401584625,-0.8400000333786011,-3.5,10.710000038146973,-0.8633698685384776,descending,null
7,right,3279.7834615384613,1790663637140,10.935589790344238,3.3261423110961914,0.1603248417377472,-0.8400000333786011,-3.5,10.710000038146973,-0.8474595917107665,descending,null
7,right,3279.793076923077,1790663637140,10.940375328063965,3.316570520401001,0.14357449114322662,-0.8400000333786011,-3.5,10.710000038146973,-0.8315357717354305,descending,null
7,right,3279.8026923076923,1790663637140,10.751336097717285,3.091637372970581,0.16271774470806122,-0.8400000333786011,-3.5,10.710000038146973,-0.8179133991242561,descending,null
7,right,3279.8123076923075,1790663637140,11.210774421691895,3.4051082134246826,0.25604116916656494,-0.8400000333786011,-3.5,10.710000038146973,-0.7992710273785838,descending,null
7,left,3175.586,1790663637152,10.466580390930176,5.66879940032959,0.363722026348114,-2.0999999046325684,-1.75,-14.770000457763672,-0.575756297477943,descending,null
7,left,3175.595615384615,1790663637152,10.466580390930176,6.2000250816345215,0.4331163763999939,-2.0999999046325684,-1.75,-14.770000457763672,-0.5527421390578997,descending,null
7,left,3175.6052307692307,1790663637152,10.294290542602539,5.951162338256836,0.45704543590545654,-2.0999999046325684,-1.75,-14.770000457763672,-0.5323825588097323,descending,null
7,left,3175.614846153846,1790663637152,10.626904487609863,5.4869384765625,0.4522596299648285,-2.0999999046325684,-1.75,-14.770000457763672,-0.5115998047238957,descending,null
7,left,3175.624461538461,1790663637152,9.691277503967285,5.905697345733643,0.48576033115386963,-2.0999999046325684,-1.75,-14.770000457763672,-0.496436582717951,descending,null
7,left,3175.634076923077,1790663637152,9.918603897094727,5.625726699829102,0.4259376525878906,-2.0999999046325684,-1.75,-14.770000457763672,-0.48082966220563483,descending,null
7,left,3175.643692307692,1790663637152,10.074143409729004,5.4486517906188965,0.34936457872390747,-2.0999999046325684,-1.75,-14.770000457763672,-0.4648641013049708,descending,null
7,left,3175.6533076923074,1790663637152,10.229681968688965,5.79083776473999,0.3326142132282257,-2.0999999046325684,-1.75,-14.770000457763672,-0.44592902476173213,descending,null
7,left,3175.665,1790663637227,9.995177268981934,5.644870281219482,0.284756064414978,-1.75,-1.6800000667572021,-13.720000267028809,-0.4261636046266679,descending,null
7,left,3175.674615384615,1790663637227,9.430450439453125,5.8219451904296875,0.23929080367088318,-1.75,-1.6800000667572021,-13.720000267028809,-0.4136742507823154,descending,null
7,left,3175.684230769231,1790663637227,9.456772804260254,5.568296909332275,0.3350071310997009,-1.75,-1.6800000667572021,-13.720000267028809,-0.4022222704176331,descending,null
7,left,3175.693846153846,1790663637227,9.363449096679688,5.518045902252197,0.38765111565589905,-1.75,-1.6800000667572021,-13.720000267028809,-0.3917774780776378,descending,null
7,left,3175.7034615384614,1790663637227,8.887260437011719,5.372078895568848,0.36611494421958923,-1.75,-1.6800000667572021,-13.720000267028809,-0.3859754451486536,descending,null
7,left,3175.713076923077,1790663637227,8.858545303344727,5.357721328735352,0.40918728709220886,-1.75,-1.6800000667572021,-13.720000267028809,-0.3804704328266615,descending,null
7,left,3175.7226923076923,1790663637227,9.073907852172852,5.518045902252197,0.4259376525878906,-1.75,-1.6800000667572021,-13.720000267028809,-0.3723937082165365,descending,null
7,left,3175.7323076923076,1790663637227,8.992548942565918,5.625726699829102,0.3206496834754944,-1.75,-1.6800000667572021,-13.720000267028809,-0.3644737404841186,descending,null
7,right,3279.82,1790663637228,11.14616584777832,3.443394660949707,0.28714898228645325,-0.7699999809265137,-3.1500000953674316,10.289999961853027,-0.7847704639296259,descending,null
7,right,3279.8296153846154,1790663637228,11.002591133117676,2.866703987121582,0.2727915346622467,-0.7699999809265137,-3.1500000953674316,10.289999961853027,-0.7693583309594754,descending,null
7,right,3279.839230769231,1790663637228,10.691513061523438,2.888240098953247,0.3230426013469696,-0.7699999809265137,-3.1500000953674316,10.289999961853027,-0.7567979253396844,descending,null
7,right,3279.8488461538464,1790663637228,10.45222282409668,2.8690967559814453,0.2823631465435028,-0.7699999809265137,-3.1500000953674316,10.289999961853027,-0.7465210276716808,descending,null
7,right,3279.8584615384616,1790663637228,10.224896430969238,2.9983139038085938,0.20339718461036682,-0.7699999809265137,-3.1500000953674316,10.289999961853027,-0.7380698863985407,descending,null
7,right,3279.8680769230773,1790663637228,10.069356918334961,2.8762755393981934,0.16750356554985046,-0.7699999809265137,-3.1500000953674316,10.289999961853027,-0.7313609680625908,descending,null
7,right,3279.8776923076925,1790663637228,10.08610725402832,2.8499536514282227,0.13639576733112335,-0.7699999809265137,-3.1500000953674316,10.289999961853027,-0.724562801886702,descending,null
7,right,3279.887307692308,1790663637228,10.272754669189453,2.7590229511260986,0.16271774470806122,-0.7699999809265137,-3.1500000953674316,10.289999961853027,-0.7162401306761136,descending,null
7,left,3175.744,1790663637301,9.057157516479492,5.297898292541504,0.27518442273139954,-1.1200000047683716,-1.1200000047683716,-15.470000267028809,-0.3562561288694067,descending,null
7,left,3175.7536153846154,1790663637301,9.054763793945312,5.376864433288574,0.23689790070056915,-1.1200000047683716,-1.1200000047683716,-15.470000267028809,-0.3491321242244097,descending,null
7,left,3175.763230769231,1790663637301,8.454144477844238,4.9437479972839355,0.3421858549118042,-1.1200000047683716,-1.1200000047683716,-15.470000267028809,-0.34907982054255127,descending,null
7,left,3175.7728461538463,1790663637301,5.592226028442383,0.619763195514679,0.3302213251590729,-1.1200000047683716,-1.1200000047683716,-15.470000267028809,-0.3944589007731937,descending,null
7,left,3175.7824615384616,1790663637301,6.645105838775635,6.625962734222412,-0.32782840728759766,-1.1200000047683716,-1.1200000047683716,-15.470000267028809,-0.40057473162121693,descending,null
7,left,3175.7920769230773,1790663637301,7.676449298858643,4.491488456726074,6.149773597717285,-1.1200000047683716,-1.1200000047683716,-15.470000267028809,-0.4073697746258669,descending,null
7,left,3175.8016923076925,1790663637301,0.7561589479446411,5.489331245422363,2.4838385581970215,-1.1200000047683716,-1.1200000047683716,-15.470000267028809,-0.46598125445447264,descending,null
7,left,3175.8113076923078,1790663637301,9.322770118713379,1.8880045413970947,-2.4766597747802734,-1.1200000047683716,-1.1200000047683716,-15.470000267028809,-0.47568500316568646,descending,null
7,right,3279.896,1790663637306,10.488116264343262,2.924133777618408,0.21775463223457336,-0.2800000011920929,-2.870000123977661,10.149999618530273,-0.7065514843073769,descending,null
7,right,3279.9056153846154,1790663637306,10.390007019042969,2.7805593013763428,0.2536482512950897,-0.2800000011920929,-2.870000123977661,10.149999618530273,-0.6970873618105722,descending,null
7,right,3279.915230769231,1790663637306,10.409150123596191,2.9767775535583496,0.284756064414978,-0.2800000011920929,-2.870000123977661,10.149999618530273,-0.6869880044121235,descending,null
7,right,3279.9248461538464,1790663637306,13.304569244384766,4.390986442565918,0.22014755010604858,-0.2800000011920929,-2.870000123977661,10.149999618530273,-0.6466208367225698,descending,null
7,right,3279.9344615384616,1790663637306,26.980039596557617,6.372314453125,0.17946811020374298,-0.2800000011920929,-2.870000123977661,10.149999618530273,-0.4741350689559333,descending,null
7,right,3279.9440769230773,1790663637306,21.55292320251465,5.2165398597717285,0.23689790070056915,-0.2800000011920929,-2.870000123977661,10.149999618530273,-0.3550256623384572,descending,null
7,right,3279.9536923076926,1790663637306,10.490509033203125,7.487409591674805,5.17346715927124,-0.2800000011920929,-2.870000123977661,10.149999618530273,-0.33378338006353653,descending,null
7,right,3279.963307692308,1790663637306,0.15314611792564392,17.255260467529297,8.889653205871582,-0.2800000011920929,-2.870000123977661,10.149999618530273,-0.3869452917477799,descending,null
7,left,3175.824,1790663637392,8.236390113830566,3.476895570755005,-0.5240468978881836,-3.009999990463257,2.0999999046325684,-24.989999771118164,-0.4884163718073512,descending,null
7,left,3175.8336153846153,1790663637392,-1.7587873935699463,6.582890033721924,1.5936768054962158,-3.009999990463257,2.0999999046325684,-24.989999771118164,-0.5612537308432306,descending,null
7,left,3175.843230769231,1790663637392,15.455793380737305,6.192846298217773,0.5742979645729065,-3.009999990463257,2.0999999046325684,-24.989999771118164,-0.49849399060097693,descending,null
7,left,3175.8528461538463,1790663637392,4.716422080993652,-4.055979251861572,0.8303391337394714,-3.009999990463257,2.0999999046325684,-24.989999771118164,-0.5763408282746632,descending,null
7,left,3175.8624615384615,1790663637392,27.042253494262695,22.203794479370117,0.5264397859573364,-3.009999990463257,2.0999999046325684,-24.989999771118164,-0.3354761249260315,descending,null
7,left,3175.872076923077,1790663637392,26.187986373901367,3.5223608016967773,-2.4264087677001953,-3.009999990463257,2.0999999046325684,-24.989999771118164,-0.20358666267540548,descending,null
7,left,3175.8816923076924,1790663637392,11.59842586517334,29.100154876708984,8.39432144165039,-3.009999990463257,2.0999999046325684,-24.989999771118164,-0.04457755003781983,descending,null
7,left,3175.8913076923077,1790663637392,-76.61134338378906,-42.847412109375,-26.31002426147461,-3.009999990463257,2.0999999046325684,-24.989999771118164,-0.986703942774842,descending,null
7,right,3279.972,1790663637393,14.749885559082031,0.16511066257953644,2.0124356746673584,13.15999984741211,-8.470000267028809,-62.15999984741211,-0.3472701518562272,descending,null
7,right,3279.9816153846155,1790663637393,-0.43550926446914673,-3.2136754989624023,-2.354621648788452,13.15999984741211,-8.470000267028809,-62.15999984741211,-0.4533128363782105,descending,null
7,right,3279.991230769231,1790663637393,11.471601486206055,-0.34936457872390747,-3.034207344055176,13.15999984741211,-8.470000267028809,-62.15999984741211,-0.44184772177758735,descending,null
7,right,3280.0008461538464,1790663637393,4.874353885650635,2.191903829574585,-0.0502510704100132,13.15999984741211,-8.470000267028809,-62.15999984741211,-0.4850657999925165,descending,null
7,right,3280.0104615384616,1790663637393,6.748000621795654,-5.427115440368652,0.42833054065704346,13.15999984741211,-8.470000267028809,-62.15999984741211,-0.5315482345520002,descending,null
7,right,3280.0200769230773,1790663637393,15.805157661437988,2.8786685466766357,0.29672059416770935,13.15999984741211,-8.470000267028809,-62.15999984741211,-0.47219405462204866,descending,null
7,right,3280.0296923076926,1790663637393,1.928683876991272,15.59936809539795,-0.10768086463212967,13.15999984741211,-8.470000267028809,-62.15999984741211,-0.5033506361276366,descending,null
7,right,3280.039307692308,1790663637393,30.346860885620117,-15.601760864257812,1.0600582361221313,13.15999984741211,-8.470000267028809,-62.15999984741211,-0.36698913384106907,descending,null
7,left,3175.903,1790663637469,4.103837490081787,30.851764678955078,-3.625255823135376,-17.43000030517578,66.29000091552734,-73.91999816894531,-0.8536950211395005,descending,null
7,left,3175.912615384615,1790663637469,42.5698356628418,1.8353605270385742,11.275382995605469,-17.43000030517578,66.29000091552734,-73.91999816894531,-0.6021043350241571,descending,null
7,left,3175.9222307692307,1790663637469,-5.795623302459717,1.404637098312378,-0.38525819778442383,-17.43000030517578,66.29000091552734,-73.91999816894531,-0.7324728501981863,descending,null
7,left,3175.931846153846,1790663637469,10.473758697509766,-1.9262909889221191,-0.26800569891929626,-17.43000030517578,66.29000091552734,-73.91999816894531,-0.7585772876130172,descending,null
7,left,3175.941461538461,1790663637469,3.828652858734131,4.209125518798828,1.1198810338974,-17.43000030517578,66.29000091552734,-73.91999816894531,-0.7977291088960438,descending,null
7,left,3175.951076923077,1790663637469,5.642477512359619,-0.21536172926425934,0.5455830693244934,-17.43000030517578,66.29000091552734,-73.91999816894531,-0.8505899733834955,descending,null
7,left,3175.960692307692,1790663637469,7.64773416519165,4.278519630432129,0.009571632370352745,-17.43000030517578,66.29000091552734,-73.91999816894531,-0.8621616018168772,descending,null
7,left,3175.9703076923074,1790663637469,11.464422225952148,10.923624992370605,-0.11725249886512756,-17.43000030517578,66.29000091552734,-73.91999816894531,-0.8052550661167911,descending,null
7,right,3280.048,1790663637500,-0.5025107264518738,6.121058940887451,11.5792818069458,17.219999313354492,7.070000171661377,-11.40999984741211,-0.44054572685931653,descending,null
7,right,3280.057615384615,1790663637500,-27.863021850585938,-23.361961364746094,0.5958341360092163,17.219999313354492,7.070000171661377,-11.40999984741211,-0.8594632198151914,descending,null
7,right,3280.0672307692307,1790663637500,-3.407501220703125,-7.068650722503662,39.81081008911133,17.219999313354492,7.070000171661377,-11.40999984741211,-1.009522204287994,descending,null
7,right,3280.076846153846,1790663637500,44.40998077392578,20.736942291259766,13.9219388961792,17.219999313354492,7.070000171661377,-11.40999984741211,-0.6365071622283882,descending,null
7,right,3280.086461538461,1790663637500,4.924604892730713,18.59528923034668,-2.3282995223999023,17.219999313354492,7.070000171661377,-11.40999984741211,-0.6282081675402693,descending,null
7,right,3280.096076923077,1790663637500,6.992077350616455,-4.185196399688721,-2.6082699298858643,17.219999313354492,7.070000171661377,-11.40999984741211,-0.6711328301417047,descending,null
7,right,3280.105692307692,1790663637500,11.100700378417969,6.669034957885742,-2.2732627391815186,17.219999313354492,7.070000171661377,-11.40999984741211,-0.6432160743468028,descending,null
7,right,3280.1153076923074,1790663637500,22.32343864440918,5.664013385772705,0.5599405169487,17.219999313354492,7.070000171661377,-11.40999984741211,-0.516602101470671,descending,null
7,right,3280.124,1790663637530,14.764243125915527,4.876746654510498,0.708300769329071,-0.9800000190734863,-0.2800000011920929,-3.430000066757202,-0.4665581393493686,descending,null
7,right,3280.133615384615,1790663637530,15.6448335647583,4.972463130950928,-0.09571632742881775,-0.9800000190734863,-0.2800000011920929,-3.430000066757202,-0.40285286096730644,descending,null
7,right,3280.1432307692307,1790663637530,-22.218151092529297,-7.492195129394531,27.999418258666992,-0.9800000190734863,-0.2800000011920929,-3.430000066757202,-0.7247364665676679,descending,null
7,right,3280.152846153846,1790663637530,6.424958229064941,-2.254119396209717,-3.6132912635803223,-0.9800000190734863,-0.2800000011920929,-3.430000066757202,-0.7669006905220032,descending,null
7,right,3280.1624615384612,1790663637530,-9.033227920532227,-3.4888598918914795,1.179703712463379,-0.9800000190734863,-0.2800000011920929,-3.430000066757202,-0.9538949053561223,descending,null
7,right,3280.172076923077,1790663637530,18.810649871826172,14.855173110961914,9.767850875854492,-0.9800000190734863,-0.2800000011920929,-3.430000066757202,-0.8312510193858234,descending,null
7,right,3280.181692307692,1790663637530,-2.038757801055908,6.3627424240112305,3.6228628158569336,-0.9800000190734863,-0.2800000011920929,-3.430000066757202,-0.9239611712404086,descending,null
7,right,3280.1913076923074,1790663637530,15.793193817138672,9.387378692626953,0.7441943883895874,-0.9800000190734863,-0.2800000011920929,-3.430000066757202,-0.8448810105295215,descending,null
7,left,3175.982,1790663637543,6.645105838775635,-2.0770442485809326,-10.576653480529785,-4.340000152587891,-1.399999976158142,3.430000066757202,-0.8911361920092401,descending,null
7,left,3175.991615384615,1790663637543,10.610154151916504,7.776951313018799,0.7729093432426453,-4.340000152587891,-1.399999976158142,3.430000066757202,-0.8588888285620033,descending,null
7,left,3176.001230769231,1790663637543,19.28923225402832,20.708227157592773,4.345520973205566,-4.340000152587891,-1.399999976158142,3.430000066757202,-0.6794713315009062,descending,null
7,left,3176.010846153846,1790663637543,9.36584186553955,5.635298728942871,5.585047721862793,-4.340000152587891,-1.399999976158142,3.430000066757202,-0.664011513571457,descending,null
7,left,3176.0204615384614,1790663637543,12.22297477722168,8.994941711425781,3.0030996799468994,-4.340000152587891,-1.399999976158142,3.430000066757202,-0.610019630346463,descending,null
7,left,3176.030076923077,1790663637543,9.672134399414062,5.460616111755371,0.600619912147522,-4.340000152587891,-1.399999976158142,3.430000066757202,-0.5991784782650967,descending,null
7,left,3176.0396923076923,1790663637543,15.204538345336914,10.18182373046875,1.079201579093933,-4.340000152587891,-1.399999976158142,3.430000066757202,-0.5183906380078134,descending,null
7,left,3176.0493076923076,1790663637543,15.774049758911133,-0.6221560835838318,0.6700142621994019,-4.340000152587891,-1.399999976158142,3.430000066757202,-0.5003971628959295,descending,null
7,right,3280.2,1790663637604,5.460616111755371,-1.1270596981048584,-0.21775463223457336,-0.14000000059604645,0.5600000023841858,-16.799999237060547,-0.8881471603031694,descending,null
7,right,3280.209615384615,1790663637604,6.757572650909424,-1.8880045413970947,-0.3541503846645355,-0.14000000059604645,0.5600000023841858,-16.799999237060547,-0.9266561669267804,descending,null
7,right,3280.2192307692308,1790663637604,9.344305992126465,-0.4139730930328369,-0.08853759616613388,-0.14000000059604645,0.5600000023841858,-16.799999237060547,-0.9370565171050875,descending,null
7,right,3280.228846153846,1790663637604,1.3783150911331177,6.063629150390625,0.45943835377693176,-0.14000000059604645,0.5600000023841858,-16.799999237060547,-0.9989261212987154,descending,null
7,right,3280.2384615384613,1790663637604,7.781737327575684,5.862624645233154,1.103130578994751,-0.14000000059604645,0.5600000023841858,-16.799999237060547,-1.0033450231706502,descending,null
7,right,3280.248076923077,1790663637604,11.277775764465332,3.2160685062408447,-0.382865309715271,-0.14000000059604645,0.5600000023841858,-16.799999237060547,-0.9846392343676685,descending,null
7,right,3280.257692307692,1790663637604,14.86953067779541,2.038757801055908,0.08853759616613388,-0.14000000059604645,0.5600000023841858,-16.799999237060547,-0.9374452520081059,descending,null
7,right,3280.2673076923074,1790663637604,5.537189483642578,2.9337053298950195,0.17707519233226776,-0.14000000059604645,0.5600000023841858,-16.799999237060547,-0.9715866904536375,descending,null
7,left,3176.061,1790663637632,3.259140729904175,4.168446063995361,2.1392598152160645,-2.1700000762939453,2.870000123977661,1.8200000524520874,-0.5515874568293606,descending,null
7,left,3176.0706153846154,1790663637632,7.425193786621094,3.2902486324310303,0.2536482512950897,-2.1700000762939453,2.870000123977661,1.8200000524520874,-0.570842371823757,descending,null
7,left,3176.080230769231,1790663637632,9.686491966247559,12.91691780090332,0.5958341360092163,-2.1700000762939453,2.870000123977661,1.8200000524520874,-0.5141602203910794,descending,null
7,left,3176.0898461538463,1790663637632,8.248353958129883,2.0626866817474365,0.5766908526420593,-2.1700000762939453,2.870000123977661,1.8200000524520874,-0.5344787010384298,descending,null
7,left,3176.0994615384616,1790663637632,6.7073211669921875,6.590068817138672,0.11725249886512756,-2.1700000762939453,2.870000123977661,1.8200000524520874,-0.5389344518033505,descending,null
7,left,3176.1090769230773,1790663637632,7.8463454246521,1.7085363864898682,0.1507532149553299,-2.1700000762939453,2.870000123977661,1.8200000524520874,-0.564794600830112,descending,null
7,left,3176.1186923076925,1790663637632,8.604897499084473,7.877453327178955,0.41636601090431213,-2.1700000762939453,2.870000123977661,1.8200000524520874,-0.5471255493203828,descending,null
7,left,3176.1283076923078,1790663637632,9.179195404052734,4.235447406768799,0.4450809061527252,-2.1700000762939453,2.870000123977661,1.8200000524520874,-0.5473991370235517,descending,null
7,right,3280.276,1790663637680,8.028206825256348,2.8619179725646973,-0.16511066257953644,-0.5600000023841858,-3.7100000381469727,-2.7300000190734863,-0.9823089266748201,descending,null
7,right,3280.285615384615,1790663637680,5.628119945526123,3.80233097076416,0.2943277060985565,-0.5600000023841858,-3.7100000381469727,-2.7300000190734863,-1.0127486047103094,descending,null
7,right,3280.295230769231,1790663637680,11.966933250427246,2.1272952556610107,0.016750356182456017,-0.5600000023841858,-3.7100000381469727,-2.7300000190734863,-0.9914835845604415,descending,null
7,right,3280.304846153846,1790663637680,9.724778175354004,2.9815635681152344,0.1316099464893341,-0.5600000023841858,-3.7100000381469727,-2.7300000190734863,-0.9876526264801674,descending,null
7,right,3280.3144615384613,1790663637680,10.047821044921875,2.634591817855835,0.016750356182456017,-0.5600000023841858,-3.7100000381469727,-2.7300000190734863,-0.982023026239393,descending,null
7,right,3280.324076923077,1790663637680,11.32802677154541,6.513495922088623,-0.12203831225633621,-0.5600000023841858,-3.7100000381469727,-2.7300000190734863,-0.9520919904253913,descending,null
7,right,3280.333692307692,1790663637680,14.065513610839844,1.5290682315826416,0.0047858161851763725,-0.5600000023841858,-3.7100000381469727,-2.7300000190734863,-0.9138377956094871,descending,null
7,right,3280.3433076923075,1790663637680,14.737920761108398,4.249804973602295,0.0047858161851763725,-0.5600000023841858,-3.7100000381469727,-2.7300000190734863,-0.860595443664111,descending,null
7,left,3176.14,1790663637708,10.232074737548828,6.185667514801025,0.5742979645729065,-2.7300000190734863,2.0999999046325684,-32.130001068115234,-0.5238022807512565,descending,null
7,left,3176.149615384615,1790663637708,8.22921085357666,2.191903829574585,0.5838695764541626,-2.7300000190734863,2.0999999046325684,-32.130001068115234,-0.5436162628685135,descending,null
7,left,3176.159230769231,1790663637708,8.94229793548584,7.707557201385498,0.6389064788818359,-2.7300000190734863,2.0999999046325684,-32.130001068115234,-0.5242403859341245,descending,null
7,left,3176.168846153846,1790663637708,11.512280464172363,9.057157516479492,0.7441943883895874,-2.7300000190734863,2.0999999046325684,-32.130001068115234,-0.47777795248687305,descending,null
7,left,3176.1784615384613,1790663637708,13.500787734985352,6.326848983764648,0.5240468978881836,-2.7300000190734863,2.0999999046325684,-32.130001068115234,-0.4344416819600862,descending,null
7,left,3176.188076923077,1790663637708,10.241646766662598,11.184452056884766,0.5144752264022827,-2.7300000190734863,2.0999999046325684,-32.130001068115234,-0.3840678377832784,descending,null
7,left,3176.1976923076923,1790663637708,9.650598526000977,7.453908920288086,0.3948298394680023,-2.7300000190734863,2.0999999046325684,-32.130001068115234,-0.3616316955833341,descending,null
7,left,3176.2073076923075,1790663637708,12.234938621520996,6.5804972648620605,0.5001177787780762,-2.7300000190734863,2.0999999046325684,-32.130001068115234,-0.32636171162590855,descending,null
7,right,3280.351,1790663637754,11.899931907653809,4.589597702026367,0.2129688262939453,-1.4700000286102295,-0.7699999809265137,6.300000190734863,-0.8376443985149598,descending,null
7,right,3280.3606153846154,1790663637754,14.546488761901855,4.130159378051758,-0.1316099464893341,-1.4700000286102295,-0.7699999809265137,6.300000190734863,-0.7865291508846027,descending,null
7,right,3280.370230769231,1790663637754,13.323712348937988,3.251962184906006,0.06460852175951004,-1.4700000286102295,-0.7699999809265137,6.300000190734863,-0.7493722167386213,descending,null
7,right,3280.3798461538463,1790663637754,12.950418472290039,6.085165500640869,0.2105759084224701,-1.4700000286102295,-0.7699999809265137,6.300000190734863,-0.7063762171325667,descending,null
7,right,3280.3894615384615,1790663637754,13.924332618713379,1.5769264698028564,0.22732627391815186,-1.4700000286102295,-0.7699999809265137,6.300000190734863,-0.669259901692896,descending,null
7,right,3280.3990769230772,1790663637754,13.232781410217285,3.450573444366455,0.1507532149553299,-1.4700000286102295,-0.7699999809265137,6.300000190734863,-0.6323050510414084,descending,null
7,right,3280.4086923076925,1790663637754,13.017419815063477,3.027028799057007,0.0023929080925881863,-1.4700000286102295,-0.7699999809265137,6.300000190734863,-0.5986553029972391,descending,null
7,right,3280.4183076923077,1790663637754,13.031777381896973,2.108151912689209,0.15793193876743317,-1.4700000286102295,-0.7699999809265137,6.300000190734863,-0.5678553997507676,descending,null
7,left,3176.219,1790663637782,10.631690979003906,10.559903144836426,0.3732936680316925,-3.5,-2.0999999046325684,-3.7100000381469727,-0.26667228972198553,descending,null
7,left,3176.2286153846153,1790663637782,11.813787460327148,6.724071502685547,0.9093050956726074,-3.5,-2.0999999046325684,-3.7100000381469727,-0.23307219895262293,descending,null
7,left,3176.238230769231,1790663637782,10.332576751708984,9.64341926574707,0.4259376525878906,-3.5,-2.0999999046325684,-3.7100000381469727,-0.19192997508564727,descending,null
7,left,3176.2478461538462,1790663637782,8.858545303344727,8.186138153076172,0.5790837407112122,-3.5,-2.0999999046325684,-3.7100000381469727,-0.1703612900730741,descending,null
7,left,3176.2574615384615,1790663637782,13.072457313537598,6.216775417327881,0.679585874080658,-3.5,-2.0999999046325684,-3.7100000381469727,-0.13145931778120537,descending,null
7,left,3176.267076923077,1790663637782,10.040642738342285,9.258161544799805,0.4546525478363037,-3.5,-2.0999999046325684,-3.7100000381469727,-0.09484586207706572,descending,null
7,left,3176.2766923076924,1790663637782,10.760908126831055,8.449358940124512,0.4307234585285187,-3.5,-2.0999999046325684,-3.7100000381469727,-0.058365807290329974,descending,null
7,left,3176.2863076923077,1790663637782,11.809000968933105,7.073436260223389,0.5431901216506958,-3.5,-2.0999999046325684,-3.7100000381469727,-0.02318622864721808,descending,null
7,right,3280.427,1790663637829,12.572339057922363,3.0030996799468994,0.05264397710561752,-0.5600000023841858,-4.340000152587891,2.0999999046325684,-0.5411644702269894,descending,null
7,right,3280.4366153846154,1790663637829,14.17558765411377,2.7997024059295654,0.06939433515071869,-0.5600000023841858,-4.340000152587891,2.0999999046325684,-0.49778730946673627,descending,null
7,right,3280.446230769231,1790663637829,12.187081336975098,3.232818841934204,0.17946811020374298,-0.5600000023841858,-4.340000152587891,2.0999999046325684,-0.47104129104055614,descending,null
7,right,3280.4558461538463,1790663637829,13.283032417297363,3.6778998374938965,0.08375178277492523,-0.5600000023841858,-4.340000152587891,2.0999999046325684,-0.43293892404655426,descending,null
7,right,3280.4654615384616,1790663637829,12.431157112121582,5.661620616912842,0.25604116916656494,-0.5600000023841858,-4.340000152587891,2.0999999046325684,-0.39627240338633635,descending,null
7,right,3280.4750769230773,1790663637829,13.2806396484375,2.3641932010650635,0.23689790070056915,-0.5600000023841858,-4.340000152587891,2.0999999046325684,-0.3624355313068511,descending,null
7,right,3280.4846923076925,1790663637829,13.338069915771484,5.156716823577881,0.22014755010604858,-0.5600000023841858,-4.340000152587891,2.0999999046325684,-0.31919613864355756,descending,null
7,right,3280.4943076923078,1790663637829,13.01263427734375,2.2852272987365723,0.18903973698616028,-0.5600000023841858,-4.340000152587891,2.0999999046325684,-0.2880610072560174,descending,null
7,left,3176.299,1790663637872,9.700849533081055,9.746315002441406,0.4546525478363037,-1.75,-0.8400000333786011,3.0799999237060547,0.026015184297927388,resting,null
7,left,3176.308615384615,1790663637872,12.237332344055176,8.171781539916992,0.4737958014011383,-1.75,-0.8400000333786011,3.0799999237060547,0.0711593733021081,resting,null
7,left,3176.318230769231,1790663637872,10.626904487609863,8.549860954284668,0.5240468978881836,-1.75,-0.8400000333786011,3.0799999237060547,0.10737073350806355,resting,null
7,left,3176.327846153846,1790663637872,11.038484573364258,10.167466163635254,0.4259376525878906,-1.75,-0.8400000333786011,3.0799999237060547,0.15670142031326117,resting,null
7,left,3176.3374615384614,1790663637872,10.882946014404297,8.40389347076416,0.49772489070892334,-1.75,-0.8400000333786011,3.0799999237060547,0.19372848899124187,resting,null
7,left,3176.347076923077,1790663637872,11.804215431213379,9.155266761779785,0.4522596299648285,-1.75,-0.8400000333786011,3.0799999237060547,0.24201299378413868,ascending,3
7,left,3176.3566923076924,1790663637872,9.853995323181152,7.8032732009887695,0.44268798828125,-1.75,-0.8400000333786011,3.0799999237060547,0.267835397316573,ascending,3
7,left,3176.3663076923076,1790663637872,11.13659381866455,8.138280868530273,0.4953319728374481,-1.75,-0.8400000333786011,3.0799999237060547,0.30495237755727245,ascending,3
7,right,3280.504,1790663637904,13.998512268066406,3.625255823135376,0.13639576733112335,-0.07000000029802322,-2.870000123977661,1.6800000667572021,-0.24337420825857423,descending,null
7,right,3280.513615384615,1790663637904,12.356977462768555,3.6085054874420166,0.22493335604667664,-0.07000000029802322,-2.870000123977661,1.6800000667572021,-0.21401810917630823,descending,null
7,right,3280.523230769231,1790663637904,12.476622581481934,3.47210955619812,0.18664683401584625,-0.07000000029802322,-2.870000123977661,1.6800000667572021,-0.1840170273034349,descending,null
7,right,3280.532846153846,1790663637904,12.132043838500977,3.6802926063537598,0.20579010248184204,-0.07000000029802322,-2.870000123977661,1.6800000667572021,-0.15648860171270465,descending,null
7,right,3280.5424615384613,1790663637904,13.338069915771484,3.878904104232788,0.18664683401584625,-0.07000000029802322,-2.870000123977661,1.6800000667572021,-0.11739792807849518,descending,null
7,right,3280.552076923077,1790663637904,14.508201599121094,4.355092525482178,0.23689790070056915,-0.07000000029802322,-2.870000123977661,1.6800000667572021,-0.06621245470398303,descending,null
7,right,3280.5616923076923,1790663637904,13.98415470123291,3.1299238204956055,0.2895418703556061,-0.07000000029802322,-2.870000123977661,1.6800000667572021,-0.02368028364599726,descending,null
7,right,3280.5713076923075,1790663637904,13.2112455368042,5.199789047241211,0.3230426013469696,-0.07000000029802322,-2.870000123977661,1.6800000667572021,0.018328541652410393,resting,null
7,left,3176.379,1790663637948,11.107879638671875,8.994941711425781,0.5623334050178528,-2.799999952316284,-0.9800000190734863,-4.829999923706055,0.3609372612090795,ascending,3
7,left,3176.388615384615,1790663637948,11.78746509552002,8.927940368652344,0.4761887192726135,-2.799999952316284,-0.9800000190734863,-4.829999923706055,0.407611461018608,ascending,3
7,left,3176.398230769231,1790663637948,11.548174858093262,8.004277229309082,0.41636601090431213,-2.799999952316284,-0.9800000190734863,-4.829999923706055,0.44658791439468903,ascending,3
7,left,3176.407846153846,1790663637948,10.71065616607666,8.109565734863281,0.3230426013469696,-2.799999952316284,-0.9800000190734863,-4.829999923706055,0.4801628972653829,ascending,3
7,left,3176.4174615384613,1790663637948,10.509652137756348,7.276833534240723,0.2512553632259369,-2.799999952316284,-0.9800000190734863,-4.829999923706055,0.5069119487579463,ascending,3
7,left,3176.427076923077,1790663637948,9.590775489807129,8.04017162322998,0.22493335604667664,-2.799999952316284,-0.9800000190734863,-4.829999923706055,0.531996005851572,ascending,3
7,left,3176.4366923076923,1790663637948,8.813080787658691,8.279461860656738,0.21775463223457336,-2.799999952316284,-0.9800000190734863,-4.829999923706055,0.5530961320154156,ascending,3
7,left,3176.4463076923075,1790663637948,9.418486595153809,7.784130096435547,0.22971917688846588,-2.799999952316284,-0.9800000190734863,-4.829999923706055,0.5753286261668927,ascending,3
7,right,3280.58,1790663637979,12.30911922454834,2.921740770339966,0.39961564540863037,-0.9800000190734863,-4.550000190734863,2.240000009536743,0.04240488065322631,resting,null
7,right,3280.589615384615,1790663637979,13.330890655517578,3.787973403930664,0.34697166085243225,-0.9800000190734863,-4.550000190734863,2.240000009536743,0.08102963788306056,resting,null
7,right,3280.599230769231,1790663637979,11.96214771270752,3.1777820587158203,0.35654330253601074,-0.9800000190734863,-4.550000190734863,2.240000009536743,0.10530557912873828,resting,null
7,right,3280.608846153846,1790663637979,12.512516021728516,3.0868513584136963,0.3110780417919159,-0.9800000190734863,-4.550000190734863,2.240000009536743,0.13429865691211582,resting,null
7,right,3280.6184615384614,1790663637979,11.385457038879395,4.335949420928955,0.25843408703804016,-0.9800000190734863,-4.550000190734863,2.240000009536743,0.15693305166416066,resting,null
7,right,3280.628076923077,1790663637979,12.799665451049805,3.7712230682373047,0.29672059416770935,-0.9800000190734863,-4.550000190734863,2.240000009536743,0.19064173917707275,ascending,3
7,right,3280.6376923076923,1790663637979,12.567553520202637,3.962655782699585,0.27757734060287476,-0.9800000190734863,-4.550000190734863,2.240000009536743,0.22282158680777894,ascending,3
7,right,3280.6473076923075,1790663637979,12.414406776428223,3.929155111312866,0.2823631465435028,-0.9800000190734863,-4.550000190734863,2.240000009536743,0.2534858615419151,ascending,3
7,left,3176.458,1790663638023,9.913818359375,8.013849258422852,0.31586387753486633,-1.0499999523162842,-1.3300000429153442,-2.0999999046325684,0.608544641754972,ascending,3
7,left,3176.4676153846153,1790663638023,10.358899116516113,7.26486873626709,0.339792937040329,-1.0499999523162842,-1.3300000429153442,-2.0999999046325684,0.6342623726400702,ascending,3
7,left,3176.477230769231,1790663638023,10.406757354736328,7.937276363372803,0.34697166085243225,-1.0499999523162842,-1.3300000429153442,-2.0999999046325684,0.6646095580025397,ascending,3
7,left,3176.4868461538463,1790663638023,9.736742973327637,7.073436260223389,0.2632198929786682,-1.0499999523162842,-1.3300000429153442,-2.0999999046325684,0.6846000023469541,ascending,3
7,left,3176.4964615384615,1790663638023,9.916211128234863,6.422565460205078,0.24646952748298645,-1.0499999523162842,-1.3300000429153442,-2.0999999046325684,0.7017098554115035,ascending,3
7,left,3176.506076923077,1790663638023,8.899225234985352,6.324456214904785,0.2823631465435028,-1.0499999523162842,-1.3300000429153442,-2.0999999046325684,0.7110221334769361,ascending,3
7,left,3176.5156923076925,1790663638023,9.081086158752441,5.506081581115723,0.3134709596633911,-1.0499999523162842,-1.3300000429153442,-2.0999999046325684,0.7164736681451729,ascending,3
7,left,3176.5253076923077,1790663638023,8.698221206665039,6.384278774261475,0.31586387753486633,-1.0499999523162842,-1.3300000429153442,-2.0999999046325684,0.7248063227106739,ascending,3
7,right,3280.655,1790663638054,12.5699462890625,3.744901180267334,0.3038993179798126,-0.42000001668930054,-4.130000114440918,0.49000000953674316,0.27867561485919173,ascending,3
7,right,3280.6646153846154,1790663638054,11.959754943847656,3.8454031944274902,0.3230426013469696,-0.42000001668930054,-4.130000114440918,0.49000000953674316,0.3049125063708882,ascending,3
7,right,3280.674230769231,1790663638054,11.284955024719238,4.400557994842529,0.2727915346622467,-0.42000001668930054,-4.130000114440918,0.49000000953674316,0.3267394066783495,ascending,3
7,right,3280.6838461538464,1790663638054,10.646048545837402,3.5917551517486572,0.2512553632259369,-0.42000001668930054,-4.130000114440918,0.49000000953674316,0.3402400979832837,ascending,3
7,right,3280.6934615384616,1790663638054,10.433079719543457,4.204339504241943,0.19621846079826355,-0.42000001668930054,-4.130000114440918,0.49000000953674316,0.35372149316466606,ascending,3
7,right,3280.7030769230773,1790663638054,11.832930564880371,3.323749303817749,0.16750356554985046,-0.42000001668930054,-4.130000114440918,0.49000000953674316,0.3771885037231239,ascending,3
7,right,3280.7126923076926,1790663638054,11.213167190551758,4.216303825378418,0.2105759084224701,-0.42000001668930054,-4.130000114440918,0.49000000953674316,0.39777741076052403,ascending,3
7,right,3280.722307692308,1790663638054,11.335206031799316,4.154088497161865,0.22493335604667664,-0.42000001668930054,-4.130000114440918,0.49000000953674316,0.4192736071404202,ascending,3
7,left,3176.537,1790663638098,9.138516426086426,6.073200702667236,0.3613291084766388,-2.0999999046325684,0,-6.579999923706055,0.7364212852903047,ascending,3
7,left,3176.546615384615,1790663638098,9.014084815979004,7.410836219787598,0.3804723918437958,-2.0999999046325684,0,-6.579999923706055,0.7536082382895133,ascending,3
7,left,3176.5562307692308,1790663638098,9.538131713867188,5.539582252502441,0.38525819778442383,-2.0999999046325684,0,-6.579999923706055,0.7626494850180133,ascending,3
7,left,3176.565846153846,1790663638098,9.308412551879883,5.551546573638916,0.36850783228874207,-2.0999999046325684,0,-6.579999923706055,0.7701220846837942,ascending,3
7,left,3176.5754615384612,1790663638098,8.691041946411133,5.766908645629883,0.35893622040748596,-2.0999999046325684,0,-6.579999923706055,0.7745521198308069,ascending,3
7,left,3176.585076923077,1790663638098,8.743685722351074,5.482152462005615,0.34936457872390747,-2.0999999046325684,0,-6.579999923706055,0.7775528971521966,ascending,3
7,left,3176.594692307692,1790663638098,7.848738670349121,5.297898292541504,0.3541503846645355,-2.0999999046325684,0,-6.579999923706055,0.7730016994769222,ascending,3
7,left,3176.6043076923074,1790663638098,7.090186595916748,4.946141242980957,0.3326142132282257,-2.0999999046325684,0,-6.579999923706055,0.7607843052752263,ascending,3
7,right,3280.731,1790663638159,10.385221481323242,4.252197742462158,0.1698964685201645,0.3499999940395355,-5.53000020980835,2.5899999141693115,0.43118313990260454,ascending,3
7,right,3280.7406153846155,1790663638159,10.60776138305664,4.371842861175537,0.17468228936195374,0.3499999940395355,-5.53000020980835,2.5899999141693115,0.44675284530203757,ascending,3
7,right,3280.750230769231,1790663638159,10.488116264343262,3.3476784229278564,0.17946811020374298,0.3499999940395355,-5.53000020980835,2.5899999141693115,0.4580190588405051,ascending,3
7,right,3280.7598461538464,1790663638159,9.724778175354004,3.47210955619812,0.19621846079826355,0.3499999940395355,-5.53000020980835,2.5899999141693115,0.4627312289687802,ascending,3
7,right,3280.7694615384617,1790663638159,9.282090187072754,2.9887421131134033,0.17946811020374298,0.3499999940395355,-5.53000020980835,2.5899999141693115,0.4619141301956434,ascending,3
7,right,3280.7790769230774,1790663638159,8.935118675231934,3.280677080154419,0.1914326548576355,0.3499999940395355,-5.53000020980835,2.5899999141693115,0.4588525853876766,ascending,3
7,right,3280.7886923076926,1790663638159,9.552489280700684,3.1083877086639404,0.19382555782794952,0.3499999940395355,-5.53000020980835,2.5899999141693115,0.4608692350254672,ascending,3
7,right,3280.798307692308,1790663638159,9.473523139953613,3.3141777515411377,0.2105759084224701,0.3499999940395355,-5.53000020980835,2.5899999141693115,0.4628053978905033,ascending,3
7,left,3176.616,1790663638234,7.980348587036133,4.429272651672363,0.3206496834754944,-2.240000009536743,0.49000000953674316,-3.7799999713897705,0.7497200331125361,ascending,3
7,left,3176.6256153846152,1790663638234,7.16197395324707,5.644870281219482,0.29672059416770935,-2.240000009536743,0.49000000953674316,-3.7799999713897705,0.7424340448427664,ascending,3
7,left,3176.635230769231,1790663638234,8.265104293823242,5.326613426208496,0.33740004897117615,-2.240000009536743,0.49000000953674316,-3.7799999713897705,0.7411041305848377,ascending,3
7,left,3176.644846153846,1790663638234,8.06410026550293,5.1184306144714355,0.25604116916656494,-2.240000009536743,0.49000000953674316,-3.7799999713897705,0.7369542000442645,ascending,3
7,left,3176.6544615384614,1790663638234,6.661856174468994,5.915268898010254,0.2919347882270813,-2.240000009536743,0.49000000953674316,-3.7799999713897705,0.7278067503381596,ascending,3
7,left,3176.664076923077,1790663638234,7.748236179351807,4.055979251861572,0.3732936680316925,-2.240000009536743,0.49000000953674316,-3.7799999713897705,0.7148256909918345,ascending,3
7,left,3176.6736923076924,1790663638234,6.721678733825684,5.058607578277588,0.37807947397232056,-2.240000009536743,0.49000000953674316,-3.7799999713897705,0.7008096588448608,ascending,3
7,left,3176.6833076923076,1790663638234,6.793466091156006,4.855210304260254,0.34697166085243225,-2.240000009536743,0.49000000953674316,-3.7799999713897705,0.6860142361684939,ascending,3
7,right,3280.807,1790663638249,9.31319808959961,2.4479448795318604,0.15314611792564392,0.5600000023841858,-6.650000095367432,-5.179999828338623,0.4608151076373199,ascending,3
7,right,3280.816615384615,1790663638249,8.815473556518555,4.309627532958984,0.12682412564754486,0.5600000023841858,-6.650000095367432,-5.179999828338623,0.4598954430514712,ascending,3
7,right,3280.8262307692307,1790663638249,8.59293270111084,3.280677080154419,0.07178724557161331,0.5600000023841858,-6.650000095367432,-5.179999828338623,0.45375346469275635,ascending,3
7,right,3280.835846153846,1790663638249,8.190924644470215,3.2208542823791504,0.059822700917720795,0.5600000023841858,-6.650000095367432,-5.179999828338623,0.4437856164452748,ascending,3
7,right,3280.845461538461,1790663638249,8.198102951049805,2.7662017345428467,0.10289505124092102,0.5600000023841858,-6.650000095367432,-5.179999828338623,0.432440681076913,ascending,3
7,right,3280.855076923077,1790663638249,8.210067749023438,2.3641932010650635,0.055036887526512146,0.5600000023841858,-6.650000095367432,-5.179999828338623,0.4199462646006604,ascending,3
7,right,3280.864692307692,1790663638249,7.8726677894592285,2.7877378463745117,0.04546525329351425,0.5600000023841858,-6.650000095367432,-5.179999828338623,0.405738926596061,ascending,3
7,right,3280.8743076923074,1790663638249,7.733879089355469,2.2995846271514893,0.0023929080925881863,0.5600000023841858,-6.650000095367432,-5.179999828338623,0.38874014815327335,ascending,3
7,left,3176.696,1790663638262,6.724071502685547,4.070336818695068,0.42833054065704346,-3.7100000381469727,1.2599999904632568,-4.760000228881836,0.6594450269700051,ascending,3
7,left,3176.705615384615,1790663638262,6.637927055358887,4.2545905113220215,0.42833054065704346,-3.7100000381469727,1.2599999904632568,-4.760000228881836,0.6398752102497289,ascending,3
7,left,3176.715230769231,1790663638262,6.448887348175049,4.589597702026367,0.4307234585285187,-3.7100000381469727,1.2599999904632568,-4.760000228881836,0.6210639095688432,ascending,3
7,left,3176.724846153846,1790663638262,6.183274745941162,4.142123699188232,0.4211518168449402,-3.7100000381469727,1.2599999904632568,-4.760000228881836,0.597538015588049,ascending,3
7,left,3176.7344615384613,1790663638262,5.673584938049316,4.099051475524902,0.40918728709220886,-3.7100000381469727,1.2599999904632568,-4.760000228881836,0.5700658911373688,ascending,3
7,left,3176.744076923077,1790663638262,5.077751159667969,3.295034408569336,0.35893622040748596,-3.7100000381469727,1.2599999904632568,-4.760000228881836,0.5332117287857725,ascending,3
7,left,3176.7536923076923,1790663638262,5.565904140472412,3.3357138633728027,0.40918728709220886,-3.7100000381469727,1.2599999904632568,-4.760000228881836,0.5001958993858653,ascending,3
7,left,3176.7633076923075,1790663638262,4.742743968963623,3.766437292098999,0.3134709596633911,-3.7100000381469727,1.2599999904632568,-4.760000228881836,0.46385619496913255,ascending,3
7,right,3280.883,1790663638279,7.418015003204346,3.2495691776275635,0.06221561133861542,0.9800000190734863,-7.980000019073486,1.5399999618530273,0.37350496235483793,ascending,3
7,right,3280.892615384615,1790663638279,7.494588375091553,1.8927903175354004,-0.03828652948141098,0.9800000190734863,-7.980000019073486,1.5399999618530273,0.3530733050128613,ascending,3
7,right,3280.9022307692308,1790663638279,6.23352575302124,2.1464385986328125,0.014357448555529118,0.9800000190734863,-7.980000019073486,1.5399999618530273,0.32199704104098387,ascending,3
7,right,3280.911846153846,1790663638279,5.946376800537109,3.048564910888672,0.023929081857204437,0.9800000190734863,-7.980000019073486,1.5399999618530273,0.29117132586181393,ascending,3
7,right,3280.9214615384612,1790663638279,5.467794895172119,1.8425391912460327,0.023929081857204437,0.9800000190734863,-7.980000019073486,1.5399999618530273,0.25221065054850256,ascending,3
7,right,3280.931076923077,1790663638279,6.070807933807373,2.550840139389038,-0.01914326474070549,0.9800000190734863,-7.980000019073486,1.5399999618530273,0.22098162618684822,ascending,3
7,right,3280.940692307692,1790663638279,5.620941162109375,1.2179901599884033,0.023929081857204437,0.9800000190734863,-7.980000019073486,1.5399999618530273,0.18147499918387763,ascending,3
7,right,3280.9503076923074,1790663638279,4.680528163909912,1.8066456317901611,-0.0023929080925881863,0.9800000190734863,-7.980000019073486,1.5399999618530273,0.1353085692022506,ascending,3
7,left,3176.775,1790663638337,5.020321369171143,3.5295393466949463,0.34697166085243225,-4.409999847412109,1.3300000429153442,-4.760000228881836,0.420351201502394,ascending,3
7,left,3176.7846153846153,1790663638337,4.182803153991699,3.239997625350952,0.2416837215423584,-4.409999847412109,1.3300000429153442,-4.760000228881836,0.3766280729205697,ascending,3
7,left,3176.794230769231,1790663638337,4.029657363891602,2.4551236629486084,0.5192610621452332,-4.409999847412109,1.3300000429153442,-4.760000228881836,0.32716265445264014,ascending,3
7,left,3176.8038461538463,1790663638337,4.496274471282959,3.4553592205047607,0.13639576733112335,-4.409999847412109,1.3300000429153442,-4.760000228881836,0.28697901415635024,ascending,3
7,left,3176.8134615384615,1790663638337,3.7114005088806152,1.8281817436218262,0.339792937040329,-4.409999847412109,1.3300000429153442,-4.760000228881836,0.23112569324360785,ascending,3
7,left,3176.823076923077,1790663638337,3.9171905517578125,2.7997024059295654,0.363722026348114,-4.409999847412109,1.3300000429153442,-4.760000228881836,0.18291839413799177,ascending,3
7,left,3176.8326923076925,1790663638337,2.9600272178649902,2.2589051723480225,0.30868515372276306,-4.409999847412109,1.3300000429153442,-4.760000228881836,0.12439258954692375,ascending,3
7,left,3176.8423076923077,1790663638337,3.8190813064575195,2.8978116512298584,0.30868515372276306,-4.409999847412109,1.3300000429153442,-4.760000228881836,0.07608655577631979,ascending,3
7,right,3280.959,1790663638354,5.26918363571167,1.4022440910339355,-0.23929080367088318,1.190000057220459,-9.100000381469727,2.0299999713897705,0.09733357716704957,ascending,3
7,right,3280.968615384615,1790663638354,4.144516944885254,1.5410327911376953,0.1914326548576355,1.190000057220459,-9.100000381469727,2.0299999713897705,0.045444261201790355,ascending,3
7,right,3280.978230769231,1790663638354,4.587204933166504,1.749215841293335,-0.06939433515071869,1.190000057220459,-9.100000381469727,2.0299999713897705,-0.0016711015874414773,resting,null
7,right,3280.987846153846,1790663638354,3.462538003921509,1.1677391529083252,0.023929081857204437,1.190000057220459,-9.100000381469727,2.0299999713897705,-0.060829851604222746,resting,null
7,right,3280.9974615384613,1790663638354,4.9006757736206055,1.3160994052886963,0.040679436177015305,1.190000057220459,-9.100000381469727,2.0299999713897705,-0.10644477961304323,resting,null
7,right,3281.007076923077,1790663638354,3.929155111312866,1.0911661386489868,0.007178724277764559,1.190000057220459,-9.100000381469727,2.0299999713897705,-0.1615535467902298,resting,null
7,right,3281.016692307692,1790663638354,3.697042942047119,1.2706341743469238,0.0047858161851763725,1.190000057220459,-9.100000381469727,2.0299999713897705,-0.21818391784176774,resting,null
7,right,3281.0263076923075,1790663638354,3.61089825630188,1.5075321197509766,0.047858163714408875,1.190000057220459,-9.100000381469727,2.0299999713897705,-0.2748492827126555,descending,null
7,left,3176.854,1790663638417,2.8499536514282227,2.4000868797302246,0.2895418703556061,-4.340000152587891,2.0299999713897705,-1.0499999523162842,0.0050847756677039535,resting,null
7,left,3176.863615384615,1790663638417,3.639613151550293,1.9262909889221191,0.26561281085014343,-4.340000152587891,2.0299999713897705,-1.0499999523162842,-0.050635891908403764,resting,null
7,left,3176.8732307692308,1790663638417,3.019850015640259,2.1751534938812256,0.21536172926425934,-4.340000152587891,2.0299999713897705,-1.0499999523162842,-0.10925470203851037,resting,null
7,left,3176.882846153846,1790663638417,2.888240098953247,3.09881591796875,0.3134709596633911,-4.340000152587891,2.0299999713897705,-1.0499999523162842,-0.1628506797105604,resting,null
7,left,3176.8924615384612,1790663638417,3.6156840324401855,1.4596738815307617,0.2703986167907715,-4.340000152587891,2.0299999713897705,-1.0499999523162842,-0.22161229697224144,resting,null
7,left,3176.902076923077,1790663638417,2.6944146156311035,3.034207344055176,0.32782840728759766,-4.340000152587891,2.0299999713897705,-1.0499999523162842,-0.27693606671611365,descending,null
7,left,3176.911692307692,1790663638417,3.7472941875457764,3.019850015640259,0.3326142132282257,-4.340000152587891,2.0299999713897705,-1.0499999523162842,-0.32478081981234097,descending,null
7,left,3176.9213076923074,1790663638417,3.709007501602173,3.189746379852295,0.3709007501602173,-4.340000152587891,2.0299999713897705,-1.0499999523162842,-0.37176294818443895,descending,null
7,right,3281.035,1790663638428,3.8884756565093994,0.5025107264518738,0.016750356182456017,0.7699999809265137,-8.399999618530273,-2.7300000190734863,-0.3266021768330952,descending,null
7,right,3281.044615384615,1790663638428,3.7568657398223877,2.278048515319824,0.06460852175951004,0.7699999809265137,-8.399999618530273,-2.7300000190734863,-0.37949027996883244,descending,null
7,right,3281.054230769231,1790663638428,3.4457876682281494,0.22971917688846588,0.09810923039913177,0.7699999809265137,-8.399999618530273,-2.7300000190734863,-0.4416049710327638,descending,null
7,right,3281.063846153846,1790663638428,3.821474313735962,1.4309589862823486,-0.01914326474070549,0.7699999809265137,-8.399999618530273,-2.7300000190734863,-0.49646962020807506,descending,null
7,right,3281.0734615384613,1790663638428,3.2854628562927246,0.5575475692749023,0.016750356182456017,0.7699999809265137,-8.399999618530273,-2.7300000190734863,-0.5589312516291804,descending,null
7,right,3281.083076923077,1790663638428,4.716422080993652,1.2634555101394653,-0.03110780566930771,0.7699999809265137,-8.399999618530273,-2.7300000190734863,-0.6061470944098658,descending,null
7,right,3281.0926923076922,1790663638428,4.642241477966309,0.9786993861198425,-0.035893622785806656,0.7699999809265137,-8.399999618530273,-2.7300000190734863,-0.6549114736124279,descending,null
7,right,3281.1023076923075,1790663638428,5.123216152191162,0.9164838194847107,-0.06460852175951004,0.7699999809265137,-8.399999618530273,-2.7300000190734863,-0.699479441596848,descending,null
7,left,3176.933,1790663638503,4.764279842376709,3.98419189453125,0.4259376525878906,-5.670000076293945,3.430000066757202,-5.740000247955322,-0.4135051231486895,descending,null
7,left,3176.9426153846152,1790663638503,3.8549749851226807,4.060765266418457,0.45943835377693176,-5.670000076293945,3.430000066757202,-5.740000247955322,-0.4537936660716338,descending,null
7,left,3176.952230769231,1790663638503,4.6613850593566895,4.924604892730713,0.43790218234062195,-5.670000076293945,3.430000066757202,-5.740000247955322,-0.48285556448592454,descending,null
7,left,3176.961846153846,1790663638503,4.170838832855225,4.388593673706055,0.49772489070892334,-5.670000076293945,3.430000066757202,-5.740000247955322,-0.518731324541642,descending,null
7,left,3176.9714615384614,1790663638503,4.364664554595947,5.187824726104736,0.4714028835296631,-5.670000076293945,3.430000066757202,-5.740000247955322,-0.5481630721256157,descending,null
7,left,3176.981076923077,1790663638503,4.3239850997924805,4.446023464202881,0.46661707758903503,-5.670000076293945,3.430000066757202,-5.740000247955322,-0.5825845849234894,descending,null
7,left,3176.9906923076924,1790663638503,5.0418572425842285,5.333792209625244,0.48576033115386963,-5.670000076293945,3.430000066757202,-5.740000247955322,-0.6062039713877675,descending,null
7,left,3177.0003076923076,1790663638503,5.774087429046631,6.286169528961182,0.5168681740760803,-5.670000076293945,3.430000066757202,-5.740000247955322,-0.618490373419093,descending,null
7,right,3281.111,1790663638504,5.403186321258545,1.4668526649475098,-0.05264397710561752,0.699999988079071,-6.019999980926514,1.4700000286102295,-0.7358947236837319,descending,null
7,right,3281.120615384615,1790663638504,5.307470321655273,0.3541503846645355,-0.09571632742881775,0.699999988079071,-6.019999980926514,1.4700000286102295,-0.7805078675016827,descending,null
7,right,3281.130230769231,1790663638504,6.044486045837402,1.1844894886016846,-0.14836029708385468,0.699999988079071,-6.019999980926514,1.4700000286102295,-0.8157765752081988,descending,null
7,right,3281.139846153846,1790663638504,5.1112518310546875,0.7992312908172607,-0.10768086463212967,0.699999988079071,-6.019999980926514,1.4700000286102295,-0.8607221014536134,descending,null
7,right,3281.1494615384613,1790663638504,6.4752092361450195,0.9810923337936401,-0.11964540183544159,0.699999988079071,-6.019999980926514,1.4700000286102295,-0.8927009366794413,descending,null
7,right,3281.159076923077,1790663638504,6.398636341094971,1.1127022504806519,-0.1005021408200264,0.699999988079071,-6.019999980926514,1.4700000286102295,-0.9249557312097507,descending,null
7,right,3281.1686923076923,1790663638504,8.121530532836914,0.7226582169532776,-0.059822700917720795,0.699999988079071,-6.019999980926514,1.4700000286102295,-0.9427838265220936,descending,null
7,right,3281.1783076923075,1790663638504,8.66472053527832,1.296956181526184,-0.13878867030143738,0.699999988079071,-6.019999980926514,1.4700000286102295,-0.9538104312666663,descending,null
7,left,3177.012,1790663638577,5.788444519042969,6.8891825675964355,0.5790837407112122,-5.599999904632568,2.940000057220459,-5.599999904632568,-0.6284833425187806,descending,null
7,left,3177.0216153846154,1790663638577,6.305312633514404,7.566375255584717,0.5001177787780762,-5.599999904632568,2.940000057220459,-5.599999904632568,-0.6287653644310199,descending,null
7,left,3177.031230769231,1790663638577,6.176095962524414,5.608976364135742,0.5982270240783691,-5.599999904632568,2.940000057220459,-5.599999904632568,-0.6424247627811035,descending,null
7,left,3177.0408461538464,1790663638577,6.068414688110352,9.04519271850586,0.5336185097694397,-5.599999904632568,2.940000057220459,-5.599999904632568,-0.6347375055973954,descending,null
7,left,3177.0504615384616,1790663638577,6.6427130699157715,7.942061901092529,0.21775463223457336,-5.599999904632568,2.940000057220459,-5.599999904632568,-0.6304779806411497,descending,null
7,left,3177.0600769230773,1790663638577,6.968148231506348,8.884867668151855,1.1294525861740112,-5.599999904632568,2.940000057220459,-5.599999904632568,-0.6167283206924886,descending,null
7,left,3177.0696923076925,1790663638577,7.1571879386901855,9.36823558807373,0.4953319728374481,-5.599999904632568,2.940000057220459,-5.599999904632568,-0.5992263242993621,descending,null
7,left,3177.079307692308,1790663638577,6.781501770019531,8.463715553283691,0.5838695764541626,-5.599999904632568,2.940000057220459,-5.599999904632568,-0.5900976326631395,descending,null
7,right,3281.187,1790663638594,6.568532943725586,1.0026284456253052,-0.09332341700792313,0.42000001668930054,-4.550000190734863,0.699999988079071,-0.9818287393882679,descending,null
7,right,3281.196615384615,1790663638594,8.659934043884277,0.8973405361175537,-0.1316099464893341,0.42000001668930054,-4.550000190734863,0.699999988079071,-0.9940898822013708,descending,null
7,right,3281.206230769231,1790663638594,7.674056053161621,1.1509888172149658,-0.15314611792564392,0.42000001668930054,-4.550000190734863,0.699999988079071,-1.0144833641417674,descending,null
7,right,3281.215846153846,1790663638594,9.4950590133667,0.9739136099815369,-0.3350071310997009,0.42000001668930054,-4.550000190734863,0.699999988079071,-1.0187131062284194,descending,null
7,right,3281.2254615384613,1790663638594,10.179430961608887,0.5623334050178528,-0.4522596299648285,0.42000001668930054,-4.550000190734863,0.699999988079071,-1.0178515742697456,descending,null
7,right,3281.235076923077,1790663638594,11.038484573364258,0.028714897111058235,0.12203831225633621,0.42000001668930054,-4.550000190734863,0.699999988079071,-1.0110647738145107,descending,null
7,right,3281.2446923076923,1790663638594,10.083714485168457,0.964341938495636,-0.2129688262939453,0.42000001668930054,-4.550000190734863,0.699999988079071,-1.009921219504159,descending,null
7,right,3281.2543076923075,1790663638594,9.322770118713379,1.3089207410812378,-0.06460852175951004,0.42000001668930054,-4.550000190734863,0.699999988079071,-1.0147406072134122,descending,null
7,left,3177.091,1790663638652,7.004042148590088,8.588147163391113,0.6604426503181458,-1.1200000047683716,0.07000000029802322,-2.870000123977661,-0.5759742161131496,descending,null
7,left,3177.100615384615,1790663638652,6.824573993682861,8.379963874816895,0.4929390549659729,-1.1200000047683716,0.07000000029802322,-2.870000123977661,-0.5671366286873264,descending,null
7,left,3177.110230769231,1790663638652,7.4228010177612305,8.650362968444824,0.4546525478363037,-1.1200000047683716,0.07000000029802322,-2.870000123977661,-0.5524014650443736,descending,null
7,left,3177.119846153846,1790663638652,5.647263050079346,10.679549217224121,0.27757734060287476,-1.1200000047683716,0.07000000029802322,-2.870000123977661,-0.5367422310485893,descending,null
7,left,3177.1294615384613,1790663638652,8.33210563659668,5.979877471923828,0.7322298884391785,-1.1200000047683716,0.07000000029802322,-2.870000123977661,-0.532963382295375,descending,null
7,left,3177.139076923077,1790663638652,7.1212944984436035,8.066493034362793,0.509689450263977,-1.1200000047683716,0.07000000029802322,-2.870000123977661,-0.5240650811687984,descending,null
7,left,3177.1486923076923,1790663638652,7.48262357711792,7.185903072357178,0.4761887192726135,-1.1200000047683716,0.07000000029802322,-2.870000123977661,-0.518509561568487,descending,null
7,left,3177.1583076923075,1790663638652,5.029892921447754,11.330419540405273,0.45704543590545654,-1.1200000047683716,0.07000000029802322,-2.870000123977661,-0.5024603295485908,descending,null
7,right,3281.262,1790663638654,9.727170944213867,0.9930568337440491,0.0047858161851763725,0.07000000029802322,-4.409999847412109,-1.2599999904632568,-1.016411794288258,descending,null
7,right,3281.2716153846154,1790663638654,11.057628631591797,-0.7322298884391785,-0.15793193876743317,0.07000000029802322,-4.409999847412109,-1.2599999904632568,-1.0113254137568954,descending,null
7,right,3281.281230769231,1790663638654,9.602740287780762,2.4288017749786377,0.0023929080925881863,0.07000000029802322,-4.409999847412109,-1.2599999904632568,-1.0102744379748776,descending,null
7,right,3281.2908461538464,1790663638654,9.21748161315918,2.0076498985290527,-0.03110780566930771,0.07000000029802322,-4.409999847412109,-1.2599999904632568,-1.0139497335229226,descending,null
7,right,3281.3004615384616,1790663638654,9.605133056640625,0.588655412197113,-0.12921704351902008,0.07000000029802322,-4.409999847412109,-1.2599999904632568,-1.018152922155963,descending,null
7,right,3281.3100769230773,1790663638654,10.052606582641602,1.612820029258728,0.011964540928602219,0.07000000029802322,-4.409999847412109,-1.2599999904632568,-1.0153406199291988,descending,null
7,right,3281.3196923076925,1790663638654,10.26796817779541,0.6819788217544556,0.023929081857204437,0.07000000029802322,-4.409999847412109,-1.2599999904632568,-1.0132395863523198,descending,null
7,right,3281.329307692308,1790663638654,9.260554313659668,1.7635732889175415,-0.023929081857204437,0.07000000029802322,-4.409999847412109,-1.2599999904632568,-1.017181219049178,descending,null
7,right,3281.339,1790663638731,11.335206031799316,0.7513731122016907,0.0023929080925881863,-1.0499999523162842,-2.7300000190734863,-2.380000114440918,-1.0049394422610656,descending,null
7,right,3281.348615384615,1790663638731,10.291897773742676,1.6558923721313477,0.014357448555529118,-1.0499999523162842,-2.7300000190734863,-2.380000114440918,-0.9997440047372209,descending,null
7,right,3281.358230769231,1790663638731,9.72238540649414,2.1129379272460938,-0.009571632370352745,-1.0499999523162842,-2.7300000190734863,-2.380000114440918,-0.9984344331964901,descending,null
7,right,3281.367846153846,1790663638731,9.863567352294922,1.3184924125671387,-0.05742979422211647,-1.0499999523162842,-2.7300000190734863,-2.380000114440918,-0.9980463620893578,descending,null
7,right,3281.3774615384614,1790663638731,10.184216499328613,0.1914326548576355,-0.08614469319581985,-1.0499999523162842,-2.7300000190734863,-2.380000114440918,-0.9978645018785623,descending,null
7,right,3281.387076923077,1790663638731,9.614705085754395,1.0313433408737183,-0.07418014854192734,-1.0499999523162842,-2.7300000190734863,-2.380000114440918,-1.0005139715797857,descending,null
7,right,3281.3966923076923,1790663638731,8.372785568237305,5.498902797698975,-0.06221561133861542,-1.0499999523162842,-2.7300000190734863,-2.380000114440918,-1.001932748140887,descending,null
7,right,3281.4063076923076,1790663638731,9.148087501525879,4.754708290100098,0,-1.0499999523162842,-2.7300000190734863,-2.380000114440918,-0.9983527718577153,descending,null
7,left,3177.171,1790663638788,7.281619548797607,8.279461860656738,0.5072965025901794,-0.49000000953674316,-1.75,-1.2599999904632568,-0.48733946914783655,descending,null
7,left,3177.180615384615,1790663638788,7.312726974487305,7.370156764984131,0.5288326740264893,-0.49000000953674316,-1.75,-1.2599999904632568,-0.4816659236259285,descending,null
7,left,3177.1902307692308,1790663638788,7.202653408050537,7.154795169830322,0.5240468978881836,-0.49000000953674316,-1.75,-1.2599999904632568,-0.4781747730320341,descending,null
7,left,3177.199846153846,1790663638788,6.884396553039551,7.298369884490967,0.509689450263977,-0.49000000953674316,-1.75,-1.2599999904632568,-0.47592071916070805,descending,null
7,left,3177.2094615384613,1790663638788,6.956183910369873,7.166759967803955,0.5671192407608032,-0.49000000953674316,-1.75,-1.2599999904632568,-0.47397821767806037,descending,null
7,left,3177.219076923077,1790663638788,6.752786636352539,6.556568145751953,0.5001177787780762,-0.49000000953674316,-1.75,-1.2599999904632568,-0.47755293219046824,descending,null
7,left,3177.228692307692,1790663638788,9.38259220123291,4.814530849456787,0.44747382402420044,-0.49000000953674316,-1.75,-1.2599999904632568,-0.47468895815746304,descending,null
7,left,3177.2383076923074,1790663638788,7.944454669952393,7.2552971839904785,0.6987291574478149,-0.49000000953674316,-1.75,-1.2599999904632568,-0.4652213821056147,descending,null
7,left,3177.251,1790663638817,8.478073120117188,5.704692840576172,0.5312256217002869,1.0499999523162842,0.6299999952316284,2.5199999809265137,-0.4616341958512775,descending,null
7,left,3177.2606153846154,1790663638817,6.846109867095947,7.499373912811279,0.27518442273139954,1.0499999523162842,0.6299999952316284,2.5199999809265137,-0.4585331059721797,descending,null
7,left,3177.270230769231,1790663638817,6.867646217346191,7.812844753265381,0.49054616689682007,1.0499999523162842,0.6299999952316284,2.5199999809265137,-0.45297841907258624,descending,null
7,left,3177.2798461538464,1790663638817,8.080850601196289,5.221325397491455,0.4953319728374481,1.0499999523162842,0.6299999952316284,2.5199999809265137,-0.45621672881906405,descending,null
7,left,3177.2894615384616,1790663638817,8.06410026550293,3.7712230682373047,0.11485958844423294,1.0499999523162842,0.6299999952316284,2.5199999809265137,-0.4694753701466488,descending,null
7,left,3177.2990769230773,1790663638817,7.870274543762207,5.872196674346924,0.42833054065704346,1.0499999523162842,0.6299999952316284,2.5199999809265137,-0.46986129163420465,descending,null
7,left,3177.3086923076926,1790663638817,9.377806663513184,4.864782333374023,0.2823631465435028,1.0499999523162842,0.6299999952316284,2.5199999809265137,-0.4665147402945394,descending,null
7,left,3177.318307692308,1790663638817,9.19355297088623,5.604190826416016,0.6054057478904724,1.0499999523162842,0.6299999952316284,2.5199999809265137,-0.4592247768801135,descending,null
7,right,3281.415,1790663638819,10.78244400024414,1.0409150123596191,0.011964540928602219,-2.5899999141693115,-2.309999942779541,-1.1200000047683716,-0.9911417706339076,descending,null
7,right,3281.424615384615,1790663638819,10.485723495483398,2.0961875915527344,0.028714897111058235,-2.5899999141693115,-2.309999942779541,-1.1200000047683716,-0.9828836400871876,descending,null
7,right,3281.434230769231,1790663638819,10.064571380615234,3.1849606037139893,-0.011964540928602219,-2.5899999141693115,-2.309999942779541,-1.1200000047683716,-0.9753790404498365,descending,null
7,right,3281.443846153846,1790663638819,9.20073127746582,3.1251380443573,0.06221561133861542,-2.5899999141693115,-2.309999942779541,-1.1200000047683716,-0.9759995399313067,descending,null
7,right,3281.4534615384614,1790663638819,8.760436058044434,4.386200428009033,-0.07896596938371658,-2.5899999141693115,-2.309999942779541,-1.1200000047683716,-0.9769631846319852,descending,null
7,right,3281.463076923077,1790663638819,7.8463454246521,6.161738395690918,0.0909305065870285,-2.5899999141693115,-2.309999942779541,-1.1200000047683716,-0.9812507135306665,descending,null
7,right,3281.4726923076923,1790663638819,8.882474899291992,5.611369609832764,0.007178724277764559,-2.5899999141693115,-2.309999942779541,-1.1200000047683716,-0.9775364157530985,descending,null
7,right,3281.4823076923076,1790663638819,8.798723220825195,5.230896949768066,-0.0047858161851763725,-2.5899999141693115,-2.309999942779541,-1.1200000047683716,-0.9756395283385251,descending,null
7,left,3177.33,1790663638893,9.583597183227539,5.565904140472412,0.7418015003204346,-0.9800000190734863,-0.6299999952316284,-7.210000038146973,-0.44718329753888447,descending,null
7,left,3177.339615384615,1790663638893,10.050213813781738,5.4869384765625,0.5360113978385925,-0.9800000190734863,-0.6299999952316284,-7.210000038146973,-0.4347298484299345,descending,null
7,left,3177.349230769231,1790663638893,8.612075805664062,6.156952381134033,0.6508709788322449,-0.9800000190734863,-0.6299999952316284,-7.210000038146973,-0.4277989399869953,descending,null
7,left,3177.358846153846,1790663638893,9.071514129638672,5.8554463386535645,0.6556568145751953,-0.9800000190734863,-0.6299999952316284,-7.210000038146973,-0.4196211911922827,descending,null
7,left,3177.3684615384614,1790663638893,7.764986991882324,6.403421878814697,0.6604426503181458,-0.9800000190734863,-0.6299999952316284,-7.210000038146973,-0.4169735034320245,descending,null
7,left,3177.378076923077,1790663638893,8.300997734069824,6.669034957885742,0.6508709788322449,-0.9800000190734863,-0.6299999952316284,-7.210000038146973,-0.40885141773143374,descending,null
7,left,3177.3876923076923,1790663638893,7.887024879455566,6.295741081237793,0.6580497026443481,-0.9800000190734863,-0.6299999952316284,-7.210000038146973,-0.4060515742424339,descending,null
7,left,3177.3973076923075,1790663638893,7.635769844055176,6.621176719665527,0.6412993669509888,-0.9800000190734863,-0.6299999952316284,-7.210000038146973,-0.4028959020397426,descending,null
7,right,3281.491,1790663638909,9.887495994567871,6.0947370529174805,0.021536173298954964,-1.6800000667572021,-1.9600000381469727,-7.070000171661377,-0.9625996515703367,descending,null
7,right,3281.5006153846152,1790663638909,10.09567928314209,4.529775142669678,-0.040679436177015305,-1.6800000667572021,-1.9600000381469727,-7.070000171661377,-0.9508076118101138,descending,null
7,right,3281.510230769231,1790663638909,9.253376007080078,6.099522590637207,-0.11485958844423294,-1.6800000667572021,-1.9600000381469727,-7.070000171661377,-0.9419322469646139,descending,null
7,right,3281.519846153846,1790663638909,10.210538864135742,3.955476999282837,-0.10768086463212967,-1.6800000667572021,-1.9600000381469727,-7.070000171661377,-0.9307320183722013,descending,null
7,right,3281.5294615384614,1790663638909,10.27754020690918,3.6420061588287354,-0.15314611792564392,-1.6800000667572021,-1.9600000381469727,-7.070000171661377,-0.9198379373600829,descending,null
7,right,3281.539076923077,1790663638909,9.868352890014648,4.357485771179199,-0.13400284945964813,-1.6800000667572021,-1.9600000381469727,-7.070000171661377,-0.9104888064592748,descending,null
7,right,3281.5486923076924,1790663638909,9.820494651794434,3.036600351333618,-0.13878867030143738,-1.6800000667572021,-1.9600000381469727,-7.070000171661377,-0.9056088084901346,descending,null
7,right,3281.5583076923076,1790663638909,9.839637756347656,3.785580635070801,-0.1698964685201645,-1.6800000667572021,-1.9600000381469727,-7.070000171661377,-0.8982366565043867,descending,null
7,left,3177.409,1790663638967,7.896596908569336,6.259847640991211,0.7130866050720215,-1.190000057220459,-1.399999976158142,-14.279999732971191,-0.39963789082636153,descending,null
7,left,3177.4186153846154,1790663638967,7.496981143951416,7.0088276863098145,0.588655412197113,-1.190000057220459,-1.399999976158142,-14.279999732971191,-0.39496445917284295,descending,null
7,left,3177.428230769231,1790663638967,7.030364036560059,7.147616386413574,0.6341206431388855,-1.190000057220459,-1.399999976158142,-14.279999732971191,-0.39257945186711835,descending,null
7,left,3177.4378461538463,1790663638967,7.501766681671143,5.8554463386535645,0.5599405169487,-1.190000057220459,-1.399999976158142,-14.279999732971191,-0.3954926968575612,descending,null
7,left,3177.4474615384615,1790663638967,7.090186595916748,6.374707221984863,0.6412993669509888,-1.190000057220459,-1.399999976158142,-14.279999732971191,-0.39777182539683315,descending,null
7,left,3177.4570769230772,1790663638967,6.530246257781982,7.499373912811279,0.5814766883850098,-1.190000057220459,-1.399999976158142,-14.279999732971191,-0.39653225787409346,descending,null
7,left,3177.4666923076925,1790663638967,7.82959508895874,5.630512714385986,0.6819788217544556,-1.190000057220459,-1.399999976158142,-14.279999732971191,-0.39861025283831925,descending,null
7,left,3177.4763076923077,1790663638967,6.259847640991211,7.726700305938721,0.5455830693244934,-1.190000057220459,-1.399999976158142,-14.279999732971191,-0.3977071606348254,descending,null
7,right,3281.566,1790663638999,9.911425590515137,3.0389933586120605,-0.13400284945964813,0.7699999809265137,-2.7300000190734863,-0.21000000834465027,-0.8936707365524506,descending,null
7,right,3281.575615384615,1790663638999,10.148323059082031,2.424015998840332,-0.12921704351902008,0.7699999809265137,-2.7300000190734863,-0.21000000834465027,-0.8876904922186646,descending,null
7,right,3281.5852307692307,1790663638999,9.870745658874512,2.6226272583007812,-0.1722893863916397,0.7699999809265137,-2.7300000190734863,-0.21000000834465027,-0.8835984043783823,descending,null
7,right,3281.594846153846,1790663638999,9.545310020446777,3.2639267444610596,-0.11725249886512756,0.7699999809265137,-2.7300000190734863,-0.21000000834465027,-0.8805397333898998,descending,null
7,right,3281.6044615384612,1790663638999,9.416092872619629,1.9621846675872803,-0.16750356554985046,0.7699999809265137,-2.7300000190734863,-0.21000000834465027,-0.8825854574832103,descending,null
7,right,3281.614076923077,1790663638999,8.832223892211914,3.1586387157440186,-0.1914326548576355,0.7699999809265137,-2.7300000190734863,-0.21000000834465027,-0.8863015752564362,descending,null
7,right,3281.623692307692,1790663638999,9.198338508605957,2.5029819011688232,-0.16271774470806122,0.7699999809265137,-2.7300000190734863,-0.21000000834465027,-0.888682940151023,descending,null
7,right,3281.6333076923074,1790663638999,10.057393074035645,1.433351993560791,-0.2105759084224701,0.7699999809265137,-2.7300000190734863,-0.21000000834465027,-0.8864252919940412,descending,null
7,left,3177.488,1790663639057,7.217010974884033,6.209596633911133,0.6460852026939392,-1.2599999904632568,-0.9100000262260437,10.079999923706055,-0.40074699705217043,descending,null
7,left,3177.497615384615,1790663639057,7.415622234344482,6.669034957885742,0.6173703074455261,-1.2599999904632568,-0.9100000262260437,10.079999923706055,-0.3988420801367676,descending,null
7,left,3177.507230769231,1790663639057,6.405815124511719,7.982741355895996,0.5384043455123901,-1.2599999904632568,-0.9100000262260437,10.079999923706055,-0.3953179193968054,descending,null
7,left,3177.516846153846,1790663639057,7.820023536682129,6.269419193267822,0.6748000979423523,-1.2599999904632568,-0.9100000262260437,10.079999923706055,-0.39317637295099656,descending,null
7,left,3177.5264615384613,1790663639057,6.67621374130249,7.272047519683838,0.6412993669509888,-1.2599999904632568,-0.9100000262260437,10.079999923706055,-0.39241245175607536,descending,null
7,left,3177.536076923077,1790663639057,6.862860202789307,6.764750957489014,0.6867645978927612,-1.2599999904632568,-0.9100000262260437,10.079999923706055,-0.3936534430525491,descending,null
7,left,3177.545692307692,1790663639057,7.958812236785889,5.496510028839111,0.7202653288841248,-1.2599999904632568,-0.9100000262260437,10.079999923706055,-0.39554135646754757,descending,null
7,left,3177.5553076923075,1790663639057,6.3196702003479,6.915504455566406,0.6700142621994019,-1.2599999904632568,-0.9100000262260437,10.079999923706055,-0.3996025744570951,descending,null
7,left,3177.568,1790663639131,7.1571879386901855,6.625962734222412,0.7178724408149719,-0.14000000059604645,-0.49000000953674316,-1.3300000429153442,-0.3996988126041616,descending,null
7,left,3177.5776153846155,1790663639131,7.047114372253418,6.180881500244141,0.7513731122016907,-0.14000000059604645,-0.49000000953674316,-1.3300000429153442,-0.4034255479603756,descending,null
7,left,3177.587230769231,1790663639131,6.791073322296143,7.745843410491943,0.7035149931907654,-0.14000000059604645,-0.49000000953674316,-1.3300000429153442,-0.39872067849955045,descending,null
7,left,3177.5968461538464,1790663639131,7.365371227264404,6.0947370529174805,0.7920525670051575,-0.14000000059604645,-0.49000000953674316,-1.3300000429153442,-0.4007550115405228,descending,null
7,left,3177.6064615384616,1790663639131,6.968148231506348,7.607054710388184,0.6748000979423523,-0.14000000059604645,-0.49000000953674316,-1.3300000429153442,-0.3957445817872,descending,null
7,left,3177.6160769230773,1790663639131,6.6427130699157715,6.939433574676514,0.6748000979423523,-0.14000000059604645,-0.49000000953674316,-1.3300000429153442,-0.39737703256470086,descending,null
7,left,3177.6256923076926,1790663639131,7.365371227264404,6.908325672149658,0.7106937170028687,-0.14000000059604645,-0.49000000953674316,-1.3300000429153442,-0.3941494318131234,descending,null
7,left,3177.635307692308,1790663639131,6.324456214904785,6.745607852935791,0.6867645978927612,-0.14000000059604645,-0.49000000953674316,-1.3300000429153442,-0.3992529758691725,descending,null
7,right,3281.642,1790663639168,8.566611289978027,3.443394660949707,-0.10289505124092102,0.5600000023841858,-2.7300000190734863,-0.21000000834465027,-0.8912319826439128,descending,null
7,right,3281.651615384615,1790663639168,9.526166915893555,2.1105449199676514,-0.17946811020374298,0.5600000023841858,-2.7300000190734863,-0.21000000834465027,-0.8917843190444764,descending,null
7,right,3281.6612307692308,1790663639168,9.413700103759766,2.14404559135437,-0.0909305065870285,0.5600000023841858,-2.7300000190734863,-0.21000000834465027,-0.8932880407188716,descending,null
7,right,3281.670846153846,1790663639168,9.499845504760742,2.9743847846984863,-0.11007377505302429,0.5600000023841858,-2.7300000190734863,-0.21000000834465027,-0.8915058374744077,descending,null
7,right,3281.6804615384613,1790663639168,9.8444242477417,1.5027462244033813,-0.17946811020374298,0.5600000023841858,-2.7300000190734863,-0.21000000834465027,-0.890923444667473,descending,null
7,right,3281.690076923077,1790663639168,8.753257751464844,2.907383441925049,-0.20818300545215607,0.5600000023841858,-2.7300000190734863,-0.21000000834465027,-0.8961063313602883,descending,null
7,right,3281.699692307692,1790663639168,9.205517768859863,2.2589051723480225,-0.27757734060287476,0.5600000023841858,-2.7300000190734863,-0.21000000834465027,-0.8990468537193735,descending,null
7,right,3281.7093076923074,1790663639168,9.038013458251953,1.809038519859314,-0.23450499773025513,0.5600000023841858,-2.7300000190734863,-0.21000000834465027,-0.9048495692900699,descending,null
7,right,3281.718,1790663639169,8.9590482711792,2.8690967559814453,-0.2416837215423584,0.14000000059604645,-3.0799999237060547,-2.0299999713897705,-0.9079182796612588,descending,null
7,right,3281.727615384615,1790663639169,8.994941711425781,1.9406484365463257,-0.26561281085014343,0.14000000059604645,-3.0799999237060547,-2.0299999713897705,-0.9136961550248477,descending,null
7,right,3281.737230769231,1790663639169,9.222268104553223,2.823631525039673,-0.284756064414978,0.14000000059604645,-3.0799999237060547,-2.0299999713897705,-0.9147925016564931,descending,null
7,right,3281.746846153846,1790663639169,9.093050956726074,2.7446656227111816,-0.22493335604667664,0.14000000059604645,-3.0799999237060547,-2.0299999713897705,-0.9173254143808139,descending,null
7,right,3281.7564615384613,1790663639169,9.0284423828125,2.8068811893463135,-0.22493335604667664,0.14000000059604645,-3.0799999237060547,-2.0299999713897705,-0.9202643579203971,descending,null
7,right,3281.766076923077,1790663639169,9.63624095916748,2.234976053237915,-0.28714898228645325,0.14000000059604645,-3.0799999237060547,-2.0299999713897705,-0.9192766935232592,descending,null
7,right,3281.775692307692,1790663639169,8.552253723144531,3.2423903942108154,-0.2321120798587799,0.14000000059604645,-3.0799999237060547,-2.0299999713897705,-0.9252912395023347,descending,null
7,right,3281.7853076923075,1790663639169,9.499845504760742,2.275655508041382,-0.2536482512950897,0.14000000059604645,-3.0799999237060547,-2.0299999713897705,-0.9254492858528437,descending,null
7,right,3281.794,1790663639194,8.621647834777832,1.742037057876587,-0.17946811020374298,0.5600000023841858,-2.0299999713897705,-2.450000047683716,-0.9342793548229321,descending,null
7,right,3281.803615384615,1790663639194,9.2725191116333,3.374000310897827,-0.1603248417377472,0.5600000023841858,-2.0299999713897705,-2.450000047683716,-0.9333483280715918,descending,null
7,right,3281.813230769231,1790663639194,8.379963874816895,1.584105134010315,-0.09810923039913177,0.5600000023841858,-2.0299999713897705,-2.450000047683716,-0.9458195047289417,descending,null
7,right,3281.822846153846,1790663639194,9.440022468566895,2.7231295108795166,-0.1507532149553299,0.5600000023841858,-2.0299999713897705,-2.450000047683716,-0.9452474064798508,descending,null
7,right,3281.8324615384613,1790663639194,8.023421287536621,2.5819478034973145,-0.028714897111058235,0.5600000023841858,-2.0299999713897705,-2.450000047683716,-0.9580988115802529,descending,null
7,right,3281.842076923077,1790663639194,8.839402198791504,1.521889567375183,-0.047858163714408875,0.5600000023841858,-2.0299999713897705,-2.450000047683716,-0.9665332795258781,descending,null
7,right,3281.8516923076922,1790663639194,8.363213539123535,1.9406484365463257,-0.023929081857204437,0.5600000023841858,-2.0299999713897705,-2.450000047683716,-0.9781128055264577,descending,null
7,right,3281.8613076923075,1790663639194,8.348855972290039,1.93586266040802,0.016750356182456017,0.5600000023841858,-2.0299999713897705,-2.450000047683716,-0.9898400287394435,descending,null
7,left,3177.647,1790663639207,7.3605852127075195,6.759965419769287,0.6245490312576294,0.21000000834465027,-1.399999976158142,-1.4700000286102295,-0.3966330197184441,descending,null
7,left,3177.656615384615,1790663639207,7.171545505523682,6.089951038360596,0.5910483002662659,0.21000000834465027,-1.399999976158142,-1.4700000286102295,-0.400223266926414,descending,null
7,left,3177.666230769231,1790663639207,6.1976318359375,7.3318705558776855,0.4522596299648285,0.21000000834465027,-1.399999976158142,-1.4700000286102295,-0.4025192080905739,descending,null
7,left,3177.675846153846,1790663639207,6.257454872131348,6.3196702003479,0.4953319728374481,0.21000000834465027,-1.399999976158142,-1.4700000286102295,0,resting,null
7,left,3177.6854615384614,1790663639207,6.156952381134033,6.819787979125977,0.43550926446914673,0.21000000834465027,-1.399999976158142,-1.4700000286102295,-0.006127880367615689,resting,null
7,left,3177.695076923077,1790663639207,6.0755934715271,6.82218074798584,0.3948298394680023,0.21000000834465027,-1.399999976158142,-1.4700000286102295,-0.01281455786156484,resting,null
7,left,3177.7046923076923,1790663639207,6.6714277267456055,5.625726699829102,0.4020085632801056,0.21000000834465027,-1.399999976158142,-1.4700000286102295,-0.023287956513892604,resting,null
7,left,3177.7143076923076,1790663639207,5.965519905090332,6.0325212478637695,0.3732936680316925,0.21000000834465027,-1.399999976158142,-1.4700000286102295,-0.035972194600501196,resting,null
7,right,3281.87,1790663639269,8.205282211303711,2.1320810317993164,-0.035893622785806656,-0.07000000029802322,-2.380000114440918,-3.0799999237060547,-1.0010932843805938,descending,null
7,right,3281.879615384615,1790663639269,7.312726974487305,2.333085298538208,0.040679436177015305,-0.07000000029802322,-2.380000114440918,-3.0799999237060547,-1.0211656458975382,descending,null
7,right,3281.889230769231,1790663639269,7.729093074798584,1.957398772239685,-0.0047858161851763725,-0.07000000029802322,-2.380000114440918,-3.0799999237060547,-1.0384702989497334,descending,null
7,right,3281.898846153846,1790663639269,6.688178062438965,1.8640754222869873,0.08375178277492523,-0.07000000029802322,-2.380000114440918,-3.0799999237060547,-1.065604792950332,descending,null
7,right,3281.9084615384613,1790663639269,6.922683238983154,1.7372512817382812,0.05742979422211647,-0.07000000029802322,-2.380000114440918,-3.0799999237060547,-1.09092541787501,descending,null
7,right,3281.918076923077,1790663639269,6.183274745941162,2.045936346054077,0.047858163714408875,-0.07000000029802322,-2.380000114440918,-3.0799999237060547,-1.1221281403977388,descending,null
7,right,3281.9276923076923,1790663639269,6.602033615112305,1.0576653480529785,0.08853759616613388,-0.07000000029802322,-2.380000114440918,-3.0799999237060547,-1.1523272208118265,descending,null
7,right,3281.9373076923075,1790663639269,6.712107181549072,2.292405843734741,-0.0023929080925881863,-0.07000000029802322,-2.380000114440918,-3.0799999237060547,-1.1779240874228942,descending,null
7,left,3177.726,1790663639343,5.924840450286865,5.223718166351318,0.382865309715271,1.5399999618530273,-2.450000047683716,-0.9800000190734863,-0.05823044574980811,resting,null
7,left,3177.7356153846154,1790663639343,5.498902797698975,5.1399664878845215,0.39722275733947754,1.5399999618530273,-2.450000047683716,-0.9800000190734863,-0.08002264768311373,resting,null
7,left,3177.745230769231,1790663639343,4.970069885253906,4.9437479972839355,0.3038993179798126,1.5399999618530273,-2.450000047683716,-0.9800000190734863,-0.10683019923190189,resting,null
7,left,3177.7548461538463,1790663639343,5.482152462005615,4.297662734985352,0.35654330253601074,1.5399999618530273,-2.450000047683716,-0.9800000190734863,-0.134307254064575,resting,null
7,left,3177.7644615384615,1790663639343,5.491724014282227,4.03683614730835,0.31586387753486633,1.5399999618530273,-2.450000047683716,-0.9800000190734863,-0.16343974998223793,descending,null
7,left,3177.7740769230772,1790663639343,4.680528163909912,5.101680278778076,0.3302213251590729,1.5399999618530273,-2.450000047683716,-0.9800000190734863,-0.19115559475371413,descending,null
7,left,3177.7836923076925,1790663639343,5.496510028839111,4.534560680389404,0.37807947397232056,1.5399999618530273,-2.450000047683716,-0.9800000190734863,-0.21690327215739516,descending,null
7,left,3177.7933076923077,1790663639343,4.189981937408447,5.056214809417725,0.27997025847435,1.5399999618530273,-2.450000047683716,-0.9800000190734863,-0.2483423266676567,descending,null
7,right,3281.946,1790663639344,6.6092119216918945,1.0457007884979248,0.0502510704100132,0,-1.190000057220459,-1.6800000667572021,-1.2051716508287658,descending,null
7,right,3281.955615384615,1790663639344,6.618783950805664,2.292405843734741,0.03110780566930771,0,-1.190000057220459,-1.6800000667572021,-1.2316053375260674,descending,null
7,right,3281.965230769231,1790663639344,5.577868938446045,2.1607959270477295,0.07896596938371658,0,-1.190000057220459,-1.6800000667572021,-1.2679565107982869,descending,null
7,right,3281.974846153846,1790663639344,5.745372295379639,2.03157901763916,0.08135887235403061,0,-1.190000057220459,-1.6800000667572021,-1.3031312595747,descending,null
7,right,3281.9844615384613,1790663639344,5.673584938049316,1.5960696935653687,0.06460852175951004,0,-1.190000057220459,-1.6800000667572021,-1.3402033926317123,descending,null
7,right,3281.994076923077,1790663639344,5.463009357452393,1.0289504528045654,0.059822700917720795,0,-1.190000057220459,-1.6800000667572021,-1.3808310033714315,descending,null
7,right,3282.0036923076923,1790663639344,5.489331245422363,1.9526129961013794,0.07657305896282196,0,-1.190000057220459,-1.6800000667572021,-1.418523001139771,descending,null
7,right,3282.0133076923075,1790663639344,4.8097453117370605,1.8856115341186523,0.12443122267723083,0,-1.190000057220459,-1.6800000667572021,-1.4626294590094502,descending,null
7,left,3177.805,1790663639375,5.290719985961914,3.9889779090881348,0.3134709596633911,1.399999976158142,-2.380000114440918,-5.039999961853027,-0.28579253750878064,descending,null
7,left,3177.814615384615,1790663639375,3.486467123031616,4.615919589996338,0.27757734060287476,1.399999976158142,-2.380000114440918,-5.039999961853027,-0.3249837018895192,descending,null
7,left,3177.824230769231,1790663639375,5.35532808303833,3.266319513320923,0.2943277060985565,1.399999976158142,-2.380000114440918,-5.039999961853027,-0.360108581064523,descending,null
7,left,3177.833846153846,1790663639375,4.50584602355957,3.2830698490142822,0.31825676560401917,1.399999976158142,-2.380000114440918,-5.039999961853027,-0.4009918230157959,descending,null
7,left,3177.8434615384613,1790663639375,3.893261432647705,4.725993633270264,0.21536172926425934,1.399999976158142,-2.380000114440918,-5.039999961853027,-0.4365919100407928,descending,null
7,left,3177.853076923077,1790663639375,4.891104221343994,2.7662017345428467,0.23689790070056915,1.399999976158142,-2.380000114440918,-5.039999961853027,-0.47826293721088725,descending,null
7,left,3177.862692307692,1790663639375,3.91479754447937,3.9937636852264404,0.20339718461036682,1.399999976158142,-2.380000114440918,-5.039999961853027,-0.5185380833974589,descending,null
7,left,3177.8723076923075,1790663639375,4.0152997970581055,4.819316864013672,0.15793193876743317,1.399999976158142,-2.380000114440918,-5.039999961853027,-0.5526309508044137,descending,null
7,right,3282.022,1790663639420,5.771694183349609,1.7300724983215332,0.11485958844423294,-0.14000000059604645,-0.9100000262260437,-1.8200000524520874,-1.49493092774909,descending,null
7,right,3282.031615384615,1790663639420,5.00835657119751,1.689393162727356,0.13878867030143738,-0.14000000059604645,-0.9100000262260437,-1.8200000524520874,-1.5377589659787145,descending,null
7,right,3282.041230769231,1790663639420,5.309863090515137,1.995685338973999,0.21775463223457336,-0.14000000059604645,-0.9100000262260437,-1.8200000524520874,-1.5769437932887926,descending,null
7,right,3282.050846153846,1790663639420,6.350778102874756,1.5793193578720093,0.1698964685201645,-0.14000000059604645,-0.9100000262260437,-1.8200000524520874,-1.607783455427207,descending,null
7,right,3282.0604615384614,1790663639420,5.393614768981934,2.0985803604125977,0.22014755010604858,-0.14000000059604645,-0.9100000262260437,-1.8200000524520874,-1.6458681628632101,descending,null
7,right,3282.070076923077,1790663639420,6.606819152832031,2.8427748680114746,0.29672059416770935,-0.14000000059604645,-0.9100000262260437,-1.8200000524520874,-1.670675120098495,descending,null
7,right,3282.0796923076923,1790663639420,6.71928596496582,1.208418607711792,0.2703986167907715,-0.14000000059604645,-0.9100000262260437,-1.8200000524520874,-1.699216921111201,descending,null
7,right,3282.0893076923076,1790663639420,6.865253448486328,2.6178414821624756,0.27997025847435,-0.14000000059604645,-0.9100000262260437,-1.8200000524520874,-1.7222799324231988,descending,null
7,left,3177.884,1790663639446,5.534796237945557,3.4194657802581787,0.20339718461036682,0.14000000059604645,-1.6800000667572021,0.07000000029802322,-0.5925844219740883,descending,null
7,left,3177.8936153846153,1790663639446,5.037071704864502,5.0346784591674805,0.15553902089595795,0.14000000059604645,-1.6800000667572021,0.07000000029802322,-0.6181424373645362,descending,null
7,left,3177.903230769231,1790663639446,5.290719985961914,4.481916904449463,0.2105759084224701,0.14000000059604645,-1.6800000667572021,0.07000000029802322,-0.6455766166579997,descending,null
7,left,3177.912846153846,1790663639446,6.245490074157715,4.615919589996338,0.18425391614437103,0.14000000059604645,-1.6800000667572021,0.07000000029802322,-0.6654946552746914,descending,null
7,left,3177.9224615384614,1790663639446,4.5489182472229,5.836302757263184,0.12443122267723083,0.14000000059604645,-1.6800000667572021,0.07000000029802322,-0.6890814452181092,descending,null
7,left,3177.932076923077,1790663639446,5.637691497802734,4.977248668670654,0.08853759616613388,0.14000000059604645,-1.6800000667572021,0.07000000029802322,-0.7108426322431328,descending,null
7,left,3177.9416923076924,1790663639446,5.321827411651611,4.895889759063721,0.15793193876743317,0.14000000059604645,-1.6800000667572021,0.07000000029802322,-0.7352817831659673,descending,null
7,left,3177.9513076923076,1790663639446,5.6520490646362305,5.745372295379639,0.13878867030143738,0.14000000059604645,-1.6800000667572021,0.07000000029802322,-0.7517869456365474,descending,null
7,right,3282.097,1790663639495,6.604426383972168,1.3831008672714233,0.2823631465435028,-0.8400000333786011,0,0.49000000953674316,-1.745532514591758,descending,null
7,right,3282.1066153846155,1790663639495,6.6714277267456055,1.844932198524475,0.27757734060287476,-0.8400000333786011,0,0.49000000953674316,-1.7726055683624296,descending,null
7,right,3282.116230769231,1790663639495,6.925076007843018,2.7733805179595947,0.29672059416770935,-0.8400000333786011,0,0.49000000953674316,-1.794621353631646,descending,null
7,right,3282.1258461538464,1790663639495,7.927704334259033,2.438373327255249,0.31586387753486633,-0.8400000333786011,0,0.49000000953674316,-1.8084399969872516,descending,null
7,right,3282.1354615384616,1790663639495,8.76761531829834,2.9480626583099365,0.29911351203918457,-0.8400000333786011,0,0.49000000953674316,-1.8130606183478906,descending,null
7,right,3282.1450769230773,1790663639495,8.755650520324707,2.957634449005127,0.30629223585128784,-0.8400000333786011,0,0.49000000953674316,-1.8177544867044,descending,null
7,right,3282.1546923076926,1790663639495,8.872902870178223,2.577162027359009,0.26800569891929626,-0.8400000333786011,0,0.49000000953674316,-1.8224728328309205,descending,null
7,right,3282.164307692308,1790663639495,8.561824798583984,2.907383441925049,0.2010042816400528,-0.8400000333786011,0,0.49000000953674316,-1.8290414348055546,descending,null
7,left,3177.964,1790663639522,7.092579364776611,5.4342942237854,0.19861137866973877,-0.07000000029802322,-1.399999976158142,-3.430000066757202,-0.7630508654656578,descending,null
7,left,3177.973615384615,1790663639522,7.066257476806641,6.441708564758301,0.17707519233226776,-0.07000000029802322,-1.399999976158142,-3.430000066757202,-0.7650889541671814,descending,null
7,left,3177.983230769231,1790663639522,7.059078693389893,6.618783950805664,0.22014755010604858,-0.07000000029802322,-1.399999976158142,-3.430000066757202,-0.7659783911947613,descending,null
7,left,3177.992846153846,1790663639522,7.425193786621094,5.592226028442383,0.25843408703804016,-0.07000000029802322,-1.399999976158142,-3.430000066757202,-0.771099479335376,descending,null
7,left,3178.0024615384614,1790663639522,6.527853488922119,6.616390705108643,0.22014755010604858,-0.07000000029802322,-1.399999976158142,-3.430000066757202,-0.7756852185722786,descending,null
7,left,3178.012076923077,1790663639522,6.604426383972168,5.690335273742676,0.284756064414978,-0.07000000029802322,-1.399999976158142,-3.430000066757202,-0.7858466181706751,descending,null
7,left,3178.0216923076923,1790663639522,6.745607852935791,5.273969650268555,0.31586387753486633,-0.07000000029802322,-1.399999976158142,-3.430000066757202,-0.797756434623302,descending,null
7,left,3178.0313076923076,1790663639522,6.546996593475342,4.993999004364014,0.27518442273139954,-0.07000000029802322,-1.399999976158142,-3.430000066757202,-0.8129005328707816,descending,null
7,right,3282.174,1790663639569,8.588147163391113,2.720736503601074,0.10528795421123505,-1.399999976158142,-0.9100000262260437,-6.720000267028809,-1.8359403597622774,descending,null
7,right,3282.183615384615,1790663639569,8.176567077636719,1.8880045413970947,0.1316099464893341,-1.399999976158142,-0.9100000262260437,-6.720000267028809,-1.8489997524521475,descending,null
7,right,3282.193230769231,1790663639569,8.346463203430176,2.2086541652679443,0.12443122267723083,-1.399999976158142,-0.9100000262260437,-6.720000267028809,-1.859550156076688,descending,null
7,right,3282.202846153846,1790663639569,8.533110618591309,2.1655819416046143,0.16511066257953644,-1.399999976158142,-0.9100000262260437,-6.720000267028809,-1.8685200815826257,descending,null
7,right,3282.2124615384614,1790663639569,8.612075805664062,3.345285415649414,0.2321120798587799,-1.399999976158142,-0.9100000262260437,-6.720000267028809,-1.873294982857285,descending,null
7,right,3282.222076923077,1790663639569,9.057157516479492,2.4072654247283936,0.29911351203918457,-1.399999976158142,-0.9100000262260437,-6.720000267028809,-1.876786017742468,descending,null
7,right,3282.2316923076924,1790663639569,8.198102951049805,3.393143653869629,0.27757734060287476,-1.399999976158142,-0.9100000262260437,-6.720000267028809,-1.8851837130543887,descending,null
7,right,3282.2413076923076,1790663639569,8.475680351257324,2.4981961250305176,0.2512553632259369,-1.399999976158142,-0.9100000262260437,-6.720000267028809,-1.8937038590040782,descending,null
7,left,3178.044,1790663639611,6.616390705108643,6.530246257781982,0.2225404530763626,0.9800000190734863,-2.870000123977661,3.2200000286102295,-0.818866731343833,descending,null
7,left,3178.053615384615,1790663639611,7.365371227264404,5.470187664031982,0.24407662451267242,0.9800000190734863,-2.870000123977661,3.2200000286102295,-0.8251445150831431,descending,null
7,left,3178.063230769231,1790663639611,6.353170871734619,6.898754119873047,0.12682412564754486,0.9800000190734863,-2.870000123977661,3.2200000286102295,-0.8290972480559458,descending,null
7,left,3178.072846153846,1790663639611,6.056450366973877,6.865253448486328,0.23929080367088318,0.9800000190734863,-2.870000123977661,3.2200000286102295,-0.8352825222170642,descending,null
7,left,3178.0824615384613,1790663639611,6.95379114151001,5.441473007202148,0.24407662451267242,0.9800000190734863,-2.870000123977661,3.2200000286102295,-0.8446113781073862,descending,null
7,left,3178.092076923077,1790663639611,6.4321370124816895,6.908325672149658,0.14836029708385468,0.9800000190734863,-2.870000123977661,3.2200000286102295,-0.8479267961250303,descending,null
7,left,3178.1016923076922,1790663639611,7.367763996124268,6.398636341094971,0.17946811020374298,0.9800000190734863,-2.870000123977661,3.2200000286102295,-0.8480623711003655,descending,null
7,left,3178.1113076923075,1790663639611,7.781737327575684,6.95379114151001,0.1722893863916397,0.9800000190734863,-2.870000123977661,3.2200000286102295,-0.8416418378569157,descending,null
7,right,3282.25,1790663639644,8.521145820617676,1.622391700744629,0.24407662451267242,-1.6100000143051147,-0.14000000059604645,-4.130000114440918,-1.903381324060819,descending,null
7,right,3282.2596153846152,1790663639644,8.492430686950684,3.309391975402832,0.30868515372276306,-1.6100000143051147,-0.14000000059604645,-4.130000114440918,-1.9093140123925907,descending,null
7,right,3282.269230769231,1790663639644,9.710420608520508,1.7276796102523804,0.24407662451267242,-1.6100000143051147,-0.14000000059604645,-4.130000114440918,-1.908836715929066,descending,null
7,right,3282.278846153846,1790663639644,9.04519271850586,3.1036016941070557,0.3110780417919159,-1.6100000143051147,-0.14000000059604645,-4.130000114440918,-1.9103282759611804,descending,null
7,right,3282.2884615384614,1790663639644,10.272754669189453,2.9456698894500732,0.3445787727832794,-1.6100000143051147,-0.14000000059604645,-4.130000114440918,-1.9010827639952794,descending,null
7,right,3282.298076923077,1790663639644,9.356270790100098,3.3261423110961914,0.4211518168449402,-1.6100000143051147,-0.14000000059604645,-4.130000114440918,-1.8990710376238022,descending,null
7,right,3282.3076923076924,1790663639644,10.433079719543457,2.6585209369659424,0.35893622040748596,-1.6100000143051147,-0.14000000059604645,-4.130000114440918,-1.8892219510857635,descending,null
7,right,3282.3173076923076,1790663639644,9.786993980407715,3.462538003921509,0.37807947397232056,-1.6100000143051147,-0.14000000059604645,-4.130000114440918,-1.8828565272600857,descending,null
7,left,3178.123,1790663639686,7.62141227722168,6.8820037841796875,0.06700142472982407,-0.6299999952316284,-3.2899999618530273,-2.0299999713897705,-0.8358131789825666,descending,null
7,left,3178.1326153846153,1790663639686,7.973169803619385,7.310334205627441,0.09810923039913177,-0.6299999952316284,-3.2899999618530273,-2.0299999713897705,-0.8257285735901748,descending,null
7,left,3178.142230769231,1790663639686,7.640555381774902,6.982505798339844,0.09571632742881775,-0.6299999952316284,-3.2899999618530273,-2.0299999713897705,-0.8201302906868752,descending,null
7,left,3178.1518461538462,1790663639686,7.487409591674805,7.733879089355469,0.10528795421123505,-0.6299999952316284,-3.2899999618530273,-2.0299999713897705,-0.8106572684312133,descending,null
7,left,3178.1614615384615,1790663639686,6.85807466506958,6.850895881652832,0.1722893863916397,-0.6299999952316284,-3.2899999618530273,-2.0299999713897705,-0.8113795399800282,descending,null
7,left,3178.171076923077,1790663639686,8.021027565002441,6.867646217346191,0.14836029708385468,-0.6299999952316284,-3.2899999618530273,-2.0299999713897705,-0.8038683816775611,descending,null
7,left,3178.1806923076924,1790663639686,6.673820495605469,7.238546848297119,0.1005021408200264,-0.6299999952316284,-3.2899999618530273,-2.0299999713897705,-0.803335193447758,descending,null
7,left,3178.1903076923077,1790663639686,8.241175651550293,6.69296407699585,0.08614469319581985,-0.6299999952316284,-3.2899999618530273,-2.0299999713897705,-0.7954576786169094,descending,null
7,right,3282.326,1790663639749,10.739371299743652,2.601091146469116,0.31825676560401917,-2.450000047683716,0.21000000834465027,0.2800000011920929,-1.8715736909768341,descending,null
7,right,3282.3356153846153,1790663639749,9.751100540161133,3.0389933586120605,0.3421858549118042,-2.450000047683716,0.21000000834465027,0.2800000011920929,-1.8668038302050447,descending,null
7,right,3282.345230769231,1790663639749,10.019105911254883,4.000942230224609,0.40918728709220886,-2.450000047683716,0.21000000834465027,0.2800000011920929,-1.8566999363649326,descending,null
7,right,3282.354846153846,1790663639749,9.995177268981934,2.993528127670288,0.4307234585285187,-2.450000047683716,0.21000000834465027,0.2800000011920929,-1.8498406919125057,descending,null
7,right,3282.3644615384615,1790663639749,10.26078987121582,3.962655782699585,0.37568655610084534,-2.450000047683716,0.21000000834465027,0.2800000011920929,-1.837638140631967,descending,null
7,right,3282.374076923077,1790663639749,10.368471145629883,2.5269110202789307,0.3709007501602173,-2.450000047683716,0.21000000834465027,0.2800000011920929,-1.8287645931144731,descending,null
7,right,3282.3836923076924,1790663639749,10.263182640075684,3.694650173187256,0.3804723918437958,-2.450000047683716,0.21000000834465027,0.2800000011920929,-1.8173504351358938,descending,null
7,right,3282.3933076923076,1790663639749,10.715442657470703,2.6298060417175293,0.339792937040329,-2.450000047683716,0.21000000834465027,0.2800000011920929,-1.804994243002993,descending,null
7,left,3178.202,1790663639762,7.731485843658447,6.8748250007629395,0.1411815732717514,-0.2800000011920929,-4.409999847412109,-6.440000057220459,-0.7887361566196196,descending,null
7,left,3178.2116153846155,1790663639762,7.40365743637085,7.623805046081543,0.17707519233226776,-0.2800000011920929,-4.409999847412109,-6.440000057220459,-0.7805478386513325,descending,null
7,left,3178.221230769231,1790663639762,6.920289993286133,6.9178972244262695,0.10289505124092102,-0.2800000011920929,-4.409999847412109,-6.440000057220459,-0.7804086547365432,descending,null
7,left,3178.2308461538464,1790663639762,7.989920139312744,5.752551078796387,0.1005021408200264,-0.2800000011920929,-4.409999847412109,-6.440000057220459,-0.7805399930807346,descending,null
7,left,3178.2404615384617,1790663639762,6.752786636352539,7.245725631713867,-0.007178724277764559,-0.2800000011920929,-4.409999847412109,-6.440000057220459,-0.7794025327931918,descending,null
7,left,3178.2500769230774,1790663639762,7.4228010177612305,7.975562572479248,-0.06460852175951004,-0.2800000011920929,-4.409999847412109,-6.440000057220459,-0.7687577713630238,descending,null
7,left,3178.2596923076926,1790663639762,7.652520179748535,7.480230808258057,-0.047858163714408875,-0.2800000011920929,-4.409999847412109,-6.440000057220459,-0.7598172619550508,descending,null
7,left,3178.269307692308,1790663639762,7.4586944580078125,8.896832466125488,-0.007178724277764559,-0.2800000011920929,-4.409999847412109,-6.440000057220459,-0.742729120831041,descending,null
7,right,3282.401,1790663639839,10.52879524230957,2.9049904346466064,0.4044014811515808,-2.799999952316284,-1.399999976158142,-3.8499999046325684,-1.7958156442831879,descending,null
7,right,3282.410615384615,1790663639839,11.004983901977539,4.091872692108154,0.4522596299648285,-2.799999952316284,-1.399999976158142,-3.8499999046325684,-1.7764436155969556,descending,null
7,right,3282.420230769231,1790663639839,11.160523414611816,3.077279806137085,0.5240468978881836,-2.799999952316284,-1.399999976158142,-3.8499999046325684,-1.7586972264418308,descending,null
7,right,3282.429846153846,1790663639839,11.557745933532715,3.570218801498413,0.4833674430847168,-2.799999952316284,-1.399999976158142,-3.8499999046325684,-1.7358504668488377,descending,null
7,right,3282.4394615384613,1790663639839,11.129415512084961,3.8454031944274902,0.521653950214386,-2.799999952316284,-1.399999976158142,-3.8499999046325684,-1.7160929404671645,descending,null
7,right,3282.449076923077,1790663639839,12.38808536529541,3.4314301013946533,0.4714028835296631,-2.799999952316284,-1.399999976158142,-3.8499999046325684,-1.6861061112738496,descending,null
7,right,3282.458692307692,1790663639839,11.110272407531738,3.3285350799560547,0.48576033115386963,-2.799999952316284,-1.399999976158142,-3.8499999046325684,-1.6680994959605846,descending,null
7,right,3282.4683076923075,1790663639839,12.75180721282959,3.5319323539733887,0.5360113978385925,-2.799999952316284,-1.399999976158142,-3.8499999046325684,-1.634509072145703,descending,null
7,right,3282.477,1790663639885,12.416800498962402,3.864546537399292,0.5575475692749023,-2.799999952316284,-2.0299999713897705,1.5399999618530273,-1.6060124482809763,descending,null
7,right,3282.486615384615,1790663639885,12.770950317382812,3.555861473083496,0.5240468978881836,-2.799999952316284,-2.0299999713897705,1.5399999618530273,-1.5722040311735392,descending,null
7,right,3282.496230769231,1790663639885,11.847288131713867,4.424487113952637,0.4642241597175598,-2.799999952316284,-2.0299999713897705,1.5399999618530273,-1.54422008022384,descending,null
7,right,3282.505846153846,1790663639885,12.050684928894043,3.251962184906006,0.35893622040748596,-2.799999952316284,-2.0299999713897705,1.5399999618530273,-1.5179269824125885,descending,null
7,right,3282.5154615384613,1790663639885,11.974112510681152,4.436451435089111,0.32543548941612244,-2.799999952316284,-2.0299999713897705,1.5399999618530273,-1.48878271757486,descending,null
7,right,3282.525076923077,1790663639885,11.715678215026855,3.374000310897827,0.2703986167907715,-2.799999952316284,-2.0299999713897705,1.5399999618530273,-1.4652079145631833,descending,null
7,right,3282.5346923076922,1790663639885,11.878396034240723,4.144516944885254,0.19382555782794952,-2.799999952316284,-2.0299999713897705,1.5399999618530273,-1.4378506109965188,descending,null
7,right,3282.5443076923075,1790663639885,12.155973434448242,3.8765110969543457,0.10289505124092102,-2.799999952316284,-2.0299999713897705,1.5399999618530273,-1.4087836835860648,descending,null
7,left,3178.281,1790663639897,7.982741355895996,7.920525550842285,0.035893622785806656,-2.7300000190734863,-3.009999990463257,0.9800000190734863,-0.7254982277705614,descending,null
7,left,3178.290615384615,1790663639897,7.891810894012451,8.250746726989746,0.03828652948141098,-2.7300000190734863,-3.009999990463257,0.9800000190734863,-0.7097422978127168,descending,null
7,left,3178.300230769231,1790663639897,7.097365379333496,8.827438354492188,-0.02632198855280876,-2.7300000190734863,-3.009999990463257,0.9800000190734863,-0.6955766406702577,descending,null
7,left,3178.309846153846,1790663639897,8.310569763183594,8.528324127197266,0.07418014854192734,-2.7300000190734863,-3.009999990463257,0.9800000190734863,-0.6750768814398234,descending,null
7,left,3178.3194615384614,1790663639897,8.533110618591309,8.645576477050781,0.03350071236491203,-2.7300000190734863,-3.009999990463257,0.9800000190734863,-0.6522734351979677,descending,null
7,left,3178.329076923077,1790663639897,7.681234836578369,8.813080787658691,0.07178724557161331,-2.7300000190734863,-3.009999990463257,0.9800000190734863,-0.6341676036787496,descending,null
7,left,3178.3386923076923,1790663639897,8.887260437011719,8.155031204223633,0.20339718461036682,-2.7300000190734863,-3.009999990463257,0.9800000190734863,-0.6122424622646451,descending,null
7,left,3178.3483076923076,1790663639897,8.49960994720459,8.59293270111084,0.27997025847435,-2.7300000190734863,-3.009999990463257,0.9800000190734863,-0.5900213290916112,descending,null
7,left,3178.36,1790663639926,7.836773872375488,8.535503387451172,0.2823631465435028,-3.009999990463257,-1.6800000667572021,-1.3300000429153442,-0.5689855699485036,descending,null
7,left,3178.3696153846154,1790663639926,8.248353958129883,8.57618236541748,0.35893622040748596,-3.009999990463257,-1.6800000667572021,-1.3300000429153442,-0.5485928970730019,descending,null
7,left,3178.379230769231,1790663639926,9.150480270385742,9.40173625946045,0.44747382402420044,-3.009999990463257,-1.6800000667572021,-1.3300000429153442,-0.5164549489276141,descending,null
7,left,3178.3888461538463,1790663639926,9.674527168273926,9.030835151672363,0.7394086122512817,-3.009999990463257,-1.6800000667572021,-1.3300000429153442,-0.48323062315332527,descending,null
7,left,3178.3984615384616,1790663639926,6.958576679229736,11.016948699951172,0.4761887192726135,-3.009999990463257,-1.6800000667572021,-1.3300000429153442,-0.4551017572126476,descending,null
7,left,3178.4080769230773,1790663639926,8.994941711425781,7.312726974487305,0.8494823575019836,-3.009999990463257,-1.6800000667572021,-1.3300000429153442,-0.43814471006119243,descending,null
7,left,3178.4176923076925,1790663639926,8.102386474609375,9.01169204711914,0.6604426503181458,-3.009999990463257,-1.6800000667572021,-1.3300000429153442,-0.41579794971910716,descending,null
7,left,3178.4273076923077,1790663639926,8.339284896850586,8.236390113830566,0.7011220455169678,-3.009999990463257,-1.6800000667572021,-1.3300000429153442,-0.39709147064858163,descending,null
7,right,3282.553,1790663639945,13.278246879577637,3.02942156791687,-0.009571632370352745,-1.5399999618530273,-4.269999980926514,-8.050000190734863,-1.3755613731229457,descending,null
7,right,3282.562615384615,1790663639945,11.840108871459961,4.381414890289307,-0.10768086463212967,-1.5399999618530273,-4.269999980926514,-8.050000190734863,-1.3478928396638965,descending,null
7,right,3282.572230769231,1790663639945,12.47422981262207,2.7997024059295654,-0.17707519233226776,-1.5399999618530273,-4.269999980926514,-8.050000190734863,-1.3192390142957693,descending,null
7,right,3282.581846153846,1790663639945,10.500081062316895,5.175860404968262,-0.13400284945964813,-1.5399999618530273,-4.269999980926514,-8.050000190734863,-1.3013704248653923,descending,null
7,right,3282.5914615384613,1790663639945,11.208381652832031,4.321591854095459,-0.13639576733112335,-1.5399999618530273,-4.269999980926514,-8.050000190734863,-1.2796469991229933,descending,null
7,right,3282.601076923077,1790663639945,11.222739219665527,2.943276882171631,-0.10768086463212967,-1.5399999618530273,-4.269999980926514,-8.050000190734863,-1.262044817252013,descending,null
7,right,3282.6106923076923,1790663639945,9.73195743560791,3.7185792922973633,-0.021536173298954964,-1.5399999618530273,-4.269999980926514,-8.050000190734863,-1.2556252852111962,descending,null
7,right,3282.6203076923075,1790663639945,11.038484573364258,3.8119025230407715,-0.09571632742881775,-1.5399999618530273,-4.269999980926514,-8.050000190734863,-1.2370346058347204,descending,null
7,left,3178.44,1790663640002,9.286876678466797,7.298369884490967,0.6221560835838318,-2.240000009536743,-1.190000057220459,-2.380000114440918,-0.3722775907493724,descending,null
7,left,3178.4496153846153,1790663640002,7.863095760345459,8.781972885131836,0.5599405169487,-2.240000009536743,-1.190000057220459,-2.380000114440918,-0.35315479510965253,descending,null
7,left,3178.459230769231,1790663640002,9.064335823059082,8.109565734863281,0.5814766883850098,-2.240000009536743,-1.190000057220459,-2.380000114440918,-0.3304096623124597,descending,null
7,left,3178.4688461538462,1790663640002,9.794173240661621,8.547467231750488,0.6221560835838318,-2.240000009536743,-1.190000057220459,-2.380000114440918,-0.2997297746957989,descending,null
7,left,3178.4784615384615,1790663640002,8.317748069763184,10.203360557556152,0.509689450263977,-2.240000009536743,-1.190000057220459,-2.380000114440918,-0.2679205325876336,descending,null
7,left,3178.488076923077,1790663640002,9.621883392333984,7.961205005645752,0.6843717098236084,-2.240000009536743,-1.190000057220459,-2.380000114440918,-0.24239046393475366,descending,null
7,left,3178.4976923076924,1790663640002,8.214853286743164,8.975798606872559,0.5072965025901794,-2.240000009536743,-1.190000057220459,-2.380000114440918,-0.2196238225219277,descending,null
7,left,3178.5073076923077,1790663640002,7.0854010581970215,8.406286239624023,0.6030128598213196,-2.240000009536743,-1.190000057220459,-2.380000114440918,-0.208373611895387,descending,null
7,right,3282.63,1790663640034,12.132043838500977,2.7733805179595947,-0.047858163714408875,-1.6800000667572021,-3.990000009536743,-4.760000228881836,-1.2115407179436861,descending,null
7,right,3282.6396153846154,1790663640034,11.600818634033203,4.6015625,-0.03350071236491203,-1.6800000667572021,-3.990000009536743,-4.760000228881836,-1.1853855772722857,descending,null
7,right,3282.649230769231,1790663640034,11.607996940612793,3.3907508850097656,-0.07178724557161331,-1.6800000667572021,-3.990000009536743,-4.760000228881836,-1.1629696424288565,descending,null
7,right,3282.6588461538463,1790663640034,11.627140045166016,3.448180675506592,-0.07418014854192734,-1.6800000667572021,-3.990000009536743,-4.760000228881836,-1.140205076010288,descending,null
7,right,3282.6684615384615,1790663640034,10.787229537963867,4.606348037719727,-0.03350071236491203,-1.6800000667572021,-3.990000009536743,-4.760000228881836,-1.121456102741484,descending,null
7,right,3282.6780769230772,1790663640034,10.602975845336914,3.6635422706604004,-0.02632198855280876,-1.6800000667572021,-3.990000009536743,-4.760000228881836,-1.1073522437591297,descending,null
7,right,3282.6876923076925,1790663640034,10.447436332702637,3.6276485919952393,-0.0502510704100132,-1.6800000667572021,-3.990000009536743,-4.760000228881836,-1.094779749625811,descending,null
7,right,3282.6973076923077,1790663640034,11.593639373779297,4.280912399291992,-0.03350071236491203,-1.6800000667572021,-3.990000009536743,-4.760000228881836,-1.069741096701461,descending,null
7,left,3178.519,1790663640077,8.494823455810547,8.217246055603027,0.6269419193267822,-1.399999976158142,-1.3300000429153442,-10.850000381469727,-0.18461834135555075,descending,null
7,left,3178.528615384615,1790663640077,8.894439697265625,8.743685722351074,0.6125844717025757,-1.399999976158142,-1.3300000429153442,-10.850000381469727,-0.15880106006550873,descending,null
7,left,3178.5382307692307,1790663640077,7.949240684509277,9.806137084960938,0.461831271648407,-1.399999976158142,-1.3300000429153442,-10.850000381469727,-0.13215218352371969,descending,null
7,left,3178.547846153846,1790663640077,8.375178337097168,7.78652286529541,0.42833054065704346,-1.399999976158142,-1.3300000429153442,-10.850000381469727,-0.11646343386649682,descending,null
7,left,3178.557461538461,1790663640077,8.396714210510254,7.432372570037842,0.4809745252132416,-1.399999976158142,-1.3300000429153442,-10.850000381469727,-0.10304419606362668,descending,null
7,left,3178.567076923077,1790663640077,7.552018165588379,7.633376598358154,0.46661707758903503,-1.399999976158142,-1.3300000429153442,-10.850000381469727,-0.0939580588562215,descending,null
7,left,3178.576692307692,1790663640077,7.020792484283447,8.435001373291016,0.339792937040329,-1.399999976158142,-1.3300000429153442,-10.850000381469727,-0.08296721383157234,descending,null
7,left,3178.5863076923074,1790663640077,7.898989677429199,6.9609694480896,0.5025107264518738,-1.399999976158142,-1.3300000429153442,-10.850000381469727,-0.07617652710653212,descending,null
7,left,3178.598,1790663640167,7.305548191070557,8.265104293823242,0.29911351203918457,-1.75,-1.5399999618530273,4.409999847412109,-0.061925970733126036,descending,null
7,left,3178.607615384615,1790663640167,6.599640369415283,7.532874584197998,0.3421858549118042,-1.75,-1.5399999618530273,4.409999847412109,-0.059964621512794476,descending,null
7,left,3178.617230769231,1790663640167,8.624040603637695,6.628355503082275,0.47858160734176636,-1.75,-1.5399999618530273,4.409999847412109,-0.05061268300737529,descending,null
7,left,3178.626846153846,1790663640167,7.937276363372803,8.545074462890625,0.3350071310997009,-1.75,-1.5399999618530273,4.409999847412109,-0.0327352528863791,descending,null
7,left,3178.6364615384614,1790663640167,7.60466194152832,8.344070434570312,0.23689790070056915,-1.75,-1.5399999618530273,4.409999847412109,-0.018503358158191312,resting,null
7,left,3178.646076923077,1790663640167,7.580732822418213,7.5568037033081055,0.2105759084224701,-1.75,-1.5399999618530273,4.409999847412109,-0.009865758486954907,resting,null
7,left,3178.6556923076923,1790663640167,6.99686336517334,7.688413619995117,0.16750356554985046,-1.75,-1.5399999618530273,4.409999847412109,-0.004253080240870656,resting,null
7,left,3178.6653076923076,1790663640167,7.877453327178955,6.975327014923096,0.13639576733112335,-1.75,-1.5399999618530273,4.409999847412109,0.0023637171242489336,resting,null
7,right,3282.705,1790663640169,11.294526100158691,3.6850783824920654,-0.009571632370352745,-1.6800000667572021,-3.640000104904175,-5.53000020980835,-1.0534055821231418,descending,null
7,right,3282.714615384615,1790663640169,10.748943328857422,4.4268798828125,0.03350071236491203,-1.6800000667572021,-3.640000104904175,-5.53000020980835,-1.0355731843917344,descending,null
7,right,3282.724230769231,1790663640169,10.301469802856445,3.948298454284668,-0.014357448555529118,-1.6800000667572021,-3.640000104904175,-5.53000020980835,-1.023327058492319,descending,null
7,right,3282.733846153846,1790663640169,10.045428276062012,4.290484428405762,0.08375178277492523,-1.6800000667572021,-3.640000104904175,-5.53000020980835,-1.012288159929922,descending,null
7,right,3282.7434615384614,1790663640169,10.057393074035645,3.9243693351745605,0.07657305896282196,-1.6800000667572021,-3.640000104904175,-5.53000020980835,-1.0023301238257611,descending,null
7,right,3282.753076923077,1790663640169,11.261025428771973,2.9552414417266846,0.07418014854192734,-1.6800000667572021,-3.640000104904175,-5.53000020980835,-0.9846676918580591,descending,null
7,right,3282.7626923076923,1790663640169,9.753493309020996,3.919583559036255,0.13400284945964813,-1.6800000667572021,-3.640000104904175,-5.53000020980835,-0.9774821643206998,descending,null
7,right,3282.7723076923075,1790663640169,9.138516426086426,4.175624847412109,0.14357449114322662,-1.6800000667572021,-3.640000104904175,-5.53000020980835,-0.9749911009551279,descending,null
7,right,3282.781,1790663640184,10.457008361816406,3.0677082538604736,0.0502510704100132,-0.3499999940395355,-3.569999933242798,-2.1700000762939453,-0.9652942978294892,descending,null
7,right,3282.790615384615,1790663640184,9.868352890014648,5.2165398597717285,0.24407662451267242,-0.3499999940395355,-3.569999933242798,-2.1700000762939453,-0.9527699990183492,descending,null
7,right,3282.800230769231,1790663640184,10.437865257263184,3.7975451946258545,0.2321120798587799,-0.3499999940395355,-3.569999933242798,-2.1700000762939453,-0.9398265228332011,descending,null
7,right,3282.809846153846,1790663640184,10.483330726623535,2.859525203704834,0.2321120798587799,-0.3499999940395355,-3.569999933242798,-2.1700000762939453,-0.929584317773276,descending,null
7,right,3282.8194615384614,1790663640184,10.16507339477539,4.556097030639648,0.26561281085014343,-0.3499999940395355,-3.569999933242798,-2.1700000762939453,-0.9165877317975941,descending,null
7,right,3282.829076923077,1790663640184,9.578810691833496,4.0583720207214355,0.3326142132282257,-0.3499999940395355,-3.569999933242798,-2.1700000762939453,-0.9105339003516559,descending,null
7,right,3282.8386923076923,1790663640184,10.787229537963867,3.1371026039123535,0.2536482512950897,-0.3499999940395355,-3.569999933242798,-2.1700000762939453,-0.8966614171290836,descending,null
7,right,3282.8483076923076,1790663640184,9.693670272827148,3.5175747871398926,0.18664683401584625,-0.3499999940395355,-3.569999933242798,-2.1700000762939453,-0.8913812778082107,descending,null
7,left,3178.677,1790663640242,8.14306640625,6.470423698425293,0.2512553632259369,-0.7699999809265137,-0.6299999952316284,-3.3600001335144043,0.008424183596822156,resting,null
7,left,3178.6866153846154,1790663640242,6.1976318359375,7.961205005645752,0.12921704351902008,-0.7699999809265137,-0.6299999952316284,-3.3600001335144043,0.010518815294361253,resting,null
7,left,3178.696230769231,1790663640242,8.107172966003418,6.305312633514404,0.31825676560401917,-0.7699999809265137,-0.6299999952316284,-3.3600001335144043,0.014129554997527188,resting,null
7,left,3178.7058461538463,1790663640242,7.590304374694824,7.731485843658447,0.38765111565589905,-0.7699999809265137,-0.6299999952316284,-3.3600001335144043,0.024066451125012888,resting,null
7,left,3178.7154615384616,1790663640242,6.535031795501709,7.863095760345459,0.35654330253601074,-0.7699999809265137,-0.6299999952316284,-3.3600001335144043,0.02781917527352073,resting,null
7,left,3178.7250769230773,1790663640242,8.04734992980957,6.2359185218811035,0.4546525478363037,-0.7699999809265137,-0.6299999952316284,-3.3600001335144043,0.03056139078409674,resting,null
7,left,3178.7346923076925,1790663640242,7.176331520080566,7.104544162750244,0.3445787727832794,-0.7699999809265137,-0.6299999952316284,-3.3600001335144043,0.03339329999019744,resting,null
7,left,3178.7443076923078,1790663640242,7.171545505523682,7.090186595916748,0.39961564540863037,-0.7699999809265137,-0.6299999952316284,-3.3600001335144043,0.036111200426990384,resting,null
7,right,3282.857,1790663640259,9.437629699707031,3.6850783824920654,0.12921704351902008,0.07000000029802322,-4.269999980926514,-1.6800000667572021,-0.8881877501182198,descending,null
7,right,3282.866615384615,1790663640259,9.437629699707031,3.3213565349578857,0.08614469319581985,0.07000000029802322,-4.269999980926514,-1.6800000667572021,-0.885869632819555,descending,null
7,right,3282.876230769231,1790663640259,10.234467506408691,4.300055980682373,0.08614469319581985,0.07000000029802322,-4.269999980926514,-1.6800000667572021,-0.873097648072724,descending,null
7,right,3282.885846153846,1790663640259,9.74870777130127,2.8906328678131104,0.07657305896282196,0.07000000029802322,-4.269999980926514,-1.6800000667572021,-0.8694225809687957,descending,null
7,right,3282.8954615384614,1790663640259,9.389771461486816,3.462538003921509,0.09332341700792313,0.07000000029802322,-4.269999980926514,-1.6800000667572021,-0.867074334471856,descending,null
7,right,3282.905076923077,1790663640259,10.160287857055664,3.555861473083496,0.17946811020374298,0.07000000029802322,-4.269999980926514,-1.6800000667572021,-0.8574720438784332,descending,null
7,right,3282.9146923076923,1790663640259,25.436613082885742,10.574260711669922,0.21775463223457336,0.07000000029802322,-4.269999980926514,-1.6800000667572021,-0.6867767641919741,descending,null
7,right,3282.9243076923076,1790663640259,18.55939483642578,6.824573993682861,0.09810923039913177,0.07000000029802322,-4.269999980926514,-1.6800000667572021,-0.5906549117900816,descending,null
7,left,3178.756,1790663640316,1.5697476863861084,2.0626866817474365,0.17468228936195374,-1.75,-0.6299999952316284,4.199999809265137,-0.048408252395066416,resting,null
7,left,3178.765615384615,1790663640316,4.938962459564209,4.099051475524902,-0.12921704351902008,-1.75,-0.6299999952316284,4.199999809265137,-0.0813288381286207,resting,null
7,left,3178.775230769231,1790663640316,1.6917860507965088,1.4429235458374023,0.18903973698616028,-1.75,-0.6299999952316284,4.199999809265137,-0.15420219745497563,resting,null
7,left,3178.784846153846,1790663640316,24.83838653564453,37.61412048339844,15.367256164550781,-1.75,-0.6299999952316284,4.199999809265137,0.1810301362531255,resting,null
7,left,3178.7944615384613,1790663640316,78.29116821289062,-4.362271308898926,47.28865051269531,-1.75,-0.6299999952316284,4.199999809265137,0.6000375858165442,resting,null
7,left,3178.804076923077,1790663640316,-12.120079040527344,-18.542644500732422,-14.075085639953613,-1.75,-0.6299999952316284,4.199999809265137,0.2927120424025712,resting,null
7,left,3178.8136923076922,1790663640316,-8.406286239624023,-11.13898754119873,-8.525931358337402,-1.75,-0.6299999952316284,4.199999809265137,0.06286969550140135,resting,null
7,left,3178.8233076923075,1790663640316,-11.375885009765625,-62.67983627319336,-15.831480026245117,-1.75,-0.6299999952316284,4.199999809265137,-0.5405302594158873,resting,null
7,right,3282.933,1790663640334,15.331361770629883,5.841088771820068,0.4761887192726135,3.009999990463257,-9.65999984741211,-2.0299999713897705,-0.5330868504484428,descending,null
7,right,3282.9426153846152,1790663640334,11.356741905212402,3.4816813468933105,0.0502510704100132,3.009999990463257,-9.65999984741211,-2.0299999713897705,-0.5131041970194354,descending,null
7,right,3282.952230769231,1790663640334,-5.046643257141113,5.393614768981934,-8.915975570678711,3.009999990463257,-9.65999984741211,-2.0299999713897705,-0.6337222042290369,descending,null
7,right,3282.961846153846,1790663640334,-6.726464748382568,6.41538667678833,9.181588172912598,3.009999990463257,-9.65999984741211,-2.0299999713897705,-0.7678530108065248,descending,null
7,right,3282.9714615384614,1790663640334,-20.768049240112305,-25.087247848510742,-32.89530944824219,3.009999990463257,-9.65999984741211,-2.0299999713897705,-1.1285536713577107,descending,null
7,right,3282.981076923077,1790663640334,22.43829917907715,18.025775909423828,-6.951397895812988,3.009999990463257,-9.65999984741211,-2.0299999713897705,-0.9587869477400303,descending,null
7,right,3282.9906923076924,1790663640334,-15.872159004211426,-0.7202653288841248,-12.46705150604248,3.009999990463257,-9.65999984741211,-2.0299999713897705,-1.1959336165737502,descending,null
7,right,3283.0003076923076,1790663640334,17.738628387451172,-5.845874309539795,8.016242027282715,3.009999990463257,-9.65999984741211,-2.0299999713897705,-1.150906890136706,descending,null
7,right,3283.008,1790663640424,17.78887939453125,-2.823631525039673,-2.6441633701324463,7.070000171661377,-17.850000381469727,-33.11000061035156,-1.1051759175619076,descending,null
7,right,3283.017615384615,1790663640424,6.149773597717285,7.418015003204346,-0.952377438545227,7.070000171661377,-17.850000381469727,-33.11000061035156,-1.1178768624489896,descending,null
7,right,3283.0272307692308,1790663640424,18.980546951293945,-1.799466848373413,0.9547703266143799,7.070000171661377,-17.850000381469727,-33.11000061035156,-1.0484216563814712,descending,null
7,right,3283.036846153846,1790663640424,15.795586585998535,13.18492317199707,2.1033661365509033,7.070000171661377,-17.850000381469727,-33.11000061035156,-0.9549256540691935,descending,null
7,right,3283.0464615384612,1790663640424,4.084693908691406,-3.3404996395111084,-1.622391700744629,7.070000171661377,-17.850000381469727,-33.11000061035156,-1.0238792476702623,descending,null
7,right,3283.056076923077,1790663640424,11.25863265991211,4.414915561676025,1.2227760553359985,7.070000171661377,-17.850000381469727,-33.11000061035156,-1.00192660343185,descending,null
7,right,3283.065692307692,1790663640424,5.594619274139404,4.776244640350342,-1.433351993560791,7.070000171661377,-17.850000381469727,-33.11000061035156,-1.0278425567757044,descending,null
7,right,3283.0753076923074,1790663640424,5.865017890930176,2.6513421535491943,1.237133502960205,7.070000171661377,-17.850000381469727,-33.11000061035156,-1.0603260741044338,descending,null
7,left,3178.837,1790663640452,8.87051010131836,23.1466007232666,19.60748863220215,-36.81999969482422,60.130001068115234,40.7400016784668,-0.3527778753755599,resting,null
7,left,3178.8466153846152,1790663640452,12.825987815856934,18.552215576171875,3.1945323944091797,-36.81999969482422,60.130001068115234,40.7400016784668,-0.23267135745970913,resting,null
7,left,3178.856230769231,1790663640452,-7.097365379333496,11.390242576599121,0.12682412564754486,-36.81999969482422,60.130001068115234,40.7400016784668,-0.3000586650906138,resting,null
7,left,3178.865846153846,1790663640452,6.728857517242432,2.1966896057128906,0.8638398051261902,-36.81999969482422,60.130001068115234,40.7400016784668,-0.3321954560616686,descending,null
7,left,3178.8754615384614,1790663640452,3.189746379852295,7.520910263061523,1.072022795677185,-36.81999969482422,60.130001068115234,40.7400016784668,-0.3538428938986111,descending,null
7,left,3178.885076923077,1790663640452,6.463244915008545,11.251453399658203,0.5766908526420593,-36.81999969482422,60.130001068115234,40.7400016784668,-0.3289927621842267,descending,null
7,left,3178.8946923076924,1790663640452,8.805901527404785,14.166015625,0.7346227765083313,-36.81999969482422,60.130001068115234,40.7400016784668,-0.26904938762871367,descending,null
7,left,3178.9043076923076,1790663640452,0.9475916028022766,7.298369884490967,-2.0196144580841064,-36.81999969482422,60.130001068115234,40.7400016784668,-0.3123366674402455,descending,null
7,left,3178.916,1790663640481,6.252668857574463,5.520439147949219,-0.8040171265602112,1.1200000047683716,-7.559999942779541,15.190000534057617,-0.3312387922501231,descending,null
7,left,3178.9256153846154,1790663640481,3.9961564540863037,4.12298059463501,0.2823631465435028,1.1200000047683716,-7.559999942779541,15.190000534057617,-0.3703808666374393,descending,null
7,left,3178.935230769231,1790663640481,11.852073669433594,-0.5455830693244934,-0.5264397859573364,1.1200000047683716,-7.559999942779541,15.190000534057617,-0.3838560036159425,descending,null
7,left,3178.9448461538464,1790663640481,5.527617931365967,8.540288925170898,0.009571632370352745,1.1200000047683716,-7.559999942779541,15.190000534057617,-0.38445735848413226,descending,null
7,left,3178.9544615384616,1790663640481,10.136358261108398,6.920289993286133,0.339792937040329,1.1200000047683716,-7.559999942779541,15.190000534057617,-0.36186449106014296,descending,null
7,left,3178.9640769230773,1790663640481,6.2718119621276855,7.025578022003174,0.04307234659790993,1.1200000047683716,-7.559999942779541,15.190000534057617,-0.3666942131515164,descending,null
7,left,3178.9736923076925,1790663640481,8.801115989685059,6.0947370529174805,-0.03350071236491203,1.1200000047683716,-7.559999942779541,15.190000534057617,-0.35919961366675157,descending,null
7,left,3178.983307692308,1790663640481,4.034442901611328,4.9365692138671875,0.3709007501602173,1.1200000047683716,-7.559999942779541,15.190000534057617,-0.392915965008193,descending,null
7,right,3283.085,1790663640484,16.645069122314453,4.874353885650635,0.39961564540863037,1.8200000524520874,-3.640000104904175,-14.069999694824219,-0.9883511306719082,descending,null
7,right,3283.0946153846153,1790663640484,11.363920211791992,2.888240098953247,0.27757734060287476,1.8200000524520874,-3.640000104904175,-14.069999694824219,-0.9710600548421481,descending,null
7,right,3283.104230769231,1790663640484,8.116744041442871,4.749922752380371,-0.0023929080925881863,1.8200000524520874,-3.640000104904175,-14.069999694824219,-0.975183342987323,descending,null
7,right,3283.113846153846,1790663640484,6.838931560516357,3.8956544399261475,0.047858163714408875,1.8200000524520874,-3.640000104904175,-14.069999694824219,-0.9938175129671328,descending,null
7,right,3283.1234615384615,1790663640484,8.14306640625,1.4524952173233032,0.011964540928602219,1.8200000524520874,-3.640000104904175,-14.069999694824219,-1.0104254066268135,descending,null
7,right,3283.133076923077,1790663640484,8.700613975524902,3.261533737182617,-0.023929081857204437,1.8200000524520874,-3.640000104904175,-14.069999694824219,-1.0151115853225698,descending,null
7,right,3283.1426923076924,1790663640484,8.013849258422852,4.955712795257568,0.23450499773025513,1.8200000524520874,-3.640000104904175,-14.069999694824219,-1.0193131791873344,descending,null
7,right,3283.1523076923077,1790663640484,10.021498680114746,3.345285415649414,0.13639576733112335,1.8200000524520874,-3.640000104904175,-14.069999694824219,-1.012183342923968,descending,null
7,left,3178.995,1790663640558,7.678842067718506,7.252904415130615,0.37568655610084534,-0.7699999809265137,-1.399999976158142,-29.540000915527344,-0.3842293403065802,descending,null
7,left,3179.004615384615,1790663640558,5.22611141204834,5.817159652709961,0.2105759084224701,-0.7699999809265137,-1.399999976158142,-29.540000915527344,-0.4038643714155005,descending,null
7,left,3179.014230769231,1790663640558,5.254826068878174,6.836538314819336,0.2632198929786682,-0.7699999809265137,-1.399999976158142,-29.540000915527344,-0.41666646262340545,descending,null
7,left,3179.023846153846,1790663640558,4.094265937805176,7.351013660430908,0.7394086122512817,-0.7699999809265137,-1.399999976158142,-29.540000915527344,-0.43374808591821684,descending,null
7,left,3179.0334615384613,1790663640558,5.6592278480529785,3.9746203422546387,0.7896596789360046,-0.7699999809265137,-1.399999976158142,-29.540000915527344,-0.4614427785308695,descending,null
7,left,3179.043076923077,1790663640558,7.676449298858643,8.494823455810547,0.04546525329351425,-0.7699999809265137,-1.399999976158142,-29.540000915527344,-0.4464683355688862,descending,null
7,left,3179.0526923076923,1790663640558,7.985134124755859,8.997334480285645,0.35893622040748596,-0.7699999809265137,-1.399999976158142,-29.540000915527344,-0.4256692430173673,descending,null
7,left,3179.0623076923075,1790663640558,9.865960121154785,10.95712661743164,-1.0480937957763672,-0.7699999809265137,-1.399999976158142,-29.540000915527344,-0.3803594205732455,descending,null
7,right,3283.161,1790663640574,6.2000250816345215,1.689393162727356,-0.09571632742881775,0.699999988079071,-3.640000104904175,31.5,-1.0417612870711206,descending,null
7,right,3283.1706153846153,1790663640574,8.880082130432129,2.809274196624756,0.12921704351902008,0.699999988079071,-3.640000104904175,31.5,-1.0466129001128748,descending,null
7,right,3283.180230769231,1790663640574,7.425193786621094,4.472345352172852,0.06221561133861542,0.699999988079071,-3.640000104904175,31.5,-1.057933512005176,descending,null
7,right,3283.1898461538462,1790663640574,9.892282485961914,5.606583595275879,-0.15314611792564392,0.699999988079071,-3.640000104904175,31.5,-1.0431377641983346,descending,null
7,right,3283.1994615384615,1790663640574,6.51828145980835,3.091637372970581,0.3326142132282257,0.699999988079071,-3.640000104904175,31.5,-1.0678279940675364,descending,null
7,right,3283.209076923077,1790663640574,6.55417537689209,3.582183361053467,0.13639576733112335,0.699999988079071,-3.640000104904175,31.5,-1.0903107138395538,descending,null
7,right,3283.2186923076924,1790663640574,9.066728591918945,2.416837215423584,0.06460852175951004,0.699999988079071,-3.640000104904175,31.5,-1.0946835666757944,descending,null
7,right,3283.2283076923077,1790663640574,5.549153804779053,3.8597607612609863,0.22971917688846588,0.699999988079071,-3.640000104904175,31.5,-1.1252582660450623,descending,null
7,left,3179.074,1790663640636,11.574496269226074,6.226346969604492,0.540797233581543,2.240000009536743,-1.3300000429153442,35.70000076293945,-0.3463971501663585,descending,null
7,left,3179.0836153846153,1790663640636,1.6702498197555542,3.6491849422454834,-0.29911351203918457,2.240000009536743,-1.3300000429153442,35.70000076293945,-0.40540973139394015,descending,null
7,left,3179.093230769231,1790663640636,6.2359185218811035,8.60250473022461,2.3857293128967285,2.240000009536743,-1.3300000429153442,35.70000076293945,-0.3975654068798144,descending,null
7,left,3179.1028461538463,1790663640636,6.55417537689209,6.331634998321533,0.7418015003204346,2.240000009536743,-1.3300000429153442,35.70000076293945,-0.40382314822193716,descending,null
7,left,3179.1124615384615,1790663640636,7.6692705154418945,10.062178611755371,0.4020085632801056,2.240000009536743,-1.3300000429153442,35.70000076293945,-0.3786784034323611,descending,null
7,left,3179.122076923077,1790663640636,7.8654890060424805,5.611369609832764,0.7920525670051575,2.240000009536743,-1.3300000429153442,35.70000076293945,-0.38009766539863055,descending,null
7,left,3179.1316923076924,1790663640636,5.601798057556152,7.82959508895874,0.31586387753486633,2.240000009536743,-1.3300000429153442,35.70000076293945,-0.38424575878958006,descending,null
7,left,3179.1413076923077,1790663640636,6.044486045837402,6.604426383972168,0.01914326474070549,2.240000009536743,-1.3300000429153442,35.70000076293945,-0.3932536638314697,descending,null
7,right,3283.236,1790663640636,12.20622444152832,3.6085054874420166,-0.20818300545215607,2.240000009536743,-2.7300000190734863,29.049999237060547,-1.1027674626997843,descending,null
7,right,3283.245615384615,1790663640636,14.05594253540039,2.8355960845947266,0.13639576733112335,2.240000009536743,-2.7300000190734863,29.049999237060547,-1.0609078749338985,descending,null
7,right,3283.255230769231,1790663640636,13.694613456726074,2.17036771774292,0.24407662451267242,2.240000009536743,-2.7300000190734863,29.049999237060547,-1.0245324356196919,descending,null
7,right,3283.264846153846,1790663640636,7.554410934448242,-0.10528795421123505,0.23929080367088318,2.240000009536743,-2.7300000190734863,29.049999237060547,-1.0508623567794302,descending,null
7,right,3283.2744615384613,1790663640636,4.637455940246582,3.682685613632202,0.7729093432426453,2.240000009536743,-2.7300000190734863,29.049999237060547,-1.0909159202982912,descending,null
7,right,3283.284076923077,1790663640636,13.199280738830566,2.3067634105682373,1.0672370195388794,2.240000009536743,-2.7300000190734863,29.049999237060547,-1.0584876458164283,descending,null
7,right,3283.2936923076923,1790663640636,16.55413818359375,6.008592128753662,0.8638398051261902,2.240000009536743,-2.7300000190734863,29.049999237060547,-0.9835539903673794,descending,null
7,right,3283.3033076923075,1790663640636,9.81810188293457,4.206732273101807,-0.009571632370352745,2.240000009536743,-2.7300000190734863,29.049999237060547,-0.9749878814136039,descending,null
7,right,3283.312,1790663640709,6.389064788818359,3.2352118492126465,0.055036887526512146,0.6299999952316284,-4.199999809265137,0,-0.9981285230130402,descending,null
7,right,3283.321615384615,1790663640709,7.695592403411865,0.8710185289382935,0.11725249886512756,0.6299999952316284,-4.199999809265137,0,-1.0195320558707606,descending,null
7,right,3283.331230769231,1790663640709,11.445279121398926,4.249804973602295,0.16271774470806122,0.6299999952316284,-4.199999809265137,0,-0.9961651543505406,descending,null
7,right,3283.340846153846,1790663640709,13.302176475524902,4.630277156829834,0.11964540183544159,0.6299999952316284,-4.199999809265137,0,-0.9547745901974787,descending,null
7,right,3283.3504615384613,1790663640709,17.2193660736084,5.7238359451293945,0.30868515372276306,0.6299999952316284,-4.199999809265137,0,-0.8745472620322228,descending,null
7,right,3283.360076923077,1790663640709,-7.035149574279785,4.065550804138184,-1.043307900428772,0.6299999952316284,-4.199999809265137,0,-1.0184029187441335,descending,null
7,right,3283.3696923076923,1790663640709,28.480392456054688,4.5704545974731445,14.85278034210205,0.6299999952316284,-4.199999809265137,0,-0.8469467605744545,descending,null
7,right,3283.3793076923075,1790663640709,7.913347244262695,13.720934867858887,-3.828652858734131,0.6299999952316284,-4.199999809265137,0,-0.8231868141305264,descending,null
7,left,3179.153,1790663640722,7.147616386413574,2.790130853652954,0.8901618123054504,0,-0.2800000011920929,13.649999618530273,-0.42239888600274483,descending,null
7,left,3179.162615384615,1790663640722,7.659698963165283,8.265104293823242,0.339792937040329,0,-0.2800000011920929,13.649999618530273,-0.40906936578162084,descending,null
7,left,3179.1722307692307,1790663640722,8.7843656539917,8.41107177734375,0.2703986167907715,0,-0.2800000011920929,13.649999618530273,-0.38673876894259257,descending,null
7,left,3179.181846153846,1790663640722,9.411307334899902,11.624747276306152,0.3206496834754944,0,-0.2800000011920929,13.649999618530273,-0.3398990601047038,descending,null
7,left,3179.191461538461,1790663640722,-5.7238359451293945,15.13035774230957,-5.960733890533447,0,-0.2800000011920929,13.649999618530273,-0.38788420573954807,descending,null
7,left,3179.201076923077,1790663640722,-1.8712540864944458,-6.221560955047607,15.939160346984863,0,-0.2800000011920929,13.649999618530273,-0.5188206115671303,descending,null
7,left,3179.210692307692,1790663640722,19.00447654724121,-0.5551546812057495,-2.500588893890381,0,-0.2800000011920929,13.649999618530273,-0.47940526607968303,descending,null
7,left,3179.2203076923074,1790663640722,14.582382202148438,6.092343807220459,2.782952070236206,0,-0.2800000011920929,13.649999618530273,-0.4263990313166491,descending,null
7,right,3283.388,1790663640785,17.6596622467041,4.357485771179199,-5.999020576477051,1.0499999523162842,-4.059999942779541,-15.470000267028809,-0.7483940445762298,descending,null
7,right,3283.397615384615,1790663640785,14.192337989807129,14.247374534606934,-0.1914326548576355,1.0499999523162842,-4.059999942779541,-15.470000267028809,-0.6675591880954261,descending,null
7,right,3283.407230769231,1790663640785,10.760908126831055,-3.668328046798706,0.1698964685201645,1.0499999523162842,-4.059999942779541,-15.470000267028809,-0.6764992303386086,descending,null
7,right,3283.416846153846,1790663640785,16.6474609375,10.579046249389648,-0.4833674430847168,1.0499999523162842,-4.059999942779541,-15.470000267028809,-0.5852464252526174,descending,null
7,right,3283.4264615384614,1790663640785,3.7185792922973633,2.1823322772979736,0.42833054065704346,1.0499999523162842,-4.059999942779541,-15.470000267028809,-0.6387032485154737,descending,null
7,right,3283.436076923077,1790663640785,25.903230667114258,6.087558269500732,-0.08853759616613388,1.0499999523162842,-4.059999942779541,-15.470000267028809,-0.47923653957569673,descending,null
7,right,3283.4456923076923,1790663640785,2.8834543228149414,1.5553902387619019,0.20818300545215607,1.0499999523162842,-4.059999942779541,-15.470000267028809,-0.542215940613067,descending,null
7,right,3283.4553076923075,1790663640785,21.260988235473633,3.218461275100708,-0.1005021408200264,1.0499999523162842,-4.059999942779541,-15.470000267028809,-0.43437852895717494,descending,null
7,left,3179.232,1790663640796,13.677863121032715,10.674762725830078,-0.21775463223457336,-6.019999980926514,20.09000015258789,7.630000114440918,-0.33943781759513236,descending,null
7,left,3179.241615384615,1790663640796,15.070534706115723,14.635025978088379,1.9908995628356934,-6.019999980926514,20.09000015258789,7.630000114440918,-0.2313361277839055,descending,null
7,left,3179.251230769231,1790663640796,3.374000310897827,4.065550804138184,0.9906639456748962,-6.019999980926514,20.09000015258789,7.630000114440918,-0.2748298997041699,descending,null
7,left,3179.260846153846,1790663640796,18.217208862304688,12.749414443969727,-0.14357449114322662,-6.019999980926514,20.09000015258789,7.630000114440918,-0.15744943132051265,descending,null
7,left,3179.2704615384614,1790663640796,3.1012089252471924,3.6563634872436523,0.6604426503181458,-6.019999980926514,20.09000015258789,7.630000114440918,-0.20583715868033822,descending,null
7,left,3179.280076923077,1790663640796,13.64675521850586,17.324655532836914,0.8494823575019836,-6.019999980926514,20.09000015258789,7.630000114440918,-0.09339290893502397,descending,null
7,left,3179.2896923076923,1790663640796,5.7932305335998535,0.44986671209335327,1.1509888172149658,-6.019999980926514,20.09000015258789,7.630000114440918,-0.14082799083836847,descending,null
7,left,3179.2993076923076,1790663640796,12.82120132446289,13.90758228302002,-0.2895418703556061,-6.019999980926514,20.09000015258789,7.630000114440918,-0.05674476965796483,descending,null
7,right,3283.465,1790663640859,4.749922752380371,0.44029510021209717,0.5671192407608032,1.3300000429153442,-4.130000114440918,4.96999979019165,-0.48498490962158364,descending,null
7,right,3283.4746153846154,1790663640859,17.260046005249023,6.769536972045898,-0.10289505124092102,1.3300000429153442,-4.130000114440918,4.96999979019165,-0.40106621560251604,descending,null
7,right,3283.484230769231,1790663640859,11.24188232421875,-1.2586696147918701,-0.2823631465435028,1.3300000429153442,-4.130000114440918,4.96999979019165,-0.3981145559289381,descending,null
7,right,3283.4938461538463,1790663640859,13.46489429473877,5.568296909332275,0.3613291084766388,1.3300000429153442,-4.130000114440918,4.96999979019165,-0.35266592174554573,resting,null
7,right,3283.5034615384616,1790663640859,14.819279670715332,-1.0911661386489868,0.05742979422211647,1.3300000429153442,-4.130000114440918,4.96999979019165,-0.3171138655360043,resting,null
7,right,3283.5130769230773,1790663640859,9.705635070800781,4.613526821136475,0.4331163763999939,1.3300000429153442,-4.130000114440918,4.96999979019165,-0.30875328088976106,resting,null
7,right,3283.5226923076925,1790663640859,15.458186149597168,3.302213191986084,-0.2129688262939453,1.3300000429153442,-4.130000114440918,4.96999979019165,-0.25265280613233293,resting,null
7,right,3283.5323076923078,1790663640859,9.655384063720703,5.025106906890869,0.22014755010604858,1.3300000429153442,-4.130000114440918,4.96999979019165,-0.24329006907813022,resting,null
7,left,3179.312,1790663640872,3.146674156188965,4.0440144538879395,0.727444052696228,-1.75,1.8200000524520874,12.529999732971191,-0.1170929959946836,descending,null
7,left,3179.321615384615,1790663640872,15.553902626037598,12.581911087036133,0.34697166085243225,-1.75,1.8200000524520874,12.529999732971191,-0.02013616719635767,descending,null
7,left,3179.331230769231,1790663640872,3.8741180896759033,9.033227920532227,-0.011964540928602219,-1.75,1.8200000524520874,12.529999732971191,-0.03144608466075497,descending,null
7,left,3179.340846153846,1790663640872,10.418722152709961,14.905424118041992,0.6556568145751953,-1.75,1.8200000524520874,12.529999732971191,0.04167853797865317,resting,null
7,left,3179.3504615384613,1790663640872,7.169152736663818,8.619255065917969,0.3421858549118042,-1.75,1.8200000524520874,12.529999732971191,0.05262201638906425,resting,null
7,left,3179.360076923077,1790663640872,11.722856521606445,8.090422630310059,0.7322298884391785,-1.75,1.8200000524520874,12.529999732971191,0.09466566936833602,resting,null
7,left,3179.3696923076923,1790663640872,6.1976318359375,13.046134948730469,0.38525819778442383,-1.75,1.8200000524520874,12.529999732971191,0.12467454757017891,resting,null
7,left,3179.3793076923075,1790663640872,11.648676872253418,8.865724563598633,0.844696581363678,-1.75,1.8200000524520874,12.529999732971191,0.170905644996697,resting,null
7,right,3283.54,1790663640954,15.534759521484375,3.7281508445739746,-0.2536482512950897,0.3499999940395355,-4.480000019073486,9.65999984741211,-0.19671767680933847,descending,null
7,right,3283.549615384615,1790663640954,10.973876953125,0.11725249886512756,-0.33740004897117615,0.3499999940395355,-4.480000019073486,9.65999984741211,-0.19140822679282052,descending,null
7,right,3283.559230769231,1790663640954,13.316533088684082,5.900911331176758,-0.28714898228645325,0.3499999940395355,-4.480000019073486,9.65999984741211,-0.14600032275227706,descending,null
7,right,3283.568846153846,1790663640954,11.86643123626709,1.5577831268310547,-0.17946811020374298,0.3499999940395355,-4.480000019073486,9.65999984741211,-0.1279031325854627,descending,null
7,right,3283.5784615384614,1790663640954,11.141380310058594,6.386671543121338,-0.014357448555529118,0.3499999940395355,-4.480000019073486,9.65999984741211,-0.10081907682825307,descending,null
7,right,3283.588076923077,1790663640954,12.969561576843262,0.41636601090431213,-0.11007377505302429,0.3499999940395355,-4.480000019073486,9.65999984741211,-0.07641919508850854,descending,null
7,right,3283.5976923076923,1790663640954,11.59603214263916,5.329006195068359,0.07657305896282196,0.3499999940395355,-4.480000019073486,9.65999984741211,-0.04875132323284441,descending,null
7,right,3283.6073076923076,1790663640954,13.36917781829834,0.8901618123054504,-0.059822700917720795,0.3499999940395355,-4.480000019073486,9.65999984741211,-0.019206916687914532,resting,null
7,left,3179.391,1790663641008,8.032992362976074,12.333047866821289,0.34936457872390747,-1.6800000667572021,0.6299999952316284,-3.2899999618530273,0.21864925159517606,ascending,4
7,left,3179.4006153846153,1790663641008,8.052135467529297,9.004512786865234,0.6963362693786621,-1.6800000667572021,0.6299999952316284,-3.2899999618530273,0.23872187893427727,ascending,4
7,left,3179.410230769231,1790663641008,9.621883392333984,9.47830867767334,0.5527617931365967,-1.6800000667572021,0.6299999952316284,-3.2899999618530273,0.2731132377267715,ascending,4
7,left,3179.4198461538463,1790663641008,9.801351547241211,8.243568420410156,0.6891575455665588,-1.6800000667572021,0.6299999952316284,-3.2899999618530273,0.3016230204990126,ascending,4
7,left,3179.4294615384615,1790663641008,8.42782211303711,12.550803184509277,0.679585874080658,-1.6800000667572021,0.6299999952316284,-3.2899999618530273,0.34563166872556145,ascending,4
7,left,3179.439076923077,1790663641008,9.176802635192871,8.832223892211914,0.44268798828125,-1.6800000667572021,0.6299999952316284,-3.2899999618530273,0.3727068007437291,ascending,4
7,left,3179.4486923076925,1790663641008,8.813080787658691,8.966226577758789,0.5862624645233154,-1.6800000667572021,0.6299999952316284,-3.2899999618530273,0.39808210420174417,ascending,4
7,left,3179.4583076923077,1790663641008,9.172017097473145,7.987527370452881,0.47858160734176636,-1.6800000667572021,0.6299999952316284,-3.2899999618530273,0.4201152033132188,ascending,4
7,right,3283.616,1790663641010,10.87816047668457,2.395301103591919,0.016750356182456017,2.799999952316284,-2.940000057220459,5.880000114440918,-0.008533895983431388,resting,null
7,right,3283.6256153846152,1790663641010,10.911661148071289,4.620705604553223,0.08614469319581985,2.799999952316284,-2.940000057220459,5.880000114440918,0.010606614974978243,resting,null
7,right,3283.635230769231,1790663641010,11.840108871459961,1.4309589862823486,0.0502510704100132,2.799999952316284,-2.940000057220459,5.880000114440918,0.02808680155482811,resting,null
7,right,3283.644846153846,1790663641010,12.859488487243652,3.8741180896759033,-0.0023929080925881863,2.799999952316284,-2.940000057220459,5.880000114440918,0.06253166972697774,resting,null
7,right,3283.6544615384614,1790663641010,13.323712348937988,1.4453164339065552,-0.007178724277764559,2.799999952316284,-2.940000057220459,5.880000114440918,0.0935537967969399,resting,null
7,right,3283.664076923077,1790663641010,11.854466438293457,4.371842861175537,0.08375178277492523,2.799999952316284,-2.940000057220459,5.880000114440918,0.12037032766273772,resting,null
7,right,3283.6736923076924,1790663641010,11.651069641113281,2.093794584274292,-0.08135887235403061,2.799999952316284,-2.940000057220459,5.880000114440918,0.13834497929444053,resting,null
7,right,3283.6833076923076,1790663641010,11.301705360412598,5.1184306144714355,-0.047858163714408875,2.799999952316284,-2.940000057220459,5.880000114440918,0.16252215604492048,ascending,4
7,left,3179.47,1790663641036,9.55009651184082,9.121766090393066,0.7154794931411743,0.2800000011920929,0.21000000834465027,1.5399999618530273,0.45892655564756973,ascending,4
7,left,3179.479615384615,1790663641036,9.030835151672363,10.559903144836426,0.6819788217544556,0.2800000011920929,0.21000000834465027,1.5399999618530273,0.4955770882663626,ascending,4
7,left,3179.4892307692307,1790663641036,9.188767433166504,10.153108596801758,0.44268798828125,0.2800000011920929,0.21000000834465027,1.5399999618530273,0.5306426458931688,ascending,4
7,left,3179.498846153846,1790663641036,8.504395484924316,9.315590858459473,0.5168681740760803,0.2800000011920929,0.21000000834465027,1.5399999618530273,0.5557156778990371,ascending,4
7,left,3179.5084615384612,1790663641036,9.8085298538208,8.253140449523926,0.4953319728374481,0.2800000011920929,0.21000000834465027,1.5399999618530273,0.5840110421770517,ascending,4
7,left,3179.518076923077,1790663641036,7.934883117675781,8.999727249145508,0.6125844717025757,0.2800000011920929,0.21000000834465027,1.5399999618530273,0.6030876465411568,ascending,4
7,left,3179.527692307692,1790663641036,9.270126342773438,8.93272590637207,0.667621374130249,0.2800000011920929,0.21000000834465027,1.5399999618530273,0.631686605749563,ascending,4
7,left,3179.5373076923074,1790663641036,7.717128753662109,8.973404884338379,0.5934411883354187,0.2800000011920929,0.21000000834465027,1.5399999618530273,0.6489788519883801,ascending,4
7,right,3283.692,1790663641087,11.562531471252441,1.4596738815307617,-0.028714897111058235,2.0299999713897705,-2.5899999141693115,10.640000343322754,0.17627552943697972,ascending,4
7,right,3283.7016153846153,1790663641087,11.96214771270752,2.703986167907715,-0.04546525329351425,2.0299999713897705,-2.5899999141693115,10.640000343322754,0.19899770048295295,ascending,4
7,right,3283.711230769231,1790663641087,10.935589790344238,3.05574369430542,0.014357448555529118,2.0299999713897705,-2.5899999141693115,10.640000343322754,0.21343057630588233,ascending,4
7,right,3283.720846153846,1790663641087,11.694141387939453,2.816452741622925,-0.03828652948141098,2.0299999713897705,-2.5899999141693115,10.640000343322754,0.2341009577561216,ascending,4
7,right,3283.7304615384614,1790663641087,11.253847122192383,3.309391975402832,0.07418014854192734,2.0299999713897705,-2.5899999141693115,10.640000343322754,0.2521747821634469,ascending,4
7,right,3283.740076923077,1790663641087,11.58885383605957,2.1249024868011475,0.06939433515071869,2.0299999713897705,-2.5899999141693115,10.640000343322754,0.26982350817685946,ascending,4
7,right,3283.7496923076924,1790663641087,11.134201049804688,3.5032174587249756,0.20818300545215607,2.0299999713897705,-2.5899999141693115,10.640000343322754,0.28730147543944246,ascending,4
7,right,3283.7593076923076,1790663641087,11.521852493286133,1.6750357151031494,0.20579010248184204,2.0299999713897705,-2.5899999141693115,10.640000343322754,0.30302221661883766,ascending,4
7,left,3179.549,1790663641111,8.9231538772583,8.329712867736816,0.5527617931365967,0.8400000333786011,-0.3499999940395355,5.389999866485596,0.6760645036504083,ascending,4
7,left,3179.558615384615,1790663641111,8.647970199584961,7.485016345977783,0.5144752264022827,0.8400000333786011,-0.3499999940395355,5.389999866485596,0.6911636100833003,ascending,4
7,left,3179.568230769231,1790663641111,9.581204414367676,8.368000030517578,0.49772489070892334,0.8400000333786011,-0.3499999940395355,5.389999866485596,0.7184743128127897,ascending,4
7,left,3179.577846153846,1790663641111,7.7745585441589355,8.097600936889648,0.3302213251590729,0.8400000333786011,-0.3499999940395355,5.389999866485596,0.7306076951299655,ascending,4
7,left,3179.5874615384614,1790663641111,8.6096830368042,8.502002716064453,0.2943277060985565,0.8400000333786011,-0.3499999940395355,5.389999866485596,0.7513260396788156,ascending,4
7,left,3179.597076923077,1790663641111,7.60466194152832,7.341442108154297,0.24407662451267242,0.8400000333786011,-0.3499999940395355,5.389999866485596,0.7575537630433885,ascending,4
7,left,3179.6066923076924,1790663641111,8.700613975524902,7.111722946166992,0.28714898228645325,0.8400000333786011,-0.3499999940395355,5.389999866485596,0.7705542968642021,ascending,4
7,left,3179.6163076923076,1790663641111,7.339049339294434,6.623569488525391,0.34697166085243225,0.8400000333786011,-0.3499999940395355,5.389999866485596,0.7706033528789386,ascending,4
7,right,3283.768,1790663641159,10.780051231384277,3.8884756565093994,0.30868515372276306,2.0299999713897705,-1.9600000381469727,13.510000228881836,0.31684118097050173,ascending,4
7,right,3283.7776153846153,1790663641159,10.248825073242188,2.3498356342315674,0.28714898228645325,2.0299999713897705,-1.9600000381469727,13.510000228881836,0.3228658338781874,ascending,4
7,right,3283.787230769231,1790663641159,11.540995597839355,3.1036016941070557,0.2512553632259369,2.0299999713897705,-1.9600000381469727,13.510000228881836,0.34291565487391745,ascending,4
7,right,3283.796846153846,1790663641159,10.638869285583496,2.486231565475464,0.26561281085014343,2.0299999713897705,-1.9600000381469727,13.510000228881836,0.35296007675563146,ascending,4
7,right,3283.8064615384615,1790663641159,12.435943603515625,2.409658432006836,0.19621846079826355,2.0299999713897705,-1.9600000381469727,13.510000228881836,0.3793669271615373,ascending,4
7,right,3283.816076923077,1790663641159,9.270126342773438,2.9983139038085938,0.3134709596633911,2.0299999713897705,-1.9600000381469727,13.510000228881836,0.37823902641382523,ascending,4
7,right,3283.8256923076924,1790663641159,10.454615592956543,3.091637372970581,0.2105759084224701,2.0299999713897705,-1.9600000381469727,13.510000228881836,0.38832108234446866,ascending,4
7,right,3283.8353076923077,1790663641159,8.918368339538574,2.5125534534454346,0.30629223585128784,2.0299999713897705,-1.9600000381469727,13.510000228881836,0.3826441254236749,ascending,4
7,left,3179.629,1790663641187,8.691041946411133,9.416092872619629,0.19861137866973877,1.0499999523162842,-0.21000000834465027,0.42000001668930054,0.8059104979198337,ascending,4
7,left,3179.638615384615,1790663641187,7.03993558883667,7.518517017364502,0.28714898228645325,1.0499999523162842,-0.21000000834465027,0.42000001668930054,0.8090946876456332,ascending,4
7,left,3179.648230769231,1790663641187,8.707792282104492,7.434765338897705,0.2225404530763626,1.0499999523162842,-0.21000000834465027,0.42000001668930054,0.8240487680137804,ascending,4
7,left,3179.657846153846,1790663641187,7.489802360534668,6.013378143310547,0.21775463223457336,1.0499999523162842,-0.21000000834465027,0.42000001668930054,0.821398681681226,ascending,4
7,left,3179.6674615384613,1790663641187,7.595090389251709,6.042092800140381,0.22014755010604858,1.0499999523162842,-0.21000000834465027,0.42000001668930054,0.8197170569260376,ascending,4
7,left,3179.677076923077,1790663641187,6.408207893371582,6.611605167388916,0.24646952748298645,1.0499999523162842,-0.21000000834465027,0.42000001668930054,0.81274838476643,ascending,4
7,left,3179.6866923076923,1790663641187,5.522831916809082,6.085165500640869,0.18425391614437103,1.0499999523162842,-0.21000000834465027,0.42000001668930054,0.7960100863148617,ascending,4
7,left,3179.6963076923075,1790663641187,6.1665239334106445,5.841088771820068,0.181861013174057,1.0499999523162842,-0.21000000834465027,0.42000001668930054,0.7825621255361707,ascending,4
7,right,3283.843,1790663641234,9.846817016601562,1.359171748161316,0.18425391614437103,2.240000009536743,-4.269999980926514,2.309999942779541,0.38251803086294206,ascending,4
7,right,3283.852615384615,1790663641234,9.085871696472168,2.1201164722442627,0.22732627391815186,2.240000009536743,-4.269999980926514,2.309999942779541,0.37738238424460985,ascending,4
7,right,3283.862230769231,1790663641234,8.147851943969727,1.897576093673706,0.25604116916656494,2.240000009536743,-4.269999980926514,2.309999942779541,0.3630015526272643,ascending,4
7,right,3283.871846153846,1790663641234,8.896832466125488,2.093794584274292,0.11485958844423294,2.240000009536743,-4.269999980926514,2.309999942779541,0.35613541965194134,ascending,4
7,right,3283.8814615384613,1790663641234,6.9178972244262695,2.9528486728668213,0.30868515372276306,2.240000009536743,-4.269999980926514,2.309999942779541,0.3332120025042342,ascending,4
7,right,3283.891076923077,1790663641234,8.858545303344727,2.256512403488159,0.13639576733112335,2.240000009536743,-4.269999980926514,2.309999942779541,0.3264322230817724,ascending,4
7,right,3283.900692307692,1790663641234,7.820023536682129,1.3902796506881714,0.25604116916656494,2.240000009536743,-4.269999980926514,2.309999942779541,0.3077327539398592,ascending,4
7,right,3283.9103076923075,1790663641234,9.047585487365723,1.8903974294662476,0.1914326548576355,2.240000009536743,-4.269999980926514,2.309999942779541,0.3017332891389188,ascending,4
7,left,3179.709,1790663641276,5.93680477142334,3.969834566116333,0.23689790070056915,1.75,-0.5600000023841858,0.21000000834465027,0.7476706524447271,ascending,4
7,left,3179.718615384615,1790663641276,6.523067474365234,5.384043216705322,0.24646952748298645,1.75,-0.5600000023841858,0.21000000834465027,0.7341809586611936,ascending,4
7,left,3179.728230769231,1790663641276,5.544368267059326,4.436451435089111,0.27757734060287476,1.75,-0.5600000023841858,0.21000000834465027,0.7077509029219007,ascending,4
7,left,3179.737846153846,1790663641276,6.992077350616455,5.563511371612549,0.2321120798587799,1.75,-0.5600000023841858,0.21000000834465027,0.6988432183371535,ascending,4
7,left,3179.7474615384613,1790663641276,5.570690155029297,4.917426109313965,0.2105759084224701,1.75,-0.5600000023841858,0.21000000834465027,0.6754957835776022,ascending,4
7,left,3179.757076923077,1790663641276,6.853288650512695,5.2380757331848145,0.26561281085014343,1.75,-0.5600000023841858,0.21000000834465027,0.6636508762416408,ascending,4
7,left,3179.766692307692,1790663641276,6.436922550201416,3.823867082595825,0.23929080367088318,1.75,-0.5600000023841858,0.21000000834465027,0.6401504524395342,ascending,4
7,left,3179.7763076923075,1790663641276,6.0325212478637695,6.329241752624512,0.16750356554985046,1.75,-0.5600000023841858,0.21000000834465027,0.6287906156480513,ascending,4
7,right,3283.92,1790663641339,7.425193786621094,2.6800570487976074,0.18425391614437103,0.9800000190734863,-3.5,8.819999694824219,0.2826836828427981,ascending,4
7,right,3283.9296153846153,1790663641339,7.741057872772217,1.7133221626281738,0.20818300545215607,0.9800000190734863,-3.5,8.819999694824219,0.2641795601920111,ascending,4
7,right,3283.939230769231,1790663641339,8.016242027282715,2.9121692180633545,0.23929080367088318,0.9800000190734863,-3.5,8.819999694824219,0.2513280226965233,ascending,4
7,right,3283.9488461538463,1790663641339,7.910953998565674,1.966970443725586,0.2416837215423584,0.9800000190734863,-3.5,8.819999694824219,0.23506458611942868,ascending,4
7,right,3283.9584615384615,1790663641339,8.439786911010742,1.6032484769821167,0.15314611792564392,0.9800000190734863,-3.5,8.819999694824219,0.22282421841324254,ascending,4
7,right,3283.968076923077,1790663641339,5.922447681427002,2.254119396209717,0.31586387753486633,0.9800000190734863,-3.5,8.819999694824219,0.1888663849960255,ascending,4
7,right,3283.9776923076925,1790663641339,7.903775215148926,1.9885066747665405,-0.03350071236491203,0.9800000190734863,-3.5,8.819999694824219,0.1727639703943289,ascending,4
7,right,3283.9873076923077,1790663641339,6.451280117034912,1.4812101125717163,0.24407662451267242,0.9800000190734863,-3.5,8.819999694824219,0.14180785762226067,ascending,4
7,left,3179.788,1790663641352,6.403421878814697,4.778637409210205,0.22732627391815186,-2.0999999046325684,0.42000001668930054,1.2599999904632568,0.6069636372957421,ascending,4
7,left,3179.7976153846153,1790663641352,6.377099990844727,4.603955268859863,0.23689790070056915,-2.0999999046325684,0.42000001668930054,1.2599999904632568,0.5877876380815755,ascending,4
7,left,3179.807230769231,1790663641352,5.441473007202148,4.883925437927246,0.25604116916656494,-2.0999999046325684,0.42000001668930054,1.2599999904632568,0.5633931320202505,ascending,4
7,left,3179.816846153846,1790663641352,6.013378143310547,4.594383716583252,0.035893622785806656,-2.0999999046325684,0.42000001668930054,1.2599999904632568,0.5413204364732251,ascending,4
7,left,3179.8264615384614,1790663641352,5.376864433288574,4.603955268859863,0.3804723918437958,-2.0999999046325684,0.42000001668930054,1.2599999904632568,0.5148845447424533,ascending,4
7,left,3179.836076923077,1790663641352,5.333792209625244,4.216303825378418,0.29672059416770935,-2.0999999046325684,0.42000001668930054,1.2599999904632568,0.4857251096783586,ascending,4
7,left,3179.8456923076924,1790663641352,5.9200544357299805,4.012907028198242,0.17468228936195374,-2.0999999046325684,0.42000001668930054,1.2599999904632568,0.45960977433195654,ascending,4
7,left,3179.8553076923076,1790663641352,5.099287033081055,4.544132232666016,0.26800569891929626,-2.0999999046325684,0.42000001668930054,1.2599999904632568,0.43069957635009004,ascending,4
7,right,3283.996,1790663641400,8.140673637390137,1.4836030006408691,0.181861013174057,1.3300000429153442,-4.690000057220459,8.260000228881836,0.12803519372491176,ascending,4
7,right,3284.0056153846153,1790663641400,5.948769569396973,1.3137065172195435,0.07657305896282196,1.3300000429153442,-4.690000057220459,8.260000228881836,0.09211099236249377,ascending,4
7,right,3284.015230769231,1790663641400,7.209832191467285,1.9717562198638916,0.19621846079826355,1.3300000429153442,-4.690000057220459,8.260000228881836,0.0694714934072448,ascending,4
7,right,3284.0248461538463,1790663641400,6.267026424407959,2.409658432006836,0.1722893863916397,1.3300000429153442,-4.690000057220459,8.260000228881836,0.039168787816936695,ascending,4
7,right,3284.0344615384615,1790663641400,7.398871898651123,1.208418607711792,0.12443122267723083,1.3300000429153442,-4.690000057220459,8.260000228881836,0.016490986782267694,resting,null
7,right,3284.0440769230772,1790663641400,6.645105838775635,1.148595929145813,0.1698964685201645,1.3300000429153442,-4.690000057220459,8.260000228881836,-0.01334055544280682,resting,null
7,right,3284.0536923076925,1790663641400,6.140202045440674,1.643927812576294,0.12921704351902008,1.3300000429153442,-4.690000057220459,8.260000228881836,-0.04664129806981245,resting,null
7,right,3284.0633076923077,1790663641400,7.0088276863098145,1.2562767267227173,0.12921704351902008,1.3300000429153442,-4.690000057220459,8.260000228881836,-0.07276680124101881,resting,null
7,left,3179.867,1790663641428,5.848267555236816,4.364664554595947,0.21536172926425934,-2.0299999713897705,0.6299999952316284,1.6100000143051147,0.40096581619876415,ascending,4
7,left,3179.8766153846154,1790663641428,4.666170597076416,4.309627532958984,0.22493335604667664,-2.0299999713897705,0.6299999952316284,1.6100000143051147,0.3674102900437875,ascending,4
7,left,3179.886230769231,1790663641428,5.510867118835449,4.7738518714904785,0.25843408703804016,-2.0299999713897705,0.6299999952316284,1.6100000143051147,0.3429851477068918,ascending,4
7,left,3179.8958461538464,1790663641428,5.123216152191162,3.512789011001587,0.2321120798587799,-2.0299999713897705,0.6299999952316284,1.6100000143051147,0.30805441120113913,ascending,4
7,left,3179.9054615384616,1790663641428,5.092108249664307,5.183038711547852,0.1603248417377472,-2.0299999713897705,0.6299999952316284,1.6100000143051147,0.28294599165775614,ascending,4
7,left,3179.9150769230773,1790663641428,4.723600387573242,3.448180675506592,0.22971917688846588,-2.0299999713897705,0.6299999952316284,1.6100000143051147,0.2446787046160228,ascending,4
7,left,3179.9246923076926,1790663641428,5.075357913970947,4.623098373413086,0.24407662451267242,-2.0299999713897705,0.6299999952316284,1.6100000143051147,0.21616162649833928,ascending,4
7,left,3179.934307692308,1790663641428,3.8884756565093994,4.666170597076416,0.2416837215423584,-2.0299999713897705,0.6299999952316284,1.6100000143051147,0.17910156257559992,ascending,4
7,right,3284.072,1790663641481,5.922447681427002,1.7085363864898682,0.18425391614437103,0.9100000262260437,-4.829999923706055,8.399999618530273,-0.1045692310251678,resting,null
7,right,3284.0816153846154,1790663641481,6.829359531402588,1.3783150911331177,0.10528795421123505,0.9100000262260437,-4.829999923706055,8.399999618530273,-0.13202512760428645,resting,null
7,right,3284.091230769231,1790663641481,5.601798057556152,0.5671192407608032,0.14357449114322662,0.9100000262260437,-4.829999923706055,8.399999618530273,-0.17280282440783082,resting,null
7,right,3284.1008461538463,1790663641481,6.4464945793151855,1.8281817436218262,0.11725249886512756,0.9100000262260437,-4.829999923706055,8.399999618530273,-0.20275746720769863,descending,null
7,right,3284.1104615384615,1790663641481,5.903304100036621,0.38525819778442383,0.1316099464893341,0.9100000262260437,-4.829999923706055,8.399999618530273,-0.24108899326823474,descending,null
7,right,3284.1200769230772,1790663641481,6.0038065910339355,1.3783150911331177,0.13400284945964813,0.9100000262260437,-4.829999923706055,8.399999618530273,-0.27618732134989266,descending,null
7,right,3284.1296923076925,1790663641481,5.879374980926514,1.299349069595337,0.12203831225633621,0.9100000262260437,-4.829999923706055,8.399999618530273,-0.31260440540659723,descending,null
7,right,3284.1393076923077,1790663641481,5.783658981323242,0.5455830693244934,0.12682412564754486,0.9100000262260437,-4.829999923706055,8.399999618530273,-0.35160342038397396,descending,null
7,right,3284.147,1790663641549,6.288562297821045,0.6389064788818359,0.13639576733112335,0.5600000023841858,-4.269999980926514,9.380000114440918,-0.37885287410268587,descending,null
7,right,3284.156615384615,1790663641549,5.656834602355957,1.131845474243164,0.24646952748298645,0.5600000023841858,-4.269999980926514,9.380000114440918,-0.41774509917737124,descending,null
7,right,3284.166230769231,1790663641549,6.513495922088623,1.2802058458328247,0.23689790070056915,0.5600000023841858,-4.269999980926514,9.380000114440918,-0.44828863576636496,descending,null
7,right,3284.175846153846,1790663641549,6.286169528961182,0.5623334050178528,0.25843408703804016,0.5600000023841858,-4.269999980926514,9.380000114440918,-0.48253394965590063,descending,null
7,right,3284.1854615384614,1790663641549,6.731250286102295,1.2921704053878784,0.23450499773025513,0.5600000023841858,-4.269999980926514,9.380000114440918,-0.5109767473851231,descending,null
7,right,3284.195076923077,1790663641549,6.585283279418945,0.15314611792564392,0.35654330253601074,0.5600000023841858,-4.269999980926514,9.380000114440918,-0.5433092823122807,descending,null
7,right,3284.2046923076923,1790663641549,6.05884313583374,1.1222739219665527,0.2105759084224701,0.5600000023841858,-4.269999980926514,9.380000114440918,-0.5783618068148215,descending,null
7,right,3284.2143076923076,1790663641549,6.867646217346191,0.5934411883354187,0.27757734060287476,0.5600000023841858,-4.269999980926514,9.380000114440918,-0.6069860061148282,descending,null
7,left,3179.946,1790663641562,5.498902797698975,3.9028329849243164,0.23689790070056915,-2.309999942779541,-0.49000000953674316,0.7699999809265137,0.14298406142881706,ascending,4
7,left,3179.955615384615,1790663641562,4.228268623352051,4.407736778259277,0.21775463223457336,-2.309999942779541,-0.49000000953674316,0.7699999809265137,0.10689637163753715,ascending,4
7,left,3179.965230769231,1790663641562,4.690099716186523,4.524989128112793,0.2727915346622467,-2.309999942779541,-0.49000000953674316,0.7699999809265137,0.07500798687628965,ascending,4
7,left,3179.974846153846,1790663641562,4.855210304260254,3.7425081729888916,0.23689790070056915,-2.309999942779541,-0.49000000953674316,0.7699999809265137,0.039602277610343746,ascending,4
7,left,3179.9844615384613,1790663641562,4.094265937805176,4.699671268463135,0.14357449114322662,-2.309999942779541,-0.49000000953674316,0.7699999809265137,0.004267944199518696,resting,null
7,left,3179.994076923077,1790663641562,4.355092525482178,5.106465816497803,0.13878867030143738,-2.309999942779541,-0.49000000953674316,0.7699999809265137,-0.02665981842830708,resting,null
7,left,3180.0036923076923,1790663641562,4.814530849456787,3.907618999481201,0.12921704351902008,-2.309999942779541,-0.49000000953674316,0.7699999809265137,-0.06140956992298996,resting,null
7,left,3180.0133076923075,1790663641562,4.800173759460449,4.737957954406738,-0.3015064299106598,-2.309999942779541,-0.49000000953674316,0.7699999809265137,-0.09158511672714176,resting,null
7,left,3180.025,1790663641592,4.211518287658691,4.103837490081787,0.38765111565589905,-2.799999952316284,-0.6299999952316284,-0.21000000834465027,-0.1375536628007346,resting,null
7,left,3180.0346153846153,1790663641592,4.9365692138671875,5.6520490646362305,0.05742979422211647,-2.799999952316284,-0.6299999952316284,-0.21000000834465027,-0.1608460843446622,resting,null
7,left,3180.044230769231,1790663641592,4.029657363891602,4.259376525878906,0.05742979422211647,-2.799999952316284,-0.6299999952316284,-0.21000000834465027,-0.1992873204628593,descending,null
7,left,3180.0538461538463,1790663641592,4.993999004364014,4.867175102233887,0.20339718461036682,-2.799999952316284,-0.6299999952316284,-0.21000000834465027,-0.2267448596495395,descending,null
7,left,3180.0634615384615,1790663641592,4.343128204345703,4.3311638832092285,0.11485958844423294,-2.799999952316284,-0.6299999952316284,-0.21000000834465027,-0.2623362878661572,descending,null
7,left,3180.073076923077,1790663641592,5.05142879486084,5.984663009643555,0.11725249886512756,-2.799999952316284,-0.6299999952316284,-0.21000000834465027,-0.2826071885327977,descending,null
7,left,3180.0826923076925,1790663641592,4.883925437927246,5.817159652709961,0.1603248417377472,-2.799999952316284,-0.6299999952316284,-0.21000000834465027,-0.305066131382255,descending,null
7,left,3180.0923076923077,1790663641592,5.271576404571533,6.499138355255127,0.15314611792564392,-2.799999952316284,-0.6299999952316284,-0.21000000834465027,-0.32047123133354843,descending,null
7,right,3284.223,1790663641643,6.010984897613525,1.0959519147872925,0.2895418703556061,-0.49000000953674316,-4.130000114440918,6.090000152587891,-0.6391377259970233,descending,null
7,right,3284.232615384615,1790663641643,7.1356520652771,1.1222739219665527,0.19621846079826355,-0.49000000953674316,-4.130000114440918,6.090000152587891,-0.6640419478004809,descending,null
7,right,3284.242230769231,1790663641643,6.90114688873291,-0.08614469319581985,0.23929080367088318,-0.49000000953674316,-4.130000114440918,6.090000152587891,-0.6936521596201833,descending,null
7,right,3284.251846153846,1790663641643,8.329712867736816,0.7729093432426453,0.22014755010604858,-0.49000000953674316,-4.130000114440918,6.090000152587891,-0.7080489249159639,descending,null
7,right,3284.2614615384614,1790663641643,7.413229465484619,0.17707519233226776,0.28714898228645325,-0.49000000953674316,-4.130000114440918,6.090000152587891,-0.7322549889842609,descending,null
7,right,3284.271076923077,1790663641643,7.843952655792236,1.296956181526184,0.30629223585128784,-0.49000000953674316,-4.130000114440918,6.090000152587891,-0.7501379826227575,descending,null
7,right,3284.2806923076923,1790663641643,7.638162612915039,0.5479759573936462,0.26561281085014343,-0.49000000953674316,-4.130000114440918,6.090000152587891,-0.7714029625153447,descending,null
7,right,3284.2903076923076,1790663641643,8.382356643676758,0.08375178277492523,0.27757734060287476,-0.49000000953674316,-4.130000114440918,6.090000152587891,-0.7865647113834713,descending,null
7,left,3180.104,1790663641667,5.778872966766357,4.972463130950928,0.07896596938371658,-3.009999990463257,0.07000000029802322,4.96999979019165,-0.3460318913116337,descending,null
7,left,3180.113615384615,1790663641667,4.673349380493164,6.226346969604492,0.12921704351902008,-3.009999990463257,0.07000000029802322,4.96999979019165,-0.3675038744616995,descending,null
7,left,3180.1232307692308,1790663641667,5.092108249664307,6.920289993286133,0.11246667802333832,-3.009999990463257,0.07000000029802322,4.96999979019165,-0.38163030802706704,descending,null
7,left,3180.132846153846,1790663641667,5.759729862213135,6.575711250305176,0.18664683401584625,-3.009999990463257,0.07000000029802322,4.96999979019165,-0.39286184223445775,descending,null
7,left,3180.1424615384612,1790663641667,5.884160995483398,7.018399238586426,0.1411815732717514,-3.009999990463257,0.07000000029802322,4.96999979019165,-0.40048131525418945,descending,null
7,left,3180.152076923077,1790663641667,5.575475692749023,6.506317138671875,0.22014755010604858,-3.009999990463257,0.07000000029802322,4.96999979019165,-0.4134328330594877,descending,null
7,left,3180.161692307692,1790663641667,6.302919864654541,7.473052024841309,0.21536172926425934,-3.009999990463257,0.07000000029802322,4.96999979019165,-0.41508278783746955,descending,null
7,left,3180.1713076923074,1790663641667,5.865017890930176,7.913347244262695,0.2703986167907715,-3.009999990463257,0.07000000029802322,4.96999979019165,-0.417183198287331,descending,null
7,right,3284.3,1790663641715,8.973404884338379,0.0023929080925881863,0.27518442273139954,-0.21000000834465027,-3.0799999237060547,7.349999904632568,-0.7963549653814285,descending,null
7,right,3284.3096153846154,1790663641715,8.257925987243652,0.9954497814178467,0.32543548941612244,-0.21000000834465027,-3.0799999237060547,7.349999904632568,-0.8108654108998934,descending,null
7,right,3284.319230769231,1790663641715,8.667113304138184,0.9332341551780701,0.20339718461036682,-0.21000000834465027,-3.0799999237060547,7.349999904632568,-0.8215515287537541,descending,null
7,right,3284.3288461538464,1790663641715,8.382356643676758,0.5001177787780762,0.22014755010604858,-0.21000000834465027,-3.0799999237060547,7.349999904632568,-0.8357107176671918,descending,null
7,right,3284.3384615384616,1790663641715,9.66256332397461,0.28714898228645325,0.16271774470806122,-0.21000000834465027,-3.0799999237060547,7.349999904632568,-0.8381395408567242,descending,null
7,right,3284.3480769230773,1790663641715,9.559667587280273,0.09332341700792313,0.19861137866973877,-0.21000000834465027,-3.0799999237060547,7.349999904632568,-0.8418657035436256,descending,null
7,right,3284.3576923076926,1790663641715,9.83485221862793,0.4833674430847168,0.19382555782794952,-0.21000000834465027,-3.0799999237060547,7.349999904632568,-0.8422466689023734,descending,null
7,right,3284.367307692308,1790663641715,10.074143409729004,0.619763195514679,0.16511066257953644,-0.21000000834465027,-3.0799999237060547,7.349999904632568,-0.8400766220932542,descending,null
7,left,3180.184,1790663641742,6.5804972648620605,8.703006744384766,0.22014755010604858,-3.430000066757202,-0.2800000011920929,-3.7100000381469727,-0.40655943201499356,descending,null
7,left,3180.1936153846154,1790663641742,6.259847640991211,7.6261982917785645,0.30629223585128784,-3.430000066757202,-0.2800000011920929,-3.7100000381469727,-0.40740199158574597,descending,null
7,left,3180.203230769231,1790663641742,5.8219451904296875,8.839402198791504,0.21536172926425934,-3.430000066757202,-0.2800000011920929,-3.7100000381469727,-0.40393597621167693,descending,null
7,left,3180.2128461538464,1790663641742,8.444572448730469,6.128237724304199,0.7944455146789551,-3.430000066757202,-0.2800000011920929,-3.7100000381469727,-0.3977110266157244,descending,null
7,left,3180.2224615384616,1790663641742,6.757572650909424,8.930333137512207,0.2943277060985565,-3.430000066757202,-0.2800000011920929,-3.7100000381469727,-0.3867727050658231,descending,null
7,left,3180.2320769230773,1790663641742,5.845874309539795,8.41107177734375,0.3709007501602173,-3.430000066757202,-0.2800000011920929,-3.7100000381469727,-0.38559315043261655,descending,null
7,left,3180.2416923076926,1790663641742,5.908090114593506,8.095208168029785,0.37807947397232056,-3.430000066757202,-0.2800000011920929,-3.7100000381469727,-0.3858706446640957,descending,null
7,left,3180.251307692308,1790663641742,7.152402400970459,7.355799674987793,0.37807947397232056,-3.430000066757202,-0.2800000011920929,-3.7100000381469727,-0.3817172750557898,descending,null
7,right,3284.376,1790663641790,10.040642738342285,0.5862624645233154,0.3110780417919159,-0.9800000190734863,-3.0799999237060547,6.300000190734863,-0.8384998223600627,descending,null
7,right,3284.3856153846154,1790663641790,11.036091804504395,-0.8375178575515747,0.05742979422211647,-0.9800000190734863,-3.0799999237060547,6.300000190734863,-0.8296448986276955,descending,null
7,right,3284.395230769231,1790663641790,9.475915908813477,0.7800880670547485,0.11007377505302429,-0.9800000190734863,-3.0799999237060547,6.300000190734863,-0.8327375098794946,descending,null
7,right,3284.4048461538464,1790663641790,10.746550559997559,0.9308412671089172,0.11007377505302429,-0.9800000190734863,-3.0799999237060547,6.300000190734863,-0.8235471254946041,descending,null
7,right,3284.4144615384616,1790663641790,8.997334480285645,0.37807947397232056,0.01914326474070549,-0.9800000190734863,-3.0799999237060547,6.300000190734863,-0.8317367037498478,descending,null
7,right,3284.4240769230773,1790663641790,9.949711799621582,1.6582852602005005,-0.014357448555529118,-0.9800000190734863,-3.0799999237060547,6.300000190734863,-0.8287794075479604,descending,null
7,right,3284.4336923076926,1790663641790,9.294054985046387,-0.11246667802333832,0.007178724277764559,-0.9800000190734863,-3.0799999237060547,6.300000190734863,-0.8348971703065009,descending,null
7,right,3284.443307692308,1790663641790,9.30601978302002,2.6944146156311035,0.009571632370352745,-0.9800000190734863,-3.0799999237060547,6.300000190734863,-0.836357171433142,descending,null
7,left,3180.263,1790663641832,7.66448450088501,6.757572650909424,0.5431901216506958,-0.2800000011920929,-1.3300000429153442,-1.0499999523162842,-0.3765582413873279,descending,null
7,left,3180.272615384615,1790663641832,6.030128479003906,8.66472053527832,0.509689450263977,-0.2800000011920929,-1.3300000429153442,-1.0499999523162842,-0.37215933501020654,descending,null
7,left,3180.282230769231,1790663641832,6.965755462646484,6.590068817138672,-0.01914326474070549,-0.2800000011920929,-1.3300000429153442,-1.0499999523162842,-0.3744266693683708,descending,null
7,left,3180.291846153846,1790663641832,7.3605852127075195,6.27659797668457,0.5527617931365967,-0.2800000011920929,-1.3300000429153442,-1.0499999523162842,-0.37539494149833846,descending,null
7,left,3180.3014615384614,1790663641832,6.558960914611816,7.504159927368164,0.5336185097694397,-0.2800000011920929,-1.3300000429153442,-1.0499999523162842,-0.37441860920519526,descending,null
7,left,3180.311076923077,1790663641832,8.076065063476562,6.001413345336914,0.5862624645233154,-0.2800000011920929,-1.3300000429153442,-1.0499999523162842,-0.37192400719041163,descending,null
7,left,3180.3206923076923,1790663641832,7.674056053161621,5.759729862213135,0.5671192407608032,-0.2800000011920929,-1.3300000429153442,-1.0499999523162842,-0.3738591168743693,descending,null
7,left,3180.3303076923075,1790663641832,6.915504455566406,7.193081855773926,0.5264397859573364,-0.2800000011920929,-1.3300000429153442,-1.0499999523162842,-0.37228679688744565,descending,null
7,right,3284.451,1790663641894,10.488116264343262,0.32543548941612244,0.06460852175951004,-1.190000057220459,-3.2899999618530273,4.199999809265137,-0.8316527409080584,descending,null
7,right,3284.4606153846153,1790663641894,9.073907852172852,1.8999689817428589,0.035893622785806656,-1.190000057220459,-3.2899999618530273,4.199999809265137,-0.8366126148659194,descending,null
7,right,3284.470230769231,1790663641894,8.595325469970703,3.0892443656921387,-0.021536173298954964,-1.190000057220459,-3.2899999618530273,4.199999809265137,-0.8441447111286787,descending,null
7,right,3284.479846153846,1790663641894,10.064571380615234,0.2536482512950897,-0.0502510704100132,-1.190000057220459,-3.2899999618530273,4.199999809265137,-0.8423044621117247,descending,null
7,right,3284.4894615384615,1790663641894,9.535738945007324,2.1105449199676514,-0.06939433515071869,-1.190000057220459,-3.2899999618530273,4.199999809265137,-0.8424994247852189,descending,null
7,right,3284.499076923077,1790663641894,8.729329109191895,2.17036771774292,-0.035893622785806656,-1.190000057220459,-3.2899999618530273,4.199999809265137,-0.8502410608408886,descending,null
7,right,3284.5086923076924,1790663641894,9.509416580200195,2.1392598152160645,-0.09810923039913177,-1.190000057220459,-3.2899999618530273,4.199999809265137,-0.8506111615303433,descending,null
7,right,3284.5183076923076,1790663641894,9.155266761779785,2.268476963043213,-0.06460852175951004,-1.190000057220459,-3.2899999618530273,4.199999809265137,-0.8541343011655022,descending,null
7,left,3180.342,1790663641907,7.88223934173584,5.393614768981934,0.5958341360092163,-0.8400000333786011,-1.399999976158142,2.1700000762939453,-0.3755692595450129,descending,null
7,left,3180.3516153846153,1790663641907,7.351013660430908,6.817395210266113,0.6652284264564514,-0.8400000333786011,-1.399999976158142,2.1700000762939453,-0.373122708841132,descending,null
7,left,3180.361230769231,1790663641907,7.568768501281738,6.317277431488037,0.5384043455123901,-0.8400000333786011,-1.399999976158142,2.1700000762939453,-0.37233026860987356,descending,null
7,left,3180.3708461538463,1790663641907,7.9779558181762695,5.654441833496094,0.4953319728374481,-0.8400000333786011,-1.399999976158142,2.1700000762939453,-0.3727433438322869,descending,null
7,left,3180.3804615384615,1790663641907,7.5639824867248535,6.803037643432617,0.6604426503181458,-0.8400000333786011,-1.399999976158142,2.1700000762939453,-0.3688541689681689,descending,null
7,left,3180.3900769230772,1790663641907,7.750629425048828,6.8891825675964355,0.4642241597175598,-0.8400000333786011,-1.399999976158142,2.1700000762939453,-0.36320063588137275,descending,null
7,left,3180.3996923076925,1790663641907,7.913347244262695,7.047114372253418,0.4929390549659729,-0.8400000333786011,-1.399999976158142,2.1700000762939453,-0.3553568222324231,descending,null
7,left,3180.4093076923077,1790663641907,7.38690710067749,7.140437602996826,0.5001177787780762,-0.8400000333786011,-1.399999976158142,2.1700000762939453,-0.35073294140130046,descending,null
7,right,3284.527,1790663641924,9.282090187072754,3.2017109394073486,-0.0023929080925881863,-1.4700000286102295,-2.380000114440918,7.630000114440918,-0.8548907677968092,descending,null
7,right,3284.5366153846153,1790663641924,9.612311363220215,1.742037057876587,-0.03828652948141098,-1.4700000286102295,-2.380000114440918,7.630000114440918,-0.8549470787130782,descending,null
7,right,3284.546230769231,1790663641924,9.84203052520752,1.8329676389694214,0.011964540928602219,-1.4700000286102295,-2.380000114440918,7.630000114440918,-0.852703931004008,descending,null
7,right,3284.5558461538462,1790663641924,10.416329383850098,1.9095406532287598,-0.007178724277764559,-1.4700000286102295,-2.380000114440918,7.630000114440918,-0.8448912617382305,descending,null
7,right,3284.5654615384615,1790663641924,10.244039535522461,1.6080342531204224,0.014357448555529118,-1.4700000286102295,-2.380000114440918,7.630000114440918,-0.8391975806987751,descending,null
7,right,3284.575076923077,1790663641924,10.299076080322266,2.1536173820495605,0.009571632370352745,-1.4700000286102295,-2.380000114440918,7.630000114440918,-0.832118907240746,descending,null
7,right,3284.5846923076924,1790663641924,9.932961463928223,1.5434256792068481,0.023929081857204437,-1.4700000286102295,-2.380000114440918,7.630000114440918,-0.8294733089498594,descending,null
7,right,3284.5943076923077,1790663641924,10.155502319335938,1.6534994840621948,-0.0047858161851763725,-1.4700000286102295,-2.380000114440918,7.630000114440918,-0.8245318782955412,descending,null
7,left,3180.421,1790663641982,7.745843410491943,6.755179405212402,0.46900999546051025,-1.2599999904632568,-2.240000009536743,3.5,-0.34492044507845704,descending,null
7,left,3180.430615384615,1790663641982,7.181117057800293,6.9107184410095215,0.44747382402420044,-1.2599999904632568,-2.240000009536743,3.5,-0.3432621700293345,descending,null
7,left,3180.4402307692308,1790663641982,7.34383487701416,6.994470119476318,0.39961564540863037,-1.2599999904632568,-2.240000009536743,3.5,-0.3399228461177785,descending,null
7,left,3180.449846153846,1790663641982,7.4586944580078125,6.613997936248779,0.4115802049636841,-1.2599999904632568,-2.240000009536743,3.5,-0.3381420527032398,descending,null
7,left,3180.4594615384613,1790663641982,7.145223617553711,6.929862022399902,0.35654330253601074,-1.2599999904632568,-2.240000009536743,3.5,-0.3366640392756144,descending,null
7,left,3180.469076923077,1790663641982,7.22179651260376,6.94421911239624,0.382865309715271,-1.2599999904632568,-2.240000009536743,3.5,-0.33452103549637946,descending,null
7,left,3180.478692307692,1790663641982,7.209832191467285,7.298369884490967,0.3230426013469696,-1.2599999904632568,-2.240000009536743,3.5,-0.33025247296209426,descending,null
7,left,3180.4883076923074,1790663641982,7.123687267303467,7.164366722106934,0.3302213251590729,-1.2599999904632568,-2.240000009536743,3.5,-0.32744174664591014,descending,null
7,right,3284.603,1790663641999,9.741528511047363,1.7851094007492065,0.06939433515071869,-0.699999988079071,-2.7300000190734863,1.75,-0.82345343268825,descending,null
7,right,3284.6126153846153,1790663641999,10.186610221862793,1.0839873552322388,0.014357448555529118,-0.699999988079071,-2.7300000190734863,1.75,-0.8190974320451825,descending,null
7,right,3284.622230769231,1790663641999,10.021498680114746,1.6750357151031494,0.12203831225633621,-0.699999988079071,-2.7300000190734863,1.75,-0.8154398822422113,descending,null
7,right,3284.6318461538463,1790663641999,10.071749687194824,1.2921704053878784,0.09571632742881775,-0.699999988079071,-2.7300000190734863,1.75,-0.8118776379135493,descending,null
7,right,3284.6414615384615,1790663641999,10.217717170715332,1.081594467163086,0.12682412564754486,-0.699999988079071,-2.7300000190734863,1.75,-0.8072560428928122,descending,null
7,right,3284.651076923077,1790663641999,10.110036849975586,1.4237803220748901,0.14836029708385468,-0.699999988079071,-2.7300000190734863,1.75,-0.8031428478378353,descending,null
7,right,3284.6606923076924,1790663641999,9.899460792541504,1.1342384815216064,0.1698964685201645,-0.699999988079071,-2.7300000190734863,1.75,-0.8014640782485832,descending,null
7,right,3284.6703076923077,1790663641999,10.1578950881958,1.2825987339019775,0.15314611792564392,-0.699999988079071,-2.7300000190734863,1.75,-0.7970993187195093,descending,null
7,right,3284.678,1790663642074,9.928175926208496,1.5051392316818237,0.24407662451267242,-0.9100000262260437,-2.7300000190734863,6.019999980926514,-0.7951113206507763,descending,null
7,right,3284.687615384615,1790663642074,10.397185325622559,1.0385221242904663,0.16750356554985046,-0.9100000262260437,-2.7300000190734863,6.019999980926514,0,resting,null
7,right,3284.697230769231,1790663642074,9.853995323181152,1.4572809934616089,0.18664683401584625,-0.9100000262260437,-2.7300000190734863,6.019999980926514,0.0013578387981264973,resting,null
7,right,3284.706846153846,1790663642074,10.133965492248535,1.4668526649475098,0.2105759084224701,-0.9100000262260437,-2.7300000190734863,6.019999980926514,0.0053847221501607334,resting,null
7,right,3284.7164615384613,1790663642074,9.966462135314941,1.5673547983169556,0.2010042816400528,-0.9100000262260437,-2.7300000190734863,6.019999980926514,0.00797053315175466,resting,null
7,right,3284.726076923077,1790663642074,9.873138427734375,1.6941789388656616,0.19861137866973877,-0.9100000262260437,-2.7300000190734863,6.019999980926514,0.009853780611528046,resting,null
7,right,3284.7356923076923,1790663642074,9.8444242477417,1.5506044626235962,0.20579010248184204,-0.9100000262260437,-2.7300000190734863,6.019999980926514,0.011260920065300523,resting,null
7,right,3284.7453076923075,1790663642074,9.724778175354004,1.7563945055007935,0.2010042816400528,-0.9100000262260437,-2.7300000190734863,6.019999980926514,0.011826305522244855,resting,null
7,left,3180.501,1790663642117,7.293583869934082,7.0160064697265625,0.32543548941612244,-1.190000057220459,-1.4700000286102295,1.8899999856948853,-0.3233487157509834,descending,null
7,left,3180.5106153846154,1790663642117,6.8891825675964355,7.3605852127075195,0.28714898228645325,-1.190000057220459,-1.4700000286102295,1.8899999856948853,-0.320979751177108,descending,null
7,left,3180.520230769231,1790663642117,7.176331520080566,6.515888690948486,0.3350071310997009,-1.190000057220459,-1.4700000286102295,1.8899999856948853,-0.3218875233954453,descending,null
7,left,3180.5298461538464,1790663642117,7.080615043640137,6.898754119873047,0.27518442273139954,-1.190000057220459,-1.4700000286102295,1.8899999856948853,-0.32107175686150596,descending,null
7,left,3180.5394615384616,1790663642117,7.3246917724609375,6.578104496002197,0.27997025847435,-1.190000057220459,-1.4700000286102295,1.8899999856948853,0,resting,null
7,left,3180.5490769230773,1790663642117,7.243332862854004,6.523067474365234,0.24646952748298645,-1.190000057220459,-1.4700000286102295,1.8899999856948853,-0.00057091611399466,resting,null
7,left,3180.5586923076926,1790663642117,7.176331520080566,6.365135669708252,0.25604116916656494,-1.190000057220459,-1.4700000286102295,1.8899999856948853,-0.0026208121424037053,resting,null
7,left,3180.568307692308,1790663642117,7.276833534240723,6.317277431488037,0.26561281085014343,-1.190000057220459,-1.4700000286102295,1.8899999856948853,-0.004244468192934778,resting,null
7,left,3180.581,1790663642146,7.3605852127075195,6.326848983764648,0.2632198929786682,-1.399999976158142,-1.3300000429153442,4.96999979019165,-0.005505031037415378,resting,null
7,left,3180.5906153846154,1790663642146,7.166759967803955,6.37949275970459,0.2895418703556061,-1.399999976158142,-1.3300000429153442,4.96999979019165,-0.007508306345258712,resting,null
7,left,3180.600230769231,1790663642146,7.279226303100586,6.348385334014893,0.2536482512950897,-1.399999976158142,-1.3300000429153442,4.96999979019165,-0.008910224035277131,resting,null
7,left,3180.6098461538463,1790663642146,7.231368064880371,5.999020576477051,0.2895418703556061,-1.399999976158142,-1.3300000429153442,4.96999979019165,-0.012848010256709102,resting,null
7,left,3180.6194615384616,1790663642146,7.516124248504639,6.2981343269348145,0.27757734060287476,-1.399999976158142,-1.3300000429153442,4.96999979019165,-0.012834821795178043,resting,null
7,left,3180.6290769230773,1790663642146,7.133258819580078,6.427350997924805,0.260826975107193,-1.399999976158142,-1.3300000429153442,4.96999979019165,-0.014786013249055478,resting,null
7,left,3180.6386923076925,1790663642146,7.444336891174316,6.283776760101318,0.23689790070056915,-1.399999976158142,-1.3300000429153442,4.96999979019165,-0.0153934776433745,resting,null
7,left,3180.6483076923078,1790663642146,7.068650722503662,6.133023262023926,0.2632198929786682,-1.399999976158142,-1.3300000429153442,4.96999979019165,-0.019663380108432316,resting,null
7,left,3180.66,1790663642222,7.068650722503662,6.570925712585449,0.2321120798587799,-2.309999942779541,-0.9100000262260437,2.5899999141693115,-0.02151291409812263,resting,null
7,left,3180.669615384615,1790663642222,6.937040328979492,6.513495922088623,0.26800569891929626,-2.309999942779541,-0.9100000262260437,2.5899999141693115,-0.02433106405163336,resting,null
7,left,3180.679230769231,1790663642222,7.2481184005737305,6.034914016723633,0.24886244535446167,-2.309999942779541,-0.9100000262260437,2.5899999141693115,-0.027915425833800515,resting,null
7,left,3180.688846153846,1790663642222,6.884396553039551,7.013613700866699,0.2943277060985565,-2.309999942779541,-0.9100000262260437,2.5899999141693115,-0.0279518293311006,resting,null
7,left,3180.6984615384613,1790663642222,7.461087226867676,6.3699212074279785,0.2895418703556061,-2.309999942779541,-0.9100000262260437,2.5899999141693115,-0.027866012236273035,resting,null
7,left,3180.708076923077,1790663642222,7.1571879386901855,6.977719783782959,0.3015064299106598,-2.309999942779541,-0.9100000262260437,2.5899999141693115,-0.02615018162984927,resting,null
7,left,3180.7176923076922,1790663642222,7.123687267303467,6.704928398132324,0.3110780417919159,-2.309999942779541,-0.9100000262260437,2.5899999141693115,-0.026388282471260995,resting,null
7,left,3180.7273076923075,1790663642222,7.499373912811279,6.295741081237793,0.29911351203918457,-2.309999942779541,-0.9100000262260437,2.5899999141693115,-0.026489468031517967,resting,null
7,right,3284.755,1790663642224,9.839637756347656,1.395065426826477,0.15793193876743317,-0.8400000333786011,-3.430000066757202,1.399999976158142,0.012998951873648643,resting,null
7,right,3284.7646153846154,1790663642224,9.526166915893555,1.9191123247146606,0.19861137866973877,-0.8400000333786011,-3.430000066757202,1.399999976158142,0.011915309562376243,resting,null
7,right,3284.774230769231,1790663642224,9.976034164428711,1.560176134109497,0.18903973698616028,-0.8400000333786011,-3.430000066757202,1.399999976158142,0.014604837180257832,resting,null
7,right,3284.7838461538463,1790663642224,9.686491966247559,1.6989647150039673,0.23450499773025513,-0.8400000333786011,-3.430000066757202,1.399999976158142,0.01473005704315321,resting,null
7,right,3284.7934615384615,1790663642224,10.212931632995605,1.464459776878357,0.2105759084224701,-0.8400000333786011,-3.430000066757202,1.399999976158142,0.019534925250396143,resting,null
7,right,3284.8030769230772,1790663642224,9.703242301940918,1.5793193578720093,0.24407662451267242,-0.8400000333786011,-3.430000066757202,1.399999976158142,0.0196519075250153,resting,null
7,right,3284.8126923076925,1790663642224,9.964069366455078,1.3137065172195435,0.22014755010604858,-0.8400000333786011,-3.430000066757202,1.399999976158142,0.021881853446886163,resting,null
7,right,3284.8223076923077,1790663642224,9.509416580200195,1.3496001958847046,0.2416837215423584,-0.8400000333786011,-3.430000066757202,1.399999976158142,0.019839110685409726,resting,null
7,right,3284.831,1790663642226,9.679313659667969,1.5290682315826416,0.2321120798587799,-0.49000000953674316,-4.059999942779541,4.199999809265137,0.01968556987734774,resting,null
7,right,3284.8406153846154,1790663642226,9.734350204467773,1.2849916219711304,0.23689790070056915,-0.49000000953674316,-4.059999942779541,4.199999809265137,0.019699900298932486,resting,null
7,right,3284.850230769231,1790663642226,9.815709114074707,1.531461238861084,0.26800569891929626,-0.49000000953674316,-4.059999942779541,4.199999809265137,0.020826378046768092,resting,null
7,right,3284.8598461538463,1790663642226,10.074143409729004,1.2108114957809448,0.20818300545215607,-0.49000000953674316,-4.059999942779541,4.199999809265137,0.023983784218188423,resting,null
7,right,3284.8694615384616,1790663642226,9.978426933288574,1.1940611600875854,0.20579010248184204,-0.49000000953674316,-4.059999942779541,4.199999809265137,0.026212641826505664,resting,null
7,right,3284.8790769230773,1790663642226,10.131572723388672,1.4094228744506836,0.20579010248184204,-0.49000000953674316,-4.059999942779541,4.199999809265137,0.030193326442308887,resting,null
7,right,3284.8886923076925,1790663642226,9.830066680908203,1.1916682720184326,0.13400284945964813,-0.49000000953674316,-4.059999942779541,4.199999809265137,0.031028988977355603,resting,null
7,right,3284.8983076923078,1790663642226,9.877924919128418,1.3137065172195435,0.1698964685201645,-0.49000000953674316,-4.059999942779541,4.199999809265137,0.03247888462942901,resting,null
7,left,3180.739,1790663642296,7.03993558883667,6.647498607635498,0.3015064299106598,-2.7300000190734863,-0.5600000023841858,4.340000152587891,-0.027964266805500255,resting,null
7,left,3180.7486153846153,1790663642296,7.341442108154297,6.637927055358887,0.35654330253601074,-2.7300000190734863,-0.5600000023841858,4.340000152587891,-0.027031693758978854,resting,null
7,left,3180.758230769231,1790663642296,7.269654750823975,6.4393157958984375,0.3948298394680023,-2.7300000190734863,-0.5600000023841858,4.340000152587891,-0.02785913397002132,resting,null
7,left,3180.767846153846,1790663642296,6.7144999504089355,7.238546848297119,0.3038993179798126,-2.7300000190734863,-0.5600000023841858,4.340000152587891,-0.027671745531990383,resting,null
7,left,3180.7774615384615,1790663642296,7.240940093994141,6.257454872131348,0.33740004897117615,-2.7300000190734863,-0.5600000023841858,4.340000152587891,-0.029875530029006475,resting,null
7,left,3180.787076923077,1790663642296,6.999256134033203,6.73603630065918,0.2943277060985565,-2.7300000190734863,-0.5600000023841858,4.340000152587891,-0.03081879692382109,resting,null
7,left,3180.7966923076924,1790663642296,6.704928398132324,7.056685924530029,0.28714898228645325,-2.7300000190734863,-0.5600000023841858,4.340000152587891,-0.03185746221613999,resting,null
7,left,3180.8063076923077,1790663642296,7.147616386413574,6.539817810058594,0.3230426013469696,-2.7300000190734863,-0.5600000023841858,4.340000152587891,-0.032951313154258,resting,null
7,right,3284.907,1790663642303,9.911425590515137,0.8686256408691406,0.14596739411354065,-0.7699999809265137,-4.760000228881836,0.8400000333786011,0.03355250472698132,resting,null
7,right,3284.9166153846154,1790663642303,9.784601211547852,1.4237803220748901,0.09571632742881775,-0.7699999809265137,-4.760000228881836,0.8400000333786011,0.03427555507806557,resting,null
7,right,3284.926230769231,1790663642303,9.923389434814453,0.8423036336898804,0.11007377505302429,-0.7699999809265137,-4.760000228881836,0.8400000333786011,0.035557562662868324,resting,null
7,right,3284.9358461538463,1790663642303,9.447200775146484,1.7611804008483887,0.14596739411354065,-0.7699999809265137,-4.760000228881836,0.8400000333786011,0.03350293521049668,resting,null
7,right,3284.9454615384616,1790663642303,9.798958778381348,0.8399107456207275,0.1603248417377472,-0.7699999809265137,-4.760000228881836,0.8400000333786011,0.03359069380791148,resting,null
7,right,3284.9550769230773,1790663642303,9.511809349060059,1.3376356363296509,0.181861013174057,-0.7699999809265137,-4.760000228881836,0.8400000333786011,0.031590241905419834,resting,null
7,right,3284.9646923076925,1790663642303,9.64581298828125,1.1150951385498047,0.18903973698616028,-0.7699999809265137,-4.760000228881836,0.8400000333786011,0.03057892732973063,resting,null
7,right,3284.974307692308,1790663642303,9.597954750061035,0.3541503846645355,0.18425391614437103,-0.7699999809265137,-4.760000228881836,0.8400000333786011,0.028144645688512,resting,null
7,left,3180.818,1790663642387,6.558960914611816,7.116508483886719,0.2632198929786682,-3.2200000286102295,-0.49000000953674316,0.9800000190734863,-0.035007150554409804,resting,null
7,left,3180.8276153846155,1790663642387,6.731250286102295,6.724071502685547,0.3206496834754944,-3.2200000286102295,-0.49000000953674316,0.9800000190734863,-0.037917133869385555,resting,null
7,left,3180.837230769231,1790663642387,6.616390705108643,6.360349655151367,0.3134709596633911,-3.2200000286102295,-0.49000000953674316,0.9800000190734863,-0.04396246645506231,resting,null
7,left,3180.8468461538464,1790663642387,6.302919864654541,6.578104496002197,0.3110780417919159,-3.2200000286102295,-0.49000000953674316,0.9800000190734863,-0.050857435931999095,resting,null
7,left,3180.8564615384616,1790663642387,6.255061626434326,6.807823657989502,0.33740004897117615,-3.2200000286102295,-0.49000000953674316,0.9800000190734863,-0.05660037712554626,resting,null
7,left,3180.8660769230773,1790663642387,6.161738395690918,6.121058940887451,0.3541503846645355,-3.2200000286102295,-0.49000000953674316,0.9800000190734863,-0.06738997014590523,resting,null
7,left,3180.8756923076926,1790663642387,5.85066032409668,6.2000250816345215,0.3948298394680023,-3.2200000286102295,-0.49000000953674316,0.9800000190734863,-0.07986547728945183,resting,null
7,left,3180.885307692308,1790663642387,5.446259021759033,5.424722671508789,0.41636601090431213,-3.2200000286102295,-0.49000000953674316,0.9800000190734863,-0.10018756070263275,resting,null
7,right,3284.982,1790663642404,9.600347518920898,1.2706341743469238,0.18903973698616028,-0.21000000834465027,-5.110000133514404,3.430000066757202,0.027152572053139354,resting,null
7,right,3284.991615384615,1790663642404,9.463951110839844,0.5144752264022827,0.15553902089595795,-0.21000000834465027,-5.110000133514404,3.430000066757202,0.023673220838666274,resting,null
7,right,3285.001230769231,1790663642404,9.341913223266602,0.7992312908172607,0.12443122267723083,-0.21000000834465027,-5.110000133514404,3.430000066757202,0.019402408553270804,resting,null
7,right,3285.010846153846,1790663642404,9.105015754699707,0.6341206431388855,0.12443122267723083,-0.21000000834465027,-5.110000133514404,3.430000066757202,0.012683084474259546,resting,null
7,right,3285.0204615384614,1790663642404,8.868117332458496,0.5742979645729065,0.09810923039913177,-0.21000000834465027,-5.110000133514404,3.430000066757202,0.003651773500078699,resting,null
7,right,3285.030076923077,1790663642404,8.667113304138184,0.7346227765083313,0.09571632742881775,-0.21000000834465027,-5.110000133514404,3.430000066757202,-0.0070937814826384634,resting,null
7,right,3285.0396923076923,1790663642404,8.291426658630371,0.37807947397232056,0.04307234659790993,-0.21000000834465027,-5.110000133514404,3.430000066757202,-0.02181311863911693,resting,null
7,right,3285.0493076923076,1790663642404,7.595090389251709,0.8829830884933472,0.047858163714408875,-0.21000000834465027,-5.110000133514404,3.430000066757202,-0.0425864714872014,resting,null
7,left,3180.897,1790663642461,5.5611186027526855,5.262004852294922,0.3230426013469696,-1.8899999856948853,-1.190000057220459,6.300000190734863,-0.12520328063456387,resting,null
7,left,3180.906615384615,1790663642461,5.156716823577881,5.501295566558838,0.3134709596633911,-1.8899999856948853,-1.190000057220459,6.300000190734863,-0.14710285612929136,descending,null
7,left,3180.916230769231,1790663642461,5.230896949768066,5.068179130554199,0.35654330253601074,-1.8899999856948853,-1.190000057220459,6.300000190734863,-0.17123809728175865,descending,null
7,left,3180.925846153846,1790663642461,5.132787704467773,5.180645942687988,0.3134709596633911,-1.8899999856948853,-1.190000057220459,6.300000190734863,-0.19534736845270861,descending,null
7,left,3180.9354615384614,1790663642461,5.264397621154785,5.077751159667969,0.38525819778442383,-1.8899999856948853,-1.190000057220459,6.300000190734863,-0.219144487043867,descending,null
7,left,3180.945076923077,1790663642461,4.910247325897217,4.625491142272949,0.33740004897117615,-1.8899999856948853,-1.190000057220459,6.300000190734863,-0.2483885069745634,descending,null
7,left,3180.9546923076923,1790663642461,4.587204933166504,4.087087154388428,0.31825676560401917,-1.8899999856948853,-1.190000057220459,6.300000190734863,-0.2833975033750605,descending,null
7,left,3180.9643076923076,1790663642461,4.558489799499512,3.5247535705566406,0.3134709596633911,-1.8899999856948853,-1.190000057220459,6.300000190734863,-0.3222169157790753,descending,null
7,right,3285.058,1790663642512,7.214617729187012,0.41875892877578735,0.011964540928602219,-0.7699999809265137,-6.230000019073486,0.42000001668930054,-0.06510799084194219,resting,null
7,right,3285.0676153846152,1790663642512,7.190688610076904,0.41636601090431213,0.06700142472982407,-0.7699999809265137,-6.230000019073486,0.42000001668930054,-0.0902437923005438,resting,null
7,right,3285.077230769231,1790663642512,6.8891825675964355,0.8853759765625,0.021536173298954964,-0.7699999809265137,-6.230000019073486,0.42000001668930054,-0.11771433802944264,resting,null
7,right,3285.086846153846,1790663642512,7.159581184387207,0.8088029623031616,0.06460852175951004,-0.7699999809265137,-6.230000019073486,0.42000001668930054,-0.14268368021825995,resting,null
7,right,3285.0964615384614,1790663642512,6.937040328979492,0.746587336063385,0.05742979422211647,-0.7699999809265137,-6.230000019073486,0.42000001668930054,-0.1698323443613404,descending,null
7,right,3285.106076923077,1790663642512,6.4321370124816895,0.32543548941612244,0.06221561133861542,-0.7699999809265137,-6.230000019073486,0.42000001668930054,-0.20225739596736583,descending,null
7,right,3285.1156923076924,1790663642512,6.214382171630859,0.7322298884391785,0.040679436177015305,-0.7699999809265137,-6.230000019073486,0.42000001668930054,-0.2362912516406898,descending,null
7,right,3285.1253076923076,1790663642512,5.795623302459717,0.4259376525878906,0.07657305896282196,-0.7699999809265137,-6.230000019073486,0.42000001668930054,-0.2746541604623727,descending,null
7,left,3180.977,1790663642538,4.312020301818848,3.519967794418335,0.27518442273139954,-1.399999976158142,-1.8200000524520874,2.5899999141693115,-0.375801850322179,descending,null
7,left,3180.986615384615,1790663642538,3.9578700065612793,3.843010425567627,0.20579010248184204,-1.399999976158142,-1.8200000524520874,2.5899999141693115,-0.4168505081374116,descending,null
7,left,3180.996230769231,1790663642538,3.9243693351745605,3.0892443656921387,0.22732627391815186,-1.399999976158142,-1.8200000524520874,2.5899999141693115,-0.4629568108509723,descending,null
7,left,3181.005846153846,1790663642538,3.5869691371917725,3.3117847442626953,0.22493335604667664,-1.399999976158142,-1.8200000524520874,2.5899999141693115,-0.5100179472464252,descending,null
7,left,3181.0154615384613,1790663642538,3.835831642150879,2.9839563369750977,0.18664683401584625,-1.399999976158142,-1.8200000524520874,2.5899999141693115,-0.5574010287759592,descending,null
7,left,3181.025076923077,1790663642538,4.134945392608643,2.7805593013763428,0.23929080367088318,-1.399999976158142,-1.8200000524520874,2.5899999141693115,-0.6039086651765664,descending,null
7,left,3181.0346923076922,1790663642538,3.5654330253601074,3.598933696746826,0.23689790070056915,-1.399999976158142,-1.8200000524520874,2.5899999141693115,-0.6492095861002575,descending,null
7,left,3181.0443076923075,1790663642538,4.252197742462158,2.7638089656829834,0.23450499773025513,-1.399999976158142,-1.8200000524520874,2.5899999141693115,-0.6949384329798387,descending,null
7,right,3285.134,1790663642539,5.214146614074707,0.5647262930870056,0.06700142472982407,-0.9800000190734863,-5.25,1.3300000429153442,-0.31419670539362915,descending,null
7,right,3285.1436153846153,1790663642539,5.075357913970947,0.8781972527503967,0.08375178277492523,-0.9800000190734863,-5.25,1.3300000429153442,-0.35890075044998626,descending,null
7,right,3285.153230769231,1790663642539,4.958105564117432,0.5599405169487,0.12443122267723083,-0.9800000190734863,-5.25,1.3300000429153442,-0.40506490264384054,descending,null
7,right,3285.162846153846,1790663642539,4.709243297576904,0.6724071502685547,0.12443122267723083,-0.9800000190734863,-5.25,1.3300000429153442,-0.4534603301252323,descending,null
7,right,3285.1724615384614,1790663642539,4.3048415184021,0.5647262930870056,0.09571632742881775,-0.9800000190734863,-5.25,1.3300000429153442,-0.5058060234576712,descending,null
7,right,3285.182076923077,1790663642539,4.453201770782471,0.5910483002662659,0.08853759616613388,-0.9800000190734863,-5.25,1.3300000429153442,-0.5566816842219522,descending,null
7,right,3285.1916923076924,1790663642539,4.558489799499512,0.5671192407608032,0.1005021408200264,-0.9800000190734863,-5.25,1.3300000429153442,-0.606559098807843,descending,null
7,right,3285.2013076923076,1790663642539,4.455595016479492,0.8470894694328308,0.09810923039913177,-0.9800000190734863,-5.25,1.3300000429153442,-0.6570900753710117,descending,null
7,right,3285.211,1790663642630,4.955712795257568,0.6173703074455261,0.12682412564754486,-1.190000057220459,-3.1500000953674316,1.2599999904632568,-0.7034510615569881,descending,null
7,right,3285.220615384615,1790663642630,5.101680278778076,0.5742979645729065,0.12682412564754486,-1.190000057220459,-3.1500000953674316,1.2599999904632568,-0.7480770383599951,descending,null
7,right,3285.2302307692307,1790663642630,5.503688812255859,1.1605603694915771,0.1316099464893341,-1.190000057220459,-3.1500000953674316,1.2599999904632568,-0.7882099947519571,descending,null
7,right,3285.239846153846,1790663642630,6.020556926727295,0.3804723918437958,0.12443122267723083,-1.190000057220459,-3.1500000953674316,1.2599999904632568,-0.8242366851271593,descending,null
7,right,3285.249461538461,1790663642630,6.2718119621276855,0.7513731122016907,0.10289505124092102,-1.190000057220459,-3.1500000953674316,1.2599999904632568,-0.8574408333761699,descending,null
7,right,3285.259076923077,1790663642630,6.688178062438965,1.0457007884979248,0.11007377505302429,-1.190000057220459,-3.1500000953674316,1.2599999904632568,-0.8863402388726878,descending,null
7,right,3285.268692307692,1790663642630,7.207438945770264,0.24886244535446167,0.06460852175951004,-1.190000057220459,-3.1500000953674316,1.2599999904632568,-0.9111069769935377,descending,null
7,right,3285.2783076923074,1790663642630,7.6261982917785645,0.9428057670593262,0.12203831225633621,-1.190000057220459,-3.1500000953674316,1.2599999904632568,-0.9311392925113011,descending,null
7,left,3181.056,1790663642672,4.314413070678711,3.3907508850097656,0.24407662451267242,-2.5199999809265137,-0.699999988079071,0.42000001668930054,-0.7450777577193254,descending,null
7,left,3181.0656153846153,1790663642672,4.278519630432129,4.000942230224609,0.24646952748298645,-2.5199999809265137,-0.699999988079071,0.42000001668930054,-0.7826338496768674,descending,null
7,left,3181.075230769231,1790663642672,5.032285690307617,3.4529664516448975,0.28714898228645325,-2.5199999809265137,-0.699999988079071,0.42000001668930054,-0.8182803377049322,descending,null
7,left,3181.0848461538462,1790663642672,5.137573719024658,4.508238792419434,0.2727915346622467,-2.5199999809265137,-0.699999988079071,0.42000001668930054,-0.8463960494337225,descending,null
7,left,3181.0944615384615,1790663642672,5.027499675750732,4.800173759460449,0.27518442273139954,-2.5199999809265137,-0.699999988079071,0.42000001668930054,-0.8734141058435206,descending,null
7,left,3181.104076923077,1790663642672,5.905697345733643,4.362271308898926,0.2632198929786682,-2.5199999809265137,-0.699999988079071,0.42000001668930054,-0.8969390254213685,descending,null
7,left,3181.1136923076924,1790663642672,5.611369609832764,5.685549736022949,0.2105759084224701,-2.5199999809265137,-0.699999988079071,0.42000001668930054,-0.9141098417855548,descending,null
7,left,3181.1233076923077,1790663642672,6.238311290740967,6.068414688110352,0.23689790070056915,-2.5199999809265137,-0.699999988079071,0.42000001668930054,-0.9243189237112323,descending,null
7,right,3285.286,1790663642689,8.119136810302734,0.9451987147331238,0.11485958844423294,-1.6800000667572021,-1.6100000143051147,1.8200000524520874,-0.9433876241015119,descending,null
7,right,3285.2956153846153,1790663642689,8.628826141357422,0.5025107264518738,0.20818300545215607,-1.6800000667572021,-1.6100000143051147,1.8200000524520874,-0.9543115871201203,descending,null
7,right,3285.305230769231,1790663642689,8.6096830368042,0.8375178575515747,0.21775463223457336,-1.6800000667572021,-1.6100000143051147,1.8200000524520874,-0.9650581599866743,descending,null
7,right,3285.3148461538462,1790663642689,8.468502044677734,0.8159816861152649,0.25604116916656494,-1.6800000667572021,-1.6100000143051147,1.8200000524520874,-0.9771746428043997,descending,null
7,right,3285.3244615384615,1790663642689,8.135887145996094,0.44747382402420044,0.22014755010604858,-1.6800000667572021,-1.6100000143051147,1.8200000524520874,-0.9928271475113148,descending,null
7,right,3285.334076923077,1790663642689,8.102386474609375,0.8925547003746033,0.18903973698616028,-1.6800000667572021,-1.6100000143051147,1.8200000524520874,-1.0083238689090854,descending,null
7,right,3285.3436923076924,1790663642689,8.408679008483887,0.904519259929657,0.18903973698616028,-1.6800000667572021,-1.6100000143051147,1.8200000524520874,-1.0208706970684436,descending,null
7,right,3285.3533076923077,1790663642689,9.27969741821289,0.10528795421123505,0.10289505124092102,-1.6800000667572021,-1.6100000143051147,1.8200000524520874,-1.0258697618286612,descending,null
7,left,3181.135,1790663642701,6.621176719665527,5.867410659790039,0.2105759084224701,-3.2899999618530273,-0.9800000190734863,1.2599999904632568,-0.934980527384292,descending,null
7,left,3181.1446153846155,1790663642701,6.010984897613525,6.673820495605469,0.16271774470806122,-3.2899999618530273,-0.9800000190734863,1.2599999904632568,-0.9429363827249606,descending,null
7,left,3181.154230769231,1790663642701,6.3627424240112305,5.664013385772705,0.17946811020374298,-3.2899999618530273,-0.9800000190734863,1.2599999904632568,-0.95485823888396,descending,null
7,left,3181.1638461538464,1790663642701,6.1019158363342285,6.089951038360596,0.2129688262939453,-3.2899999618530273,-0.9800000190734863,1.2599999904632568,-0.9658825620094414,descending,null
7,left,3181.1734615384617,1790663642701,5.977484226226807,6.451280117034912,0.23450499773025513,-3.2899999618530273,-0.9800000190734863,1.2599999904632568,-0.9754442208391871,descending,null
7,left,3181.1830769230774,1790663642701,6.759965419769287,5.89373254776001,0.36611494421958923,-3.2899999618530273,-0.9800000190734863,1.2599999904632568,-0.9829710695835515,descending,null
7,left,3181.1926923076926,1790663642701,6.4464945793151855,7.16197395324707,0.3326142132282257,-3.2899999618530273,-0.9800000190734863,1.2599999904632568,-0.9845731159967951,descending,null
7,left,3181.202307692308,1790663642701,6.951397895812988,6.283776760101318,0.363722026348114,-3.2899999618530273,-0.9800000190734863,1.2599999904632568,-0.9882230955716192,descending,null
7,right,3285.362,1790663642765,9.2725191116333,1.3711363077163696,0.1411815732717514,-1.75,-1.8899999856948853,0.699999988079071,-1.0293038303309137,descending,null
7,right,3285.3716153846153,1790663642765,9.47113037109375,0.7920525670051575,0.1316099464893341,-1.75,-1.8899999856948853,0.699999988079071,-1.0317821321392202,descending,null
7,right,3285.381230769231,1790663642765,9.203125,1.0074143409729004,0.1316099464893341,-1.75,-1.8899999856948853,0.699999988079071,-1.0366009965752538,descending,null
7,right,3285.3908461538463,1790663642765,9.255768775939941,0.7609447836875916,0.1005021408200264,-1.75,-1.8899999856948853,0.699999988079071,-1.0411516436520643,descending,null
7,right,3285.4004615384615,1790663642765,9.270126342773438,0.339792937040329,0.10768086463212967,-1.75,-1.8899999856948853,0.699999988079071,-1.0459717291035333,descending,null
7,right,3285.410076923077,1790663642765,9.571632385253906,0.7322298884391785,0.06221561133861542,-1.75,-1.8899999856948853,0.699999988079071,-1.0475108366192556,descending,null
7,right,3285.4196923076925,1790663642765,9.693670272827148,0.6819788217544556,0.08135887235403061,-1.75,-1.8899999856948853,0.699999988079071,-1.0479287288682306,descending,null
7,right,3285.4293076923077,1790663642765,10.203360557556152,0.9978426694869995,0.13878867030143738,-1.75,-1.8899999856948853,0.699999988079071,-1.043177661788752,descending,null
7,left,3181.214,1790663642776,7.171545505523682,6.343599319458008,0.34936457872390747,-1.8899999856948853,-1.4700000286102295,1.6100000143051147,-0.9902859582048503,descending,null
7,left,3181.223615384615,1790663642776,6.556568145751953,7.030364036560059,0.35654330253601074,-1.8899999856948853,-1.4700000286102295,1.6100000143051147,-0.9919571899488809,descending,null
7,left,3181.233230769231,1790663642776,7.025578022003174,6.520674705505371,0.36850783228874207,-1.8899999856948853,-1.4700000286102295,1.6100000143051147,-0.9935482374777596,descending,null
7,left,3181.242846153846,1790663642776,6.7144999504089355,7.006434917449951,0.37807947397232056,-1.8899999856948853,-1.4700000286102295,1.6100000143051147,-0.9942145335696331,descending,null
7,left,3181.2524615384614,1790663642776,6.984898567199707,7.408443450927734,0.3732936680316925,-1.8899999856948853,-1.4700000286102295,1.6100000143051147,-0.990353026488539,descending,null
7,left,3181.262076923077,1790663642776,7.092579364776611,6.810216426849365,0.3613291084766388,-1.8899999856948853,-1.4700000286102295,1.6100000143051147,-0.9895931209363121,descending,null
7,left,3181.2716923076923,1790663642776,7.410836219787598,7.365371227264404,0.3445787727832794,-1.8899999856948853,-1.4700000286102295,1.6100000143051147,-0.9829816145888538,descending,null
7,left,3181.2813076923076,1790663642776,7.554410934448242,7.942061901092529,0.3445787727832794,-1.8899999856948853,-1.4700000286102295,1.6100000143051147,-0.9716052829167628,descending,null
7,right,3285.438,1790663642840,9.889888763427734,0.6221560835838318,0.13878867030143738,-1.6800000667572021,-1.8200000524520874,0.42000001668930054,-1.0419123395664516,descending,null
7,right,3285.4476153846153,1790663642840,10.52161693572998,1.0145930051803589,0.18664683401584625,-1.6800000667572021,-1.8200000524520874,0.42000001668930054,-1.0341060871127223,descending,null
7,right,3285.457230769231,1790663642840,10.7991943359375,0.37807947397232056,0.11725249886512756,-1.6800000667572021,-1.8200000524520874,0.42000001668930054,-1.0242251810871923,descending,null
7,right,3285.4668461538463,1790663642840,10.619726181030273,0.5312256217002869,0.1507532149553299,-1.6800000667572021,-1.8200000524520874,0.42000001668930054,-1.015920123762216,descending,null
7,right,3285.4764615384615,1790663642840,10.34693431854248,0.9810923337936401,0.08614469319581985,-1.6800000667572021,-1.8200000524520874,0.42000001668930054,-1.009810123669809,descending,null
7,right,3285.4860769230772,1790663642840,10.093286514282227,0.6341206431388855,0.12682412564754486,-1.6800000667572021,-1.8200000524520874,0.42000001668930054,-1.0064434131849374,descending,null
7,right,3285.4956923076925,1790663642840,11.033699035644531,1.237133502960205,0.14836029708385468,-1.6800000667572021,-1.8200000524520874,0.42000001668930054,-0.993539118027332,descending,null
7,right,3285.5053076923077,1790663642840,11.473994255065918,0.9667348861694336,0.2321120798587799,-1.6800000667572021,-1.8200000524520874,0.42000001668930054,-0.9766766101890723,descending,null
7,left,3181.294,1790663642852,8.025814056396484,7.78652286529541,0.35654330253601074,-2.309999942779541,-1.4700000286102295,2.450000047683716,-0.9535165848045545,descending,null
7,left,3181.303615384615,1790663642852,7.688413619995117,8.035385131835938,0.38765111565589905,-2.309999942779541,-1.4700000286102295,2.450000047683716,-0.9405618807780802,descending,null
7,left,3181.313230769231,1790663642852,7.6908063888549805,8.009063720703125,0.40679436922073364,-2.309999942779541,-1.4700000286102295,2.450000047683716,-0.9277518947898307,descending,null
7,left,3181.322846153846,1790663642852,7.56158971786499,6.76235818862915,0.363722026348114,-2.309999942779541,-1.4700000286102295,2.450000047683716,-0.9240099931037405,descending,null
7,left,3181.3324615384613,1790663642852,7.750629425048828,7.860702991485596,0.2895418703556061,-2.309999942779541,-1.4700000286102295,2.450000047683716,-0.9118013080152904,descending,null
7,left,3181.342076923077,1790663642852,8.559432029724121,8.23878288269043,0.34697166085243225,-2.309999942779541,-1.4700000286102295,2.450000047683716,-0.8914072433831889,descending,null
7,left,3181.3516923076922,1790663642852,9.150480270385742,8.021027565002441,0.37568655610084534,-2.309999942779541,-1.4700000286102295,2.450000047683716,-0.8682662588417254,descending,null
7,left,3181.3613076923075,1790663642852,8.281854629516602,7.858310222625732,0.34697166085243225,-2.309999942779541,-1.4700000286102295,2.450000047683716,-0.8523336736599362,descending,null
7,right,3285.514,1790663642914,12.345012664794922,0.8638398051261902,0.181861013174057,-1.5399999618530273,-0.699999988079071,-0.699999988079071,-0.9539800126956914,descending,null
7,right,3285.5236153846154,1790663642914,11.31127643585205,0.8805902004241943,0.20579010248184204,-1.5399999618530273,-0.699999988079071,-0.699999988079071,-0.938760067139686,descending,null
7,right,3285.533230769231,1790663642914,11.217952728271484,1.2347406148910522,0.15553902089595795,-1.5399999618530273,-0.699999988079071,-0.699999988079071,-0.9241198330416671,descending,null
7,right,3285.5428461538463,1790663642914,11.040878295898438,0.7226582169532776,0.11485958844423294,-1.5399999618530273,-0.699999988079071,-0.699999988079071,-0.9116312266803404,descending,null
7,right,3285.5524615384616,1790663642914,12.086578369140625,1.1007376909255981,0.10289505124092102,-1.5399999618530273,-0.699999988079071,-0.699999988079071,-0.8888054683170015,descending,null
7,right,3285.5620769230773,1790663642914,11.974112510681152,1.0552724599838257,0.13639576733112335,-1.5399999618530273,-0.699999988079071,-0.699999988079071,-0.8671061533946429,descending,null
7,right,3285.5716923076925,1790663642914,12.218188285827637,1.3400285243988037,0.1316099464893341,-1.5399999618530273,-0.699999988079071,-0.699999988079071,-0.842826668488776,descending,null
7,right,3285.5813076923077,1790663642914,12.160758972167969,1.2849916219711304,0.23689790070056915,-1.5399999618530273,-0.699999988079071,-0.699999988079071,-0.8191554633598112,descending,null
7,left,3181.373,1790663642942,8.707792282104492,7.26486873626709,0.3924369215965271,-0.7699999809265137,-2.380000114440918,4.619999885559082,-0.833988082550753,descending,null
7,left,3181.3826153846153,1790663642942,8.719757080078125,7.939669132232666,0.4642241597175598,-0.7699999809265137,-2.380000114440918,4.619999885559082,-0.8144112001579308,descending,null
7,left,3181.392230769231,1790663642942,8.686256408691406,8.458930015563965,0.5025107264518738,-0.7699999809265137,-2.380000114440918,4.619999885559082,-0.7916954293019554,descending,null
7,left,3181.4018461538462,1790663642942,8.616862297058105,8.746079444885254,0.4044014811515808,-0.7699999809265137,-2.380000114440918,4.619999885559082,-0.7676439117909488,descending,null
7,left,3181.4114615384615,1790663642942,8.310569763183594,7.9779558181762695,0.3421858549118042,-0.7699999809265137,-2.380000114440918,4.619999885559082,-0.7507825157618566,descending,null
7,left,3181.421076923077,1790663642942,8.719757080078125,8.389535903930664,0.26800569891929626,-0.7699999809265137,-2.380000114440918,4.619999885559082,-0.7283818464612647,descending,null
7,left,3181.4306923076924,1790663642942,8.899225234985352,8.640790939331055,0.36850783228874207,-0.7699999809265137,-2.380000114440918,4.619999885559082,-0.7030521050402304,descending,null
7,left,3181.4403076923077,1790663642942,9.298840522766113,9.246196746826172,0.4139730930328369,-0.7699999809265137,-2.380000114440918,4.619999885559082,-0.6709568597971051,descending,null
7,right,3285.59,1790663642989,12.167937278747559,1.3424214124679565,0.26561281085014343,-1.6800000667572021,-1.6100000143051147,-1.190000057220459,-0.7976536991165015,descending,null
7,right,3285.5996153846154,1790663642989,12.72787857055664,0.708300769329071,0.22014755010604858,-1.6800000667572021,-1.6100000143051147,-1.190000057220459,-0.7690920648421464,descending,null
7,right,3285.609230769231,1790663642989,12.706341743469238,0.8111958503723145,0.181861013174057,-1.6800000667572021,-1.6100000143051147,-1.190000057220459,-0.7406524632811718,descending,null
7,right,3285.6188461538463,1790663642989,13.151422500610352,0.9404128789901733,0.09332341700792313,-1.6800000667572021,-1.6100000143051147,-1.190000057220459,-0.707854623588059,descending,null
7,right,3285.6284615384616,1790663642989,12.471837043762207,1.0313433408737183,0.1005021408200264,-1.6800000667572021,-1.6100000143051147,-1.190000057220459,-0.681493793457849,descending,null
7,right,3285.6380769230773,1790663642989,12.402442932128906,1.0409150123596191,0.06700142472982407,-1.6800000667572021,-1.6100000143051147,-1.190000057220459,-0.6558006382239053,descending,null
7,right,3285.6476923076925,1790663642989,13.196887969970703,1.2155972719192505,0.15553902089595795,-1.6800000667572021,-1.6100000143051147,-1.190000057220459,-0.6223633374144354,descending,null
7,right,3285.6573076923078,1790663642989,13.586932182312012,0.8853759765625,0.21775463223457336,-1.6800000667572021,-1.6100000143051147,-1.190000057220459,-0.5854935625289419,descending,null
7,left,3181.453,1790663643018,9.215088844299316,8.805901527404785,0.5144752264022827,-1.9600000381469727,-2.1700000762939453,2.240000009536743,-0.6331375809224925,descending,null
7,left,3181.462615384615,1790663643018,9.109801292419434,8.607290267944336,0.521653950214386,-1.9600000381469727,-2.1700000762939453,2.240000009536743,-0.6065347131944656,descending,null
7,left,3181.472230769231,1790663643018,8.375178337097168,8.468502044677734,0.4929390549659729,-1.9600000381469727,-2.1700000762939453,2.240000009536743,-0.5860250119738208,descending,null
7,left,3181.481846153846,1790663643018,9.215088844299316,8.724542617797852,0.44029510021209717,-1.9600000381469727,-2.1700000762939453,2.240000009536743,-0.5579617865531337,descending,null
7,left,3181.4914615384614,1790663643018,9.207910537719727,9.128944396972656,0.363722026348114,-1.9600000381469727,-2.1700000762939453,2.240000009536743,-0.5273383989881933,descending,null
7,left,3181.501076923077,1790663643018,9.059550285339355,9.164837837219238,0.2823631465435028,-1.9600000381469727,-2.1700000762939453,2.240000009536743,-0.49756558354907965,descending,null
7,left,3181.5106923076924,1790663643018,9.231839179992676,8.152637481689453,0.23689790070056915,-1.9600000381469727,-2.1700000762939453,2.240000009536743,-0.4732351363554233,descending,null
7,left,3181.5203076923076,1790663643018,9.241411209106445,8.33449935913086,0.22014755010604858,-1.9600000381469727,-2.1700000762939453,2.240000009536743,-0.44766092382001443,descending,null
7,right,3285.666,1790663643065,12.998276710510254,1.3304568529129028,0.2895418703556061,-1.399999976158142,-2.0999999046325684,-1.8200000524520874,-0.5569228604679604,descending,null
7,right,3285.6756153846154,1790663643065,12.799665451049805,1.0313433408737183,0.3541503846645355,-1.399999976158142,-2.0999999046325684,-1.8200000524520874,-0.5274943856779073,descending,null
7,right,3285.685230769231,1790663643065,12.311511993408203,1.560176134109497,0.37807947397232056,-1.399999976158142,-2.0999999046325684,-1.8200000524520874,-0.5022829911866362,descending,null
7,right,3285.6948461538464,1790663643065,12.31629753112793,1.2060257196426392,0.3134709596633911,-1.399999976158142,-2.0999999046325684,-1.8200000524520874,-0.47734933950458575,descending,null
7,right,3285.7044615384616,1790663643065,12.572339057922363,1.268241286277771,0.2895418703556061,-1.399999976158142,-2.0999999046325684,-1.8200000524520874,-0.44991967425775387,descending,null
7,right,3285.7140769230773,1790663643065,12.957597732543945,0.9691277742385864,0.23450499773025513,-1.399999976158142,-2.0999999046325684,-1.8200000524520874,-0.4190889028173747,descending,null
7,right,3285.7236923076925,1790663643065,12.249296188354492,1.5769264698028564,0.19861137866973877,-1.399999976158142,-2.0999999046325684,-1.8200000524520874,-0.3944951150806732,descending,null
7,right,3285.733307692308,1790663643065,11.878396034240723,1.4764243364334106,0.18425391614437103,-1.399999976158142,-2.0999999046325684,-1.8200000524520874,-0.37354792712959806,descending,null
7,left,3181.532,1790663643091,9.01169204711914,8.348855972290039,0.23450499773025513,-1.3300000429153442,-2.240000009536743,5.599999904632568,-0.41842633538117696,descending,null
7,left,3181.5416153846154,1790663643091,8.9590482711792,8.643183708190918,0.3038993179798126,-1.3300000429153442,-2.240000009536743,5.599999904632568,-0.39282538714354476,descending,null
7,left,3181.551230769231,1790663643091,8.87051010131836,8.712578773498535,0.3038993179798126,-1.3300000429153442,-2.240000009536743,5.599999904632568,-0.3674045508764219,descending,null
7,left,3181.5608461538463,1790663643091,9.0978364944458,8.157423973083496,0.35654330253601074,-1.3300000429153442,-2.240000009536743,5.599999904632568,-0.3440008202516615,descending,null
7,left,3181.5704615384616,1790663643091,9.136122703552246,7.884632110595703,0.38765111565589905,-1.3300000429153442,-2.240000009536743,5.599999904632568,-0.3220950614685379,descending,null
7,left,3181.5800769230773,1790663643091,8.791543960571289,8.241175651550293,0.3804723918437958,-1.3300000429153442,-2.240000009536743,5.599999904632568,-0.30032608739392375,descending,null
7,left,3181.5896923076925,1790663643091,8.770008087158203,7.628591060638428,0.35654330253601074,-1.3300000429153442,-2.240000009536743,5.599999904632568,-0.2826993648678901,descending,null
7,left,3181.599307692308,1790663643091,8.190924644470215,7.5926971435546875,0.2823631465435028,-1.3300000429153442,-2.240000009536743,5.599999904632568,-0.26944192604225964,descending,null
7,right,3285.742,1790663643140,12.146401405334473,1.9717562198638916,0.18425391614437103,-1.4700000286102295,-3.5,-2.940000057220459,-0.351868061740803,descending,null
7,right,3285.7516153846154,1790663643140,11.536210060119629,1.4764243364334106,0.19382555782794952,-1.4700000286102295,-3.5,-2.940000057220459,-0.33420108162652823,descending,null
7,right,3285.761230769231,1790663643140,11.718070983886719,1.3208853006362915,0.1914326548576355,-1.4700000286102295,-3.5,-2.940000057220459,-0.31495395724797387,descending,null
7,right,3285.7708461538464,1790663643140,11.476387023925781,1.7827165126800537,0.2321120798587799,-1.4700000286102295,-3.5,-2.940000057220459,-0.2975533675387507,descending,null
7,right,3285.7804615384616,1790663643140,11.816180229187012,1.1964540481567383,0.23689790070056915,-1.4700000286102295,-3.5,-2.940000057220459,-0.2775073665040926,descending,null
7,right,3285.7900769230773,1790663643140,11.603211402893066,1.4979604482650757,0.2225404530763626,-1.4700000286102295,-3.5,-2.940000057220459,-0.259195608862667,descending,null
7,right,3285.7996923076926,1790663643140,11.194024085998535,1.4572809934616089,0.260826975107193,-1.4700000286102295,-3.5,-2.940000057220459,-0.2448375253802898,descending,null
7,right,3285.809307692308,1790663643140,10.818337440490723,1.3328498601913452,0.1316099464893341,-1.4700000286102295,-3.5,-2.940000057220459,-0.23421094041395596,descending,null
7,left,3181.611,1790663643228,8.686256408691406,7.733879089355469,0.3230426013469696,-1.399999976158142,-1.8899999856948853,4.199999809265137,-0.2479284943112489,descending,null
7,left,3181.620615384615,1790663643228,8.793937683105469,7.391693115234375,0.34697166085243225,-1.399999976158142,-1.8899999856948853,4.199999809265137,-0.23167213755077706,descending,null
7,left,3181.630230769231,1790663643228,8.379963874816895,7.74345064163208,0.30868515372276306,-1.399999976158142,-1.8899999856948853,4.199999809265137,-0.21611821653308189,descending,null
7,left,3181.639846153846,1790663643228,7.934883117675781,6.748000621795654,0.3134709596633911,-1.399999976158142,-1.8899999856948853,4.199999809265137,-0.21015138190630947,descending,null
7,left,3181.6494615384613,1790663643228,8.698221206665039,6.9609694480896,0.4044014811515808,-1.399999976158142,-1.8899999856948853,4.199999809265137,-0.1973287744773869,descending,null
7,left,3181.659076923077,1790663643228,8.375178337097168,7.420407772064209,0.39722275733947754,-1.399999976158142,-1.8899999856948853,4.199999809265137,-0.1838782071882468,descending,null
7,left,3181.6686923076923,1790663643228,9.248589515686035,7.449122905731201,0.4331163763999939,-1.399999976158142,-1.8899999856948853,4.199999809265137,-0.16396742382027374,descending,null
7,left,3181.6783076923075,1790663643228,8.317748069763184,7.851131439208984,0.40918728709220886,-1.399999976158142,-1.8899999856948853,4.199999809265137,-0.14818890993895228,descending,null
7,right,3285.818,1790663643229,10.646048545837402,1.3926725387573242,0.15793193876743317,-1.0499999523162842,-3.7799999713897705,-3.1500000953674316,-0.2260336571035671,descending,null
7,right,3285.8276153846155,1790663643229,10.918839454650879,1.8568966388702393,0.12203831225633621,-1.0499999523162842,-3.7799999713897705,-3.1500000953674316,-0.21387032631496522,descending,null
7,right,3285.837230769231,1790663643229,11.332812309265137,1.0648441314697266,0.11485958844423294,-1.0499999523162842,-3.7799999713897705,-3.1500000953674316,-0.19863987601140642,descending,null
7,right,3285.8468461538464,1790663643229,11.612783432006836,1.8712540864944458,0.11007377505302429,-1.0499999523162842,-3.7799999713897705,-3.1500000953674316,-0.17984499817333138,descending,null
7,right,3285.8564615384616,1790663643229,11.335206031799316,1.4118157625198364,0.1722893863916397,-1.0499999523162842,-3.7799999713897705,-3.1500000953674316,-0.16421997547385428,descending,null
7,right,3285.8660769230773,1790663643229,11.85685920715332,1.4309589862823486,0.1698964685201645,-1.0499999523162842,-3.7799999713897705,-3.1500000953674316,-0.14360183651731687,descending,null
7,right,3285.8756923076926,1790663643229,11.34477710723877,1.5506044626235962,0.23929080367088318,-1.0499999523162842,-3.7799999713897705,-3.1500000953674316,-0.1277350646378324,descending,null
7,right,3285.885307692308,1790663643229,11.261025428771973,1.4668526649475098,0.23450499773025513,-1.0499999523162842,-3.7799999713897705,-3.1500000953674316,-0.1127704164156927,descending,null
7,left,3181.69,1790663643257,8.679078102111816,7.753022193908691,0.3709007501602173,-2.0299999713897705,-1.3300000429153442,4.269999980926514,-0.12663683691849223,descending,null
7,left,3181.6996153846153,1790663643257,8.604897499084473,7.245725631713867,0.39722275733947754,-2.0299999713897705,-1.3300000429153442,4.269999980926514,-0.11267990202150058,descending,null
7,left,3181.709230769231,1790663643257,8.260318756103516,8.04734992980957,0.3230426013469696,-2.0299999713897705,-1.3300000429153442,4.269999980926514,-0.09611549970470953,descending,null
7,left,3181.7188461538462,1790663643257,7.994706153869629,7.145223617553711,0.34697166085243225,-2.0299999713897705,-1.3300000429153442,4.269999980926514,-0.0872146175303496,descending,null
7,left,3181.7284615384615,1790663643257,8.233996391296387,6.405815124511719,0.3206496834754944,-2.0299999713897705,-1.3300000429153442,4.269999980926514,-0.08131569948865967,descending,null
7,left,3181.738076923077,1790663643257,7.099758148193359,7.1571879386901855,0.284756064414978,-2.0299999713897705,-1.3300000429153442,4.269999980926514,-0.07879373885740205,descending,null
7,left,3181.7476923076924,1790663643257,8.41107177734375,5.781265735626221,0.2895418703556061,-2.0299999713897705,-1.3300000429153442,4.269999980926514,-0.07559554318623873,descending,null
7,left,3181.7573076923077,1790663643257,8.49960994720459,7.075829029083252,0.32543548941612244,-2.0299999713897705,-1.3300000429153442,4.269999980926514,-0.06351091525468515,descending,null
7,left,3181.769,1790663643332,8.638398170471191,7.666877746582031,0.3445787727832794,-2.5199999809265137,-0.14000000059604645,5.740000247955322,-0.043043080430181485,descending,null
7,left,3181.778615384615,1790663643332,9.480701446533203,6.633141040802002,0.3445787727832794,-2.5199999809265137,-0.14000000059604645,5.740000247955322,-0.026669053123851164,descending,null
7,left,3181.7882307692307,1790663643332,8.236390113830566,7.573554039001465,0.2512553632259369,-2.5199999809265137,-0.14000000059604645,5.740000247955322,-0.013377714994583022,resting,null
7,left,3181.797846153846,1790663643332,8.456537246704102,7.16197395324707,0.3038993179798126,-2.5199999809265137,-0.14000000059604645,5.740000247955322,-0.0010868974775717364,resting,null
7,left,3181.807461538461,1790663643332,8.353642463684082,6.702535629272461,0.29672059416770935,-2.5199999809265137,-0.14000000059604645,5.740000247955322,0.0075631859978690635,resting,null
7,left,3181.817076923077,1790663643332,7.791308879852295,7.291191101074219,0.2727915346622467,-2.5199999809265137,-0.14000000059604645,5.740000247955322,0.015824106914102444,resting,null
7,left,3181.826692307692,1790663643332,8.298604965209961,6.188060283660889,0.29911351203918457,-2.5199999809265137,-0.14000000059604645,5.740000247955322,0.020845852645942808,resting,null
7,left,3181.8363076923074,1790663643332,8.377571105957031,6.680999279022217,0.35893622040748596,-2.5199999809265137,-0.14000000059604645,5.740000247955322,0.02956162036613674,resting,null
7,right,3285.893,1790663643335,10.411542892456055,0.9499844908714294,0.18664683401584625,-0.6299999952316284,-4.340000152587891,-3.8499999046325684,-0.10777202719055709,descending,null
7,right,3285.9026153846153,1790663643335,9.815709114074707,2.318727970123291,0.22014755010604858,-0.6299999952316284,-4.340000152587891,-3.8499999046325684,-0.10558874968247838,descending,null
7,right,3285.912230769231,1790663643335,10.301469802856445,1.3448143005371094,0.17946811020374298,-0.6299999952316284,-4.340000152587891,-3.8499999046325684,-0.09993304876007145,descending,null
7,right,3285.921846153846,1790663643335,10.588618278503418,1.9023619890213013,0.22493335604667664,-0.6299999952316284,-4.340000152587891,-3.8499999046325684,-0.09085622574759121,descending,null
7,right,3285.9314615384615,1790663643335,11.32802677154541,2.275655508041382,0.23929080367088318,-0.6299999952316284,-4.340000152587891,-3.8499999046325684,-0.07425879100791877,descending,null
7,right,3285.941076923077,1790663643335,11.52663803100586,1.359171748161316,0.260826975107193,-0.6299999952316284,-4.340000152587891,-3.8499999046325684,-0.05691839026816397,descending,null
7,right,3285.9506923076924,1790663643335,11.323241233825684,2.129688262939453,0.2416837215423584,-0.6299999952316284,-4.340000152587891,-3.8499999046325684,-0.04055186350076731,descending,null
7,right,3285.9603076923077,1790663643335,11.028913497924805,1.8568966388702393,0.2225404530763626,-0.6299999952316284,-4.340000152587891,-3.8499999046325684,-0.027336297383934408,descending,null
7,right,3285.969,1790663643380,11.177273750305176,1.433351993560791,0.21536172926425934,-0.07000000029802322,-4.199999809265137,-3.9200000762939453,-0.014611497891709119,resting,null
7,right,3285.9786153846153,1790663643380,10.839873313903809,2.0339717864990234,0.2536482512950897,-0.07000000029802322,-4.199999809265137,-3.9200000762939453,-0.0029651644593518558,resting,null
7,right,3285.988230769231,1790663643380,10.543152809143066,1.8568966388702393,0.23929080367088318,-0.07000000029802322,-4.199999809265137,-3.9200000762939453,0.005625675587462128,resting,null
7,right,3285.9978461538462,1790663643380,10.497687339782715,1.6008554697036743,0.2105759084224701,-0.07000000029802322,-4.199999809265137,-3.9200000762939453,0.013438195010109396,resting,null
7,right,3286.0074615384615,1790663643380,10.602975845336914,2.3378713130950928,0.22014755010604858,-0.07000000029802322,-4.199999809265137,-3.9200000762939453,0.023264948086652887,resting,null
7,right,3286.017076923077,1790663643380,11.028913497924805,1.4668526649475098,0.19861137866973877,-0.07000000029802322,-4.199999809265137,-3.9200000762939453,0.035939354712526496,resting,null
7,right,3286.0266923076924,1790663643380,10.540760040283203,1.4285660982131958,0.1914326548576355,-0.07000000029802322,-4.199999809265137,-3.9200000762939453,0.04391197920404021,resting,null
7,right,3286.0363076923077,1790663643380,10.258397102355957,2.045936346054077,0.2010042816400528,-0.07000000029802322,-4.199999809265137,-3.9200000762939453,0.05005293123434486,resting,null
7,left,3181.849,1790663643407,8.279461860656738,7.011220932006836,0.31825676560401917,-1.8200000524520874,-0.14000000059604645,4.340000152587891,0.04282608127583084,resting,null
7,left,3181.8586153846154,1790663643407,8.415857315063477,6.489566802978516,0.28714898228645325,-1.8200000524520874,-0.14000000059604645,4.340000152587891,0.050620954209151796,resting,null
7,left,3181.868230769231,1790663643407,7.851131439208984,6.613997936248779,0.28714898228645325,-1.8200000524520874,-0.14000000059604645,4.340000152587891,0.055047012662553296,resting,null
7,left,3181.8778461538463,1790663643407,7.9085612297058105,5.83390998840332,0.2703986167907715,-1.8200000524520874,-0.14000000059604645,4.340000152587891,0.055068884291702896,resting,null
7,left,3181.8874615384616,1790663643407,8.023421287536621,5.939198017120361,0.28714898228645325,-1.8200000524520874,-0.14000000059604645,4.340000152587891,0.056606317735190516,resting,null
7,left,3181.8970769230773,1790663643407,7.642948627471924,6.724071502685547,0.27518442273139954,-1.8200000524520874,-0.14000000059604645,4.340000152587891,0.060171113653414876,ascending,5
7,left,3181.9066923076925,1790663643407,8.13349437713623,6.269419193267822,0.29672059416770935,-1.8200000524520874,-0.14000000059604645,4.340000152587891,0.06455980271792613,ascending,5
7,left,3181.916307692308,1790663643407,10.00953483581543,7.910953998565674,0.4331163763999939,-1.8200000524520874,-0.14000000059604645,4.340000152587891,0.09293398904339426,ascending,5
7,right,3286.046,1790663643439,9.8085298538208,1.7731448411941528,0.2105759084224701,-0.21000000834465027,-4.550000190734863,-2.309999942779541,0.05155240569452757,resting,null
7,right,3286.055615384615,1790663643439,10.19857406616211,1.7611804008483887,0.2010042816400528,-0.21000000834465027,-4.550000190734863,-2.309999942779541,0.05673394923491854,resting,null
7,right,3286.0652307692308,1790663643439,9.82767391204834,1.9191123247146606,0.2416837215423584,-0.21000000834465027,-4.550000190734863,-2.309999942779541,0.05862540163705875,resting,null
7,right,3286.074846153846,1790663643439,10.315826416015625,1.5721405744552612,0.2225404530763626,-0.21000000834465027,-4.550000190734863,-2.309999942779541,0.06464995411906237,ascending,4
7,right,3286.0844615384613,1790663643439,10.667584419250488,2.0746512413024902,0.03828652948141098,-0.21000000834465027,-4.550000190734863,-2.309999942779541,0.07473846715439038,ascending,4
7,right,3286.094076923077,1790663643439,2.5747690200805664,0.7896596789360046,0.3709007501602173,-0.21000000834465027,-4.550000190734863,-2.309999942779541,0.006094899489438661,resting,null
7,right,3286.103692307692,1790663643439,24.283231735229492,4.180410385131836,0.43790218234062195,-0.21000000834465027,-4.550000190734863,-2.309999942779541,0.14864787758450582,resting,null
7,right,3286.1133076923074,1790663643439,13.553431510925293,2.072258472442627,0.27997025847435,-0.21000000834465027,-4.550000190734863,-2.309999942779541,0.18611094345148876,resting,null
7,left,3181.928,1790663643497,19.34905433654785,15.056178092956543,0.5240468978881836,-2.380000114440918,0.8400000333786011,3.7100000381469727,0.2646991601976689,ascending,5
7,left,3181.937615384615,1790663643497,11.160523414611816,9.057157516479492,0.18425391614437103,-2.380000114440918,0.8400000333786011,3.7100000381469727,0.308441596834657,ascending,5
7,left,3181.947230769231,1790663643497,14.847994804382324,13.3859281539917,0.5288326740264893,-2.380000114440918,0.8400000333786011,3.7100000381469727,0.4060535093710155,ascending,5
7,left,3181.956846153846,1790663643497,-21.09348487854004,-0.5264397859573364,26.520601272583008,-2.380000114440918,0.8400000333786011,3.7100000381469727,0.1602853897673664,ascending,5
7,left,3181.9664615384613,1790663643497,-2.0339717864990234,-7.432372570037842,-8.095208168029785,-2.380000114440918,0.8400000333786011,3.7100000381469727,0.0030745094368837887,resting,null
7,left,3181.976076923077,1790663643497,9.083478927612305,29.188692092895508,13.618040084838867,-2.380000114440918,0.8400000333786011,3.7100000381469727,0.15833453006877815,resting,null
7,left,3181.9856923076923,1790663643497,45.68301010131836,9.940139770507812,10.291897773742676,-2.380000114440918,0.8400000333786011,3.7100000381469727,0.46712041677637456,resting,null
7,left,3181.9953076923075,1790663643497,-2.5747690200805664,2.151224374771118,-4.132552146911621,-2.380000114440918,0.8400000333786011,3.7100000381469727,0.36529822508400966,resting,null
7,right,3286.122,1790663643514,28.188457489013672,-7.946847915649414,-2.9049904346466064,1.3300000429153442,-5.25,-3.7100000381469727,0.3319473112871913,resting,null
7,right,3286.131615384615,1790663643514,36.2884521484375,26.78382110595703,-4.130159378051758,1.3300000429153442,-5.25,-3.7100000381469727,0.6220036255682112,resting,null
7,right,3286.141230769231,1790663643514,74.79512786865234,29.684024810791016,-7.446730136871338,1.3300000429153442,-5.25,-3.7100000381469727,1.2818827902044418,ascending,4
7,right,3286.150846153846,1790663643514,-2.8403818607330322,6.657070159912109,7.858310222625732,1.3300000429153442,-5.25,-3.7100000381469727,1.1703182927545592,ascending,4
7,right,3286.1604615384613,1790663643514,-6.618783950805664,11.098307609558105,1.148595929145813,1.3300000429153442,-5.25,-3.7100000381469727,1.029588394753634,ascending,4
7,right,3286.170076923077,1790663643514,26.0731258392334,-3.1921393871307373,-0.12203831225633621,1.3300000429153442,-5.25,-3.7100000381469727,1.1773718416220336,ascending,4
7,right,3286.179692307692,1790663643514,-5.137573719024658,-2.206261157989502,-0.07657305896282196,1.3300000429153442,-5.25,-3.7100000381469727,1.0304315545346823,ascending,4
7,right,3286.1893076923075,1790663643514,17.142793655395508,3.457752227783203,2.5269110202789307,1.3300000429153442,-5.25,-3.7100000381469727,1.1036051207361466,ascending,4
7,left,3182.007,1790663643575,17.23372459411621,16.862823486328125,5.352935314178467,-2.0299999713897705,-5.670000076293945,25.34000015258789,0.5328669790058246,resting,null
7,left,3182.0166153846153,1790663643575,14.642204284667969,10.16507339477539,-0.3206496834754944,-2.0299999713897705,-5.670000076293945,25.34000015258789,0.609073512847987,ascending,5
7,left,3182.026230769231,1790663643575,-2.648949146270752,-0.04546525329351425,0.24886244535446167,-2.0299999713897705,-5.670000076293945,25.34000015258789,0.4944233720607389,ascending,5
7,left,3182.0358461538463,1790663643575,6.159345626831055,6.290955543518066,-0.38765111565589905,-2.0299999713897705,-5.670000076293945,25.34000015258789,0.48372784355212733,ascending,5
7,left,3182.0454615384615,1790663643575,2.8260245323181152,-1.0959519147872925,0.8566610813140869,-2.0299999713897705,-5.670000076293945,25.34000015258789,0.40434826853419464,ascending,5
7,left,3182.055076923077,1790663643575,10.430685997009277,11.730035781860352,-0.14357449114322662,-2.0299999713897705,-5.670000076293945,25.34000015258789,0.45814289259058066,ascending,5
7,left,3182.0646923076924,1790663643575,2.4551236629486084,2.732701063156128,0.569512128829956,-2.0299999713897705,-5.670000076293945,25.34000015258789,0.39853411382952164,ascending,5
7,left,3182.0743076923077,1790663643575,10.583832740783691,11.141380310058594,0.32782840728759766,-2.0299999713897705,-5.670000076293945,25.34000015258789,0.4499577639274565,ascending,5
7,right,3286.197,1790663643605,1.1653462648391724,1.689393162727356,2.1272952556610107,-1.6800000667572021,-1.75,-1.9600000381469727,1.038676826706487,ascending,4
7,right,3286.2066153846154,1790663643605,20.06214141845703,0.7106937170028687,-0.8997334241867065,-1.6800000667572021,-1.75,-1.9600000381469727,1.135348391805747,ascending,4
7,right,3286.216230769231,1790663643605,4.2186970710754395,0.1005021408200264,0.461831271648407,-1.6800000667572021,-1.75,-1.9600000381469727,1.0807159335692649,ascending,4
7,right,3286.2258461538463,1790663643605,9.01169204711914,4.778637409210205,0.18903973698616028,-1.6800000667572021,-1.75,-1.9600000381469727,1.0788847269461577,ascending,4
7,right,3286.2354615384615,1790663643605,10.54793930053711,0.5240468978881836,-0.09810923039913177,-1.6800000667572021,-1.75,-1.9600000381469727,1.084974223545578,ascending,4
7,right,3286.2450769230772,1790663643605,8.695828437805176,2.3091564178466797,0.10528795421123505,-1.6800000667572021,-1.75,-1.9600000381469727,1.0762801245709352,ascending,4
7,right,3286.2546923076925,1790663643605,12.304333686828613,-0.19382555782794952,-0.1914326548576355,-1.6800000667572021,-1.75,-1.9600000381469727,1.0979044558526256,ascending,4
7,right,3286.2643076923077,1790663643605,6.207203388214111,2.036364793777466,0.2536482512950897,-1.6800000667572021,-1.75,-1.9600000381469727,1.065162969723222,ascending,4
7,left,3182.087,1790663643646,5.735800743103027,3.0461719036102295,0.7848738431930542,-3.990000009536743,1.75,-22.68000030517578,0.40673360678703696,ascending,5
7,left,3182.0966153846152,1790663643646,13.677863121032715,10.98823356628418,0.4642241597175598,-3.990000009536743,1.75,-22.68000030517578,0.4809469282443646,ascending,5
7,left,3182.106230769231,1790663643646,4.716422080993652,4.491488456726074,0.461831271648407,-3.990000009536743,1.75,-22.68000030517578,0.44887597154608677,ascending,5
7,left,3182.115846153846,1790663643646,12.502944946289062,7.587911605834961,0.4809745252132416,-3.990000009536743,1.75,-22.68000030517578,0.49398090810142375,ascending,5
7,left,3182.1254615384614,1790663643646,6.183274745941162,8.559432029724121,0.6221560835838318,-3.990000009536743,1.75,-22.68000030517578,0.49741587160983985,ascending,5
7,left,3182.135076923077,1790663643646,10.959519386291504,10.859017372131348,0.5264397859573364,-3.990000009536743,1.75,-22.68000030517578,0.5505104711909218,ascending,5
7,left,3182.1446923076924,1790663643646,9.31319808959961,7.473052024841309,0.4833674430847168,-3.990000009536743,1.75,-22.68000030517578,0.57084610230317,ascending,5
7,left,3182.1543076923076,1790663643646,10.327791213989258,10.064571380615234,0.1411815732717514,-3.990000009536743,1.75,-22.68000030517578,0.6143577880137429,ascending,5
7,right,3286.273,1790663643664,16.63071060180664,2.979170560836792,-0.15314611792564392,-0.3499999940395355,-1.2599999904632568,7.139999866485596,1.1262781474888097,ascending,4
7,right,3286.2826153846154,1790663643664,8.16699504852295,-0.7322298884391785,0.31825676560401917,-0.3499999940395355,-1.2599999904632568,7.139999866485596,1.1078615214874037,ascending,4
7,right,3286.292230769231,1790663643664,16.740785598754883,4.163660049438477,-0.11725249886512756,-0.3499999940395355,-1.2599999904632568,7.139999866485596,1.1782654714866208,ascending,4
7,right,3286.3018461538463,1790663643664,10.272754669189453,-1.9191123247146606,0.24646952748298645,-0.3499999940395355,-1.2599999904632568,7.139999866485596,1.1781431530961652,ascending,4
7,right,3286.3114615384616,1790663643664,15.223681449890137,3.9650487899780273,-0.059822700917720795,-0.3499999940395355,-1.2599999904632568,7.139999866485596,1.2337487149662354,ascending,4
7,right,3286.3210769230773,1790663643664,11.981290817260742,1.8568966388702393,0.21775463223457336,-0.3499999940395355,-1.2599999904632568,7.139999866485596,1.2554247965643435,ascending,4
7,right,3286.3306923076925,1790663643664,13.900403022766113,1.9932924509048462,0.3350071310997009,-0.3499999940395355,-1.2599999904632568,7.139999866485596,1.295517678915016,ascending,4
7,right,3286.3403076923078,1790663643664,14.082263946533203,2.010042905807495,0.42833054065704346,-0.3499999940395355,-1.2599999904632568,7.139999866485596,1.337341579597142,ascending,4
7,right,3286.349,1790663643754,13.663505554199219,0.7944455146789551,0.3804723918437958,0,-4.550000190734863,-0.21000000834465027,1.3699555417398657,ascending,4
7,right,3286.3586153846154,1790663643754,15.59936809539795,-0.45704543590545654,0.4044014811515808,0,-4.550000190734863,-0.21000000834465027,1.422607312445959,ascending,4
7,right,3286.368230769231,1790663643754,12.060256958007812,1.416601538658142,0.42833054065704346,0,-4.550000190734863,-0.21000000834465027,1.4443014618816241,ascending,4
7,right,3286.3778461538463,1790663643754,15.056178092956543,2.0985803604125977,0.09810923039913177,0,-4.550000190734863,-0.21000000834465027,1.495443630905521,ascending,4
7,right,3286.3874615384616,1790663643754,13.338069915771484,-0.588655412197113,0.25604116916656494,0,-4.550000190734863,-0.21000000834465027,1.52638186236813,ascending,4
7,right,3286.3970769230773,1790663643754,15.32179069519043,3.1442811489105225,0.12682412564754486,0,-4.550000190734863,-0.21000000834465027,1.5814996148015803,ascending,4
7,right,3286.4066923076925,1790663643754,11.94539737701416,0.8494823575019836,0.1698964685201645,0,-4.550000190734863,-0.21000000834465027,1.6012340763336506,ascending,4
7,right,3286.416307692308,1790663643754,14.118157386779785,2.6680924892425537,0.09571632742881775,0,-4.550000190734863,-0.21000000834465027,1.6441869467371628,ascending,4
7,left,3182.166,1790663643782,11.421350479125977,7.4299798011779785,0.181861013174057,-2.5199999809265137,1.0499999523162842,0.9100000262260437,0.6576640757367812,ascending,5
7,left,3182.1756153846154,1790663643782,10.291897773742676,9.796566009521484,0.20818300545215607,-2.5199999809265137,1.0499999523162842,0.9100000262260437,0.6992535739391418,ascending,5
7,left,3182.185230769231,1790663643782,9.12415885925293,10.10285758972168,-0.009571632370352745,-2.5199999809265137,1.0499999523162842,0.9100000262260437,0.7339208346833175,ascending,5
7,left,3182.1948461538464,1790663643782,11.481172561645508,8.099993705749512,0.32782840728759766,-2.5199999809265137,1.0499999523162842,0.9100000262260437,0.7740500438113139,ascending,5
7,left,3182.2044615384616,1790663643782,9.105015754699707,10.923624992370605,0.2727915346622467,-2.5199999809265137,1.0499999523162842,0.9100000262260437,0.8136127421301776,ascending,5
7,left,3182.2140769230773,1790663643782,9.607525825500488,9.207910537719727,0.339792937040329,-2.5199999809265137,1.0499999523162842,0.9100000262260437,0.8464956245402123,ascending,5
7,left,3182.2236923076925,1790663643782,10.985840797424316,10.0885009765625,0.49772489070892334,-2.5199999809265137,1.0499999523162842,0.9100000262260437,0.8950202940246462,ascending,5
7,left,3182.233307692308,1790663643782,8.832223892211914,11.021734237670898,0.521653950214386,-2.5199999809265137,1.0499999523162842,0.9100000262260437,0.9331647270915385,ascending,5
7,left,3182.245,1790663643812,10.993020057678223,8.310569763183594,0.5982270240783691,-0.9100000262260437,0,1.3300000429153442,0.9791014792277057,ascending,5
7,left,3182.254615384615,1790663643812,9.724778175354004,7.611840724945068,0.5168681740760803,-0.9100000262260437,0,1.3300000429153442,1.0031547001620416,ascending,5
7,left,3182.264230769231,1790663643812,10.808765411376953,9.686491966247559,0.5431901216506958,-0.9100000262260437,0,1.3300000429153442,1.047843668695586,ascending,5
7,left,3182.273846153846,1790663643812,11.213167190551758,8.200495719909668,0.5838695764541626,-0.9100000262260437,0,1.3300000429153442,1.0865527526403156,ascending,5
7,left,3182.2834615384613,1790663643812,10.837480545043945,10.643654823303223,0.49054616689682007,-0.9100000262260437,0,1.3300000429153442,1.1371812309564635,ascending,5
7,left,3182.293076923077,1790663643812,10.923624992370605,7.671663284301758,0.5192610621452332,-0.9100000262260437,0,1.3300000429153442,1.1704689397115096,ascending,5
7,left,3182.3026923076923,1790663643812,11.24906063079834,7.841559886932373,0.46661707758903503,-0.9100000262260437,0,1.3300000429153442,1.2071787211485498,ascending,5
7,left,3182.3123076923075,1790663643812,9.126551628112793,9.559667587280273,0.34936457872390747,-0.9100000262260437,0,1.3300000429153442,1.238365706121374,ascending,5
7,right,3286.425,1790663643829,12.895381927490234,2.711164951324463,0.12443122267723083,-0.9800000190734863,-3.990000009536743,1.1200000047683716,1.6725421575697792,ascending,4
7,right,3286.4346153846154,1790663643829,15.13035774230957,1.2203831672668457,0.12921704351902008,-0.9800000190734863,-3.990000009536743,1.1200000047683716,1.7230345884070681,ascending,4
7,right,3286.444230769231,1790663643829,14.405306816101074,1.0289504528045654,0.11246667802333832,-0.9800000190734863,-3.990000009536743,1.1200000047683716,1.7663420222962625,ascending,4
7,right,3286.4538461538464,1790663643829,13.433786392211914,2.971991777420044,0.16511066257953644,-0.9800000190734863,-3.990000009536743,1.1200000047683716,1.8031211856805216,ascending,4
7,right,3286.4634615384616,1790663643829,12.675233840942383,1.2179901599884033,0.16750356554985046,-0.9800000190734863,-3.990000009536743,1.1200000047683716,1.8302150910412978,ascending,4
7,right,3286.4730769230773,1790663643829,12.426371574401855,4.256983280181885,0.23929080367088318,-0.9800000190734863,-3.990000009536743,1.1200000047683716,1.8591390554198397,ascending,4
7,right,3286.4826923076926,1790663643829,12.976740837097168,1.485995888710022,0.19621846079826355,-0.9800000190734863,-3.990000009536743,1.1200000047683716,1.8894402985294234,ascending,4
7,right,3286.492307692308,1790663643829,13.876474380493164,0.7729093432426453,0.19382555782794952,-0.9800000190734863,-3.990000009536743,1.1200000047683716,1.9272951625307684,ascending,4
7,left,3182.325,1790663643891,9.997570037841797,9.128944396972656,0.45704543590545654,-1.9600000381469727,-0.8400000333786011,1.399999976158142,1.2847025771328868,ascending,5
7,left,3182.334615384615,1790663643891,9.89706802368164,9.641026496887207,0.47858160734176636,-1.9600000381469727,-0.8400000333786011,1.399999976158142,1.3221366589148524,ascending,5
7,left,3182.3442307692308,1790663643891,10.5551176071167,8.557039260864258,0.5384043455123901,-1.9600000381469727,-0.8400000333786011,1.399999976158142,1.357945006698062,ascending,5
7,left,3182.353846153846,1790663643891,10.7991943359375,7.267261981964111,0.5575475692749023,-1.9600000381469727,-0.8400000333786011,1.399999976158142,1.3877846272121213,ascending,5
7,left,3182.3634615384613,1790663643891,9.932961463928223,8.700613975524902,0.4833674430847168,-1.9600000381469727,-0.8400000333786011,1.399999976158142,1.419757389027339,ascending,5
7,left,3182.373076923077,1790663643891,10.090893745422363,8.379963874816895,0.4953319728374481,-1.9600000381469727,-0.8400000333786011,1.399999976158142,1.4509648893189435,ascending,5
7,left,3182.382692307692,1790663643891,10.177038192749023,9.030835151672363,0.521653950214386,-1.9600000381469727,-0.8400000333786011,1.399999976158142,1.4867344347114313,ascending,5
7,left,3182.3923076923074,1790663643891,9.499845504760742,8.707792282104492,0.4307234585285187,-1.9600000381469727,-0.8400000333786011,1.399999976158142,1.515440476769402,ascending,5
7,right,3286.501,1790663643903,13.658719062805176,2.270869731903076,0.1603248417377472,0.699999988079071,-3.009999990463257,4.130000114440918,1.9615040308442027,ascending,4
7,right,3286.5106153846154,1790663643903,13.316533088684082,1.7444299459457397,0.14836029708385468,0.699999988079071,-3.009999990463257,4.130000114440918,1.9953485017927213,ascending,4
7,right,3286.520230769231,1790663643903,12.67284107208252,3.019850015640259,0.1316099464893341,0.699999988079071,-3.009999990463257,4.130000114440918,2.0247962228922165,ascending,4
7,right,3286.5298461538464,1790663643903,12.904953002929688,2.445552110671997,0.1316099464893341,0.699999988079071,-3.009999990463257,4.130000114440918,2.055648347443621,ascending,4
7,right,3286.5394615384616,1790663643903,13.074850082397461,1.524282455444336,0.1507532149553299,0.699999988079071,-3.009999990463257,4.130000114440918,2.0868485427176307,ascending,4
7,right,3286.5490769230773,1790663643903,13.378748893737793,1.7827165126800537,0.17946811020374298,0.699999988079071,-3.009999990463257,4.130000114440918,2.1212694846490963,ascending,4
7,right,3286.5586923076926,1790663643903,12.857094764709473,2.376157760620117,0.1698964685201645,0.699999988079071,-3.009999990463257,4.130000114440918,2.1515044035224826,ascending,4
7,right,3286.568307692308,1790663643903,11.914289474487305,1.7563945055007935,0.2225404530763626,0.699999988079071,-3.009999990463257,4.130000114440918,2.171918623070018,ascending,4
7,left,3182.404,1790663643965,10.071749687194824,7.001648902893066,0.363722026348114,0.6299999952316284,-0.699999988079071,-4.690000057220459,1.5430078852126234,ascending,5
7,left,3182.4136153846152,1790663643965,9.083478927612305,7.499373912811279,0.36850783228874207,0.6299999952316284,-0.699999988079071,-4.690000057220459,1.5612702740763897,ascending,5
7,left,3182.423230769231,1790663643965,9.562060356140137,7.791308879852295,0.4211518168449402,0.6299999952316284,-0.699999988079071,-4.690000057220459,1.584881763126505,ascending,5
7,left,3182.432846153846,1790663643965,9.595561027526855,7.875060558319092,0.40918728709220886,0.6299999952316284,-0.699999988079071,-4.690000057220459,1.6092358786529855,ascending,5
7,left,3182.4424615384614,1790663643965,8.83700942993164,7.511338710784912,0.4211518168449402,0.6299999952316284,-0.699999988079071,-4.690000057220459,1.6257331301062856,ascending,5
7,left,3182.452076923077,1790663643965,9.138516426086426,5.965519905090332,0.38525819778442383,0.6299999952316284,-0.699999988079071,-4.690000057220459,1.6350565066282363,ascending,5
7,left,3182.4616923076924,1790663643965,8.384750366210938,6.800644874572754,0.35654330253601074,0.6299999952316284,-0.699999988079071,-4.690000057220459,1.6438346631769851,ascending,5
7,left,3182.4713076923076,1790663643965,8.061707496643066,7.461087226867676,0.27997025847435,0.6299999952316284,-0.699999988079071,-4.690000057220459,1.6542076772399972,ascending,5
7,right,3286.577,1790663643979,11.88318157196045,2.7853450775146484,0.23929080367088318,0.6299999952316284,-4.480000019073486,-3.5,2.1913557786189273,ascending,4
7,right,3286.5866153846155,1790663643979,12.390478134155273,2.1895108222961426,0.16750356554985046,0.6299999952316284,-4.480000019073486,-3.5,2.216884346502963,ascending,4
7,right,3286.596230769231,1790663643979,12.194259643554688,1.1055235862731934,0.1722893863916397,0.6299999952316284,-4.480000019073486,-3.5,2.2390530303503198,ascending,4
7,right,3286.6058461538464,1790663643979,11.96214771270752,1.9621846675872803,0.1411815732717514,0.6299999952316284,-4.480000019073486,-3.5,2.2601791714510284,ascending,4
7,right,3286.6154615384617,1790663643979,11.105486869812012,2.108151912689209,0.181861013174057,0.6299999952316284,-4.480000019073486,-3.5,2.2733530273099807,ascending,4
7,right,3286.6250769230774,1790663643979,11.134201049804688,1.5266753435134888,0.12682412564754486,0.6299999952316284,-4.480000019073486,-3.5,2.2859905490921655,ascending,4
7,right,3286.6346923076926,1790663643979,10.366077423095703,1.9143264293670654,0.1914326548576355,0.6299999952316284,-4.480000019073486,-3.5,2.2918594334285833,ascending,4
7,right,3286.644307692308,1790663643979,11.323241233825684,1.0696299076080322,0.1507532149553299,0.6299999952316284,-4.480000019073486,-3.5,2.30564029751892,ascending,4
7,left,3182.483,1790663644052,8.439786911010742,6.506317138671875,0.3350071310997009,-1.5399999618530273,-0.49000000953674316,-0.6299999952316284,1.6631841609618732,ascending,5
7,left,3182.4926153846154,1790663644052,8.298604965209961,7.307941436767578,0.37807947397232056,-1.5399999618530273,-0.49000000953674316,-0.6299999952316284,1.6744051829808837,ascending,5
7,left,3182.502230769231,1790663644052,8.339284896850586,6.391457557678223,0.34697166085243225,-1.5399999618530273,-0.49000000953674316,-0.6299999952316284,1.6803359662827944,ascending,5
7,left,3182.5118461538464,1790663644052,8.674291610717773,6.817395210266113,0.30629223585128784,-1.5399999618530273,-0.49000000953674316,-0.6299999952316284,1.6913345428831035,ascending,5
7,left,3182.5214615384616,1790663644052,8.48285961151123,6.850895881652832,0.34936457872390747,-1.5399999618530273,-0.49000000953674316,-0.6299999952316284,1.7011198054843346,ascending,5
7,left,3182.5310769230773,1790663644052,8.7843656539917,7.066257476806641,0.339792937040329,-1.5399999618530273,-0.49000000953674316,-0.6299999952316284,1.7144503897225332,ascending,5
7,left,3182.5406923076926,1790663644052,8.119136810302734,6.750393867492676,0.3709007501602173,-1.5399999618530273,-0.49000000953674316,-0.6299999952316284,1.7209110665392537,ascending,5
7,left,3182.550307692308,1790663644052,7.645341396331787,6.2646331787109375,0.35654330253601074,-1.5399999618530273,-0.49000000953674316,-0.6299999952316284,1.72089018053955,ascending,5
7,left,3182.562,1790663644127,6.7144999504089355,5.673584938049316,0.3709007501602173,-0.49000000953674316,-1.8200000524520874,-3.9200000762939453,1.708087842918522,ascending,5
7,left,3182.571615384615,1790663644127,6.343599319458008,5.412757873535156,0.28714898228645325,-0.49000000953674316,-1.8200000524520874,-3.9200000762939453,1.693197342104051,ascending,5
7,left,3182.581230769231,1790663644127,6.097129821777344,4.92221212387085,0.3110780417919159,-0.49000000953674316,-1.8200000524520874,-3.9200000762939453,1.6734996093820191,ascending,5
7,left,3182.590846153846,1790663644127,5.93680477142334,5.254826068878174,0.284756064414978,-0.49000000953674316,-1.8200000524520874,-3.9200000762939453,1.6546492075312393,ascending,5
7,left,3182.6004615384613,1790663644127,6.37949275970459,4.434058666229248,0.31825676560401917,-0.49000000953674316,-1.8200000524520874,-3.9200000762939453,1.634080893536158,ascending,5
7,left,3182.610076923077,1790663644127,6.69296407699585,4.666170597076416,0.32782840728759766,-0.49000000953674316,-1.8200000524520874,-3.9200000762939453,1.6172748666903674,ascending,5
7,left,3182.6196923076923,1790663644127,6.343599319458008,4.804959297180176,0.3110780417919159,-0.49000000953674316,-1.8200000524520874,-3.9200000762939453,1.5987302360888338,ascending,5
7,left,3182.6293076923075,1790663644127,6.448887348175049,4.790602207183838,0.4259376525878906,-0.49000000953674316,-1.8200000524520874,-3.9200000762939453,1.5809317128478224,ascending,5
7,right,3286.653,1790663644128,11.124629974365234,1.2921704053878784,0.1698964685201645,1.190000057220459,-3.9200000762939453,5.320000171661377,2.316672658260163,ascending,4
7,right,3286.662615384615,1790663644128,11.191631317138672,1.4740313291549683,0.17468228936195374,1.190000057220459,-3.9200000762939453,5.320000171661377,2.3297633752665137,ascending,4
7,right,3286.6722307692307,1790663644128,10.552724838256836,1.517103672027588,0.17707519233226776,1.190000057220459,-3.9200000762939453,5.320000171661377,2.336831490812307,ascending,4
7,right,3286.681846153846,1790663644128,11.117450714111328,1.8210030794143677,0.22014755010604858,1.190000057220459,-3.9200000762939453,5.320000171661377,2.34967973503937,ascending,4
7,right,3286.691461538461,1790663644128,11.246667861938477,1.6032484769821167,0.1603248417377472,1.190000057220459,-3.9200000762939453,5.320000171661377,2.363462259202021,ascending,4
7,right,3286.701076923077,1790663644128,10.856623649597168,1.7875022888183594,0.15314611792564392,1.190000057220459,-3.9200000762939453,5.320000171661377,2.373778623840234,ascending,4
7,right,3286.710692307692,1790663644128,10.351720809936523,1.4477094411849976,0.12682412564754486,1.190000057220459,-3.9200000762939453,5.320000171661377,2.3788298231630107,ascending,4
7,right,3286.7203076923074,1790663644128,9.36823558807373,1.299349069595337,0.14596739411354065,1.190000057220459,-3.9200000762939453,5.320000171661377,2.374320426532841,ascending,4
7,right,3286.728,1790663644131,8.935118675231934,0.9763064980506897,0.1507532149553299,0.699999988079071,-6.789999961853027,-0.7699999809265137,2.3670726826351265,ascending,4
7,right,3286.7376153846153,1790663644131,8.013849258422852,0.7513731122016907,0.1316099464893341,0.699999988079071,-6.789999961853027,-0.7699999809265137,2.3489554720409846,ascending,4
7,right,3286.747230769231,1790663644131,8.04017162322998,0.8542681932449341,0.12203831225633621,0.699999988079071,-6.789999961853027,-0.7699999809265137,2.3312359898052097,ascending,4
7,right,3286.7568461538463,1790663644131,7.547232151031494,1.5003533363342285,0.12682412564754486,0.699999988079071,-6.789999961853027,-0.7699999809265137,2.3096792225391414,ascending,4
7,right,3286.7664615384615,1790663644131,8.006670951843262,1.2490980625152588,0.08853759616613388,0.699999988079071,-6.789999961853027,-0.7699999809265137,2.292179792705177,ascending,4
7,right,3286.776076923077,1790663644131,7.671663284301758,1.7157150506973267,0.11485958844423294,0.699999988079071,-6.789999961853027,-0.7699999809265137,2.272128627512512,ascending,4
7,right,3286.7856923076924,1790663644131,7.733879089355469,1.387886643409729,0.055036887526512146,0.699999988079071,-6.789999961853027,-0.7699999809265137,2.252247101303416,ascending,4
7,right,3286.7953076923077,1790663644131,7.587911605834961,1.296956181526184,0.03828652948141098,0.699999988079071,-6.789999961853027,-0.7699999809265137,2.2308669302372786,ascending,4
7,left,3182.641,1790663644202,6.278990745544434,4.7953877449035645,0.4235447347164154,-2.240000009536743,0,-0.699999988079071,1.5578078006933402,ascending,5
7,left,3182.6506153846153,1790663644202,6.211989402770996,4.883925437927246,0.4450809061527252,-2.240000009536743,0,-0.699999988079071,1.538850302802046,ascending,5
7,left,3182.660230769231,1790663644202,6.834145545959473,4.639848709106445,0.4737958014011383,-2.240000009536743,0,-0.699999988079071,1.5230783164065325,ascending,5
7,left,3182.6698461538463,1790663644202,7.102151393890381,5.092108249664307,0.5360113978385925,-2.240000009536743,0,-0.699999988079071,1.5120816656127376,ascending,5
7,left,3182.6794615384615,1790663644202,7.099758148193359,5.360114097595215,0.4809745252132416,-2.240000009536743,0,-0.699999988079071,1.5026755122745614,ascending,5
7,left,3182.689076923077,1790663644202,6.95379114151001,4.642241477966309,0.4450809061527252,-2.240000009536743,0,-0.699999988079071,1.4878548619244258,ascending,5
7,left,3182.6986923076925,1790663644202,6.2646331787109375,5.13039493560791,0.41875892877578735,-2.240000009536743,0,-0.699999988079071,1.4708096412337865,ascending,5
7,left,3182.7083076923077,1790663644202,5.881768226623535,4.0152997970581055,0.10768086463212967,-2.240000009536743,0,-0.699999988079071,1.4440769709129535,ascending,5
7,right,3286.804,1790663644204,7.535267353057861,1.0098072290420532,0.0047858161851763725,-0.42000001668930054,-4.480000019073486,-0.07000000029802322,2.2107408552843686,ascending,4
7,right,3286.8136153846153,1790663644204,7.504159927368164,1.3376356363296509,-0.0023929080925881863,-0.42000001668930054,-4.480000019073486,-0.07000000029802322,2.1886462939767206,ascending,4
7,right,3286.823230769231,1790663644204,7.645341396331787,1.5864980220794678,-0.007178724277764559,-0.42000001668930054,-4.480000019073486,-0.07000000029802322,2.1682586334933953,ascending,4
7,right,3286.8328461538463,1790663644204,8.368000030517578,1.7563945055007935,-0.014357448555529118,-0.42000001668930054,-4.480000019073486,-0.07000000029802322,2.1549993320970957,ascending,4
7,right,3286.8424615384615,1790663644204,8.346463203430176,1.8999689817428589,-0.03110780566930771,-0.42000001668930054,-4.480000019073486,-0.07000000029802322,2.141759142687907,ascending,4
7,right,3286.852076923077,1790663644204,8.714971542358398,0.9763064980506897,-0.06221561133861542,-0.42000001668930054,-4.480000019073486,-0.07000000029802322,2.1307047721104975,ascending,4
7,right,3286.8616923076925,1790663644204,7.250511646270752,2.2852272987365723,0.035893622785806656,-0.42000001668930054,-4.480000019073486,-0.07000000029802322,2.10760975303459,ascending,4
7,right,3286.8713076923077,1790663644204,7.087793827056885,0.49772489070892334,-0.009571632370352745,-0.42000001668930054,-4.480000019073486,-0.07000000029802322,2.0804186585073263,ascending,4
7,right,3286.881,1790663644281,6.441708564758301,2.2158329486846924,0.1507532149553299,-0.42000001668930054,-5.039999961853027,-0.21000000834465027,2.0493000857738677,ascending,4
7,right,3286.890615384615,1790663644281,7.188295841217041,0.5072965025901794,0.0047858161851763725,-0.42000001668930054,-5.039999961853027,-0.21000000834465027,2.0231026958026592,ascending,4
7,right,3286.900230769231,1790663644281,6.3196702003479,1.5649619102478027,-0.028714897111058235,-0.42000001668930054,-5.039999961853027,-0.21000000834465027,1.990173397347609,ascending,4
7,right,3286.909846153846,1790663644281,6.700142860412598,1.4381377696990967,0.17946811020374298,-0.42000001668930054,-5.039999961853027,-0.21000000834465027,1.9606709777916913,ascending,4
7,right,3286.9194615384613,1790663644281,6.0038065910339355,1.170132040977478,0.007178724277764559,-0.42000001668930054,-5.039999961853027,-0.21000000834465027,1.9242051924437928,ascending,4
7,right,3286.929076923077,1790663644281,6.499138355255127,2.1272952556610107,0.028714897111058235,-0.42000001668930054,-5.039999961853027,-0.21000000834465027,1.8938566126304477,ascending,4
7,right,3286.9386923076922,1790663644281,5.943983554840088,0.5551546812057495,0.055036887526512146,-0.42000001668930054,-5.039999961853027,-0.21000000834465027,1.8559540756433046,ascending,4
7,right,3286.9483076923075,1790663644281,6.604426383972168,1.2730270624160767,0.04307234659790993,-0.42000001668930054,-5.039999961853027,-0.21000000834465027,1.8253894805033226,ascending,4
7,left,3182.721,1790663644338,5.424722671508789,3.823867082595825,0.7154794931411743,-1.6800000667572021,-2.0299999713897705,-1.6800000667572021,1.403096797448526,ascending,5
7,left,3182.7306153846152,1790663644338,6.152166843414307,4.792994976043701,0.17468228936195374,-1.6800000667572021,-2.0299999713897705,-1.6800000667572021,1.3831249031193789,ascending,5
7,left,3182.740230769231,1790663644338,5.228504180908203,3.943512439727783,0.29911351203918457,-1.6800000667572021,-2.0299999713897705,-1.6800000667572021,1.3511873790281597,ascending,5
7,left,3182.749846153846,1790663644338,6.106701374053955,3.6731138229370117,0.4259376525878906,-1.6800000667572021,-2.0299999713897705,-1.6800000667572021,1.3242816180604757,ascending,5
7,left,3182.7594615384614,1790663644338,5.092108249664307,3.6228628158569336,0.26561281085014343,-1.6800000667572021,-2.0299999713897705,-1.6800000667572021,1.289415281990232,ascending,5
7,left,3182.769076923077,1790663644338,5.630512714385986,4.539346694946289,0.41875892877578735,-1.6800000667572021,-2.0299999713897705,-1.6800000667572021,1.2641625764684798,ascending,5
7,left,3182.7786923076924,1790663644338,5.4773664474487305,3.795152187347412,0.4020085632801056,-1.6800000667572021,-2.0299999713897705,-1.6800000667572021,1.2332983430831845,ascending,5
7,left,3182.7883076923076,1790663644338,5.053822040557861,4.091872692108154,0.3421858549118042,-1.6800000667572021,-2.0299999713897705,-1.6800000667572021,1.2010336619027433,ascending,5
7,right,3286.957,1790663644354,5.527617931365967,1.1055235862731934,0.047858163714408875,-1.2599999904632568,-4.340000152587891,-3.2899999618530273,1.7883038141018597,ascending,4
7,right,3286.966615384615,1790663644354,5.716657638549805,0.8518753051757812,0.01914326474070549,-1.2599999904632568,-4.340000152587891,-3.2899999618530273,1.7487281955191973,ascending,4
7,right,3286.976230769231,1790663644354,5.520439147949219,1.521889567375183,0.02632198855280876,-1.2599999904632568,-4.340000152587891,-3.2899999618530273,1.708292667281235,ascending,4
7,right,3286.985846153846,1790663644354,6.424958229064941,0.9380199909210205,0.06939433515071869,-1.2599999904632568,-4.340000152587891,-3.2899999618530273,1.6755955132243674,ascending,4
7,right,3286.9954615384613,1790663644354,6.398636341094971,1.3184924125671387,0.08135887235403061,-1.2599999904632568,-4.340000152587891,-3.2899999618530273,1.6432243311235621,ascending,4
7,right,3287.005076923077,1790663644354,6.168917179107666,0.5623334050178528,0.06939433515071869,-1.2599999904632568,-4.340000152587891,-3.2899999618530273,1.6075653591645622,ascending,4
7,right,3287.0146923076923,1790663644354,6.281383514404297,1.5482115745544434,0.12203831225633621,-1.2599999904632568,-4.340000152587891,-3.2899999618530273,1.5744485729458462,ascending,4
7,right,3287.0243076923075,1790663644354,5.941590785980225,0.9021263718605042,0.15553902089595795,-1.2599999904632568,-4.340000152587891,-3.2899999618530273,1.5371480299274263,ascending,4
7,left,3182.8,1790663644367,4.754708290100098,3.134709596633911,0.2632198929786682,-1.8899999856948853,-1.8899999856948853,1.1200000047683716,1.1520697630775012,ascending,5
7,left,3182.8096153846154,1790663644367,5.410365104675293,2.782952070236206,0.43790218234062195,-1.8899999856948853,-1.8899999856948853,1.1200000047683716,1.1146946064603924,ascending,5
7,left,3182.819230769231,1790663644367,5.096894264221191,3.991370677947998,0.3421858549118042,-1.8899999856948853,-1.8899999856948853,1.1200000047683716,1.0822061429882877,ascending,5
7,left,3182.8288461538464,1790663644367,4.96528434753418,4.072729587554932,0.3230426013469696,-1.8899999856948853,-1.8899999856948853,1.1200000047683716,1.0492274768148298,ascending,5
7,left,3182.8384615384616,1790663644367,5.1040730476379395,3.752079963684082,0.2632198929786682,-1.8899999856948853,-1.8899999856948853,1.1200000047683716,1.0153574733691895,ascending,5
7,left,3182.8480769230773,1790663644367,4.271340847015381,4.302448749542236,0.25843408703804016,-1.8899999856948853,-1.8899999856948853,1.1200000047683716,0.9785591897605601,ascending,5
7,left,3182.8576923076926,1790663644367,4.886318206787109,3.7831876277923584,0.2703986167907715,-1.8899999856948853,-1.8899999856948853,1.1200000047683716,0.9432804072774073,ascending,5
7,left,3182.867307692308,1790663644367,4.895889759063721,3.4314301013946533,0.24886244535446167,-1.8899999856948853,-1.8899999856948853,1.1200000047683716,0.9059731986872074,ascending,5
7,right,3287.032,1790663644429,6.396243095397949,0.46900999546051025,0.09332341700792313,-0.9100000262260437,-3.2899999618530273,-1.0499999523162842,1.5102617150706412,ascending,4
7,right,3287.0416153846154,1790663644429,6.1306304931640625,1.3160994052886963,0.12682412564754486,-0.9100000262260437,-3.2899999618530273,-1.0499999523162842,1.4754117149338322,ascending,4
7,right,3287.051230769231,1790663644429,6.803037643432617,0.727444052696228,0.1005021408200264,-0.9100000262260437,-3.2899999618530273,-1.0499999523162842,1.4460861928020767,ascending,4
7,right,3287.0608461538463,1790663644429,6.690570831298828,0.42833054065704346,0.11485958844423294,-0.9100000262260437,-3.2899999618530273,-1.0499999523162842,1.4152553277329432,ascending,4
7,right,3287.0704615384616,1790663644429,6.345992088317871,1.1366313695907593,0.18664683401584625,-0.9100000262260437,-3.2899999618530273,-1.0499999523162842,1.3822082539888774,ascending,4
7,right,3287.0800769230773,1790663644429,6.582890033721924,0.6580497026443481,0.2010042816400528,-0.9100000262260437,-3.2899999618530273,-1.0499999523162842,1.3507039050356615,ascending,4
7,right,3287.0896923076925,1790663644429,7.037542819976807,0.6891575455665588,0.23689790070056915,-0.9100000262260437,-3.2899999618530273,-1.0499999523162842,1.3235731068131296,ascending,4
7,right,3287.099307692308,1790663644429,7.2265825271606445,1.237133502960205,0.2919347882270813,-0.9100000262260437,-3.2899999618530273,-1.0499999523162842,1.2990561023410605,ascending,4
7,left,3182.879,1790663644442,4.443630218505859,5.116037368774414,0.23450499773025513,-3.0799999237060547,-1.6100000143051147,1.8200000524520874,0.8687763127632767,ascending,5
7,left,3182.888615384615,1790663644442,5.128002166748047,3.687471389770508,0.29911351203918457,-3.0799999237060547,-1.6100000143051147,1.8200000524520874,0.8348032495699672,ascending,5
7,left,3182.898230769231,1790663644442,4.800173759460449,4.859996318817139,0.22971917688846588,-3.0799999237060547,-1.6100000143051147,1.8200000524520874,0.8053936036681613,ascending,5
7,left,3182.907846153846,1790663644442,4.503453254699707,4.745136737823486,0.17468228936195374,-3.0799999237060547,-1.6100000143051147,1.8200000524520874,0.7730597377678341,ascending,5
7,left,3182.9174615384613,1790663644442,5.089715480804443,4.541739463806152,0.1603248417377472,-3.0799999237060547,-1.6100000143051147,1.8200000524520874,0.743916728320585,ascending,5
7,left,3182.927076923077,1790663644442,4.757101058959961,5.716657638549805,0.08614469319581985,-3.0799999237060547,-1.6100000143051147,1.8200000524520874,0.7193511002514226,ascending,5
7,left,3182.9366923076923,1790663644442,5.283541202545166,4.9437479972839355,0.10289505124092102,-3.0799999237060547,-1.6100000143051147,1.8200000524520874,0.694095577680724,ascending,5
7,left,3182.9463076923075,1790663644442,5.297898292541504,5.661620616912842,0.10768086463212967,-3.0799999237060547,-1.6100000143051147,1.8200000524520874,0.6733081837189585,ascending,5
7,left,3182.959,1790663644517,5.8219451904296875,5.156716823577881,0.1603248417377472,-3.640000104904175,-1.399999976158142,-1.75,0.647058742310164,ascending,5
7,left,3182.968615384615,1790663644517,5.250040531158447,6.757572650909424,0.13878867030143738,-3.640000104904175,-1.399999976158142,-1.75,0.6326611503022123,ascending,5
7,left,3182.978230769231,1790663644517,5.879374980926514,5.75494384765625,0.181861013174057,-3.640000104904175,-1.399999976158142,-1.75,0.6168852446834138,ascending,5
7,left,3182.987846153846,1790663644517,4.9437479972839355,6.73603630065918,0.10768086463212967,-3.640000104904175,-1.399999976158142,-1.75,0.600168531793763,ascending,5
7,left,3182.9974615384613,1790663644517,5.675978183746338,5.745372295379639,0.15314611792564392,-3.640000104904175,-1.399999976158142,-1.75,0.5828638824760963,ascending,5
7,left,3183.007076923077,1790663644517,5.699907302856445,6.262240409851074,0.1005021408200264,-3.640000104904175,-1.399999976158142,-1.75,0.5689162148538632,ascending,5
7,left,3183.016692307692,1790663644517,6.243097305297852,5.912876129150391,0.1698964685201645,-3.640000104904175,-1.399999976158142,-1.75,0.5568759512258841,ascending,5
7,left,3183.0263076923075,1790663644517,5.604190826416016,6.348385334014893,0.09810923039913177,-3.640000104904175,-1.399999976158142,-1.75,0.5428151499101334,ascending,5
7,right,3287.108,1790663644550,7.635769844055176,0.28714898228645325,0.2632198929786682,-1.2599999904632568,-2.870000123977661,0.14000000059604645,1.2791494747223366,ascending,4
7,right,3287.1176153846154,1790663644550,7.946847915649414,0.1603248417377472,0.24646952748298645,-1.2599999904632568,-2.870000123977661,0.14000000059604645,1.2599264526193452,ascending,4
7,right,3287.127230769231,1790663644550,8.279461860656738,0.0047858161851763725,0.22971917688846588,-1.2599999904632568,-2.870000123977661,0.14000000059604645,1.2436682919633208,ascending,4
7,right,3287.1368461538464,1790663644550,7.949240684509277,0.3517574965953827,0.2727915346622467,-1.2599999904632568,-2.870000123977661,0.14000000059604645,1.2247877381932193,ascending,4
7,right,3287.1464615384616,1790663644550,8.382356643676758,0.3948298394680023,0.23689790070056915,-1.2599999904632568,-2.870000123977661,0.14000000059604645,1.2101149441371597,ascending,4
7,right,3287.1560769230773,1790663644550,7.877453327178955,0.3230426013469696,0.2895418703556061,-1.2599999904632568,-2.870000123977661,0.14000000059604645,1.1905514256365088,ascending,4
7,right,3287.1656923076926,1790663644550,8.504395484924316,-0.16511066257953644,0.27757734060287476,-1.2599999904632568,-2.870000123977661,0.14000000059604645,1.1762970215514448,ascending,4
7,right,3287.175307692308,1790663644550,8.375178337097168,0.3350071310997009,0.3350071310997009,-1.2599999904632568,-2.870000123977661,0.14000000059604645,1.1615170381497475,ascending,4
7,right,3287.184,1790663644583,8.848974227905273,-0.19861137866973877,0.31586387753486633,-1.190000057220459,-3.0799999237060547,-5.320000171661377,1.1515849966478935,ascending,4
7,right,3287.1936153846154,1790663644583,8.647970199584961,1.0672370195388794,0.35654330253601074,-1.190000057220459,-3.0799999237060547,-5.320000171661377,1.1404179750033234,ascending,4
7,right,3287.203230769231,1790663644583,8.356035232543945,0.5288326740264893,0.31825676560401917,-1.190000057220459,-3.0799999237060547,-5.320000171661377,1.1257537310587489,ascending,4
7,right,3287.2128461538464,1790663644583,9.779815673828125,-0.339792937040329,0.21536172926425934,-1.190000057220459,-3.0799999237060547,-5.320000171661377,1.123483849740264,ascending,4
7,right,3287.2224615384616,1790663644583,9.89706802368164,0.0047858161851763725,0.23689790070056915,-1.190000057220459,-3.0799999237060547,-5.320000171661377,1.1228059420283034,ascending,4
7,right,3287.2320769230773,1790663644583,9.746315002441406,0.1603248417377472,0.2416837215423584,-1.190000057220459,-3.0799999237060547,-5.320000171661377,1.1209131456483394,ascending,4
7,right,3287.2416923076926,1790663644583,8.856152534484863,0.9667348861694336,0.2321120798587799,-1.190000057220459,-3.0799999237060547,-5.320000171661377,1.1116411673882027,ascending,4
7,right,3287.251307692308,1790663644583,9.81092357635498,-0.4115802049636841,0.20579010248184204,-1.190000057220459,-3.0799999237060547,-5.320000171661377,1.1096227867733726,ascending,4
7,left,3183.038,1790663644607,5.836302757263184,6.360349655151367,0.14836029708385468,-3.009999990463257,-0.7699999809265137,-2.0299999713897705,0.5279506291066101,ascending,5
7,left,3183.0476153846153,1790663644607,5.860231876373291,7.044721603393555,0.1722893863916397,-3.009999990463257,-0.7699999809265137,-2.0299999713897705,0.5201900631787295,ascending,5
7,left,3183.057230769231,1790663644607,5.601798057556152,8.435001373291016,0.181861013174057,-3.009999990463257,-0.7699999809265137,-2.0299999713897705,0.5192378552334378,ascending,5
7,left,3183.066846153846,1790663644607,6.343599319458008,6.690570831298828,0.25604116916656494,-3.009999990463257,-0.7699999809265137,-2.0299999713897705,0.5128958729299339,ascending,5
7,left,3183.0764615384614,1790663644607,6.3699212074279785,6.984898567199707,0.2225404530763626,-3.009999990463257,-0.7699999809265137,-2.0299999713897705,0.508598860446176,ascending,5
7,left,3183.086076923077,1790663644607,5.769301414489746,7.291191101074219,0.1411815732717514,-3.009999990463257,-0.7699999809265137,-2.0299999713897705,0.5018539958651407,ascending,5
7,left,3183.0956923076924,1790663644607,6.410600662231445,7.719521522521973,0.19861137866973877,-3.009999990463257,-0.7699999809265137,-2.0299999713897705,0.5025188805092661,ascending,5
7,left,3183.1053076923076,1790663644607,6.535031795501709,7.279226303100586,0.21536172926425934,-3.009999990463257,-0.7699999809265137,-2.0299999713897705,0.5013480558063976,ascending,5
7,right,3287.26,1790663644655,9.523774147033691,0.7944455146789551,0.21775463223457336,-1.8200000524520874,-3.9200000762939453,-5.599999904632568,1.1067872405179,ascending,4
7,right,3287.2696153846155,1790663644655,9.870745658874512,0.5049036145210266,0.2129688262939453,-1.8200000524520874,-3.9200000762939453,-5.599999904632568,1.106574154205451,ascending,4
7,right,3287.279230769231,1790663644655,8.336892127990723,0.014357448555529118,0.23929080367088318,-1.8200000524520874,-3.9200000762939453,-5.599999904632568,1.0911154313299498,ascending,4
7,right,3287.2888461538464,1790663644655,9.363449096679688,1.1246668100357056,0.20818300545215607,-1.8200000524520874,-3.9200000762939453,-5.599999904632568,1.0869091348522166,ascending,4
7,right,3287.2984615384617,1790663644655,8.966226577758789,1.3089207410812378,0.21536172926425934,-1.8200000524520874,-3.9200000762939453,-5.599999904632568,1.0791704451167843,ascending,4
7,right,3287.3080769230774,1790663644655,9.753493309020996,0.7154794931411743,0.2010042816400528,-1.8200000524520874,-3.9200000762939453,-5.599999904632568,1.0781408724789951,ascending,4
7,right,3287.3176923076926,1790663644655,10.10525131225586,0.4546525478363037,0.1411815732717514,-1.8200000524520874,-3.9200000762939453,-5.599999904632568,1.0801292388246406,ascending,4
7,right,3287.327307692308,1790663644655,9.420879364013672,1.749215841293335,0.2129688262939453,-1.8200000524520874,-3.9200000762939453,-5.599999904632568,1.0773146007713565,ascending,4
7,left,3183.118,1790663644682,6.302919864654541,7.8654890060424805,0.19861137866973877,-2.5899999141693115,-0.8400000333786011,1.0499999523162842,0.5025090328665701,ascending,5
7,left,3183.127615384615,1790663644682,5.5826544761657715,7.5280890464782715,0.18664683401584625,-2.5899999141693115,-0.8400000333786011,1.0499999523162842,0.4960772084973494,ascending,5
7,left,3183.137230769231,1790663644682,7.82241678237915,5.745372295379639,0.3134709596633911,-2.5899999141693115,-0.8400000333786011,1.0499999523162842,0.49457820581411094,ascending,5
7,left,3183.146846153846,1790663644682,6.989684581756592,7.011220932006836,0.26800569891929626,-2.5899999141693115,-0.8400000333786011,1.0499999523162842,0.4950559118301595,ascending,5
7,left,3183.1564615384614,1790663644682,7.674056053161621,6.716893196105957,0.30868515372276306,-2.5899999141693115,-0.8400000333786011,1.0499999523162842,0.49862556447375883,ascending,5
7,left,3183.166076923077,1790663644682,7.214617729187012,6.338813304901123,0.32543548941612244,-2.5899999141693115,-0.8400000333786011,1.0499999523162842,0.49648819106443337,ascending,5
7,left,3183.1756923076923,1790663644682,6.786287307739258,6.726464748382568,0.33740004897117615,-2.5899999141693115,-0.8400000333786011,1.0499999523162842,0.4937277870897651,ascending,5
7,left,3183.1853076923076,1790663644682,7.870274543762207,5.845874309539795,0.38525819778442383,-2.5899999141693115,-0.8400000333786011,1.0499999523162842,0.49322895242237486,ascending,5
7,right,3287.336,1790663644729,9.90424633026123,0.825553297996521,0.14357449114322662,-2.0999999046325684,-3.8499999046325684,-3.1500000953674316,1.0778221609821586,ascending,4
7,right,3287.345615384615,1790663644729,9.250982284545898,1.7827165126800537,0.18425391614437103,-2.0999999046325684,-3.8499999046325684,-3.1500000953674316,1.0734482988820817,ascending,4
7,right,3287.3552307692307,1790663644729,9.705635070800781,1.8545037508010864,0.1005021408200264,-2.0999999046325684,-3.8499999046325684,-3.1500000953674316,1.0735221189683026,ascending,4
7,right,3287.364846153846,1790663644729,9.815709114074707,1.7755378484725952,0.06700142472982407,-2.0999999046325684,-3.8499999046325684,-3.1500000953674316,1.0745468680865313,ascending,4
7,right,3287.374461538461,1790663644729,9.813316345214844,2.2325832843780518,0.07657305896282196,-2.0999999046325684,-3.8499999046325684,-3.1500000953674316,1.0761996263752713,ascending,4
7,right,3287.384076923077,1790663644729,9.813316345214844,2.402479648590088,0.09810923039913177,-2.0999999046325684,-3.8499999046325684,-3.1500000953674316,1.0781084311987614,ascending,4
7,right,3287.393692307692,1790663644729,9.822887420654297,1.710929274559021,0.04546525329351425,-2.0999999046325684,-3.8499999046325684,-3.1500000953674316,1.079127813395963,ascending,4
7,right,3287.4033076923074,1790663644729,9.346698760986328,2.5699832439422607,0.0023929080925881863,-2.0999999046325684,-3.8499999046325684,-3.1500000953674316,1.0769014803129526,ascending,4
7,left,3183.197,1790663644757,7.30076265335083,6.791073322296143,0.3948298394680023,-2.380000114440918,-0.699999988079071,3.2200000286102295,0.4949059982728957,ascending,5
7,left,3183.2066153846154,1790663644757,8.312962532043457,6.1665239334106445,0.43550926446914673,-2.380000114440918,-0.699999988079071,3.2200000286102295,0.4996586011433584,ascending,5
7,left,3183.216230769231,1790663644757,7.843952655792236,6.365135669708252,0.5384043455123901,-2.380000114440918,-0.699999988079071,3.2200000286102295,0.5023209095833236,ascending,5
7,left,3183.2258461538463,1790663644757,7.709949970245361,6.688178062438965,0.46900999546051025,-2.380000114440918,-0.699999988079071,3.2200000286102295,0.5060250340109298,ascending,5
7,left,3183.2354615384615,1790663644757,8.0377779006958,5.93680477142334,0.4235447347164154,-2.380000114440918,-0.699999988079071,3.2200000286102295,0.5073698625224813,ascending,5
7,left,3183.2450769230772,1790663644757,7.427586555480957,6.192846298217773,0.5312256217002869,-2.380000114440918,-0.699999988079071,3.2200000286102295,0.5059372351258338,ascending,5
7,left,3183.2546923076925,1790663644757,7.166759967803955,6.575711250305176,0.5575475692749023,-2.380000114440918,-0.699999988079071,3.2200000286102295,0.5050232950673673,ascending,5
7,left,3183.2643076923077,1790663644757,7.542446136474609,6.324456214904785,0.5384043455123901,-2.380000114440918,-0.699999988079071,3.2200000286102295,0.5052587616164053,ascending,5
7,right,3287.412,1790663644805,9.81092357635498,1.8880045413970947,-0.028714897111058235,-1.6100000143051147,-4.550000190734863,-4.409999847412109,1.0779773430552155,ascending,4
7,right,3287.421615384615,1790663644805,9.554882049560547,1.799466848373413,-0.07896596938371658,-1.6100000143051147,-4.550000190734863,-4.409999847412109,1.0766185175880143,ascending,4
7,right,3287.4312307692308,1790663644805,9.775029182434082,1.9789350032806396,-0.08135887235403061,-1.6100000143051147,-4.550000190734863,-4.409999847412109,1.0776317802921118,ascending,4
7,right,3287.440846153846,1790663644805,9.942533493041992,1.6870001554489136,-0.055036887526512146,-1.6100000143051147,-4.550000190734863,-4.409999847412109,1.0797799345561403,ascending,4
7,right,3287.4504615384612,1790663644805,9.865960121154785,1.7540016174316406,-0.0502510704100132,-1.6100000143051147,-4.550000190734863,-4.409999847412109,1.081307222214863,ascending,4
7,right,3287.460076923077,1790663644805,10.200966835021973,1.3854937553405762,-0.03828652948141098,-1.6100000143051147,-4.550000190734863,-4.409999847412109,1.0854293839879858,ascending,4
7,right,3287.469692307692,1790663644805,9.428057670593262,1.3687434196472168,0.02632198855280876,-1.6100000143051147,-4.550000190734863,-4.409999847412109,1.0821869205593848,ascending,4
7,right,3287.4793076923074,1790663644805,10.409150123596191,1.2443121671676636,-0.01914326474070549,-1.6100000143051147,-4.550000190734863,-4.409999847412109,1.0880646834809493,ascending,4
7,left,3183.276,1790663644892,7.619019508361816,6.6427130699157715,0.540797233581543,-3.2200000286102295,-1.6800000667572021,-0.7699999809265137,0.5086499309049916,ascending,5
7,left,3183.285615384615,1790663644892,7.494588375091553,7.195474624633789,0.569512128829956,-3.2200000286102295,-1.6800000667572021,-0.7699999809265137,0.5140220573571428,ascending,5
7,left,3183.295230769231,1790663644892,7.468266010284424,7.066257476806641,0.5527617931365967,-3.2200000286102295,-1.6800000667572021,-0.7699999809265137,0.5183898314407374,ascending,5
7,left,3183.304846153846,1790663644892,7.437158584594727,7.341442108154297,0.5001177787780762,-3.2200000286102295,-1.6800000667572021,-0.7699999809265137,0.5242528674067279,ascending,5
7,left,3183.3144615384613,1790663644892,7.240940093994141,6.800644874572754,0.5025107264518738,-3.2200000286102295,-1.6800000667572021,-0.7699999809265137,0.5252875774188863,ascending,5
7,left,3183.324076923077,1790663644892,7.173938274383545,7.520910263061523,0.4929390549659729,-3.2200000286102295,-1.6800000667572021,-0.7699999809265137,0.5304092599582482,ascending,5
7,left,3183.333692307692,1790663644892,7.0854010581970215,6.625962734222412,0.49054616689682007,-3.2200000286102295,-1.6800000667572021,-0.7699999809265137,0.5292188505436671,ascending,5
7,left,3183.3433076923075,1790663644892,7.004042148590088,7.291191101074219,0.4522596299648285,-3.2200000286102295,-1.6800000667572021,-0.7699999809265137,0.531670770111704,ascending,5
7,right,3287.488,1790663644894,9.605133056640625,1.7444299459457397,-0.016750356182456017,-1.2599999904632568,-3.640000104904175,0.5600000023841858,1.0871873617232635,ascending,4
7,right,3287.497615384615,1790663644894,10.014320373535156,0.8614469170570374,0.0047858161851763725,-1.2599999904632568,-3.640000104904175,0.5600000023841858,1.0887265656738878,ascending,4
7,right,3287.507230769231,1790663644894,9.298840522766113,1.612820029258728,-0.035893622785806656,-1.2599999904632568,-3.640000104904175,0.5600000023841858,1.0846482417047532,ascending,4
7,right,3287.516846153846,1790663644894,9.837244987487793,1.5864980220794678,-0.007178724277764559,-1.2599999904632568,-3.640000104904175,0.5600000023841858,1.0856336772268103,ascending,4
7,right,3287.5264615384613,1790663644894,9.576417922973633,1.1653462648391724,-0.040679436177015305,-1.2599999904632568,-3.640000104904175,0.5600000023841858,1.0835031119221343,ascending,4
7,right,3287.536076923077,1790663644894,9.552489280700684,1.5793193578720093,-0.028714897111058235,-1.2599999904632568,-3.640000104904175,0.5600000023841858,1.081780620377463,ascending,4
7,right,3287.545692307692,1790663644894,9.8085298538208,1.3902796506881714,-0.040679436177015305,-1.2599999904632568,-3.640000104904175,0.5600000023841858,1.0822020860195005,ascending,4
7,right,3287.5553076923075,1790663644894,9.985605239868164,1.1581674814224243,0.04546525329351425,-1.2599999904632568,-3.640000104904175,0.5600000023841858,1.0839468873298668,ascending,4
7,left,3183.355,1790663644921,6.546996593475342,7.16197395324707,0.5049036145210266,-2.309999942779541,-1.399999976158142,3.2899999618530273,0,resting,null
7,left,3183.3646153846153,1790663644921,7.532874584197998,6.513495922088623,0.5001177787780762,-2.309999942779541,-1.399999976158142,3.2899999618530273,0.0015720329380270455,resting,null
7,left,3183.374230769231,1790663644921,6.826966762542725,7.382121562957764,0.4809745252132416,-2.309999942779541,-1.399999976158142,3.2899999618530273,0.0036035497893732644,resting,null
7,left,3183.383846153846,1790663644921,7.111722946166992,7.111722946166992,0.43790218234062195,-2.309999942779541,-1.399999976158142,3.2899999618530273,0.00594195775788772,resting,null
7,left,3183.3934615384615,1790663644921,7.587911605834961,6.357956886291504,0.49772489070892334,-2.309999942779541,-1.399999976158142,3.2899999618530273,0.00691501743641,resting,null
7,left,3183.403076923077,1790663644921,6.654677391052246,7.619019508361816,0.42833054065704346,-2.309999942779541,-1.399999976158142,3.2899999618530273,0.009195758058171855,resting,null
7,left,3183.4126923076924,1790663644921,7.437158584594727,6.269419193267822,0.4044014811515808,-2.309999942779541,-1.399999976158142,3.2899999618530273,0.008479885865063394,resting,null
7,left,3183.4223076923076,1790663644921,7.60466194152832,6.039700031280518,0.4546525478363037,-2.309999942779541,-1.399999976158142,3.2899999618530273,0.0075431876760098816,resting,null
7,right,3287.564,1790663644954,10.100464820861816,1.4477094411849976,-0.009571632370352745,-1.0499999523162842,-3.5,-5.389999866485596,1.0869100162911318,ascending,4
7,right,3287.573615384615,1790663644954,9.332341194152832,1.9621846675872803,0.021536173298954964,-1.0499999523162842,-3.5,-5.389999866485596,1.0836757407082274,ascending,4
7,right,3287.583230769231,1790663644954,10.114822387695312,-0.11007377505302429,-0.035893622785806656,-1.0499999523162842,-3.5,-5.389999866485596,0,resting,null
7,right,3287.592846153846,1790663644954,9.164837837219238,2.1057591438293457,0.028714897111058235,-1.0499999523162842,-3.5,-5.389999866485596,-0.004073469210505081,resting,null
7,right,3287.6024615384613,1790663644954,9.64341926574707,2.148831367492676,0.055036887526512146,-1.0499999523162842,-3.5,-5.389999866485596,-0.0035282471375825647,resting,null
7,right,3287.612076923077,1790663644954,9.490273475646973,1.6391420364379883,0.009571632370352745,-1.0499999523162842,-3.5,-5.389999866485596,-0.005226758361053115,resting,null
7,right,3287.6216923076922,1790663644954,9.779815673828125,2.0890088081359863,0.0502510704100132,-1.0499999523162842,-3.5,-5.389999866485596,-0.0034619302937944174,resting,null
7,right,3287.6313076923075,1790663644954,9.84203052520752,2.086615800857544,0.1005021408200264,-1.0499999523162842,-3.5,-5.389999866485596,-0.001108539493847732,resting,null
7,left,3183.434,1790663644997,6.807823657989502,6.664248943328857,0.44747382402420044,-1.5399999618530273,-1.190000057220459,2.1700000762939453,0.004244215721894918,resting,null
7,left,3183.4436153846154,1790663644997,7.319905757904053,6.109094142913818,0.3948298394680023,-1.5399999618530273,-1.190000057220459,2.1700000762939453,0.0016708297839428258,resting,null
7,left,3183.453230769231,1790663644997,7.169152736663818,6.453673362731934,0.4211518168449402,-1.5399999618530273,-1.190000057220459,2.1700000762939453,0.00020962004145724613,resting,null
7,left,3183.4628461538464,1790663644997,7.171545505523682,6.499138355255127,0.41875892877578735,-1.5399999618530273,-1.190000057220459,2.1700000762939453,-0.0009442201634354551,resting,null
7,left,3183.4724615384616,1790663644997,7.681234836578369,6.039700031280518,0.38525819778442383,-1.5399999618530273,-1.190000057220459,2.1700000762939453,-0.0013561798288135125,resting,null
7,left,3183.4820769230773,1790663644997,7.1571879386901855,6.384278774261475,0.34697166085243225,-1.5399999618530273,-1.190000057220459,2.1700000762939453,-0.0033746063167001926,resting,null
7,left,3183.4916923076926,1790663644997,7.568768501281738,6.056450366973877,0.36850783228874207,-1.5399999618530273,-1.190000057220459,2.1700000762939453,-0.004488255589170405,resting,null
7,left,3183.501307692308,1790663644997,7.492195129394531,5.865017890930176,0.339792937040329,-1.5399999618530273,-1.190000057220459,2.1700000762939453,-0.0073667694296732774,resting,null
7,right,3287.639,1790663645044,9.923389434814453,1.8545037508010864,0.08853759616613388,-0.9100000262260437,-3.569999933242798,-4.480000019073486,0.0010905737149729863,resting,null
7,right,3287.6486153846154,1790663645044,9.770243644714355,2.268476963043213,0.08135887235403061,-0.9100000262260437,-3.569999933242798,-4.480000019073486,0.0030817158130371372,resting,null
7,right,3287.658230769231,1790663645044,9.250982284545898,2.0770442485809326,0.11725249886512756,-0.9100000262260437,-3.569999933242798,-4.480000019073486,-0.00015556826746304666,resting,null
7,right,3287.6678461538463,1790663645044,10.265575408935547,2.0842230319976807,0.1316099464893341,-0.9100000262260437,-3.569999933242798,-4.480000019073486,0.006223775406384416,resting,null
7,right,3287.6774615384616,1790663645044,9.578810691833496,3.0940301418304443,0.18903973698616028,-0.9100000262260437,-3.569999933242798,-4.480000019073486,0.007852199471020543,resting,null
7,right,3287.6870769230773,1790663645044,10.282325744628906,1.7252867221832275,0.17468228936195374,-0.9100000262260437,-3.569999933242798,-4.480000019073486,0.013767730422377111,resting,null
7,right,3287.6966923076925,1790663645044,9.758278846740723,2.002864122390747,0.22493335604667664,-0.9100000262260437,-3.569999933242798,-4.480000019073486,0.015206621666713249,resting,null
7,right,3287.7063076923077,1790663645044,10.098072052001953,2.2230117321014404,0.18664683401584625,-0.9100000262260437,-3.569999933242798,-4.480000019073486,0.020251528252081714,resting,null
7,left,3183.513,1790663645071,7.542446136474609,6.872432231903076,0.3302213251590729,-2.380000114440918,-0.42000001668930054,2.450000047683716,-0.002689826466768531,resting,null
7,left,3183.522615384615,1790663645071,7.642948627471924,6.171309947967529,0.31586387753486633,-2.380000114440918,-0.42000001668930054,2.450000047683716,-0.0025506564540712573,resting,null
7,left,3183.532230769231,1790663645071,7.456301689147949,6.733643531799316,0.260826975107193,-2.380000114440918,-0.42000001668930054,2.450000047683716,-0.00023594176427795465,resting,null
7,left,3183.541846153846,1790663645071,7.188295841217041,6.422565460205078,0.2727915346622467,-2.380000114440918,-0.42000001668930054,2.450000047683716,-0.0018185372797840814,resting,null
7,left,3183.5514615384614,1790663645071,7.750629425048828,6.393850326538086,0.2321120798587799,-2.380000114440918,-0.42000001668930054,2.450000047683716,0.00047483250607300697,resting,null
7,left,3183.561076923077,1790663645071,7.111722946166992,6.645105838775635,0.24646952748298645,-2.380000114440918,-0.42000001668930054,2.450000047683716,-0.00026669439086656046,resting,null
7,left,3183.5706923076923,1790663645071,7.683628082275391,6.606819152832031,0.28714898228645325,-2.380000114440918,-0.42000001668930054,2.450000047683716,0.0029064677065492933,resting,null
7,left,3183.5803076923075,1790663645071,7.485016345977783,6.355564117431641,0.3015064299106598,-2.380000114440918,-0.42000001668930054,2.450000047683716,0.0030631665977030576,resting,null
7,right,3287.716,1790663645119,9.961676597595215,1.6534994840621948,0.25604116916656494,-0.42000001668930054,-4.199999809265137,-4.619999885559082,0.023018863099487273,resting,null
7,right,3287.725615384615,1790663645119,10.074143409729004,2.0746512413024902,0.22732627391815186,-0.42000001668930054,-4.199999809265137,-4.619999885559082,0.02757497155058189,resting,null
7,right,3287.735230769231,1790663645119,9.619490623474121,2.086615800857544,0.2105759084224701,-0.42000001668930054,-4.199999809265137,-4.619999885559082,0.027863329983373708,resting,null
7,right,3287.744846153846,1790663645119,10.318220138549805,1.9310768842697144,0.18664683401584625,-0.42000001668930054,-4.199999809265137,-4.619999885559082,0.034472481897879007,resting,null
7,right,3287.7544615384613,1790663645119,9.648205757141113,2.0698654651641846,0.20579010248184204,-0.42000001668930054,-4.199999809265137,-4.619999885559082,0.035006951464270145,resting,null
7,right,3287.764076923077,1790663645119,9.952104568481445,1.3137065172195435,0.10528795421123505,-0.42000001668930054,-4.199999809265137,-4.619999885559082,0.03704634709931225,resting,null
7,right,3287.7736923076923,1790663645119,9.535738945007324,2.270869731903076,0.16750356554985046,-0.42000001668930054,-4.199999809265137,-4.619999885559082,0.03689117050465532,resting,null
7,right,3287.7833076923075,1790663645119,9.944926261901855,2.014828681945801,0.12443122267723083,-0.42000001668930054,-4.199999809265137,-4.619999885559082,0.04013295077870904,resting,null
7,left,3183.593,1790663645162,7.580732822418213,6.877217769622803,0.34697166085243225,-2.5199999809265137,-0.3499999940395355,0.9100000262260437,0.008546717835766188,resting,null
7,left,3183.602615384615,1790663645162,7.681234836578369,6.066021919250488,0.36611494421958923,-2.5199999809265137,-0.3499999940395355,0.9100000262260437,0.008325860013526276,resting,null
7,left,3183.612230769231,1790663645162,7.315120220184326,6.645105838775635,0.3541503846645355,-2.5199999809265137,-0.3499999940395355,0.9100000262260437,0.009092432737936735,resting,null
7,left,3183.621846153846,1790663645162,7.233761310577393,6.7073211669921875,0.39004403352737427,-2.5199999809265137,-0.3499999940395355,0.9100000262260437,0.00967996636411469,resting,null
7,left,3183.6314615384613,1790663645162,7.554410934448242,6.410600662231445,0.4139730930328369,-2.5199999809265137,-0.3499999940395355,0.9100000262260437,0.010723223480998505,resting,null
7,left,3183.641076923077,1790663645162,7.207438945770264,6.704928398132324,0.3948298394680023,-2.5199999809265137,-0.3499999940395355,0.9100000262260437,0.011105580693412387,resting,null
7,left,3183.650692307692,1790663645162,7.3175129890441895,6.317277431488037,0.4115802049636841,-2.5199999809265137,-0.3499999940395355,0.9100000262260437,0.00984295256871867,resting,null
7,left,3183.6603076923075,1790663645162,7.4586944580078125,6.3196702003479,0.40679436922073364,-2.5199999809265137,-0.3499999940395355,0.9100000262260437,0.009619307547036455,resting,null
7,right,3287.792,1790663645194,10.011927604675293,2.163188934326172,0.11007377505302429,-0.5600000023841858,-4.480000019073486,-5.110000133514404,0.04388506879052521,resting,null
7,right,3287.801615384615,1790663645194,9.746315002441406,2.0961875915527344,0.07178724557161331,-0.5600000023841858,-4.480000019073486,-5.110000133514404,0.04541031965172164,resting,null
7,right,3287.811230769231,1790663645194,9.758278846740723,2.268476963043213,0.11725249886512756,-0.5600000023841858,-4.480000019073486,-5.110000133514404,0.047376358030604644,resting,null
7,right,3287.820846153846,1790663645194,9.736742973327637,2.1272952556610107,0.1005021408200264,-0.5600000023841858,-4.480000019073486,-5.110000133514404,0.04887408473436914,resting,null
7,right,3287.8304615384613,1790663645194,9.504631042480469,2.1942968368530273,0.06221561133861542,-0.5600000023841858,-4.480000019073486,-5.110000133514404,0.048321649978534165,resting,null
7,right,3287.840076923077,1790663645194,9.186373710632324,2.3067634105682373,0.040679436177015305,-0.5600000023841858,-4.480000019073486,-5.110000133514404,0.04500365381216916,resting,null
7,right,3287.8496923076923,1790663645194,9.944926261901855,2.038757801055908,0.06221561133861542,-0.5600000023841858,-4.480000019073486,-5.110000133514404,0.048293815504203044,resting,null
7,right,3287.8593076923075,1790663645194,9.609918594360352,2.91695499420166,0.10289505124092102,-0.5600000023841858,-4.480000019073486,-5.110000133514404,0.05018514608096741,resting,null
7,left,3183.672,1790663645237,7.398871898651123,6.5733184814453125,0.41875892877578735,-2.799999952316284,0.21000000834465027,0.699999988079071,0.010767558212327787,resting,null
7,left,3183.6816153846153,1790663645237,7.449122905731201,6.405815124511719,0.4833674430847168,-2.799999952316284,0.21000000834465027,0.699999988079071,0.01104689990333804,resting,null
7,left,3183.691230769231,1790663645237,7.319905757904053,6.870038986206055,0.37807947397232056,-2.799999952316284,0.21000000834465027,0.699999988079071,0.013274456137220085,resting,null
7,left,3183.700846153846,1790663645237,7.279226303100586,6.2718119621276855,0.35654330253601074,-2.799999952316284,0.21000000834465027,0.699999988079071,0.011424750392251843,resting,null
7,left,3183.7104615384615,1790663645237,7.415622234344482,6.604426383972168,0.363722026348114,-2.799999952316284,0.21000000834465027,0.699999988079071,0.012664495610834822,resting,null
7,left,3183.720076923077,1790663645237,7.250511646270752,6.307705879211426,0.3421858549118042,-2.799999952316284,0.21000000834465027,0.699999988079071,0.010828082235135312,resting,null
7,left,3183.7296923076924,1790663645237,7.499373912811279,6.267026424407959,0.27518442273139954,-2.799999952316284,0.21000000834465027,0.699999988079071,0.010514915768742009,resting,null
7,left,3183.7393076923076,1790663645237,6.99686336517334,6.410600662231445,0.28714898228645325,-2.799999952316284,0.21000000834465027,0.699999988079071,0.007471309862355221,resting,null
7,right,3287.867,1790663645269,9.791779518127441,1.9143264293670654,0.09810923039913177,-0.5600000023841858,-4.829999923706055,-3.569999933242798,0.0514624883333187,resting,null
7,right,3287.8766153846154,1790663645269,9.408914566040039,2.2804415225982666,0.14357449114322662,-0.5600000023841858,-4.829999923706055,-3.569999933242798,0.05019269134285672,resting,null
7,right,3287.886230769231,1790663645269,9.66256332397461,2.3426570892333984,0.1411815732717514,-0.5600000023841858,-4.829999923706055,-3.569999933242798,0.05143765393988438,resting,null
7,right,3287.8958461538464,1790663645269,9.363449096679688,2.2325832843780518,0.1507532149553299,-0.5600000023841858,-4.829999923706055,-3.569999933242798,0.04965205415703237,resting,null
7,right,3287.9054615384616,1790663645269,9.440022468566895,2.0555081367492676,0.14596739411354065,-0.5600000023841858,-4.829999923706055,-3.569999933242798,0.04822480279273024,resting,null
7,right,3287.9150769230773,1790663645269,9.21748161315918,1.7922881841659546,0.2010042816400528,-0.5600000023841858,-4.829999923706055,-3.569999933242798,0.04416812169488742,resting,null
7,right,3287.9246923076926,1790663645269,9.229446411132812,1.6630711555480957,0.14596739411354065,-0.5600000023841858,-4.829999923706055,-3.569999933242798,0.03996572945990592,resting,null
7,right,3287.934307692308,1790663645269,9.033227920532227,1.9095406532287598,0.15314611792564392,-0.5600000023841858,-4.829999923706055,-3.569999933242798,0.03442613156093198,resting,null
7,left,3183.752,1790663645312,6.886789321899414,6.513495922088623,0.27757734060287476,-2.870000123977661,-0.21000000834465027,0.2800000011920929,0.003267573454604869,resting,null
7,left,3183.761615384615,1790663645312,6.700142860412598,6.427350997924805,0.3230426013469696,-2.870000123977661,-0.21000000834465027,0.2800000011920929,-0.0017843782880967156,resting,null
7,left,3183.771230769231,1790663645312,6.503924369812012,6.82218074798584,0.2703986167907715,-2.870000123977661,-0.21000000834465027,0.2800000011920929,-0.005752587746557709,resting,null
7,left,3183.780846153846,1790663645312,6.587676048278809,6.312491416931152,0.44268798828125,-2.870000123977661,-0.21000000834465027,0.2800000011920929,-0.012280003856629092,resting,null
7,left,3183.7904615384614,1790663645312,5.908090114593506,7.030364036560059,0.34936457872390747,-2.870000123977661,-0.21000000834465027,0.2800000011920929,-0.019135057736471322,resting,null
7,left,3183.800076923077,1790663645312,6.329241752624512,6.171309947967529,0.382865309715271,-2.870000123977661,-0.21000000834465027,0.2800000011920929,-0.02842157961288505,resting,null
7,left,3183.8096923076923,1790663645312,6.068414688110352,6.3412065505981445,0.40679436922073364,-2.870000123977661,-0.21000000834465027,0.2800000011920929,-0.03846539688527288,resting,null
7,left,3183.8193076923076,1790663645312,5.71187162399292,5.886553764343262,0.382865309715271,-2.870000123977661,-0.21000000834465027,0.2800000011920929,-0.053966382846547485,resting,null
7,right,3287.943,1790663645344,8.999727249145508,1.177310824394226,0.08853759616613388,0.3499999940395355,-5.53000020980835,-9.520000457763672,0.027786418280113245,resting,null
7,right,3287.9526153846155,1790663645344,8.808294296264648,1.9885066747665405,0.11007377505302429,0.3499999940395355,-5.53000020980835,-9.520000457763672,0.020303597567838963,resting,null
7,right,3287.962230769231,1790663645344,8.841794967651367,1.395065426826477,0.0502510704100132,0.3499999940395355,-5.53000020980835,-9.520000457763672,0.011917951144340144,resting,null
7,right,3287.9718461538464,1790663645344,8.363213539123535,1.3854937553405762,0.04307234659790993,0.3499999940395355,-5.53000020980835,-9.520000457763672,-0.0009751580336387474,resting,null
7,right,3287.9814615384616,1790663645344,8.088028907775879,1.2634555101394653,0.047858163714408875,0.3499999940395355,-5.53000020980835,-9.520000457763672,-0.01669592645714607,resting,null
7,right,3287.9910769230773,1790663645344,7.738664627075195,1.0289504528045654,0.009571632370352745,0.3499999940395355,-5.53000020980835,-9.520000457763672,-0.03616757075732368,resting,null
7,right,3288.0006923076926,1790663645344,7.188295841217041,1.4668526649475098,-0.016750356182456017,0.3499999940395355,-5.53000020980835,-9.520000457763672,-0.05989765115553997,resting,null
7,right,3288.010307692308,1790663645344,7.011220932006836,0.9212695956230164,0,0.3499999940395355,-5.53000020980835,-9.520000457763672,-0.08639649374032217,resting,null
7,right,3288.019,1790663645419,6.255061626434326,1.5577831268310547,0.007178724277764559,0.6299999952316284,-5.880000114440918,-5.25,-0.11558226071363986,resting,null
7,right,3288.028615384615,1790663645419,6.482388019561768,0.8111958503723145,0.016750356182456017,0.6299999952316284,-5.880000114440918,-5.25,-0.14725728999262402,resting,null
7,right,3288.0382307692307,1790663645419,6.592461585998535,0.6054057478904724,0.04546525329351425,0.6299999952316284,-5.880000114440918,-5.25,-0.1783186066790785,descending,null
7,right,3288.047846153846,1790663645419,6.33642053604126,1.5362470149993896,0.08135887235403061,0.6299999952316284,-5.880000114440918,-5.25,-0.2098444656451375,descending,null
7,right,3288.057461538461,1790663645419,6.353170871734619,0.825553297996521,0.05742979422211647,0.6299999952316284,-5.880000114440918,-5.25,-0.24267874783254736,descending,null
7,right,3288.067076923077,1790663645419,5.422329902648926,1.5362470149993896,0.1316099464893341,0.6299999952316284,-5.880000114440918,-5.25,-0.2827537979889645,descending,null
7,right,3288.076692307692,1790663645419,5.400793552398682,1.019378900527954,0.12682412564754486,0.6299999952316284,-5.880000114440918,-5.25,-0.32409725632235914,descending,null
7,right,3288.0863076923074,1790663645419,4.9078545570373535,1.1270596981048584,0.09332341700792313,0.6299999952316284,-5.880000114440918,-5.25,-0.3698135786706968,descending,null
7,left,3183.831,1790663645447,5.5611186027526855,5.5611186027526855,0.39722275733947754,-1.2599999904632568,-0.3499999940395355,0.49000000953674316,-0.0766351449311522,resting,null
7,left,3183.8406153846154,1790663645447,5.568296909332275,5.3146491050720215,0.3732936680316925,-1.2599999904632568,-0.3499999940395355,0.49000000953674316,-0.09680853922902324,resting,null
7,left,3183.850230769231,1790663645447,5.05142879486084,5.046643257141113,0.4020085632801056,-1.2599999904632568,-0.3499999940395355,0.49000000953674316,-0.12236031969955424,resting,null
7,left,3183.8598461538463,1790663645447,4.836067199707031,5.338577747344971,0.3230426013469696,-1.2599999904632568,-0.3499999940395355,0.49000000953674316,-0.14756639841181665,descending,null
7,left,3183.8694615384616,1790663645447,4.915033340454102,4.7738518714904785,0.3517574965953827,-1.2599999904632568,-0.3499999940395355,0.49000000953674316,-0.17583778595778085,descending,null
7,left,3183.8790769230773,1790663645447,5.08732271194458,4.816924095153809,0.2919347882270813,-1.2599999904632568,-0.3499999940395355,0.49000000953674316,-0.2026195490484472,descending,null
7,left,3183.8886923076925,1790663645447,4.989213466644287,4.335949420928955,0.31825676560401917,-1.2599999904632568,-0.3499999940395355,0.49000000953674316,-0.23319449734126982,descending,null
7,left,3183.8983076923078,1790663645447,4.996392250061035,4.197160720825195,0.2823631465435028,-1.2599999904632568,-0.3499999940395355,0.49000000953674316,-0.26462024722269506,descending,null
7,left,3183.91,1790663645478,4.477130889892578,4.060765266418457,0.23929080367088318,-0.49000000953674316,-0.42000001668930054,0.07000000029802322,-0.30837626653501155,descending,null
7,left,3183.919615384615,1790663645478,3.933940887451172,4.055979251861572,0.181861013174057,-0.49000000953674316,-0.42000001668930054,0.07000000029802322,-0.34824017634579424,descending,null
7,left,3183.929230769231,1790663645478,3.962655782699585,3.3907508850097656,0.21536172926425934,-0.49000000953674316,-0.42000001668930054,0.07000000029802322,-0.39218664333763154,descending,null
7,left,3183.938846153846,1790663645478,3.694650173187256,3.2567479610443115,0.24886244535446167,-0.49000000953674316,-0.42000001668930054,0.07000000029802322,-0.43886338665743263,descending,null
7,left,3183.9484615384613,1790663645478,3.7903664112091064,3.2376046180725098,0.22014755010604858,-0.49000000953674316,-0.42000001668930054,0.07000000029802322,-0.4849771635072179,descending,null
7,left,3183.958076923077,1790663645478,3.9530842304229736,2.9456698894500732,0.23689790070056915,-0.49000000953674316,-0.42000001668930054,0.07000000029802322,-0.5318059139178692,descending,null
7,left,3183.9676923076922,1790663645478,3.4936459064483643,3.534325361251831,0.24886244535446167,-0.49000000953674316,-0.42000001668930054,0.07000000029802322,-0.5780352749070857,descending,null
7,left,3183.9773076923075,1790663645478,4.345520973205566,2.971991777420044,0.25604116916656494,-0.49000000953674316,-0.42000001668930054,0.07000000029802322,-0.6218640674687494,descending,null
7,right,3288.095,1790663645494,4.752315521240234,0.8518753051757812,0.08853759616613388,0.3499999940395355,-5.25,-4.619999885559082,-0.4129685082205852,descending,null
7,right,3288.104615384615,1790663645494,4.414915561676025,0.8662327527999878,0.11007377505302429,0.3499999940395355,-5.25,-4.619999885559082,-0.46382113488703514,descending,null
7,right,3288.1142307692307,1790663645494,4.16605281829834,1.275420069694519,0.11725249886512756,0.3499999940395355,-5.25,-4.619999885559082,-0.5161122298864061,descending,null
7,right,3288.123846153846,1790663645494,4.376628875732422,0.6317277550697327,0.11007377505302429,0.3499999940395355,-5.25,-4.619999885559082,-0.5677808918868034,descending,null
7,right,3288.1334615384612,1790663645494,4.0583720207214355,1.4309589862823486,0.12443122267723083,0.3499999940395355,-5.25,-4.619999885559082,-0.6206964841426582,descending,null
7,right,3288.143076923077,1790663645494,4.544132232666016,0.7154794931411743,0.11007377505302429,0.3499999940395355,-5.25,-4.619999885559082,-0.6705745583293304,descending,null
7,right,3288.152692307692,1790663645494,4.658992290496826,1.366350531578064,0.07896596938371658,0.3499999940395355,-5.25,-4.619999885559082,-0.7179443624147421,descending,null
7,right,3288.1623076923074,1790663645494,4.9437479972839355,1.6750357151031494,0.06939433515071869,0.3499999940395355,-5.25,-4.619999885559082,-0.7619538861739197,descending,null
7,left,3183.99,1790663645551,4.379021644592285,3.6443989276885986,0.2321120798587799,-1.3300000429153442,0.3499999940395355,0.42000001668930054,-0.6736205016557548,descending,null
7,left,3183.999615384615,1790663645551,4.742743968963623,3.8956544399261475,0.3110780417919159,-1.3300000429153442,0.3499999940395355,0.42000001668930054,-0.7085728425807056,descending,null
7,left,3184.0092307692307,1790663645551,5.336184978485107,3.744901180267334,0.284756064414978,-1.3300000429153442,0.3499999940395355,0.42000001668930054,-0.7402991229021233,descending,null
7,left,3184.018846153846,1790663645551,5.168681621551514,4.474738121032715,0.30629223585128784,-1.3300000429153442,0.3499999940395355,0.42000001668930054,-0.7684456587213224,descending,null
7,left,3184.028461538461,1790663645551,5.532403469085693,4.364664554595947,0.3350071310997009,-1.3300000429153442,0.3499999940395355,0.42000001668930054,-0.7946912245838829,descending,null
7,left,3184.038076923077,1790663645551,5.888947010040283,4.735565185546875,0.3015064299106598,-1.3300000429153442,0.3499999940395355,0.42000001668930054,-0.8160017526009172,descending,null
7,left,3184.047692307692,1790663645551,5.61615514755249,5.4486517906188965,0.24407662451267242,-1.3300000429153442,0.3499999940395355,0.42000001668930054,-0.8346656755318066,descending,null
7,left,3184.0573076923074,1790663645551,5.83390998840332,5.123216152191162,0.24407662451267242,-1.3300000429153442,0.3499999940395355,0.42000001668930054,-0.8538731966204473,descending,null
7,right,3288.171,1790663645599,5.419936656951904,1.5434256792068481,0.02632198855280876,-0.49000000953674316,-1.75,-4.340000152587891,-0.7979402445718693,descending,null
7,right,3288.180615384615,1790663645599,5.865017890930176,1.4309589862823486,0.07896596938371658,-0.49000000953674316,-1.75,-4.340000152587891,-0.8338191660620179,descending,null
7,right,3288.1902307692308,1790663645599,6.355564117431641,1.454888105392456,0.06700142472982407,-0.49000000953674316,-1.75,-4.340000152587891,-0.8650365864121666,descending,null
7,right,3288.199846153846,1790663645599,6.64031982421875,1.6463208198547363,0.08614469319581985,-0.49000000953674316,-1.75,-4.340000152587891,-0.8931566596471938,descending,null
7,right,3288.2094615384613,1790663645599,7.0160064697265625,1.6487137079238892,0.15553902089595795,-0.49000000953674316,-1.75,-4.340000152587891,-0.9177550758687513,descending,null
7,right,3288.219076923077,1790663645599,7.398871898651123,1.710929274559021,0.12682412564754486,-0.49000000953674316,-1.75,-4.340000152587891,-0.9386156122640398,descending,null
7,right,3288.228692307692,1790663645599,6.956183910369873,1.7755378484725952,0.16511066257953644,-0.49000000953674316,-1.75,-4.340000152587891,-0.963465308646297,descending,null
7,right,3288.2383076923074,1790663645599,6.939433574676514,1.7276796102523804,0.17707519233226776,-0.49000000953674316,-1.75,-4.340000152587891,-0.9885643768760345,descending,null
7,left,3184.069,1790663645627,5.644870281219482,5.020321369171143,0.2512553632259369,-0.7699999809265137,-1.1200000047683716,-0.21000000834465027,-0.8796516103830688,descending,null
7,left,3184.078615384615,1790663645627,5.518045902252197,4.962891578674316,0.2225404530763626,-0.7699999809265137,-1.1200000047683716,-0.21000000834465027,-0.902124364866798,descending,null
7,left,3184.088230769231,1790663645627,6.561354160308838,5.214146614074707,0.24886244535446167,-0.7699999809265137,-1.1200000047683716,-0.21000000834465027,-0.9155164731666711,descending,null
7,left,3184.097846153846,1790663645627,6.652284622192383,5.649655818939209,0.27997025847435,-0.7699999809265137,-1.1200000047683716,-0.21000000834465027,-0.9254377269668492,descending,null
7,left,3184.1074615384614,1790663645627,6.826966762542725,6.329241752624512,0.2703986167907715,-0.7699999809265137,-1.1200000047683716,-0.21000000834465027,-0.9297476143823592,descending,null
7,left,3184.117076923077,1790663645627,6.508709907531738,6.525460243225098,0.25604116916656494,-0.7699999809265137,-1.1200000047683716,-0.21000000834465027,-0.9350627196835961,descending,null
7,left,3184.1266923076923,1790663645627,6.896361351013184,6.472816467285156,0.3134709596633911,-0.7699999809265137,-1.1200000047683716,-0.21000000834465027,-0.9379270905210983,descending,null
7,left,3184.1363076923076,1790663645627,6.386671543121338,6.2646331787109375,0.2512553632259369,-0.7699999809265137,-1.1200000047683716,-0.21000000834465027,-0.9457756514498319,descending,null
7,right,3288.247,1790663645691,6.922683238983154,2.1320810317993164,0.18903973698616028,-1.1200000047683716,-1.75,-5.740000247955322,-1.0105605505933686,descending,null
7,right,3288.256615384615,1790663645691,7.657305717468262,2.148831367492676,0.17468228936195374,-1.1200000047683716,-1.75,-5.740000247955322,-1.0279703842999643,descending,null
7,right,3288.266230769231,1790663645691,7.932490348815918,1.9502201080322266,0.1722893863916397,-1.1200000047683716,-1.75,-5.740000247955322,-1.043250272764371,descending,null
7,right,3288.275846153846,1790663645691,8.336892127990723,2.5819478034973145,0.181861013174057,-1.1200000047683716,-1.75,-5.740000247955322,-1.0532931961440415,descending,null
7,right,3288.2854615384613,1790663645691,8.801115989685059,2.0124356746673584,0.2010042816400528,-1.1200000047683716,-1.75,-5.740000247955322,-1.0603133627430883,descending,null
7,right,3288.295076923077,1790663645691,8.571396827697754,1.9597917795181274,0.1411815732717514,-1.1200000047683716,-1.75,-5.740000247955322,-1.069585215397109,descending,null
7,right,3288.304692307692,1790663645691,8.564218521118164,1.8736470937728882,0.13878867030143738,-1.1200000047683716,-1.75,-5.740000247955322,-1.0791160827494723,descending,null
7,right,3288.3143076923075,1790663645691,8.138280868530273,1.93586266040802,0.1005021408200264,-1.1200000047683716,-1.75,-5.740000247955322,-1.092466470648266,descending,null
7,left,3184.148,1790663645717,6.908325672149658,6.499138355255127,0.32543548941612244,0.21000000834465027,-2.1700000762939453,1.9600000381469727,-0.9489295454063608,descending,null
7,left,3184.1576153846154,1790663645717,7.059078693389893,5.884160995483398,0.4115802049636841,0.21000000834465027,-2.1700000762939453,1.9600000381469727,-0.9543972680326401,descending,null
7,left,3184.167230769231,1790663645717,6.803037643432617,6.188060283660889,0.39722275733947754,0.21000000834465027,-2.1700000762939453,1.9600000381469727,-0.9597224603037494,descending,null
7,left,3184.1768461538463,1790663645717,6.551782131195068,5.939198017120361,0.4115802049636841,0.21000000834465027,-2.1700000762939453,1.9600000381469727,-0.9684322568942093,descending,null
7,left,3184.1864615384616,1790663645717,7.042328357696533,6.116272926330566,0.44986671209335327,0.21000000834465027,-2.1700000762939453,1.9600000381469727,-0.9724884420386711,descending,null
7,left,3184.1960769230773,1790663645717,6.6786065101623535,6.618783950805664,0.5264397859573364,0.21000000834465027,-2.1700000762939453,1.9600000381469727,-0.9758618039558523,descending,null
7,left,3184.2056923076925,1790663645717,7.9683837890625,6.2359185218811035,0.5049036145210266,0.21000000834465027,-2.1700000762939453,1.9600000381469727,-0.972520446421796,descending,null
7,left,3184.2153076923078,1790663645717,7.274440765380859,7.152402400970459,0.4953319728374481,0.21000000834465027,-2.1700000762939453,1.9600000381469727,-0.9682275050602893,descending,null
7,right,3288.323,1790663645719,8.372785568237305,2.275655508041382,0.047858163714408875,-0.7699999809265137,-1.3300000429153442,-4.829999923706055,-1.1018333271277607,descending,null
7,right,3288.332615384615,1790663645719,7.784130096435547,1.9262909889221191,0.08135887235403061,-0.7699999809265137,-1.3300000429153442,-4.829999923706055,-1.1184941668890678,descending,null
7,right,3288.342230769231,1790663645719,8.121530532836914,2.452730894088745,0.05742979422211647,-0.7699999809265137,-1.3300000429153442,-4.829999923706055,-1.130759071836759,descending,null
7,right,3288.351846153846,1790663645719,8.083243370056152,1.847325086593628,0.035893622785806656,-0.7699999809265137,-1.3300000429153442,-4.829999923706055,-1.1448011665239337,descending,null
7,right,3288.3614615384613,1790663645719,8.540288925170898,2.648949146270752,0.04307234659790993,-0.7699999809265137,-1.3300000429153442,-4.829999923706055,-1.1526786575209431,descending,null
7,right,3288.371076923077,1790663645719,8.82983112335205,1.5553902387619019,0.007178724277764559,-0.7699999809265137,-1.3300000429153442,-4.829999923706055,-1.1604491777472477,descending,null
7,right,3288.3806923076922,1790663645719,9.119372367858887,2.17036771774292,-0.01914326474070549,-0.7699999809265137,-1.3300000429153442,-4.829999923706055,-1.1640588849006488,descending,null
7,right,3288.3903076923075,1790663645719,9.973641395568848,1.876039981842041,-0.03350071236491203,-0.7699999809265137,-1.3300000429153442,-4.829999923706055,-1.1603956959224533,descending,null
7,left,3184.227,1790663645792,7.676449298858643,7.750629425048828,0.5264397859573364,0.21000000834465027,-1.5399999618530273,2.0999999046325684,-0.9548154066644985,descending,null
7,left,3184.236615384615,1790663645792,8.714971542358398,7.949240684509277,0.5671192407608032,0.21000000834465027,-1.5399999618530273,2.0999999046325684,-0.9351111342917485,descending,null
7,left,3184.246230769231,1790663645792,8.279461860656738,8.487645149230957,0.5025107264518738,0.21000000834465027,-1.5399999618530273,2.0999999046325684,-0.9150494691000275,descending,null
7,left,3184.255846153846,1790663645792,7.958812236785889,7.676449298858643,0.4833674430847168,0.21000000834465027,-1.5399999618530273,2.0999999046325684,-0.9025236716775923,descending,null
7,left,3184.2654615384613,1790663645792,8.612075805664062,6.570925712585449,0.5503688454627991,0.21000000834465027,-1.5399999618530273,2.0999999046325684,-0.8924912283201536,descending,null
7,left,3184.275076923077,1790663645792,7.913347244262695,7.944454669952393,0.5431901216506958,0.21000000834465027,-1.5399999618530273,2.0999999046325684,-0.8785419843102122,descending,null
7,left,3184.2846923076922,1790663645792,8.346463203430176,8.7843656539917,0.5168681740760803,0.21000000834465027,-1.5399999618530273,2.0999999046325684,-0.8560874378930191,descending,null
7,left,3184.2943076923075,1790663645792,8.935118675231934,8.57618236541748,0.4761887192726135,0.21000000834465027,-1.5399999618530273,2.0999999046325684,-0.8308370422944712,descending,null
7,right,3288.399,1790663645793,11.543388366699219,2.936098337173462,-0.021536173298954964,-1.399999976158142,2.0299999713897705,-5.460000038146973,-1.1416086794750453,descending,null
7,right,3288.408615384615,1790663645793,11.038484573364258,2.452730894088745,0.04307234659790993,-1.399999976158142,2.0299999713897705,-5.460000038146973,-1.126681744213146,descending,null
7,right,3288.418230769231,1790663645793,10.449830055236816,2.9528486728668213,0.05264397710561752,-1.399999976158142,2.0299999713897705,-5.460000038146973,-1.1160613583210999,descending,null
7,right,3288.427846153846,1790663645793,10.184216499328613,3.156245708465576,0.016750356182456017,-1.399999976158142,2.0299999713897705,-5.460000038146973,-1.1074198399391229,descending,null
7,right,3288.4374615384613,1790663645793,9.626668930053711,2.9743847846984863,0.014357448555529118,-1.399999976158142,2.0299999713897705,-5.460000038146973,-1.1043952240716526,descending,null
7,right,3288.447076923077,1790663645793,10.232074737548828,2.5556259155273438,0.007178724277764559,-1.399999976158142,2.0299999713897705,-5.460000038146973,-1.0967602391244584,descending,null
7,right,3288.4566923076923,1790663645793,11.660640716552734,1.9502201080322266,0.023929081857204437,-1.399999976158142,2.0299999713897705,-5.460000038146973,-1.0773004806205384,descending,null
7,right,3288.4663076923075,1790663645793,11.995648384094238,2.8475606441497803,0.01914326474070549,-1.399999976158142,2.0299999713897705,-5.460000038146973,-1.0525644763980435,descending,null
7,left,3184.306,1790663645867,8.657541275024414,7.980348587036133,0.41875892877578735,1.1200000047683716,-3.1500000953674316,-0.6299999952316284,-0.8072696744146513,descending,null
7,left,3184.3156153846153,1790663645867,9.442415237426758,7.987527370452881,0.37568655610084534,1.1200000047683716,-3.1500000953674316,-0.6299999952316284,-0.7823103954509558,descending,null
7,left,3184.325230769231,1790663645867,9.284482955932617,7.630983829498291,0.382865309715271,1.1200000047683716,-3.1500000953674316,-0.6299999952316284,-0.7607810425212572,descending,null
7,left,3184.3348461538462,1790663645867,7.719521522521973,8.16699504852295,0.23689790070056915,1.1200000047683716,-3.1500000953674316,-0.6299999952316284,-0.7469226387916582,descending,null
7,left,3184.3444615384615,1790663645867,7.78652286529541,7.288797855377197,0.27518442273139954,1.1200000047683716,-3.1500000953674316,-0.6299999952316284,-0.738281354331021,descending,null
7,left,3184.354076923077,1790663645867,7.9994916915893555,7.571161270141602,0.30868515372276306,1.1200000047683716,-3.1500000953674316,-0.6299999952316284,-0.7262885628130487,descending,null
7,left,3184.3636923076924,1790663645867,8.48285961151123,8.657541275024414,0.30629223585128784,1.1200000047683716,-3.1500000953674316,-0.6299999952316284,-0.7038017750474098,descending,null
7,left,3184.3733076923077,1790663645867,9.724778175354004,9.30601978302002,0.3350071310997009,1.1200000047683716,-3.1500000953674316,-0.6299999952316284,-0.6683311465239817,descending,null
7,right,3288.474,1790663645884,12.40483570098877,2.627413034439087,0.1316099464893341,-1.75,1.8200000524520874,-5.599999904632568,-1.030157225315298,descending,null
7,right,3288.4836153846154,1790663645884,11.574496269226074,3.716186285018921,0.2416837215423584,-1.75,1.8200000524520874,-5.599999904632568,-1.0072570147723718,descending,null
7,right,3288.493230769231,1790663645884,11.887967109680176,2.6034839153289795,0.18664683401584625,-1.75,1.8200000524520874,-5.599999904632568,-0.9841450335997985,descending,null
7,right,3288.5028461538463,1790663645884,10.715442657470703,2.943276882171631,0.24646952748298645,-1.75,1.8200000524520874,-5.599999904632568,-0.9711227684517766,descending,null
7,right,3288.5124615384616,1790663645884,10.581439971923828,2.086615800857544,0.2512553632259369,-1.75,1.8200000524520874,-5.599999904632568,-0.9614300117966981,descending,null
7,right,3288.5220769230773,1790663645884,10.760908126831055,3.0389933586120605,0.22493335604667664,-1.75,1.8200000524520874,-5.599999904632568,-0.9477573316564544,descending,null
7,right,3288.5316923076925,1790663645884,12.541231155395508,3.484074115753174,0.18425391614437103,-1.75,1.8200000524520874,-5.599999904632568,-0.9164566314150164,descending,null
7,right,3288.541307692308,1790663645884,13.663505554199219,2.3306925296783447,0.23689790070056915,-1.75,1.8200000524520874,-5.599999904632568,-0.8775824059971152,descending,null
7,right,3288.55,1790663645946,14.075085639953613,3.6276485919952393,0.2703986167907715,-1.6800000667572021,2.1700000762939453,-4.059999942779541,-0.836107944653084,descending,null
7,right,3288.5596153846154,1790663645946,14.144479751586914,2.4479448795318604,0.3038993179798126,-1.6800000667572021,2.1700000762939453,-4.059999942779541,-0.7925252657652521,descending,null
7,right,3288.569230769231,1790663645946,13.393106460571289,4.118195056915283,0.3541503846645355,-1.6800000667572021,2.1700000762939453,-4.059999942779541,-0.7517971421362,descending,null
7,right,3288.5788461538464,1790663645946,13.08202838897705,2.9839563369750977,0.3015064299106598,-1.6800000667572021,2.1700000762939453,-4.059999942779541,-0.7167989169433323,descending,null
7,right,3288.5884615384616,1790663645946,12.1511869430542,3.7137932777404785,0.2727915346622467,-1.6800000667572021,2.1700000762939453,-4.059999942779541,-0.6886329925473,descending,null
7,right,3288.5980769230773,1790663645946,12.010005950927734,2.2876200675964355,0.19861137866973877,-1.6800000667572021,2.1700000762939453,-4.059999942779541,-0.6653664998552813,descending,null
7,right,3288.6076923076926,1790663645946,11.194024085998535,3.9243693351745605,0.2416837215423584,-1.6800000667572021,2.1700000762939453,-4.059999942779541,-0.6455662867370464,descending,null
7,right,3288.617307692308,1790663645946,13.113136291503906,3.697042942047119,0.2703986167907715,-1.6800000667572021,2.1700000762939453,-4.059999942779541,-0.608548713919324,descending,null
7,left,3184.385,1790663646003,8.231603622436523,10.638869285583496,0.29911351203918457,-0.07000000029802322,-2.0999999046325684,-0.21000000834465027,-0.627450362853875,descending,null
7,left,3184.3946153846155,1790663646003,9.437629699707031,9.253376007080078,0.3015064299106598,-0.07000000029802322,-2.0999999046325684,-0.21000000834465027,-0.5943929352859278,descending,null
7,left,3184.404230769231,1790663646003,9.45438003540039,8.451751708984375,0.30868515372276306,-0.07000000029802322,-2.0999999046325684,-0.21000000834465027,-0.566460629256059,descending,null
7,left,3184.4138461538464,1790663646003,8.971012115478516,8.889653205871582,0.32543548941612244,-0.07000000029802322,-2.0999999046325684,-0.21000000834465027,-0.5390863348348595,descending,null
7,left,3184.4234615384617,1790663646003,8.65514850616455,8.791543960571289,0.29911351203918457,-0.07000000029802322,-2.0999999046325684,-0.21000000834465027,-0.5145882361052514,descending,null
7,left,3184.4330769230774,1790663646003,9.01169204711914,7.683628082275391,0.3613291084766388,-0.07000000029802322,-2.0999999046325684,-0.21000000834465027,-0.49481851128857196,descending,null
7,left,3184.4426923076926,1790663646003,8.693434715270996,8.734114646911621,0.3110780417919159,-0.07000000029802322,-2.0999999046325684,-0.21000000834465027,-0.47044445124132006,descending,null
7,left,3184.452307692308,1790663646003,10.483330726623535,8.42064380645752,0.39004403352737427,-0.07000000029802322,-2.0999999046325684,-0.21000000834465027,-0.435524782971183,descending,null
7,right,3288.627,1790663646018,13.335677146911621,3.878904104232788,0.3302213251590729,-1.5399999618530273,0.2800000011920929,-5.25,-0.5687009356026483,descending,null
7,right,3288.636615384615,1790663646018,13.419428825378418,3.4266443252563477,0.39722275733947754,-1.5399999618530273,0.2800000011920929,-5.25,-0.529554074036771,descending,null
7,right,3288.646230769231,1790663646018,12.57951831817627,2.837989091873169,0.43790218234062195,-1.5399999618530273,0.2800000011920929,-5.25,-0.4997080202757466,descending,null
7,right,3288.655846153846,1790663646018,12.335441589355469,3.127530813217163,0.48815324902534485,-1.5399999618530273,0.2800000011920929,-5.25,-0.47138827779337794,descending,null
7,right,3288.6654615384614,1790663646018,11.947790145874023,3.4314301013946533,0.47858160734176636,-1.5399999618530273,0.2800000011920929,-5.25,-0.4458929374324098,descending,null
7,right,3288.675076923077,1790663646018,12.191866874694824,2.928919553756714,0.521653950214386,-1.5399999618530273,0.2800000011920929,-5.25,-0.41942799475794645,descending,null
7,right,3288.6846923076923,1790663646018,11.957362174987793,3.6300415992736816,0.48576033115386963,-1.5399999618530273,0.2800000011920929,-5.25,-0.3933472013585344,descending,null
7,right,3288.6943076923076,1790663646018,11.48595905303955,2.3785505294799805,0.37807947397232056,-1.5399999618530273,0.2800000011920929,-5.25,-0.3748823181923907,descending,null
7,left,3184.465,1790663646031,10.70347785949707,9.040407180786133,0.284756064414978,-0.07000000029802322,-1.3300000429153442,-2.240000009536743,-0.38210483789316424,descending,null
7,left,3184.4746153846154,1790663646031,8.868117332458496,9.700849533081055,0.18664683401584625,-0.07000000029802322,-1.3300000429153442,-2.240000009536743,-0.350253402336069,descending,null
7,left,3184.484230769231,1790663646031,9.4950590133667,8.0377779006958,0.14836029708385468,-0.07000000029802322,-1.3300000429153442,-2.240000009536743,-0.32490802247694117,descending,null
7,left,3184.4938461538463,1790663646031,8.34167766571045,8.597719192504883,0.0909305065870285,-0.07000000029802322,-1.3300000429153442,-2.240000009536743,-0.30402830403213066,descending,null
7,left,3184.5034615384616,1790663646031,8.30817699432373,8.621647834777832,0.06221561133861542,-0.07000000029802322,-1.3300000429153442,-2.240000009536743,-0.2832300216464823,descending,null
7,left,3184.5130769230773,1790663646031,8.875295639038086,8.0736722946167,0.15553902089595795,-0.07000000029802322,-1.3300000429153442,-2.240000009536743,-0.2620413906571078,descending,null
7,left,3184.5226923076925,1790663646031,7.992312908172607,8.746079444885254,0.1005021408200264,-0.07000000029802322,-1.3300000429153442,-2.240000009536743,-0.2426352002395851,descending,null
7,left,3184.5323076923078,1790663646031,8.999727249145508,7.274440765380859,0.27518442273139954,-0.07000000029802322,-1.3300000429153442,-2.240000009536743,-0.22581769169235807,descending,null
7,right,3288.703,1790663646096,11.033699035644531,3.4051082134246826,0.2943277060985565,-0.14000000059604645,-2.450000047683716,-5.110000133514404,-0.35960119065544216,descending,null
7,right,3288.712615384615,1790663646096,12.05786418914795,3.275891065597534,0.19621846079826355,-0.14000000059604645,-2.450000047683716,-5.110000133514404,-0.3335801327230343,descending,null
7,right,3288.722230769231,1790663646096,12.479015350341797,3.5295393466949463,0.1507532149553299,-0.14000000059604645,-2.450000047683716,-5.110000133514404,-0.30302471418756305,descending,null
7,right,3288.731846153846,1790663646096,12.11050796508789,2.9815635681152344,0.11485958844423294,-0.14000000059604645,-2.450000047683716,-5.110000133514404,-0.277316193084553,descending,null
7,right,3288.7414615384614,1790663646096,11.471601486206055,2.909776210784912,0.19621846079826355,-0.14000000059604645,-2.450000047683716,-5.110000133514404,-0.2577041382110971,descending,null
7,right,3288.751076923077,1790663646096,11.435708045959473,3.3548572063446045,0.3134709596633911,-0.14000000059604645,-2.450000047683716,-5.110000133514404,-0.2372668770767073,descending,null
7,right,3288.7606923076924,1790663646096,11.115057945251465,3.1179592609405518,0.3613291084766388,-0.14000000059604645,-2.450000047683716,-5.110000133514404,-0.220412090133519,descending,null
7,right,3288.7703076923076,1790663646096,10.691513061523438,3.338106870651245,0.42833054065704346,-0.14000000059604645,-2.450000047683716,-5.110000133514404,-0.20689195733526575,descending,null
7,left,3184.545,1790663646107,9.116979598999023,8.104779243469238,0.36850783228874207,0.07000000029802322,-1.8200000524520874,0.07000000029802322,-0.19531027403601461,descending,null
7,left,3184.5546153846153,1790663646107,9.004512786865234,8.87051010131836,0.40679436922073364,0.07000000029802322,-1.8200000524520874,0.07000000029802322,-0.16796742264705986,descending,null
7,left,3184.564230769231,1790663646107,9.136122703552246,8.662327766418457,0.4307234585285187,0.07000000029802322,-1.8200000524520874,0.07000000029802322,-0.14107392125470697,descending,null
7,left,3184.5738461538463,1790663646107,7.8726677894592285,8.214853286743164,0.339792937040329,0.07000000029802322,-1.8200000524520874,0.07000000029802322,-0.12600115916678725,descending,null
7,left,3184.5834615384615,1790663646107,7.683628082275391,7.800880432128906,0.24886244535446167,0.07000000029802322,-1.8200000524520874,0.07000000029802322,-0.11499842247762458,descending,null
7,left,3184.593076923077,1790663646107,8.006670951843262,7.106936931610107,0.181861013174057,0.07000000029802322,-1.8200000524520874,0.07000000029802322,-0.106332409251618,descending,null
7,left,3184.6026923076925,1790663646107,7.776951313018799,7.798487663269043,-0.0023929080925881863,0.07000000029802322,-1.8200000524520874,0.07000000029802322,-0.09475980257081351,descending,null
7,left,3184.6123076923077,1790663646107,8.368000030517578,7.595090389251709,0.03350071236491203,0.07000000029802322,-1.8200000524520874,0.07000000029802322,-0.08039025602410313,descending,null
7,right,3288.778,1790663646169,12.04111385345459,2.818845748901367,0.4929390549659729,-0.3499999940395355,-2.380000114440918,-7.139999866485596,-0.18717664029536882,descending,null
7,right,3288.787615384615,1790663646169,11.639104843139648,3.484074115753174,0.5001177787780762,-0.3499999940395355,-2.380000114440918,-7.139999866485596,-0.16451177808364362,descending,null
7,right,3288.7972307692307,1790663646169,11.658247947692871,2.7662017345428467,0.4522596299648285,-0.3499999940395355,-2.380000114440918,-7.139999866485596,-0.14357995440541527,descending,null
7,right,3288.806846153846,1790663646169,11.198809623718262,3.4242515563964844,0.4044014811515808,-0.3499999940395355,-2.380000114440918,-7.139999866485596,-0.1251734925253304,descending,null
7,right,3288.816461538461,1790663646169,11.150951385498047,3.4194657802581787,0.3421858549118042,-0.3499999940395355,-2.380000114440918,-7.139999866485596,-0.10723681438504024,descending,null
7,right,3288.826076923077,1790663646169,10.870981216430664,3.4386088848114014,0.30868515372276306,-0.3499999940395355,-2.380000114440918,-7.139999866485596,-0.09183992843991338,descending,null
7,right,3288.835692307692,1790663646169,10.133965492248535,2.620234251022339,0.27518442273139954,-0.3499999940395355,-2.380000114440918,-7.139999866485596,-0.08546591670506558,descending,null
7,right,3288.8453076923074,1790663646169,10.385221481323242,3.5151820182800293,0.22014755010604858,-0.3499999940395355,-2.380000114440918,-7.139999866485596,-0.07435738432650449,descending,null
7,left,3184.624,1790663646182,7.776951313018799,8.626433372497559,0.03828652948141098,-0.699999988079071,-0.9100000262260437,0.2800000011920929,-0.05966948481415951,descending,null
7,left,3184.633615384615,1790663646182,7.607054710388184,7.413229465484619,0.0502510704100132,-0.699999988079071,-0.9100000262260437,0.2800000011920929,-0.05182692437405422,descending,null
7,left,3184.6432307692307,1790663646182,7.831988334655762,7.190688610076904,0.1005021408200264,-0.699999988079071,-0.9100000262260437,0.2800000011920929,-0.04387706648587174,descending,null
7,left,3184.652846153846,1790663646182,7.4515156745910645,7.575946807861328,0.1411815732717514,-0.699999988079071,-0.9100000262260437,0.2800000011920929,-0.03603224953722583,descending,null
7,left,3184.6624615384612,1790663646182,7.724307537078857,6.680999279022217,0.22493335604667664,-0.699999988079071,-0.9100000262260437,0.2800000011920929,-0.03218236509526995,descending,null
7,left,3184.672076923077,1790663646182,7.425193786621094,7.006434917449951,0.24407662451267242,-0.699999988079071,-0.9100000262260437,0.2800000011920929,-0.028272745819522507,descending,null
7,left,3184.681692307692,1790663646182,6.908325672149658,7.327084541320801,0.23689790070056915,-0.699999988079071,-0.9100000262260437,0.2800000011920929,-0.025852198986395614,descending,null
7,left,3184.6913076923074,1790663646182,7.705163955688477,6.487174034118652,0.24886244535446167,-0.699999988079071,-0.9100000262260437,0.2800000011920929,-0.02341324887269619,descending,null
7,right,3288.854,1790663646260,10.01671314239502,2.957634449005127,0.339792937040329,0,-4.480000019073486,-6.860000133514404,-0.06874427639877574,descending,null
7,right,3288.863615384615,1790663646260,10.765693664550781,3.0868513584136963,0.2512553632259369,0,-4.480000019073486,-6.860000133514404,-0.055302655476657914,descending,null
7,right,3288.8732307692308,1790663646260,11.141380310058594,4.115801811218262,0.30629223585128784,0,-4.480000019073486,-6.860000133514404,-0.035561965448234534,descending,null
7,right,3288.882846153846,1790663646260,11.730035781860352,2.706378936767578,0.23929080367088318,0,-4.480000019073486,-6.860000133514404,-0.01431164277287865,resting,null
7,right,3288.8924615384612,1790663646260,11.15573787689209,3.5582542419433594,0.24407662451267242,0,-4.480000019073486,-6.860000133514404,0.003994157856358264,resting,null
7,right,3288.902076923077,1790663646260,10.492901802062988,2.7733805179595947,0.11007377505302429,0,-4.480000019073486,-6.860000133514404,0.013990898556372977,resting,null
7,right,3288.911692307692,1790663646260,10.279932975769043,3.448180675506592,0.18664683401584625,0,-4.480000019073486,-6.860000133514404,0.02391864239762059,resting,null
7,right,3288.9213076923074,1790663646260,10.160287857055664,3.1490671634674072,0.11964540183544159,0,-4.480000019073486,-6.860000133514404,0.03189414194121193,resting,null
7,left,3184.703,1790663646272,7.619019508361816,7.027971267700195,0.2823631465435028,-1.6800000667572021,0.7699999809265137,0.5600000023841858,-0.016832696913423015,resting,null
7,left,3184.712615384615,1790663646272,8.961441040039062,7.228975296020508,0.24646952748298645,-1.6800000667572021,0.7699999809265137,0.5600000023841858,-0.0006948131415061313,resting,null
7,left,3184.722230769231,1790663646272,8.214853286743164,7.358192443847656,0.2895418703556061,-1.6800000667572021,0.7699999809265137,0.5600000023841858,0.011062017696766175,resting,null
7,left,3184.731846153846,1790663646272,7.449122905731201,7.676449298858643,0.26561281085014343,-1.6800000667572021,0.7699999809265137,0.5600000023841858,0.01952351303839257,resting,null
7,left,3184.7414615384614,1790663646272,7.784130096435547,6.570925712585449,0.3445787727832794,-1.6800000667572021,0.7699999809265137,0.5600000023841858,0.02309800795534956,resting,null
7,left,3184.751076923077,1790663646272,7.798487663269043,7.295976638793945,0.39961564540863037,-1.6800000667572021,0.7699999809265137,0.5600000023841858,0.031537985480088924,resting,null
7,left,3184.7606923076924,1790663646272,7.0830078125,7.475444793701172,0.32543548941612244,-1.6800000667572021,0.7699999809265137,0.5600000023841858,0.03611657053349349,resting,null
7,left,3184.7703076923076,1790663646272,7.3246917724609375,6.381886005401611,0.2895418703556061,-1.6800000667572021,0.7699999809265137,0.5600000023841858,0.035205294613732396,resting,null
7,right,3288.93,1790663646335,9.798958778381348,3.5319323539733887,0.1722893863916397,0.9800000190734863,-6.159999847412109,-5.740000247955322,0.03709520716488797,resting,null
7,right,3288.939615384615,1790663646335,9.892282485961914,2.141652822494507,0.2416837215423584,0.9800000190734863,-6.159999847412109,-5.740000247955322,0.03975900688076518,resting,null
7,right,3288.949230769231,1790663646335,9.514202117919922,4.295269966125488,0.3206496834754944,0.9800000190734863,-6.159999847412109,-5.740000247955322,0.04510862859580641,resting,null
7,right,3288.958846153846,1790663646335,9.696063995361328,2.9049904346466064,0.22732627391815186,0.9800000190734863,-6.159999847412109,-5.740000247955322,0.04812955624373803,resting,null
7,right,3288.9684615384613,1790663646335,9.298840522766113,3.0605294704437256,0.27757734060287476,0.9800000190734863,-6.159999847412109,-5.740000247955322,0.04795915292333279,resting,null
7,right,3288.978076923077,1790663646335,14.474700927734375,6.51828145980835,0.09571632742881775,0.9800000190734863,-6.159999847412109,-5.740000247955322,0.10520166704000615,resting,null
7,right,3288.987692307692,1790663646335,22.32343864440918,7.374942779541016,0.0023929080925881863,0.9800000190734863,-6.159999847412109,-5.740000247955322,0.2368226985818877,resting,null
7,right,3288.9973076923075,1790663646335,18.0209903717041,5.2811479568481445,0.1411815732717514,0.9800000190734863,-6.159999847412109,-5.740000247955322,0.3228985812127546,resting,null
7,left,3184.782,1790663646347,7.018399238586426,6.728857517242432,0.17707519233226776,-2.0299999713897705,1.190000057220459,0.8400000333786011,0.034213663680961355,resting,null
7,left,3184.7916153846154,1790663646347,7.145223617553711,6.9872918128967285,0.18664683401584625,-2.0299999713897705,1.190000057220459,0.8400000333786011,0.035990441284074685,resting,null
7,left,3184.801230769231,1790663646347,7.394085884094238,5.955948352813721,0.23689790070056915,-2.0299999713897705,1.190000057220459,0.8400000333786011,0.03275487876240646,resting,null
7,left,3184.8108461538463,1790663646347,7.0160064697265625,6.652284622192383,0.5360113978385925,-2.0299999713897705,1.190000057220459,0.8400000333786011,0.03151448270669207,resting,null
7,left,3184.8204615384616,1790663646347,4.144516944885254,4.721207618713379,0.42833054065704346,-2.0299999713897705,1.190000057220459,0.8400000333786011,-0.002574811299108107,resting,null
7,left,3184.8300769230773,1790663646347,8.42064380645752,8.49003791809082,0.5025107264518738,-2.0299999713897705,1.190000057220459,0.8400000333786011,0.018116325341865944,resting,null
7,left,3184.8396923076925,1790663646347,3.625255823135376,-2.7709875106811523,1.622391700744629,-2.0299999713897705,1.190000057220459,0.8400000333786011,-0.06848155042343888,resting,null
7,left,3184.849307692308,1790663646347,0.7609447836875916,-3.1945323944091797,1.2443121671676636,-2.0299999713897705,1.190000057220459,0.8400000333786011,-0.1779936002263273,resting,null
7,right,3289.007,1790663646409,-22.115257263183594,-2.6944146156311035,-1.416601538658142,5.25,-14.420000076293945,1.2599999904632568,0.015549401361419326,resting,null
7,right,3289.0166153846153,1790663646409,6.465637683868408,-4.941355228424072,-3.5319323539733887,5.25,-14.420000076293945,1.2599999904632568,-0.03382094915097159,resting,null
7,right,3289.026230769231,1790663646409,18.762792587280273,5.223718166351318,-0.8638398051261902,5.25,-14.420000076293945,1.2599999904632568,0.05901958929602812,resting,null
7,right,3289.0358461538463,1790663646409,-6.819787979125977,-4.651813507080078,-0.040679436177015305,5.25,-14.420000076293945,1.2599999904632568,-0.11119258492321236,resting,null
7,right,3289.0454615384615,1790663646409,17.262439727783203,-9.719992637634277,34.558380126953125,5.25,-14.420000076293945,1.2599999904632568,-0.07668306566485225,resting,null
7,right,3289.055076923077,1790663646409,-12.696770668029785,1.2036327123641968,-9.772636413574219,5.25,-14.420000076293945,1.2599999904632568,-0.28316484451426127,resting,null
7,right,3289.0646923076924,1790663646409,-0.7346227765083313,-2.03157901763916,0.181861013174057,5.25,-14.420000076293945,1.2599999904632568,-0.38987598484052305,resting,null
7,right,3289.0743076923077,1790663646409,22.792449951171875,-6.063629150390625,2.2947988510131836,5.25,-14.420000076293945,1.2599999904632568,-0.29263765738235065,descending,null
7,left,3184.862,1790663646422,25.994159698486328,31.483491897583008,1.5410327911376953,-4.829999923706055,4.900000095367432,-3.569999933242798,0.21179660744833015,resting,null
7,left,3184.8716153846153,1790663646422,65.23307037353516,50.33003616333008,15.50365161895752,-4.829999923706055,4.900000095367432,-3.569999933242798,0.9099693549214386,resting,null
7,left,3184.881230769231,1790663646422,-26.843643188476562,-8.518753051757812,-10.461793899536133,-4.829999923706055,4.900000095367432,-3.569999933242798,0.5680511335862372,resting,null
7,left,3184.8908461538463,1790663646422,26.238237380981445,-1.395065426826477,-0.8566610813140869,-4.829999923706055,4.900000095367432,-3.569999933242798,0.6475001446127525,resting,null
7,left,3184.9004615384615,1790663646422,9.870745658874512,36.54209899902344,4.656599044799805,-4.829999923706055,4.900000095367432,-3.569999933242798,0.8643196104172137,ascending,6
7,left,3184.910076923077,1790663646422,16.678569793701172,-9.672134399414062,-4.0152997970581055,-4.829999923706055,4.900000095367432,-3.569999933242798,0.8209191366095235,ascending,6
7,left,3184.9196923076925,1790663646422,5.8291239738464355,12.952811241149902,1.5338541269302368,-4.829999923706055,4.900000095367432,-3.569999933242798,0.8529756080561046,ascending,6
7,left,3184.9293076923077,1790663646422,-2.6680924892425537,-1.3854937553405762,0.4714028835296631,-4.829999923706055,4.900000095367432,-3.569999933242798,0.7307391678335501,ascending,6
7,right,3289.082,1790663646515,8.920761108398438,5.568296909332275,-1.2634555101394653,-29.049999237060547,-38.150001525878906,-30.100000381469727,-0.28940789411331735,descending,null
7,right,3289.091615384615,1790663646515,17.401227951049805,-2.249333620071411,-0.8877689242362976,-29.049999237060547,-38.150001525878906,-30.100000381469727,-0.2310186963773974,descending,null
7,right,3289.101230769231,1790663646515,15.405542373657227,12.21340274810791,0.3732936680316925,-29.049999237060547,-38.150001525878906,-30.100000381469727,-0.14786455428585185,descending,null
7,right,3289.110846153846,1790663646515,24.247337341308594,4.34073543548584,0.36611494421958923,-29.049999237060547,-38.150001525878906,-30.100000381469727,-0.008097814750495848,resting,null
7,right,3289.1204615384613,1790663646515,-1.7133221626281738,-15.970268249511719,1.4094228744506836,-29.049999237060547,-38.150001525878906,-30.100000381469727,-0.1681144131171342,resting,null
7,right,3289.130076923077,1790663646515,24.857528686523438,13.72332763671875,-4.568061351776123,-29.049999237060547,-38.150001525878906,-30.100000381469727,0.008239764597518857,resting,null
7,right,3289.1396923076923,1790663646515,7.851131439208984,3.823867082595825,-2.2469406127929688,-29.049999237060547,-38.150001525878906,-30.100000381469727,-0.0017179265011825874,resting,null
7,right,3289.1493076923075,1790663646515,4.024871349334717,-0.4546525478363037,0.06460852175951004,-29.049999237060547,-38.150001525878906,-30.100000381469727,-0.0611478356715842,resting,null
7,left,3184.941,1790663646557,5.692728519439697,12.074614524841309,0.7106937170028687,-4.480000019073486,-1.8899999856948853,33.599998474121094,0.7608430901423351,ascending,6
7,left,3184.950615384615,1790663646557,0.08614469319581985,-2.9408841133117676,0.12203831225633621,-4.480000019073486,-1.8899999856948853,33.599998474121094,0.6477280804958447,ascending,6
7,left,3184.9602307692307,1790663646557,14.290447235107422,7.824809551239014,2.122509479522705,-4.480000019073486,-1.8899999856948853,33.599998474121094,0.7060063306793034,ascending,6
7,left,3184.969846153846,1790663646557,-0.27518442273139954,-5.333792209625244,1.3256710767745972,-4.480000019073486,-1.8899999856948853,33.599998474121094,0.5756605917869763,ascending,6
7,left,3184.9794615384612,1790663646557,18.535465240478516,17.367727279663086,-0.03350071236491203,-4.480000019073486,-1.8899999856948853,33.599998474121094,0.7249667452082895,ascending,6
7,left,3184.989076923077,1790663646557,0.2512553632259369,-1.777930736541748,-2.4072654247283936,-4.480000019073486,-1.8899999856948853,33.599998474121094,0.6199382651986998,ascending,6
7,left,3184.998692307692,1790663646557,7.717128753662109,14.4100923538208,0.7370156645774841,-4.480000019073486,-1.8899999856948853,33.599998474121094,0.6724716725397288,ascending,6
7,left,3185.0083076923074,1790663646557,3.2974274158477783,4.886318206787109,-0.25604116916656494,-4.480000019073486,-1.8899999856948853,33.599998474121094,0.6324139639680914,ascending,6
7,left,3185.02,1790663646601,12.584303855895996,8.825044631958008,0.4020085632801056,2.6600000858306885,-0.3499999940395355,-43.04999923706055,0.6960430550825129,ascending,6
7,left,3185.029615384615,1790663646601,8.528324127197266,10.576653480529785,0.6173703074455261,2.6600000858306885,-0.3499999940395355,-43.04999923706055,0.7304026148155586,ascending,6
7,left,3185.039230769231,1790663646601,9.009299278259277,13.498394966125488,0.6412993669509888,2.6600000858306885,-0.3499999940395355,-43.04999923706055,0.7871406635414626,ascending,6
7,left,3185.048846153846,1790663646601,10.591011047363281,7.496981143951416,0.1005021408200264,2.6600000858306885,-0.3499999940395355,-43.04999923706055,0.816174094571464,ascending,6
7,left,3185.0584615384614,1790663646601,7.965991020202637,8.657541275024414,0.38525819778442383,2.6600000858306885,-0.3499999940395355,-43.04999923706055,0.8343330310081654,ascending,6
7,left,3185.068076923077,1790663646601,12.493372917175293,9.31319808959961,0.7250511646270752,2.6600000858306885,-0.3499999940395355,-43.04999923706055,0.8885675124077572,ascending,6
7,left,3185.0776923076924,1790663646601,8.030599594116211,11.064806938171387,0.18664683401584625,2.6600000858306885,-0.3499999940395355,-43.04999923706055,0.923195851068273,ascending,6
7,left,3185.0873076923076,1790663646601,14.252161026000977,9.01169204711914,0.26800569891929626,2.6600000858306885,-0.3499999940395355,-43.04999923706055,0.9870206801441627,ascending,6
7,right,3289.158,1790663646604,21.373455047607422,13.500787734985352,-0.7059078812599182,1.399999976158142,2.0299999713897705,4.409999847412109,0.06820543766660399,resting,null
7,right,3289.167615384615,1790663646604,3.141888380050659,1.2730270624160767,0.6700142621994019,1.399999976158142,2.0299999713897705,4.409999847412109,0.00612326713192316,resting,null
7,right,3289.177230769231,1790663646604,16.52063751220703,8.839402198791504,-0.9954497814178467,1.399999976158142,2.0299999713897705,4.409999847412109,0.09026896788163595,resting,null
7,right,3289.186846153846,1790663646604,4.249804973602295,4.338342189788818,0.9308412671089172,1.399999976158142,2.0299999713897705,4.409999847412109,0.04799124979537593,resting,null
7,right,3289.1964615384613,1790663646604,16.652246475219727,12.148794174194336,0.12443122267723083,1.399999976158142,2.0299999713897705,4.409999847412109,0.14343608866665425,resting,null
7,right,3289.206076923077,1790663646604,11.117450714111328,0.24407662451267242,-0.009571632370352745,1.399999976158142,2.0299999713897705,4.409999847412109,0.15049830519974985,resting,null
7,right,3289.2156923076923,1790663646604,15.403149604797363,5.965519905090332,-0.19382555782794952,1.399999976158142,2.0299999713897705,4.409999847412109,0.21476637080827804,resting,null
7,right,3289.2253076923075,1790663646604,9.569239616394043,6.396243095397949,0.03350071236491203,1.399999976158142,2.0299999713897705,4.409999847412109,0.22750809247709688,resting,null
7,right,3289.234,1790663646651,10.827909469604492,8.140673637390137,-0.15793193876743317,-1.190000057220459,-5.389999866485596,-9.3100004196167,0.2545043113869065,ascending,5
7,right,3289.243615384615,1790663646651,14.694849014282227,7.398871898651123,0.12443122267723083,-1.190000057220459,-5.389999866485596,-9.3100004196167,0.3168249807929474,ascending,5
7,right,3289.253230769231,1790663646651,13.821436882019043,-1.8927903175354004,0.38765111565589905,-1.190000057220459,-5.389999866485596,-9.3100004196167,0.3409192360567238,ascending,5
7,right,3289.262846153846,1790663646651,17.049470901489258,8.236390113830566,0.30629223585128784,-1.190000057220459,-5.389999866485596,-9.3100004196167,0.4271455545949482,ascending,5
7,right,3289.2724615384614,1790663646651,13.122708320617676,2.347442865371704,0.8686256408691406,-1.190000057220459,-5.389999866485596,-9.3100004196167,0.4583414160385678,ascending,5
7,right,3289.282076923077,1790663646651,15.38400650024414,6.238311290740967,0.37568655610084534,-1.190000057220459,-5.389999866485596,-9.3100004196167,0.522921065342653,ascending,5
7,right,3289.2916923076923,1790663646651,8.597719192504883,6.5661396980285645,0.011964540928602219,-1.190000057220459,-5.389999866485596,-9.3100004196167,0.5276519015855256,ascending,5
7,right,3289.3013076923075,1790663646651,17.3102970123291,1.3400285243988037,0.021536173298954964,-1.190000057220459,-5.389999866485596,-9.3100004196167,0.5933704171395169,ascending,5
7,left,3185.099,1790663646662,3.7640445232391357,16.393814086914062,-0.48576033115386963,-2.450000047683716,-1.2599999904632568,31.290000915527344,1.0360454169030306,ascending,6
7,left,3185.1086153846154,1790663646662,15.175823211669922,9.760672569274902,0.952377438545227,-2.450000047683716,-1.2599999904632568,31.290000915527344,1.111835311130486,ascending,6
7,left,3185.118230769231,1790663646662,8.537896156311035,8.322534561157227,0.6771929860115051,-2.450000047683716,-1.2599999904632568,31.290000915527344,1.1317957288736573,ascending,6
7,left,3185.1278461538463,1790663646662,9.758278846740723,12.756592750549316,0.021536173298954964,-2.450000047683716,-1.2599999904632568,31.290000915527344,1.1891107362596534,ascending,6
7,left,3185.1374615384616,1790663646662,10.672369956970215,4.749922752380371,0.619763195514679,-2.450000047683716,-1.2599999904632568,31.290000915527344,1.20082198652652,ascending,6
7,left,3185.1470769230773,1790663646662,8.781972885131836,14.62545394897461,0.14357449114322662,-2.450000047683716,-1.2599999904632568,31.290000915527344,1.2629757762620735,ascending,6
7,left,3185.1566923076925,1790663646662,8.128708839416504,9.059550285339355,0.6101915836334229,-2.450000047683716,-1.2599999904632568,31.290000915527344,1.2846095038926142,ascending,6
7,left,3185.166307692308,1790663646662,13.232781410217285,9.581204414367676,0.4235447347164154,-2.450000047683716,-1.2599999904632568,31.290000915527344,1.345950743076712,ascending,6
7,right,3289.31,1790663646710,12.069828033447266,4.1277666091918945,-0.20818300545215607,1.6100000143051147,-2.940000057220459,-19.040000915527344,0.6186394764396222,ascending,5
7,right,3289.319615384615,1790663646710,13.139458656311035,5.8291239738464355,0.12203831225633621,1.6100000143051147,-2.940000057220459,-19.040000915527344,0.6617631045116844,ascending,5
7,right,3289.329230769231,1790663646710,13.668291091918945,3.464931011199951,0.09332341700792313,1.6100000143051147,-2.940000057220459,-19.040000915527344,0.70157107633739,ascending,5
7,right,3289.338846153846,1790663646710,12.364155769348145,6.216775417327881,0.2895418703556061,1.6100000143051147,-2.940000057220459,-19.040000915527344,0.7389954248725521,ascending,5
7,right,3289.3484615384614,1790663646710,13.457715034484863,6.661856174468994,0.12443122267723083,1.6100000143051147,-2.940000057220459,-19.040000915527344,0.7878526082968382,ascending,5
7,right,3289.358076923077,1790663646710,11.907110214233398,3.2352118492126465,0.39722275733947754,1.6100000143051147,-2.940000057220459,-19.040000915527344,0.8107551827481652,ascending,5
7,right,3289.3676923076923,1790663646710,12.94324016571045,7.236154079437256,0.11007377505302429,1.6100000143051147,-2.940000057220459,-19.040000915527344,0.8570757509511272,ascending,5
7,right,3289.3773076923076,1790663646710,10.488116264343262,5.776480197906494,0.09810923039913177,1.6100000143051147,-2.940000057220459,-19.040000915527344,0.876394842990924,ascending,5
7,left,3185.178,1790663646737,6.422565460205078,10.27036190032959,0.07896596938371658,-1.8200000524520874,1.1200000047683716,9.029999732971191,1.366478712349995,ascending,6
7,left,3185.187615384615,1790663646737,13.658719062805176,8.446965217590332,0.5120823383331299,-1.8200000524520874,1.1200000047683716,9.029999732971191,1.4236250475400292,ascending,6
7,left,3185.197230769231,1790663646737,9.38498592376709,9.875532150268555,0.461831271648407,-1.8200000524520874,1.1200000047683716,9.029999732971191,1.4592436926307424,ascending,6
7,left,3185.206846153846,1790663646737,8.329712867736816,12.6393404006958,0.38765111565589905,-1.8200000524520874,1.1200000047683716,9.029999732971191,1.5048427357124003,ascending,6
7,left,3185.2164615384613,1790663646737,10.96430492401123,7.059078693389893,0.7681235074996948,-1.8200000524520874,1.1200000047683716,9.029999732971191,1.5339416825797079,ascending,6
7,left,3185.226076923077,1790663646737,8.401500701904297,10.416329383850098,0.4833674430847168,-1.8200000524520874,1.1200000047683716,9.029999732971191,1.5658200316449309,ascending,6
7,left,3185.2356923076923,1790663646737,9.66016960144043,9.73195743560791,0.47858160734176636,-1.8200000524520874,1.1200000047683716,9.029999732971191,1.6023803056907815,ascending,6
7,left,3185.2453076923075,1790663646737,9.870745658874512,9.140909194946289,0.3015064299106598,-1.8200000524520874,1.1200000047683716,9.029999732971191,1.636612473623213,ascending,6
7,right,3289.385,1790663646784,13.708970069885254,3.8812968730926514,-0.07178724557161331,0.9800000190734863,-4.269999980926514,-6.510000228881836,0.9094694016641359,ascending,5
7,right,3289.3946153846155,1790663646784,9.832459449768066,8.281854629516602,0.23450499773025513,0.9800000190734863,-4.269999980926514,-6.510000228881836,0.9318328544350997,ascending,5
7,right,3289.404230769231,1790663646784,13.299782752990723,3.850189208984375,0.07418014854192734,0.9800000190734863,-4.269999980926514,-6.510000228881836,0.9692711012467969,ascending,5
7,right,3289.4138461538464,1790663646784,12.194259643554688,4.871960639953613,-0.028714897111058235,0.9800000190734863,-4.269999980926514,-6.510000228881836,1.0005677041285919,ascending,5
7,right,3289.4234615384617,1790663646784,12.548410415649414,5.49411678314209,0.2321120798587799,0.9800000190734863,-4.269999980926514,-6.510000228881836,1.0370908012745075,ascending,5
7,right,3289.4330769230774,1790663646784,12.23015308380127,5.534796237945557,0.13639576733112335,0.9800000190734863,-4.269999980926514,-6.510000228881836,1.0709657583217924,ascending,5
7,right,3289.4426923076926,1790663646784,11.454851150512695,5.262004852294922,0.23689790070056915,0.9800000190734863,-4.269999980926514,-6.510000228881836,1.0969056811697837,ascending,5
7,right,3289.452307692308,1790663646784,13.017419815063477,6.0755934715271,0.16271774470806122,0.9800000190734863,-4.269999980926514,-6.510000228881836,1.139706179670438,ascending,5
7,left,3185.257,1790663646829,10.25361156463623,10.69629955291748,0.3924369215965271,-1.6800000667572021,0.3499999940395355,7.28000020980835,1.6935716721615444,ascending,6
7,left,3185.2666153846153,1790663646829,8.726935386657715,8.700613975524902,0.5049036145210266,-1.6800000667572021,0.3499999940395355,7.28000020980835,1.7167949876319901,ascending,6
7,left,3185.276230769231,1790663646829,11.560138702392578,9.083478927612305,0.4761887192726135,-1.6800000667572021,0.3499999940395355,7.28000020980835,1.7628901200243106,ascending,6
7,left,3185.2858461538463,1790663646829,8.992548942565918,9.267732620239258,0.41875892877578735,-1.6800000667572021,0.3499999940395355,7.28000020980835,1.791523910292406,ascending,6
7,left,3185.2954615384615,1790663646829,11.253847122192383,9.260554313659668,0.509689450263977,-1.6800000667572021,0.3499999940395355,7.28000020980835,1.836510300001502,ascending,6
7,left,3185.305076923077,1790663646829,8.77718734741211,8.006670951843262,0.4450809061527252,-1.6800000667572021,0.3499999940395355,7.28000020980835,1.855604764857494,ascending,6
7,left,3185.3146923076924,1790663646829,8.643183708190918,9.47830867767334,0.3948298394680023,-1.6800000667572021,0.3499999940395355,7.28000020980835,1.8829557409621636,ascending,6
7,left,3185.3243076923077,1790663646829,8.856152534484863,6.853288650512695,0.5168681740760803,-1.6800000667572021,0.3499999940395355,7.28000020980835,1.8953869178846174,ascending,6
7,right,3289.462,1790663646859,11.495530128479004,5.017928123474121,0.2321120798587799,1.5399999618530273,-3.3600001335144043,-5.670000076293945,1.1652997292997094,ascending,5
7,right,3289.4716153846152,1790663646859,13.457715034484863,4.20194673538208,0.03828652948141098,1.5399999618530273,-3.3600001335144043,-5.670000076293945,1.2051963858126193,ascending,5
7,right,3289.481230769231,1790663646859,10.189002990722656,5.2093610763549805,0.17946811020374298,1.5399999618530273,-3.3600001335144043,-5.670000076293945,1.2197185504093924,ascending,5
7,right,3289.490846153846,1790663646859,11.287347793579102,3.9387266635894775,-0.06221561133861542,1.5399999618530273,-3.3600001335144043,-5.670000076293945,1.239428424735097,ascending,5
7,right,3289.5004615384614,1790663646859,10.466580390930176,6.173702716827393,0.12921704351902008,1.5399999618530273,-3.3600001335144043,-5.670000076293945,1.2600121274077085,ascending,5
7,right,3289.510076923077,1790663646859,12.390478134155273,4.615919589996338,0.07657305896282196,1.5399999618530273,-3.3600001335144043,-5.670000076293945,1.29187106081323,ascending,5
7,right,3289.5196923076924,1790663646859,11.50270938873291,5.106465816497803,0.14357449114322662,1.5399999618530273,-3.3600001335144043,-5.670000076293945,1.317650267792175,ascending,5
7,right,3289.5293076923076,1790663646859,11.000198364257812,5.297898292541504,0.17468228936195374,1.5399999618530273,-3.3600001335144043,-5.670000076293945,1.3396832945188166,ascending,5
7,left,3185.337,1790663646902,8.59293270111084,9.57402515411377,0.44986671209335327,-0.21000000834465027,0.3499999940395355,7,1.931707201758348,ascending,6
7,left,3185.3466153846152,1790663646902,8.882474899291992,8.358428001403809,0.4761887192726135,-0.21000000834465027,0.3499999940395355,7,1.953723276164567,ascending,6
7,left,3185.356230769231,1790663646902,9.138516426086426,8.391928672790527,0.40918728709220886,-0.21000000834465027,0.3499999940395355,7,1.9777754177131739,ascending,6
7,left,3185.365846153846,1790663646902,8.34167766571045,7.018399238586426,0.39961564540863037,-0.21000000834465027,0.3499999940395355,7,1.9874099751949525,ascending,6
7,left,3185.3754615384614,1790663646902,8.746079444885254,6.278990745544434,0.3230426013469696,-0.21000000834465027,0.3499999940395355,7,1.9953611554537682,ascending,6
7,left,3185.385076923077,1790663646902,8.423036575317383,6.441708564758301,0.29672059416770935,-0.21000000834465027,0.3499999940395355,7,2.001966410739093,ascending,6
7,left,3185.3946923076924,1790663646902,7.808059215545654,7.791308879852295,0.2632198929786682,-0.21000000834465027,0.3499999940395355,7,2.0124316235513056,ascending,6
7,left,3185.4043076923076,1790663646902,8.186138153076172,6.429744243621826,0.3421858549118042,-0.21000000834465027,0.3499999940395355,7,2.0172464593456496,ascending,6
7,right,3289.538,1790663646935,10.468973159790039,4.931783676147461,0.20818300545215607,0.21000000834465027,-5.110000133514404,-8.329999923706055,1.3541052367823116,ascending,5
7,right,3289.5476153846153,1790663646935,10.325398445129395,4.891104221343994,0.20818300545215607,0.21000000834465027,-5.110000133514404,-8.329999923706055,1.36864311656836,ascending,5
7,right,3289.557230769231,1790663646935,11.122237205505371,3.816688299179077,0.19382555782794952,0.21000000834465027,-5.110000133514404,-8.329999923706055,1.3861587286450778,ascending,5
7,right,3289.566846153846,1790663646935,10.014320373535156,4.556097030639648,0.19621846079826355,0.21000000834465027,-5.110000133514404,-8.329999923706055,1.3966903069900987,ascending,5
7,right,3289.5764615384614,1790663646935,10.059785842895508,3.780794858932495,0.12921704351902008,0.21000000834465027,-5.110000133514404,-8.329999923706055,1.4047138197249862,ascending,5
7,right,3289.586076923077,1790663646935,8.813080787658691,4.833674430847168,0.1603248417377472,0.21000000834465027,-5.110000133514404,-8.329999923706055,1.4057524164811974,ascending,5
7,right,3289.5956923076924,1790663646935,8.683863639831543,5.731014728546143,0.1603248417377472,0.21000000834465027,-5.110000133514404,-8.329999923706055,1.4091321549442413,ascending,5
7,right,3289.6053076923076,1790663646935,8.722149848937988,3.6994359493255615,0.13878867030143738,0.21000000834465027,-5.110000133514404,-8.329999923706055,1.4050445914181169,ascending,5
7,left,3185.417,1790663646977,7.707557201385498,6.3699212074279785,0.2919347882270813,-0.9100000262260437,0.699999988079071,8.680000305175781,2.018450860351581,ascending,6
7,left,3185.426615384615,1790663646977,7.303155422210693,6.05884313583374,0.34697166085243225,-0.9100000262260437,0.699999988079071,8.680000305175781,2.0144903845034645,ascending,6
7,left,3185.436230769231,1790663646977,7.74345064163208,6.843717098236084,0.34697166085243225,-0.9100000262260437,0.699999988079071,8.680000305175781,2.018606267008698,ascending,6
7,left,3185.445846153846,1790663646977,6.616390705108643,6.884396553039551,0.3421858549118042,-0.9100000262260437,0.699999988079071,8.680000305175781,2.014660549323987,ascending,6
7,left,3185.4554615384613,1790663646977,7.934883117675781,5.398400783538818,0.41636601090431213,-0.9100000262260437,0.699999988079071,8.680000305175781,2.011351648229049,ascending,6
7,left,3185.465076923077,1790663646977,6.377099990844727,4.639848709106445,0.37568655610084534,-0.9100000262260437,0.699999988079071,8.680000305175781,1.9918786279795033,ascending,6
7,left,3185.4746923076923,1790663646977,7.367763996124268,4.134945392608643,0.4331163763999939,-0.9100000262260437,0.699999988079071,8.680000305175781,1.9767477830563778,ascending,6
7,left,3185.4843076923075,1790663646977,5.769301414489746,5.0131425857543945,0.3613291084766388,-0.9100000262260437,0.699999988079071,8.680000305175781,1.955052589398549,ascending,6
7,right,3289.613,1790663647054,9.167230606079102,4.34073543548584,0.03828652948141098,1.0499999523162842,-5.740000247955322,-8.050000190734863,1.4069309453815093,ascending,5
7,right,3289.622615384615,1790663647054,8.176567077636719,3.070101022720337,0.07657305896282196,1.0499999523162842,-5.740000247955322,-8.050000190734863,1.3956484948187677,ascending,5
7,right,3289.632230769231,1790663647054,7.329477310180664,4.5991692543029785,0.03350071236491203,1.0499999523162842,-5.740000247955322,-8.050000190734863,1.3829159260299289,ascending,5
7,right,3289.641846153846,1790663647054,6.587676048278809,3.3141777515411377,0.014357448555529118,1.0499999523162842,-5.740000247955322,-8.050000190734863,1.3586910331605762,ascending,5
7,right,3289.6514615384613,1790663647054,7.1835103034973145,3.864546537399292,0.06700142472982407,1.0499999523162842,-5.740000247955322,-8.050000190734863,1.341842070772832,ascending,5
7,right,3289.661076923077,1790663647054,6.937040328979492,2.373764753341675,0.03110780566930771,1.0499999523162842,-5.740000247955322,-8.050000190734863,1.316983880985615,ascending,5
7,right,3289.670692307692,1790663647054,6.267026424407959,3.450573444366455,0.03110780566930771,1.0499999523162842,-5.740000247955322,-8.050000190734863,1.2905367274805544,ascending,5
7,right,3289.6803076923075,1790663647054,5.702300071716309,3.1371026039123535,0.09810923039913177,1.0499999523162842,-5.740000247955322,-8.050000190734863,1.2578914007984356,ascending,5
7,left,3185.496,1790663647112,6.255061626434326,4.699671268463135,0.40679436922073364,-2.0299999713897705,-0.3499999940395355,8.470000267028809,1.9307948118940572,ascending,6
7,left,3185.5056153846153,1790663647112,5.3649001121521,4.379021644592285,0.339792937040329,-2.0299999713897705,-0.3499999940395355,8.470000267028809,1.9022521831785422,ascending,6
7,left,3185.515230769231,1790663647112,6.156952381134033,3.041386127471924,0.34936457872390747,-2.0299999713897705,-0.3499999940395355,8.470000267028809,1.871599111971327,ascending,6
7,left,3185.5248461538463,1790663647112,5.474973678588867,3.6922571659088135,0.3110780417919159,-2.0299999713897705,-0.3499999940395355,8.470000267028809,1.8397687973623722,ascending,6
7,left,3185.5344615384615,1790663647112,5.61615514755249,3.682685613632202,0.3613291084766388,-2.0299999713897705,-0.3499999940395355,8.470000267028809,1.8089836724438362,ascending,6
7,left,3185.5440769230772,1790663647112,5.3864359855651855,4.400557994842529,0.48815324902534485,-2.0299999713897705,-0.3499999940395355,8.470000267028809,1.7808523673712253,ascending,6
7,left,3185.5536923076925,1790663647112,4.242626190185547,4.285698413848877,0.3038993179798126,-2.0299999713897705,-0.3499999940395355,8.470000267028809,1.7433746997767838,ascending,6
7,left,3185.5633076923077,1790663647112,6.51828145980835,2.732701063156128,0.5958341360092163,-2.0299999713897705,-0.3499999940395355,8.470000267028809,1.7139104348015926,ascending,6
7,right,3289.689,1790663647114,5.352935314178467,3.414679765701294,0.040679436177015305,0.5600000023841858,-6.369999885559082,-3.8499999046325684,1.226662312160493,ascending,5
7,right,3289.698615384615,1790663647114,5.7860517501831055,2.852346420288086,0.04546525329351425,0.5600000023841858,-6.369999885559082,-3.8499999046325684,1.1936688189232874,ascending,5
7,right,3289.708230769231,1790663647114,5.195003509521484,2.0626866817474365,-0.03350071236491203,0.5600000023841858,-6.369999885559082,-3.8499999046325684,1.152421966857437,ascending,5
7,right,3289.717846153846,1790663647114,5.2093610763549805,4.082301139831543,-0.03110780566930771,0.5600000023841858,-6.369999885559082,-3.8499999046325684,1.1193935559572556,ascending,5
7,right,3289.7274615384613,1790663647114,5.061000823974609,2.7159507274627686,-0.07657305896282196,0.5600000023841858,-6.369999885559082,-3.8499999046325684,1.0796467660872258,ascending,5
7,right,3289.737076923077,1790663647114,4.706850051879883,2.9552414417266846,-0.08375178277492523,0.5600000023841858,-6.369999885559082,-3.8499999046325684,1.0377969357795647,ascending,5
7,right,3289.7466923076922,1790663647114,5.597012042999268,2.5388755798339844,-0.047858163714408875,0.5600000023841858,-6.369999885559082,-3.8499999046325684,1.002028897376464,ascending,5
7,right,3289.7563076923075,1790663647114,5.235682964324951,2.014828681945801,-0.08375178277492523,0.5600000023841858,-6.369999885559082,-3.8499999046325684,0.9610420194782867,ascending,5
7,left,3185.575,1790663647142,4.5010600090026855,3.828652858734131,0.44268798828125,-2.5199999809265137,0.21000000834465027,0.5600000023841858,1.6674862220868019,ascending,6
7,left,3185.584615384615,1790663647142,5.604190826416016,3.1873536109924316,0.43550926446914673,-2.5199999809265137,0.21000000834465027,0.5600000023841858,1.6338144300685422,ascending,6
7,left,3185.5942307692308,1790663647142,5.259612083435059,3.6587564945220947,0.48815324902534485,-2.5199999809265137,0.21000000834465027,0.5600000023841858,1.6003945230101095,ascending,6
7,left,3185.603846153846,1790663647142,4.374236106872559,3.9100117683410645,0.39004403352737427,-2.5199999809265137,0.21000000834465027,0.5600000023841858,1.5617729561073426,ascending,6
7,left,3185.6134615384613,1790663647142,4.647027492523193,3.345285415649414,0.39961564540863037,-2.5199999809265137,0.21000000834465027,0.5600000023841858,1.5218689252036282,ascending,6
7,left,3185.623076923077,1790663647142,4.168446063995361,3.1490671634674072,0.3350071310997009,-2.5199999809265137,0.21000000834465027,0.5600000023841858,1.4771819798821872,ascending,6
7,left,3185.632692307692,1790663647142,4.5010600090026855,3.766437292098999,0.37807947397232056,-2.5199999809265137,0.21000000834465027,0.5600000023841858,1.4387153440708051,ascending,6
7,left,3185.6423076923074,1790663647142,4.386200428009033,3.113173484802246,0.4450809061527252,-2.5199999809265137,0.21000000834465027,0.5600000023841858,1.395547687520234,ascending,6
7,left,3185.654,1790663647218,4.407736778259277,3.3189635276794434,0.35654330253601074,-2.7300000190734863,-0.49000000953674316,2.7300000190734863,1.3447228376834408,ascending,6
7,left,3185.6636153846152,1790663647218,3.991370677947998,2.577162027359009,0.31825676560401917,-2.7300000190734863,-0.49000000953674316,2.7300000190734863,1.2953831219954381,ascending,6
7,left,3185.673230769231,1790663647218,5.257219314575195,1.3974583148956299,0.363722026348114,-2.7300000190734863,-0.49000000953674316,2.7300000190734863,1.248637488749154,ascending,6
7,left,3185.682846153846,1790663647218,3.450573444366455,3.929155111312866,0.17468228936195374,-2.7300000190734863,-0.49000000953674316,2.7300000190734863,1.2032193077437854,ascending,6
7,left,3185.6924615384614,1790663647218,4.831281661987305,2.376157760620117,0.45943835377693176,-2.7300000190734863,-0.49000000953674316,2.7300000190734863,1.1591706826195936,ascending,6
7,left,3185.702076923077,1790663647218,4.639848709106445,4.008121013641357,0.16271774470806122,-2.7300000190734863,-0.49000000953674316,2.7300000190734863,1.1232298787839001,ascending,6
7,left,3185.7116923076924,1790663647218,3.6707210540771484,4.388593673706055,0.08135887235403061,-2.7300000190734863,-0.49000000953674316,2.7300000190734863,1.0821968438126255,ascending,6
7,left,3185.7213076923076,1790663647218,4.0511932373046875,3.697042942047119,0.44986671209335327,-2.7300000190734863,-0.49000000953674316,2.7300000190734863,1.0401391227414418,ascending,6
7,right,3289.765,1790663647219,5.80758810043335,1.622391700744629,-0.014357448555529118,0.2800000011920929,-5.320000171661377,-5.25,0.9270333131569894,ascending,5
7,right,3289.774615384615,1790663647219,4.3311638832092285,2.866703987121582,-0.040679436177015305,0.2800000011920929,-5.320000171661377,-5.25,0.8816159517278068,ascending,5
7,right,3289.784230769231,1790663647219,4.958105564117432,2.8499536514282227,-0.009571632370352745,0.2800000011920929,-5.320000171661377,-5.25,0.841588828259091,ascending,5
7,right,3289.793846153846,1790663647219,4.503453254699707,2.6561279296875,-0.03110780566930771,0.2800000011920929,-5.320000171661377,-5.25,0.7968590812916879,ascending,5
7,right,3289.8034615384613,1790663647219,4.840853214263916,1.9789350032806396,-0.011964540928602219,0.2800000011920929,-5.320000171661377,-5.25,0.7523216983063771,ascending,5
7,right,3289.813076923077,1790663647219,4.941355228424072,2.2732627391815186,-0.06460852175951004,0.2800000011920929,-5.320000171661377,-5.25,0.7099051260748945,ascending,5
7,right,3289.8226923076923,1790663647219,4.199553489685059,2.5245180130004883,-0.03350071236491203,0.2800000011920929,-5.320000171661377,-5.25,0.6620717011279137,ascending,5
7,right,3289.8323076923075,1790663647219,4.264162063598633,2.452730894088745,-0.011964540928602219,0.2800000011920929,-5.320000171661377,-5.25,0.6145160576483837,ascending,5
7,right,3289.841,1790663647234,4.848031997680664,0.923662543296814,-0.06460852175951004,-0.42000001668930054,-5.179999828338623,-9.9399995803833,0.5704928385468677,ascending,5
7,right,3289.850615384615,1790663647234,4.706850051879883,2.6680924892425537,-0.011964540928602219,-0.42000001668930054,-5.179999828338623,-9.9399995803833,0.5277079599552728,ascending,5
7,right,3289.860230769231,1790663647234,3.933940887451172,2.943276882171631,0.05264397710561752,-0.42000001668930054,-5.179999828338623,-9.9399995803833,0.4793499146125175,ascending,5
7,right,3289.869846153846,1790663647234,4.694885730743408,2.550840139389038,0.11485958844423294,-0.42000001668930054,-5.179999828338623,-9.9399995803833,0.43593845908627044,ascending,5
7,right,3289.8794615384613,1790663647234,5.101680278778076,1.5553902387619019,0.3015064299106598,-0.42000001668930054,-5.179999828338623,-9.9399995803833,0.391795455451495,ascending,5
7,right,3289.889076923077,1790663647234,4.441237449645996,1.9885066747665405,-0.05742979422211647,-0.42000001668930054,-5.179999828338623,-9.9399995803833,0.3440169951785586,ascending,5
7,right,3289.8986923076923,1790663647234,6.331634998321533,1.3256710767745972,0.22971917688846588,-0.42000001668930054,-5.179999828338623,-9.9399995803833,0.3095777552925182,ascending,5
7,right,3289.9083076923075,1790663647234,6.350778102874756,3.450573444366455,0.11246667802333832,-0.42000001668930054,-5.179999828338623,-9.9399995803833,0.28430348572778186,ascending,5
7,left,3185.734,1790663647291,5.8219451904296875,2.8355960845947266,0.2536482512950897,-3.7799999713897705,-0.699999988079071,-9.869999885559082,0.9954296726104769,ascending,6
7,left,3185.743615384615,1790663647291,3.962655782699585,5.613762378692627,0.055036887526512146,-3.7799999713897705,-0.699999988079071,-9.869999885559082,0.9640013369470529,ascending,6
7,left,3185.753230769231,1790663647291,5.08732271194458,5.429508686065674,0.10528795421123505,-3.7799999713897705,-0.699999988079071,-9.869999885559082,0.940012487012531,ascending,6
7,left,3185.762846153846,1790663647291,5.128002166748047,3.8454031944274902,0.11964540183544159,-3.7799999713897705,-0.699999988079071,-9.869999885559082,0.9068606708581506,ascending,6
7,left,3185.7724615384614,1790663647291,5.506081581115723,6.001413345336914,0.260826975107193,-3.7799999713897705,-0.699999988079071,-9.869999885559082,0.8896012369840085,ascending,6
7,left,3185.782076923077,1790663647291,4.580026149749756,5.7932305335998535,0.26561281085014343,-3.7799999713897705,-0.699999988079071,-9.869999885559082,0.8642339533824905,ascending,6
7,left,3185.7916923076923,1790663647291,5.764515399932861,5.2380757331848145,0.35654330253601074,-3.7799999713897705,-0.699999988079071,-9.869999885559082,0.8444030765108506,ascending,6
7,left,3185.8013076923075,1790663647291,4.0224785804748535,4.831281661987305,0.1316099464893341,-3.7799999713897705,-0.699999988079071,-9.869999885559082,0.8090752976561489,ascending,6
7,right,3289.917,1790663647309,5.5539398193359375,2.1201164722442627,0.1722893863916397,-1.6800000667572021,-3.0799999237060547,-4.829999923706055,0.2501611501897512,ascending,5
7,right,3289.926615384615,1790663647309,6.716893196105957,2.5556259155273438,0.2632198929786682,-1.6800000667572021,-3.0799999237060547,-4.829999923706055,0.2241986983906042,ascending,5
7,right,3289.936230769231,1790663647309,6.305312633514404,2.3450498580932617,0.14596739411354065,-1.6800000667572021,-3.0799999237060547,-4.829999923706055,0.1938942028099164,ascending,5
7,right,3289.945846153846,1790663647309,7.042328357696533,3.2495691776275635,0.11485958844423294,-1.6800000667572021,-3.0799999237060547,-4.829999923706055,0.17378930112016586,ascending,5
7,right,3289.9554615384613,1790663647309,6.23352575302124,1.9526129961013794,0.16271774470806122,-1.6800000667572021,-3.0799999237060547,-4.829999923706055,0.14121549278564216,ascending,5
7,right,3289.965076923077,1790663647309,6.257454872131348,2.4910173416137695,0.20339718461036682,-1.6800000667572021,-3.0799999237060547,-4.829999923706055,0.11110437120042667,ascending,5
7,right,3289.9746923076923,1790663647309,6.539817810058594,2.3857293128967285,0.05742979422211647,-1.6800000667572021,-3.0799999237060547,-4.829999923706055,0.08309973581702111,ascending,5
7,right,3289.9843076923075,1790663647309,6.144988059997559,2.270869731903076,0.32782840728759766,-1.6800000667572021,-3.0799999237060547,-4.829999923706055,0.05102813485196187,ascending,5
7,left,3185.813,1790663647382,4.6757426261901855,5.352935314178467,0.29911351203918457,-2.940000057220459,-1.5399999618530273,5.039999961853027,0.7760152024593798,ascending,6
7,left,3185.8226153846153,1790663647382,5.6520490646362305,5.05142879486084,0.33740004897117615,-2.940000057220459,-1.5399999618530273,5.039999961853027,0.75425922009218,ascending,6
7,left,3185.832230769231,1790663647382,6.23352575302124,5.04425048828125,0.4020085632801056,-2.940000057220459,-1.5399999618530273,5.039999961853027,0.7368092772059909,ascending,6
7,left,3185.8418461538463,1790663647382,5.704692840576172,6.6714277267456055,0.30629223585128784,-2.940000057220459,-1.5399999618530273,5.039999961853027,0.7253143027972652,ascending,6
7,left,3185.8514615384615,1790663647382,5.601798057556152,6.669034957885742,0.4139730930328369,-2.940000057220459,-1.5399999618530273,5.039999961853027,0.7131162171628455,ascending,6
7,left,3185.8610769230772,1790663647382,6.0253424644470215,7.805665969848633,0.3948298394680023,-2.940000057220459,-1.5399999618530273,5.039999961853027,0.7110098565312806,ascending,6
7,left,3185.8706923076925,1790663647382,5.8913397789001465,7.087793827056885,0.3948298394680023,-2.940000057220459,-1.5399999618530273,5.039999961853027,0.7035440035876187,ascending,6
7,left,3185.8803076923077,1790663647382,6.606819152832031,7.82959508895874,0.3804723918437958,-2.940000057220459,-1.5399999618530273,5.039999961853027,0.705922464487729,ascending,6
7,right,3289.993,1790663647383,7.367763996124268,3.139495372772217,0.07418014854192734,-1.6800000667572021,-3.2899999618530273,2.380000114440918,0.03505025254194846,ascending,5
7,right,3290.002615384615,1790663647383,7.238546848297119,2.1201164722442627,0.09810923039913177,-1.6800000667572021,-3.2899999618530273,2.380000114440918,0.011969031367250638,resting,null
7,right,3290.012230769231,1790663647383,9.569239616394043,2.311549186706543,0.04307234659790993,-1.6800000667572021,-3.2899999618530273,2.380000114440918,0.009852221689626515,resting,null
7,right,3290.021846153846,1790663647383,7.920525550842285,2.61305570602417,0.016750356182456017,-1.6800000667572021,-3.2899999618530273,2.380000114440918,-0.005166199221426576,resting,null
7,right,3290.0314615384614,1790663647383,9.064335823059082,3.393143653869629,0.08135887235403061,-1.6800000667572021,-3.2899999618530273,2.380000114440918,-0.007075898914509963,resting,null
7,right,3290.041076923077,1790663647383,9.475915908813477,2.8571321964263916,0.04546525329351425,-1.6800000667572021,-3.2899999618530273,2.380000114440918,-0.007610482295441683,resting,null
7,right,3290.0506923076923,1790663647383,8.844188690185547,2.957634449005127,0.09332341700792313,-1.6800000667572021,-3.2899999618530273,2.380000114440918,-0.013195901423218854,resting,null
7,right,3290.0603076923076,1790663647383,9.418486595153809,2.079437017440796,0.07896596938371658,-1.6800000667572021,-3.2899999618530273,2.380000114440918,-0.0173913120325742,resting,null
7,left,3185.892,1790663647457,5.75494384765625,6.817395210266113,0.339792937040329,-3.2200000286102295,-1.8200000524520874,8.819999694824219,0.6936056660364007,ascending,6
7,left,3185.901615384615,1790663647457,6.073200702667236,7.372550010681152,0.3230426013469696,-3.2200000286102295,-1.8200000524520874,8.819999694824219,0.6892336181231792,ascending,6
7,left,3185.9112307692308,1790663647457,6.0325212478637695,6.470423698425293,0.2943277060985565,-3.2200000286102295,-1.8200000524520874,8.819999694824219,0.6790221615772389,ascending,6
7,left,3185.920846153846,1790663647457,7.092579364776611,6.563746929168701,0.3732936680316925,-3.2200000286102295,-1.8200000524520874,8.819999694824219,0.6772542077922744,ascending,6
7,left,3185.9304615384613,1790663647457,6.434529781341553,6.82218074798584,0.33740004897117615,-3.2200000286102295,-1.8200000524520874,8.819999694824219,0.6722035621365463,ascending,6
7,left,3185.940076923077,1790663647457,6.618783950805664,7.5998759269714355,0.36611494421958923,-3.2200000286102295,-1.8200000524520874,8.819999694824219,0.6733100497159974,ascending,6
7,left,3185.949692307692,1790663647457,6.853288650512695,6.970541477203369,0.4211518168449402,-3.2200000286102295,-1.8200000524520874,8.819999694824219,0.6723101370070724,ascending,6
7,left,3185.9593076923074,1790663647457,5.795623302459717,8.60250473022461,0.2943277060985565,-3.2200000286102295,-1.8200000524520874,8.819999694824219,0.6734925128067676,ascending,6
7,right,3290.069,1790663647458,8.463715553283691,1.6630711555480957,0.11725249886512756,-0.9800000190734863,-4.340000152587891,-7.630000114440918,-0.030222780625581654,resting,null
7,right,3290.078615384615,1790663647458,8.647970199584961,3.275891065597534,0.13639576733112335,-0.9800000190734863,-4.340000152587891,-7.630000114440918,-0.036186618245692644,resting,null
7,right,3290.088230769231,1790663647458,7.695592403411865,2.354621648788452,0.1316099464893341,-0.9800000190734863,-4.340000152587891,-7.630000114440918,-0.05418117905841809,resting,null
7,right,3290.097846153846,1790663647458,8.901618003845215,3.0724940299987793,0.0909305065870285,-0.9800000190734863,-4.340000152587891,-7.630000114440918,-0.05873934200669821,resting,null
7,right,3290.1074615384614,1790663647458,8.533110618591309,3.2280330657958984,0.1316099464893341,-0.9800000190734863,-4.340000152587891,-7.630000114440918,-0.0658706562276592,resting,null
7,right,3290.117076923077,1790663647458,9.626668930053711,2.304370403289795,0.07896596938371658,-0.9800000190734863,-4.340000152587891,-7.630000114440918,-0.06729512895227438,resting,null
7,right,3290.1266923076923,1790663647458,9.64341926574707,3.0820655822753906,0.11725249886512756,-0.9800000190734863,-4.340000152587891,-7.630000114440918,-0.06539370305092718,descending,null
7,right,3290.1363076923076,1790663647458,9.188767433166504,3.7903664112091064,0.12203831225633621,-0.9800000190734863,-4.340000152587891,-7.630000114440918,-0.06451573947204846,descending,null
7,left,3185.971,1790663647531,7.437158584594727,7.305548191070557,0.37568655610084534,-1.9600000381469727,-0.49000000953674316,7.980000019073486,0.6799978920034034,ascending,6
7,left,3185.9806153846152,1790663647531,8.375178337097168,5.439080238342285,0.49772489070892334,-1.9600000381469727,-0.49000000953674316,7.980000019073486,0.6808653344587092,ascending,6
7,left,3185.990230769231,1790663647531,7.133258819580078,6.999256134033203,0.37807947397232056,-1.9600000381469727,-0.49000000953674316,7.980000019073486,0.6820684802500977,ascending,6
7,left,3185.999846153846,1790663647531,7.185903072357178,5.960733890533447,0.39722275733947754,-1.9600000381469727,-0.49000000953674316,7.980000019073486,0.677299951226127,ascending,6
7,left,3186.0094615384614,1790663647531,7.642948627471924,6.41538667678833,0.4235447347164154,-1.9600000381469727,-0.49000000953674316,7.980000019073486,0.6787092199476645,ascending,6
7,left,3186.019076923077,1790663647531,7.7673797607421875,5.570690155029297,0.5766908526420593,-1.9600000381469727,-0.49000000953674316,7.980000019073486,0.6759585265033449,ascending,6
7,left,3186.0286923076924,1790663647531,8.913582801818848,5.613762378692627,0.588655412197113,-1.9600000381469727,-0.49000000953674316,7.980000019073486,0.682016672342031,ascending,6
7,left,3186.0383076923076,1790663647531,7.707557201385498,4.898283004760742,0.6245490312576294,-1.9600000381469727,-0.49000000953674316,7.980000019073486,0.6748117588676491,ascending,6
7,right,3290.145,1790663647550,9.629061698913574,3.9506912231445312,-0.0047858161851763725,-1.9600000381469727,-3.7100000381469727,-4.619999885559082,-0.05959956296382539,descending,null
7,right,3290.154615384615,1790663647550,8.114351272583008,4.0511932373046875,0.07896596938371658,-1.9600000381469727,-3.7100000381469727,-4.619999885559082,-0.06691166423037152,descending,null
7,right,3290.164230769231,1790663647550,9.387378692626953,3.598933696746826,0.06939433515071869,-1.9600000381469727,-3.7100000381469727,-4.619999885559082,-0.06505777401257269,descending,null
7,right,3290.173846153846,1790663647550,8.662327766418457,3.6300415992736816,0.016750356182456017,-1.9600000381469727,-3.7100000381469727,-4.619999885559082,-0.06931456726534777,descending,null
7,right,3290.1834615384614,1790663647550,8.590539932250977,5.132787704467773,0.028714897111058235,-1.9600000381469727,-3.7100000381469727,-4.619999885559082,-0.06797324548271812,descending,null
7,right,3290.193076923077,1790663647550,8.068885803222656,4.714028835296631,-0.06460852175951004,-1.9600000381469727,-3.7100000381469727,-4.619999885559082,-0.0728043568222911,descending,null
7,right,3290.2026923076924,1790663647550,8.186138153076172,5.649655818939209,-0.12443122267723083,-1.9600000381469727,-3.7100000381469727,-4.619999885559082,-0.07264930175224918,descending,null
7,right,3290.2123076923076,1790663647550,8.604897499084473,5.132787704467773,-0.11725249886512756,-1.9600000381469727,-3.7100000381469727,-4.619999885559082,-0.07102848013973785,descending,null
7,right,3290.22,1790663647624,8.198102951049805,5.221325397491455,-0.1316099464893341,-1.399999976158142,-3.990000009536743,-2.6600000858306885,-0.07221844799498944,descending,null
7,right,3290.229615384615,1790663647624,9.243803977966309,5.594619274139404,-0.13878867030143738,-1.399999976158142,-3.990000009536743,-2.6600000858306885,-0.06309912185925383,descending,null
7,right,3290.2392307692307,1790663647624,8.521145820617676,5.510867118835449,-0.12921704351902008,-1.399999976158142,-3.990000009536743,-2.6600000858306885,-0.060539035647906754,descending,null
7,right,3290.248846153846,1790663647624,9.248589515686035,5.479759693145752,-0.1698964685201645,-1.399999976158142,-3.990000009536743,-2.6600000858306885,-0.05181837144338416,descending,null
7,right,3290.2584615384612,1790663647624,8.669506072998047,4.807352542877197,-0.11725249886512756,-1.399999976158142,-3.990000009536743,-2.6600000858306885,-0.05096991983615448,descending,null
7,right,3290.268076923077,1790663647624,8.92554759979248,5.412757873535156,-0.09571632742881775,-1.399999976158142,-3.990000009536743,-2.6600000858306885,-0.04532581777722187,descending,null
7,right,3290.277692307692,1790663647624,8.748472213745117,4.185196399688721,-0.05264397710561752,-1.399999976158142,-3.990000009536743,-2.6600000858306885,-0.04650369789510232,descending,null
7,right,3290.2873076923074,1790663647624,9.480701446533203,4.893496990203857,-0.07178724557161331,-1.399999976158142,-3.990000009536743,-2.6600000858306885,-0.038338990751349604,descending,null
7,left,3186.05,1790663647667,8.210067749023438,6.135416507720947,0.6245490312576294,-2.309999942779541,-1.4700000286102295,18.40999984741211,0.6797358608344376,ascending,6
7,left,3186.0596153846154,1790663647667,8.07127857208252,5.678370952606201,0.6269419193267822,-2.309999942779541,-1.4700000286102295,18.40999984741211,0.6800295697346326,ascending,6
7,left,3186.069230769231,1790663647667,8.368000030517578,6.01577091217041,0.6149773597717285,-2.309999942779541,-1.4700000286102295,18.40999984741211,0.684584014188459,ascending,6
7,left,3186.0788461538464,1790663647667,8.253140449523926,5.405579566955566,0.6054057478904724,-2.309999942779541,-1.4700000286102295,18.40999984741211,0.6846861601897783,ascending,6
7,left,3186.0884615384616,1790663647667,8.30817699432373,5.704692840576172,0.6819788217544556,-2.309999942779541,-1.4700000286102295,18.40999984741211,0.6870329529299657,ascending,6
7,left,3186.0980769230773,1790663647667,7.949240684509277,6.312491416931152,0.6412993669509888,-2.309999942779541,-1.4700000286102295,18.40999984741211,0.69018524951208,ascending,6
7,left,3186.1076923076926,1790663647667,7.753022193908691,6.140202045440674,0.5431901216506958,-2.309999942779541,-1.4700000286102295,18.40999984741211,0.6907839186737087,ascending,6
7,left,3186.117307692308,1790663647667,8.028206825256348,5.994234561920166,0.47858160734176636,-2.309999942779541,-1.4700000286102295,18.40999984741211,0.6926004460815265,ascending,6
7,left,3186.13,1790663647696,8.2124605178833,6.628355503082275,0.5575475692749023,-3.430000066757202,-1.1200000047683716,9.449999809265137,0.7017612452119055,ascending,6
7,left,3186.1396153846154,1790663647696,7.855917453765869,7.109330177307129,0.48576033115386963,-3.430000066757202,-1.1200000047683716,9.449999809265137,0.7087262220681401,ascending,6
7,left,3186.149230769231,1790663647696,7.580732822418213,6.712107181549072,0.44747382402420044,-3.430000066757202,-1.1200000047683716,9.449999809265137,0.7112624165937672,ascending,6
7,left,3186.1588461538463,1790663647696,8.631219863891602,5.932019233703613,0.5455830693244934,-3.430000066757202,-1.1200000047683716,9.449999809265137,0.7173669968812227,ascending,6
7,left,3186.1684615384615,1790663647696,6.6092119216918945,7.898989677429199,0.29911351203918457,-3.430000066757202,-1.1200000047683716,9.449999809265137,0,resting,null
7,left,3186.1780769230772,1790663647696,8.626433372497559,5.778872966766357,0.48815324902534485,-3.430000066757202,-1.1200000047683716,9.449999809265137,0.005513415450462297,resting,null
7,left,3186.1876923076925,1790663647696,7.937276363372803,5.707085609436035,0.5455830693244934,-3.430000066757202,-1.1200000047683716,9.449999809265137,0.005351141626605846,resting,null
7,left,3186.1973076923077,1790663647696,7.683628082275391,6.027735710144043,0.4450809061527252,-3.430000066757202,-1.1200000047683716,9.449999809265137,0.0050194804585698945,resting,null
7,right,3290.297,1790663647698,8.992548942565918,5.22611141204834,0.021536173298954964,-0.699999988079071,-3.3600001335144043,-3.7100000381469727,-0.0329257330249233,descending,null
7,right,3290.3066153846153,1790663647698,9.734350204467773,4.390986442565918,-0.0502510704100132,-0.699999988079071,-3.3600001335144043,-3.7100000381469727,-0.024769345345312624,descending,null
7,right,3290.316230769231,1790663647698,9.150480270385742,4.5991692543029785,-0.03110780566930771,-0.699999988079071,-3.3600001335144043,-3.7100000381469727,-0.02072499550556205,descending,null
7,right,3290.325846153846,1790663647698,9.588382720947266,3.6156840324401855,0,-0.699999988079071,-3.3600001335144043,-3.7100000381469727,-0.01719348205418522,resting,null
7,right,3290.3354615384615,1790663647698,8.734114646911621,5.424722671508789,0.02632198855280876,-0.699999988079071,-3.3600001335144043,-3.7100000381469727,-0.013163857065499652,resting,null
7,right,3290.345076923077,1790663647698,9.236625671386719,4.491488456726074,0.05264397710561752,-0.699999988079071,-3.3600001335144043,-3.7100000381469727,-0.00889138346657574,resting,null
7,right,3290.3546923076924,1790663647698,8.693434715270996,4.513024806976318,0.035893622785806656,-0.699999988079071,-3.3600001335144043,-3.7100000381469727,-0.009161979336683888,resting,null
7,right,3290.3643076923076,1790663647698,8.485252380371094,4.173231601715088,0.009571632370352745,-0.699999988079071,-3.3600001335144043,-3.7100000381469727,-0.012672717777977242,resting,null
7,left,3186.21,1790663647771,7.453908920288086,5.853053092956543,0.38525819778442383,-1.9600000381469727,-0.8400000333786011,14.350000381469727,0.000884364430905282,resting,null
7,left,3186.2196153846153,1790663647771,8.250746726989746,5.525224685668945,0.5288326740264893,-1.9600000381469727,-0.8400000333786011,14.350000381469727,0.002112729530378305,resting,null
7,left,3186.229230769231,1790663647771,7.011220932006836,5.826731204986572,0.4522596299648285,-1.9600000381469727,-0.8400000333786011,14.350000381469727,-0.004573206571529567,resting,null
7,left,3186.238846153846,1790663647771,7.683628082275391,5.649655818939209,0.5527617931365967,-1.9600000381469727,-0.8400000333786011,14.350000381469727,-0.007008761292734149,resting,null
7,left,3186.2484615384615,1790663647771,7.980348587036133,5.336184978485107,0.5479759573936462,-1.9600000381469727,-0.8400000333786011,14.350000381469727,-0.008905354965180537,resting,null
7,left,3186.258076923077,1790663647771,7.595090389251709,5.747765064239502,0.5240468978881836,-1.9600000381469727,-0.8400000333786011,14.350000381469727,-0.011492691011435251,resting,null
7,left,3186.2676923076924,1790663647771,7.944454669952393,5.431901454925537,0.5072965025901794,-1.9600000381469727,-0.8400000333786011,14.350000381469727,-0.0131375235487924,resting,null
7,left,3186.2773076923077,1790663647771,7.520910263061523,5.417543888092041,0.5240468978881836,-1.9600000381469727,-0.8400000333786011,14.350000381469727,-0.01815711664469316,resting,null
7,right,3290.373,1790663647775,8.155031204223633,5.9200544357299805,0.0047858161851763725,-0.6299999952316284,-5.179999828338623,-4.900000095367432,-0.011496728103490747,resting,null
7,right,3290.3826153846153,1790663647775,9.865960121154785,3.450573444366455,0.021536173298954964,-0.6299999952316284,-5.179999828338623,-4.900000095367432,-0.006366436236478039,resting,null
7,right,3290.392230769231,1790663647775,8.269890785217285,4.984427452087402,-0.021536173298954964,-0.6299999952316284,-5.179999828338623,-4.900000095367432,0,resting,null
7,right,3290.4018461538462,1790663647775,8.444572448730469,4.953319549560547,0.040679436177015305,-0.6299999952316284,-5.179999828338623,-4.900000095367432,-0.0004536444946588531,resting,null
7,right,3290.4114615384615,1790663647775,8.588147163391113,4.111016273498535,-0.05264397710561752,-0.6299999952316284,-5.179999828338623,-4.900000095367432,-0.003336735314050687,resting,null
7,right,3290.421076923077,1790663647775,8.42782211303711,5.151931285858154,-0.014357448555529118,-0.6299999952316284,-5.179999828338623,-4.900000095367432,-0.0030110116320327352,resting,null
7,right,3290.4306923076924,1790663647775,8.408679008483887,4.467559337615967,-0.06221561133861542,-0.6299999952316284,-5.179999828338623,-4.900000095367432,-0.005843855945300326,resting,null
7,right,3290.4403076923077,1790663647775,8.566611289978027,4.972463130950928,-0.04546525329351425,-0.6299999952316284,-5.179999828338623,-4.900000095367432,-0.005093500331185691,resting,null
7,left,3186.289,1790663647848,7.748236179351807,5.369685649871826,0.5144752264022827,-2.450000047683716,-0.14000000059604645,11.760000228881836,-0.022423978451731528,resting,null
7,left,3186.2986153846155,1790663647848,7.504159927368164,5.498902797698975,0.4761887192726135,-2.450000047683716,-0.14000000059604645,11.760000228881836,-0.02714762368891339,resting,null
7,left,3186.308230769231,1790663647848,7.501766681671143,5.489331245422363,0.4044014811515808,-2.450000047683716,-0.14000000059604645,11.760000228881836,-0.03197898830117083,resting,null
7,left,3186.3178461538464,1790663647848,7.82959508895874,5.297898292541504,0.47858160734176636,-2.450000047683716,-0.14000000059604645,11.760000228881836,-0.035252980120996716,resting,null
7,left,3186.3274615384616,1790663647848,8.241175651550293,6.116272926330566,0.4235447347164154,-2.450000047683716,-0.14000000059604645,11.760000228881836,-0.030813465553939247,resting,null
7,left,3186.3370769230773,1790663647848,7.879846572875977,5.510867118835449,0.44029510021209717,-2.450000047683716,-0.14000000059604645,11.760000228881836,-0.03253929603945926,resting,null
7,left,3186.3466923076926,1790663647848,7.5998759269714355,6.750393867492676,0.382865309715271,-2.450000047683716,-0.14000000059604645,11.760000228881836,-0.02969712877127632,resting,null
7,left,3186.356307692308,1790663647848,8.169387817382812,5.592226028442383,0.41636601090431213,-2.450000047683716,-0.14000000059604645,11.760000228881836,-0.028706346366885672,resting,null
7,right,3290.449,1790663647849,8.171781539916992,4.6972784996032715,-0.08135887235403061,-0.14000000059604645,-4.690000057220459,-3.569999933242798,-0.008535182104938538,resting,null
7,right,3290.4586153846153,1790663647849,8.33449935913086,4.441237449645996,-0.07896596938371658,-0.14000000059604645,-4.690000057220459,-3.569999933242798,-0.012096548030966376,resting,null
7,right,3290.468230769231,1790663647849,8.200495719909668,4.658992290496826,0.03828652948141098,-0.14000000059604645,-4.690000057220459,-3.569999933242798,-0.015873313625746347,resting,null
7,right,3290.4778461538463,1790663647849,8.726935386657715,4.355092525482178,-0.03110780566930771,-0.14000000059604645,-4.690000057220459,-3.569999933242798,-0.01650213181235755,resting,null
7,right,3290.4874615384615,1790663647849,8.083243370056152,5.465402126312256,0.08135887235403061,-0.14000000059604645,-4.690000057220459,-3.569999933242798,-0.017658673871098162,resting,null
7,right,3290.497076923077,1790663647849,8.597719192504883,4.398165225982666,0.055036887526512146,-0.14000000059604645,-4.690000057220459,-3.569999933242798,-0.01923134539057972,resting,null
7,right,3290.5066923076924,1790663647849,9.033227920532227,4.678135395050049,0.05264397710561752,-0.14000000059604645,-4.690000057220459,-3.569999933242798,-0.01584666718428488,resting,null
7,right,3290.5163076923077,1790663647849,8.652755737304688,4.319199085235596,0.04546525329351425,-0.14000000059604645,-4.690000057220459,-3.569999933242798,-0.01729884449098981,resting,null
7,right,3290.524,1790663647925,9.174409866333008,4.4579877853393555,0.04307234659790993,0.21000000834465027,-4.340000152587891,-1.6800000667572021,-0.014417454008935559,resting,null
7,right,3290.533615384615,1790663647925,8.48285961151123,4.836067199707031,0.11246667802333832,0.21000000834465027,-4.340000152587891,-1.6800000667572021,-0.015008654843817748,resting,null
7,right,3290.543230769231,1790663647925,8.987762451171875,4.761887073516846,0.014357448555529118,0.21000000834465027,-4.340000152587891,-1.6800000667572021,-0.011606152141304062,resting,null
7,right,3290.552846153846,1790663647925,8.528324127197266,4.572847366333008,0.035893622785806656,0.21000000834465027,-4.340000152587891,-1.6800000667572021,-0.012958191907674171,resting,null
7,right,3290.5624615384613,1790663647925,8.571396827697754,4.879139423370361,0.06221561133861542,0.21000000834465027,-4.340000152587891,-1.6800000667572021,-0.012568970688073647,resting,null
7,right,3290.572076923077,1790663647925,8.851366996765137,4.606348037719727,0.06221561133861542,0.21000000834465027,-4.340000152587891,-1.6800000667572021,-0.01103774007099497,resting,null
7,right,3290.5816923076923,1790663647925,8.650362968444824,5.223718166351318,-0.035893622785806656,0.21000000834465027,-4.340000152587891,-1.6800000667572021,-0.008369200812808427,resting,null
7,right,3290.5913076923075,1790663647925,8.968619346618652,4.658992290496826,-0.0047858161851763725,0.21000000834465027,-4.340000152587891,-1.6800000667572021,-0.0055781140967390615,resting,null
7,left,3186.368,1790663647937,8.164602279663086,6.489566802978516,0.4450809061527252,-2.799999952316284,0.5600000023841858,14.980000495910645,-0.02157589969612279,resting,null
7,left,3186.377615384615,1790663647937,8.157423973083496,5.83390998840332,0.37807947397232056,-2.799999952316284,0.5600000023841858,14.980000495910645,-0.01938434426675846,resting,null
7,left,3186.387230769231,1790663647937,8.214853286743164,5.922447681427002,0.4307234585285187,-2.799999952316284,0.5600000023841858,14.980000495910645,-0.01623342944059576,resting,null
7,left,3186.396846153846,1790663647937,8.128708839416504,5.762122631072998,0.4953319728374481,-2.799999952316284,0.5600000023841858,14.980000495910645,-0.014606954642612193,resting,null
7,left,3186.4064615384614,1790663647937,8.39432144165039,5.774087429046631,0.5025107264518738,-2.799999952316284,0.5600000023841858,14.980000495910645,-0.0108117665941173,resting,null
7,left,3186.416076923077,1790663647937,8.456537246704102,5.762122631072998,0.4809745252132416,-2.799999952316284,0.5600000023841858,14.980000495910645,-0.00660037953996997,resting,null
7,left,3186.4256923076923,1790663647937,8.975798606872559,5.082536697387695,0.5072965025901794,-2.799999952316284,0.5600000023841858,14.980000495910645,-0.0018856189565629687,resting,null
7,left,3186.4353076923076,1790663647937,8.032992362976074,5.285933971405029,0.46661707758903503,-2.799999952316284,0.5600000023841858,14.980000495910645,-0.003608519724547946,resting,null
7,right,3290.6,1790663647999,8.241175651550293,5.369685649871826,-0.01914326474070549,-0.42000001668930054,-5.110000133514404,-6.789999961853027,-0.005687795055561387,resting,null
7,right,3290.609615384615,1790663647999,8.025814056396484,5.223718166351318,-0.0047858161851763725,-0.42000001668930054,-5.110000133514404,-6.789999961853027,-0.008279790852901547,resting,null
7,right,3290.619230769231,1790663647999,8.468502044677734,5.410365104675293,0.03828652948141098,-0.42000001668930054,-5.110000133514404,-6.789999961853027,-0.0062791039909932825,resting,null
7,right,3290.628846153846,1790663647999,8.525931358337402,5.096894264221191,0,-0.42000001668930054,-5.110000133514404,-6.789999961853027,-0.005211000760151934,resting,null
7,right,3290.6384615384613,1790663647999,8.253140449523926,5.101680278778076,0.03350071236491203,-0.42000001668930054,-5.110000133514404,-6.789999961853027,-0.006419260103504876,resting,null
7,right,3290.648076923077,1790663647999,8.224425315856934,5.178253173828125,0.028714897111058235,-0.42000001668930054,-5.110000133514404,-6.789999961853027,-0.007497437274450293,resting,null
7,right,3290.6576923076923,1790663647999,8.140673637390137,4.864782333374023,0.035893622785806656,-0.42000001668930054,-5.110000133514404,-6.789999961853027,-0.01073320925868912,resting,null
7,right,3290.6673076923075,1790663647999,8.085636138916016,4.946141242980957,0.05264397710561752,-0.42000001668930054,-5.110000133514404,-6.789999961853027,-0.014045952941855379,resting,null
7,left,3186.447,1790663648012,8.253140449523926,5.300291538238525,0.5479759573936462,-2.5899999141693115,-0.21000000834465027,14.630000114440918,-0.0034151521238160194,resting,null
7,left,3186.4566153846154,1790663648012,8.530716896057129,5.4773664474487305,0.5168681740760803,-2.5899999141693115,-0.21000000834465027,14.630000114440918,-0.00010722129334405035,resting,null
7,left,3186.466230769231,1790663648012,8.446965217590332,5.39122200012207,0.4642241597175598,-2.5899999141693115,-0.21000000834465027,14.630000114440918,0.0020517490395131743,resting,null
7,left,3186.4758461538463,1790663648012,8.164602279663086,5.259612083435059,0.4450809061527252,-2.5899999141693115,-0.21000000834465027,14.630000114440918,0.0012391166692672878,resting,null
7,left,3186.4854615384615,1790663648012,7.985134124755859,5.439080238342285,0.4450809061527252,-2.5899999141693115,-0.21000000834465027,14.630000114440918,-0.0000925974691015811,resting,null
7,left,3186.4950769230772,1790663648012,8.109565734863281,5.472580909729004,0.4211518168449402,-2.5899999141693115,-0.21000000834465027,14.630000114440918,-0.00025736129383763007,resting,null
7,left,3186.5046923076925,1790663648012,8.327320098876953,5.00835657119751,0.40918728709220886,-2.5899999141693115,-0.21000000834465027,14.630000114440918,-0.001061359213133322,resting,null
7,left,3186.5143076923077,1790663648012,8.181352615356445,5.326613426208496,0.39004403352737427,-2.5899999141693115,-0.21000000834465027,14.630000114440918,-0.0014203484660369637,resting,null
7,right,3290.676,1790663648075,8.901618003845215,4.520203590393066,0.055036887526512146,0.3499999940395355,-4.409999847412109,0.9100000262260437,-0.012660701283269031,resting,null
7,right,3290.685615384615,1790663648075,8.379963874816895,5.072965145111084,0.09810923039913177,0.3499999940395355,-4.409999847412109,0.9100000262260437,-0.012925845824086088,resting,null
7,right,3290.695230769231,1790663648075,8.39432144165039,4.321591854095459,0.059822700917720795,0.3499999940395355,-4.409999847412109,0.9100000262260437,-0.01657368350129421,resting,null
7,right,3290.704846153846,1790663648075,8.140673637390137,4.816924095153809,0.11007377505302429,0.3499999940395355,-4.409999847412109,0.9100000262260437,-0.020043593296198123,resting,null
7,right,3290.7144615384614,1790663648075,8.04734992980957,4.718814849853516,0.09810923039913177,0.3499999940395355,-4.409999847412109,0.9100000262260437,-0.024745933850455645,resting,null
7,right,3290.724076923077,1790663648075,8.157423973083496,4.431665897369385,0.04307234659790993,0.3499999940395355,-4.409999847412109,0.9100000262260437,-0.02984639315517521,resting,null
7,right,3290.7336923076923,1790663648075,7.755414962768555,4.50584602355957,0.06700142472982407,0.3499999940395355,-4.409999847412109,0.9100000262260437,-0.037973306712386495,resting,null
7,right,3290.7433076923076,1790663648075,8.05452823638916,4.077515602111816,-0.0023929080925881863,0.3499999940395355,-4.409999847412109,0.9100000262260437,-0.045565915839397376,resting,null
7,left,3186.526,1790663648087,8.128708839416504,6.044486045837402,0.41636601090431213,-2.940000057220459,0.07000000029802322,5.460000038146973,0.0021315870868921067,resting,null
7,left,3186.535615384615,1790663648087,8.06410026550293,5.04425048828125,0.38765111565589905,-2.940000057220459,0.07000000029802322,5.460000038146973,-0.0006302279021090073,resting,null
7,left,3186.545230769231,1790663648087,7.757808208465576,5.915268898010254,0.43550926446914673,-2.940000057220459,0.07000000029802322,5.460000038146973,-0.001379145177875954,resting,null
7,left,3186.554846153846,1790663648087,7.764986991882324,5.058607578277588,0.4714028835296631,-2.940000057220459,0.07000000029802322,5.460000038146973,-0.006452666077300127,resting,null
7,left,3186.5644615384613,1790663648087,7.817630767822266,5.709478855133057,0.4714028835296631,-2.940000057220459,0.07000000029802322,5.460000038146973,-0.007743176960192201,resting,null
7,left,3186.574076923077,1790663648087,7.611840724945068,5.3433637619018555,0.47858160734176636,-2.940000057220459,0.07000000029802322,5.460000038146973,-0.012578711364289126,resting,null
7,left,3186.583692307692,1790663648087,7.7960944175720215,5.3792572021484375,0.461831271648407,-2.940000057220459,0.07000000029802322,5.460000038146973,-0.015739843530590627,resting,null
7,left,3186.5933076923075,1790663648087,7.154795169830322,5.625726699829102,0.5025107264518738,-2.940000057220459,0.07000000029802322,5.460000038146973,-0.022786056299969625,resting,null
7,right,3290.753,1790663648149,7.630983829498291,4.237840175628662,-0.0047858161851763725,0.6299999952316284,-4.760000228881836,-5.110000133514404,-0.05603907001445291,resting,null
7,right,3290.7626153846154,1790663648149,7.609447956085205,4.111016273498535,-0.035893622785806656,0.6299999952316284,-4.760000228881836,-5.110000133514404,-0.06718680071887018,resting,null
7,right,3290.772230769231,1790663648149,7.209832191467285,3.6922571659088135,-0.03110780566930771,0.6299999952316284,-4.760000228881836,-5.110000133514404,-0.08364172986127508,resting,null
7,right,3290.7818461538463,1790663648149,6.867646217346191,4.280912399291992,-0.055036887526512146,0.6299999952316284,-4.760000228881836,-5.110000133514404,-0.1001851093583278,resting,null
7,right,3290.7914615384616,1790663648149,6.82218074798584,3.141888380050659,-0.06700142472982407,0.6299999952316284,-4.760000228881836,-5.110000133514404,-0.1224485994309683,descending,null
7,right,3290.8010769230773,1790663648149,6.326848983764648,4.144516944885254,-0.05264397710561752,0.6299999952316284,-4.760000228881836,-5.110000133514404,-0.14413718614427373,descending,null
7,right,3290.8106923076925,1790663648149,6.527853488922119,3.4242515563964844,-0.0909305065870285,0.6299999952316284,-4.760000228881836,-5.110000133514404,-0.16751598338881254,descending,null
7,right,3290.820307692308,1790663648149,6.054057598114014,2.9983139038085938,-0.07896596938371658,0.6299999952316284,-4.760000228881836,-5.110000133514404,-0.19686430028623128,descending,null
7,left,3186.606,1790663648222,7.284012317657471,5.1184306144714355,0.5288326740264893,-1.75,-0.7699999809265137,11.480000495910645,-0.03415095937937846,resting,null
7,left,3186.6156153846155,1790663648222,6.893968105316162,5.192610740661621,0.48815324902534485,-1.75,-0.7699999809265137,11.480000495910645,-0.04554602217744735,resting,null
7,left,3186.625230769231,1790663648222,6.970541477203369,4.843245983123779,0.48815324902534485,-1.75,-0.7699999809265137,11.480000495910645,-0.05812395230716225,resting,null
7,left,3186.6348461538464,1790663648222,6.520674705505371,4.733172416687012,0.5144752264022827,-1.75,-0.7699999809265137,11.480000495910645,-0.07488981968798916,resting,null
7,left,3186.6444615384617,1790663648222,6.494352340698242,4.292877197265625,0.49054616689682007,-1.75,-0.7699999809265137,11.480000495910645,-0.09414907831021847,resting,null
7,left,3186.6540769230774,1790663648222,6.104308605194092,4.589597702026367,0.509689450263977,-1.75,-0.7699999809265137,11.480000495910645,-0.1150117567550971,resting,null
7,left,3186.6636923076926,1790663648222,5.912876129150391,4.163660049438477,0.4642241597175598,-1.75,-0.7699999809265137,11.480000495910645,-0.13963592457055446,descending,null
7,left,3186.673307692308,1790663648222,6.482388019561768,4.532167911529541,0.5336185097694397,-1.75,-0.7699999809265137,11.480000495910645,-0.15770284638458082,descending,null
7,right,3290.828,1790663648239,6.1306304931640625,3.6563634872436523,-0.09571632742881775,0.21000000834465027,-4.059999942779541,-2.940000057220459,-0.2173298959576087,descending,null
7,right,3290.837615384615,1790663648239,5.967912673950195,2.8475606441497803,-0.11246667802333832,0.21000000834465027,-4.059999942779541,-2.940000057220459,-0.2480832356597602,descending,null
7,right,3290.847230769231,1790663648239,6.2502760887146,3.598933696746826,-0.09810923039913177,0.21000000834465027,-4.059999942779541,-2.940000057220459,-0.27290809933493054,descending,null
7,right,3290.856846153846,1790663648239,6.281383514404297,3.2711052894592285,-0.14596739411354065,0.21000000834465027,-4.059999942779541,-2.940000057220459,-0.2989968917576687,descending,null
7,right,3290.8664615384614,1790663648239,6.381886005401611,3.3285350799560547,-0.13400284945964813,0.21000000834465027,-4.059999942779541,-2.940000057220459,-0.32396270796538595,descending,null
7,right,3290.876076923077,1790663648239,5.809980869293213,3.7712230682373047,-0.15314611792564392,0.21000000834465027,-4.059999942779541,-2.940000057220459,-0.3515924128882384,descending,null
7,right,3290.8856923076924,1790663648239,5.649655818939209,2.754237174987793,-0.14836029708385468,0.21000000834465027,-4.059999942779541,-2.940000057220459,-0.3853758444336037,descending,null
7,right,3290.8953076923076,1790663648239,5.092108249664307,3.05574369430542,-0.14596739411354065,0.21000000834465027,-4.059999942779541,-2.940000057220459,-0.42236723025196865,descending,null
7,left,3186.685,1790663648252,6.286169528961182,4.735565185546875,0.5479759573936462,-1.399999976158142,-0.699999988079071,7.909999847412109,-0.1802990645208521,descending,null
7,left,3186.694615384615,1790663648252,6.771929740905762,4.630277156829834,0.5862624645233154,-1.399999976158142,-0.699999988079071,7.909999847412109,-0.19546658734333935,descending,null
7,left,3186.704230769231,1790663648252,6.389064788818359,4.300055980682373,0.5862624645233154,-1.399999976158142,-0.699999988079071,7.909999847412109,-0.21542771540116337,descending,null
7,left,3186.713846153846,1790663648252,6.489566802978516,4.10623025894165,0.5719050168991089,-1.399999976158142,-0.699999988079071,7.909999847412109,-0.235573451704093,descending,null
7,left,3186.7234615384614,1790663648252,6.305312633514404,3.6994359493255615,0.5288326740264893,-1.399999976158142,-0.699999988079071,7.909999847412109,-0.2593125788127504,descending,null
7,left,3186.733076923077,1790663648252,5.664013385772705,4.256983280181885,0.5384043455123901,-1.399999976158142,-0.699999988079071,7.909999847412109,-0.2853733321773743,descending,null
7,left,3186.7426923076923,1790663648252,5.644870281219482,4.335949420928955,0.4761887192726135,-1.399999976158142,-0.699999988079071,7.909999847412109,-0.31120304930811066,descending,null
7,left,3186.7523076923076,1790663648252,5.671192169189453,3.345285415649414,0.4642241597175598,-1.399999976158142,-0.699999988079071,7.909999847412109,-0.341899128890674,descending,null
7,right,3290.904,1790663648300,5.300291538238525,3.2567479610443115,-0.06221561133861542,-0.07000000029802322,-2.870000123977661,6.440000057220459,-0.4533874447638788,descending,null
7,right,3290.9136153846152,1790663648300,5.221325397491455,2.747058391571045,-0.09810923039913177,-0.07000000029802322,-2.870000123977661,6.440000057220459,-0.4907483557353736,descending,null
7,right,3290.923230769231,1790663648300,4.960498332977295,2.718343496322632,-0.08614469319581985,-0.07000000029802322,-2.870000123977661,6.440000057220459,-0.5304107256694792,descending,null
7,right,3290.932846153846,1790663648300,4.515417575836182,2.7231295108795166,-0.028714897111058235,-0.07000000029802322,-2.870000123977661,6.440000057220459,-0.5737757572686407,descending,null
7,right,3290.9424615384614,1790663648300,4.20194673538208,2.7997024059295654,-0.01914326474070549,-0.07000000029802322,-2.870000123977661,6.440000057220459,-0.6193893381570957,descending,null
7,right,3290.952076923077,1790663648300,4.209125518798828,2.3306925296783447,0.0047858161851763725,-0.07000000029802322,-2.870000123977661,6.440000057220459,-0.6671380350266558,descending,null
7,right,3290.9616923076924,1790663648300,4.237840175628662,2.2469406127929688,0.03110780566930771,-0.07000000029802322,-2.870000123977661,6.440000057220459,-0.7150263482992141,descending,null
7,right,3290.9713076923076,1790663648300,4.048800468444824,2.8068811893463135,-0.0047858161851763725,-0.07000000029802322,-2.870000123977661,6.440000057220459,-0.761842249011837,descending,null
7,left,3186.764,1790663648327,5.640084266662598,3.084458589553833,0.4259376525878906,0.49000000953674316,-2.940000057220459,0.14000000059604645,-0.3811622850203301,descending,null
7,left,3186.7736153846154,1790663648327,5.333792209625244,2.9121692180633545,0.3948298394680023,0.49000000953674316,-2.940000057220459,0.14000000059604645,-0.41682034251263467,descending,null
7,left,3186.783230769231,1790663648327,4.955712795257568,3.1801748275756836,0.38765111565589905,0.49000000953674316,-2.940000057220459,0.14000000059604645,-0.4541587766594011,descending,null
7,left,3186.7928461538463,1790663648327,4.996392250061035,2.866703987121582,0.3709007501602173,0.49000000953674316,-2.940000057220459,0.14000000059604645,-0.49276502778858744,descending,null
7,left,3186.8024615384616,1790663648327,5.240468502044678,2.9839563369750977,0.29672059416770935,0.49000000953674316,-2.940000057220459,0.14000000059604645,-0.5288121841538461,descending,null
7,left,3186.8120769230773,1790663648327,5.283541202545166,3.6922571659088135,0.34697166085243225,0.49000000953674316,-2.940000057220459,0.14000000059604645,-0.5608358009824146,descending,null
7,left,3186.8216923076925,1790663648327,5.3792572021484375,2.802095413208008,0.38765111565589905,0.49000000953674316,-2.940000057220459,0.14000000059604645,-0.5966069485722029,descending,null
7,left,3186.8313076923077,1790663648327,6.128237724304199,3.225640058517456,0.36611494421958923,0.49000000953674316,-2.940000057220459,0.14000000059604645,-0.6241152260206694,descending,null
7,right,3290.98,1790663648374,4.194767951965332,2.72552227973938,0.07418014854192734,-2.7300000190734863,-0.9100000262260437,-11.970000267028809,-0.8034049456290029,descending,null
7,right,3290.9896153846153,1790663648374,4.993999004364014,2.696807384490967,-0.028714897111058235,-2.7300000190734863,-0.9100000262260437,-11.970000267028809,-0.8427614723569651,descending,null
7,right,3290.999230769231,1790663648374,4.800173759460449,2.931312322616577,0.0502510704100132,-2.7300000190734863,-0.9100000262260437,-11.970000267028809,-0.8826418090869468,descending,null
7,right,3291.008846153846,1790663648374,6.207203388214111,2.804488182067871,-0.0023929080925881863,-2.7300000190734863,-0.9100000262260437,-11.970000267028809,-0.911323537322878,descending,null
7,right,3291.0184615384615,1790663648374,5.826731204986572,3.697042942047119,0.01914326474070549,-2.7300000190734863,-0.9100000262260437,-11.970000267028809,-0.9389406779795368,descending,null
7,right,3291.028076923077,1790663648374,5.1471452713012695,5.410365104675293,0.07178724557161331,-2.7300000190734863,-0.9100000262260437,-11.970000267028809,-0.9639955816855181,descending,null
7,right,3291.0376923076924,1790663648374,5.647263050079346,3.6420061588287354,0.11485958844423294,-2.7300000190734863,-0.9100000262260437,-11.970000267028809,-0.9933598640653177,descending,null
7,right,3291.0473076923076,1790663648374,5.817159652709961,4.216303825378418,0.32782840728759766,-2.7300000190734863,-0.9100000262260437,-11.970000267028809,-1.0185826599494465,descending,null
7,left,3186.843,1790663648402,6.216775417327881,3.7831876277923584,0.41875892877578735,0.07000000029802322,-2.309999942779541,-3.8499999046325684,-0.6531726729685012,descending,null
7,left,3186.852615384615,1790663648402,6.5446038246154785,4.295269966125488,0.461831271648407,0.07000000029802322,-2.309999942779541,-3.8499999046325684,-0.6717554169193676,descending,null
7,left,3186.862230769231,1790663648402,8.22203254699707,3.019850015640259,0.48576033115386963,0.07000000029802322,-2.309999942779541,-3.8499999046325684,-0.6832013240175466,descending,null
7,left,3186.871846153846,1790663648402,7.394085884094238,2.971991777420044,0.46900999546051025,0.07000000029802322,-2.309999942779541,-3.8499999046325684,-0.7016049466477806,descending,null
7,left,3186.8814615384613,1790663648402,7.188295841217041,2.6585209369659424,0.2129688262939453,0.07000000029802322,-2.309999942779541,-3.8499999046325684,-0.7233842881519361,descending,null
7,left,3186.891076923077,1790663648402,7.329477310180664,4.12298059463501,0.3038993179798126,0.07000000029802322,-2.309999942779541,-3.8499999046325684,-0.7365043523926085,descending,null
7,left,3186.900692307692,1790663648402,7.453908920288086,4.91264009475708,0.20818300545215607,0.07000000029802322,-2.309999942779541,-3.8499999046325684,-0.7446370229954407,descending,null
7,left,3186.9103076923075,1790663648402,6.769536972045898,3.6348273754119873,0.1411815732717514,0.07000000029802322,-2.309999942779541,-3.8499999046325684,-0.7648651472544952,descending,null
7,right,3291.055,1790663648449,7.382121562957764,4.276126861572266,0.2129688262939453,-3.2200000286102295,0.9800000190734863,-5.039999961853027,-1.0280949274141822,descending,null
7,right,3291.064615384615,1790663648449,7.295976638793945,3.9889779090881348,0.22971917688846588,-3.2200000286102295,0.9800000190734863,-5.039999961853027,-1.0420825074551636,descending,null
7,right,3291.074230769231,1790663648449,6.82218074798584,3.8334388732910156,0.31825676560401917,-3.2200000286102295,0.9800000190734863,-5.039999961853027,-1.0607659373374254,descending,null
7,right,3291.083846153846,1790663648449,6.726464748382568,4.1277666091918945,0.36850783228874207,-3.2200000286102295,0.9800000190734863,-5.039999961853027,-1.0788096981200141,descending,null
7,right,3291.0934615384613,1790663648449,7.004042148590088,5.0059638023376465,0.363722026348114,-3.2200000286102295,0.9800000190734863,-5.039999961853027,-1.0902513752894336,descending,null
7,right,3291.103076923077,1790663648449,7.262475967407227,5.106465816497803,0.45704543590545654,-3.2200000286102295,0.9800000190734863,-5.039999961853027,-1.0990603969568498,descending,null
7,right,3291.112692307692,1790663648449,7.745843410491943,4.414915561676025,0.3421858549118042,-3.2200000286102295,0.9800000190734863,-5.039999961853027,-1.1072154172515534,descending,null
7,right,3291.1223076923075,1790663648449,8.913582801818848,4.283305644989014,0.4929390549659729,-3.2200000286102295,0.9800000190734863,-5.039999961853027,-1.1063827884789508,descending,null
7,left,3186.922,1790663648492,6.195239067077637,3.6228628158569336,0.07657305896282196,1.3300000429153442,-3.990000009536743,5.389999866485596,-0.7952328599295705,descending,null
7,left,3186.9316153846153,1790663648492,7.212224960327148,3.6587564945220947,0.13400284945964813,1.3300000429153442,-3.990000009536743,5.389999866485596,-0.8116727371427769,descending,null
7,left,3186.941230769231,1790663648492,7.681234836578369,4.941355228424072,0.06700142472982407,1.3300000429153442,-3.990000009536743,5.389999866485596,-0.8178273620994668,descending,null
7,left,3186.950846153846,1790663648492,8.621647834777832,3.8525819778442383,0.1698964685201645,1.3300000429153442,-3.990000009536743,5.389999866485596,-0.8217061680721955,descending,null
7,left,3186.9604615384615,1790663648492,7.209832191467285,4.926997661590576,0.04307234659790993,1.3300000429153442,-3.990000009536743,5.389999866485596,-0.8317908207816017,descending,null
7,left,3186.970076923077,1790663648492,7.34383487701416,3.823867082595825,-0.07178724557161331,1.3300000429153442,-3.990000009536743,5.389999866485596,-0.8463428460118791,descending,null
7,left,3186.9796923076924,1790663648492,6.927468776702881,5.3505425453186035,0.011964540928602219,1.3300000429153442,-3.990000009536743,5.389999866485596,-0.856614485163873,descending,null
7,left,3186.9893076923076,1790663648492,6.992077350616455,3.7209720611572266,0.009571632370352745,1.3300000429153442,-3.990000009536743,5.389999866485596,-0.8745058783779959,descending,null
7,right,3291.132,1790663648526,8.636005401611328,5.817159652709961,0.4546525478363037,-2.6600000858306885,0.49000000953674316,0.8400000333786011,-1.1002638341928475,descending,null
7,right,3291.1416153846153,1790663648526,7.851131439208984,5.13039493560791,0.48815324902534485,-2.6600000858306885,0.49000000953674316,0.8400000333786011,-1.1040440229624635,descending,null
7,right,3291.151230769231,1790663648526,6.95379114151001,4.862389087677002,0.48815324902534485,-2.6600000858306885,0.49000000953674316,0.8400000333786011,-1.1165361100591373,descending,null
7,right,3291.1608461538463,1790663648526,7.836773872375488,4.163660049438477,0.46900999546051025,-2.6600000858306885,0.49000000953674316,0.8400000333786011,-1.1251504193966484,descending,null
7,right,3291.1704615384615,1790663648526,7.39647912979126,5.149538040161133,0.5025107264518738,-2.6600000858306885,0.49000000953674316,0.8400000333786011,-1.132550140947397,descending,null
7,right,3291.180076923077,1790663648526,8.305784225463867,4.926997661590576,0.4761887192726135,-2.6600000858306885,0.49000000953674316,0.8400000333786011,-1.1335184546738981,descending,null
7,right,3291.1896923076924,1790663648526,7.3318705558776855,5.1040730476379395,0.44986671209335327,-2.6600000858306885,0.49000000953674316,0.8400000333786011,-1.141641149710938,descending,null
7,right,3291.1993076923077,1790663648526,8.746079444885254,5.0059638023376465,0.3230426013469696,-2.6600000858306885,0.49000000953674316,0.8400000333786011,-1.1385475043257833,descending,null
7,left,3187.003,1790663648567,7.037542819976807,4.580026149749756,-0.03828652948141098,0.2800000011920929,-3.569999933242798,8.609999656677246,-0.893343195504116,descending,null
7,left,3187.0126153846154,1790663648567,7.480230808258057,3.704221725463867,0.016750356182456017,0.2800000011920929,-3.569999933242798,8.609999656677246,-0.9072562491448236,descending,null
7,left,3187.022230769231,1790663648567,7.757808208465576,5.230896949768066,0,0.2800000011920929,-3.569999933242798,8.609999656677246,-0.9113065256868809,descending,null
7,left,3187.0318461538463,1790663648567,8.006670951843262,4.3957719802856445,0.09571632742881775,0.2800000011920929,-3.569999933242798,8.609999656677246,-0.917408756771829,descending,null
7,left,3187.0414615384616,1790663648567,8.088028907775879,5.39122200012207,0.14596739411354065,0.2800000011920929,-3.569999933242798,8.609999656677246,-0.9179055695026863,descending,null
7,left,3187.0510769230773,1790663648567,8.42782211303711,4.658992290496826,0.21775463223457336,0.2800000011920929,-3.569999933242798,8.609999656677246,-0.9191880123704438,descending,null
7,left,3187.0606923076925,1790663648567,8.492430686950684,6.113880157470703,0.34697166085243225,0.2800000011920929,-3.569999933242798,8.609999656677246,-0.9127501971312764,descending,null
7,left,3187.070307692308,1790663648567,8.844188690185547,4.962891578674316,0.26800569891929626,0.2800000011920929,-3.569999933242798,8.609999656677246,-0.9090839628380525,descending,null
7,right,3291.208,1790663648630,8.226818084716797,5.403186321258545,0.3015064299106598,-1.4700000286102295,-0.42000001668930054,10.430000305175781,-1.1378580792315613,descending,null
7,right,3291.2176153846153,1790663648630,9.435236930847168,4.910247325897217,0.2536482512950897,-1.4700000286102295,-0.42000001668930054,10.430000305175781,-1.1295111068329757,descending,null
7,right,3291.227230769231,1790663648630,8.877689361572266,4.962891578674316,0.30868515372276306,-1.4700000286102295,-0.42000001668930054,10.430000305175781,-1.1255191469642274,descending,null
7,right,3291.2368461538463,1790663648630,9.73195743560791,5.644870281219482,0.27518442273139954,-1.4700000286102295,-0.42000001668930054,10.430000305175781,-1.1111222901719868,descending,null
7,right,3291.2464615384615,1790663648630,9.164837837219238,5.278755187988281,0.29672059416770935,-1.4700000286102295,-0.42000001668930054,10.430000305175781,-1.103208845807256,descending,null
7,right,3291.256076923077,1790663648630,8.3871431350708,4.654206275939941,0.26561281085014343,-1.4700000286102295,-0.42000001668930054,10.430000305175781,-1.1047681157690632,descending,null
7,right,3291.2656923076925,1790663648630,8.458930015563965,5.422329902648926,0.2919347882270813,-1.4700000286102295,-0.42000001668930054,10.430000305175781,-1.1020322587959865,descending,null
7,right,3291.2753076923077,1790663648630,9.076300621032715,4.7738518714904785,0.27518442273139954,-1.4700000286102295,-0.42000001668930054,10.430000305175781,-1.097264380068024,descending,null
7,left,3187.082,1790663648642,8.470894813537598,5.075357913970947,0.22732627391815186,-0.42000001668930054,-2.6600000858306885,2.1700000762939453,-0.9077254142074688,descending,null
7,left,3187.091615384615,1790663648642,7.745843410491943,4.544132232666016,0.1316099464893341,-0.42000001668930054,-2.6600000858306885,2.1700000762939453,-0.915225482285285,descending,null
7,left,3187.101230769231,1790663648642,8.293819427490234,4.249804973602295,0.2129688262939453,-0.42000001668930054,-2.6600000858306885,2.1700000762939453,-0.9195984958920648,descending,null
7,left,3187.110846153846,1790663648642,8.808294296264648,5.084929466247559,0.2632198929786682,-0.42000001668930054,-2.6600000858306885,2.1700000762939453,-0.9156271867652124,descending,null
7,left,3187.1204615384613,1790663648642,8.640790939331055,5.943983554840088,0.3110780417919159,-0.42000001668930054,-2.6600000858306885,2.1700000762939453,-0.9088549982933533,descending,null
7,left,3187.130076923077,1790663648642,9.82767391204834,5.707085609436035,0.40679436922073364,-0.42000001668930054,-2.6600000858306885,2.1700000762939453,-0.8933827363185001,descending,null
7,left,3187.1396923076923,1790663648642,9.54052448272705,6.307705879211426,0.48576033115386963,-0.42000001668930054,-2.6600000858306885,2.1700000762939453,-0.8773525525867618,descending,null
7,left,3187.1493076923075,1790663648642,9.909032821655273,5.7932305335998535,0.5551546812057495,-0.42000001668930054,-2.6600000858306885,2.1700000762939453,-0.8607642837940137,descending,null
7,right,3291.284,1790663648674,9.564454078674316,5.329006195068359,0.2105759084224701,-0.9800000190734863,-1.4700000286102295,-0.2800000011920929,-1.0868726604466936,descending,null
7,right,3291.2936153846154,1790663648674,9.93056869506836,4.967677116394043,0.13400284945964813,-0.9800000190734863,-1.4700000286102295,-0.2800000011920929,-1.0740450374517296,descending,null
7,right,3291.303230769231,1790663648674,10.332576751708984,5.6951212882995605,0.0502510704100132,-0.9800000190734863,-1.4700000286102295,-0.2800000011920929,-1.054398935915828,descending,null
7,right,3291.3128461538463,1790663648674,9.497451782226562,5.817159652709961,0.059822700917720795,-0.9800000190734863,-1.4700000286102295,-0.2800000011920929,-1.0411534670957223,descending,null
7,right,3291.3224615384615,1790663648674,10.440258026123047,5.015535354614258,-0.01914326474070549,-0.9800000190734863,-1.4700000286102295,-0.2800000011920929,-1.023851507581975,descending,null
7,right,3291.3320769230772,1790663648674,10.758514404296875,5.465402126312256,0.06460852175951004,-0.9800000190734863,-1.4700000286102295,-0.2800000011920929,-1.0017523207221657,descending,null
7,right,3291.3416923076925,1790663648674,11.13898754119873,4.498667240142822,0.07896596938371658,-0.9800000190734863,-1.4700000286102295,-0.2800000011920929,-0.9810310993168359,descending,null
7,right,3291.3513076923077,1790663648674,10.691513061523438,5.132787704467773,0.18903973698616028,-0.9800000190734863,-1.4700000286102295,-0.2800000011920929,-0.9610604446136018,descending,null
7,left,3187.161,1790663648777,10.512044906616211,6.070807933807373,0.619763195514679,-2.0299999713897705,-0.7699999809265137,-1.8899999856948853,-0.8328631115439006,descending,null
7,left,3187.1706153846153,1790663648777,10.813551902770996,7.111722946166992,0.48576033115386963,-2.0299999713897705,-0.7699999809265137,-1.8899999856948853,-0.8024012662332093,descending,null
7,left,3187.180230769231,1790663648777,9.82767391204834,6.042092800140381,0.4331163763999939,-2.0299999713897705,-0.7699999809265137,-1.8899999856948853,-0.785335232096216,descending,null
7,left,3187.1898461538462,1790663648777,9.404129028320312,6.905932903289795,0.30868515372276306,-2.0299999713897705,-0.7699999809265137,-1.8899999856948853,-0.7675732463715393,descending,null
7,left,3187.1994615384615,1790663648777,10.074143409729004,6.295741081237793,0.34936457872390747,-2.0299999713897705,-0.7699999809265137,-1.8899999856948853,-0.7472574792346933,descending,null
7,left,3187.209076923077,1790663648777,10.062178611755371,8.298604965209961,0.27518442273139954,-2.0299999713897705,-0.7699999809265137,-1.8899999856948853,-0.7172120233515529,descending,null
7,left,3187.2186923076924,1790663648777,10.593403816223145,7.154795169830322,0.3445787727832794,-2.0299999713897705,-0.7699999809265137,-1.8899999856948853,-0.6883938239297813,descending,null
7,left,3187.2283076923077,1790663648777,9.475915908813477,7.420407772064209,0.3326142132282257,-2.0299999713897705,-0.7699999809265137,-1.8899999856948853,-0.6674561109979875,descending,null
7,right,3291.359,1790663648779,10.598190307617188,5.836302757263184,0.26561281085014343,-1.3300000429153442,-2.870000123977661,-1.1200000047683716,-0.9430659987338272,descending,null
7,right,3291.368615384615,1790663648779,11.409385681152344,6.831752777099609,0.29911351203918457,-1.3300000429153442,-2.870000123977661,-1.1200000047683716,-0.909103320387756,descending,null
7,right,3291.378230769231,1790663648779,12.211009979248047,5.405579566955566,0.339792937040329,-1.3300000429153442,-2.870000123977661,-1.1200000047683716,-0.8751506593964455,descending,null
7,right,3291.387846153846,1790663648779,12.538838386535645,5.587440490722656,0.19861137866973877,-1.3300000429153442,-2.870000123977661,-1.1200000047683716,-0.8376145219379177,descending,null
7,right,3291.3974615384614,1790663648779,11.079164505004883,4.821709632873535,0.19382555782794952,-1.3300000429153442,-2.870000123977661,-1.1200000047683716,-0.8159121443089661,descending,null
7,right,3291.407076923077,1790663648779,11.016948699951172,5.611369609832764,0.09332341700792313,-1.3300000429153442,-2.870000123977661,-1.1200000047683716,-0.791028227700167,descending,null
7,right,3291.4166923076923,1790663648779,10.626904487609863,5.960733890533447,0.03350071236491203,-1.3300000429153442,-2.870000123977661,-1.1200000047683716,-0.7677952047659139,descending,null
7,right,3291.4263076923075,1790663648779,11.454851150512695,5.242861747741699,0.011964540928602219,-1.3300000429153442,-2.870000123977661,-1.1200000047683716,-0.7409780715858637,descending,null
7,left,3187.24,1790663648807,9.633848190307617,6.176095962524414,0.4953319728374481,-1.75,-1.6800000667572021,0.9100000262260437,-0.6478703289526334,descending,null
7,left,3187.249615384615,1790663648807,10.220110893249512,6.590068817138672,0.5264397859573364,-1.75,-1.6800000667572021,0.9100000262260437,-0.624879564571121,descending,null
7,left,3187.2592307692307,1790663648807,10.133965492248535,6.621176719665527,0.5958341360092163,-1.75,-1.6800000667572021,0.9100000262260437,-0.6024253740747547,descending,null
7,left,3187.268846153846,1790663648807,9.7391357421875,6.937040328979492,0.648478090763092,-1.75,-1.6800000667572021,0.9100000262260437,-0.5816143253418776,descending,null
7,left,3187.278461538461,1790663648807,11.196416854858398,6.64031982421875,0.6748000979423523,-1.75,-1.6800000667572021,0.9100000262260437,-0.5503448786649492,descending,null
7,left,3187.288076923077,1790663648807,10.784836769104004,7.3605852127075195,0.7035149931907654,-1.75,-1.6800000667572021,0.9100000262260437,-0.5188516653899712,descending,null
7,left,3187.297692307692,1790663648807,10.875767707824707,7.3318705558776855,0.7394086122512817,-1.75,-1.6800000667572021,0.9100000262260437,-0.4867621169065047,descending,null
7,left,3187.3073076923074,1790663648807,9.832459449768066,7.166759967803955,0.6748000979423523,-1.75,-1.6800000667572021,0.9100000262260437,-0.46407252754379713,descending,null
7,right,3291.435,1790663648854,10.976269721984863,5.9272332191467285,0.0047858161851763725,-0.9100000262260437,-4.059999942779541,2.380000114440918,-0.7174836252338069,descending,null
7,right,3291.444615384615,1790663648854,11.316061973571777,5.704692840576172,-0.014357448555529118,-0.9100000262260437,-4.059999942779541,2.380000114440918,-0.6896759060426134,descending,null
7,right,3291.454230769231,1790663648854,11.277775764465332,6.4321370124816895,-0.05742979422211647,-0.9100000262260437,-4.059999942779541,2.380000114440918,-0.658830084783962,descending,null
7,right,3291.463846153846,1790663648854,11.25863265991211,5.606583595275879,-0.08853759616613388,-0.9100000262260437,-4.059999942779541,2.380000114440918,-0.6319745897352546,descending,null
7,right,3291.4734615384614,1790663648854,10.392399787902832,4.845638751983643,-0.06221561133861542,-0.9100000262260437,-4.059999942779541,2.380000114440918,-0.6159304846923669,descending,null
7,right,3291.483076923077,1790663648854,10.222503662109375,4.412522315979004,-0.11725249886512756,-0.9100000262260437,-4.059999942779541,2.380000114440918,-0.6032945449279709,descending,null
7,right,3291.4926923076923,1790663648854,9.518988609313965,5.185431957244873,-0.0502510704100132,-0.9100000262260437,-4.059999942779541,2.380000114440918,-0.593074816728942,descending,null
7,right,3291.5023076923076,1790663648854,9.743921279907227,5.979877471923828,-0.02632198855280876,-0.9100000262260437,-4.059999942779541,2.380000114440918,-0.5773094972829951,descending,null
7,left,3187.319,1790663648881,8.691041946411133,6.338813304901123,0.6771929860115051,-2.0999999046325684,-2.380000114440918,-4.690000057220459,-0.4528844110774245,descending,null
7,left,3187.328615384615,1790663648881,9.176802635192871,6.0947370529174805,0.6054057478904724,-2.0999999046325684,-2.380000114440918,-4.690000057220459,-0.440959306737613,descending,null
7,left,3187.338230769231,1790663648881,10.083714485168457,5.345756530761719,0.6077986359596252,-2.0999999046325684,-2.380000114440918,-4.690000057220459,-0.42541378694954973,descending,null
7,left,3187.347846153846,1790663648881,10.33975601196289,6.216775417327881,0.5934411883354187,-2.0999999046325684,-2.380000114440918,-4.690000057220459,-0.4033876887762035,descending,null
7,left,3187.3574615384614,1790663648881,10.019105911254883,6.073200702667236,0.6341206431388855,-2.0999999046325684,-2.380000114440918,-4.690000057220459,-0.38470139702762673,descending,null
7,left,3187.367076923077,1790663648881,9.74870777130127,7.341442108154297,0.5575475692749023,-2.0999999046325684,-2.380000114440918,-4.690000057220459,-0.3618266338291338,descending,null
7,left,3187.3766923076923,1790663648881,10.638869285583496,5.9200544357299805,0.5814766883850098,-2.0999999046325684,-2.380000114440918,-4.690000057220459,-0.3388967018164492,descending,null
7,left,3187.3863076923076,1790663648881,9.861174583435059,6.621176719665527,0.5455830693244934,-2.0999999046325684,-2.380000114440918,-4.690000057220459,-0.3187770358359409,descending,null
7,right,3291.511,1790663648914,9.863567352294922,5.994234561920166,-0.03110780566930771,-1.9600000381469727,-4.269999980926514,-1.4700000286102295,-0.5620821708802732,descending,null
7,right,3291.520615384615,1790663648914,10.210538864135742,5.333792209625244,0.0502510704100132,-1.9600000381469727,-4.269999980926514,-1.4700000286102295,-0.5453700962311762,descending,null
7,right,3291.530230769231,1790663648914,10.61733341217041,5.429508686065674,0.0047858161851763725,-1.9600000381469727,-4.269999980926514,-1.4700000286102295,-0.5247867086271405,descending,null
7,right,3291.539846153846,1790663648914,9.9832124710083,5.857839107513428,0.023929081857204437,-1.9600000381469727,-4.269999980926514,-1.4700000286102295,-0.5075947260303458,descending,null
7,right,3291.5494615384614,1790663648914,10.686727523803711,7.197867393493652,0.06221561133861542,-1.9600000381469727,-4.269999980926514,-1.4700000286102295,-0.4783022973439503,descending,null
7,right,3291.559076923077,1790663648914,9.74870777130127,5.137573719024658,0.06939433515071869,-1.9600000381469727,-4.269999980926514,-1.4700000286102295,-0.46643052705773613,descending,null
7,right,3291.5686923076923,1790663648914,9.885103225708008,6.223953723907471,-0.03350071236491203,-1.9600000381469727,-4.269999980926514,-1.4700000286102295,-0.4483945999457492,descending,null
7,right,3291.5783076923076,1790663648914,9.021263122558594,4.4651665687561035,0.04307234659790993,-1.9600000381469727,-4.269999980926514,-1.4700000286102295,-0.4457705116853177,descending,null
7,left,3187.398,1790663648958,10.954732894897461,4.982034683227539,0.569512128829956,-1.75,-1.3300000429153442,-9.239999771118164,-0.2936050976156397,descending,null
7,left,3187.4076153846154,1790663648958,9.176802635192871,5.058607578277588,0.5384043455123901,-1.75,-1.3300000429153442,-9.239999771118164,-0.2870257383096819,descending,null
7,left,3187.417230769231,1790663648958,9.542917251586914,5.8913397789001465,0.509689450263977,-1.75,-1.3300000429153442,-9.239999771118164,-0.27324579192876924,descending,null
7,left,3187.4268461538463,1790663648958,10.27036190032959,4.929390907287598,0.5742979645729065,-1.75,-1.3300000429153442,-9.239999771118164,-0.2584100298016056,descending,null
7,left,3187.4364615384616,1790663648958,9.796566009521484,5.987056255340576,0.5503688454627991,-1.75,-1.3300000429153442,-9.239999771118164,-0.2420745696546262,descending,null
7,left,3187.4460769230773,1790663648958,9.294054985046387,5.4773664474487305,0.5192610621452332,-1.75,-1.3300000429153442,-9.239999771118164,-0.2324434865451285,descending,null
7,left,3187.4556923076925,1790663648958,10.236861228942871,5.2811479568481445,0.5144752264022827,-1.75,-1.3300000429153442,-9.239999771118164,-0.21613246207870812,descending,null
7,left,3187.4653076923078,1790663648958,9.042799949645996,5.2380757331848145,0.5527617931365967,-1.75,-1.3300000429153442,-9.239999771118164,-0.2097619353345047,descending,null
7,right,3291.588,1790663648989,9.47830867767334,6.073200702667236,0.016750356182456017,-1.1200000047683716,-5.110000133514404,1.9600000381469727,-0.4317610323065364,descending,null
7,right,3291.5976153846154,1790663648989,9.55009651184082,5.900911331176758,0.0502510704100132,-1.1200000047683716,-5.110000133514404,1.9600000381469727,-0.4180543500002394,descending,null
7,right,3291.607230769231,1790663648989,9.743921279907227,5.333792209625244,0.028714897111058235,-1.1200000047683716,-5.110000133514404,1.9600000381469727,-0.4053474253645236,descending,null
7,right,3291.6168461538464,1790663648989,9.507023811340332,5.781265735626221,-0.016750356182456017,-1.1200000047683716,-5.110000133514404,1.9600000381469727,-0.392561922124678,descending,null
7,right,3291.6264615384616,1790663648989,9.234231948852539,5.285933971405029,0.0502510704100132,-1.1200000047683716,-5.110000133514404,1.9600000381469727,-0.38437899726104413,descending,null
7,right,3291.6360769230773,1790663648989,9.332341194152832,5.932019233703613,0.02632198855280876,-1.1200000047683716,-5.110000133514404,1.9600000381469727,-0.3723598982802904,descending,null
7,right,3291.6456923076926,1790663648989,8.95665454864502,6.592461585998535,0.01914326474070549,-1.1200000047683716,-5.110000133514404,1.9600000381469727,-0.36040311365086075,descending,null
7,right,3291.655307692308,1790663648989,9.952104568481445,6.590068817138672,-0.023929081857204437,-1.1200000047683716,-5.110000133514404,1.9600000381469727,-0.3400887147227252,descending,null
7,left,3187.478,1790663649047,10.421114921569824,5.606583595275879,0.5527617931365967,-2.940000057220459,-0.699999988079071,18.059999465942383,-0.1840038791657188,descending,null
7,left,3187.4876153846153,1790663649047,10.866195678710938,5.513260364532471,0.588655412197113,-2.940000057220459,-0.699999988079071,18.059999465942383,-0.16126694881720732,descending,null
7,left,3187.497230769231,1790663649047,10.892518043518066,5.714264392852783,0.6341206431388855,-2.940000057220459,-0.699999988079071,18.059999465942383,-0.13726900727715735,descending,null
7,left,3187.5068461538463,1790663649047,10.033463478088379,5.474973678588867,0.569512128829956,-2.940000057220459,-0.699999988079071,18.059999465942383,-0.12154132871341278,descending,null
7,left,3187.5164615384615,1790663649047,10.004748344421387,5.273969650268555,0.5120823383331299,-2.940000057220459,-0.699999988079071,18.059999465942383,-0.10704135133382588,descending,null
7,left,3187.526076923077,1790663649047,9.049978256225586,5.565904140472412,0.4761887192726135,-2.940000057220459,-0.699999988079071,18.059999465942383,-0.09905003550196802,descending,null
7,left,3187.5356923076924,1790663649047,8.832223892211914,5.075357913970947,0.3445787727832794,-2.940000057220459,-0.699999988079071,18.059999465942383,-0.09529879824765367,descending,null
7,left,3187.5453076923077,1790663649047,8.399106979370117,4.757101058959961,0.3445787727832794,-2.940000057220459,-0.699999988079071,18.059999465942383,-0.09667647453077496,descending,null
7,right,3291.663,1790663649079,10.114822387695312,6.219168186187744,0.016750356182456017,-1.399999976158142,-3.2899999618530273,-6.720000267028809,-0.3241363265365496,descending,null
7,right,3291.6726153846153,1790663649079,10.148323059082031,5.812373638153076,0.009571632370352745,-1.399999976158142,-3.2899999618530273,-6.720000267028809,-0.30583740311339025,descending,null
7,right,3291.682230769231,1790663649079,9.322770118713379,5.40797233581543,0.09571632742881775,-1.399999976158142,-3.2899999618530273,-6.720000267028809,-0.2963688318323799,descending,null
7,right,3291.691846153846,1790663649079,9.169623374938965,5.843481540679932,0.10768086463212967,-1.399999976158142,-3.2899999618530273,-6.720000267028809,-0.2861039855684355,descending,null
7,right,3291.7014615384614,1790663649079,8.927940368652344,5.264397621154785,0.1411815732717514,-1.399999976158142,-3.2899999618530273,-6.720000267028809,-0.28061981270143177,descending,null
7,right,3291.711076923077,1790663649079,8.365606307983398,5.1112518310546875,0.18903973698616028,-1.399999976158142,-3.2899999618530273,-6.720000267028809,-0.2805529176658086,descending,null
7,right,3291.7206923076924,1790663649079,9.21748161315918,5.156716823577881,0.2416837215423584,-1.399999976158142,-3.2899999618530273,-6.720000267028809,-0.27317724662702003,descending,null
7,right,3291.7303076923076,1790663649079,9.928175926208496,5.592226028442383,0.19621846079826355,-1.399999976158142,-3.2899999618530273,-6.720000267028809,-0.2577942621593492,descending,null
7,left,3187.557,1790663649122,9.944926261901855,4.4867024421691895,0.36850783228874207,-2.1700000762939453,-1.2599999904632568,-5.53000020980835,-0.08424651431446585,descending,null
7,left,3187.566615384615,1790663649122,10.007142066955566,5.161502838134766,0.42833054065704346,-2.1700000762939453,-1.2599999904632568,-5.53000020980835,-0.0702618367085092,descending,null
7,left,3187.5762307692307,1790663649122,8.198102951049805,6.561354160308838,0.32543548941612244,-2.1700000762939453,-1.2599999904632568,-5.53000020980835,-0.06469331983748086,descending,null
7,left,3187.585846153846,1790663649122,11.23231029510498,3.6132912635803223,0.5455830693244934,-2.1700000762939453,-1.2599999904632568,-5.53000020980835,-0.04787686291819793,descending,null
7,left,3187.595461538461,1790663649122,9.590775489807129,4.989213466644287,0.540797233581543,-2.1700000762939453,-1.2599999904632568,-5.53000020980835,-0.03816109398770622,descending,null
7,left,3187.605076923077,1790663649122,9.708027839660645,3.8956544399261475,0.46661707758903503,-2.1700000762939453,-1.2599999904632568,-5.53000020980835,-0.03270706815662544,descending,null
7,left,3187.614692307692,1790663649122,7.391693115234375,5.4869384765625,0.43790218234062195,-2.1700000762939453,-1.2599999904632568,-5.53000020980835,-0.03896996413805518,descending,null
7,left,3187.6243076923074,1790663649122,7.5998759269714355,5.032285690307617,0.41875892877578735,-2.1700000762939453,-1.2599999904632568,-5.53000020980835,-0.04566580910694364,descending,null
7,left,3187.636,1790663649197,23.823793411254883,11.036091804504395,0.6077986359596252,-2.6600000858306885,-2.5199999809265137,9.239999771118164,0.14539465230041473,resting,null
7,left,3187.645615384615,1790663649197,77.36750793457031,4.974855899810791,2.9337053298950195,-2.6600000858306885,-2.5199999809265137,9.239999771118164,0.7202962031168207,resting,null
7,left,3187.655230769231,1790663649197,-51.7849235534668,-25.726154327392578,-19.459129333496094,-2.6600000858306885,-2.5199999809265137,9.239999771118164,0.06370312711581705,resting,null
7,left,3187.664846153846,1790663649197,-76.05140686035156,1.9765421152114868,-25.75486946105957,-2.6600000858306885,-2.5199999809265137,9.239999771118164,-0.6657872198211502,resting,null
7,left,3187.6744615384614,1790663649197,-18.42300033569336,-27.248044967651367,19.624238967895508,-2.6600000858306885,-2.5199999809265137,9.239999771118164,-1.0350611334768909,resting,null
7,left,3187.684076923077,1790663649197,-16.96571922302246,11.160523414611816,0.1005021408200264,-2.6600000858306885,-2.5199999809265137,9.239999771118164,-1.2177852191856386,resting,null
7,left,3187.6936923076923,1790663649197,4.958105564117432,14.706812858581543,8.15981674194336,-2.6600000858306885,-2.5199999809265137,9.239999771118164,-1.1974353380640923,resting,null
7,left,3187.7033076923076,1790663649197,17.547195434570312,-0.19861137866973877,-3.0605294704437256,-2.6600000858306885,-2.5199999809265137,9.239999771118164,-1.14631821509995,descending,null
7,right,3291.739,1790663649199,9.183980941772461,6.745607852935791,0.11964540183544159,-1.6100000143051147,-3.5,11.480000495910645,-0.2444722822990848,descending,null
7,right,3291.7486153846153,1790663649199,9.224660873413086,4.982034683227539,0.10768086463212967,-1.6100000143051147,-3.5,11.480000495910645,-0.23788005758533007,descending,null
7,right,3291.758230769231,1790663649199,9.54052448272705,6.164131164550781,0.040679436177015305,-1.6100000143051147,-3.5,11.480000495910645,-0.22300353545196128,descending,null
7,right,3291.767846153846,1790663649199,9.172017097473145,4.271340847015381,0.09332341700792313,-1.6100000143051147,-3.5,11.480000495910645,-0.22022842121248076,descending,null
7,right,3291.7774615384615,1790663649199,8.248353958129883,5.077751159667969,0.0502510704100132,-1.6100000143051147,-3.5,11.480000495910645,-0.22134003236157984,descending,null
7,right,3291.787076923077,1790663649199,7.9994916915893555,5.774087429046631,0.13878867030143738,-1.6100000143051147,-3.5,11.480000495910645,-0.2212258118392677,descending,null
7,right,3291.7966923076924,1790663649199,9.552489280700684,5.312255859375,0.11246667802333832,-1.6100000143051147,-3.5,11.480000495910645,-0.2103250441150462,descending,null
7,right,3291.8063076923077,1790663649199,1.7085363864898682,3.120352268218994,0.8016242384910583,-1.6100000143051147,-3.5,11.480000495910645,-0.27547963575201295,descending,null
7,right,3291.815,1790663649230,-40.30375289916992,21.94536018371582,33.864437103271484,-3.7100000381469727,-0.6299999952316284,1.8200000524520874,-0.5730071812637988,descending,null
7,right,3291.8246153846153,1790663649230,-65.41732025146484,39.521270751953125,-4.848031997680664,-3.7100000381469727,-0.6299999952316284,1.8200000524520874,-1.0292037533730547,descending,null
7,right,3291.834230769231,1790663649230,27.06857681274414,-15.924803733825684,-58.162025451660156,-3.7100000381469727,-0.6299999952316284,1.8200000524520874,-0.9701850680498526,descending,null
7,right,3291.8438461538462,1790663649230,-28.114276885986328,-4.572847366333008,60.3802490234375,-3.7100000381469727,-0.6299999952316284,1.8200000524520874,-1.321823116066698,descending,null
7,right,3291.8534615384615,1790663649230,71.63170623779297,44.93642044067383,-6.269419193267822,-3.7100000381469727,-0.6299999952316284,1.8200000524520874,-0.6036962942933507,descending,null
7,right,3291.863076923077,1790663649230,14.450772285461426,-11.304098129272461,36.319557189941406,-3.7100000381469727,-0.6299999952316284,1.8200000524520874,-0.6297905396847344,descending,null
7,right,3291.8726923076924,1790663649230,-1.2825987339019775,9.667348861694336,-4.862389087677002,-3.7100000381469727,-0.6299999952316284,1.8200000524520874,-0.6889278909756267,descending,null
7,right,3291.8823076923077,1790663649230,9.734350204467773,4.237840175628662,0.6245490312576294,-3.7100000381469727,-0.6299999952316284,1.8200000524520874,-0.6813153007119611,descending,null
7,right,3291.891,1790663649289,2.735093832015991,-6.654677391052246,-1.5410327911376953,-1.8200000524520874,-8.890000343322754,120.33000183105469,-0.772471176972095,descending,null
7,right,3291.9006153846153,1790663649289,15.245217323303223,-1.9597917795181274,0.8279461860656738,-1.8200000524520874,-8.890000343322754,120.33000183105469,-0.7442894065318204,descending,null
7,right,3291.910230769231,1790663649289,8.138280868530273,-3.7975451946258545,-0.2632198929786682,-1.8200000524520874,-8.890000343322754,120.33000183105469,-0.7835017317774254,descending,null
7,right,3291.9198461538463,1790663649289,4.50584602355957,1.5673547983169556,0.3948298394680023,-1.8200000524520874,-8.890000343322754,120.33000183105469,-0.8317451519111144,descending,null
7,right,3291.9294615384615,1790663649289,3.0389933586120605,1.9215052127838135,-0.0047858161851763725,-1.8200000524520874,-8.890000343322754,120.33000183105469,-0.8914588853773924,descending,null
7,right,3291.939076923077,1790663649289,6.666641712188721,6.884396553039551,0.44747382402420044,-1.8200000524520874,-8.890000343322754,120.33000183105469,-0.9009179689143666,descending,null
7,right,3291.9486923076925,1790663649289,27.48015594482422,18.95901107788086,1.837753415107727,-1.8200000524520874,-8.890000343322754,120.33000183105469,-0.6828311653859067,descending,null
7,right,3291.9583076923077,1790663649289,16.98007583618164,-2.5125534534454346,5.108858585357666,-1.8200000524520874,-8.890000343322754,120.33000183105469,-0.6321716078404808,descending,null
7,left,3187.715,1790663649332,18.892009735107422,-11.222739219665527,0.08375178277492523,4.059999942779541,3.1500000953674316,86.87000274658203,-1.1281483729660264,descending,null
7,left,3187.7246153846154,1790663649332,16.69292640686035,4.848031997680664,2.2517266273498535,4.059999942779541,3.1500000953674316,86.87000274658203,-1.0572776346839627,descending,null
7,left,3187.734230769231,1790663649332,5.427115440368652,13.625218391418457,-1.9526129961013794,4.059999942779541,3.1500000953674316,86.87000274658203,-1.0465319113795168,descending,null
7,left,3187.7438461538463,1790663649332,3.7712230682373047,5.367292881011963,0.6269419193267822,4.059999942779541,3.1500000953674316,86.87000274658203,-1.0849896107244692,descending,null
7,left,3187.7534615384616,1790663649332,0.28714898228645325,3.161031484603882,0.4307234585285187,4.059999942779541,3.1500000953674316,86.87000274658203,-1.1632302035424653,descending,null
7,left,3187.7630769230773,1790663649332,10.153108596801758,-2.802095413208008,0.035893622785806656,4.059999942779541,3.1500000953674316,86.87000274658203,-1.1788263513555983,descending,null
7,left,3187.7726923076925,1790663649332,0.9093050956726074,0.9882710576057434,0.11485958844423294,4.059999942779541,3.1500000953674316,86.87000274658203,-1.2606988746664576,descending,null
7,left,3187.7823076923078,1790663649332,-1.8329676389694214,19.011653900146484,1.4070299863815308,4.059999942779541,3.1500000953674316,86.87000274658203,-1.3005702653736892,descending,null
7,left,3187.795,1790663649361,10.08610725402832,16.678569793701172,-0.8542681932449341,-7.28000020980835,-0.42000001668930054,-32.47999954223633,-1.224904534245149,descending,null
7,left,3187.8046153846153,1790663649361,0.8470894694328308,-4.520203590393066,-3.0748867988586426,-7.28000020980835,-0.42000001668930054,-32.47999954223633,-1.3293674319362414,descending,null
7,left,3187.814230769231,1790663649361,17.099721908569336,2.782952070236206,1.6917860507965088,-7.28000020980835,-0.42000001668930054,-32.47999954223633,-1.2609785272399294,descending,null
7,left,3187.8238461538463,1790663649361,5.568296909332275,3.7329366207122803,-0.6149773597717285,-7.28000020980835,-0.42000001668930054,-32.47999954223633,-1.2915153765293224,descending,null
7,left,3187.8334615384615,1790663649361,8.935118675231934,3.7281508445739746,-1.7157150506973267,-7.28000020980835,-0.42000001668930054,-32.47999954223633,-1.2929082759635344,descending,null
7,left,3187.843076923077,1790663649361,10.6939058303833,7.597483158111572,1.9023619890213013,-7.28000020980835,-0.42000001668930054,-32.47999954223633,-1.262136918237714,descending,null
7,left,3187.8526923076925,1790663649361,13.017419815063477,-4.5632758140563965,0.8662327527999878,-7.28000020980835,-0.42000001668930054,-32.47999954223633,-1.2600604095298564,descending,null
7,left,3187.8623076923077,1790663649361,9.913818359375,2.577162027359009,0.19621846079826355,-7.28000020980835,-0.42000001668930054,-32.47999954223633,-1.2568417056791026,descending,null
7,right,3291.966,1790663649379,11.804215431213379,7.781737327575684,-0.03350071236491203,12.600000381469727,4.409999847412109,16.729999542236328,-0.6016356735377894,descending,null
7,right,3291.975615384615,1790663649379,5.34814977645874,9.830066680908203,0.6771929860115051,12.600000381469727,4.409999847412109,16.729999542236328,-0.6152890764695435,descending,null
7,right,3291.985230769231,1790663649379,-2.409658432006836,2.754237174987793,-0.1005021408200264,12.600000381469727,4.409999847412109,16.729999542236328,-0.7221422196920194,descending,null
7,right,3291.994846153846,1790663649379,14.568024635314941,1.7563945055007935,-0.34697166085243225,12.600000381469727,4.409999847412109,16.729999542236328,-0.6783965863155643,descending,null
7,right,3292.0044615384613,1790663649379,14.065513610839844,4.903068542480469,-1.0289504528045654,12.600000381469727,4.409999847412109,16.729999542236328,-0.6290700851752181,descending,null
7,right,3292.014076923077,1790663649379,16.848464965820312,4.60874080657959,0.7848738431930542,12.600000381469727,4.409999847412109,16.729999542236328,-0.555607290218083,descending,null
7,right,3292.0236923076923,1790663649379,6.278990745544434,2.6728782653808594,0.2010042816400528,12.600000381469727,4.409999847412109,16.729999542236328,-0.5841819432391148,descending,null
7,right,3292.0333076923075,1790663649379,5.908090114593506,4.814530849456787,-0.06221561133861542,12.600000381469727,4.409999847412109,16.729999542236328,-0.6093826814263792,descending,null
7,left,3187.875,1790663649437,5.738193511962891,3.244783401489258,1.3807079792022705,-0.42000001668930054,-6.440000057220459,-17.010000228881836,-1.2964024859609047,descending,null
7,left,3187.8846153846152,1790663649437,9.088264465332031,4.790602207183838,-0.04546525329351425,-0.42000001668930054,-6.440000057220459,-17.010000228881836,-1.2914853797448311,descending,null
7,left,3187.894230769231,1790663649437,11.938218116760254,4.2186970710754395,1.1462029218673706,-0.42000001668930054,-6.440000057220459,-17.010000228881836,-1.2637219029462194,descending,null
7,left,3187.903846153846,1790663649437,11.84968090057373,3.9171905517578125,0.521653950214386,-0.42000001668930054,-6.440000057220459,-17.010000228881836,-1.2382344109541727,descending,null
7,left,3187.9134615384614,1790663649437,8.588147163391113,3.316570520401001,-0.04307234659790993,-0.42000001668930054,-6.440000057220459,-17.010000228881836,-1.2437423020936218,descending,null
7,left,3187.923076923077,1790663649437,8.451751708984375,2.325906753540039,0.014357448555529118,-0.42000001668930054,-6.440000057220459,-17.010000228881836,-1.2545120874071818,descending,null
7,left,3187.9326923076924,1790663649437,8.971012115478516,3.0653152465820312,0.5742979645729065,-0.42000001668930054,-6.440000057220459,-17.010000228881836,-1.2575335770741518,descending,null
7,left,3187.9423076923076,1790663649437,10.69629955291748,4.568061351776123,0.41636601090431213,-0.42000001668930054,-6.440000057220459,-17.010000228881836,-1.239432667070999,descending,null
7,right,3292.043,1790663649469,7.568768501281738,2.5556259155273438,-0.758551836013794,-3.1500000953674316,-5.809999942779541,-9.59000015258789,-0.6266244295744473,descending,null
7,right,3292.0526153846154,1790663649469,12.653697967529297,3.4386088848114014,-0.13878867030143738,-3.1500000953674316,-5.809999942779541,-9.59000015258789,-0.5948517006585443,descending,null
7,right,3292.062230769231,1790663649469,10.035856246948242,1.335242748260498,-0.2943277060985565,-3.1500000953674316,-5.809999942779541,-9.59000015258789,-0.593476555751637,descending,null
7,right,3292.0718461538463,1790663649469,8.454144477844238,2.2947988510131836,-0.2010042816400528,-3.1500000953674316,-5.809999942779541,-9.59000015258789,-0.6034351401688128,descending,null
7,right,3292.0814615384616,1790663649469,7.666877746582031,3.5438969135284424,-0.2823631465435028,-3.1500000953674316,-5.809999942779541,-9.59000015258789,-0.6165515955018221,descending,null
7,right,3292.0910769230773,1790663649469,9.490273475646973,4.237840175628662,-0.3230426013469696,-3.1500000953674316,-5.809999942779541,-9.59000015258789,-0.6108840645824336,descending,null
7,right,3292.1006923076925,1790663649469,10.62451171875,0.26561281085014343,-0.23450499773025513,-3.1500000953674316,-5.809999942779541,-9.59000015258789,-0.6077442507222675,descending,null
7,right,3292.1103076923077,1790663649469,10.763300895690918,1.8042527437210083,0.014357448555529118,-3.1500000953674316,-5.809999942779541,-9.59000015258789,-0.5984360652519789,descending,null
7,left,3187.954,1790663649512,9.552489280700684,6.104308605194092,0.21536172926425934,-3.5,-0.5600000023841858,-2.799999952316284,-1.2217497737076695,descending,null
7,left,3187.9636153846154,1790663649512,7.164366722106934,3.668328046798706,0.5336185097694397,-3.5,-0.5600000023841858,-2.799999952316284,-1.237939566544725,descending,null
7,left,3187.973230769231,1790663649512,8.604897499084473,0.06939433515071869,0.3613291084766388,-3.5,-0.5600000023841858,-2.799999952316284,-1.2567699008573647,descending,null
7,left,3187.9828461538464,1790663649512,8.659934043884277,4.993999004364014,0.7394086122512817,-3.5,-0.5600000023841858,-2.799999952316284,-1.2543826056275371,descending,null
7,left,3187.9924615384616,1790663649512,10.796801567077637,5.419936656951904,0.7896596789360046,-3.5,-0.5600000023841858,-2.799999952316284,-1.231725132151482,descending,null
7,left,3188.0020769230773,1790663649512,9.758278846740723,4.467559337615967,0.39961564540863037,-3.5,-0.5600000023841858,-2.799999952316284,-1.222191160222524,descending,null
7,left,3188.0116923076926,1790663649512,7.657305717468262,3.6850783824920654,0.24407662451267242,-3.5,-0.5600000023841858,-2.799999952316284,-1.2341517642610491,descending,null
7,left,3188.021307692308,1790663649512,8.57618236541748,0.7250511646270752,-0.0909305065870285,-3.5,-0.5600000023841858,-2.799999952316284,-1.2506560486169858,descending,null
7,right,3292.119,1790663649514,8.9590482711792,4.264162063598633,-0.040679436177015305,-1.3300000429153442,-3.5,-10.850000381469727,-0.5976088242570341,descending,null
7,right,3292.1286153846154,1790663649514,8.013849258422852,6.312491416931152,-0.20339718461036682,-1.3300000429153442,-3.5,-10.850000381469727,-0.5984526691618375,descending,null
7,right,3292.138230769231,1790663649514,8.968619346618652,3.1586387157440186,0.09332341700792313,-1.3300000429153442,-3.5,-10.850000381469727,-0.6010646784798324,descending,null
7,right,3292.1478461538463,1790663649514,11.17248821258545,1.8592896461486816,0.13400284945964813,-1.3300000429153442,-3.5,-10.850000381469727,-0.5880626656421442,descending,null
7,right,3292.1574615384616,1790663649514,10.765693664550781,2.0004711151123047,0.0047858161851763725,-1.3300000429153442,-3.5,-10.850000381469727,-0.5782525816016659,descending,null
7,right,3292.1670769230773,1790663649514,9.016477584838867,3.4194657802581787,-0.040679436177015305,-1.3300000429153442,-3.5,-10.850000381469727,-0.5795580654752251,descending,null
7,right,3292.1766923076925,1790663649514,8.030599594116211,3.807116746902466,0,-1.3300000429153442,-3.5,-10.850000381469727,-0.5884476732887115,descending,null
7,right,3292.1863076923078,1790663649514,8.317748069763184,3.1490671634674072,0.3326142132282257,-1.3300000429153442,-3.5,-10.850000381469727,-0.5970019473794419,descending,null
7,right,3292.195,1790663649589,11.028913497924805,0.923662543296814,0.17468228936195374,1.1200000047683716,-3.0799999237060547,0,-0.5893831496352954,descending,null
7,right,3292.2046153846154,1790663649589,10.507259368896484,2.445552110671997,0.16271774470806122,1.1200000047683716,-3.0799999237060547,0,-0.5805295838055413,descending,null
7,right,3292.214230769231,1790663649589,9.806137084960938,3.261533737182617,0.1507532149553299,1.1200000047683716,-3.0799999237060547,0,-0.5752684325647862,descending,null
7,right,3292.2238461538464,1790663649589,7.427586555480957,3.787973403930664,0.11246667802333832,1.1200000047683716,-3.0799999237060547,0,-0.5896797014244212,descending,null
7,right,3292.2334615384616,1790663649589,8.77479362487793,5.003571033477783,0.2727915346622467,1.1200000047683716,-3.0799999237060547,0,-0.5878815686501231,descending,null
7,right,3292.2430769230773,1790663649589,9.82528018951416,2.108151912689209,0.14836029708385468,1.1200000047683716,-3.0799999237060547,0,-0.5863054138166712,descending,null
7,right,3292.2526923076925,1790663649589,10.227289199829102,2.2158329486846924,0.13639576733112335,1.1200000047683716,-3.0799999237060547,0,-0.5807211901255069,descending,null
7,right,3292.262307692308,1790663649589,9.911425590515137,1.837753415107727,0.3302213251590729,1.1200000047683716,-3.0799999237060547,0,-0.5792481132233579,descending,null
7,left,3188.033,1790663649603,9.4950590133667,3.7185792922973633,-0.055036887526512146,-1.3300000429153442,-1.6800000667572021,15.680000305175781,-1.245770343536135,descending,null
7,left,3188.042615384615,1790663649603,11.378277778625488,5.508474349975586,0.5862624645233154,-1.3300000429153442,-1.6800000667572021,15.680000305175781,-1.2178040140632727,descending,null
7,left,3188.052230769231,1790663649603,9.870745658874512,4.321591854095459,-0.12443122267723083,-1.3300000429153442,-1.6800000667572021,15.680000305175781,-1.2080565471669118,descending,null
7,left,3188.061846153846,1790663649603,8.49721622467041,3.476895570755005,-0.19861137866973877,-1.3300000429153442,-1.6800000667572021,15.680000305175781,-1.213707604080847,descending,null
7,left,3188.0714615384613,1790663649603,7.2481184005737305,2.761415958404541,-0.04546525329351425,-1.3300000429153442,-1.6800000667572021,15.680000305175781,-1.233058087647297,descending,null
7,left,3188.081076923077,1790663649603,9.205517768859863,3.3357138633728027,0.27518442273139954,-1.3300000429153442,-1.6800000667572021,15.680000305175781,-1.2328769533415107,descending,null
7,left,3188.0906923076923,1790663649603,9.892282485961914,4.812138080596924,0.25843408703804016,-1.3300000429153442,-1.6800000667572021,15.680000305175781,-1.2208206519000147,descending,null
7,left,3188.1003076923075,1790663649603,10.303862571716309,4.577633380889893,0.23689790070056915,-1.3300000429153442,-1.6800000667572021,15.680000305175781,-1.20610527467262,descending,null
7,right,3292.27,1790663649664,9.425664901733398,3.2136754989624023,0.3445787727832794,-1.6800000667572021,-3.8499999046325684,-8.680000305175781,-0.5779331342369565,descending,null
7,right,3292.279615384615,1790663649664,8.844188690185547,4.422094345092773,0.3709007501602173,-1.6800000667572021,-3.8499999046325684,-8.680000305175781,-0.5774983340514127,descending,null
7,right,3292.289230769231,1790663649664,8.616862297058105,3.371607542037964,0.260826975107193,-1.6800000667572021,-3.8499999046325684,-8.680000305175781,-0.5826012483642534,descending,null
7,right,3292.298846153846,1790663649664,9.46155834197998,2.1871180534362793,0.33740004897117615,-1.6800000667572021,-3.8499999046325684,-8.680000305175781,-0.5840874729346658,descending,null
7,right,3292.3084615384614,1790663649664,10.155502319335938,2.0961875915527344,0.3302213251590729,-1.6800000667572021,-3.8499999046325684,-8.680000305175781,-0.5796257436497128,descending,null
7,right,3292.318076923077,1790663649664,10.19139575958252,3.3476784229278564,0.3326142132282257,-1.6800000667572021,-3.8499999046325684,-8.680000305175781,-0.5706403099722027,descending,null
7,right,3292.3276923076924,1790663649664,8.528324127197266,4.4268798828125,0.25843408703804016,-1.6800000667572021,-3.8499999046325684,-8.680000305175781,-0.5729572440219303,descending,null
7,right,3292.3373076923076,1790663649664,8.401500701904297,3.505610466003418,0.3230426013469696,-1.6800000667572021,-3.8499999046325684,-8.680000305175781,-0.5795360793500937,descending,null
7,left,3188.112,1790663649677,8.456537246704102,3.2232472896575928,-0.06221561133861542,-1.1200000047683716,-1.0499999523162842,-4.480000019073486,-1.2144884719912052,descending,null
7,left,3188.1216153846153,1790663649677,8.451751708984375,3.211282730102539,0.1411815732717514,-1.1200000047683716,-1.0499999523162842,-4.480000019073486,-1.2214039169568678,descending,null
7,left,3188.131230769231,1790663649677,8.743685722351074,3.3548572063446045,0.055036887526512146,-1.1200000047683716,-1.0499999523162842,-4.480000019073486,-1.225210854591297,descending,null
7,left,3188.1408461538463,1790663649677,10.318220138549805,4.053586483001709,0.19861137866973877,-1.1200000047683716,-1.0499999523162842,-4.480000019073486,-1.2124220366996934,descending,null
7,left,3188.1504615384615,1790663649677,9.626668930053711,3.878904104232788,0.1914326548576355,-1.1200000047683716,-1.0499999523162842,-4.480000019073486,-1.2063887607266923,descending,null
7,left,3188.160076923077,1790663649677,8.966226577758789,4.163660049438477,0.17946811020374298,-1.1200000047683716,-1.0499999523162842,-4.480000019073486,-1.2050457232668639,descending,null
7,left,3188.1696923076925,1790663649677,8.408679008483887,2.7949166297912598,0.059822700917720795,-1.1200000047683716,-1.0499999523162842,-4.480000019073486,-1.2139790455646857,descending,null
7,left,3188.1793076923077,1790663649677,9.203125,3.785580635070801,0.10289505124092102,-1.1200000047683716,-1.0499999523162842,-4.480000019073486,-1.2120484837489498,descending,null
7,right,3292.346,1790663649740,8.894439697265625,2.4407663345336914,0.25843408703804016,0.49000000953674316,-3.2200000286102295,0,-0.5847417361707508,descending,null
7,right,3292.3556153846152,1790663649740,10.60776138305664,2.493410348892212,0.28714898228645325,0.49000000953674316,-3.2200000286102295,0,-0.5748978060761952,descending,null
7,right,3292.365230769231,1790663649740,10.375649452209473,3.239997625350952,0.3326142132282257,0.49000000953674316,-3.2200000286102295,0,-0.5646173997111914,descending,null
7,right,3292.374846153846,1790663649740,9.179195404052734,4.075122356414795,0.3206496834754944,0.49000000953674316,-3.2200000286102295,0,-0.56228306845155,descending,null
7,right,3292.3844615384614,1790663649740,7.985134124755859,3.709007501602173,0.29672059416770935,0.49000000953674316,-3.2200000286102295,0,-0.571915627077309,descending,null
7,right,3292.394076923077,1790663649740,9.016477584838867,2.711164951324463,0.25604116916656494,0.49000000953674316,-3.2200000286102295,0,-0.5756448785267342,descending,null
7,right,3292.4036923076924,1790663649740,10.031070709228516,2.3570144176483154,0.284756064414978,0.49000000953674316,-3.2200000286102295,0,-0.5714252713251193,descending,null
7,right,3292.4133076923076,1790663649740,10.5551176071167,2.907383441925049,0.2727915346622467,0.49000000953674316,-3.2200000286102295,0,-0.5606206871230486,descending,null
7,left,3188.191,1790663649752,9.511809349060059,3.886082649230957,0.11246667802333832,-2.0299999713897705,-0.3499999940395355,10.079999923706055,-1.2059123664294709,descending,null
7,left,3188.200615384615,1790663649752,9.770243644714355,3.926762104034424,0.21775463223457336,-2.0299999713897705,-0.3499999940395355,10.079999923706055,-1.1984026980320168,descending,null
7,left,3188.2102307692307,1790663649752,8.904010772705078,3.6348273754119873,0.15553902089595795,-2.0299999713897705,-0.3499999940395355,10.079999923706055,-1.1996544171843544,descending,null
7,left,3188.219846153846,1790663649752,8.930333137512207,3.4242515563964844,0.13400284945964813,-2.0299999713897705,-0.3499999940395355,10.079999923706055,-1.2014665235168904,descending,null
7,left,3188.2294615384612,1790663649752,8.947083473205566,3.4936459064483643,0.059822700917720795,-2.0299999713897705,-0.3499999940395355,10.079999923706055,-1.2028743693441155,descending,null
7,left,3188.239076923077,1790663649752,9.648205757141113,3.8693323135375977,0.13400284945964813,-2.0299999713897705,-0.3499999940395355,10.079999923706055,-1.196648244287317,descending,null
7,left,3188.248692307692,1790663649752,9.396949768066406,3.8477962017059326,0.12203831225633621,-2.0299999713897705,-0.3499999940395355,10.079999923706055,-1.1927309992981807,descending,null
7,left,3188.2583076923074,1790663649752,9.109801292419434,3.625255823135376,0.19861137866973877,-2.0299999713897705,-0.3499999940395355,10.079999923706055,-1.192164666172723,descending,null
7,right,3292.423,1790663649831,9.0284423828125,3.9171905517578125,0.3350071310997009,-0.5600000023841858,-3.5,-1.3300000429153442,-0.5601805008616393,descending,null
7,right,3292.432615384615,1790663649831,8.293819427490234,3.675506830215454,0.2703986167907715,-0.5600000023841858,-3.5,-1.3300000429153442,-0.5671535523211019,descending,null
7,right,3292.4422307692307,1790663649831,8.571396827697754,3.048564910888672,0.2512553632259369,-0.5600000023841858,-3.5,-1.3300000429153442,-0.5737395740370035,descending,null
7,right,3292.451846153846,1790663649831,9.990391731262207,2.5316967964172363,0.26800569891929626,-0.5600000023841858,-3.5,-1.3300000429153442,-0.5692850163639263,descending,null
7,right,3292.461461538461,1790663649831,10.3804349899292,2.72552227973938,0.23929080367088318,-0.5600000023841858,-3.5,-1.3300000429153442,-0.5606510319794844,descending,null
7,right,3292.471076923077,1790663649831,9.31319808959961,3.8597607612609863,0.22014755010604858,-0.5600000023841858,-3.5,-1.3300000429153442,-0.5578272867910222,descending,null
7,right,3292.480692307692,1790663649831,8.494823455810547,3.709007501602173,0.22014755010604858,-0.5600000023841858,-3.5,-1.3300000429153442,-0.5628706260919781,descending,null
7,right,3292.4903076923074,1790663649831,8.580968856811523,3.027028799057007,0.1603248417377472,-0.5600000023841858,-3.5,-1.3300000429153442,-0.5694315514906932,descending,null
7,left,3188.27,1790663649889,8.985369682312012,3.0102784633636475,0.1507532149553299,-0.6299999952316284,-0.9800000190734863,2.309999942779541,-1.19554881743619,descending,null
7,left,3188.279615384615,1790663649889,9.222268104553223,3.5941479206085205,0.1316099464893341,-0.6299999952316284,-0.9800000190734863,2.309999942779541,-1.194100742795374,descending,null
7,left,3188.289230769231,1790663649889,9.329948425292969,3.8262600898742676,0.14836029708385468,-0.6299999952316284,-0.9800000190734863,2.309999942779541,-1.190851193945716,descending,null
7,left,3188.298846153846,1790663649889,9.554882049560547,3.723365068435669,0.1698964685201645,-0.6299999952316284,-0.9800000190734863,2.309999942779541,-1.1859669094992293,descending,null
7,left,3188.3084615384614,1790663649889,9.047585487365723,3.5223608016967773,0.17946811020374298,-0.6299999952316284,-0.9800000190734863,2.309999942779541,-1.1863240986034405,descending,null
7,left,3188.318076923077,1790663649889,9.191160202026367,2.9911351203918457,0.22014755010604858,-0.6299999952316284,-0.9800000190734863,2.309999942779541,-1.1872819240908499,descending,null
7,left,3188.3276923076924,1790663649889,8.997334480285645,3.780794858932495,0.2536482512950897,-0.6299999952316284,-0.9800000190734863,2.309999942779541,-1.187149596482642,descending,null
7,left,3188.3373076923076,1790663649889,9.47113037109375,4.041621685028076,0.260826975107193,-0.6299999952316284,-0.9800000190734863,2.309999942779541,-1.181854679816942,descending,null
7,right,3292.499,1790663649889,9.514202117919922,2.8978116512298584,0.15793193876743317,0.7699999809265137,-3.009999990463257,1.6100000143051147,-0.5681511726023685,descending,null
7,right,3292.508615384615,1790663649889,10.179430961608887,2.6896286010742188,0.16511066257953644,0.7699999809265137,-3.009999990463257,1.6100000143051147,-0.5614237056219249,descending,null
7,right,3292.5182307692307,1790663649889,9.93774700164795,3.156245708465576,0.181861013174057,0.7699999809265137,-3.009999990463257,1.6100000143051147,-0.55531302926458,descending,null
7,right,3292.527846153846,1790663649889,9.009299278259277,3.8454031944274902,0.18425391614437103,0.7699999809265137,-3.009999990463257,1.6100000143051147,-0.5552834525036318,descending,null
7,right,3292.5374615384612,1790663649889,8.726935386657715,3.486467123031616,0.047858163714408875,0.7699999809265137,-3.009999990463257,1.6100000143051147,-0.5589815970865332,descending,null
7,right,3292.547076923077,1790663649889,9.083478927612305,2.718343496322632,-0.14836029708385468,0.7699999809265137,-3.009999990463257,1.6100000143051147,-0.5620064368563557,descending,null
7,right,3292.556692307692,1790663649889,9.447200775146484,2.754237174987793,-0.09810923039913177,0.7699999809265137,-3.009999990463257,1.6100000143051147,-0.5616205613924286,descending,null
7,right,3292.5663076923074,1790663649889,10.019105911254883,2.8858470916748047,0.04546525329351425,0.7699999809265137,-3.009999990463257,1.6100000143051147,-0.5556367359587138,descending,null
7,left,3188.35,1790663649918,9.45438003540039,3.5534684658050537,0.25604116916656494,-1.1200000047683716,-0.14000000059604645,2.0299999713897705,-1.1773685268392597,descending,null
7,left,3188.359615384615,1790663649918,9.38498592376709,3.027028799057007,0.26561281085014343,-1.1200000047683716,-0.14000000059604645,2.0299999713897705,-1.1764482564072127,descending,null
7,left,3188.369230769231,1790663649918,9.157659530639648,3.378786325454712,0.35893622040748596,-1.1200000047683716,-0.14000000059604645,2.0299999713897705,-1.1762915775238805,descending,null
7,left,3188.378846153846,1790663649918,8.961441040039062,3.7066147327423096,0.5575475692749023,-1.1200000047683716,-0.14000000059604645,2.0299999713897705,-1.176689249885279,descending,null
7,left,3188.3884615384613,1790663649918,9.150480270385742,3.9363338947296143,0.5766908526420593,-1.1200000047683716,-0.14000000059604645,2.0299999713897705,-1.1745772450283583,descending,null
7,left,3188.398076923077,1790663649918,9.449594497680664,3.4266443252563477,0.45704543590545654,-1.1200000047683716,-0.14000000059604645,2.0299999713897705,-1.1716135674721655,descending,null
7,left,3188.4076923076923,1790663649918,9.708027839660645,3.0318145751953125,0.5384043455123901,-1.1200000047683716,-0.14000000059604645,2.0299999713897705,-1.1676938989205947,descending,null
7,left,3188.4173076923075,1790663649918,9.346698760986328,3.0964231491088867,0.6054057478904724,-1.1200000047683716,-0.14000000059604645,2.0299999713897705,-1.1667554003728444,descending,null
7,right,3292.574,1790663649980,9.624276161193848,3.211282730102539,-0.03110780566930771,0.42000001668930054,-3.1500000953674316,8.329999923706055,-0.5528386127774749,descending,null
7,right,3292.5836153846153,1790663649980,9.116979598999023,2.900204658508301,-0.15553902089595795,0.42000001668930054,-3.1500000953674316,8.329999923706055,-0.5549206755452805,descending,null
7,right,3292.593230769231,1790663649980,8.60250473022461,4.312020301818848,-0.059822700917720795,0.42000001668930054,-3.1500000953674316,8.329999923706055,-0.5570979639921839,descending,null
7,right,3292.6028461538463,1790663649980,9.468737602233887,2.6896286010742188,-0.03350071236491203,0.42000001668930054,-3.1500000953674316,8.329999923706055,-0.556670452738842,descending,null
7,right,3292.6124615384615,1790663649980,9.547703742980957,3.2017109394073486,-0.09332341700792313,0.42000001668930054,-3.1500000953674316,8.329999923706055,-0.5538743789110688,descending,null
7,right,3292.622076923077,1790663649980,9.727170944213867,3.105994701385498,-0.14596739411354065,0.42000001668930054,-3.1500000953674316,8.329999923706055,-0.5497417008781248,descending,null
7,right,3292.6316923076924,1790663649980,9.351485252380371,3.007885456085205,-0.11485958844423294,0.42000001668930054,-3.1500000953674316,8.329999923706055,-0.5493281186965543,descending,null
7,right,3292.6413076923077,1790663649980,9.253376007080078,2.3857293128967285,-0.09810923039913177,0.42000001668930054,-3.1500000953674316,8.329999923706055,-0.5517248623975561,descending,null
7,left,3188.429,1790663649992,9.088264465332031,3.280677080154419,0.5766908526420593,-1.0499999523162842,-0.9800000190734863,0.07000000029802322,-1.1676489472396603,descending,null
7,left,3188.4386153846153,1790663649992,8.999727249145508,3.450573444366455,0.4761887192726135,-1.0499999523162842,-0.9800000190734863,0.07000000029802322,-1.1686105209545008,descending,null
7,left,3188.448230769231,1790663649992,9.248589515686035,4.271340847015381,0.5862624645233154,-1.0499999523162842,-0.9800000190734863,0.07000000029802322,-1.1644518906323942,descending,null
7,left,3188.4578461538463,1790663649992,9.832459449768066,2.8643109798431396,0.5982270240783691,-1.0499999523162842,-0.9800000190734863,0.07000000029802322,0,resting,null
7,left,3188.4674615384615,1790663649992,9.2725191116333,3.2782840728759766,0.5455830693244934,-1.0499999523162842,-0.9800000190734863,0.07000000029802322,0.0003509367782164477,resting,null
7,left,3188.477076923077,1790663649992,8.968619346618652,3.1921393871307373,0.5120823383331299,-1.0499999523162842,-0.9800000190734863,0.07000000029802322,-0.0023248950632814907,resting,null
7,left,3188.4866923076925,1790663649992,8.523538589477539,4.448416233062744,0.5144752264022827,-1.0499999523162842,-0.9800000190734863,0.07000000029802322,-0.004639618896098225,resting,null
7,left,3188.4963076923077,1790663649992,9.600347518920898,2.9600272178649902,0.5551546812057495,-1.0499999523162842,-0.9800000190734863,0.07000000029802322,-0.0024346054239482145,resting,null
7,left,3188.508,1790663650067,9.607525825500488,3.414679765701294,0.5455830693244934,-0.699999988079071,0.07000000029802322,0.3499999940395355,0.0022333890366740094,resting,null
7,left,3188.517615384615,1790663650067,9.317984580993652,3.2064969539642334,0.5312256217002869,-0.699999988079071,0.07000000029802322,0.3499999940395355,0.002760091569113896,resting,null
7,left,3188.5272307692308,1790663650067,8.810688018798828,3.5103962421417236,0.5192610621452332,-0.699999988079071,0.07000000029802322,0.3499999940395355,-0.0002284122682720255,resting,null
7,left,3188.536846153846,1790663650067,9.006906509399414,3.7401154041290283,0.5025107264518738,-0.699999988079071,0.07000000029802322,0.3499999940395355,-0.0006684932841660096,resting,null
7,left,3188.5464615384612,1790663650067,9.621883392333984,3.3285350799560547,0.521653950214386,-0.699999988079071,0.07000000029802322,0.3499999940395355,0.0030037459131287956,resting,null
7,left,3188.556076923077,1790663650067,9.71520709991455,3.316570520401001,0.521653950214386,-0.699999988079071,0.07000000029802322,0.3499999940395355,0.0074774973665246896,resting,null
7,left,3188.565692307692,1790663650067,9.174409866333008,3.400322437286377,0.46900999546051025,-0.699999988079071,0.07000000029802322,0.3499999940395355,0.00736134959704213,resting,null
7,left,3188.5753076923074,1790663650067,8.772400856018066,3.5750045776367188,0.44268798828125,-0.699999988079071,0.07000000029802322,0.3499999940395355,0.0042224654057404715,resting,null
7,right,3292.65,1790663650084,9.191160202026367,3.2304258346557617,-0.13400284945964813,0.699999988079071,-3.2200000286102295,0.49000000953674316,-0.5520395888319822,descending,null
7,right,3292.6596153846153,1790663650084,9.521381378173828,2.907383441925049,-0.14836029708385468,0.699999988079071,-3.2200000286102295,0.49000000953674316,-0.5503782302873363,descending,null
7,right,3292.669230769231,1790663650084,9.499845504760742,3.6635422706604004,-0.059822700917720795,0.699999988079071,-3.2200000286102295,0.49000000953674316,-0.5465870373600825,descending,null
7,right,3292.6788461538463,1790663650084,9.47830867767334,3.0318145751953125,-0.11485958844423294,0.699999988079071,-3.2200000286102295,0.49000000953674316,-0.5449409640354347,descending,null
7,right,3292.6884615384615,1790663650084,9.255768775939941,2.684842824935913,-0.11725249886512756,0.699999988079071,-3.2200000286102295,0.49000000953674316,-0.5463824268503163,descending,null
7,right,3292.698076923077,1790663650084,9.30601978302002,2.565197467803955,-0.09810923039913177,0.699999988079071,-3.2200000286102295,0.49000000953674316,-0.547724989269097,descending,null
7,right,3292.7076923076925,1790663650084,9.518988609313965,2.8714897632598877,-0.09332341700792313,0.699999988079071,-3.2200000286102295,0.49000000953674316,-0.5461885558110651,descending,null
7,right,3292.7173076923077,1790663650084,9.542917251586914,3.4553592205047607,-0.059822700917720795,0.699999988079071,-3.2200000286102295,0.49000000953674316,0,resting,null
7,left,3188.587,1790663650157,8.966226577758789,3.675506830215454,0.44986671209335327,-1.0499999523162842,-1.0499999523162842,6.300000190734863,0.0029465115319786657,resting,null
7,left,3188.5966153846152,1790663650157,9.767850875854492,3.491252899169922,0.45943835377693176,-1.0499999523162842,-1.0499999523162842,6.300000190734863,0.008469065490940663,resting,null
7,left,3188.606230769231,1790663650157,9.801351547241211,2.6656997203826904,0.36850783228874207,-1.0499999523162842,-1.0499999523162842,6.300000190734863,0.01147815939765115,resting,null
7,left,3188.615846153846,1790663650157,9.356270790100098,3.0461719036102295,0.15314611792564392,-1.0499999523162842,-1.0499999523162842,6.300000190734863,0.011693966912160075,resting,null
7,left,3188.6254615384614,1790663650157,9.167230606079102,3.2232472896575928,0.2129688262939453,-1.0499999523162842,-1.0499999523162842,6.300000190734863,0.010828711831920159,resting,null
7,left,3188.635076923077,1790663650157,9.181588172912598,4.02726411819458,0.27518442273139954,-1.0499999523162842,-1.0499999523162842,6.300000190734863,0.012795933289037201,resting,null
7,left,3188.6446923076924,1790663650157,9.547703742980957,3.374000310897827,0.20818300545215607,-1.0499999523162842,-1.0499999523162842,6.300000190734863,0.015862094179772992,resting,null
7,left,3188.6543076923076,1790663650157,9.148087501525879,3.548682689666748,0.14836029708385468,-1.0499999523162842,-1.0499999523162842,6.300000190734863,0.01588516032426096,resting,null
7,right,3292.726,1790663650174,9.31319808959961,3.606112480163574,-0.047858163714408875,0.14000000059604645,-3.0799999237060547,3.1500000953674316,0.0014706930735918164,resting,null
7,right,3292.7356153846154,1790663650174,9.260554313659668,2.823631525039673,-0.01914326474070549,0.14000000059604645,-3.0799999237060547,3.1500000953674316,0.00022888485799485694,resting,null
7,right,3292.745230769231,1790663650174,9.231839179992676,2.4431591033935547,-0.047858163714408875,0.14000000059604645,-3.0799999237060547,3.1500000953674316,-0.0024112200585475847,resting,null
7,right,3292.7548461538463,1790663650174,9.48788070678711,2.6441633701324463,-0.02632198855280876,0.14000000059604645,-3.0799999237060547,3.1500000953674316,-0.0021012552749961684,resting,null
7,right,3292.7644615384615,1790663650174,9.64581298828125,3.007885456085205,-0.047858163714408875,0.14000000059604645,-3.0799999237060547,3.1500000953674316,0.0007450567428652083,resting,null
7,right,3292.7740769230772,1790663650174,9.523774147033691,2.9552414417266846,0.13400284945964813,0.14000000059604645,-3.0799999237060547,3.1500000953674316,0.0022954844493563685,resting,null
7,right,3292.7836923076925,1790663650174,9.03562068939209,3.926762104034424,0.3110780417919159,0.14000000059604645,-3.0799999237060547,3.1500000953674316,0.0022491059020710896,resting,null
7,right,3292.7933076923077,1790663650174,9.416092872619629,2.6250202655792236,0.17707519233226776,0.14000000059604645,-3.0799999237060547,3.1500000953674316,0.0018348974960483654,resting,null
7,right,3292.801,1790663650204,9.595561027526855,2.8403818607330322,0.14596739411354065,0.9800000190734863,-2.870000123977661,3.5,0.0033328493185985925,resting,null
7,right,3292.810615384615,1790663650204,9.724778175354004,2.5628044605255127,0.18664683401584625,0.9800000190734863,-2.870000123977661,3.5,0.00557518277755944,resting,null
7,right,3292.820230769231,1790663650204,9.265339851379395,3.1107804775238037,0.26800569891929626,0.9800000190734863,-2.870000123977661,3.5,0.0052076946265471715,resting,null
7,right,3292.829846153846,1790663650204,9.394556999206543,2.9983139038085938,0.23929080367088318,0.9800000190734863,-2.870000123977661,3.5,0.00570030718320107,resting,null
7,right,3292.8394615384614,1790663650204,9.317984580993652,2.4694812297821045,0.17468228936195374,0.9800000190734863,-2.870000123977661,3.5,0.003964325195196593,resting,null
7,right,3292.849076923077,1790663650204,9.361056327819824,3.1323165893554688,0.23450499773025513,0.9800000190734863,-2.870000123977661,3.5,0.0045433538737344615,resting,null
7,right,3292.8586923076923,1790663650204,9.423272132873535,3.261533737182617,0.2703986167907715,0.9800000190734863,-2.870000123977661,3.5,0.006066738304492988,resting,null
7,right,3292.8683076923076,1790663650204,9.497451782226562,2.8858470916748047,0.22971917688846588,0.9800000190734863,-2.870000123977661,3.5,0.0071851268100680005,resting,null
7,left,3188.667,1790663650233,9.150480270385742,3.0054924488067627,0.22971917688846588,-0.7699999809265137,-0.8400000333786011,4.480000019073486,0.013618857363523775,resting,null
7,left,3188.676615384615,1790663650233,9.231839179992676,3.7257578372955322,0.24407662451267242,-0.7699999809265137,-0.8400000333786011,4.480000019073486,0.015011891488092845,resting,null
7,left,3188.686230769231,1790663650233,9.497451782226562,3.6659352779388428,0.1722893863916397,-0.7699999809265137,-0.8400000333786011,4.480000019073486,0.018582921055762477,resting,null
7,left,3188.695846153846,1790663650233,9.526166915893555,2.9983139038085938,0.13400284945964813,-0.7699999809265137,-0.8400000333786011,4.480000019073486,0.020208981357775307,resting,null
7,left,3188.7054615384613,1790663650233,9.057157516479492,3.421858549118042,0.1722893863916397,-0.7699999809265137,-0.8400000333786011,4.480000019073486,0.019000624343174517,resting,null
7,left,3188.715076923077,1790663650233,9.10740852355957,3.0724940299987793,0.16271774470806122,-0.7699999809265137,-0.8400000333786011,4.480000019073486,0.01710375140192144,resting,null
7,left,3188.7246923076923,1790663650233,9.370628356933594,3.469716787338257,0.18425391614437103,-0.7699999809265137,-0.8400000333786011,4.480000019073486,0.018888702271566943,resting,null
7,left,3188.7343076923075,1790663650233,9.55727481842041,3.577397584915161,0.1914326548576355,-0.7699999809265137,-0.8400000333786011,4.480000019073486,0.022714101648024145,resting,null
7,left,3188.747,1790663650306,9.459165573120117,3.1586387157440186,0.15314611792564392,-0.7699999809265137,-0.2800000011920929,1.8200000524520874,0.024781362590267544,resting,null
7,left,3188.756615384615,1790663650306,9.088264465332031,3.273498296737671,0.14836029708385468,-0.7699999809265137,-0.2800000011920929,1.8200000524520874,0.023364979940542145,resting,null
7,left,3188.766230769231,1790663650306,9.081086158752441,3.414679765701294,0.1603248417377472,-0.7699999809265137,-0.2800000011920929,1.8200000524520874,0.02234721975554505,resting,null
7,left,3188.775846153846,1790663650306,9.30601978302002,3.4529664516448975,0.19861137866973877,-0.7699999809265137,-0.2800000011920929,1.8200000524520874,0.0234983287865285,resting,null
7,left,3188.7854615384613,1790663650306,9.538131713867188,3.450573444366455,0.1914326548576355,-0.7699999809265137,-0.2800000011920929,1.8200000524520874,0.026737391170873138,resting,null
7,left,3188.795076923077,1790663650306,9.394556999206543,3.139495372772217,0.17707519233226776,-0.7699999809265137,-0.2800000011920929,1.8200000524520874,0.02766401189672253,resting,null
7,left,3188.804692307692,1790663650306,9.155266761779785,3.239997625350952,0.14357449114322662,-0.7699999809265137,-0.2800000011920929,1.8200000524520874,0.026746078905020444,resting,null
7,left,3188.8143076923075,1790663650306,9.162445068359375,3.4338231086730957,0.1507532149553299,-0.7699999809265137,-0.2800000011920929,1.8200000524520874,0.026524057738274185,resting,null
7,right,3292.878,1790663650309,9.38259220123291,3.019850015640259,0.29672059416770935,0.42000001668930054,-3.569999933242798,3.7799999713897705,0.007638867194815778,resting,null
7,right,3292.8876153846154,1790663650309,9.346698760986328,2.6441633701324463,0.2919347882270813,0.42000001668930054,-3.569999933242798,3.7799999713897705,0.006680582922605827,resting,null
7,right,3292.897230769231,1790663650309,9.341913223266602,2.881061315536499,0.24646952748298645,0.42000001668930054,-3.569999933242798,3.7799999713897705,0.006365890310064064,resting,null
7,right,3292.9068461538463,1790663650309,9.55009651184082,3.0030996799468994,0.2632198929786682,0.42000001668930054,-3.569999933242798,3.7799999713897705,0.008312187245575439,resting,null
7,right,3292.9164615384616,1790663650309,9.406521797180176,3.0509579181671143,0.2823631465435028,0.42000001668930054,-3.569999933242798,3.7799999713897705,0.00907845168514016,resting,null
7,right,3292.9260769230773,1790663650309,9.38498592376709,2.938491106033325,0.3038993179798126,0.42000001668930054,-3.569999933242798,3.7799999713897705,0.009326394245744433,resting,null
7,right,3292.9356923076925,1790663650309,9.28926944732666,2.7015931606292725,0.2823631465435028,0.42000001668930054,-3.569999933242798,3.7799999713897705,0.00802444357813597,resting,null
7,right,3292.945307692308,1790663650309,9.425664901733398,2.747058391571045,0.284756064414978,0.42000001668930054,-3.569999933242798,3.7799999713897705,0.008108491101369616,resting,null
7,right,3292.954,1790663650415,9.466344833374023,2.9959208965301514,0.2321120798587799,0.5600000023841858,-3.0799999237060547,4.130000114440918,0.009162007215630277,resting,null
7,right,3292.9636153846154,1790663650415,9.47830867767334,3.077279806137085,0.27997025847435,0.5600000023841858,-3.0799999237060547,4.130000114440918,0.010668002567723765,resting,null
7,right,3292.973230769231,1790663650415,9.322770118713379,2.9911351203918457,0.260826975107193,0.5600000023841858,-3.0799999237060547,4.130000114440918,0.01050305537667522,resting,null
7,right,3292.9828461538464,1790663650415,9.38498592376709,2.6034839153289795,0.3015064299106598,0.5600000023841858,-3.0799999237060547,4.130000114440918,0.009819607484687675,resting,null
7,right,3292.9924615384616,1790663650415,9.456772804260254,2.627413034439087,0.21536172926425934,0.5600000023841858,-3.0799999237060547,4.130000114440918,0.00986902252020541,resting,null
7,right,3293.0020769230773,1790663650415,9.528559684753418,2.938491106033325,0.26561281085014343,0.5600000023841858,-3.0799999237060547,4.130000114440918,0.011449765279320082,resting,null
7,right,3293.0116923076926,1790663650415,9.413700103759766,3.1083877086639404,0.2416837215423584,0.5600000023841858,-3.0799999237060547,4.130000114440918,0.012449244664604663,resting,null
7,right,3293.021307692308,1790663650415,9.451987266540527,2.775773286819458,0.2321120798587799,0.5600000023841858,-3.0799999237060547,4.130000114440918,0.012873500330997307,resting,null
7,right,3293.03,1790663650445,9.440022468566895,2.703986167907715,0.18903973698616028,0.7699999809265137,-3.1500000953674316,5.389999866485596,0.012978589777672434,resting,null
7,right,3293.0396153846154,1790663650445,9.518988609313965,2.591519355773926,0.20579010248184204,0.7699999809265137,-3.1500000953674316,5.389999866485596,0.01351707899473229,resting,null
7,right,3293.049230769231,1790663650445,9.542917251586914,2.7733805179595947,0.15314611792564392,0.7699999809265137,-3.1500000953674316,5.389999866485596,0.014774790065102962,resting,null
7,right,3293.0588461538464,1790663650445,9.547703742980957,3.015064239501953,0.16750356554985046,0.7699999809265137,-3.1500000953674316,5.389999866485596,0.016737665075643997,resting,null
7,right,3293.0684615384616,1790663650445,9.442415237426758,2.888240098953247,0.1411815732717514,0.7699999809265137,-3.1500000953674316,5.389999866485596,0.017382159936167877,resting,null
7,right,3293.0780769230773,1790663650445,9.64581298828125,3.0102784633636475,0.15793193876743317,0.7699999809265137,-3.1500000953674316,5.389999866485596,0.020235937466686935,resting,null
7,right,3293.0876923076926,1790663650445,9.485487937927246,2.620234251022339,-0.03110780566930771,0.7699999809265137,-3.1500000953674316,5.389999866485596,0.02053786275216706,resting,null
7,right,3293.097307692308,1790663650445,9.380199432373047,2.577162027359009,-0.10289505124092102,0.7699999809265137,-3.1500000953674316,5.389999866485596,0.01975450553987099,resting,null
7,left,3188.826,1790663650456,9.337127685546875,3.484074115753174,0.2321120798587799,-0.9800000190734863,-0.699999988079071,3.1500000953674316,0.028394607830833737,resting,null
7,left,3188.8356153846153,1790663650456,9.459165573120117,3.3046059608459473,0.22971917688846588,-0.9800000190734863,-0.699999988079071,3.1500000953674316,0.030451569340011076,resting,null
7,left,3188.845230769231,1790663650456,9.396949768066406,3.0677082538604736,0.23450499773025513,-0.9800000190734863,-0.699999988079071,3.1500000953674316,0.03118449943001838,resting,null
7,left,3188.854846153846,1790663650456,9.282090187072754,3.0796728134155273,0.2416837215423584,-0.9800000190734863,-0.699999988079071,3.1500000953674316,0.03092168178753421,resting,null
7,left,3188.8644615384615,1790663650456,9.164837837219238,3.5534684658050537,0.2536482512950897,-0.9800000190734863,-0.699999988079071,3.1500000953674316,0.0311171659915299,resting,null
7,left,3188.874076923077,1790663650456,9.2725191116333,3.6587564945220947,0.20818300545215607,-0.9800000190734863,-0.699999988079071,3.1500000953674316,0.03262087628724553,resting,null
7,left,3188.8836923076924,1790663650456,9.456772804260254,3.302213191986084,0.26561281085014343,-0.9800000190734863,-0.699999988079071,3.1500000953674316,0.03465655737022913,resting,null
7,left,3188.8933076923076,1790663650456,9.447200775146484,2.9672060012817383,0.2703986167907715,-0.9800000190734863,-0.699999988079071,3.1500000953674316,0.03553991554492822,resting,null
7,left,3188.905,1790663650472,9.396949768066406,3.058136463165283,0.3038993179798126,-0.5600000023841858,-0.6299999952316284,1.1200000047683716,0.03642675056296252,resting,null
7,left,3188.9146153846154,1790663650472,9.21030330657959,3.56782603263855,0.339792937040329,-0.5600000023841858,-0.6299999952316284,1.1200000047683716,0.03708738226397931,resting,null
7,left,3188.924230769231,1790663650472,9.183980941772461,3.6778998374938965,0.5120823383331299,-0.5600000023841858,-0.6299999952316284,1.1200000047683716,0.0379051339491434,resting,null
7,left,3188.9338461538464,1790663650472,9.143301963806152,3.2974274158477783,0.5551546812057495,-0.5600000023841858,-0.6299999952316284,1.1200000047683716,0.037155216107678524,resting,null
7,left,3188.9434615384616,1790663650472,9.394556999206543,2.8643109798431396,0.521653950214386,-0.5600000023841858,-0.6299999952316284,1.1200000047683716,0.03730202602466999,resting,null
7,left,3188.9530769230773,1790663650472,9.554882049560547,3.1586387157440186,0.4546525478363037,-0.5600000023841858,-0.6299999952316284,1.1200000047683716,0.03982338613783198,resting,null
7,left,3188.9626923076926,1790663650472,9.571632385253906,3.5103962421417236,0.540797233581543,-0.5600000023841858,-0.6299999952316284,1.1200000047683716,0.04363450793516429,resting,null
7,left,3188.972307692308,1790663650472,9.143301963806152,4.077515602111816,0.5551546812057495,-0.5600000023841858,-0.6299999952316284,1.1200000047683716,0.04537283417873734,resting,null
7,right,3293.105,1790663650506,9.167230606079102,2.6513421535491943,-0.06460852175951004,0.6299999952316284,-3.569999933242798,7.909999847412109,0.017718326021405727,resting,null
7,right,3293.1146153846153,1790663650506,9.497451782226562,2.8140599727630615,-0.01914326474070549,0.6299999952316284,-3.569999933242798,7.909999847412109,0.018659438289434428,resting,null
7,right,3293.124230769231,1790663650506,9.624276161193848,2.58673357963562,-0.10768086463212967,0.6299999952316284,-3.569999933242798,7.909999847412109,0.020167019571112582,resting,null
7,right,3293.133846153846,1790663650506,9.688884735107422,3.3141777515411377,-0.08135887235403061,0.6299999952316284,-3.569999933242798,7.909999847412109,0.024206675304712967,resting,null
7,right,3293.1434615384615,1790663650506,9.339520454406738,2.514946460723877,-0.0909305065870285,0.6299999952316284,-3.569999933242798,7.909999847412109,0.02289550146693676,resting,null
7,right,3293.153076923077,1790663650506,9.239018440246582,2.7279152870178223,-0.08614469319581985,0.6299999952316284,-3.569999933242798,7.909999847412109,0.021217842500547493,resting,null
7,right,3293.1626923076924,1790663650506,9.380199432373047,2.593912363052368,-0.08614469319581985,0.6299999952316284,-3.569999933242798,7.909999847412109,0.02049466540219663,resting,null
7,right,3293.1723076923076,1790663650506,9.74870777130127,2.91695499420166,-0.12682412564754486,0.6299999952316284,-3.569999933242798,7.909999847412109,0.02402707135311437,resting,null
7,left,3188.984,1790663650547,9.021263122558594,2.8690967559814453,0.46661707758903503,-1.0499999523162842,-0.7699999809265137,-1.8200000524520874,0.04144207809234388,resting,null
7,left,3188.993615384615,1790663650547,9.057157516479492,3.070101022720337,0.5025107264518738,-1.0499999523162842,-0.7699999809265137,-1.8200000524520874,0.03918680281762911,resting,null
7,left,3189.003230769231,1790663650547,9.509416580200195,3.218461275100708,0.5479759573936462,-1.0499999523162842,-0.7699999809265137,-1.8200000524520874,0.041520653582179934,resting,null
7,left,3189.012846153846,1790663650547,9.674527168273926,3.737722396850586,0.5719050168991089,-1.0499999523162842,-0.7699999809265137,-1.8200000524520874,0.04700888452459701,resting,null
7,left,3189.0224615384614,1790663650547,9.30601978302002,3.491252899169922,0.5049036145210266,-1.0499999523162842,-0.7699999809265137,-1.8200000524520874,0.04835360201342167,resting,null
7,left,3189.032076923077,1790663650547,9.009299278259277,3.1993181705474854,0.5790837407112122,-1.0499999523162842,-0.7699999809265137,-1.8200000524520874,0.04610525004917431,resting,null
7,left,3189.0416923076923,1790663650547,9.085871696472168,2.9528486728668213,0.5168681740760803,-1.0499999523162842,-0.7699999809265137,-1.8200000524520874,0.0437456896932053,resting,null
7,left,3189.0513076923075,1790663650547,9.542917251586914,3.338106870651245,0.5144752264022827,-1.0499999523162842,-0.7699999809265137,-1.8200000524520874,0.04675693281259411,resting,null
7,right,3293.181,1790663650580,9.741528511047363,2.464695453643799,-0.10289505124092102,0.6299999952316284,-2.940000057220459,3.1500000953674316,0.026094264016611864,resting,null
7,right,3293.1906153846153,1790663650580,9.538131713867188,2.8547394275665283,-0.06221561133861542,0.6299999952316284,-2.940000057220459,3.1500000953674316,0.027507680278008952,resting,null
7,right,3293.200230769231,1790663650580,9.10740852355957,2.495803117752075,-0.08135887235403061,0.6299999952316284,-2.940000057220459,3.1500000953674316,0.024003780928015753,resting,null
7,right,3293.2098461538462,1790663650580,9.301233291625977,2.971991777420044,-0.11725249886512756,0.6299999952316284,-2.940000057220459,3.1500000953674316,0.02353353371761332,resting,null
7,right,3293.2194615384615,1790663650580,9.708027839660645,2.7518444061279297,-0.009571632370352745,0.6299999952316284,-2.940000057220459,3.1500000953674316,0.02624689628360845,resting,null
7,right,3293.229076923077,1790663650580,9.851602554321289,2.593912363052368,-0.028714897111058235,0.6299999952316284,-2.940000057220459,3.1500000953674316,0.029882769735920172,resting,null
7,right,3293.2386923076924,1790663650580,9.45438003540039,2.5053746700286865,-0.07418014854192734,0.6299999952316284,-2.940000057220459,3.1500000953674316,0.029617288439109615,resting,null
7,right,3293.2483076923077,1790663650580,9.133729934692383,2.692021608352661,-0.009571632370352745,0.6299999952316284,-2.940000057220459,3.1500000953674316,0.026853335567006538,resting,null
7,left,3189.063,1790663650622,9.600347518920898,3.7137932777404785,0.509689450263977,-1.190000057220459,-0.2800000011920929,-1.0499999523162842,0.05251260355432819,resting,null
7,left,3189.0726153846153,1790663650622,9.265339851379395,3.534325361251831,0.5144752264022827,-1.190000057220459,-0.2800000011920929,-1.0499999523162842,0.05364184053435578,resting,null
7,left,3189.082230769231,1790663650622,8.86333179473877,3.3069989681243896,0.47858160734176636,-1.190000057220459,-0.2800000011920929,-1.0499999523162842,0.05039021688472104,resting,null
7,left,3189.0918461538463,1790663650622,9.21987533569336,3.034207344055176,0.4331163763999939,-1.190000057220459,-0.2800000011920929,-1.0499999523162842,0.049466470668928654,resting,null
7,left,3189.1014615384615,1790663650622,9.607525825500488,3.3763933181762695,0.5072965025901794,-1.190000057220459,-0.2800000011920929,-1.0499999523162842,0.053182946236269346,resting,null
7,left,3189.1110769230772,1790663650622,9.47830867767334,3.4529664516448975,0.37568655610084534,-1.190000057220459,-0.2800000011920929,-1.0499999523162842,0.05592285799717678,resting,null
7,left,3189.1206923076925,1790663650622,9.03562068939209,3.436216115951538,0.13400284945964813,-1.190000057220459,-0.2800000011920929,-1.0499999523162842,0.054513018770523704,resting,null
7,left,3189.1303076923077,1790663650622,9.119372367858887,3.196925163269043,0.181861013174057,-1.190000057220459,-0.2800000011920929,-1.0499999523162842,0.05310639187563411,resting,null
7,right,3293.258,1790663650670,9.234231948852539,2.809274196624756,-0.023929081857204437,0.21000000834465027,-3.3600001335144043,5.740000247955322,0.0253128855844123,resting,null
7,right,3293.267615384615,1790663650670,9.605133056640625,2.7853450775146484,-0.047858163714408875,0.21000000834465027,-3.3600001335144043,5.740000247955322,0.0271615901286128,resting,null
7,right,3293.2772307692308,1790663650670,9.743921279907227,2.340264081954956,0.016750356182456017,0.21000000834465027,-3.3600001335144043,5.740000247955322,0.02915128708686008,resting,null
7,right,3293.286846153846,1790663650670,9.40173625946045,2.4120514392852783,0.17707519233226776,0.21000000834465027,-3.3600001335144043,5.740000247955322,0.02814318061867406,resting,null
7,right,3293.2964615384612,1790663650670,9.442415237426758,2.6800570487976074,0.29911351203918457,0.21000000834465027,-3.3600001335144043,5.740000247955322,0.028184427902983686,resting,null
7,right,3293.306076923077,1790663650670,9.585989952087402,2.8978116512298584,0.1603248417377472,0.21000000834465027,-3.3600001335144043,5.740000247955322,0.030119251065394103,resting,null
7,right,3293.315692307692,1790663650670,9.729564666748047,2.692021608352661,0.13878867030143738,0.21000000834465027,-3.3600001335144043,5.740000247955322,0.032866145520544184,resting,null
7,right,3293.3253076923074,1790663650670,9.57402515411377,2.4838385581970215,0.23929080367088318,0.21000000834465027,-3.3600001335144043,5.740000247955322,0.033641573628869964,resting,null
7,left,3189.143,1790663650712,9.413700103759766,3.3189635276794434,0.29911351203918457,-0.9100000262260437,-0.49000000953674316,-3.009999990463257,0.05534435556376579,resting,null
7,left,3189.1526153846153,1790663650712,9.593168258666992,3.54150390625,0.22971917688846588,-0.9100000262260437,-0.49000000953674316,-3.009999990463257,0.05936022117406363,resting,null
7,left,3189.162230769231,1790663650712,9.0978364944458,3.6922571659088135,0.2010042816400528,-0.9100000262260437,-0.49000000953674316,-3.009999990463257,0.059386259749347726,resting,null
7,left,3189.171846153846,1790663650712,8.951869010925293,3.381179094314575,0.2010042816400528,-0.9100000262260437,-0.49000000953674316,-3.009999990463257,0.057080404107521215,resting,null
7,left,3189.1814615384615,1790663650712,9.282090187072754,3.182567834854126,0.2895418703556061,-0.9100000262260437,-0.49000000953674316,-3.009999990463257,0.057135723609078204,resting,null
7,left,3189.191076923077,1790663650712,9.717599868774414,3.1729960441589355,0.20579010248184204,-0.9100000262260437,-0.49000000953674316,-3.009999990463257,0.06107013089941875,resting,null
7,left,3189.2006923076924,1790663650712,9.545310020446777,3.4266443252563477,0.17946811020374298,-0.9100000262260437,-0.49000000953674316,-3.009999990463257,0.06426684442536795,resting,null
7,left,3189.2103076923077,1790663650712,9.004512786865234,3.6228628158569336,0.2727915346622467,-0.9100000262260437,-0.49000000953674316,-3.009999990463257,0.06325310280784494,resting,null
7,right,3293.334,1790663650729,9.377806663513184,2.2373690605163574,0.25843408703804016,0.7699999809265137,-3.2899999618530273,5.53000020980835,0.03214204452630013,resting,null
7,right,3293.343615384615,1790663650729,9.207910537719727,2.5699832439422607,0.14836029708385468,0.7699999809265137,-3.2899999618530273,5.53000020980835,0.02974300864213587,resting,null
7,right,3293.353230769231,1790663650729,9.6697416305542,2.7590229511260986,0.2416837215423584,0.7699999809265137,-3.2899999618530273,5.53000020980835,0.03210053807436403,resting,null
7,right,3293.362846153846,1790663650729,9.82767391204834,2.816452741622925,0.3015064299106598,0.7699999809265137,-3.2899999618530273,5.53000020980835,0.03606565994733488,resting,null
7,right,3293.3724615384613,1790663650729,9.693670272827148,2.4766597747802734,0.26561281085014343,0.7699999809265137,-3.2899999618530273,5.53000020980835,0.03794455122878324,resting,null
7,right,3293.382076923077,1790663650729,9.241411209106445,2.297191858291626,0.22732627391815186,0.7699999809265137,-3.2899999618530273,5.53000020980835,0.03518334895128849,resting,null
7,right,3293.391692307692,1790663650729,9.303627014160156,2.438373327255249,0.284756064414978,0.7699999809265137,-3.2899999618530273,5.53000020980835,0.033349995249974985,resting,null
7,right,3293.4013076923075,1790663650729,9.583597183227539,2.7925238609313965,0.26800569891929626,0.7699999809265137,-3.2899999618530273,5.53000020980835,0.03498821255861768,resting,null
7,left,3189.222,1790663650788,8.820259094238281,3.6013267040252686,0.2129688262939453,-0.9800000190734863,-1.0499999523162842,-2.7300000190734863,0.059903043438198036,resting,null
7,left,3189.2316153846155,1790663650788,9.308412551879883,3.4410018920898438,0.15553902089595795,-0.9800000190734863,-1.0499999523162842,-2.7300000190734863,0.061005480132853465,resting,null
7,left,3189.241230769231,1790663650788,9.703242301940918,3.204103946685791,0.19861137866973877,-0.9800000190734863,-1.0499999523162842,-2.7300000190734863,0.064898137674573,resting,null
7,left,3189.2508461538464,1790663650788,9.528559684753418,3.3261423110961914,0.23929080367088318,-0.9800000190734863,-1.0499999523162842,-2.7300000190734863,0.06763001079864403,resting,null
7,left,3189.2604615384616,1790663650788,8.990156173706055,3.484074115753174,0.15553902089595795,-0.9800000190734863,-1.0499999523162842,-2.7300000190734863,0.06600373253249041,resting,null
7,left,3189.2700769230773,1790663650788,8.889653205871582,3.582183361053467,0.16511066257953644,-0.9800000190734863,-1.0499999523162842,-2.7300000190734863,0.06380590655573706,resting,null
7,left,3189.2796923076926,1790663650788,9.322770118713379,3.519967794418335,0.18664683401584625,-0.9800000190734863,-1.0499999523162842,-2.7300000190734863,0.0653120155300697,resting,null
7,left,3189.289307692308,1790663650788,9.64581298828125,3.381179094314575,0.26800569891929626,-0.9800000190734863,-1.0499999523162842,-2.7300000190734863,0.06928483545209756,resting,null
7,right,3293.409,1790663650804,9.90424633026123,2.809274196624756,0.26561281085014343,0.3499999940395355,-3.009999990463257,4.199999809265137,0.03871664012813549,resting,null
7,right,3293.4186153846154,1790663650804,9.641026496887207,2.4981961250305176,0.28714898228645325,0.3499999940395355,-3.009999990463257,4.199999809265137,0.04016930130089148,resting,null
7,right,3293.428230769231,1790663650804,9.356270790100098,2.2182257175445557,0.2632198929786682,0.3499999940395355,-3.009999990463257,4.199999809265137,0.038295718793744785,resting,null
7,right,3293.4378461538463,1790663650804,9.243803977966309,2.354621648788452,0.2703986167907715,0.3499999940395355,-3.009999990463257,4.199999809265137,0.035710520859748525,resting,null
7,right,3293.4474615384615,1790663650804,9.583597183227539,2.7303080558776855,0.23689790070056915,0.3499999940395355,-3.009999990463257,4.199999809265137,0.03719632130160948,resting,null
7,right,3293.4570769230772,1790663650804,9.763065338134766,2.830810308456421,0.22732627391815186,0.3499999940395355,-3.009999990463257,4.199999809265137,0.04059616042254622,resting,null
7,right,3293.4666923076925,1790663650804,9.736742973327637,2.5556259155273438,0.26561281085014343,0.3499999940395355,-3.009999990463257,4.199999809265137,0.04308490583563877,resting,null
7,right,3293.4763076923077,1790663650804,9.36584186553955,2.220618724822998,0.24407662451267242,0.3499999940395355,-3.009999990463257,4.199999809265137,0.04131551427263317,resting,null
7,left,3189.301,1790663650862,9.447200775146484,3.316570520401001,0.17946811020374298,-0.9800000190734863,-0.3499999940395355,3.430000066757202,0.07165459211664803,resting,null
7,left,3189.310615384615,1790663650862,9.071514129638672,3.364428758621216,0.18903973698616028,-0.9800000190734863,-0.3499999940395355,3.430000066757202,0.07037459387645953,resting,null
7,left,3189.320230769231,1790663650862,9.071514129638672,3.4266443252563477,0.1722893863916397,-0.9800000190734863,-0.3499999940395355,3.430000066757202,0.06929864367928322,resting,null
7,left,3189.329846153846,1790663650862,9.36823558807373,3.4194657802581787,0.24407662451267242,-0.9800000190734863,-0.3499999940395355,3.430000066757202,0.07089067351664904,resting,null
7,left,3189.3394615384614,1790663650862,9.576417922973633,3.374000310897827,0.2536482512950897,-0.9800000190734863,-0.3499999940395355,3.430000066757202,0.07421494223697012,resting,null
7,left,3189.349076923077,1790663650862,9.322770118713379,3.479288339614868,0.23689790070056915,-0.9800000190734863,-0.3499999940395355,3.430000066757202,0.07558964629429774,resting,null
7,left,3189.3586923076923,1790663650862,9.064335823059082,3.4601449966430664,0.22014755010604858,-0.9800000190734863,-0.3499999940395355,3.430000066757202,0.07456593990163755,resting,null
7,left,3189.3683076923076,1790663650862,9.140909194946289,3.342892646789551,0.27997025847435,-0.9800000190734863,-0.3499999940395355,3.430000066757202,0.0738601589516947,resting,null
7,right,3293.485,1790663650879,9.282090187072754,2.275655508041382,0.23450499773025513,0.7699999809265137,-3.430000066757202,4.550000190734863,0.03913358502300046,resting,null
7,right,3293.4946153846154,1790663650879,9.535738945007324,2.634591817855835,0.260826975107193,0.7699999809265137,-3.430000066757202,4.550000190734863,0.039943233307393314,resting,null
7,right,3293.504230769231,1790663650879,9.789386749267578,2.7303080558776855,0.24646952748298645,0.7699999809265137,-3.430000066757202,4.550000190734863,0.04334325001308723,resting,null
7,right,3293.5138461538463,1790663650879,9.734350204467773,2.579555034637451,0.20339718461036682,0.7699999809265137,-3.430000066757202,4.550000190734863,0.0458660753179118,resting,null
7,right,3293.5234615384616,1790663650879,9.428057670593262,2.3139421939849854,0.1316099464893341,0.7699999809265137,-3.430000066757202,4.550000190734863,0.04489778636286926,resting,null
7,right,3293.5330769230773,1790663650879,9.303627014160156,2.275655508041382,0.1722893863916397,0.7699999809265137,-3.430000066757202,4.550000190734863,0.04268527683026163,resting,null
7,right,3293.5426923076925,1790663650879,9.545310020446777,2.467088222503662,0.2010042816400528,0.7699999809265137,-3.430000066757202,4.550000190734863,0.04317980568940059,resting,null
7,right,3293.5523076923077,1790663650879,9.784601211547852,2.5628044605255127,0.1603248417377472,0.7699999809265137,-3.430000066757202,4.550000190734863,0.04612628880463582,resting,null
7,left,3189.38,1790663650998,9.47113037109375,3.2567479610443115,0.284756064414978,-0.7699999809265137,-0.49000000953674316,2.940000057220459,0.07628765970100244,resting,null
7,left,3189.3896153846154,1790663650998,9.602740287780762,3.273498296737671,0.32782840728759766,-0.7699999809265137,-0.49000000953674316,2.940000057220459,0.07954133873803186,resting,null
7,left,3189.399230769231,1790663650998,9.55009651184082,3.6802926063537598,0.38525819778442383,-0.7699999809265137,-0.49000000953674316,2.940000057220459,0.0836579594045075,resting,null
7,left,3189.4088461538463,1790663650998,8.860939025878906,3.4457876682281494,0.4259376525878906,-0.7699999809265137,-0.49000000953674316,2.940000057220459,0.08079369551533269,resting,null
7,left,3189.4184615384615,1790663650998,8.987762451171875,3.4051082134246826,0.46900999546051025,-0.7699999809265137,-0.49000000953674316,2.940000057220459,0.07895764602878692,resting,null
7,left,3189.4280769230772,1790663650998,9.152873039245605,3.1227450370788574,0.4761887192726135,-0.7699999809265137,-0.49000000953674316,2.940000057220459,0.07769648009926221,resting,null
7,left,3189.4376923076925,1790663650998,9.89706802368164,3.275891065597534,0.5455830693244934,-0.7699999809265137,-0.49000000953674316,2.940000057220459,0.08368673529002117,resting,null
7,left,3189.4473076923077,1790663650998,9.629061698913574,3.4194657802581787,0.46900999546051025,-0.7699999809265137,-0.49000000953674316,2.940000057220459,0.0876956317680429,resting,null
7,left,3189.46,1790663651026,9.332341194152832,3.4027152061462402,0.540797233581543,-0.9100000262260437,-0.7699999809265137,1.6800000667572021,0.08940435610576937,resting,null
7,left,3189.4696153846153,1790663651026,8.703006744384766,3.225640058517456,0.46900999546051025,-0.9100000262260437,-0.7699999809265137,1.6800000667572021,0.08441255534078909,resting,null
7,left,3189.479230769231,1790663651026,9.19355297088623,3.2830698490142822,0.49772489070892334,-0.9100000262260437,-0.7699999809265137,1.6800000667572021,0.0840561352801906,resting,null
7,left,3189.488846153846,1790663651026,9.511809349060059,3.469716787338257,0.509689450263977,-0.9100000262260437,-0.7699999809265137,1.6800000667572021,0.08718785037633948,resting,null
7,left,3189.4984615384615,1790663651026,9.743921279907227,3.639613151550293,0.5431901216506958,-0.9100000262260437,-0.7699999809265137,1.6800000667572021,0.09298154823425274,resting,null
7,left,3189.508076923077,1790663651026,9.0978364944458,3.3548572063446045,0.4761887192726135,-0.9100000262260437,-0.7699999809265137,1.6800000667572021,0.0919852896729123,resting,null
7,left,3189.5176923076924,1790663651026,8.94229793548584,3.139495372772217,0.46661707758903503,-0.9100000262260437,-0.7699999809265137,1.6800000667572021,0.08888183459243894,resting,null
7,left,3189.5273076923077,1790663651026,9.152873039245605,3.0820655822753906,0.49054616689682007,-0.9100000262260437,-0.7699999809265137,1.6800000667572021,0.087510440093634,resting,null
7,right,3293.561,1790663651059,9.880317687988281,2.711164951324463,0.06939433515071869,0.42000001668930054,-3.0799999237060547,1.9600000381469727,0.04990657293443718,resting,null
7,right,3293.5706153846154,1790663651059,9.339520454406738,2.424015998840332,0,0.42000001668930054,-3.0799999237060547,1.9600000381469727,0.04836414346663029,resting,null
7,right,3293.580230769231,1790663651059,9.262947082519531,2.318727970123291,-0.05264397710561752,0.42000001668930054,-3.0799999237060547,1.9600000381469727,0.04585796910529485,resting,null
7,right,3293.5898461538463,1790663651059,9.267732620239258,2.2589051723480225,-0.04546525329351425,0.42000001668930054,-3.0799999237060547,1.9600000381469727,0.04325878185790028,resting,null
7,right,3293.5994615384616,1790663651059,9.865960121154785,2.6226272583007812,-0.059822700917720795,0.42000001668930054,-3.0799999237060547,1.9600000381469727,0.04709349610248981,resting,null
7,right,3293.6090769230773,1790663651059,9.794173240661621,2.4694812297821045,-0.04546525329351425,0.42000001668930054,-3.0799999237060547,1.9600000381469727,0.04989686724297472,resting,null
7,right,3293.6186923076925,1790663651059,9.71520709991455,2.4503378868103027,-0.03828652948141098,0.42000001668930054,-3.0799999237060547,1.9600000381469727,0.05191857891302288,resting,null
7,right,3293.6283076923078,1790663651059,9.105015754699707,2.3163349628448486,-0.09571632742881775,0.42000001668930054,-3.0799999237060547,1.9600000381469727,0.04794033968558206,resting,null
7,right,3293.637,1790663651061,9.356270790100098,2.416837215423584,-0.07418014854192734,0.699999988079071,-3.7100000381469727,3.8499999046325684,0.04667589917061856,resting,null
7,right,3293.6466153846154,1790663651061,9.497451782226562,2.5101606845855713,-0.10289505124092102,0.699999988079071,-3.7100000381469727,3.8499999046325684,0.0468161936750686,resting,null
7,right,3293.656230769231,1790663651061,10.059785842895508,2.5891265869140625,-0.023929081857204437,0.699999988079071,-3.7100000381469727,3.8499999046325684,0.052376529481558166,resting,null
7,right,3293.6658461538464,1790663651061,9.74870777130127,2.268476963043213,-0.04307234659790993,0.699999988079071,-3.7100000381469727,3.8499999046325684,0.054282957221845035,resting,null
7,right,3293.6754615384616,1790663651061,9.497451782226562,2.234976053237915,-0.06939433515071869,0.699999988079071,-3.7100000381469727,3.8499999046325684,0.05377322768220938,resting,null
7,right,3293.6850769230773,1790663651061,9.071514129638672,2.3282995223999023,-0.06460852175951004,0.699999988079071,-3.7100000381469727,3.8499999046325684,0.049508447433772036,resting,null
7,right,3293.6946923076925,1790663651061,9.569239616394043,2.605876922607422,-0.03828652948141098,0.699999988079071,-3.7100000381469727,3.8499999046325684,0.05053382866569097,resting,null
7,right,3293.704307692308,1790663651061,9.772636413574219,2.522125244140625,-0.07178724557161331,0.699999988079071,-3.7100000381469727,3.8499999046325684,0.053261296914762994,resting,null
7,left,3189.539,1790663651102,9.849209785461426,3.3333208560943604,0.5240468978881836,-0.9100000262260437,-0.21000000834465027,2.380000114440918,0.09450830665874385,resting,null
7,left,3189.5486153846155,1790663651102,9.595561027526855,3.4960386753082275,0.47858160734176636,-0.9100000262260437,-0.21000000834465027,2.380000114440918,0.09846814224909367,resting,null
7,left,3189.558230769231,1790663651102,9.222268104553223,3.486467123031616,0.4522596299648285,-0.9100000262260437,-0.21000000834465027,2.380000114440918,0.0990095713763685,resting,null
7,left,3189.5678461538464,1790663651102,8.580968856811523,3.254354953765869,0.4115802049636841,-0.9100000262260437,-0.21000000834465027,2.380000114440918,0.09298789060533626,resting,null
7,left,3189.5774615384616,1790663651102,9.265339851379395,3.2280330657958984,0.31586387753486633,-0.9100000262260437,-0.21000000834465027,2.380000114440918,0.09303147664032142,resting,null
7,left,3189.5870769230773,1790663651102,9.681706428527832,3.3572499752044678,0.3445787727832794,-0.9100000262260437,-0.21000000834465027,2.380000114440918,0.09727132385696925,resting,null
7,left,3189.5966923076926,1790663651102,9.830066680908203,3.4386088848114014,0.32782840728759766,-0.9100000262260437,-0.21000000834465027,2.380000114440918,0.10310807211405286,resting,null
7,left,3189.606307692308,1790663651102,8.927940368652344,3.519967794418335,0.2703986167907715,-0.9100000262260437,-0.21000000834465027,2.380000114440918,0.10101924636382296,resting,null
7,right,3293.713,1790663651151,9.976034164428711,2.4072654247283936,0,0.7699999809265137,-2.870000123977661,6.369999885559082,0.05719147434314432,resting,null
7,right,3293.7226153846154,1790663651151,9.47830867767334,2.0291860103607178,-0.011964540928602219,0.7699999809265137,-2.870000123977661,6.369999885559082,0.056023712819443766,resting,null
7,right,3293.732230769231,1790663651151,9.138516426086426,2.388122320175171,0.014357448555529118,0.7699999809265137,-2.870000123977661,6.369999885559082,0.052513850009710476,resting,null
7,right,3293.7418461538464,1790663651151,9.291662216186523,2.28283429145813,0.07896596938371658,0.7699999809265137,-2.870000123977661,6.369999885559082,0.05018762250546936,resting,null
7,right,3293.7514615384616,1790663651151,9.973641395568848,2.5675904750823975,0.15553902089595795,0.7699999809265137,-2.870000123977661,6.369999885559082,0.0548773384624706,resting,null
7,right,3293.7610769230773,1790663651151,9.959283828735352,2.7877378463745117,0.15314611792564392,0.7699999809265137,-2.870000123977661,6.369999885559082,0.05993811232232262,resting,null
7,right,3293.7706923076926,1790663651151,9.674527168273926,2.065079689025879,0.15793193876743317,0.7699999809265137,-2.870000123977661,6.369999885559082,0.06068589409134992,resting,null
7,right,3293.780307692308,1790663651151,9.344305992126465,1.8999689817428589,0.19861137866973877,0.7699999809265137,-2.870000123977661,6.369999885559082,0.057981579220407774,resting,null
7,left,3189.619,1790663651178,8.805901527404785,3.287855625152588,0.1722893863916397,-0.5600000023841858,-1.1200000047683716,-0.9100000262260437,0.09577829567976101,resting,null
7,left,3189.6286153846154,1790663651178,9.234231948852539,3.2352118492126465,0.2416837215423584,-0.5600000023841858,-1.1200000047683716,-0.9100000262260437,0.09554081915474509,resting,null
7,left,3189.638230769231,1790663651178,9.736742973327637,3.5582542419433594,0.25604116916656494,-0.5600000023841858,-1.1200000047683716,-0.9100000262260437,0.10089878884135636,resting,null
7,left,3189.6478461538463,1790663651178,9.63624095916748,3.4194657802581787,0.2727915346622467,-0.5600000023841858,-1.1200000047683716,-0.9100000262260437,0.1049030429925853,resting,null
7,left,3189.6574615384616,1790663651178,9.133729934692383,3.3046059608459473,0.1914326548576355,-0.5600000023841858,-1.1200000047683716,-0.9100000262260437,0.10396466189655934,resting,null
7,left,3189.6670769230773,1790663651178,8.86333179473877,3.1514599323272705,0.2321120798587799,-0.5600000023841858,-1.1200000047683716,-0.9100000262260437,0.10009889114400429,resting,null
7,left,3189.6766923076925,1790663651178,9.27969741821289,3.342892646789551,0.23450499773025513,-0.5600000023841858,-1.1200000047683716,-0.9100000262260437,0.10062205168679539,resting,null
7,left,3189.6863076923078,1790663651178,9.708027839660645,3.3883578777313232,0.24407662451267242,-0.5600000023841858,-1.1200000047683716,-0.9100000262260437,0.10517004003909214,resting,null
7,right,3293.789,1790663651256,9.239018440246582,2.141652822494507,0.2010042816400528,0.9100000262260437,-3.569999933242798,5.949999809265137,0.0551429366260115,resting,null
7,right,3293.7986153846155,1790663651256,9.679313659667969,2.5412683486938477,0.2225404530763626,0.9100000262260437,-3.569999933242798,5.949999809265137,0.057015070740065885,resting,null
7,right,3293.808230769231,1790663651256,10.136358261108398,2.529303789138794,0.23450499773025513,0.9100000262260437,-3.569999933242798,5.949999809265137,0.06313191320295244,resting,null
7,right,3293.8178461538464,1790663651256,9.940139770507812,2.158403158187866,0.19861137866973877,0.9100000262260437,-3.569999933242798,5.949999809265137,0.06658876872772632,resting,null
7,right,3293.8274615384616,1790663651256,9.234231948852539,2.141652822494507,0.23689790070056915,0.9100000262260437,-3.569999933242798,5.949999809265137,0.06340673622301872,resting,null
7,right,3293.8370769230773,1790663651256,9.183980941772461,2.172760486602783,0.2129688262939453,0.9100000262260437,-3.569999933242798,5.949999809265137,0.05982655480499192,resting,null
7,right,3293.8466923076926,1790663651256,9.648205757141113,2.2732627391815186,0.24407662451267242,0.9100000262260437,-3.569999933242798,5.949999809265137,0.06081370308329312,resting,null
7,right,3293.856307692308,1790663651256,10.10285758972168,2.373764753341675,0.22971917688846588,0.9100000262260437,-3.569999933242798,5.949999809265137,0.06627654740883618,resting,null
7,left,3189.698,1790663651267,9.562060356140137,3.5438969135284424,0.23450499773025513,-0.9100000262260437,-0.2800000011920929,0.42000001668930054,0.10970202850276643,resting,null
7,left,3189.707615384615,1790663651267,9.05237102508545,3.3955366611480713,0.18903973698616028,-0.9100000262260437,-0.2800000011920929,0.42000001668930054,0.10832742565121373,resting,null
7,left,3189.717230769231,1790663651267,8.908797264099121,3.2280330657958984,0.19861137866973877,-0.9100000262260437,-0.2800000011920929,0.42000001668930054,0.10511285043507133,resting,null
7,left,3189.726846153846,1790663651267,9.346698760986328,3.2423903942108154,0.2225404530763626,-0.9100000262260437,-0.2800000011920929,0.42000001668930054,0.10591180821261871,resting,null
7,left,3189.7364615384613,1790663651267,9.6697416305542,3.4170727729797363,0.22493335604667664,-0.9100000262260437,-0.2800000011920929,0.42000001668930054,0.11020002623026727,resting,null
7,left,3189.746076923077,1790663651267,9.514202117919922,3.47210955619812,0.22732627391815186,-0.9100000262260437,-0.2800000011920929,0.42000001668930054,0.11325827794815173,resting,null
7,left,3189.7556923076922,1790663651267,9.090658187866211,3.4242515563964844,0.2129688262939453,-0.9100000262260437,-0.2800000011920929,0.42000001668930054,0.11232894533970596,resting,null
7,left,3189.7653076923075,1790663651267,8.944690704345703,3.2782840728759766,0.20818300545215607,-0.9100000262260437,-0.2800000011920929,0.42000001668930054,0.10960412995158808,resting,null
7,right,3293.865,1790663651269,9.875532150268555,2.4335875511169434,0.24886244535446167,0.6299999952316284,-3.0799999237060547,4.690000057220459,0.06940824116374147,resting,null
7,right,3293.874615384615,1790663651269,9.387378692626953,2.1201164722442627,0.20818300545215607,0.6299999952316284,-3.0799999237060547,4.690000057220459,0.06762041272562028,resting,null
7,right,3293.8842307692307,1790663651269,9.140909194946289,1.9837207794189453,0.23929080367088318,0.6299999952316284,-3.0799999237060547,4.690000057220459,0.06323408555365172,resting,null
7,right,3293.893846153846,1790663651269,9.55009651184082,2.1823322772979736,0.25604116916656494,0.6299999952316284,-3.0799999237060547,4.690000057220459,0.06311226504976464,resting,null
7,right,3293.903461538461,1790663651269,10.002355575561523,2.438373327255249,0.2512553632259369,0.6299999952316284,-3.0799999237060547,4.690000057220459,0.06777768301478357,resting,null
7,right,3293.913076923077,1790663651269,9.978426933288574,2.3139421939849854,0.20579010248184204,0.6299999952316284,-3.0799999237060547,4.690000057220459,0.07194906823226282,resting,null
7,right,3293.922692307692,1790663651269,9.538131713867188,2.0555081367492676,0.21775463223457336,0.6299999952316284,-3.0799999237060547,4.690000057220459,0.07144370131344042,resting,null
7,right,3293.9323076923074,1790663651269,9.21748161315918,2.014828681945801,0.18903973698616028,0.6299999952316284,-3.0799999237060547,4.690000057220459,0.06784695369849507,resting,null
7,left,3189.777,1790663651343,9.341913223266602,3.287855625152588,0.2416837215423584,-0.6299999952316284,-0.5600000023841858,3.009999990463257,0.11070451832091832,resting,null
7,left,3189.7866153846153,1790663651343,9.650598526000977,3.2639267444610596,0.2823631465435028,-0.6299999952316284,-0.5600000023841858,3.009999990463257,0.1143352051410651,resting,null
7,left,3189.796230769231,1790663651343,9.569239616394043,3.3357138633728027,0.2536482512950897,-0.6299999952316284,-0.5600000023841858,3.009999990463257,0.11745508782760977,resting,null
7,left,3189.8058461538462,1790663651343,9.112194061279297,3.3213565349578857,0.2512553632259369,-0.6299999952316284,-0.5600000023841858,3.009999990463257,0.11638903136573248,resting,null
7,left,3189.8154615384615,1790663651343,9.0284423828125,3.259140729904175,0.22971917688846588,-0.6299999952316284,-0.5600000023841858,3.009999990463257,0.11436040103410086,resting,null
7,left,3189.825076923077,1790663651343,9.248589515686035,3.3117847442626953,0.27997025847435,-0.6299999952316284,-0.5600000023841858,3.009999990463257,0.11450675368150269,resting,null
7,left,3189.8346923076924,1790663651343,9.55727481842041,3.342892646789551,0.2703986167907715,-0.6299999952316284,-0.5600000023841858,3.009999990463257,0.11754545062338188,resting,null
7,left,3189.8443076923077,1790663651343,9.57402515411377,3.364428758621216,0.3206496834754944,-0.6299999952316284,-0.5600000023841858,3.009999990463257,0.12081677607092137,resting,null
7,right,3293.941,1790663651345,9.38259220123291,2.2469406127929688,0.2129688262939453,0.7699999809265137,-3.3600001335144043,5.039999961853027,0.06644136790274639,resting,null
7,right,3293.950615384615,1790663651345,9.971247673034668,2.2804415225982666,0.18664683401584625,0.7699999809265137,-3.3600001335144043,5.039999961853027,0.07047592688825507,resting,null
7,right,3293.9602307692307,1790663651345,10.019105911254883,2.184725046157837,0.17468228936195374,0.7699999809265137,-3.3600001335144043,5.039999961853027,0.07475619506451232,resting,null
7,right,3293.969846153846,1790663651345,9.66016960144043,2.1823322772979736,0.1914326548576355,0.7699999809265137,-3.3600001335144043,5.039999961853027,0.07566449995716855,resting,null
7,right,3293.9794615384612,1790663651345,9.308412551879883,1.9885066747665405,0.2010042816400528,0.7699999809265137,-3.3600001335144043,5.039999961853027,0.0728707706954017,resting,null
7,right,3293.989076923077,1790663651345,9.473523139953613,2.0674726963043213,0.19382555782794952,0.7699999809265137,-3.3600001335144043,5.039999961853027,0.07179157559534266,resting,null
7,right,3293.998692307692,1790663651345,10.043035507202148,2.2110471725463867,0.18664683401584625,0.7699999809265137,-3.3600001335144043,5.039999961853027,0.07635431763573582,resting,null
7,right,3294.0083076923074,1790663651345,10.004748344421387,2.292405843734741,0.11485958844423294,0.7699999809265137,-3.3600001335144043,5.039999961853027,0.08071556960103084,resting,null
7,left,3189.856,1790663651417,9.198338508605957,3.261533737182617,0.35654330253601074,-0.699999988079071,-0.6299999952316284,3.7100000381469727,0.1202669146926252,resting,null
7,left,3189.8656153846155,1790663651417,9.054763793945312,3.2280330657958984,0.3326142132282257,-0.699999988079071,-0.6299999952316284,3.7100000381469727,0.11840121941603396,resting,null
7,left,3189.875230769231,1790663651417,9.39934253692627,3.1514599323272705,0.40918728709220886,-0.699999988079071,-0.6299999952316284,3.7100000381469727,0.11943892902199106,resting,null
7,left,3189.8848461538464,1790663651417,9.559667587280273,3.500824451446533,0.41875892877578735,-0.699999988079071,-0.6299999952316284,3.7100000381469727,0.12304441902690431,resting,null
7,left,3189.8944615384617,1790663651417,9.514202117919922,3.484074115753174,0.44029510021209717,-0.699999988079071,-0.6299999952316284,3.7100000381469727,0.12619112782569017,resting,null
7,left,3189.9040769230774,1790663651417,9.148087501525879,3.0653152465820312,0.48815324902534485,-0.699999988079071,-0.6299999952316284,3.7100000381469727,0.12470249220789169,resting,null
7,left,3189.9136923076926,1790663651417,8.999727249145508,3.1012089252471924,0.4737958014011383,-0.699999988079071,-0.6299999952316284,3.7100000381469727,0.12198109162138278,resting,null
7,left,3189.923307692308,1790663651417,9.274911880493164,3.3835721015930176,0.5001177787780762,-0.699999988079071,-0.6299999952316284,3.7100000381469727,0.12266103277700512,resting,null